Step,Agent,X,Y,Goal_X,Goal_Y,Obstacles
0,drone_0,12.213,2.933,13.942,14.674,"7.143965878414324,18.52253351862183,0.8394107337496143;6.637422351629716,5.81892506984119,0.6003018776062884;0.36590554591665037,16.596997027271488,0.20777990884561767;16.70210735212728,10.387662511155286,2.4865164910063826;17.575883932032223,2.721593568127446,1.6479158532570475;1.2973598084027889,12.541582926626493,1.1930564938806265;5.325463640573792,3.699943652690364,0.9547411468291342;2.859297170747846,7.553503878133155,2.1925507706303717;10.533388546054491,10.175620803711702,0.4434834056225819;13.471363977912578,4.924285787991767,1.3272358809753264;3.1989281854844065,17.094804049625413,0.4405086223709195;3.721082089191997,8.881385548157215,0.35484045745388293;6.101545181256263,8.790137986408395,1.2639000034553933;14.737980355806986,8.782652679798053,1.0509056472900933;8.401310070704824,11.991886299150524,1.2062214485731173;17.06132291164363,16.261464942281574,1.3345172871816686;17.339109943706937,6.311506988921403,2.300624148151509;14.590277332334818,8.335859238449064,1.6499407138788138;5.222352165170459,5.2246686833336335,1.2953675730785918;4.241324229439376,12.456110153327092,0.3647650457406896;6.334813280978457,3.731836136358651,2.315285015721719;3.96199220928336,15.075728766947645,0.9109831433466773;13.470667831163155,10.03843225270554,1.3979717289653883;16.36473653509302,8.086891939973933,1.0265631417602112;9.356408901119345,2.787804101659744,0.20891529902825748;2.095021869582651,17.079045109775457,0.6495937887270954"
0,drone_1,11.042,2.870,13.942,14.674,"7.143965878414324,18.52253351862183,0.8394107337496143;6.637422351629716,5.81892506984119,0.6003018776062884;0.36590554591665037,16.596997027271488,0.20777990884561767;16.70210735212728,10.387662511155286,2.4865164910063826;17.575883932032223,2.721593568127446,1.6479158532570475;1.2973598084027889,12.541582926626493,1.1930564938806265;5.325463640573792,3.699943652690364,0.9547411468291342;2.859297170747846,7.553503878133155,2.1925507706303717;10.533388546054491,10.175620803711702,0.4434834056225819;13.471363977912578,4.924285787991767,1.3272358809753264;3.1989281854844065,17.094804049625413,0.4405086223709195;3.721082089191997,8.881385548157215,0.35484045745388293;6.101545181256263,8.790137986408395,1.2639000034553933;14.737980355806986,8.782652679798053,1.0509056472900933;8.401310070704824,11.991886299150524,1.2062214485731173;17.06132291164363,16.261464942281574,1.3345172871816686;17.339109943706937,6.311506988921403,2.300624148151509;14.590277332334818,8.335859238449064,1.6499407138788138;5.222352165170459,5.2246686833336335,1.2953675730785918;4.241324229439376,12.456110153327092,0.3647650457406896;6.334813280978457,3.731836136358651,2.315285015721719;3.96199220928336,15.075728766947645,0.9109831433466773;13.470667831163155,10.03843225270554,1.3979717289653883;16.36473653509302,8.086891939973933,1.0265631417602112;9.356408901119345,2.787804101659744,0.20891529902825748;2.095021869582651,17.079045109775457,0.6495937887270954"
0,drone_2,9.840,2.566,13.942,14.674,"7.143965878414324,18.52253351862183,0.8394107337496143;6.637422351629716,5.81892506984119,0.6003018776062884;0.36590554591665037,16.596997027271488,0.20777990884561767;16.70210735212728,10.387662511155286,2.4865164910063826;17.575883932032223,2.721593568127446,1.6479158532570475;1.2973598084027889,12.541582926626493,1.1930564938806265;5.325463640573792,3.699943652690364,0.9547411468291342;2.859297170747846,7.553503878133155,2.1925507706303717;10.533388546054491,10.175620803711702,0.4434834056225819;13.471363977912578,4.924285787991767,1.3272358809753264;3.1989281854844065,17.094804049625413,0.4405086223709195;3.721082089191997,8.881385548157215,0.35484045745388293;6.101545181256263,8.790137986408395,1.2639000034553933;14.737980355806986,8.782652679798053,1.0509056472900933;8.401310070704824,11.991886299150524,1.2062214485731173;17.06132291164363,16.261464942281574,1.3345172871816686;17.339109943706937,6.311506988921403,2.300624148151509;14.590277332334818,8.335859238449064,1.6499407138788138;5.222352165170459,5.2246686833336335,1.2953675730785918;4.241324229439376,12.456110153327092,0.3647650457406896;6.334813280978457,3.731836136358651,2.315285015721719;3.96199220928336,15.075728766947645,0.9109831433466773;13.470667831163155,10.03843225270554,1.3979717289653883;16.36473653509302,8.086891939973933,1.0265631417602112;9.356408901119345,2.787804101659744,0.20891529902825748;2.095021869582651,17.079045109775457,0.6495937887270954"
0,drone_3,10.309,4.197,13.942,14.674,"7.143965878414324,18.52253351862183,0.8394107337496143;6.637422351629716,5.81892506984119,0.6003018776062884;0.36590554591665037,16.596997027271488,0.20777990884561767;16.70210735212728,10.387662511155286,2.4865164910063826;17.575883932032223,2.721593568127446,1.6479158532570475;1.2973598084027889,12.541582926626493,1.1930564938806265;5.325463640573792,3.699943652690364,0.9547411468291342;2.859297170747846,7.553503878133155,2.1925507706303717;10.533388546054491,10.175620803711702,0.4434834056225819;13.471363977912578,4.924285787991767,1.3272358809753264;3.1989281854844065,17.094804049625413,0.4405086223709195;3.721082089191997,8.881385548157215,0.35484045745388293;6.101545181256263,8.790137986408395,1.2639000034553933;14.737980355806986,8.782652679798053,1.0509056472900933;8.401310070704824,11.991886299150524,1.2062214485731173;17.06132291164363,16.261464942281574,1.3345172871816686;17.339109943706937,6.311506988921403,2.300624148151509;14.590277332334818,8.335859238449064,1.6499407138788138;5.222352165170459,5.2246686833336335,1.2953675730785918;4.241324229439376,12.456110153327092,0.3647650457406896;6.334813280978457,3.731836136358651,2.315285015721719;3.96199220928336,15.075728766947645,0.9109831433466773;13.470667831163155,10.03843225270554,1.3979717289653883;16.36473653509302,8.086891939973933,1.0265631417602112;9.356408901119345,2.787804101659744,0.20891529902825748;2.095021869582651,17.079045109775457,0.6495937887270954"
0,drone_4,9.666,3.979,13.942,14.674,"7.143965878414324,18.52253351862183,0.8394107337496143;6.637422351629716,5.81892506984119,0.6003018776062884;0.36590554591665037,16.596997027271488,0.20777990884561767;16.70210735212728,10.387662511155286,2.4865164910063826;17.575883932032223,2.721593568127446,1.6479158532570475;1.2973598084027889,12.541582926626493,1.1930564938806265;5.325463640573792,3.699943652690364,0.9547411468291342;2.859297170747846,7.553503878133155,2.1925507706303717;10.533388546054491,10.175620803711702,0.4434834056225819;13.471363977912578,4.924285787991767,1.3272358809753264;3.1989281854844065,17.094804049625413,0.4405086223709195;3.721082089191997,8.881385548157215,0.35484045745388293;6.101545181256263,8.790137986408395,1.2639000034553933;14.737980355806986,8.782652679798053,1.0509056472900933;8.401310070704824,11.991886299150524,1.2062214485731173;17.06132291164363,16.261464942281574,1.3345172871816686;17.339109943706937,6.311506988921403,2.300624148151509;14.590277332334818,8.335859238449064,1.6499407138788138;5.222352165170459,5.2246686833336335,1.2953675730785918;4.241324229439376,12.456110153327092,0.3647650457406896;6.334813280978457,3.731836136358651,2.315285015721719;3.96199220928336,15.075728766947645,0.9109831433466773;13.470667831163155,10.03843225270554,1.3979717289653883;16.36473653509302,8.086891939973933,1.0265631417602112;9.356408901119345,2.787804101659744,0.20891529902825748;2.095021869582651,17.079045109775457,0.6495937887270954"
0,drone_5,12.460,3.585,13.942,14.674,"7.143965878414324,18.52253351862183,0.8394107337496143;6.637422351629716,5.81892506984119,0.6003018776062884;0.36590554591665037,16.596997027271488,0.20777990884561767;16.70210735212728,10.387662511155286,2.4865164910063826;17.575883932032223,2.721593568127446,1.6479158532570475;1.2973598084027889,12.541582926626493,1.1930564938806265;5.325463640573792,3.699943652690364,0.9547411468291342;2.859297170747846,7.553503878133155,2.1925507706303717;10.533388546054491,10.175620803711702,0.4434834056225819;13.471363977912578,4.924285787991767,1.3272358809753264;3.1989281854844065,17.094804049625413,0.4405086223709195;3.721082089191997,8.881385548157215,0.35484045745388293;6.101545181256263,8.790137986408395,1.2639000034553933;14.737980355806986,8.782652679798053,1.0509056472900933;8.401310070704824,11.991886299150524,1.2062214485731173;17.06132291164363,16.261464942281574,1.3345172871816686;17.339109943706937,6.311506988921403,2.300624148151509;14.590277332334818,8.335859238449064,1.6499407138788138;5.222352165170459,5.2246686833336335,1.2953675730785918;4.241324229439376,12.456110153327092,0.3647650457406896;6.334813280978457,3.731836136358651,2.315285015721719;3.96199220928336,15.075728766947645,0.9109831433466773;13.470667831163155,10.03843225270554,1.3979717289653883;16.36473653509302,8.086891939973933,1.0265631417602112;9.356408901119345,2.787804101659744,0.20891529902825748;2.095021869582651,17.079045109775457,0.6495937887270954"
0,drone_6,11.102,4.787,13.942,14.674,"7.143965878414324,18.52253351862183,0.8394107337496143;6.637422351629716,5.81892506984119,0.6003018776062884;0.36590554591665037,16.596997027271488,0.20777990884561767;16.70210735212728,10.387662511155286,2.4865164910063826;17.575883932032223,2.721593568127446,1.6479158532570475;1.2973598084027889,12.541582926626493,1.1930564938806265;5.325463640573792,3.699943652690364,0.9547411468291342;2.859297170747846,7.553503878133155,2.1925507706303717;10.533388546054491,10.175620803711702,0.4434834056225819;13.471363977912578,4.924285787991767,1.3272358809753264;3.1989281854844065,17.094804049625413,0.4405086223709195;3.721082089191997,8.881385548157215,0.35484045745388293;6.101545181256263,8.790137986408395,1.2639000034553933;14.737980355806986,8.782652679798053,1.0509056472900933;8.401310070704824,11.991886299150524,1.2062214485731173;17.06132291164363,16.261464942281574,1.3345172871816686;17.339109943706937,6.311506988921403,2.300624148151509;14.590277332334818,8.335859238449064,1.6499407138788138;5.222352165170459,5.2246686833336335,1.2953675730785918;4.241324229439376,12.456110153327092,0.3647650457406896;6.334813280978457,3.731836136358651,2.315285015721719;3.96199220928336,15.075728766947645,0.9109831433466773;13.470667831163155,10.03843225270554,1.3979717289653883;16.36473653509302,8.086891939973933,1.0265631417602112;9.356408901119345,2.787804101659744,0.20891529902825748;2.095021869582651,17.079045109775457,0.6495937887270954"
0,drone_7,10.614,2.430,13.942,14.674,"7.143965878414324,18.52253351862183,0.8394107337496143;6.637422351629716,5.81892506984119,0.6003018776062884;0.36590554591665037,16.596997027271488,0.20777990884561767;16.70210735212728,10.387662511155286,2.4865164910063826;17.575883932032223,2.721593568127446,1.6479158532570475;1.2973598084027889,12.541582926626493,1.1930564938806265;5.325463640573792,3.699943652690364,0.9547411468291342;2.859297170747846,7.553503878133155,2.1925507706303717;10.533388546054491,10.175620803711702,0.4434834056225819;13.471363977912578,4.924285787991767,1.3272358809753264;3.1989281854844065,17.094804049625413,0.4405086223709195;3.721082089191997,8.881385548157215,0.35484045745388293;6.101545181256263,8.790137986408395,1.2639000034553933;14.737980355806986,8.782652679798053,1.0509056472900933;8.401310070704824,11.991886299150524,1.2062214485731173;17.06132291164363,16.261464942281574,1.3345172871816686;17.339109943706937,6.311506988921403,2.300624148151509;14.590277332334818,8.335859238449064,1.6499407138788138;5.222352165170459,5.2246686833336335,1.2953675730785918;4.241324229439376,12.456110153327092,0.3647650457406896;6.334813280978457,3.731836136358651,2.315285015721719;3.96199220928336,15.075728766947645,0.9109831433466773;13.470667831163155,10.03843225270554,1.3979717289653883;16.36473653509302,8.086891939973933,1.0265631417602112;9.356408901119345,2.787804101659744,0.20891529902825748;2.095021869582651,17.079045109775457,0.6495937887270954"
0,drone_8,10.130,3.133,13.942,14.674,"7.143965878414324,18.52253351862183,0.8394107337496143;6.637422351629716,5.81892506984119,0.6003018776062884;0.36590554591665037,16.596997027271488,0.20777990884561767;16.70210735212728,10.387662511155286,2.4865164910063826;17.575883932032223,2.721593568127446,1.6479158532570475;1.2973598084027889,12.541582926626493,1.1930564938806265;5.325463640573792,3.699943652690364,0.9547411468291342;2.859297170747846,7.553503878133155,2.1925507706303717;10.533388546054491,10.175620803711702,0.4434834056225819;13.471363977912578,4.924285787991767,1.3272358809753264;3.1989281854844065,17.094804049625413,0.4405086223709195;3.721082089191997,8.881385548157215,0.35484045745388293;6.101545181256263,8.790137986408395,1.2639000034553933;14.737980355806986,8.782652679798053,1.0509056472900933;8.401310070704824,11.991886299150524,1.2062214485731173;17.06132291164363,16.261464942281574,1.3345172871816686;17.339109943706937,6.311506988921403,2.300624148151509;14.590277332334818,8.335859238449064,1.6499407138788138;5.222352165170459,5.2246686833336335,1.2953675730785918;4.241324229439376,12.456110153327092,0.3647650457406896;6.334813280978457,3.731836136358651,2.315285015721719;3.96199220928336,15.075728766947645,0.9109831433466773;13.470667831163155,10.03843225270554,1.3979717289653883;16.36473653509302,8.086891939973933,1.0265631417602112;9.356408901119345,2.787804101659744,0.20891529902825748;2.095021869582651,17.079045109775457,0.6495937887270954"
0,drone_9,10.453,4.957,13.942,14.674,"7.143965878414324,18.52253351862183,0.8394107337496143;6.637422351629716,5.81892506984119,0.6003018776062884;0.36590554591665037,16.596997027271488,0.20777990884561767;16.70210735212728,10.387662511155286,2.4865164910063826;17.575883932032223,2.721593568127446,1.6479158532570475;1.2973598084027889,12.541582926626493,1.1930564938806265;5.325463640573792,3.699943652690364,0.9547411468291342;2.859297170747846,7.553503878133155,2.1925507706303717;10.533388546054491,10.175620803711702,0.4434834056225819;13.471363977912578,4.924285787991767,1.3272358809753264;3.1989281854844065,17.094804049625413,0.4405086223709195;3.721082089191997,8.881385548157215,0.35484045745388293;6.101545181256263,8.790137986408395,1.2639000034553933;14.737980355806986,8.782652679798053,1.0509056472900933;8.401310070704824,11.991886299150524,1.2062214485731173;17.06132291164363,16.261464942281574,1.3345172871816686;17.339109943706937,6.311506988921403,2.300624148151509;14.590277332334818,8.335859238449064,1.6499407138788138;5.222352165170459,5.2246686833336335,1.2953675730785918;4.241324229439376,12.456110153327092,0.3647650457406896;6.334813280978457,3.731836136358651,2.315285015721719;3.96199220928336,15.075728766947645,0.9109831433466773;13.470667831163155,10.03843225270554,1.3979717289653883;16.36473653509302,8.086891939973933,1.0265631417602112;9.356408901119345,2.787804101659744,0.20891529902825748;2.095021869582651,17.079045109775457,0.6495937887270954"
1,drone_0,12.113,3.033,13.942,14.674,"7.143965878414324,18.52253351862183,0.8394107337496143;6.637422351629716,5.81892506984119,0.6003018776062884;0.36590554591665037,16.596997027271488,0.20777990884561767;16.70210735212728,10.387662511155286,2.4865164910063826;17.575883932032223,2.721593568127446,1.6479158532570475;1.2973598084027889,12.541582926626493,1.1930564938806265;5.325463640573792,3.699943652690364,0.9547411468291342;2.859297170747846,7.553503878133155,2.1925507706303717;10.533388546054491,10.175620803711702,0.4434834056225819;13.471363977912578,4.924285787991767,1.3272358809753264;3.1989281854844065,17.094804049625413,0.4405086223709195;3.721082089191997,8.881385548157215,0.35484045745388293;6.101545181256263,8.790137986408395,1.2639000034553933;14.737980355806986,8.782652679798053,1.0509056472900933;8.401310070704824,11.991886299150524,1.2062214485731173;17.06132291164363,16.261464942281574,1.3345172871816686;17.339109943706937,6.311506988921403,2.300624148151509;14.590277332334818,8.335859238449064,1.6499407138788138;5.222352165170459,5.2246686833336335,1.2953675730785918;4.241324229439376,12.456110153327092,0.3647650457406896;6.334813280978457,3.731836136358651,2.315285015721719;3.96199220928336,15.075728766947645,0.9109831433466773;13.470667831163155,10.03843225270554,1.3979717289653883;16.36473653509302,8.086891939973933,1.0265631417602112;9.356408901119345,2.787804101659744,0.20891529902825748;2.095021869582651,17.079045109775457,0.6495937887270954"
1,drone_1,11.142,2.970,13.942,14.674,"7.143965878414324,18.52253351862183,0.8394107337496143;6.637422351629716,5.81892506984119,0.6003018776062884;0.36590554591665037,16.596997027271488,0.20777990884561767;16.70210735212728,10.387662511155286,2.4865164910063826;17.575883932032223,2.721593568127446,1.6479158532570475;1.2973598084027889,12.541582926626493,1.1930564938806265;5.325463640573792,3.699943652690364,0.9547411468291342;2.859297170747846,7.553503878133155,2.1925507706303717;10.533388546054491,10.175620803711702,0.4434834056225819;13.471363977912578,4.924285787991767,1.3272358809753264;3.1989281854844065,17.094804049625413,0.4405086223709195;3.721082089191997,8.881385548157215,0.35484045745388293;6.101545181256263,8.790137986408395,1.2639000034553933;14.737980355806986,8.782652679798053,1.0509056472900933;8.401310070704824,11.991886299150524,1.2062214485731173;17.06132291164363,16.261464942281574,1.3345172871816686;17.339109943706937,6.311506988921403,2.300624148151509;14.590277332334818,8.335859238449064,1.6499407138788138;5.222352165170459,5.2246686833336335,1.2953675730785918;4.241324229439376,12.456110153327092,0.3647650457406896;6.334813280978457,3.731836136358651,2.315285015721719;3.96199220928336,15.075728766947645,0.9109831433466773;13.470667831163155,10.03843225270554,1.3979717289653883;16.36473653509302,8.086891939973933,1.0265631417602112;9.356408901119345,2.787804101659744,0.20891529902825748;2.095021869582651,17.079045109775457,0.6495937887270954"
1,drone_2,9.940,2.466,13.942,14.674,"7.143965878414324,18.52253351862183,0.8394107337496143;6.637422351629716,5.81892506984119,0.6003018776062884;0.36590554591665037,16.596997027271488,0.20777990884561767;16.70210735212728,10.387662511155286,2.4865164910063826;17.575883932032223,2.721593568127446,1.6479158532570475;1.2973598084027889,12.541582926626493,1.1930564938806265;5.325463640573792,3.699943652690364,0.9547411468291342;2.859297170747846,7.553503878133155,2.1925507706303717;10.533388546054491,10.175620803711702,0.4434834056225819;13.471363977912578,4.924285787991767,1.3272358809753264;3.1989281854844065,17.094804049625413,0.4405086223709195;3.721082089191997,8.881385548157215,0.35484045745388293;6.101545181256263,8.790137986408395,1.2639000034553933;14.737980355806986,8.782652679798053,1.0509056472900933;8.401310070704824,11.991886299150524,1.2062214485731173;17.06132291164363,16.261464942281574,1.3345172871816686;17.339109943706937,6.311506988921403,2.300624148151509;14.590277332334818,8.335859238449064,1.6499407138788138;5.222352165170459,5.2246686833336335,1.2953675730785918;4.241324229439376,12.456110153327092,0.3647650457406896;6.334813280978457,3.731836136358651,2.315285015721719;3.96199220928336,15.075728766947645,0.9109831433466773;13.470667831163155,10.03843225270554,1.3979717289653883;16.36473653509302,8.086891939973933,1.0265631417602112;9.356408901119345,2.787804101659744,0.20891529902825748;2.095021869582651,17.079045109775457,0.6495937887270954"
1,drone_3,10.400,4.287,13.942,14.674,"7.143965878414324,18.52253351862183,0.8394107337496143;6.637422351629716,5.81892506984119,0.6003018776062884;0.36590554591665037,16.596997027271488,0.20777990884561767;16.70210735212728,10.387662511155286,2.4865164910063826;17.575883932032223,2.721593568127446,1.6479158532570475;1.2973598084027889,12.541582926626493,1.1930564938806265;5.325463640573792,3.699943652690364,0.9547411468291342;2.859297170747846,7.553503878133155,2.1925507706303717;10.533388546054491,10.175620803711702,0.4434834056225819;13.471363977912578,4.924285787991767,1.3272358809753264;3.1989281854844065,17.094804049625413,0.4405086223709195;3.721082089191997,8.881385548157215,0.35484045745388293;6.101545181256263,8.790137986408395,1.2639000034553933;14.737980355806986,8.782652679798053,1.0509056472900933;8.401310070704824,11.991886299150524,1.2062214485731173;17.06132291164363,16.261464942281574,1.3345172871816686;17.339109943706937,6.311506988921403,2.300624148151509;14.590277332334818,8.335859238449064,1.6499407138788138;5.222352165170459,5.2246686833336335,1.2953675730785918;4.241324229439376,12.456110153327092,0.3647650457406896;6.334813280978457,3.731836136358651,2.315285015721719;3.96199220928336,15.075728766947645,0.9109831433466773;13.470667831163155,10.03843225270554,1.3979717289653883;16.36473653509302,8.086891939973933,1.0265631417602112;9.356408901119345,2.787804101659744,0.20891529902825748;2.095021869582651,17.079045109775457,0.6495937887270954"
1,drone_4,9.766,4.079,13.942,14.674,"7.143965878414324,18.52253351862183,0.8394107337496143;6.637422351629716,5.81892506984119,0.6003018776062884;0.36590554591665037,16.596997027271488,0.20777990884561767;16.70210735212728,10.387662511155286,2.4865164910063826;17.575883932032223,2.721593568127446,1.6479158532570475;1.2973598084027889,12.541582926626493,1.1930564938806265;5.325463640573792,3.699943652690364,0.9547411468291342;2.859297170747846,7.553503878133155,2.1925507706303717;10.533388546054491,10.175620803711702,0.4434834056225819;13.471363977912578,4.924285787991767,1.3272358809753264;3.1989281854844065,17.094804049625413,0.4405086223709195;3.721082089191997,8.881385548157215,0.35484045745388293;6.101545181256263,8.790137986408395,1.2639000034553933;14.737980355806986,8.782652679798053,1.0509056472900933;8.401310070704824,11.991886299150524,1.2062214485731173;17.06132291164363,16.261464942281574,1.3345172871816686;17.339109943706937,6.311506988921403,2.300624148151509;14.590277332334818,8.335859238449064,1.6499407138788138;5.222352165170459,5.2246686833336335,1.2953675730785918;4.241324229439376,12.456110153327092,0.3647650457406896;6.334813280978457,3.731836136358651,2.315285015721719;3.96199220928336,15.075728766947645,0.9109831433466773;13.470667831163155,10.03843225270554,1.3979717289653883;16.36473653509302,8.086891939973933,1.0265631417602112;9.356408901119345,2.787804101659744,0.20891529902825748;2.095021869582651,17.079045109775457,0.6495937887270954"
1,drone_5,12.360,3.485,13.942,14.674,"7.143965878414324,18.52253351862183,0.8394107337496143;6.637422351629716,5.81892506984119,0.6003018776062884;0.36590554591665037,16.596997027271488,0.20777990884561767;16.70210735212728,10.387662511155286,2.4865164910063826;17.575883932032223,2.721593568127446,1.6479158532570475;1.2973598084027889,12.541582926626493,1.1930564938806265;5.325463640573792,3.699943652690364,0.9547411468291342;2.859297170747846,7.553503878133155,2.1925507706303717;10.533388546054491,10.175620803711702,0.4434834056225819;13.471363977912578,4.924285787991767,1.3272358809753264;3.1989281854844065,17.094804049625413,0.4405086223709195;3.721082089191997,8.881385548157215,0.35484045745388293;6.101545181256263,8.790137986408395,1.2639000034553933;14.737980355806986,8.782652679798053,1.0509056472900933;8.401310070704824,11.991886299150524,1.2062214485731173;17.06132291164363,16.261464942281574,1.3345172871816686;17.339109943706937,6.311506988921403,2.300624148151509;14.590277332334818,8.335859238449064,1.6499407138788138;5.222352165170459,5.2246686833336335,1.2953675730785918;4.241324229439376,12.456110153327092,0.3647650457406896;6.334813280978457,3.731836136358651,2.315285015721719;3.96199220928336,15.075728766947645,0.9109831433466773;13.470667831163155,10.03843225270554,1.3979717289653883;16.36473653509302,8.086891939973933,1.0265631417602112;9.356408901119345,2.787804101659744,0.20891529902825748;2.095021869582651,17.079045109775457,0.6495937887270954"
1,drone_6,11.202,4.887,13.942,14.674,"7.143965878414324,18.52253351862183,0.8394107337496143;6.637422351629716,5.81892506984119,0.6003018776062884;0.36590554591665037,16.596997027271488,0.20777990884561767;16.70210735212728,10.387662511155286,2.4865164910063826;17.575883932032223,2.721593568127446,1.6479158532570475;1.2973598084027889,12.541582926626493,1.1930564938806265;5.325463640573792,3.699943652690364,0.9547411468291342;2.859297170747846,7.553503878133155,2.1925507706303717;10.533388546054491,10.175620803711702,0.4434834056225819;13.471363977912578,4.924285787991767,1.3272358809753264;3.1989281854844065,17.094804049625413,0.4405086223709195;3.721082089191997,8.881385548157215,0.35484045745388293;6.101545181256263,8.790137986408395,1.2639000034553933;14.737980355806986,8.782652679798053,1.0509056472900933;8.401310070704824,11.991886299150524,1.2062214485731173;17.06132291164363,16.261464942281574,1.3345172871816686;17.339109943706937,6.311506988921403,2.300624148151509;14.590277332334818,8.335859238449064,1.6499407138788138;5.222352165170459,5.2246686833336335,1.2953675730785918;4.241324229439376,12.456110153327092,0.3647650457406896;6.334813280978457,3.731836136358651,2.315285015721719;3.96199220928336,15.075728766947645,0.9109831433466773;13.470667831163155,10.03843225270554,1.3979717289653883;16.36473653509302,8.086891939973933,1.0265631417602112;9.356408901119345,2.787804101659744,0.20891529902825748;2.095021869582651,17.079045109775457,0.6495937887270954"
1,drone_7,10.705,2.520,13.942,14.674,"7.143965878414324,18.52253351862183,0.8394107337496143;6.637422351629716,5.81892506984119,0.6003018776062884;0.36590554591665037,16.596997027271488,0.20777990884561767;16.70210735212728,10.387662511155286,2.4865164910063826;17.575883932032223,2.721593568127446,1.6479158532570475;1.2973598084027889,12.541582926626493,1.1930564938806265;5.325463640573792,3.699943652690364,0.9547411468291342;2.859297170747846,7.553503878133155,2.1925507706303717;10.533388546054491,10.175620803711702,0.4434834056225819;13.471363977912578,4.924285787991767,1.3272358809753264;3.1989281854844065,17.094804049625413,0.4405086223709195;3.721082089191997,8.881385548157215,0.35484045745388293;6.101545181256263,8.790137986408395,1.2639000034553933;14.737980355806986,8.782652679798053,1.0509056472900933;8.401310070704824,11.991886299150524,1.2062214485731173;17.06132291164363,16.261464942281574,1.3345172871816686;17.339109943706937,6.311506988921403,2.300624148151509;14.590277332334818,8.335859238449064,1.6499407138788138;5.222352165170459,5.2246686833336335,1.2953675730785918;4.241324229439376,12.456110153327092,0.3647650457406896;6.334813280978457,3.731836136358651,2.315285015721719;3.96199220928336,15.075728766947645,0.9109831433466773;13.470667831163155,10.03843225270554,1.3979717289653883;16.36473653509302,8.086891939973933,1.0265631417602112;9.356408901119345,2.787804101659744,0.20891529902825748;2.095021869582651,17.079045109775457,0.6495937887270954"
1,drone_8,10.230,3.233,13.942,14.674,"7.143965878414324,18.52253351862183,0.8394107337496143;6.637422351629716,5.81892506984119,0.6003018776062884;0.36590554591665037,16.596997027271488,0.20777990884561767;16.70210735212728,10.387662511155286,2.4865164910063826;17.575883932032223,2.721593568127446,1.6479158532570475;1.2973598084027889,12.541582926626493,1.1930564938806265;5.325463640573792,3.699943652690364,0.9547411468291342;2.859297170747846,7.553503878133155,2.1925507706303717;10.533388546054491,10.175620803711702,0.4434834056225819;13.471363977912578,4.924285787991767,1.3272358809753264;3.1989281854844065,17.094804049625413,0.4405086223709195;3.721082089191997,8.881385548157215,0.35484045745388293;6.101545181256263,8.790137986408395,1.2639000034553933;14.737980355806986,8.782652679798053,1.0509056472900933;8.401310070704824,11.991886299150524,1.2062214485731173;17.06132291164363,16.261464942281574,1.3345172871816686;17.339109943706937,6.311506988921403,2.300624148151509;14.590277332334818,8.335859238449064,1.6499407138788138;5.222352165170459,5.2246686833336335,1.2953675730785918;4.241324229439376,12.456110153327092,0.3647650457406896;6.334813280978457,3.731836136358651,2.315285015721719;3.96199220928336,15.075728766947645,0.9109831433466773;13.470667831163155,10.03843225270554,1.3979717289653883;16.36473653509302,8.086891939973933,1.0265631417602112;9.356408901119345,2.787804101659744,0.20891529902825748;2.095021869582651,17.079045109775457,0.6495937887270954"
1,drone_9,10.353,5.057,13.942,14.674,"7.143965878414324,18.52253351862183,0.8394107337496143;6.637422351629716,5.81892506984119,0.6003018776062884;0.36590554591665037,16.596997027271488,0.20777990884561767;16.70210735212728,10.387662511155286,2.4865164910063826;17.575883932032223,2.721593568127446,1.6479158532570475;1.2973598084027889,12.541582926626493,1.1930564938806265;5.325463640573792,3.699943652690364,0.9547411468291342;2.859297170747846,7.553503878133155,2.1925507706303717;10.533388546054491,10.175620803711702,0.4434834056225819;13.471363977912578,4.924285787991767,1.3272358809753264;3.1989281854844065,17.094804049625413,0.4405086223709195;3.721082089191997,8.881385548157215,0.35484045745388293;6.101545181256263,8.790137986408395,1.2639000034553933;14.737980355806986,8.782652679798053,1.0509056472900933;8.401310070704824,11.991886299150524,1.2062214485731173;17.06132291164363,16.261464942281574,1.3345172871816686;17.339109943706937,6.311506988921403,2.300624148151509;14.590277332334818,8.335859238449064,1.6499407138788138;5.222352165170459,5.2246686833336335,1.2953675730785918;4.241324229439376,12.456110153327092,0.3647650457406896;6.334813280978457,3.731836136358651,2.315285015721719;3.96199220928336,15.075728766947645,0.9109831433466773;13.470667831163155,10.03843225270554,1.3979717289653883;16.36473653509302,8.086891939973933,1.0265631417602112;9.356408901119345,2.787804101659744,0.20891529902825748;2.095021869582651,17.079045109775457,0.6495937887270954"
2,drone_0,12.008,3.138,13.942,14.674,"7.143965878414324,18.52253351862183,0.8394107337496143;6.637422351629716,5.81892506984119,0.6003018776062884;0.36590554591665037,16.596997027271488,0.20777990884561767;16.70210735212728,10.387662511155286,2.4865164910063826;17.575883932032223,2.721593568127446,1.6479158532570475;1.2973598084027889,12.541582926626493,1.1930564938806265;5.325463640573792,3.699943652690364,0.9547411468291342;2.859297170747846,7.553503878133155,2.1925507706303717;10.533388546054491,10.175620803711702,0.4434834056225819;13.471363977912578,4.924285787991767,1.3272358809753264;3.1989281854844065,17.094804049625413,0.4405086223709195;3.721082089191997,8.881385548157215,0.35484045745388293;6.101545181256263,8.790137986408395,1.2639000034553933;14.737980355806986,8.782652679798053,1.0509056472900933;8.401310070704824,11.991886299150524,1.2062214485731173;17.06132291164363,16.261464942281574,1.3345172871816686;17.339109943706937,6.311506988921403,2.300624148151509;14.590277332334818,8.335859238449064,1.6499407138788138;5.222352165170459,5.2246686833336335,1.2953675730785918;4.241324229439376,12.456110153327092,0.3647650457406896;6.334813280978457,3.731836136358651,2.315285015721719;3.96199220928336,15.075728766947645,0.9109831433466773;13.470667831163155,10.03843225270554,1.3979717289653883;16.36473653509302,8.086891939973933,1.0265631417602112;9.356408901119345,2.787804101659744,0.20891529902825748;2.095021869582651,17.079045109775457,0.6495937887270954"
2,drone_1,11.232,3.060,13.942,14.674,"7.143965878414324,18.52253351862183,0.8394107337496143;6.637422351629716,5.81892506984119,0.6003018776062884;0.36590554591665037,16.596997027271488,0.20777990884561767;16.70210735212728,10.387662511155286,2.4865164910063826;17.575883932032223,2.721593568127446,1.6479158532570475;1.2973598084027889,12.541582926626493,1.1930564938806265;5.325463640573792,3.699943652690364,0.9547411468291342;2.859297170747846,7.553503878133155,2.1925507706303717;10.533388546054491,10.175620803711702,0.4434834056225819;13.471363977912578,4.924285787991767,1.3272358809753264;3.1989281854844065,17.094804049625413,0.4405086223709195;3.721082089191997,8.881385548157215,0.35484045745388293;6.101545181256263,8.790137986408395,1.2639000034553933;14.737980355806986,8.782652679798053,1.0509056472900933;8.401310070704824,11.991886299150524,1.2062214485731173;17.06132291164363,16.261464942281574,1.3345172871816686;17.339109943706937,6.311506988921403,2.300624148151509;14.590277332334818,8.335859238449064,1.6499407138788138;5.222352165170459,5.2246686833336335,1.2953675730785918;4.241324229439376,12.456110153327092,0.3647650457406896;6.334813280978457,3.731836136358651,2.315285015721719;3.96199220928336,15.075728766947645,0.9109831433466773;13.470667831163155,10.03843225270554,1.3979717289653883;16.36473653509302,8.086891939973933,1.0265631417602112;9.356408901119345,2.787804101659744,0.20891529902825748;2.095021869582651,17.079045109775457,0.6495937887270954"
2,drone_2,10.088,2.466,13.942,14.674,"7.143965878414324,18.52253351862183,0.8394107337496143;6.637422351629716,5.81892506984119,0.6003018776062884;0.36590554591665037,16.596997027271488,0.20777990884561767;16.70210735212728,10.387662511155286,2.4865164910063826;17.575883932032223,2.721593568127446,1.6479158532570475;1.2973598084027889,12.541582926626493,1.1930564938806265;5.325463640573792,3.699943652690364,0.9547411468291342;2.859297170747846,7.553503878133155,2.1925507706303717;10.533388546054491,10.175620803711702,0.4434834056225819;13.471363977912578,4.924285787991767,1.3272358809753264;3.1989281854844065,17.094804049625413,0.4405086223709195;3.721082089191997,8.881385548157215,0.35484045745388293;6.101545181256263,8.790137986408395,1.2639000034553933;14.737980355806986,8.782652679798053,1.0509056472900933;8.401310070704824,11.991886299150524,1.2062214485731173;17.06132291164363,16.261464942281574,1.3345172871816686;17.339109943706937,6.311506988921403,2.300624148151509;14.590277332334818,8.335859238449064,1.6499407138788138;5.222352165170459,5.2246686833336335,1.2953675730785918;4.241324229439376,12.456110153327092,0.3647650457406896;6.334813280978457,3.731836136358651,2.315285015721719;3.96199220928336,15.075728766947645,0.9109831433466773;13.470667831163155,10.03843225270554,1.3979717289653883;16.36473653509302,8.086891939973933,1.0265631417602112;9.356408901119345,2.787804101659744,0.20891529902825748;2.095021869582651,17.079045109775457,0.6495937887270954"
2,drone_3,10.504,4.392,13.942,14.674,"7.143965878414324,18.52253351862183,0.8394107337496143;6.637422351629716,5.81892506984119,0.6003018776062884;0.36590554591665037,16.596997027271488,0.20777990884561767;16.70210735212728,10.387662511155286,2.4865164910063826;17.575883932032223,2.721593568127446,1.6479158532570475;1.2973598084027889,12.541582926626493,1.1930564938806265;5.325463640573792,3.699943652690364,0.9547411468291342;2.859297170747846,7.553503878133155,2.1925507706303717;10.533388546054491,10.175620803711702,0.4434834056225819;13.471363977912578,4.924285787991767,1.3272358809753264;3.1989281854844065,17.094804049625413,0.4405086223709195;3.721082089191997,8.881385548157215,0.35484045745388293;6.101545181256263,8.790137986408395,1.2639000034553933;14.737980355806986,8.782652679798053,1.0509056472900933;8.401310070704824,11.991886299150524,1.2062214485731173;17.06132291164363,16.261464942281574,1.3345172871816686;17.339109943706937,6.311506988921403,2.300624148151509;14.590277332334818,8.335859238449064,1.6499407138788138;5.222352165170459,5.2246686833336335,1.2953675730785918;4.241324229439376,12.456110153327092,0.3647650457406896;6.334813280978457,3.731836136358651,2.315285015721719;3.96199220928336,15.075728766947645,0.9109831433466773;13.470667831163155,10.03843225270554,1.3979717289653883;16.36473653509302,8.086891939973933,1.0265631417602112;9.356408901119345,2.787804101659744,0.20891529902825748;2.095021869582651,17.079045109775457,0.6495937887270954"
2,drone_4,9.766,4.228,13.942,14.674,"7.143965878414324,18.52253351862183,0.8394107337496143;6.637422351629716,5.81892506984119,0.6003018776062884;0.36590554591665037,16.596997027271488,0.20777990884561767;16.70210735212728,10.387662511155286,2.4865164910063826;17.575883932032223,2.721593568127446,1.6479158532570475;1.2973598084027889,12.541582926626493,1.1930564938806265;5.325463640573792,3.699943652690364,0.9547411468291342;2.859297170747846,7.553503878133155,2.1925507706303717;10.533388546054491,10.175620803711702,0.4434834056225819;13.471363977912578,4.924285787991767,1.3272358809753264;3.1989281854844065,17.094804049625413,0.4405086223709195;3.721082089191997,8.881385548157215,0.35484045745388293;6.101545181256263,8.790137986408395,1.2639000034553933;14.737980355806986,8.782652679798053,1.0509056472900933;8.401310070704824,11.991886299150524,1.2062214485731173;17.06132291164363,16.261464942281574,1.3345172871816686;17.339109943706937,6.311506988921403,2.300624148151509;14.590277332334818,8.335859238449064,1.6499407138788138;5.222352165170459,5.2246686833336335,1.2953675730785918;4.241324229439376,12.456110153327092,0.3647650457406896;6.334813280978457,3.731836136358651,2.315285015721719;3.96199220928336,15.075728766947645,0.9109831433466773;13.470667831163155,10.03843225270554,1.3979717289653883;16.36473653509302,8.086891939973933,1.0265631417602112;9.356408901119345,2.787804101659744,0.20891529902825748;2.095021869582651,17.079045109775457,0.6495937887270954"
2,drone_5,12.360,3.485,13.942,14.674,"7.143965878414324,18.52253351862183,0.8394107337496143;6.637422351629716,5.81892506984119,0.6003018776062884;0.36590554591665037,16.596997027271488,0.20777990884561767;16.70210735212728,10.387662511155286,2.4865164910063826;17.575883932032223,2.721593568127446,1.6479158532570475;1.2973598084027889,12.541582926626493,1.1930564938806265;5.325463640573792,3.699943652690364,0.9547411468291342;2.859297170747846,7.553503878133155,2.1925507706303717;10.533388546054491,10.175620803711702,0.4434834056225819;13.471363977912578,4.924285787991767,1.3272358809753264;3.1989281854844065,17.094804049625413,0.4405086223709195;3.721082089191997,8.881385548157215,0.35484045745388293;6.101545181256263,8.790137986408395,1.2639000034553933;14.737980355806986,8.782652679798053,1.0509056472900933;8.401310070704824,11.991886299150524,1.2062214485731173;17.06132291164363,16.261464942281574,1.3345172871816686;17.339109943706937,6.311506988921403,2.300624148151509;14.590277332334818,8.335859238449064,1.6499407138788138;5.222352165170459,5.2246686833336335,1.2953675730785918;4.241324229439376,12.456110153327092,0.3647650457406896;6.334813280978457,3.731836136358651,2.315285015721719;3.96199220928336,15.075728766947645,0.9109831433466773;13.470667831163155,10.03843225270554,1.3979717289653883;16.36473653509302,8.086891939973933,1.0265631417602112;9.356408901119345,2.787804101659744,0.20891529902825748;2.095021869582651,17.079045109775457,0.6495937887270954"
2,drone_6,11.202,5.035,13.942,14.674,"7.143965878414324,18.52253351862183,0.8394107337496143;6.637422351629716,5.81892506984119,0.6003018776062884;0.36590554591665037,16.596997027271488,0.20777990884561767;16.70210735212728,10.387662511155286,2.4865164910063826;17.575883932032223,2.721593568127446,1.6479158532570475;1.2973598084027889,12.541582926626493,1.1930564938806265;5.325463640573792,3.699943652690364,0.9547411468291342;2.859297170747846,7.553503878133155,2.1925507706303717;10.533388546054491,10.175620803711702,0.4434834056225819;13.471363977912578,4.924285787991767,1.3272358809753264;3.1989281854844065,17.094804049625413,0.4405086223709195;3.721082089191997,8.881385548157215,0.35484045745388293;6.101545181256263,8.790137986408395,1.2639000034553933;14.737980355806986,8.782652679798053,1.0509056472900933;8.401310070704824,11.991886299150524,1.2062214485731173;17.06132291164363,16.261464942281574,1.3345172871816686;17.339109943706937,6.311506988921403,2.300624148151509;14.590277332334818,8.335859238449064,1.6499407138788138;5.222352165170459,5.2246686833336335,1.2953675730785918;4.241324229439376,12.456110153327092,0.3647650457406896;6.334813280978457,3.731836136358651,2.315285015721719;3.96199220928336,15.075728766947645,0.9109831433466773;13.470667831163155,10.03843225270554,1.3979717289653883;16.36473653509302,8.086891939973933,1.0265631417602112;9.356408901119345,2.787804101659744,0.20891529902825748;2.095021869582651,17.079045109775457,0.6495937887270954"
2,drone_7,10.795,2.610,13.942,14.674,"7.143965878414324,18.52253351862183,0.8394107337496143;6.637422351629716,5.81892506984119,0.6003018776062884;0.36590554591665037,16.596997027271488,0.20777990884561767;16.70210735212728,10.387662511155286,2.4865164910063826;17.575883932032223,2.721593568127446,1.6479158532570475;1.2973598084027889,12.541582926626493,1.1930564938806265;5.325463640573792,3.699943652690364,0.9547411468291342;2.859297170747846,7.553503878133155,2.1925507706303717;10.533388546054491,10.175620803711702,0.4434834056225819;13.471363977912578,4.924285787991767,1.3272358809753264;3.1989281854844065,17.094804049625413,0.4405086223709195;3.721082089191997,8.881385548157215,0.35484045745388293;6.101545181256263,8.790137986408395,1.2639000034553933;14.737980355806986,8.782652679798053,1.0509056472900933;8.401310070704824,11.991886299150524,1.2062214485731173;17.06132291164363,16.261464942281574,1.3345172871816686;17.339109943706937,6.311506988921403,2.300624148151509;14.590277332334818,8.335859238449064,1.6499407138788138;5.222352165170459,5.2246686833336335,1.2953675730785918;4.241324229439376,12.456110153327092,0.3647650457406896;6.334813280978457,3.731836136358651,2.315285015721719;3.96199220928336,15.075728766947645,0.9109831433466773;13.470667831163155,10.03843225270554,1.3979717289653883;16.36473653509302,8.086891939973933,1.0265631417602112;9.356408901119345,2.787804101659744,0.20891529902825748;2.095021869582651,17.079045109775457,0.6495937887270954"
2,drone_8,10.335,3.338,13.942,14.674,"7.143965878414324,18.52253351862183,0.8394107337496143;6.637422351629716,5.81892506984119,0.6003018776062884;0.36590554591665037,16.596997027271488,0.20777990884561767;16.70210735212728,10.387662511155286,2.4865164910063826;17.575883932032223,2.721593568127446,1.6479158532570475;1.2973598084027889,12.541582926626493,1.1930564938806265;5.325463640573792,3.699943652690364,0.9547411468291342;2.859297170747846,7.553503878133155,2.1925507706303717;10.533388546054491,10.175620803711702,0.4434834056225819;13.471363977912578,4.924285787991767,1.3272358809753264;3.1989281854844065,17.094804049625413,0.4405086223709195;3.721082089191997,8.881385548157215,0.35484045745388293;6.101545181256263,8.790137986408395,1.2639000034553933;14.737980355806986,8.782652679798053,1.0509056472900933;8.401310070704824,11.991886299150524,1.2062214485731173;17.06132291164363,16.261464942281574,1.3345172871816686;17.339109943706937,6.311506988921403,2.300624148151509;14.590277332334818,8.335859238449064,1.6499407138788138;5.222352165170459,5.2246686833336335,1.2953675730785918;4.241324229439376,12.456110153327092,0.3647650457406896;6.334813280978457,3.731836136358651,2.315285015721719;3.96199220928336,15.075728766947645,0.9109831433466773;13.470667831163155,10.03843225270554,1.3979717289653883;16.36473653509302,8.086891939973933,1.0265631417602112;9.356408901119345,2.787804101659744,0.20891529902825748;2.095021869582651,17.079045109775457,0.6495937887270954"
2,drone_9,10.353,5.205,13.942,14.674,"7.143965878414324,18.52253351862183,0.8394107337496143;6.637422351629716,5.81892506984119,0.6003018776062884;0.36590554591665037,16.596997027271488,0.20777990884561767;16.70210735212728,10.387662511155286,2.4865164910063826;17.575883932032223,2.721593568127446,1.6479158532570475;1.2973598084027889,12.541582926626493,1.1930564938806265;5.325463640573792,3.699943652690364,0.9547411468291342;2.859297170747846,7.553503878133155,2.1925507706303717;10.533388546054491,10.175620803711702,0.4434834056225819;13.471363977912578,4.924285787991767,1.3272358809753264;3.1989281854844065,17.094804049625413,0.4405086223709195;3.721082089191997,8.881385548157215,0.35484045745388293;6.101545181256263,8.790137986408395,1.2639000034553933;14.737980355806986,8.782652679798053,1.0509056472900933;8.401310070704824,11.991886299150524,1.2062214485731173;17.06132291164363,16.261464942281574,1.3345172871816686;17.339109943706937,6.311506988921403,2.300624148151509;14.590277332334818,8.335859238449064,1.6499407138788138;5.222352165170459,5.2246686833336335,1.2953675730785918;4.241324229439376,12.456110153327092,0.3647650457406896;6.334813280978457,3.731836136358651,2.315285015721719;3.96199220928336,15.075728766947645,0.9109831433466773;13.470667831163155,10.03843225270554,1.3979717289653883;16.36473653509302,8.086891939973933,1.0265631417602112;9.356408901119345,2.787804101659744,0.20891529902825748;2.095021869582651,17.079045109775457,0.6495937887270954"
3,drone_0,11.917,3.255,13.942,14.674,"7.143965878414324,18.52253351862183,0.8394107337496143;6.637422351629716,5.81892506984119,0.6003018776062884;0.36590554591665037,16.596997027271488,0.20777990884561767;16.70210735212728,10.387662511155286,2.4865164910063826;17.575883932032223,2.721593568127446,1.6479158532570475;1.2973598084027889,12.541582926626493,1.1930564938806265;5.325463640573792,3.699943652690364,0.9547411468291342;2.859297170747846,7.553503878133155,2.1925507706303717;10.533388546054491,10.175620803711702,0.4434834056225819;13.471363977912578,4.924285787991767,1.3272358809753264;3.1989281854844065,17.094804049625413,0.4405086223709195;3.721082089191997,8.881385548157215,0.35484045745388293;6.101545181256263,8.790137986408395,1.2639000034553933;14.737980355806986,8.782652679798053,1.0509056472900933;8.401310070704824,11.991886299150524,1.2062214485731173;17.06132291164363,16.261464942281574,1.3345172871816686;17.339109943706937,6.311506988921403,2.300624148151509;14.590277332334818,8.335859238449064,1.6499407138788138;5.222352165170459,5.2246686833336335,1.2953675730785918;4.241324229439376,12.456110153327092,0.3647650457406896;6.334813280978457,3.731836136358651,2.315285015721719;3.96199220928336,15.075728766947645,0.9109831433466773;13.470667831163155,10.03843225270554,1.3979717289653883;16.36473653509302,8.086891939973933,1.0265631417602112;9.356408901119345,2.787804101659744,0.20891529902825748;2.095021869582651,17.079045109775457,0.6495937887270954"
3,drone_1,11.250,3.186,13.942,14.674,"7.143965878414324,18.52253351862183,0.8394107337496143;6.637422351629716,5.81892506984119,0.6003018776062884;0.36590554591665037,16.596997027271488,0.20777990884561767;16.70210735212728,10.387662511155286,2.4865164910063826;17.575883932032223,2.721593568127446,1.6479158532570475;1.2973598084027889,12.541582926626493,1.1930564938806265;5.325463640573792,3.699943652690364,0.9547411468291342;2.859297170747846,7.553503878133155,2.1925507706303717;10.533388546054491,10.175620803711702,0.4434834056225819;13.471363977912578,4.924285787991767,1.3272358809753264;3.1989281854844065,17.094804049625413,0.4405086223709195;3.721082089191997,8.881385548157215,0.35484045745388293;6.101545181256263,8.790137986408395,1.2639000034553933;14.737980355806986,8.782652679798053,1.0509056472900933;8.401310070704824,11.991886299150524,1.2062214485731173;17.06132291164363,16.261464942281574,1.3345172871816686;17.339109943706937,6.311506988921403,2.300624148151509;14.590277332334818,8.335859238449064,1.6499407138788138;5.222352165170459,5.2246686833336335,1.2953675730785918;4.241324229439376,12.456110153327092,0.3647650457406896;6.334813280978457,3.731836136358651,2.315285015721719;3.96199220928336,15.075728766947645,0.9109831433466773;13.470667831163155,10.03843225270554,1.3979717289653883;16.36473653509302,8.086891939973933,1.0265631417602112;9.356408901119345,2.787804101659744,0.20891529902825748;2.095021869582651,17.079045109775457,0.6495937887270954"
3,drone_2,10.226,2.521,13.942,14.674,"7.143965878414324,18.52253351862183,0.8394107337496143;6.637422351629716,5.81892506984119,0.6003018776062884;0.36590554591665037,16.596997027271488,0.20777990884561767;16.70210735212728,10.387662511155286,2.4865164910063826;17.575883932032223,2.721593568127446,1.6479158532570475;1.2973598084027889,12.541582926626493,1.1930564938806265;5.325463640573792,3.699943652690364,0.9547411468291342;2.859297170747846,7.553503878133155,2.1925507706303717;10.533388546054491,10.175620803711702,0.4434834056225819;13.471363977912578,4.924285787991767,1.3272358809753264;3.1989281854844065,17.094804049625413,0.4405086223709195;3.721082089191997,8.881385548157215,0.35484045745388293;6.101545181256263,8.790137986408395,1.2639000034553933;14.737980355806986,8.782652679798053,1.0509056472900933;8.401310070704824,11.991886299150524,1.2062214485731173;17.06132291164363,16.261464942281574,1.3345172871816686;17.339109943706937,6.311506988921403,2.300624148151509;14.590277332334818,8.335859238449064,1.6499407138788138;5.222352165170459,5.2246686833336335,1.2953675730785918;4.241324229439376,12.456110153327092,0.3647650457406896;6.334813280978457,3.731836136358651,2.315285015721719;3.96199220928336,15.075728766947645,0.9109831433466773;13.470667831163155,10.03843225270554,1.3979717289653883;16.36473653509302,8.086891939973933,1.0265631417602112;9.356408901119345,2.787804101659744,0.20891529902825748;2.095021869582651,17.079045109775457,0.6495937887270954"
3,drone_3,10.507,4.519,13.942,14.674,"7.143965878414324,18.52253351862183,0.8394107337496143;6.637422351629716,5.81892506984119,0.6003018776062884;0.36590554591665037,16.596997027271488,0.20777990884561767;16.70210735212728,10.387662511155286,2.4865164910063826;17.575883932032223,2.721593568127446,1.6479158532570475;1.2973598084027889,12.541582926626493,1.1930564938806265;5.325463640573792,3.699943652690364,0.9547411468291342;2.859297170747846,7.553503878133155,2.1925507706303717;10.533388546054491,10.175620803711702,0.4434834056225819;13.471363977912578,4.924285787991767,1.3272358809753264;3.1989281854844065,17.094804049625413,0.4405086223709195;3.721082089191997,8.881385548157215,0.35484045745388293;6.101545181256263,8.790137986408395,1.2639000034553933;14.737980355806986,8.782652679798053,1.0509056472900933;8.401310070704824,11.991886299150524,1.2062214485731173;17.06132291164363,16.261464942281574,1.3345172871816686;17.339109943706937,6.311506988921403,2.300624148151509;14.590277332334818,8.335859238449064,1.6499407138788138;5.222352165170459,5.2246686833336335,1.2953675730785918;4.241324229439376,12.456110153327092,0.3647650457406896;6.334813280978457,3.731836136358651,2.315285015721719;3.96199220928336,15.075728766947645,0.9109831433466773;13.470667831163155,10.03843225270554,1.3979717289653883;16.36473653509302,8.086891939973933,1.0265631417602112;9.356408901119345,2.787804101659744,0.20891529902825748;2.095021869582651,17.079045109775457,0.6495937887270954"
3,drone_4,9.830,4.387,13.942,14.674,"7.143965878414324,18.52253351862183,0.8394107337496143;6.637422351629716,5.81892506984119,0.6003018776062884;0.36590554591665037,16.596997027271488,0.20777990884561767;16.70210735212728,10.387662511155286,2.4865164910063826;17.575883932032223,2.721593568127446,1.6479158532570475;1.2973598084027889,12.541582926626493,1.1930564938806265;5.325463640573792,3.699943652690364,0.9547411468291342;2.859297170747846,7.553503878133155,2.1925507706303717;10.533388546054491,10.175620803711702,0.4434834056225819;13.471363977912578,4.924285787991767,1.3272358809753264;3.1989281854844065,17.094804049625413,0.4405086223709195;3.721082089191997,8.881385548157215,0.35484045745388293;6.101545181256263,8.790137986408395,1.2639000034553933;14.737980355806986,8.782652679798053,1.0509056472900933;8.401310070704824,11.991886299150524,1.2062214485731173;17.06132291164363,16.261464942281574,1.3345172871816686;17.339109943706937,6.311506988921403,2.300624148151509;14.590277332334818,8.335859238449064,1.6499407138788138;5.222352165170459,5.2246686833336335,1.2953675730785918;4.241324229439376,12.456110153327092,0.3647650457406896;6.334813280978457,3.731836136358651,2.315285015721719;3.96199220928336,15.075728766947645,0.9109831433466773;13.470667831163155,10.03843225270554,1.3979717289653883;16.36473653509302,8.086891939973933,1.0265631417602112;9.356408901119345,2.787804101659744,0.20891529902825748;2.095021869582651,17.079045109775457,0.6495937887270954"
3,drone_5,12.460,3.585,13.942,14.674,"7.143965878414324,18.52253351862183,0.8394107337496143;6.637422351629716,5.81892506984119,0.6003018776062884;0.36590554591665037,16.596997027271488,0.20777990884561767;16.70210735212728,10.387662511155286,2.4865164910063826;17.575883932032223,2.721593568127446,1.6479158532570475;1.2973598084027889,12.541582926626493,1.1930564938806265;5.325463640573792,3.699943652690364,0.9547411468291342;2.859297170747846,7.553503878133155,2.1925507706303717;10.533388546054491,10.175620803711702,0.4434834056225819;13.471363977912578,4.924285787991767,1.3272358809753264;3.1989281854844065,17.094804049625413,0.4405086223709195;3.721082089191997,8.881385548157215,0.35484045745388293;6.101545181256263,8.790137986408395,1.2639000034553933;14.737980355806986,8.782652679798053,1.0509056472900933;8.401310070704824,11.991886299150524,1.2062214485731173;17.06132291164363,16.261464942281574,1.3345172871816686;17.339109943706937,6.311506988921403,2.300624148151509;14.590277332334818,8.335859238449064,1.6499407138788138;5.222352165170459,5.2246686833336335,1.2953675730785918;4.241324229439376,12.456110153327092,0.3647650457406896;6.334813280978457,3.731836136358651,2.315285015721719;3.96199220928336,15.075728766947645,0.9109831433466773;13.470667831163155,10.03843225270554,1.3979717289653883;16.36473653509302,8.086891939973933,1.0265631417602112;9.356408901119345,2.787804101659744,0.20891529902825748;2.095021869582651,17.079045109775457,0.6495937887270954"
3,drone_6,11.257,5.172,13.942,14.674,"7.143965878414324,18.52253351862183,0.8394107337496143;6.637422351629716,5.81892506984119,0.6003018776062884;0.36590554591665037,16.596997027271488,0.20777990884561767;16.70210735212728,10.387662511155286,2.4865164910063826;17.575883932032223,2.721593568127446,1.6479158532570475;1.2973598084027889,12.541582926626493,1.1930564938806265;5.325463640573792,3.699943652690364,0.9547411468291342;2.859297170747846,7.553503878133155,2.1925507706303717;10.533388546054491,10.175620803711702,0.4434834056225819;13.471363977912578,4.924285787991767,1.3272358809753264;3.1989281854844065,17.094804049625413,0.4405086223709195;3.721082089191997,8.881385548157215,0.35484045745388293;6.101545181256263,8.790137986408395,1.2639000034553933;14.737980355806986,8.782652679798053,1.0509056472900933;8.401310070704824,11.991886299150524,1.2062214485731173;17.06132291164363,16.261464942281574,1.3345172871816686;17.339109943706937,6.311506988921403,2.300624148151509;14.590277332334818,8.335859238449064,1.6499407138788138;5.222352165170459,5.2246686833336335,1.2953675730785918;4.241324229439376,12.456110153327092,0.3647650457406896;6.334813280978457,3.731836136358651,2.315285015721719;3.96199220928336,15.075728766947645,0.9109831433466773;13.470667831163155,10.03843225270554,1.3979717289653883;16.36473653509302,8.086891939973933,1.0265631417602112;9.356408901119345,2.787804101659744,0.20891529902825748;2.095021869582651,17.079045109775457,0.6495937887270954"
3,drone_7,10.922,2.604,13.942,14.674,"7.143965878414324,18.52253351862183,0.8394107337496143;6.637422351629716,5.81892506984119,0.6003018776062884;0.36590554591665037,16.596997027271488,0.20777990884561767;16.70210735212728,10.387662511155286,2.4865164910063826;17.575883932032223,2.721593568127446,1.6479158532570475;1.2973598084027889,12.541582926626493,1.1930564938806265;5.325463640573792,3.699943652690364,0.9547411468291342;2.859297170747846,7.553503878133155,2.1925507706303717;10.533388546054491,10.175620803711702,0.4434834056225819;13.471363977912578,4.924285787991767,1.3272358809753264;3.1989281854844065,17.094804049625413,0.4405086223709195;3.721082089191997,8.881385548157215,0.35484045745388293;6.101545181256263,8.790137986408395,1.2639000034553933;14.737980355806986,8.782652679798053,1.0509056472900933;8.401310070704824,11.991886299150524,1.2062214485731173;17.06132291164363,16.261464942281574,1.3345172871816686;17.339109943706937,6.311506988921403,2.300624148151509;14.590277332334818,8.335859238449064,1.6499407138788138;5.222352165170459,5.2246686833336335,1.2953675730785918;4.241324229439376,12.456110153327092,0.3647650457406896;6.334813280978457,3.731836136358651,2.315285015721719;3.96199220928336,15.075728766947645,0.9109831433466773;13.470667831163155,10.03843225270554,1.3979717289653883;16.36473653509302,8.086891939973933,1.0265631417602112;9.356408901119345,2.787804101659744,0.20891529902825748;2.095021869582651,17.079045109775457,0.6495937887270954"
3,drone_8,10.390,3.453,13.942,14.674,"7.143965878414324,18.52253351862183,0.8394107337496143;6.637422351629716,5.81892506984119,0.6003018776062884;0.36590554591665037,16.596997027271488,0.20777990884561767;16.70210735212728,10.387662511155286,2.4865164910063826;17.575883932032223,2.721593568127446,1.6479158532570475;1.2973598084027889,12.541582926626493,1.1930564938806265;5.325463640573792,3.699943652690364,0.9547411468291342;2.859297170747846,7.553503878133155,2.1925507706303717;10.533388546054491,10.175620803711702,0.4434834056225819;13.471363977912578,4.924285787991767,1.3272358809753264;3.1989281854844065,17.094804049625413,0.4405086223709195;3.721082089191997,8.881385548157215,0.35484045745388293;6.101545181256263,8.790137986408395,1.2639000034553933;14.737980355806986,8.782652679798053,1.0509056472900933;8.401310070704824,11.991886299150524,1.2062214485731173;17.06132291164363,16.261464942281574,1.3345172871816686;17.339109943706937,6.311506988921403,2.300624148151509;14.590277332334818,8.335859238449064,1.6499407138788138;5.222352165170459,5.2246686833336335,1.2953675730785918;4.241324229439376,12.456110153327092,0.3647650457406896;6.334813280978457,3.731836136358651,2.315285015721719;3.96199220928336,15.075728766947645,0.9109831433466773;13.470667831163155,10.03843225270554,1.3979717289653883;16.36473653509302,8.086891939973933,1.0265631417602112;9.356408901119345,2.787804101659744,0.20891529902825748;2.095021869582651,17.079045109775457,0.6495937887270954"
3,drone_9,10.400,5.323,13.942,14.674,"7.143965878414324,18.52253351862183,0.8394107337496143;6.637422351629716,5.81892506984119,0.6003018776062884;0.36590554591665037,16.596997027271488,0.20777990884561767;16.70210735212728,10.387662511155286,2.4865164910063826;17.575883932032223,2.721593568127446,1.6479158532570475;1.2973598084027889,12.541582926626493,1.1930564938806265;5.325463640573792,3.699943652690364,0.9547411468291342;2.859297170747846,7.553503878133155,2.1925507706303717;10.533388546054491,10.175620803711702,0.4434834056225819;13.471363977912578,4.924285787991767,1.3272358809753264;3.1989281854844065,17.094804049625413,0.4405086223709195;3.721082089191997,8.881385548157215,0.35484045745388293;6.101545181256263,8.790137986408395,1.2639000034553933;14.737980355806986,8.782652679798053,1.0509056472900933;8.401310070704824,11.991886299150524,1.2062214485731173;17.06132291164363,16.261464942281574,1.3345172871816686;17.339109943706937,6.311506988921403,2.300624148151509;14.590277332334818,8.335859238449064,1.6499407138788138;5.222352165170459,5.2246686833336335,1.2953675730785918;4.241324229439376,12.456110153327092,0.3647650457406896;6.334813280978457,3.731836136358651,2.315285015721719;3.96199220928336,15.075728766947645,0.9109831433466773;13.470667831163155,10.03843225270554,1.3979717289653883;16.36473653509302,8.086891939973933,1.0265631417602112;9.356408901119345,2.787804101659744,0.20891529902825748;2.095021869582651,17.079045109775457,0.6495937887270954"
4,drone_0,11.923,3.403,13.942,14.674,"7.143965878414324,18.52253351862183,0.8394107337496143;6.637422351629716,5.81892506984119,0.6003018776062884;0.36590554591665037,16.596997027271488,0.20777990884561767;16.70210735212728,10.387662511155286,2.4865164910063826;17.575883932032223,2.721593568127446,1.6479158532570475;1.2973598084027889,12.541582926626493,1.1930564938806265;5.325463640573792,3.699943652690364,0.9547411468291342;2.859297170747846,7.553503878133155,2.1925507706303717;10.533388546054491,10.175620803711702,0.4434834056225819;13.471363977912578,4.924285787991767,1.3272358809753264;3.1989281854844065,17.094804049625413,0.4405086223709195;3.721082089191997,8.881385548157215,0.35484045745388293;6.101545181256263,8.790137986408395,1.2639000034553933;14.737980355806986,8.782652679798053,1.0509056472900933;8.401310070704824,11.991886299150524,1.2062214485731173;17.06132291164363,16.261464942281574,1.3345172871816686;17.339109943706937,6.311506988921403,2.300624148151509;14.590277332334818,8.335859238449064,1.6499407138788138;5.222352165170459,5.2246686833336335,1.2953675730785918;4.241324229439376,12.456110153327092,0.3647650457406896;6.334813280978457,3.731836136358651,2.315285015721719;3.96199220928336,15.075728766947645,0.9109831433466773;13.470667831163155,10.03843225270554,1.3979717289653883;16.36473653509302,8.086891939973933,1.0265631417602112;9.356408901119345,2.787804101659744,0.20891529902825748;2.095021869582651,17.079045109775457,0.6495937887270954"
4,drone_1,11.309,3.299,13.942,14.674,"7.143965878414324,18.52253351862183,0.8394107337496143;6.637422351629716,5.81892506984119,0.6003018776062884;0.36590554591665037,16.596997027271488,0.20777990884561767;16.70210735212728,10.387662511155286,2.4865164910063826;17.575883932032223,2.721593568127446,1.6479158532570475;1.2973598084027889,12.541582926626493,1.1930564938806265;5.325463640573792,3.699943652690364,0.9547411468291342;2.859297170747846,7.553503878133155,2.1925507706303717;10.533388546054491,10.175620803711702,0.4434834056225819;13.471363977912578,4.924285787991767,1.3272358809753264;3.1989281854844065,17.094804049625413,0.4405086223709195;3.721082089191997,8.881385548157215,0.35484045745388293;6.101545181256263,8.790137986408395,1.2639000034553933;14.737980355806986,8.782652679798053,1.0509056472900933;8.401310070704824,11.991886299150524,1.2062214485731173;17.06132291164363,16.261464942281574,1.3345172871816686;17.339109943706937,6.311506988921403,2.300624148151509;14.590277332334818,8.335859238449064,1.6499407138788138;5.222352165170459,5.2246686833336335,1.2953675730785918;4.241324229439376,12.456110153327092,0.3647650457406896;6.334813280978457,3.731836136358651,2.315285015721719;3.96199220928336,15.075728766947645,0.9109831433466773;13.470667831163155,10.03843225270554,1.3979717289653883;16.36473653509302,8.086891939973933,1.0265631417602112;9.356408901119345,2.787804101659744,0.20891529902825748;2.095021869582651,17.079045109775457,0.6495937887270954"
4,drone_2,10.261,2.665,13.942,14.674,"7.143965878414324,18.52253351862183,0.8394107337496143;6.637422351629716,5.81892506984119,0.6003018776062884;0.36590554591665037,16.596997027271488,0.20777990884561767;16.70210735212728,10.387662511155286,2.4865164910063826;17.575883932032223,2.721593568127446,1.6479158532570475;1.2973598084027889,12.541582926626493,1.1930564938806265;5.325463640573792,3.699943652690364,0.9547411468291342;2.859297170747846,7.553503878133155,2.1925507706303717;10.533388546054491,10.175620803711702,0.4434834056225819;13.471363977912578,4.924285787991767,1.3272358809753264;3.1989281854844065,17.094804049625413,0.4405086223709195;3.721082089191997,8.881385548157215,0.35484045745388293;6.101545181256263,8.790137986408395,1.2639000034553933;14.737980355806986,8.782652679798053,1.0509056472900933;8.401310070704824,11.991886299150524,1.2062214485731173;17.06132291164363,16.261464942281574,1.3345172871816686;17.339109943706937,6.311506988921403,2.300624148151509;14.590277332334818,8.335859238449064,1.6499407138788138;5.222352165170459,5.2246686833336335,1.2953675730785918;4.241324229439376,12.456110153327092,0.3647650457406896;6.334813280978457,3.731836136358651,2.315285015721719;3.96199220928336,15.075728766947645,0.9109831433466773;13.470667831163155,10.03843225270554,1.3979717289653883;16.36473653509302,8.086891939973933,1.0265631417602112;9.356408901119345,2.787804101659744,0.20891529902825748;2.095021869582651,17.079045109775457,0.6495937887270954"
4,drone_3,10.560,4.635,13.942,14.674,"7.143965878414324,18.52253351862183,0.8394107337496143;6.637422351629716,5.81892506984119,0.6003018776062884;0.36590554591665037,16.596997027271488,0.20777990884561767;16.70210735212728,10.387662511155286,2.4865164910063826;17.575883932032223,2.721593568127446,1.6479158532570475;1.2973598084027889,12.541582926626493,1.1930564938806265;5.325463640573792,3.699943652690364,0.9547411468291342;2.859297170747846,7.553503878133155,2.1925507706303717;10.533388546054491,10.175620803711702,0.4434834056225819;13.471363977912578,4.924285787991767,1.3272358809753264;3.1989281854844065,17.094804049625413,0.4405086223709195;3.721082089191997,8.881385548157215,0.35484045745388293;6.101545181256263,8.790137986408395,1.2639000034553933;14.737980355806986,8.782652679798053,1.0509056472900933;8.401310070704824,11.991886299150524,1.2062214485731173;17.06132291164363,16.261464942281574,1.3345172871816686;17.339109943706937,6.311506988921403,2.300624148151509;14.590277332334818,8.335859238449064,1.6499407138788138;5.222352165170459,5.2246686833336335,1.2953675730785918;4.241324229439376,12.456110153327092,0.3647650457406896;6.334813280978457,3.731836136358651,2.315285015721719;3.96199220928336,15.075728766947645,0.9109831433466773;13.470667831163155,10.03843225270554,1.3979717289653883;16.36473653509302,8.086891939973933,1.0265631417602112;9.356408901119345,2.787804101659744,0.20891529902825748;2.095021869582651,17.079045109775457,0.6495937887270954"
4,drone_4,9.807,4.558,13.942,14.674,"7.143965878414324,18.52253351862183,0.8394107337496143;6.637422351629716,5.81892506984119,0.6003018776062884;0.36590554591665037,16.596997027271488,0.20777990884561767;16.70210735212728,10.387662511155286,2.4865164910063826;17.575883932032223,2.721593568127446,1.6479158532570475;1.2973598084027889,12.541582926626493,1.1930564938806265;5.325463640573792,3.699943652690364,0.9547411468291342;2.859297170747846,7.553503878133155,2.1925507706303717;10.533388546054491,10.175620803711702,0.4434834056225819;13.471363977912578,4.924285787991767,1.3272358809753264;3.1989281854844065,17.094804049625413,0.4405086223709195;3.721082089191997,8.881385548157215,0.35484045745388293;6.101545181256263,8.790137986408395,1.2639000034553933;14.737980355806986,8.782652679798053,1.0509056472900933;8.401310070704824,11.991886299150524,1.2062214485731173;17.06132291164363,16.261464942281574,1.3345172871816686;17.339109943706937,6.311506988921403,2.300624148151509;14.590277332334818,8.335859238449064,1.6499407138788138;5.222352165170459,5.2246686833336335,1.2953675730785918;4.241324229439376,12.456110153327092,0.3647650457406896;6.334813280978457,3.731836136358651,2.315285015721719;3.96199220928336,15.075728766947645,0.9109831433466773;13.470667831163155,10.03843225270554,1.3979717289653883;16.36473653509302,8.086891939973933,1.0265631417602112;9.356408901119345,2.787804101659744,0.20891529902825748;2.095021869582651,17.079045109775457,0.6495937887270954"
4,drone_5,12.460,3.585,13.942,14.674,"7.143965878414324,18.52253351862183,0.8394107337496143;6.637422351629716,5.81892506984119,0.6003018776062884;0.36590554591665037,16.596997027271488,0.20777990884561767;16.70210735212728,10.387662511155286,2.4865164910063826;17.575883932032223,2.721593568127446,1.6479158532570475;1.2973598084027889,12.541582926626493,1.1930564938806265;5.325463640573792,3.699943652690364,0.9547411468291342;2.859297170747846,7.553503878133155,2.1925507706303717;10.533388546054491,10.175620803711702,0.4434834056225819;13.471363977912578,4.924285787991767,1.3272358809753264;3.1989281854844065,17.094804049625413,0.4405086223709195;3.721082089191997,8.881385548157215,0.35484045745388293;6.101545181256263,8.790137986408395,1.2639000034553933;14.737980355806986,8.782652679798053,1.0509056472900933;8.401310070704824,11.991886299150524,1.2062214485731173;17.06132291164363,16.261464942281574,1.3345172871816686;17.339109943706937,6.311506988921403,2.300624148151509;14.590277332334818,8.335859238449064,1.6499407138788138;5.222352165170459,5.2246686833336335,1.2953675730785918;4.241324229439376,12.456110153327092,0.3647650457406896;6.334813280978457,3.731836136358651,2.315285015721719;3.96199220928336,15.075728766947645,0.9109831433466773;13.470667831163155,10.03843225270554,1.3979717289653883;16.36473653509302,8.086891939973933,1.0265631417602112;9.356408901119345,2.787804101659744,0.20891529902825748;2.095021869582651,17.079045109775457,0.6495937887270954"
4,drone_6,11.230,5.318,13.942,14.674,"7.143965878414324,18.52253351862183,0.8394107337496143;6.637422351629716,5.81892506984119,0.6003018776062884;0.36590554591665037,16.596997027271488,0.20777990884561767;16.70210735212728,10.387662511155286,2.4865164910063826;17.575883932032223,2.721593568127446,1.6479158532570475;1.2973598084027889,12.541582926626493,1.1930564938806265;5.325463640573792,3.699943652690364,0.9547411468291342;2.859297170747846,7.553503878133155,2.1925507706303717;10.533388546054491,10.175620803711702,0.4434834056225819;13.471363977912578,4.924285787991767,1.3272358809753264;3.1989281854844065,17.094804049625413,0.4405086223709195;3.721082089191997,8.881385548157215,0.35484045745388293;6.101545181256263,8.790137986408395,1.2639000034553933;14.737980355806986,8.782652679798053,1.0509056472900933;8.401310070704824,11.991886299150524,1.2062214485731173;17.06132291164363,16.261464942281574,1.3345172871816686;17.339109943706937,6.311506988921403,2.300624148151509;14.590277332334818,8.335859238449064,1.6499407138788138;5.222352165170459,5.2246686833336335,1.2953675730785918;4.241324229439376,12.456110153327092,0.3647650457406896;6.334813280978457,3.731836136358651,2.315285015721719;3.96199220928336,15.075728766947645,0.9109831433466773;13.470667831163155,10.03843225270554,1.3979717289653883;16.36473653509302,8.086891939973933,1.0265631417602112;9.356408901119345,2.787804101659744,0.20891529902825748;2.095021869582651,17.079045109775457,0.6495937887270954"
4,drone_7,11.059,2.660,13.942,14.674,"7.143965878414324,18.52253351862183,0.8394107337496143;6.637422351629716,5.81892506984119,0.6003018776062884;0.36590554591665037,16.596997027271488,0.20777990884561767;16.70210735212728,10.387662511155286,2.4865164910063826;17.575883932032223,2.721593568127446,1.6479158532570475;1.2973598084027889,12.541582926626493,1.1930564938806265;5.325463640573792,3.699943652690364,0.9547411468291342;2.859297170747846,7.553503878133155,2.1925507706303717;10.533388546054491,10.175620803711702,0.4434834056225819;13.471363977912578,4.924285787991767,1.3272358809753264;3.1989281854844065,17.094804049625413,0.4405086223709195;3.721082089191997,8.881385548157215,0.35484045745388293;6.101545181256263,8.790137986408395,1.2639000034553933;14.737980355806986,8.782652679798053,1.0509056472900933;8.401310070704824,11.991886299150524,1.2062214485731173;17.06132291164363,16.261464942281574,1.3345172871816686;17.339109943706937,6.311506988921403,2.300624148151509;14.590277332334818,8.335859238449064,1.6499407138788138;5.222352165170459,5.2246686833336335,1.2953675730785918;4.241324229439376,12.456110153327092,0.3647650457406896;6.334813280978457,3.731836136358651,2.315285015721719;3.96199220928336,15.075728766947645,0.9109831433466773;13.470667831163155,10.03843225270554,1.3979717289653883;16.36473653509302,8.086891939973933,1.0265631417602112;9.356408901119345,2.787804101659744,0.20891529902825748;2.095021869582651,17.079045109775457,0.6495937887270954"
4,drone_8,10.477,3.573,13.942,14.674,"7.143965878414324,18.52253351862183,0.8394107337496143;6.637422351629716,5.81892506984119,0.6003018776062884;0.36590554591665037,16.596997027271488,0.20777990884561767;16.70210735212728,10.387662511155286,2.4865164910063826;17.575883932032223,2.721593568127446,1.6479158532570475;1.2973598084027889,12.541582926626493,1.1930564938806265;5.325463640573792,3.699943652690364,0.9547411468291342;2.859297170747846,7.553503878133155,2.1925507706303717;10.533388546054491,10.175620803711702,0.4434834056225819;13.471363977912578,4.924285787991767,1.3272358809753264;3.1989281854844065,17.094804049625413,0.4405086223709195;3.721082089191997,8.881385548157215,0.35484045745388293;6.101545181256263,8.790137986408395,1.2639000034553933;14.737980355806986,8.782652679798053,1.0509056472900933;8.401310070704824,11.991886299150524,1.2062214485731173;17.06132291164363,16.261464942281574,1.3345172871816686;17.339109943706937,6.311506988921403,2.300624148151509;14.590277332334818,8.335859238449064,1.6499407138788138;5.222352165170459,5.2246686833336335,1.2953675730785918;4.241324229439376,12.456110153327092,0.3647650457406896;6.334813280978457,3.731836136358651,2.315285015721719;3.96199220928336,15.075728766947645,0.9109831433466773;13.470667831163155,10.03843225270554,1.3979717289653883;16.36473653509302,8.086891939973933,1.0265631417602112;9.356408901119345,2.787804101659744,0.20891529902825748;2.095021869582651,17.079045109775457,0.6495937887270954"
4,drone_9,10.472,5.429,13.942,14.674,"7.143965878414324,18.52253351862183,0.8394107337496143;6.637422351629716,5.81892506984119,0.6003018776062884;0.36590554591665037,16.596997027271488,0.20777990884561767;16.70210735212728,10.387662511155286,2.4865164910063826;17.575883932032223,2.721593568127446,1.6479158532570475;1.2973598084027889,12.541582926626493,1.1930564938806265;5.325463640573792,3.699943652690364,0.9547411468291342;2.859297170747846,7.553503878133155,2.1925507706303717;10.533388546054491,10.175620803711702,0.4434834056225819;13.471363977912578,4.924285787991767,1.3272358809753264;3.1989281854844065,17.094804049625413,0.4405086223709195;3.721082089191997,8.881385548157215,0.35484045745388293;6.101545181256263,8.790137986408395,1.2639000034553933;14.737980355806986,8.782652679798053,1.0509056472900933;8.401310070704824,11.991886299150524,1.2062214485731173;17.06132291164363,16.261464942281574,1.3345172871816686;17.339109943706937,6.311506988921403,2.300624148151509;14.590277332334818,8.335859238449064,1.6499407138788138;5.222352165170459,5.2246686833336335,1.2953675730785918;4.241324229439376,12.456110153327092,0.3647650457406896;6.334813280978457,3.731836136358651,2.315285015721719;3.96199220928336,15.075728766947645,0.9109831433466773;13.470667831163155,10.03843225270554,1.3979717289653883;16.36473653509302,8.086891939973933,1.0265631417602112;9.356408901119345,2.787804101659744,0.20891529902825748;2.095021869582651,17.079045109775457,0.6495937887270954"
5,drone_0,11.870,3.541,13.942,14.674,"7.143965878414324,18.52253351862183,0.8394107337496143;6.637422351629716,5.81892506984119,0.6003018776062884;0.36590554591665037,16.596997027271488,0.20777990884561767;16.70210735212728,10.387662511155286,2.4865164910063826;17.575883932032223,2.721593568127446,1.6479158532570475;1.2973598084027889,12.541582926626493,1.1930564938806265;5.325463640573792,3.699943652690364,0.9547411468291342;2.859297170747846,7.553503878133155,2.1925507706303717;10.533388546054491,10.175620803711702,0.4434834056225819;13.471363977912578,4.924285787991767,1.3272358809753264;3.1989281854844065,17.094804049625413,0.4405086223709195;3.721082089191997,8.881385548157215,0.35484045745388293;6.101545181256263,8.790137986408395,1.2639000034553933;14.737980355806986,8.782652679798053,1.0509056472900933;8.401310070704824,11.991886299150524,1.2062214485731173;17.06132291164363,16.261464942281574,1.3345172871816686;17.339109943706937,6.311506988921403,2.300624148151509;14.590277332334818,8.335859238449064,1.6499407138788138;5.222352165170459,5.2246686833336335,1.2953675730785918;4.241324229439376,12.456110153327092,0.3647650457406896;6.334813280978457,3.731836136358651,2.315285015721719;3.96199220928336,15.075728766947645,0.9109831433466773;13.470667831163155,10.03843225270554,1.3979717289653883;16.36473653509302,8.086891939973933,1.0265631417602112;9.356408901119345,2.787804101659744,0.20891529902825748;2.095021869582651,17.079045109775457,0.6495937887270954"
5,drone_1,11.381,3.404,13.942,14.674,"7.143965878414324,18.52253351862183,0.8394107337496143;6.637422351629716,5.81892506984119,0.6003018776062884;0.36590554591665037,16.596997027271488,0.20777990884561767;16.70210735212728,10.387662511155286,2.4865164910063826;17.575883932032223,2.721593568127446,1.6479158532570475;1.2973598084027889,12.541582926626493,1.1930564938806265;5.325463640573792,3.699943652690364,0.9547411468291342;2.859297170747846,7.553503878133155,2.1925507706303717;10.533388546054491,10.175620803711702,0.4434834056225819;13.471363977912578,4.924285787991767,1.3272358809753264;3.1989281854844065,17.094804049625413,0.4405086223709195;3.721082089191997,8.881385548157215,0.35484045745388293;6.101545181256263,8.790137986408395,1.2639000034553933;14.737980355806986,8.782652679798053,1.0509056472900933;8.401310070704824,11.991886299150524,1.2062214485731173;17.06132291164363,16.261464942281574,1.3345172871816686;17.339109943706937,6.311506988921403,2.300624148151509;14.590277332334818,8.335859238449064,1.6499407138788138;5.222352165170459,5.2246686833336335,1.2953675730785918;4.241324229439376,12.456110153327092,0.3647650457406896;6.334813280978457,3.731836136358651,2.315285015721719;3.96199220928336,15.075728766947645,0.9109831433466773;13.470667831163155,10.03843225270554,1.3979717289653883;16.36473653509302,8.086891939973933,1.0265631417602112;9.356408901119345,2.787804101659744,0.20891529902825748;2.095021869582651,17.079045109775457,0.6495937887270954"
5,drone_2,10.332,2.795,13.942,14.674,"7.143965878414324,18.52253351862183,0.8394107337496143;6.637422351629716,5.81892506984119,0.6003018776062884;0.36590554591665037,16.596997027271488,0.20777990884561767;16.70210735212728,10.387662511155286,2.4865164910063826;17.575883932032223,2.721593568127446,1.6479158532570475;1.2973598084027889,12.541582926626493,1.1930564938806265;5.325463640573792,3.699943652690364,0.9547411468291342;2.859297170747846,7.553503878133155,2.1925507706303717;10.533388546054491,10.175620803711702,0.4434834056225819;13.471363977912578,4.924285787991767,1.3272358809753264;3.1989281854844065,17.094804049625413,0.4405086223709195;3.721082089191997,8.881385548157215,0.35484045745388293;6.101545181256263,8.790137986408395,1.2639000034553933;14.737980355806986,8.782652679798053,1.0509056472900933;8.401310070704824,11.991886299150524,1.2062214485731173;17.06132291164363,16.261464942281574,1.3345172871816686;17.339109943706937,6.311506988921403,2.300624148151509;14.590277332334818,8.335859238449064,1.6499407138788138;5.222352165170459,5.2246686833336335,1.2953675730785918;4.241324229439376,12.456110153327092,0.3647650457406896;6.334813280978457,3.731836136358651,2.315285015721719;3.96199220928336,15.075728766947645,0.9109831433466773;13.470667831163155,10.03843225270554,1.3979717289653883;16.36473653509302,8.086891939973933,1.0265631417602112;9.356408901119345,2.787804101659744,0.20891529902825748;2.095021869582651,17.079045109775457,0.6495937887270954"
5,drone_3,10.533,4.760,13.942,14.674,"7.143965878414324,18.52253351862183,0.8394107337496143;6.637422351629716,5.81892506984119,0.6003018776062884;0.36590554591665037,16.596997027271488,0.20777990884561767;16.70210735212728,10.387662511155286,2.4865164910063826;17.575883932032223,2.721593568127446,1.6479158532570475;1.2973598084027889,12.541582926626493,1.1930564938806265;5.325463640573792,3.699943652690364,0.9547411468291342;2.859297170747846,7.553503878133155,2.1925507706303717;10.533388546054491,10.175620803711702,0.4434834056225819;13.471363977912578,4.924285787991767,1.3272358809753264;3.1989281854844065,17.094804049625413,0.4405086223709195;3.721082089191997,8.881385548157215,0.35484045745388293;6.101545181256263,8.790137986408395,1.2639000034553933;14.737980355806986,8.782652679798053,1.0509056472900933;8.401310070704824,11.991886299150524,1.2062214485731173;17.06132291164363,16.261464942281574,1.3345172871816686;17.339109943706937,6.311506988921403,2.300624148151509;14.590277332334818,8.335859238449064,1.6499407138788138;5.222352165170459,5.2246686833336335,1.2953675730785918;4.241324229439376,12.456110153327092,0.3647650457406896;6.334813280978457,3.731836136358651,2.315285015721719;3.96199220928336,15.075728766947645,0.9109831433466773;13.470667831163155,10.03843225270554,1.3979717289653883;16.36473653509302,8.086891939973933,1.0265631417602112;9.356408901119345,2.787804101659744,0.20891529902825748;2.095021869582651,17.079045109775457,0.6495937887270954"
5,drone_4,9.736,4.714,13.942,14.674,"7.143965878414324,18.52253351862183,0.8394107337496143;6.637422351629716,5.81892506984119,0.6003018776062884;0.36590554591665037,16.596997027271488,0.20777990884561767;16.70210735212728,10.387662511155286,2.4865164910063826;17.575883932032223,2.721593568127446,1.6479158532570475;1.2973598084027889,12.541582926626493,1.1930564938806265;5.325463640573792,3.699943652690364,0.9547411468291342;2.859297170747846,7.553503878133155,2.1925507706303717;10.533388546054491,10.175620803711702,0.4434834056225819;13.471363977912578,4.924285787991767,1.3272358809753264;3.1989281854844065,17.094804049625413,0.4405086223709195;3.721082089191997,8.881385548157215,0.35484045745388293;6.101545181256263,8.790137986408395,1.2639000034553933;14.737980355806986,8.782652679798053,1.0509056472900933;8.401310070704824,11.991886299150524,1.2062214485731173;17.06132291164363,16.261464942281574,1.3345172871816686;17.339109943706937,6.311506988921403,2.300624148151509;14.590277332334818,8.335859238449064,1.6499407138788138;5.222352165170459,5.2246686833336335,1.2953675730785918;4.241324229439376,12.456110153327092,0.3647650457406896;6.334813280978457,3.731836136358651,2.315285015721719;3.96199220928336,15.075728766947645,0.9109831433466773;13.470667831163155,10.03843225270554,1.3979717289653883;16.36473653509302,8.086891939973933,1.0265631417602112;9.356408901119345,2.787804101659744,0.20891529902825748;2.095021869582651,17.079045109775457,0.6495937887270954"
5,drone_5,12.360,3.685,13.942,14.674,"7.143965878414324,18.52253351862183,0.8394107337496143;6.637422351629716,5.81892506984119,0.6003018776062884;0.36590554591665037,16.596997027271488,0.20777990884561767;16.70210735212728,10.387662511155286,2.4865164910063826;17.575883932032223,2.721593568127446,1.6479158532570475;1.2973598084027889,12.541582926626493,1.1930564938806265;5.325463640573792,3.699943652690364,0.9547411468291342;2.859297170747846,7.553503878133155,2.1925507706303717;10.533388546054491,10.175620803711702,0.4434834056225819;13.471363977912578,4.924285787991767,1.3272358809753264;3.1989281854844065,17.094804049625413,0.4405086223709195;3.721082089191997,8.881385548157215,0.35484045745388293;6.101545181256263,8.790137986408395,1.2639000034553933;14.737980355806986,8.782652679798053,1.0509056472900933;8.401310070704824,11.991886299150524,1.2062214485731173;17.06132291164363,16.261464942281574,1.3345172871816686;17.339109943706937,6.311506988921403,2.300624148151509;14.590277332334818,8.335859238449064,1.6499407138788138;5.222352165170459,5.2246686833336335,1.2953675730785918;4.241324229439376,12.456110153327092,0.3647650457406896;6.334813280978457,3.731836136358651,2.315285015721719;3.96199220928336,15.075728766947645,0.9109831433466773;13.470667831163155,10.03843225270554,1.3979717289653883;16.36473653509302,8.086891939973933,1.0265631417602112;9.356408901119345,2.787804101659744,0.20891529902825748;2.095021869582651,17.079045109775457,0.6495937887270954"
5,drone_6,11.272,5.460,13.942,14.674,"7.143965878414324,18.52253351862183,0.8394107337496143;6.637422351629716,5.81892506984119,0.6003018776062884;0.36590554591665037,16.596997027271488,0.20777990884561767;16.70210735212728,10.387662511155286,2.4865164910063826;17.575883932032223,2.721593568127446,1.6479158532570475;1.2973598084027889,12.541582926626493,1.1930564938806265;5.325463640573792,3.699943652690364,0.9547411468291342;2.859297170747846,7.553503878133155,2.1925507706303717;10.533388546054491,10.175620803711702,0.4434834056225819;13.471363977912578,4.924285787991767,1.3272358809753264;3.1989281854844065,17.094804049625413,0.4405086223709195;3.721082089191997,8.881385548157215,0.35484045745388293;6.101545181256263,8.790137986408395,1.2639000034553933;14.737980355806986,8.782652679798053,1.0509056472900933;8.401310070704824,11.991886299150524,1.2062214485731173;17.06132291164363,16.261464942281574,1.3345172871816686;17.339109943706937,6.311506988921403,2.300624148151509;14.590277332334818,8.335859238449064,1.6499407138788138;5.222352165170459,5.2246686833336335,1.2953675730785918;4.241324229439376,12.456110153327092,0.3647650457406896;6.334813280978457,3.731836136358651,2.315285015721719;3.96199220928336,15.075728766947645,0.9109831433466773;13.470667831163155,10.03843225270554,1.3979717289653883;16.36473653509302,8.086891939973933,1.0265631417602112;9.356408901119345,2.787804101659744,0.20891529902825748;2.095021869582651,17.079045109775457,0.6495937887270954"
5,drone_7,11.183,2.742,13.942,14.674,"7.143965878414324,18.52253351862183,0.8394107337496143;6.637422351629716,5.81892506984119,0.6003018776062884;0.36590554591665037,16.596997027271488,0.20777990884561767;16.70210735212728,10.387662511155286,2.4865164910063826;17.575883932032223,2.721593568127446,1.6479158532570475;1.2973598084027889,12.541582926626493,1.1930564938806265;5.325463640573792,3.699943652690364,0.9547411468291342;2.859297170747846,7.553503878133155,2.1925507706303717;10.533388546054491,10.175620803711702,0.4434834056225819;13.471363977912578,4.924285787991767,1.3272358809753264;3.1989281854844065,17.094804049625413,0.4405086223709195;3.721082089191997,8.881385548157215,0.35484045745388293;6.101545181256263,8.790137986408395,1.2639000034553933;14.737980355806986,8.782652679798053,1.0509056472900933;8.401310070704824,11.991886299150524,1.2062214485731173;17.06132291164363,16.261464942281574,1.3345172871816686;17.339109943706937,6.311506988921403,2.300624148151509;14.590277332334818,8.335859238449064,1.6499407138788138;5.222352165170459,5.2246686833336335,1.2953675730785918;4.241324229439376,12.456110153327092,0.3647650457406896;6.334813280978457,3.731836136358651,2.315285015721719;3.96199220928336,15.075728766947645,0.9109831433466773;13.470667831163155,10.03843225270554,1.3979717289653883;16.36473653509302,8.086891939973933,1.0265631417602112;9.356408901119345,2.787804101659744,0.20891529902825748;2.095021869582651,17.079045109775457,0.6495937887270954"
5,drone_8,10.573,3.686,13.942,14.674,"7.143965878414324,18.52253351862183,0.8394107337496143;6.637422351629716,5.81892506984119,0.6003018776062884;0.36590554591665037,16.596997027271488,0.20777990884561767;16.70210735212728,10.387662511155286,2.4865164910063826;17.575883932032223,2.721593568127446,1.6479158532570475;1.2973598084027889,12.541582926626493,1.1930564938806265;5.325463640573792,3.699943652690364,0.9547411468291342;2.859297170747846,7.553503878133155,2.1925507706303717;10.533388546054491,10.175620803711702,0.4434834056225819;13.471363977912578,4.924285787991767,1.3272358809753264;3.1989281854844065,17.094804049625413,0.4405086223709195;3.721082089191997,8.881385548157215,0.35484045745388293;6.101545181256263,8.790137986408395,1.2639000034553933;14.737980355806986,8.782652679798053,1.0509056472900933;8.401310070704824,11.991886299150524,1.2062214485731173;17.06132291164363,16.261464942281574,1.3345172871816686;17.339109943706937,6.311506988921403,2.300624148151509;14.590277332334818,8.335859238449064,1.6499407138788138;5.222352165170459,5.2246686833336335,1.2953675730785918;4.241324229439376,12.456110153327092,0.3647650457406896;6.334813280978457,3.731836136358651,2.315285015721719;3.96199220928336,15.075728766947645,0.9109831433466773;13.470667831163155,10.03843225270554,1.3979717289653883;16.36473653509302,8.086891939973933,1.0265631417602112;9.356408901119345,2.787804101659744,0.20891529902825748;2.095021869582651,17.079045109775457,0.6495937887270954"
5,drone_9,10.452,5.576,13.942,14.674,"7.143965878414324,18.52253351862183,0.8394107337496143;6.637422351629716,5.81892506984119,0.6003018776062884;0.36590554591665037,16.596997027271488,0.20777990884561767;16.70210735212728,10.387662511155286,2.4865164910063826;17.575883932032223,2.721593568127446,1.6479158532570475;1.2973598084027889,12.541582926626493,1.1930564938806265;5.325463640573792,3.699943652690364,0.9547411468291342;2.859297170747846,7.553503878133155,2.1925507706303717;10.533388546054491,10.175620803711702,0.4434834056225819;13.471363977912578,4.924285787991767,1.3272358809753264;3.1989281854844065,17.094804049625413,0.4405086223709195;3.721082089191997,8.881385548157215,0.35484045745388293;6.101545181256263,8.790137986408395,1.2639000034553933;14.737980355806986,8.782652679798053,1.0509056472900933;8.401310070704824,11.991886299150524,1.2062214485731173;17.06132291164363,16.261464942281574,1.3345172871816686;17.339109943706937,6.311506988921403,2.300624148151509;14.590277332334818,8.335859238449064,1.6499407138788138;5.222352165170459,5.2246686833336335,1.2953675730785918;4.241324229439376,12.456110153327092,0.3647650457406896;6.334813280978457,3.731836136358651,2.315285015721719;3.96199220928336,15.075728766947645,0.9109831433466773;13.470667831163155,10.03843225270554,1.3979717289653883;16.36473653509302,8.086891939973933,1.0265631417602112;9.356408901119345,2.787804101659744,0.20891529902825748;2.095021869582651,17.079045109775457,0.6495937887270954"
6,drone_0,-100.000,-100.000,13.942,14.674,"7.143965878414324,18.52253351862183,0.8394107337496143;6.637422351629716,5.81892506984119,0.6003018776062884;0.36590554591665037,16.596997027271488,0.20777990884561767;16.70210735212728,10.387662511155286,2.4865164910063826;17.575883932032223,2.721593568127446,1.6479158532570475;1.2973598084027889,12.541582926626493,1.1930564938806265;5.325463640573792,3.699943652690364,0.9547411468291342;2.859297170747846,7.553503878133155,2.1925507706303717;10.533388546054491,10.175620803711702,0.4434834056225819;13.471363977912578,4.924285787991767,1.3272358809753264;3.1989281854844065,17.094804049625413,0.4405086223709195;3.721082089191997,8.881385548157215,0.35484045745388293;6.101545181256263,8.790137986408395,1.2639000034553933;14.737980355806986,8.782652679798053,1.0509056472900933;8.401310070704824,11.991886299150524,1.2062214485731173;17.06132291164363,16.261464942281574,1.3345172871816686;17.339109943706937,6.311506988921403,2.300624148151509;14.590277332334818,8.335859238449064,1.6499407138788138;5.222352165170459,5.2246686833336335,1.2953675730785918;4.241324229439376,12.456110153327092,0.3647650457406896;6.334813280978457,3.731836136358651,2.315285015721719;3.96199220928336,15.075728766947645,0.9109831433466773;13.470667831163155,10.03843225270554,1.3979717289653883;16.36473653509302,8.086891939973933,1.0265631417602112;9.356408901119345,2.787804101659744,0.20891529902825748;2.095021869582651,17.079045109775457,0.6495937887270954"
6,drone_1,11.364,3.531,13.942,14.674,"7.143965878414324,18.52253351862183,0.8394107337496143;6.637422351629716,5.81892506984119,0.6003018776062884;0.36590554591665037,16.596997027271488,0.20777990884561767;16.70210735212728,10.387662511155286,2.4865164910063826;17.575883932032223,2.721593568127446,1.6479158532570475;1.2973598084027889,12.541582926626493,1.1930564938806265;5.325463640573792,3.699943652690364,0.9547411468291342;2.859297170747846,7.553503878133155,2.1925507706303717;10.533388546054491,10.175620803711702,0.4434834056225819;13.471363977912578,4.924285787991767,1.3272358809753264;3.1989281854844065,17.094804049625413,0.4405086223709195;3.721082089191997,8.881385548157215,0.35484045745388293;6.101545181256263,8.790137986408395,1.2639000034553933;14.737980355806986,8.782652679798053,1.0509056472900933;8.401310070704824,11.991886299150524,1.2062214485731173;17.06132291164363,16.261464942281574,1.3345172871816686;17.339109943706937,6.311506988921403,2.300624148151509;14.590277332334818,8.335859238449064,1.6499407138788138;5.222352165170459,5.2246686833336335,1.2953675730785918;4.241324229439376,12.456110153327092,0.3647650457406896;6.334813280978457,3.731836136358651,2.315285015721719;3.96199220928336,15.075728766947645,0.9109831433466773;13.470667831163155,10.03843225270554,1.3979717289653883;16.36473653509302,8.086891939973933,1.0265631417602112;9.356408901119345,2.787804101659744,0.20891529902825748;2.095021869582651,17.079045109775457,0.6495937887270954"
6,drone_2,10.314,2.942,13.942,14.674,"7.143965878414324,18.52253351862183,0.8394107337496143;6.637422351629716,5.81892506984119,0.6003018776062884;0.36590554591665037,16.596997027271488,0.20777990884561767;16.70210735212728,10.387662511155286,2.4865164910063826;17.575883932032223,2.721593568127446,1.6479158532570475;1.2973598084027889,12.541582926626493,1.1930564938806265;5.325463640573792,3.699943652690364,0.9547411468291342;2.859297170747846,7.553503878133155,2.1925507706303717;10.533388546054491,10.175620803711702,0.4434834056225819;13.471363977912578,4.924285787991767,1.3272358809753264;3.1989281854844065,17.094804049625413,0.4405086223709195;3.721082089191997,8.881385548157215,0.35484045745388293;6.101545181256263,8.790137986408395,1.2639000034553933;14.737980355806986,8.782652679798053,1.0509056472900933;8.401310070704824,11.991886299150524,1.2062214485731173;17.06132291164363,16.261464942281574,1.3345172871816686;17.339109943706937,6.311506988921403,2.300624148151509;14.590277332334818,8.335859238449064,1.6499407138788138;5.222352165170459,5.2246686833336335,1.2953675730785918;4.241324229439376,12.456110153327092,0.3647650457406896;6.334813280978457,3.731836136358651,2.315285015721719;3.96199220928336,15.075728766947645,0.9109831433466773;13.470667831163155,10.03843225270554,1.3979717289653883;16.36473653509302,8.086891939973933,1.0265631417602112;9.356408901119345,2.787804101659744,0.20891529902825748;2.095021869582651,17.079045109775457,0.6495937887270954"
6,drone_3,10.578,4.901,13.942,14.674,"7.143965878414324,18.52253351862183,0.8394107337496143;6.637422351629716,5.81892506984119,0.6003018776062884;0.36590554591665037,16.596997027271488,0.20777990884561767;16.70210735212728,10.387662511155286,2.4865164910063826;17.575883932032223,2.721593568127446,1.6479158532570475;1.2973598084027889,12.541582926626493,1.1930564938806265;5.325463640573792,3.699943652690364,0.9547411468291342;2.859297170747846,7.553503878133155,2.1925507706303717;10.533388546054491,10.175620803711702,0.4434834056225819;13.471363977912578,4.924285787991767,1.3272358809753264;3.1989281854844065,17.094804049625413,0.4405086223709195;3.721082089191997,8.881385548157215,0.35484045745388293;6.101545181256263,8.790137986408395,1.2639000034553933;14.737980355806986,8.782652679798053,1.0509056472900933;8.401310070704824,11.991886299150524,1.2062214485731173;17.06132291164363,16.261464942281574,1.3345172871816686;17.339109943706937,6.311506988921403,2.300624148151509;14.590277332334818,8.335859238449064,1.6499407138788138;5.222352165170459,5.2246686833336335,1.2953675730785918;4.241324229439376,12.456110153327092,0.3647650457406896;6.334813280978457,3.731836136358651,2.315285015721719;3.96199220928336,15.075728766947645,0.9109831433466773;13.470667831163155,10.03843225270554,1.3979717289653883;16.36473653509302,8.086891939973933,1.0265631417602112;9.356408901119345,2.787804101659744,0.20891529902825748;2.095021869582651,17.079045109775457,0.6495937887270954"
6,drone_4,9.755,4.886,13.942,14.674,"7.143965878414324,18.52253351862183,0.8394107337496143;6.637422351629716,5.81892506984119,0.6003018776062884;0.36590554591665037,16.596997027271488,0.20777990884561767;16.70210735212728,10.387662511155286,2.4865164910063826;17.575883932032223,2.721593568127446,1.6479158532570475;1.2973598084027889,12.541582926626493,1.1930564938806265;5.325463640573792,3.699943652690364,0.9547411468291342;2.859297170747846,7.553503878133155,2.1925507706303717;10.533388546054491,10.175620803711702,0.4434834056225819;13.471363977912578,4.924285787991767,1.3272358809753264;3.1989281854844065,17.094804049625413,0.4405086223709195;3.721082089191997,8.881385548157215,0.35484045745388293;6.101545181256263,8.790137986408395,1.2639000034553933;14.737980355806986,8.782652679798053,1.0509056472900933;8.401310070704824,11.991886299150524,1.2062214485731173;17.06132291164363,16.261464942281574,1.3345172871816686;17.339109943706937,6.311506988921403,2.300624148151509;14.590277332334818,8.335859238449064,1.6499407138788138;5.222352165170459,5.2246686833336335,1.2953675730785918;4.241324229439376,12.456110153327092,0.3647650457406896;6.334813280978457,3.731836136358651,2.315285015721719;3.96199220928336,15.075728766947645,0.9109831433466773;13.470667831163155,10.03843225270554,1.3979717289653883;16.36473653509302,8.086891939973933,1.0265631417602112;9.356408901119345,2.787804101659744,0.20891529902825748;2.095021869582651,17.079045109775457,0.6495937887270954"
6,drone_5,-100.000,-100.000,13.942,14.674,"7.143965878414324,18.52253351862183,0.8394107337496143;6.637422351629716,5.81892506984119,0.6003018776062884;0.36590554591665037,16.596997027271488,0.20777990884561767;16.70210735212728,10.387662511155286,2.4865164910063826;17.575883932032223,2.721593568127446,1.6479158532570475;1.2973598084027889,12.541582926626493,1.1930564938806265;5.325463640573792,3.699943652690364,0.9547411468291342;2.859297170747846,7.553503878133155,2.1925507706303717;10.533388546054491,10.175620803711702,0.4434834056225819;13.471363977912578,4.924285787991767,1.3272358809753264;3.1989281854844065,17.094804049625413,0.4405086223709195;3.721082089191997,8.881385548157215,0.35484045745388293;6.101545181256263,8.790137986408395,1.2639000034553933;14.737980355806986,8.782652679798053,1.0509056472900933;8.401310070704824,11.991886299150524,1.2062214485731173;17.06132291164363,16.261464942281574,1.3345172871816686;17.339109943706937,6.311506988921403,2.300624148151509;14.590277332334818,8.335859238449064,1.6499407138788138;5.222352165170459,5.2246686833336335,1.2953675730785918;4.241324229439376,12.456110153327092,0.3647650457406896;6.334813280978457,3.731836136358651,2.315285015721719;3.96199220928336,15.075728766947645,0.9109831433466773;13.470667831163155,10.03843225270554,1.3979717289653883;16.36473653509302,8.086891939973933,1.0265631417602112;9.356408901119345,2.787804101659744,0.20891529902825748;2.095021869582651,17.079045109775457,0.6495937887270954"
6,drone_6,11.237,5.604,13.942,14.674,"7.143965878414324,18.52253351862183,0.8394107337496143;6.637422351629716,5.81892506984119,0.6003018776062884;0.36590554591665037,16.596997027271488,0.20777990884561767;16.70210735212728,10.387662511155286,2.4865164910063826;17.575883932032223,2.721593568127446,1.6479158532570475;1.2973598084027889,12.541582926626493,1.1930564938806265;5.325463640573792,3.699943652690364,0.9547411468291342;2.859297170747846,7.553503878133155,2.1925507706303717;10.533388546054491,10.175620803711702,0.4434834056225819;13.471363977912578,4.924285787991767,1.3272358809753264;3.1989281854844065,17.094804049625413,0.4405086223709195;3.721082089191997,8.881385548157215,0.35484045745388293;6.101545181256263,8.790137986408395,1.2639000034553933;14.737980355806986,8.782652679798053,1.0509056472900933;8.401310070704824,11.991886299150524,1.2062214485731173;17.06132291164363,16.261464942281574,1.3345172871816686;17.339109943706937,6.311506988921403,2.300624148151509;14.590277332334818,8.335859238449064,1.6499407138788138;5.222352165170459,5.2246686833336335,1.2953675730785918;4.241324229439376,12.456110153327092,0.3647650457406896;6.334813280978457,3.731836136358651,2.315285015721719;3.96199220928336,15.075728766947645,0.9109831433466773;13.470667831163155,10.03843225270554,1.3979717289653883;16.36473653509302,8.086891939973933,1.0265631417602112;9.356408901119345,2.787804101659744,0.20891529902825748;2.095021869582651,17.079045109775457,0.6495937887270954"
6,drone_7,11.330,2.729,13.942,14.674,"7.143965878414324,18.52253351862183,0.8394107337496143;6.637422351629716,5.81892506984119,0.6003018776062884;0.36590554591665037,16.596997027271488,0.20777990884561767;16.70210735212728,10.387662511155286,2.4865164910063826;17.575883932032223,2.721593568127446,1.6479158532570475;1.2973598084027889,12.541582926626493,1.1930564938806265;5.325463640573792,3.699943652690364,0.9547411468291342;2.859297170747846,7.553503878133155,2.1925507706303717;10.533388546054491,10.175620803711702,0.4434834056225819;13.471363977912578,4.924285787991767,1.3272358809753264;3.1989281854844065,17.094804049625413,0.4405086223709195;3.721082089191997,8.881385548157215,0.35484045745388293;6.101545181256263,8.790137986408395,1.2639000034553933;14.737980355806986,8.782652679798053,1.0509056472900933;8.401310070704824,11.991886299150524,1.2062214485731173;17.06132291164363,16.261464942281574,1.3345172871816686;17.339109943706937,6.311506988921403,2.300624148151509;14.590277332334818,8.335859238449064,1.6499407138788138;5.222352165170459,5.2246686833336335,1.2953675730785918;4.241324229439376,12.456110153327092,0.3647650457406896;6.334813280978457,3.731836136358651,2.315285015721719;3.96199220928336,15.075728766947645,0.9109831433466773;13.470667831163155,10.03843225270554,1.3979717289653883;16.36473653509302,8.086891939973933,1.0265631417602112;9.356408901119345,2.787804101659744,0.20891529902825748;2.095021869582651,17.079045109775457,0.6495937887270954"
6,drone_8,10.570,3.834,13.942,14.674,"7.143965878414324,18.52253351862183,0.8394107337496143;6.637422351629716,5.81892506984119,0.6003018776062884;0.36590554591665037,16.596997027271488,0.20777990884561767;16.70210735212728,10.387662511155286,2.4865164910063826;17.575883932032223,2.721593568127446,1.6479158532570475;1.2973598084027889,12.541582926626493,1.1930564938806265;5.325463640573792,3.699943652690364,0.9547411468291342;2.859297170747846,7.553503878133155,2.1925507706303717;10.533388546054491,10.175620803711702,0.4434834056225819;13.471363977912578,4.924285787991767,1.3272358809753264;3.1989281854844065,17.094804049625413,0.4405086223709195;3.721082089191997,8.881385548157215,0.35484045745388293;6.101545181256263,8.790137986408395,1.2639000034553933;14.737980355806986,8.782652679798053,1.0509056472900933;8.401310070704824,11.991886299150524,1.2062214485731173;17.06132291164363,16.261464942281574,1.3345172871816686;17.339109943706937,6.311506988921403,2.300624148151509;14.590277332334818,8.335859238449064,1.6499407138788138;5.222352165170459,5.2246686833336335,1.2953675730785918;4.241324229439376,12.456110153327092,0.3647650457406896;6.334813280978457,3.731836136358651,2.315285015721719;3.96199220928336,15.075728766947645,0.9109831433466773;13.470667831163155,10.03843225270554,1.3979717289653883;16.36473653509302,8.086891939973933,1.0265631417602112;9.356408901119345,2.787804101659744,0.20891529902825748;2.095021869582651,17.079045109775457,0.6495937887270954"
6,drone_9,10.491,5.697,13.942,14.674,"7.143965878414324,18.52253351862183,0.8394107337496143;6.637422351629716,5.81892506984119,0.6003018776062884;0.36590554591665037,16.596997027271488,0.20777990884561767;16.70210735212728,10.387662511155286,2.4865164910063826;17.575883932032223,2.721593568127446,1.6479158532570475;1.2973598084027889,12.541582926626493,1.1930564938806265;5.325463640573792,3.699943652690364,0.9547411468291342;2.859297170747846,7.553503878133155,2.1925507706303717;10.533388546054491,10.175620803711702,0.4434834056225819;13.471363977912578,4.924285787991767,1.3272358809753264;3.1989281854844065,17.094804049625413,0.4405086223709195;3.721082089191997,8.881385548157215,0.35484045745388293;6.101545181256263,8.790137986408395,1.2639000034553933;14.737980355806986,8.782652679798053,1.0509056472900933;8.401310070704824,11.991886299150524,1.2062214485731173;17.06132291164363,16.261464942281574,1.3345172871816686;17.339109943706937,6.311506988921403,2.300624148151509;14.590277332334818,8.335859238449064,1.6499407138788138;5.222352165170459,5.2246686833336335,1.2953675730785918;4.241324229439376,12.456110153327092,0.3647650457406896;6.334813280978457,3.731836136358651,2.315285015721719;3.96199220928336,15.075728766947645,0.9109831433466773;13.470667831163155,10.03843225270554,1.3979717289653883;16.36473653509302,8.086891939973933,1.0265631417602112;9.356408901119345,2.787804101659744,0.20891529902825748;2.095021869582651,17.079045109775457,0.6495937887270954"
7,drone_1,11.296,3.662,13.942,14.674,"7.143965878414324,18.52253351862183,0.8394107337496143;6.637422351629716,5.81892506984119,0.6003018776062884;0.36590554591665037,16.596997027271488,0.20777990884561767;16.70210735212728,10.387662511155286,2.4865164910063826;17.575883932032223,2.721593568127446,1.6479158532570475;1.2973598084027889,12.541582926626493,1.1930564938806265;5.325463640573792,3.699943652690364,0.9547411468291342;2.859297170747846,7.553503878133155,2.1925507706303717;10.533388546054491,10.175620803711702,0.4434834056225819;13.471363977912578,4.924285787991767,1.3272358809753264;3.1989281854844065,17.094804049625413,0.4405086223709195;3.721082089191997,8.881385548157215,0.35484045745388293;6.101545181256263,8.790137986408395,1.2639000034553933;14.737980355806986,8.782652679798053,1.0509056472900933;8.401310070704824,11.991886299150524,1.2062214485731173;17.06132291164363,16.261464942281574,1.3345172871816686;17.339109943706937,6.311506988921403,2.300624148151509;14.590277332334818,8.335859238449064,1.6499407138788138;5.222352165170459,5.2246686833336335,1.2953675730785918;4.241324229439376,12.456110153327092,0.3647650457406896;6.334813280978457,3.731836136358651,2.315285015721719;3.96199220928336,15.075728766947645,0.9109831433466773;13.470667831163155,10.03843225270554,1.3979717289653883;16.36473653509302,8.086891939973933,1.0265631417602112;9.356408901119345,2.787804101659744,0.20891529902825748;2.095021869582651,17.079045109775457,0.6495937887270954"
7,drone_2,10.368,3.105,13.942,14.674,"7.143965878414324,18.52253351862183,0.8394107337496143;6.637422351629716,5.81892506984119,0.6003018776062884;0.36590554591665037,16.596997027271488,0.20777990884561767;16.70210735212728,10.387662511155286,2.4865164910063826;17.575883932032223,2.721593568127446,1.6479158532570475;1.2973598084027889,12.541582926626493,1.1930564938806265;5.325463640573792,3.699943652690364,0.9547411468291342;2.859297170747846,7.553503878133155,2.1925507706303717;10.533388546054491,10.175620803711702,0.4434834056225819;13.471363977912578,4.924285787991767,1.3272358809753264;3.1989281854844065,17.094804049625413,0.4405086223709195;3.721082089191997,8.881385548157215,0.35484045745388293;6.101545181256263,8.790137986408395,1.2639000034553933;14.737980355806986,8.782652679798053,1.0509056472900933;8.401310070704824,11.991886299150524,1.2062214485731173;17.06132291164363,16.261464942281574,1.3345172871816686;17.339109943706937,6.311506988921403,2.300624148151509;14.590277332334818,8.335859238449064,1.6499407138788138;5.222352165170459,5.2246686833336335,1.2953675730785918;4.241324229439376,12.456110153327092,0.3647650457406896;6.334813280978457,3.731836136358651,2.315285015721719;3.96199220928336,15.075728766947645,0.9109831433466773;13.470667831163155,10.03843225270554,1.3979717289653883;16.36473653509302,8.086891939973933,1.0265631417602112;9.356408901119345,2.787804101659744,0.20891529902825748;2.095021869582651,17.079045109775457,0.6495937887270954"
7,drone_3,10.550,5.025,13.942,14.674,"7.143965878414324,18.52253351862183,0.8394107337496143;6.637422351629716,5.81892506984119,0.6003018776062884;0.36590554591665037,16.596997027271488,0.20777990884561767;16.70210735212728,10.387662511155286,2.4865164910063826;17.575883932032223,2.721593568127446,1.6479158532570475;1.2973598084027889,12.541582926626493,1.1930564938806265;5.325463640573792,3.699943652690364,0.9547411468291342;2.859297170747846,7.553503878133155,2.1925507706303717;10.533388546054491,10.175620803711702,0.4434834056225819;13.471363977912578,4.924285787991767,1.3272358809753264;3.1989281854844065,17.094804049625413,0.4405086223709195;3.721082089191997,8.881385548157215,0.35484045745388293;6.101545181256263,8.790137986408395,1.2639000034553933;14.737980355806986,8.782652679798053,1.0509056472900933;8.401310070704824,11.991886299150524,1.2062214485731173;17.06132291164363,16.261464942281574,1.3345172871816686;17.339109943706937,6.311506988921403,2.300624148151509;14.590277332334818,8.335859238449064,1.6499407138788138;5.222352165170459,5.2246686833336335,1.2953675730785918;4.241324229439376,12.456110153327092,0.3647650457406896;6.334813280978457,3.731836136358651,2.315285015721719;3.96199220928336,15.075728766947645,0.9109831433466773;13.470667831163155,10.03843225270554,1.3979717289653883;16.36473653509302,8.086891939973933,1.0265631417602112;9.356408901119345,2.787804101659744,0.20891529902825748;2.095021869582651,17.079045109775457,0.6495937887270954"
7,drone_4,9.705,5.050,13.942,14.674,"7.143965878414324,18.52253351862183,0.8394107337496143;6.637422351629716,5.81892506984119,0.6003018776062884;0.36590554591665037,16.596997027271488,0.20777990884561767;16.70210735212728,10.387662511155286,2.4865164910063826;17.575883932032223,2.721593568127446,1.6479158532570475;1.2973598084027889,12.541582926626493,1.1930564938806265;5.325463640573792,3.699943652690364,0.9547411468291342;2.859297170747846,7.553503878133155,2.1925507706303717;10.533388546054491,10.175620803711702,0.4434834056225819;13.471363977912578,4.924285787991767,1.3272358809753264;3.1989281854844065,17.094804049625413,0.4405086223709195;3.721082089191997,8.881385548157215,0.35484045745388293;6.101545181256263,8.790137986408395,1.2639000034553933;14.737980355806986,8.782652679798053,1.0509056472900933;8.401310070704824,11.991886299150524,1.2062214485731173;17.06132291164363,16.261464942281574,1.3345172871816686;17.339109943706937,6.311506988921403,2.300624148151509;14.590277332334818,8.335859238449064,1.6499407138788138;5.222352165170459,5.2246686833336335,1.2953675730785918;4.241324229439376,12.456110153327092,0.3647650457406896;6.334813280978457,3.731836136358651,2.315285015721719;3.96199220928336,15.075728766947645,0.9109831433466773;13.470667831163155,10.03843225270554,1.3979717289653883;16.36473653509302,8.086891939973933,1.0265631417602112;9.356408901119345,2.787804101659744,0.20891529902825748;2.095021869582651,17.079045109775457,0.6495937887270954"
7,drone_6,11.276,5.747,13.942,14.674,"7.143965878414324,18.52253351862183,0.8394107337496143;6.637422351629716,5.81892506984119,0.6003018776062884;0.36590554591665037,16.596997027271488,0.20777990884561767;16.70210735212728,10.387662511155286,2.4865164910063826;17.575883932032223,2.721593568127446,1.6479158532570475;1.2973598084027889,12.541582926626493,1.1930564938806265;5.325463640573792,3.699943652690364,0.9547411468291342;2.859297170747846,7.553503878133155,2.1925507706303717;10.533388546054491,10.175620803711702,0.4434834056225819;13.471363977912578,4.924285787991767,1.3272358809753264;3.1989281854844065,17.094804049625413,0.4405086223709195;3.721082089191997,8.881385548157215,0.35484045745388293;6.101545181256263,8.790137986408395,1.2639000034553933;14.737980355806986,8.782652679798053,1.0509056472900933;8.401310070704824,11.991886299150524,1.2062214485731173;17.06132291164363,16.261464942281574,1.3345172871816686;17.339109943706937,6.311506988921403,2.300624148151509;14.590277332334818,8.335859238449064,1.6499407138788138;5.222352165170459,5.2246686833336335,1.2953675730785918;4.241324229439376,12.456110153327092,0.3647650457406896;6.334813280978457,3.731836136358651,2.315285015721719;3.96199220928336,15.075728766947645,0.9109831433466773;13.470667831163155,10.03843225270554,1.3979717289653883;16.36473653509302,8.086891939973933,1.0265631417602112;9.356408901119345,2.787804101659744,0.20891529902825748;2.095021869582651,17.079045109775457,0.6495937887270954"
7,drone_7,11.493,2.787,13.942,14.674,"7.143965878414324,18.52253351862183,0.8394107337496143;6.637422351629716,5.81892506984119,0.6003018776062884;0.36590554591665037,16.596997027271488,0.20777990884561767;16.70210735212728,10.387662511155286,2.4865164910063826;17.575883932032223,2.721593568127446,1.6479158532570475;1.2973598084027889,12.541582926626493,1.1930564938806265;5.325463640573792,3.699943652690364,0.9547411468291342;2.859297170747846,7.553503878133155,2.1925507706303717;10.533388546054491,10.175620803711702,0.4434834056225819;13.471363977912578,4.924285787991767,1.3272358809753264;3.1989281854844065,17.094804049625413,0.4405086223709195;3.721082089191997,8.881385548157215,0.35484045745388293;6.101545181256263,8.790137986408395,1.2639000034553933;14.737980355806986,8.782652679798053,1.0509056472900933;8.401310070704824,11.991886299150524,1.2062214485731173;17.06132291164363,16.261464942281574,1.3345172871816686;17.339109943706937,6.311506988921403,2.300624148151509;14.590277332334818,8.335859238449064,1.6499407138788138;5.222352165170459,5.2246686833336335,1.2953675730785918;4.241324229439376,12.456110153327092,0.3647650457406896;6.334813280978457,3.731836136358651,2.315285015721719;3.96199220928336,15.075728766947645,0.9109831433466773;13.470667831163155,10.03843225270554,1.3979717289653883;16.36473653509302,8.086891939973933,1.0265631417602112;9.356408901119345,2.787804101659744,0.20891529902825748;2.095021869582651,17.079045109775457,0.6495937887270954"
7,drone_8,10.624,3.972,13.942,14.674,"7.143965878414324,18.52253351862183,0.8394107337496143;6.637422351629716,5.81892506984119,0.6003018776062884;0.36590554591665037,16.596997027271488,0.20777990884561767;16.70210735212728,10.387662511155286,2.4865164910063826;17.575883932032223,2.721593568127446,1.6479158532570475;1.2973598084027889,12.541582926626493,1.1930564938806265;5.325463640573792,3.699943652690364,0.9547411468291342;2.859297170747846,7.553503878133155,2.1925507706303717;10.533388546054491,10.175620803711702,0.4434834056225819;13.471363977912578,4.924285787991767,1.3272358809753264;3.1989281854844065,17.094804049625413,0.4405086223709195;3.721082089191997,8.881385548157215,0.35484045745388293;6.101545181256263,8.790137986408395,1.2639000034553933;14.737980355806986,8.782652679798053,1.0509056472900933;8.401310070704824,11.991886299150524,1.2062214485731173;17.06132291164363,16.261464942281574,1.3345172871816686;17.339109943706937,6.311506988921403,2.300624148151509;14.590277332334818,8.335859238449064,1.6499407138788138;5.222352165170459,5.2246686833336335,1.2953675730785918;4.241324229439376,12.456110153327092,0.3647650457406896;6.334813280978457,3.731836136358651,2.315285015721719;3.96199220928336,15.075728766947645,0.9109831433466773;13.470667831163155,10.03843225270554,1.3979717289653883;16.36473653509302,8.086891939973933,1.0265631417602112;9.356408901119345,2.787804101659744,0.20891529902825748;2.095021869582651,17.079045109775457,0.6495937887270954"
7,drone_9,10.451,5.840,13.942,14.674,"7.143965878414324,18.52253351862183,0.8394107337496143;6.637422351629716,5.81892506984119,0.6003018776062884;0.36590554591665037,16.596997027271488,0.20777990884561767;16.70210735212728,10.387662511155286,2.4865164910063826;17.575883932032223,2.721593568127446,1.6479158532570475;1.2973598084027889,12.541582926626493,1.1930564938806265;5.325463640573792,3.699943652690364,0.9547411468291342;2.859297170747846,7.553503878133155,2.1925507706303717;10.533388546054491,10.175620803711702,0.4434834056225819;13.471363977912578,4.924285787991767,1.3272358809753264;3.1989281854844065,17.094804049625413,0.4405086223709195;3.721082089191997,8.881385548157215,0.35484045745388293;6.101545181256263,8.790137986408395,1.2639000034553933;14.737980355806986,8.782652679798053,1.0509056472900933;8.401310070704824,11.991886299150524,1.2062214485731173;17.06132291164363,16.261464942281574,1.3345172871816686;17.339109943706937,6.311506988921403,2.300624148151509;14.590277332334818,8.335859238449064,1.6499407138788138;5.222352165170459,5.2246686833336335,1.2953675730785918;4.241324229439376,12.456110153327092,0.3647650457406896;6.334813280978457,3.731836136358651,2.315285015721719;3.96199220928336,15.075728766947645,0.9109831433466773;13.470667831163155,10.03843225270554,1.3979717289653883;16.36473653509302,8.086891939973933,1.0265631417602112;9.356408901119345,2.787804101659744,0.20891529902825748;2.095021869582651,17.079045109775457,0.6495937887270954"
8,drone_1,11.316,3.809,13.942,14.674,"7.143965878414324,18.52253351862183,0.8394107337496143;6.637422351629716,5.81892506984119,0.6003018776062884;0.36590554591665037,16.596997027271488,0.20777990884561767;16.70210735212728,10.387662511155286,2.4865164910063826;17.575883932032223,2.721593568127446,1.6479158532570475;1.2973598084027889,12.541582926626493,1.1930564938806265;5.325463640573792,3.699943652690364,0.9547411468291342;2.859297170747846,7.553503878133155,2.1925507706303717;10.533388546054491,10.175620803711702,0.4434834056225819;13.471363977912578,4.924285787991767,1.3272358809753264;3.1989281854844065,17.094804049625413,0.4405086223709195;3.721082089191997,8.881385548157215,0.35484045745388293;6.101545181256263,8.790137986408395,1.2639000034553933;14.737980355806986,8.782652679798053,1.0509056472900933;8.401310070704824,11.991886299150524,1.2062214485731173;17.06132291164363,16.261464942281574,1.3345172871816686;17.339109943706937,6.311506988921403,2.300624148151509;14.590277332334818,8.335859238449064,1.6499407138788138;5.222352165170459,5.2246686833336335,1.2953675730785918;4.241324229439376,12.456110153327092,0.3647650457406896;6.334813280978457,3.731836136358651,2.315285015721719;3.96199220928336,15.075728766947645,0.9109831433466773;13.470667831163155,10.03843225270554,1.3979717289653883;16.36473653509302,8.086891939973933,1.0265631417602112;9.356408901119345,2.787804101659744,0.20891529902825748;2.095021869582651,17.079045109775457,0.6495937887270954"
8,drone_2,10.339,3.275,13.942,14.674,"7.143965878414324,18.52253351862183,0.8394107337496143;6.637422351629716,5.81892506984119,0.6003018776062884;0.36590554591665037,16.596997027271488,0.20777990884561767;16.70210735212728,10.387662511155286,2.4865164910063826;17.575883932032223,2.721593568127446,1.6479158532570475;1.2973598084027889,12.541582926626493,1.1930564938806265;5.325463640573792,3.699943652690364,0.9547411468291342;2.859297170747846,7.553503878133155,2.1925507706303717;10.533388546054491,10.175620803711702,0.4434834056225819;13.471363977912578,4.924285787991767,1.3272358809753264;3.1989281854844065,17.094804049625413,0.4405086223709195;3.721082089191997,8.881385548157215,0.35484045745388293;6.101545181256263,8.790137986408395,1.2639000034553933;14.737980355806986,8.782652679798053,1.0509056472900933;8.401310070704824,11.991886299150524,1.2062214485731173;17.06132291164363,16.261464942281574,1.3345172871816686;17.339109943706937,6.311506988921403,2.300624148151509;14.590277332334818,8.335859238449064,1.6499407138788138;5.222352165170459,5.2246686833336335,1.2953675730785918;4.241324229439376,12.456110153327092,0.3647650457406896;6.334813280978457,3.731836136358651,2.315285015721719;3.96199220928336,15.075728766947645,0.9109831433466773;13.470667831163155,10.03843225270554,1.3979717289653883;16.36473653509302,8.086891939973933,1.0265631417602112;9.356408901119345,2.787804101659744,0.20891529902825748;2.095021869582651,17.079045109775457,0.6495937887270954"
8,drone_3,10.589,5.168,13.942,14.674,"7.143965878414324,18.52253351862183,0.8394107337496143;6.637422351629716,5.81892506984119,0.6003018776062884;0.36590554591665037,16.596997027271488,0.20777990884561767;16.70210735212728,10.387662511155286,2.4865164910063826;17.575883932032223,2.721593568127446,1.6479158532570475;1.2973598084027889,12.541582926626493,1.1930564938806265;5.325463640573792,3.699943652690364,0.9547411468291342;2.859297170747846,7.553503878133155,2.1925507706303717;10.533388546054491,10.175620803711702,0.4434834056225819;13.471363977912578,4.924285787991767,1.3272358809753264;3.1989281854844065,17.094804049625413,0.4405086223709195;3.721082089191997,8.881385548157215,0.35484045745388293;6.101545181256263,8.790137986408395,1.2639000034553933;14.737980355806986,8.782652679798053,1.0509056472900933;8.401310070704824,11.991886299150524,1.2062214485731173;17.06132291164363,16.261464942281574,1.3345172871816686;17.339109943706937,6.311506988921403,2.300624148151509;14.590277332334818,8.335859238449064,1.6499407138788138;5.222352165170459,5.2246686833336335,1.2953675730785918;4.241324229439376,12.456110153327092,0.3647650457406896;6.334813280978457,3.731836136358651,2.315285015721719;3.96199220928336,15.075728766947645,0.9109831433466773;13.470667831163155,10.03843225270554,1.3979717289653883;16.36473653509302,8.086891939973933,1.0265631417602112;9.356408901119345,2.787804101659744,0.20891529902825748;2.095021869582651,17.079045109775457,0.6495937887270954"
8,drone_4,9.738,5.220,13.942,14.674,"7.143965878414324,18.52253351862183,0.8394107337496143;6.637422351629716,5.81892506984119,0.6003018776062884;0.36590554591665037,16.596997027271488,0.20777990884561767;16.70210735212728,10.387662511155286,2.4865164910063826;17.575883932032223,2.721593568127446,1.6479158532570475;1.2973598084027889,12.541582926626493,1.1930564938806265;5.325463640573792,3.699943652690364,0.9547411468291342;2.859297170747846,7.553503878133155,2.1925507706303717;10.533388546054491,10.175620803711702,0.4434834056225819;13.471363977912578,4.924285787991767,1.3272358809753264;3.1989281854844065,17.094804049625413,0.4405086223709195;3.721082089191997,8.881385548157215,0.35484045745388293;6.101545181256263,8.790137986408395,1.2639000034553933;14.737980355806986,8.782652679798053,1.0509056472900933;8.401310070704824,11.991886299150524,1.2062214485731173;17.06132291164363,16.261464942281574,1.3345172871816686;17.339109943706937,6.311506988921403,2.300624148151509;14.590277332334818,8.335859238449064,1.6499407138788138;5.222352165170459,5.2246686833336335,1.2953675730785918;4.241324229439376,12.456110153327092,0.3647650457406896;6.334813280978457,3.731836136358651,2.315285015721719;3.96199220928336,15.075728766947645,0.9109831433466773;13.470667831163155,10.03843225270554,1.3979717289653883;16.36473653509302,8.086891939973933,1.0265631417602112;9.356408901119345,2.787804101659744,0.20891529902825748;2.095021869582651,17.079045109775457,0.6495937887270954"
8,drone_6,11.239,5.891,13.942,14.674,"7.143965878414324,18.52253351862183,0.8394107337496143;6.637422351629716,5.81892506984119,0.6003018776062884;0.36590554591665037,16.596997027271488,0.20777990884561767;16.70210735212728,10.387662511155286,2.4865164910063826;17.575883932032223,2.721593568127446,1.6479158532570475;1.2973598084027889,12.541582926626493,1.1930564938806265;5.325463640573792,3.699943652690364,0.9547411468291342;2.859297170747846,7.553503878133155,2.1925507706303717;10.533388546054491,10.175620803711702,0.4434834056225819;13.471363977912578,4.924285787991767,1.3272358809753264;3.1989281854844065,17.094804049625413,0.4405086223709195;3.721082089191997,8.881385548157215,0.35484045745388293;6.101545181256263,8.790137986408395,1.2639000034553933;14.737980355806986,8.782652679798053,1.0509056472900933;8.401310070704824,11.991886299150524,1.2062214485731173;17.06132291164363,16.261464942281574,1.3345172871816686;17.339109943706937,6.311506988921403,2.300624148151509;14.590277332334818,8.335859238449064,1.6499407138788138;5.222352165170459,5.2246686833336335,1.2953675730785918;4.241324229439376,12.456110153327092,0.3647650457406896;6.334813280978457,3.731836136358651,2.315285015721719;3.96199220928336,15.075728766947645,0.9109831433466773;13.470667831163155,10.03843225270554,1.3979717289653883;16.36473653509302,8.086891939973933,1.0265631417602112;9.356408901119345,2.787804101659744,0.20891529902825748;2.095021869582651,17.079045109775457,0.6495937887270954"
8,drone_7,11.664,2.890,13.942,14.674,"7.143965878414324,18.52253351862183,0.8394107337496143;6.637422351629716,5.81892506984119,0.6003018776062884;0.36590554591665037,16.596997027271488,0.20777990884561767;16.70210735212728,10.387662511155286,2.4865164910063826;17.575883932032223,2.721593568127446,1.6479158532570475;1.2973598084027889,12.541582926626493,1.1930564938806265;5.325463640573792,3.699943652690364,0.9547411468291342;2.859297170747846,7.553503878133155,2.1925507706303717;10.533388546054491,10.175620803711702,0.4434834056225819;13.471363977912578,4.924285787991767,1.3272358809753264;3.1989281854844065,17.094804049625413,0.4405086223709195;3.721082089191997,8.881385548157215,0.35484045745388293;6.101545181256263,8.790137986408395,1.2639000034553933;14.737980355806986,8.782652679798053,1.0509056472900933;8.401310070704824,11.991886299150524,1.2062214485731173;17.06132291164363,16.261464942281574,1.3345172871816686;17.339109943706937,6.311506988921403,2.300624148151509;14.590277332334818,8.335859238449064,1.6499407138788138;5.222352165170459,5.2246686833336335,1.2953675730785918;4.241324229439376,12.456110153327092,0.3647650457406896;6.334813280978457,3.731836136358651,2.315285015721719;3.96199220928336,15.075728766947645,0.9109831433466773;13.470667831163155,10.03843225270554,1.3979717289653883;16.36473653509302,8.086891939973933,1.0265631417602112;9.356408901119345,2.787804101659744,0.20891529902825748;2.095021869582651,17.079045109775457,0.6495937887270954"
8,drone_8,10.704,4.096,13.942,14.674,"7.143965878414324,18.52253351862183,0.8394107337496143;6.637422351629716,5.81892506984119,0.6003018776062884;0.36590554591665037,16.596997027271488,0.20777990884561767;16.70210735212728,10.387662511155286,2.4865164910063826;17.575883932032223,2.721593568127446,1.6479158532570475;1.2973598084027889,12.541582926626493,1.1930564938806265;5.325463640573792,3.699943652690364,0.9547411468291342;2.859297170747846,7.553503878133155,2.1925507706303717;10.533388546054491,10.175620803711702,0.4434834056225819;13.471363977912578,4.924285787991767,1.3272358809753264;3.1989281854844065,17.094804049625413,0.4405086223709195;3.721082089191997,8.881385548157215,0.35484045745388293;6.101545181256263,8.790137986408395,1.2639000034553933;14.737980355806986,8.782652679798053,1.0509056472900933;8.401310070704824,11.991886299150524,1.2062214485731173;17.06132291164363,16.261464942281574,1.3345172871816686;17.339109943706937,6.311506988921403,2.300624148151509;14.590277332334818,8.335859238449064,1.6499407138788138;5.222352165170459,5.2246686833336335,1.2953675730785918;4.241324229439376,12.456110153327092,0.3647650457406896;6.334813280978457,3.731836136358651,2.315285015721719;3.96199220928336,15.075728766947645,0.9109831433466773;13.470667831163155,10.03843225270554,1.3979717289653883;16.36473653509302,8.086891939973933,1.0265631417602112;9.356408901119345,2.787804101659744,0.20891529902825748;2.095021869582651,17.079045109775457,0.6495937887270954"
8,drone_9,10.482,5.964,13.942,14.674,"7.143965878414324,18.52253351862183,0.8394107337496143;6.637422351629716,5.81892506984119,0.6003018776062884;0.36590554591665037,16.596997027271488,0.20777990884561767;16.70210735212728,10.387662511155286,2.4865164910063826;17.575883932032223,2.721593568127446,1.6479158532570475;1.2973598084027889,12.541582926626493,1.1930564938806265;5.325463640573792,3.699943652690364,0.9547411468291342;2.859297170747846,7.553503878133155,2.1925507706303717;10.533388546054491,10.175620803711702,0.4434834056225819;13.471363977912578,4.924285787991767,1.3272358809753264;3.1989281854844065,17.094804049625413,0.4405086223709195;3.721082089191997,8.881385548157215,0.35484045745388293;6.101545181256263,8.790137986408395,1.2639000034553933;14.737980355806986,8.782652679798053,1.0509056472900933;8.401310070704824,11.991886299150524,1.2062214485731173;17.06132291164363,16.261464942281574,1.3345172871816686;17.339109943706937,6.311506988921403,2.300624148151509;14.590277332334818,8.335859238449064,1.6499407138788138;5.222352165170459,5.2246686833336335,1.2953675730785918;4.241324229439376,12.456110153327092,0.3647650457406896;6.334813280978457,3.731836136358651,2.315285015721719;3.96199220928336,15.075728766947645,0.9109831433466773;13.470667831163155,10.03843225270554,1.3979717289653883;16.36473653509302,8.086891939973933,1.0265631417602112;9.356408901119345,2.787804101659744,0.20891529902825748;2.095021869582651,17.079045109775457,0.6495937887270954"
9,drone_1,11.381,3.942,13.942,14.674,"7.143965878414324,18.52253351862183,0.8394107337496143;6.637422351629716,5.81892506984119,0.6003018776062884;0.36590554591665037,16.596997027271488,0.20777990884561767;16.70210735212728,10.387662511155286,2.4865164910063826;17.575883932032223,2.721593568127446,1.6479158532570475;1.2973598084027889,12.541582926626493,1.1930564938806265;5.325463640573792,3.699943652690364,0.9547411468291342;2.859297170747846,7.553503878133155,2.1925507706303717;10.533388546054491,10.175620803711702,0.4434834056225819;13.471363977912578,4.924285787991767,1.3272358809753264;3.1989281854844065,17.094804049625413,0.4405086223709195;3.721082089191997,8.881385548157215,0.35484045745388293;6.101545181256263,8.790137986408395,1.2639000034553933;14.737980355806986,8.782652679798053,1.0509056472900933;8.401310070704824,11.991886299150524,1.2062214485731173;17.06132291164363,16.261464942281574,1.3345172871816686;17.339109943706937,6.311506988921403,2.300624148151509;14.590277332334818,8.335859238449064,1.6499407138788138;5.222352165170459,5.2246686833336335,1.2953675730785918;4.241324229439376,12.456110153327092,0.3647650457406896;6.334813280978457,3.731836136358651,2.315285015721719;3.96199220928336,15.075728766947645,0.9109831433466773;13.470667831163155,10.03843225270554,1.3979717289653883;16.36473653509302,8.086891939973933,1.0265631417602112;9.356408901119345,2.787804101659744,0.20891529902825748;2.095021869582651,17.079045109775457,0.6495937887270954"
9,drone_2,10.264,3.430,13.942,14.674,"7.143965878414324,18.52253351862183,0.8394107337496143;6.637422351629716,5.81892506984119,0.6003018776062884;0.36590554591665037,16.596997027271488,0.20777990884561767;16.70210735212728,10.387662511155286,2.4865164910063826;17.575883932032223,2.721593568127446,1.6479158532570475;1.2973598084027889,12.541582926626493,1.1930564938806265;5.325463640573792,3.699943652690364,0.9547411468291342;2.859297170747846,7.553503878133155,2.1925507706303717;10.533388546054491,10.175620803711702,0.4434834056225819;13.471363977912578,4.924285787991767,1.3272358809753264;3.1989281854844065,17.094804049625413,0.4405086223709195;3.721082089191997,8.881385548157215,0.35484045745388293;6.101545181256263,8.790137986408395,1.2639000034553933;14.737980355806986,8.782652679798053,1.0509056472900933;8.401310070704824,11.991886299150524,1.2062214485731173;17.06132291164363,16.261464942281574,1.3345172871816686;17.339109943706937,6.311506988921403,2.300624148151509;14.590277332334818,8.335859238449064,1.6499407138788138;5.222352165170459,5.2246686833336335,1.2953675730785918;4.241324229439376,12.456110153327092,0.3647650457406896;6.334813280978457,3.731836136358651,2.315285015721719;3.96199220928336,15.075728766947645,0.9109831433466773;13.470667831163155,10.03843225270554,1.3979717289653883;16.36473653509302,8.086891939973933,1.0265631417602112;9.356408901119345,2.787804101659744,0.20891529902825748;2.095021869582651,17.079045109775457,0.6495937887270954"
9,drone_3,10.557,5.292,13.942,14.674,"7.143965878414324,18.52253351862183,0.8394107337496143;6.637422351629716,5.81892506984119,0.6003018776062884;0.36590554591665037,16.596997027271488,0.20777990884561767;16.70210735212728,10.387662511155286,2.4865164910063826;17.575883932032223,2.721593568127446,1.6479158532570475;1.2973598084027889,12.541582926626493,1.1930564938806265;5.325463640573792,3.699943652690364,0.9547411468291342;2.859297170747846,7.553503878133155,2.1925507706303717;10.533388546054491,10.175620803711702,0.4434834056225819;13.471363977912578,4.924285787991767,1.3272358809753264;3.1989281854844065,17.094804049625413,0.4405086223709195;3.721082089191997,8.881385548157215,0.35484045745388293;6.101545181256263,8.790137986408395,1.2639000034553933;14.737980355806986,8.782652679798053,1.0509056472900933;8.401310070704824,11.991886299150524,1.2062214485731173;17.06132291164363,16.261464942281574,1.3345172871816686;17.339109943706937,6.311506988921403,2.300624148151509;14.590277332334818,8.335859238449064,1.6499407138788138;5.222352165170459,5.2246686833336335,1.2953675730785918;4.241324229439376,12.456110153327092,0.3647650457406896;6.334813280978457,3.731836136358651,2.315285015721719;3.96199220928336,15.075728766947645,0.9109831433466773;13.470667831163155,10.03843225270554,1.3979717289653883;16.36473653509302,8.086891939973933,1.0265631417602112;9.356408901119345,2.787804101659744,0.20891529902825748;2.095021869582651,17.079045109775457,0.6495937887270954"
9,drone_4,9.696,5.386,13.942,14.674,"7.143965878414324,18.52253351862183,0.8394107337496143;6.637422351629716,5.81892506984119,0.6003018776062884;0.36590554591665037,16.596997027271488,0.20777990884561767;16.70210735212728,10.387662511155286,2.4865164910063826;17.575883932032223,2.721593568127446,1.6479158532570475;1.2973598084027889,12.541582926626493,1.1930564938806265;5.325463640573792,3.699943652690364,0.9547411468291342;2.859297170747846,7.553503878133155,2.1925507706303717;10.533388546054491,10.175620803711702,0.4434834056225819;13.471363977912578,4.924285787991767,1.3272358809753264;3.1989281854844065,17.094804049625413,0.4405086223709195;3.721082089191997,8.881385548157215,0.35484045745388293;6.101545181256263,8.790137986408395,1.2639000034553933;14.737980355806986,8.782652679798053,1.0509056472900933;8.401310070704824,11.991886299150524,1.2062214485731173;17.06132291164363,16.261464942281574,1.3345172871816686;17.339109943706937,6.311506988921403,2.300624148151509;14.590277332334818,8.335859238449064,1.6499407138788138;5.222352165170459,5.2246686833336335,1.2953675730785918;4.241324229439376,12.456110153327092,0.3647650457406896;6.334813280978457,3.731836136358651,2.315285015721719;3.96199220928336,15.075728766947645,0.9109831433466773;13.470667831163155,10.03843225270554,1.3979717289653883;16.36473653509302,8.086891939973933,1.0265631417602112;9.356408901119345,2.787804101659744,0.20891529902825748;2.095021869582651,17.079045109775457,0.6495937887270954"
9,drone_6,11.277,6.034,13.942,14.674,"7.143965878414324,18.52253351862183,0.8394107337496143;6.637422351629716,5.81892506984119,0.6003018776062884;0.36590554591665037,16.596997027271488,0.20777990884561767;16.70210735212728,10.387662511155286,2.4865164910063826;17.575883932032223,2.721593568127446,1.6479158532570475;1.2973598084027889,12.541582926626493,1.1930564938806265;5.325463640573792,3.699943652690364,0.9547411468291342;2.859297170747846,7.553503878133155,2.1925507706303717;10.533388546054491,10.175620803711702,0.4434834056225819;13.471363977912578,4.924285787991767,1.3272358809753264;3.1989281854844065,17.094804049625413,0.4405086223709195;3.721082089191997,8.881385548157215,0.35484045745388293;6.101545181256263,8.790137986408395,1.2639000034553933;14.737980355806986,8.782652679798053,1.0509056472900933;8.401310070704824,11.991886299150524,1.2062214485731173;17.06132291164363,16.261464942281574,1.3345172871816686;17.339109943706937,6.311506988921403,2.300624148151509;14.590277332334818,8.335859238449064,1.6499407138788138;5.222352165170459,5.2246686833336335,1.2953675730785918;4.241324229439376,12.456110153327092,0.3647650457406896;6.334813280978457,3.731836136358651,2.315285015721719;3.96199220928336,15.075728766947645,0.9109831433466773;13.470667831163155,10.03843225270554,1.3979717289653883;16.36473653509302,8.086891939973933,1.0265631417602112;9.356408901119345,2.787804101659744,0.20891529902825748;2.095021869582651,17.079045109775457,0.6495937887270954"
9,drone_7,11.824,3.010,13.942,14.674,"7.143965878414324,18.52253351862183,0.8394107337496143;6.637422351629716,5.81892506984119,0.6003018776062884;0.36590554591665037,16.596997027271488,0.20777990884561767;16.70210735212728,10.387662511155286,2.4865164910063826;17.575883932032223,2.721593568127446,1.6479158532570475;1.2973598084027889,12.541582926626493,1.1930564938806265;5.325463640573792,3.699943652690364,0.9547411468291342;2.859297170747846,7.553503878133155,2.1925507706303717;10.533388546054491,10.175620803711702,0.4434834056225819;13.471363977912578,4.924285787991767,1.3272358809753264;3.1989281854844065,17.094804049625413,0.4405086223709195;3.721082089191997,8.881385548157215,0.35484045745388293;6.101545181256263,8.790137986408395,1.2639000034553933;14.737980355806986,8.782652679798053,1.0509056472900933;8.401310070704824,11.991886299150524,1.2062214485731173;17.06132291164363,16.261464942281574,1.3345172871816686;17.339109943706937,6.311506988921403,2.300624148151509;14.590277332334818,8.335859238449064,1.6499407138788138;5.222352165170459,5.2246686833336335,1.2953675730785918;4.241324229439376,12.456110153327092,0.3647650457406896;6.334813280978457,3.731836136358651,2.315285015721719;3.96199220928336,15.075728766947645,0.9109831433466773;13.470667831163155,10.03843225270554,1.3979717289653883;16.36473653509302,8.086891939973933,1.0265631417602112;9.356408901119345,2.787804101659744,0.20891529902825748;2.095021869582651,17.079045109775457,0.6495937887270954"
9,drone_8,10.691,4.244,13.942,14.674,"7.143965878414324,18.52253351862183,0.8394107337496143;6.637422351629716,5.81892506984119,0.6003018776062884;0.36590554591665037,16.596997027271488,0.20777990884561767;16.70210735212728,10.387662511155286,2.4865164910063826;17.575883932032223,2.721593568127446,1.6479158532570475;1.2973598084027889,12.541582926626493,1.1930564938806265;5.325463640573792,3.699943652690364,0.9547411468291342;2.859297170747846,7.553503878133155,2.1925507706303717;10.533388546054491,10.175620803711702,0.4434834056225819;13.471363977912578,4.924285787991767,1.3272358809753264;3.1989281854844065,17.094804049625413,0.4405086223709195;3.721082089191997,8.881385548157215,0.35484045745388293;6.101545181256263,8.790137986408395,1.2639000034553933;14.737980355806986,8.782652679798053,1.0509056472900933;8.401310070704824,11.991886299150524,1.2062214485731173;17.06132291164363,16.261464942281574,1.3345172871816686;17.339109943706937,6.311506988921403,2.300624148151509;14.590277332334818,8.335859238449064,1.6499407138788138;5.222352165170459,5.2246686833336335,1.2953675730785918;4.241324229439376,12.456110153327092,0.3647650457406896;6.334813280978457,3.731836136358651,2.315285015721719;3.96199220928336,15.075728766947645,0.9109831433466773;13.470667831163155,10.03843225270554,1.3979717289653883;16.36473653509302,8.086891939973933,1.0265631417602112;9.356408901119345,2.787804101659744,0.20891529902825748;2.095021869582651,17.079045109775457,0.6495937887270954"
9,drone_9,10.445,6.086,13.942,14.674,"7.143965878414324,18.52253351862183,0.8394107337496143;6.637422351629716,5.81892506984119,0.6003018776062884;0.36590554591665037,16.596997027271488,0.20777990884561767;16.70210735212728,10.387662511155286,2.4865164910063826;17.575883932032223,2.721593568127446,1.6479158532570475;1.2973598084027889,12.541582926626493,1.1930564938806265;5.325463640573792,3.699943652690364,0.9547411468291342;2.859297170747846,7.553503878133155,2.1925507706303717;10.533388546054491,10.175620803711702,0.4434834056225819;13.471363977912578,4.924285787991767,1.3272358809753264;3.1989281854844065,17.094804049625413,0.4405086223709195;3.721082089191997,8.881385548157215,0.35484045745388293;6.101545181256263,8.790137986408395,1.2639000034553933;14.737980355806986,8.782652679798053,1.0509056472900933;8.401310070704824,11.991886299150524,1.2062214485731173;17.06132291164363,16.261464942281574,1.3345172871816686;17.339109943706937,6.311506988921403,2.300624148151509;14.590277332334818,8.335859238449064,1.6499407138788138;5.222352165170459,5.2246686833336335,1.2953675730785918;4.241324229439376,12.456110153327092,0.3647650457406896;6.334813280978457,3.731836136358651,2.315285015721719;3.96199220928336,15.075728766947645,0.9109831433466773;13.470667831163155,10.03843225270554,1.3979717289653883;16.36473653509302,8.086891939973933,1.0265631417602112;9.356408901119345,2.787804101659744,0.20891529902825748;2.095021869582651,17.079045109775457,0.6495937887270954"
10,drone_1,11.379,4.114,13.942,14.674,"7.143965878414324,18.52253351862183,0.8394107337496143;6.637422351629716,5.81892506984119,0.6003018776062884;0.36590554591665037,16.596997027271488,0.20777990884561767;16.70210735212728,10.387662511155286,2.4865164910063826;17.575883932032223,2.721593568127446,1.6479158532570475;1.2973598084027889,12.541582926626493,1.1930564938806265;5.325463640573792,3.699943652690364,0.9547411468291342;2.859297170747846,7.553503878133155,2.1925507706303717;10.533388546054491,10.175620803711702,0.4434834056225819;13.471363977912578,4.924285787991767,1.3272358809753264;3.1989281854844065,17.094804049625413,0.4405086223709195;3.721082089191997,8.881385548157215,0.35484045745388293;6.101545181256263,8.790137986408395,1.2639000034553933;14.737980355806986,8.782652679798053,1.0509056472900933;8.401310070704824,11.991886299150524,1.2062214485731173;17.06132291164363,16.261464942281574,1.3345172871816686;17.339109943706937,6.311506988921403,2.300624148151509;14.590277332334818,8.335859238449064,1.6499407138788138;5.222352165170459,5.2246686833336335,1.2953675730785918;4.241324229439376,12.456110153327092,0.3647650457406896;6.334813280978457,3.731836136358651,2.315285015721719;3.96199220928336,15.075728766947645,0.9109831433466773;13.470667831163155,10.03843225270554,1.3979717289653883;16.36473653509302,8.086891939973933,1.0265631417602112;9.356408901119345,2.787804101659744,0.20891529902825748;2.095021869582651,17.079045109775457,0.6495937887270954"
10,drone_2,10.281,3.601,13.942,14.674,"7.143965878414324,18.52253351862183,0.8394107337496143;6.637422351629716,5.81892506984119,0.6003018776062884;0.36590554591665037,16.596997027271488,0.20777990884561767;16.70210735212728,10.387662511155286,2.4865164910063826;17.575883932032223,2.721593568127446,1.6479158532570475;1.2973598084027889,12.541582926626493,1.1930564938806265;5.325463640573792,3.699943652690364,0.9547411468291342;2.859297170747846,7.553503878133155,2.1925507706303717;10.533388546054491,10.175620803711702,0.4434834056225819;13.471363977912578,4.924285787991767,1.3272358809753264;3.1989281854844065,17.094804049625413,0.4405086223709195;3.721082089191997,8.881385548157215,0.35484045745388293;6.101545181256263,8.790137986408395,1.2639000034553933;14.737980355806986,8.782652679798053,1.0509056472900933;8.401310070704824,11.991886299150524,1.2062214485731173;17.06132291164363,16.261464942281574,1.3345172871816686;17.339109943706937,6.311506988921403,2.300624148151509;14.590277332334818,8.335859238449064,1.6499407138788138;5.222352165170459,5.2246686833336335,1.2953675730785918;4.241324229439376,12.456110153327092,0.3647650457406896;6.334813280978457,3.731836136358651,2.315285015721719;3.96199220928336,15.075728766947645,0.9109831433466773;13.470667831163155,10.03843225270554,1.3979717289653883;16.36473653509302,8.086891939973933,1.0265631417602112;9.356408901119345,2.787804101659744,0.20891529902825748;2.095021869582651,17.079045109775457,0.6495937887270954"
10,drone_3,10.601,5.434,13.942,14.674,"7.143965878414324,18.52253351862183,0.8394107337496143;6.637422351629716,5.81892506984119,0.6003018776062884;0.36590554591665037,16.596997027271488,0.20777990884561767;16.70210735212728,10.387662511155286,2.4865164910063826;17.575883932032223,2.721593568127446,1.6479158532570475;1.2973598084027889,12.541582926626493,1.1930564938806265;5.325463640573792,3.699943652690364,0.9547411468291342;2.859297170747846,7.553503878133155,2.1925507706303717;10.533388546054491,10.175620803711702,0.4434834056225819;13.471363977912578,4.924285787991767,1.3272358809753264;3.1989281854844065,17.094804049625413,0.4405086223709195;3.721082089191997,8.881385548157215,0.35484045745388293;6.101545181256263,8.790137986408395,1.2639000034553933;14.737980355806986,8.782652679798053,1.0509056472900933;8.401310070704824,11.991886299150524,1.2062214485731173;17.06132291164363,16.261464942281574,1.3345172871816686;17.339109943706937,6.311506988921403,2.300624148151509;14.590277332334818,8.335859238449064,1.6499407138788138;5.222352165170459,5.2246686833336335,1.2953675730785918;4.241324229439376,12.456110153327092,0.3647650457406896;6.334813280978457,3.731836136358651,2.315285015721719;3.96199220928336,15.075728766947645,0.9109831433466773;13.470667831163155,10.03843225270554,1.3979717289653883;16.36473653509302,8.086891939973933,1.0265631417602112;9.356408901119345,2.787804101659744,0.20891529902825748;2.095021869582651,17.079045109775457,0.6495937887270954"
10,drone_4,9.732,5.555,13.942,14.674,"7.143965878414324,18.52253351862183,0.8394107337496143;6.637422351629716,5.81892506984119,0.6003018776062884;0.36590554591665037,16.596997027271488,0.20777990884561767;16.70210735212728,10.387662511155286,2.4865164910063826;17.575883932032223,2.721593568127446,1.6479158532570475;1.2973598084027889,12.541582926626493,1.1930564938806265;5.325463640573792,3.699943652690364,0.9547411468291342;2.859297170747846,7.553503878133155,2.1925507706303717;10.533388546054491,10.175620803711702,0.4434834056225819;13.471363977912578,4.924285787991767,1.3272358809753264;3.1989281854844065,17.094804049625413,0.4405086223709195;3.721082089191997,8.881385548157215,0.35484045745388293;6.101545181256263,8.790137986408395,1.2639000034553933;14.737980355806986,8.782652679798053,1.0509056472900933;8.401310070704824,11.991886299150524,1.2062214485731173;17.06132291164363,16.261464942281574,1.3345172871816686;17.339109943706937,6.311506988921403,2.300624148151509;14.590277332334818,8.335859238449064,1.6499407138788138;5.222352165170459,5.2246686833336335,1.2953675730785918;4.241324229439376,12.456110153327092,0.3647650457406896;6.334813280978457,3.731836136358651,2.315285015721719;3.96199220928336,15.075728766947645,0.9109831433466773;13.470667831163155,10.03843225270554,1.3979717289653883;16.36473653509302,8.086891939973933,1.0265631417602112;9.356408901119345,2.787804101659744,0.20891529902825748;2.095021869582651,17.079045109775457,0.6495937887270954"
10,drone_6,11.240,6.178,13.942,14.674,"7.143965878414324,18.52253351862183,0.8394107337496143;6.637422351629716,5.81892506984119,0.6003018776062884;0.36590554591665037,16.596997027271488,0.20777990884561767;16.70210735212728,10.387662511155286,2.4865164910063826;17.575883932032223,2.721593568127446,1.6479158532570475;1.2973598084027889,12.541582926626493,1.1930564938806265;5.325463640573792,3.699943652690364,0.9547411468291342;2.859297170747846,7.553503878133155,2.1925507706303717;10.533388546054491,10.175620803711702,0.4434834056225819;13.471363977912578,4.924285787991767,1.3272358809753264;3.1989281854844065,17.094804049625413,0.4405086223709195;3.721082089191997,8.881385548157215,0.35484045745388293;6.101545181256263,8.790137986408395,1.2639000034553933;14.737980355806986,8.782652679798053,1.0509056472900933;8.401310070704824,11.991886299150524,1.2062214485731173;17.06132291164363,16.261464942281574,1.3345172871816686;17.339109943706937,6.311506988921403,2.300624148151509;14.590277332334818,8.335859238449064,1.6499407138788138;5.222352165170459,5.2246686833336335,1.2953675730785918;4.241324229439376,12.456110153327092,0.3647650457406896;6.334813280978457,3.731836136358651,2.315285015721719;3.96199220928336,15.075728766947645,0.9109831433466773;13.470667831163155,10.03843225270554,1.3979717289653883;16.36473653509302,8.086891939973933,1.0265631417602112;9.356408901119345,2.787804101659744,0.20891529902825748;2.095021869582651,17.079045109775457,0.6495937887270954"
10,drone_7,11.977,3.139,13.942,14.674,"7.143965878414324,18.52253351862183,0.8394107337496143;6.637422351629716,5.81892506984119,0.6003018776062884;0.36590554591665037,16.596997027271488,0.20777990884561767;16.70210735212728,10.387662511155286,2.4865164910063826;17.575883932032223,2.721593568127446,1.6479158532570475;1.2973598084027889,12.541582926626493,1.1930564938806265;5.325463640573792,3.699943652690364,0.9547411468291342;2.859297170747846,7.553503878133155,2.1925507706303717;10.533388546054491,10.175620803711702,0.4434834056225819;13.471363977912578,4.924285787991767,1.3272358809753264;3.1989281854844065,17.094804049625413,0.4405086223709195;3.721082089191997,8.881385548157215,0.35484045745388293;6.101545181256263,8.790137986408395,1.2639000034553933;14.737980355806986,8.782652679798053,1.0509056472900933;8.401310070704824,11.991886299150524,1.2062214485731173;17.06132291164363,16.261464942281574,1.3345172871816686;17.339109943706937,6.311506988921403,2.300624148151509;14.590277332334818,8.335859238449064,1.6499407138788138;5.222352165170459,5.2246686833336335,1.2953675730785918;4.241324229439376,12.456110153327092,0.3647650457406896;6.334813280978457,3.731836136358651,2.315285015721719;3.96199220928336,15.075728766947645,0.9109831433466773;13.470667831163155,10.03843225270554,1.3979717289653883;16.36473653509302,8.086891939973933,1.0265631417602112;9.356408901119345,2.787804101659744,0.20891529902825748;2.095021869582651,17.079045109775457,0.6495937887270954"
10,drone_8,10.741,4.384,13.942,14.674,"7.143965878414324,18.52253351862183,0.8394107337496143;6.637422351629716,5.81892506984119,0.6003018776062884;0.36590554591665037,16.596997027271488,0.20777990884561767;16.70210735212728,10.387662511155286,2.4865164910063826;17.575883932032223,2.721593568127446,1.6479158532570475;1.2973598084027889,12.541582926626493,1.1930564938806265;5.325463640573792,3.699943652690364,0.9547411468291342;2.859297170747846,7.553503878133155,2.1925507706303717;10.533388546054491,10.175620803711702,0.4434834056225819;13.471363977912578,4.924285787991767,1.3272358809753264;3.1989281854844065,17.094804049625413,0.4405086223709195;3.721082089191997,8.881385548157215,0.35484045745388293;6.101545181256263,8.790137986408395,1.2639000034553933;14.737980355806986,8.782652679798053,1.0509056472900933;8.401310070704824,11.991886299150524,1.2062214485731173;17.06132291164363,16.261464942281574,1.3345172871816686;17.339109943706937,6.311506988921403,2.300624148151509;14.590277332334818,8.335859238449064,1.6499407138788138;5.222352165170459,5.2246686833336335,1.2953675730785918;4.241324229439376,12.456110153327092,0.3647650457406896;6.334813280978457,3.731836136358651,2.315285015721719;3.96199220928336,15.075728766947645,0.9109831433466773;13.470667831163155,10.03843225270554,1.3979717289653883;16.36473653509302,8.086891939973933,1.0265631417602112;9.356408901119345,2.787804101659744,0.20891529902825748;2.095021869582651,17.079045109775457,0.6495937887270954"
10,drone_9,10.479,6.208,13.942,14.674,"7.143965878414324,18.52253351862183,0.8394107337496143;6.637422351629716,5.81892506984119,0.6003018776062884;0.36590554591665037,16.596997027271488,0.20777990884561767;16.70210735212728,10.387662511155286,2.4865164910063826;17.575883932032223,2.721593568127446,1.6479158532570475;1.2973598084027889,12.541582926626493,1.1930564938806265;5.325463640573792,3.699943652690364,0.9547411468291342;2.859297170747846,7.553503878133155,2.1925507706303717;10.533388546054491,10.175620803711702,0.4434834056225819;13.471363977912578,4.924285787991767,1.3272358809753264;3.1989281854844065,17.094804049625413,0.4405086223709195;3.721082089191997,8.881385548157215,0.35484045745388293;6.101545181256263,8.790137986408395,1.2639000034553933;14.737980355806986,8.782652679798053,1.0509056472900933;8.401310070704824,11.991886299150524,1.2062214485731173;17.06132291164363,16.261464942281574,1.3345172871816686;17.339109943706937,6.311506988921403,2.300624148151509;14.590277332334818,8.335859238449064,1.6499407138788138;5.222352165170459,5.2246686833336335,1.2953675730785918;4.241324229439376,12.456110153327092,0.3647650457406896;6.334813280978457,3.731836136358651,2.315285015721719;3.96199220928336,15.075728766947645,0.9109831433466773;13.470667831163155,10.03843225270554,1.3979717289653883;16.36473653509302,8.086891939973933,1.0265631417602112;9.356408901119345,2.787804101659744,0.20891529902825748;2.095021869582651,17.079045109775457,0.6495937887270954"
11,drone_1,11.438,4.276,13.942,14.674,"7.143965878414324,18.52253351862183,0.8394107337496143;6.637422351629716,5.81892506984119,0.6003018776062884;0.36590554591665037,16.596997027271488,0.20777990884561767;16.70210735212728,10.387662511155286,2.4865164910063826;17.575883932032223,2.721593568127446,1.6479158532570475;1.2973598084027889,12.541582926626493,1.1930564938806265;5.325463640573792,3.699943652690364,0.9547411468291342;2.859297170747846,7.553503878133155,2.1925507706303717;10.533388546054491,10.175620803711702,0.4434834056225819;13.471363977912578,4.924285787991767,1.3272358809753264;3.1989281854844065,17.094804049625413,0.4405086223709195;3.721082089191997,8.881385548157215,0.35484045745388293;6.101545181256263,8.790137986408395,1.2639000034553933;14.737980355806986,8.782652679798053,1.0509056472900933;8.401310070704824,11.991886299150524,1.2062214485731173;17.06132291164363,16.261464942281574,1.3345172871816686;17.339109943706937,6.311506988921403,2.300624148151509;14.590277332334818,8.335859238449064,1.6499407138788138;5.222352165170459,5.2246686833336335,1.2953675730785918;4.241324229439376,12.456110153327092,0.3647650457406896;6.334813280978457,3.731836136358651,2.315285015721719;3.96199220928336,15.075728766947645,0.9109831433466773;13.470667831163155,10.03843225270554,1.3979717289653883;16.36473653509302,8.086891939973933,1.0265631417602112;9.356408901119345,2.787804101659744,0.20891529902825748;2.095021869582651,17.079045109775457,0.6495937887270954"
11,drone_2,10.231,3.766,13.942,14.674,"7.143965878414324,18.52253351862183,0.8394107337496143;6.637422351629716,5.81892506984119,0.6003018776062884;0.36590554591665037,16.596997027271488,0.20777990884561767;16.70210735212728,10.387662511155286,2.4865164910063826;17.575883932032223,2.721593568127446,1.6479158532570475;1.2973598084027889,12.541582926626493,1.1930564938806265;5.325463640573792,3.699943652690364,0.9547411468291342;2.859297170747846,7.553503878133155,2.1925507706303717;10.533388546054491,10.175620803711702,0.4434834056225819;13.471363977912578,4.924285787991767,1.3272358809753264;3.1989281854844065,17.094804049625413,0.4405086223709195;3.721082089191997,8.881385548157215,0.35484045745388293;6.101545181256263,8.790137986408395,1.2639000034553933;14.737980355806986,8.782652679798053,1.0509056472900933;8.401310070704824,11.991886299150524,1.2062214485731173;17.06132291164363,16.261464942281574,1.3345172871816686;17.339109943706937,6.311506988921403,2.300624148151509;14.590277332334818,8.335859238449064,1.6499407138788138;5.222352165170459,5.2246686833336335,1.2953675730785918;4.241324229439376,12.456110153327092,0.3647650457406896;6.334813280978457,3.731836136358651,2.315285015721719;3.96199220928336,15.075728766947645,0.9109831433466773;13.470667831163155,10.03843225270554,1.3979717289653883;16.36473653509302,8.086891939973933,1.0265631417602112;9.356408901119345,2.787804101659744,0.20891529902825748;2.095021869582651,17.079045109775457,0.6495937887270954"
11,drone_3,10.572,5.558,13.942,14.674,"7.143965878414324,18.52253351862183,0.8394107337496143;6.637422351629716,5.81892506984119,0.6003018776062884;0.36590554591665037,16.596997027271488,0.20777990884561767;16.70210735212728,10.387662511155286,2.4865164910063826;17.575883932032223,2.721593568127446,1.6479158532570475;1.2973598084027889,12.541582926626493,1.1930564938806265;5.325463640573792,3.699943652690364,0.9547411468291342;2.859297170747846,7.553503878133155,2.1925507706303717;10.533388546054491,10.175620803711702,0.4434834056225819;13.471363977912578,4.924285787991767,1.3272358809753264;3.1989281854844065,17.094804049625413,0.4405086223709195;3.721082089191997,8.881385548157215,0.35484045745388293;6.101545181256263,8.790137986408395,1.2639000034553933;14.737980355806986,8.782652679798053,1.0509056472900933;8.401310070704824,11.991886299150524,1.2062214485731173;17.06132291164363,16.261464942281574,1.3345172871816686;17.339109943706937,6.311506988921403,2.300624148151509;14.590277332334818,8.335859238449064,1.6499407138788138;5.222352165170459,5.2246686833336335,1.2953675730785918;4.241324229439376,12.456110153327092,0.3647650457406896;6.334813280978457,3.731836136358651,2.315285015721719;3.96199220928336,15.075728766947645,0.9109831433466773;13.470667831163155,10.03843225270554,1.3979717289653883;16.36473653509302,8.086891939973933,1.0265631417602112;9.356408901119345,2.787804101659744,0.20891529902825748;2.095021869582651,17.079045109775457,0.6495937887270954"
11,drone_4,9.698,5.699,13.942,14.674,"7.143965878414324,18.52253351862183,0.8394107337496143;6.637422351629716,5.81892506984119,0.6003018776062884;0.36590554591665037,16.596997027271488,0.20777990884561767;16.70210735212728,10.387662511155286,2.4865164910063826;17.575883932032223,2.721593568127446,1.6479158532570475;1.2973598084027889,12.541582926626493,1.1930564938806265;5.325463640573792,3.699943652690364,0.9547411468291342;2.859297170747846,7.553503878133155,2.1925507706303717;10.533388546054491,10.175620803711702,0.4434834056225819;13.471363977912578,4.924285787991767,1.3272358809753264;3.1989281854844065,17.094804049625413,0.4405086223709195;3.721082089191997,8.881385548157215,0.35484045745388293;6.101545181256263,8.790137986408395,1.2639000034553933;14.737980355806986,8.782652679798053,1.0509056472900933;8.401310070704824,11.991886299150524,1.2062214485731173;17.06132291164363,16.261464942281574,1.3345172871816686;17.339109943706937,6.311506988921403,2.300624148151509;14.590277332334818,8.335859238449064,1.6499407138788138;5.222352165170459,5.2246686833336335,1.2953675730785918;4.241324229439376,12.456110153327092,0.3647650457406896;6.334813280978457,3.731836136358651,2.315285015721719;3.96199220928336,15.075728766947645,0.9109831433466773;13.470667831163155,10.03843225270554,1.3979717289653883;16.36473653509302,8.086891939973933,1.0265631417602112;9.356408901119345,2.787804101659744,0.20891529902825748;2.095021869582651,17.079045109775457,0.6495937887270954"
11,drone_6,11.277,6.321,13.942,14.674,"7.143965878414324,18.52253351862183,0.8394107337496143;6.637422351629716,5.81892506984119,0.6003018776062884;0.36590554591665037,16.596997027271488,0.20777990884561767;16.70210735212728,10.387662511155286,2.4865164910063826;17.575883932032223,2.721593568127446,1.6479158532570475;1.2973598084027889,12.541582926626493,1.1930564938806265;5.325463640573792,3.699943652690364,0.9547411468291342;2.859297170747846,7.553503878133155,2.1925507706303717;10.533388546054491,10.175620803711702,0.4434834056225819;13.471363977912578,4.924285787991767,1.3272358809753264;3.1989281854844065,17.094804049625413,0.4405086223709195;3.721082089191997,8.881385548157215,0.35484045745388293;6.101545181256263,8.790137986408395,1.2639000034553933;14.737980355806986,8.782652679798053,1.0509056472900933;8.401310070704824,11.991886299150524,1.2062214485731173;17.06132291164363,16.261464942281574,1.3345172871816686;17.339109943706937,6.311506988921403,2.300624148151509;14.590277332334818,8.335859238449064,1.6499407138788138;5.222352165170459,5.2246686833336335,1.2953675730785918;4.241324229439376,12.456110153327092,0.3647650457406896;6.334813280978457,3.731836136358651,2.315285015721719;3.96199220928336,15.075728766947645,0.9109831433466773;13.470667831163155,10.03843225270554,1.3979717289653883;16.36473653509302,8.086891939973933,1.0265631417602112;9.356408901119345,2.787804101659744,0.20891529902825748;2.095021869582651,17.079045109775457,0.6495937887270954"
11,drone_7,12.125,3.273,13.942,14.674,"7.143965878414324,18.52253351862183,0.8394107337496143;6.637422351629716,5.81892506984119,0.6003018776062884;0.36590554591665037,16.596997027271488,0.20777990884561767;16.70210735212728,10.387662511155286,2.4865164910063826;17.575883932032223,2.721593568127446,1.6479158532570475;1.2973598084027889,12.541582926626493,1.1930564938806265;5.325463640573792,3.699943652690364,0.9547411468291342;2.859297170747846,7.553503878133155,2.1925507706303717;10.533388546054491,10.175620803711702,0.4434834056225819;13.471363977912578,4.924285787991767,1.3272358809753264;3.1989281854844065,17.094804049625413,0.4405086223709195;3.721082089191997,8.881385548157215,0.35484045745388293;6.101545181256263,8.790137986408395,1.2639000034553933;14.737980355806986,8.782652679798053,1.0509056472900933;8.401310070704824,11.991886299150524,1.2062214485731173;17.06132291164363,16.261464942281574,1.3345172871816686;17.339109943706937,6.311506988921403,2.300624148151509;14.590277332334818,8.335859238449064,1.6499407138788138;5.222352165170459,5.2246686833336335,1.2953675730785918;4.241324229439376,12.456110153327092,0.3647650457406896;6.334813280978457,3.731836136358651,2.315285015721719;3.96199220928336,15.075728766947645,0.9109831433466773;13.470667831163155,10.03843225270554,1.3979717289653883;16.36473653509302,8.086891939973933,1.0265631417602112;9.356408901119345,2.787804101659744,0.20891529902825748;2.095021869582651,17.079045109775457,0.6495937887270954"
11,drone_8,10.710,4.529,13.942,14.674,"7.143965878414324,18.52253351862183,0.8394107337496143;6.637422351629716,5.81892506984119,0.6003018776062884;0.36590554591665037,16.596997027271488,0.20777990884561767;16.70210735212728,10.387662511155286,2.4865164910063826;17.575883932032223,2.721593568127446,1.6479158532570475;1.2973598084027889,12.541582926626493,1.1930564938806265;5.325463640573792,3.699943652690364,0.9547411468291342;2.859297170747846,7.553503878133155,2.1925507706303717;10.533388546054491,10.175620803711702,0.4434834056225819;13.471363977912578,4.924285787991767,1.3272358809753264;3.1989281854844065,17.094804049625413,0.4405086223709195;3.721082089191997,8.881385548157215,0.35484045745388293;6.101545181256263,8.790137986408395,1.2639000034553933;14.737980355806986,8.782652679798053,1.0509056472900933;8.401310070704824,11.991886299150524,1.2062214485731173;17.06132291164363,16.261464942281574,1.3345172871816686;17.339109943706937,6.311506988921403,2.300624148151509;14.590277332334818,8.335859238449064,1.6499407138788138;5.222352165170459,5.2246686833336335,1.2953675730785918;4.241324229439376,12.456110153327092,0.3647650457406896;6.334813280978457,3.731836136358651,2.315285015721719;3.96199220928336,15.075728766947645,0.9109831433466773;13.470667831163155,10.03843225270554,1.3979717289653883;16.36473653509302,8.086891939973933,1.0265631417602112;9.356408901119345,2.787804101659744,0.20891529902825748;2.095021869582651,17.079045109775457,0.6495937887270954"
11,drone_9,10.443,6.331,13.942,14.674,"7.143965878414324,18.52253351862183,0.8394107337496143;6.637422351629716,5.81892506984119,0.6003018776062884;0.36590554591665037,16.596997027271488,0.20777990884561767;16.70210735212728,10.387662511155286,2.4865164910063826;17.575883932032223,2.721593568127446,1.6479158532570475;1.2973598084027889,12.541582926626493,1.1930564938806265;5.325463640573792,3.699943652690364,0.9547411468291342;2.859297170747846,7.553503878133155,2.1925507706303717;10.533388546054491,10.175620803711702,0.4434834056225819;13.471363977912578,4.924285787991767,1.3272358809753264;3.1989281854844065,17.094804049625413,0.4405086223709195;3.721082089191997,8.881385548157215,0.35484045745388293;6.101545181256263,8.790137986408395,1.2639000034553933;14.737980355806986,8.782652679798053,1.0509056472900933;8.401310070704824,11.991886299150524,1.2062214485731173;17.06132291164363,16.261464942281574,1.3345172871816686;17.339109943706937,6.311506988921403,2.300624148151509;14.590277332334818,8.335859238449064,1.6499407138788138;5.222352165170459,5.2246686833336335,1.2953675730785918;4.241324229439376,12.456110153327092,0.3647650457406896;6.334813280978457,3.731836136358651,2.315285015721719;3.96199220928336,15.075728766947645,0.9109831433466773;13.470667831163155,10.03843225270554,1.3979717289653883;16.36473653509302,8.086891939973933,1.0265631417602112;9.356408901119345,2.787804101659744,0.20891529902825748;2.095021869582651,17.079045109775457,0.6495937887270954"
12,drone_1,11.411,4.446,13.942,14.674,"7.143965878414324,18.52253351862183,0.8394107337496143;6.637422351629716,5.81892506984119,0.6003018776062884;0.36590554591665037,16.596997027271488,0.20777990884561767;16.70210735212728,10.387662511155286,2.4865164910063826;17.575883932032223,2.721593568127446,1.6479158532570475;1.2973598084027889,12.541582926626493,1.1930564938806265;5.325463640573792,3.699943652690364,0.9547411468291342;2.859297170747846,7.553503878133155,2.1925507706303717;10.533388546054491,10.175620803711702,0.4434834056225819;13.471363977912578,4.924285787991767,1.3272358809753264;3.1989281854844065,17.094804049625413,0.4405086223709195;3.721082089191997,8.881385548157215,0.35484045745388293;6.101545181256263,8.790137986408395,1.2639000034553933;14.737980355806986,8.782652679798053,1.0509056472900933;8.401310070704824,11.991886299150524,1.2062214485731173;17.06132291164363,16.261464942281574,1.3345172871816686;17.339109943706937,6.311506988921403,2.300624148151509;14.590277332334818,8.335859238449064,1.6499407138788138;5.222352165170459,5.2246686833336335,1.2953675730785918;4.241324229439376,12.456110153327092,0.3647650457406896;6.334813280978457,3.731836136358651,2.315285015721719;3.96199220928336,15.075728766947645,0.9109831433466773;13.470667831163155,10.03843225270554,1.3979717289653883;16.36473653509302,8.086891939973933,1.0265631417602112;9.356408901119345,2.787804101659744,0.20891529902825748;2.095021869582651,17.079045109775457,0.6495937887270954"
12,drone_2,10.259,3.936,13.942,14.674,"7.143965878414324,18.52253351862183,0.8394107337496143;6.637422351629716,5.81892506984119,0.6003018776062884;0.36590554591665037,16.596997027271488,0.20777990884561767;16.70210735212728,10.387662511155286,2.4865164910063826;17.575883932032223,2.721593568127446,1.6479158532570475;1.2973598084027889,12.541582926626493,1.1930564938806265;5.325463640573792,3.699943652690364,0.9547411468291342;2.859297170747846,7.553503878133155,2.1925507706303717;10.533388546054491,10.175620803711702,0.4434834056225819;13.471363977912578,4.924285787991767,1.3272358809753264;3.1989281854844065,17.094804049625413,0.4405086223709195;3.721082089191997,8.881385548157215,0.35484045745388293;6.101545181256263,8.790137986408395,1.2639000034553933;14.737980355806986,8.782652679798053,1.0509056472900933;8.401310070704824,11.991886299150524,1.2062214485731173;17.06132291164363,16.261464942281574,1.3345172871816686;17.339109943706937,6.311506988921403,2.300624148151509;14.590277332334818,8.335859238449064,1.6499407138788138;5.222352165170459,5.2246686833336335,1.2953675730785918;4.241324229439376,12.456110153327092,0.3647650457406896;6.334813280978457,3.731836136358651,2.315285015721719;3.96199220928336,15.075728766947645,0.9109831433466773;13.470667831163155,10.03843225270554,1.3979717289653883;16.36473653509302,8.086891939973933,1.0265631417602112;9.356408901119345,2.787804101659744,0.20891529902825748;2.095021869582651,17.079045109775457,0.6495937887270954"
12,drone_3,10.617,5.699,13.942,14.674,"7.143965878414324,18.52253351862183,0.8394107337496143;6.637422351629716,5.81892506984119,0.6003018776062884;0.36590554591665037,16.596997027271488,0.20777990884561767;16.70210735212728,10.387662511155286,2.4865164910063826;17.575883932032223,2.721593568127446,1.6479158532570475;1.2973598084027889,12.541582926626493,1.1930564938806265;5.325463640573792,3.699943652690364,0.9547411468291342;2.859297170747846,7.553503878133155,2.1925507706303717;10.533388546054491,10.175620803711702,0.4434834056225819;13.471363977912578,4.924285787991767,1.3272358809753264;3.1989281854844065,17.094804049625413,0.4405086223709195;3.721082089191997,8.881385548157215,0.35484045745388293;6.101545181256263,8.790137986408395,1.2639000034553933;14.737980355806986,8.782652679798053,1.0509056472900933;8.401310070704824,11.991886299150524,1.2062214485731173;17.06132291164363,16.261464942281574,1.3345172871816686;17.339109943706937,6.311506988921403,2.300624148151509;14.590277332334818,8.335859238449064,1.6499407138788138;5.222352165170459,5.2246686833336335,1.2953675730785918;4.241324229439376,12.456110153327092,0.3647650457406896;6.334813280978457,3.731836136358651,2.315285015721719;3.96199220928336,15.075728766947645,0.9109831433466773;13.470667831163155,10.03843225270554,1.3979717289653883;16.36473653509302,8.086891939973933,1.0265631417602112;9.356408901119345,2.787804101659744,0.20891529902825748;2.095021869582651,17.079045109775457,0.6495937887270954"
12,drone_4,9.627,5.829,13.942,14.674,"7.143965878414324,18.52253351862183,0.8394107337496143;6.637422351629716,5.81892506984119,0.6003018776062884;0.36590554591665037,16.596997027271488,0.20777990884561767;16.70210735212728,10.387662511155286,2.4865164910063826;17.575883932032223,2.721593568127446,1.6479158532570475;1.2973598084027889,12.541582926626493,1.1930564938806265;5.325463640573792,3.699943652690364,0.9547411468291342;2.859297170747846,7.553503878133155,2.1925507706303717;10.533388546054491,10.175620803711702,0.4434834056225819;13.471363977912578,4.924285787991767,1.3272358809753264;3.1989281854844065,17.094804049625413,0.4405086223709195;3.721082089191997,8.881385548157215,0.35484045745388293;6.101545181256263,8.790137986408395,1.2639000034553933;14.737980355806986,8.782652679798053,1.0509056472900933;8.401310070704824,11.991886299150524,1.2062214485731173;17.06132291164363,16.261464942281574,1.3345172871816686;17.339109943706937,6.311506988921403,2.300624148151509;14.590277332334818,8.335859238449064,1.6499407138788138;5.222352165170459,5.2246686833336335,1.2953675730785918;4.241324229439376,12.456110153327092,0.3647650457406896;6.334813280978457,3.731836136358651,2.315285015721719;3.96199220928336,15.075728766947645,0.9109831433466773;13.470667831163155,10.03843225270554,1.3979717289653883;16.36473653509302,8.086891939973933,1.0265631417602112;9.356408901119345,2.787804101659744,0.20891529902825748;2.095021869582651,17.079045109775457,0.6495937887270954"
12,drone_6,11.240,6.465,13.942,14.674,"7.143965878414324,18.52253351862183,0.8394107337496143;6.637422351629716,5.81892506984119,0.6003018776062884;0.36590554591665037,16.596997027271488,0.20777990884561767;16.70210735212728,10.387662511155286,2.4865164910063826;17.575883932032223,2.721593568127446,1.6479158532570475;1.2973598084027889,12.541582926626493,1.1930564938806265;5.325463640573792,3.699943652690364,0.9547411468291342;2.859297170747846,7.553503878133155,2.1925507706303717;10.533388546054491,10.175620803711702,0.4434834056225819;13.471363977912578,4.924285787991767,1.3272358809753264;3.1989281854844065,17.094804049625413,0.4405086223709195;3.721082089191997,8.881385548157215,0.35484045745388293;6.101545181256263,8.790137986408395,1.2639000034553933;14.737980355806986,8.782652679798053,1.0509056472900933;8.401310070704824,11.991886299150524,1.2062214485731173;17.06132291164363,16.261464942281574,1.3345172871816686;17.339109943706937,6.311506988921403,2.300624148151509;14.590277332334818,8.335859238449064,1.6499407138788138;5.222352165170459,5.2246686833336335,1.2953675730785918;4.241324229439376,12.456110153327092,0.3647650457406896;6.334813280978457,3.731836136358651,2.315285015721719;3.96199220928336,15.075728766947645,0.9109831433466773;13.470667831163155,10.03843225270554,1.3979717289653883;16.36473653509302,8.086891939973933,1.0265631417602112;9.356408901119345,2.787804101659744,0.20891529902825748;2.095021869582651,17.079045109775457,0.6495937887270954"
12,drone_7,12.166,3.469,13.942,14.674,"7.143965878414324,18.52253351862183,0.8394107337496143;6.637422351629716,5.81892506984119,0.6003018776062884;0.36590554591665037,16.596997027271488,0.20777990884561767;16.70210735212728,10.387662511155286,2.4865164910063826;17.575883932032223,2.721593568127446,1.6479158532570475;1.2973598084027889,12.541582926626493,1.1930564938806265;5.325463640573792,3.699943652690364,0.9547411468291342;2.859297170747846,7.553503878133155,2.1925507706303717;10.533388546054491,10.175620803711702,0.4434834056225819;13.471363977912578,4.924285787991767,1.3272358809753264;3.1989281854844065,17.094804049625413,0.4405086223709195;3.721082089191997,8.881385548157215,0.35484045745388293;6.101545181256263,8.790137986408395,1.2639000034553933;14.737980355806986,8.782652679798053,1.0509056472900933;8.401310070704824,11.991886299150524,1.2062214485731173;17.06132291164363,16.261464942281574,1.3345172871816686;17.339109943706937,6.311506988921403,2.300624148151509;14.590277332334818,8.335859238449064,1.6499407138788138;5.222352165170459,5.2246686833336335,1.2953675730785918;4.241324229439376,12.456110153327092,0.3647650457406896;6.334813280978457,3.731836136358651,2.315285015721719;3.96199220928336,15.075728766947645,0.9109831433466773;13.470667831163155,10.03843225270554,1.3979717289653883;16.36473653509302,8.086891939973933,1.0265631417602112;9.356408901119345,2.787804101659744,0.20891529902825748;2.095021869582651,17.079045109775457,0.6495937887270954"
12,drone_8,10.750,4.671,13.942,14.674,"7.143965878414324,18.52253351862183,0.8394107337496143;6.637422351629716,5.81892506984119,0.6003018776062884;0.36590554591665037,16.596997027271488,0.20777990884561767;16.70210735212728,10.387662511155286,2.4865164910063826;17.575883932032223,2.721593568127446,1.6479158532570475;1.2973598084027889,12.541582926626493,1.1930564938806265;5.325463640573792,3.699943652690364,0.9547411468291342;2.859297170747846,7.553503878133155,2.1925507706303717;10.533388546054491,10.175620803711702,0.4434834056225819;13.471363977912578,4.924285787991767,1.3272358809753264;3.1989281854844065,17.094804049625413,0.4405086223709195;3.721082089191997,8.881385548157215,0.35484045745388293;6.101545181256263,8.790137986408395,1.2639000034553933;14.737980355806986,8.782652679798053,1.0509056472900933;8.401310070704824,11.991886299150524,1.2062214485731173;17.06132291164363,16.261464942281574,1.3345172871816686;17.339109943706937,6.311506988921403,2.300624148151509;14.590277332334818,8.335859238449064,1.6499407138788138;5.222352165170459,5.2246686833336335,1.2953675730785918;4.241324229439376,12.456110153327092,0.3647650457406896;6.334813280978457,3.731836136358651,2.315285015721719;3.96199220928336,15.075728766947645,0.9109831433466773;13.470667831163155,10.03843225270554,1.3979717289653883;16.36473653509302,8.086891939973933,1.0265631417602112;9.356408901119345,2.787804101659744,0.20891529902825748;2.095021869582651,17.079045109775457,0.6495937887270954"
12,drone_9,10.479,6.453,13.942,14.674,"7.143965878414324,18.52253351862183,0.8394107337496143;6.637422351629716,5.81892506984119,0.6003018776062884;0.36590554591665037,16.596997027271488,0.20777990884561767;16.70210735212728,10.387662511155286,2.4865164910063826;17.575883932032223,2.721593568127446,1.6479158532570475;1.2973598084027889,12.541582926626493,1.1930564938806265;5.325463640573792,3.699943652690364,0.9547411468291342;2.859297170747846,7.553503878133155,2.1925507706303717;10.533388546054491,10.175620803711702,0.4434834056225819;13.471363977912578,4.924285787991767,1.3272358809753264;3.1989281854844065,17.094804049625413,0.4405086223709195;3.721082089191997,8.881385548157215,0.35484045745388293;6.101545181256263,8.790137986408395,1.2639000034553933;14.737980355806986,8.782652679798053,1.0509056472900933;8.401310070704824,11.991886299150524,1.2062214485731173;17.06132291164363,16.261464942281574,1.3345172871816686;17.339109943706937,6.311506988921403,2.300624148151509;14.590277332334818,8.335859238449064,1.6499407138788138;5.222352165170459,5.2246686833336335,1.2953675730785918;4.241324229439376,12.456110153327092,0.3647650457406896;6.334813280978457,3.731836136358651,2.315285015721719;3.96199220928336,15.075728766947645,0.9109831433466773;13.470667831163155,10.03843225270554,1.3979717289653883;16.36473653509302,8.086891939973933,1.0265631417602112;9.356408901119345,2.787804101659744,0.20891529902825748;2.095021869582651,17.079045109775457,0.6495937887270954"
13,drone_1,11.456,4.612,13.942,14.674,"7.143965878414324,18.52253351862183,0.8394107337496143;6.637422351629716,5.81892506984119,0.6003018776062884;0.36590554591665037,16.596997027271488,0.20777990884561767;16.70210735212728,10.387662511155286,2.4865164910063826;17.575883932032223,2.721593568127446,1.6479158532570475;1.2973598084027889,12.541582926626493,1.1930564938806265;5.325463640573792,3.699943652690364,0.9547411468291342;2.859297170747846,7.553503878133155,2.1925507706303717;10.533388546054491,10.175620803711702,0.4434834056225819;13.471363977912578,4.924285787991767,1.3272358809753264;3.1989281854844065,17.094804049625413,0.4405086223709195;3.721082089191997,8.881385548157215,0.35484045745388293;6.101545181256263,8.790137986408395,1.2639000034553933;14.737980355806986,8.782652679798053,1.0509056472900933;8.401310070704824,11.991886299150524,1.2062214485731173;17.06132291164363,16.261464942281574,1.3345172871816686;17.339109943706937,6.311506988921403,2.300624148151509;14.590277332334818,8.335859238449064,1.6499407138788138;5.222352165170459,5.2246686833336335,1.2953675730785918;4.241324229439376,12.456110153327092,0.3647650457406896;6.334813280978457,3.731836136358651,2.315285015721719;3.96199220928336,15.075728766947645,0.9109831433466773;13.470667831163155,10.03843225270554,1.3979717289653883;16.36473653509302,8.086891939973933,1.0265631417602112;9.356408901119345,2.787804101659744,0.20891529902825748;2.095021869582651,17.079045109775457,0.6495937887270954"
13,drone_2,10.214,4.102,13.942,14.674,"7.143965878414324,18.52253351862183,0.8394107337496143;6.637422351629716,5.81892506984119,0.6003018776062884;0.36590554591665037,16.596997027271488,0.20777990884561767;16.70210735212728,10.387662511155286,2.4865164910063826;17.575883932032223,2.721593568127446,1.6479158532570475;1.2973598084027889,12.541582926626493,1.1930564938806265;5.325463640573792,3.699943652690364,0.9547411468291342;2.859297170747846,7.553503878133155,2.1925507706303717;10.533388546054491,10.175620803711702,0.4434834056225819;13.471363977912578,4.924285787991767,1.3272358809753264;3.1989281854844065,17.094804049625413,0.4405086223709195;3.721082089191997,8.881385548157215,0.35484045745388293;6.101545181256263,8.790137986408395,1.2639000034553933;14.737980355806986,8.782652679798053,1.0509056472900933;8.401310070704824,11.991886299150524,1.2062214485731173;17.06132291164363,16.261464942281574,1.3345172871816686;17.339109943706937,6.311506988921403,2.300624148151509;14.590277332334818,8.335859238449064,1.6499407138788138;5.222352165170459,5.2246686833336335,1.2953675730785918;4.241324229439376,12.456110153327092,0.3647650457406896;6.334813280978457,3.731836136358651,2.315285015721719;3.96199220928336,15.075728766947645,0.9109831433466773;13.470667831163155,10.03843225270554,1.3979717289653883;16.36473653509302,8.086891939973933,1.0265631417602112;9.356408901119345,2.787804101659744,0.20891529902825748;2.095021869582651,17.079045109775457,0.6495937887270954"
13,drone_3,10.660,5.819,13.942,14.674,"7.143965878414324,18.52253351862183,0.8394107337496143;6.637422351629716,5.81892506984119,0.6003018776062884;0.36590554591665037,16.596997027271488,0.20777990884561767;16.70210735212728,10.387662511155286,2.4865164910063826;17.575883932032223,2.721593568127446,1.6479158532570475;1.2973598084027889,12.541582926626493,1.1930564938806265;5.325463640573792,3.699943652690364,0.9547411468291342;2.859297170747846,7.553503878133155,2.1925507706303717;10.533388546054491,10.175620803711702,0.4434834056225819;13.471363977912578,4.924285787991767,1.3272358809753264;3.1989281854844065,17.094804049625413,0.4405086223709195;3.721082089191997,8.881385548157215,0.35484045745388293;6.101545181256263,8.790137986408395,1.2639000034553933;14.737980355806986,8.782652679798053,1.0509056472900933;8.401310070704824,11.991886299150524,1.2062214485731173;17.06132291164363,16.261464942281574,1.3345172871816686;17.339109943706937,6.311506988921403,2.300624148151509;14.590277332334818,8.335859238449064,1.6499407138788138;5.222352165170459,5.2246686833336335,1.2953675730785918;4.241324229439376,12.456110153327092,0.3647650457406896;6.334813280978457,3.731836136358651,2.315285015721719;3.96199220928336,15.075728766947645,0.9109831433466773;13.470667831163155,10.03843225270554,1.3979717289653883;16.36473653509302,8.086891939973933,1.0265631417602112;9.356408901119345,2.787804101659744,0.20891529902825748;2.095021869582651,17.079045109775457,0.6495937887270954"
13,drone_4,9.652,6.027,13.942,14.674,"7.143965878414324,18.52253351862183,0.8394107337496143;6.637422351629716,5.81892506984119,0.6003018776062884;0.36590554591665037,16.596997027271488,0.20777990884561767;16.70210735212728,10.387662511155286,2.4865164910063826;17.575883932032223,2.721593568127446,1.6479158532570475;1.2973598084027889,12.541582926626493,1.1930564938806265;5.325463640573792,3.699943652690364,0.9547411468291342;2.859297170747846,7.553503878133155,2.1925507706303717;10.533388546054491,10.175620803711702,0.4434834056225819;13.471363977912578,4.924285787991767,1.3272358809753264;3.1989281854844065,17.094804049625413,0.4405086223709195;3.721082089191997,8.881385548157215,0.35484045745388293;6.101545181256263,8.790137986408395,1.2639000034553933;14.737980355806986,8.782652679798053,1.0509056472900933;8.401310070704824,11.991886299150524,1.2062214485731173;17.06132291164363,16.261464942281574,1.3345172871816686;17.339109943706937,6.311506988921403,2.300624148151509;14.590277332334818,8.335859238449064,1.6499407138788138;5.222352165170459,5.2246686833336335,1.2953675730785918;4.241324229439376,12.456110153327092,0.3647650457406896;6.334813280978457,3.731836136358651,2.315285015721719;3.96199220928336,15.075728766947645,0.9109831433466773;13.470667831163155,10.03843225270554,1.3979717289653883;16.36473653509302,8.086891939973933,1.0265631417602112;9.356408901119345,2.787804101659744,0.20891529902825748;2.095021869582651,17.079045109775457,0.6495937887270954"
13,drone_6,11.277,6.608,13.942,14.674,"7.143965878414324,18.52253351862183,0.8394107337496143;6.637422351629716,5.81892506984119,0.6003018776062884;0.36590554591665037,16.596997027271488,0.20777990884561767;16.70210735212728,10.387662511155286,2.4865164910063826;17.575883932032223,2.721593568127446,1.6479158532570475;1.2973598084027889,12.541582926626493,1.1930564938806265;5.325463640573792,3.699943652690364,0.9547411468291342;2.859297170747846,7.553503878133155,2.1925507706303717;10.533388546054491,10.175620803711702,0.4434834056225819;13.471363977912578,4.924285787991767,1.3272358809753264;3.1989281854844065,17.094804049625413,0.4405086223709195;3.721082089191997,8.881385548157215,0.35484045745388293;6.101545181256263,8.790137986408395,1.2639000034553933;14.737980355806986,8.782652679798053,1.0509056472900933;8.401310070704824,11.991886299150524,1.2062214485731173;17.06132291164363,16.261464942281574,1.3345172871816686;17.339109943706937,6.311506988921403,2.300624148151509;14.590277332334818,8.335859238449064,1.6499407138788138;5.222352165170459,5.2246686833336335,1.2953675730785918;4.241324229439376,12.456110153327092,0.3647650457406896;6.334813280978457,3.731836136358651,2.315285015721719;3.96199220928336,15.075728766947645,0.9109831433466773;13.470667831163155,10.03843225270554,1.3979717289653883;16.36473653509302,8.086891939973933,1.0265631417602112;9.356408901119345,2.787804101659744,0.20891529902825748;2.095021869582651,17.079045109775457,0.6495937887270954"
13,drone_7,12.126,3.665,13.942,14.674,"7.143965878414324,18.52253351862183,0.8394107337496143;6.637422351629716,5.81892506984119,0.6003018776062884;0.36590554591665037,16.596997027271488,0.20777990884561767;16.70210735212728,10.387662511155286,2.4865164910063826;17.575883932032223,2.721593568127446,1.6479158532570475;1.2973598084027889,12.541582926626493,1.1930564938806265;5.325463640573792,3.699943652690364,0.9547411468291342;2.859297170747846,7.553503878133155,2.1925507706303717;10.533388546054491,10.175620803711702,0.4434834056225819;13.471363977912578,4.924285787991767,1.3272358809753264;3.1989281854844065,17.094804049625413,0.4405086223709195;3.721082089191997,8.881385548157215,0.35484045745388293;6.101545181256263,8.790137986408395,1.2639000034553933;14.737980355806986,8.782652679798053,1.0509056472900933;8.401310070704824,11.991886299150524,1.2062214485731173;17.06132291164363,16.261464942281574,1.3345172871816686;17.339109943706937,6.311506988921403,2.300624148151509;14.590277332334818,8.335859238449064,1.6499407138788138;5.222352165170459,5.2246686833336335,1.2953675730785918;4.241324229439376,12.456110153327092,0.3647650457406896;6.334813280978457,3.731836136358651,2.315285015721719;3.96199220928336,15.075728766947645,0.9109831433466773;13.470667831163155,10.03843225270554,1.3979717289653883;16.36473653509302,8.086891939973933,1.0265631417602112;9.356408901119345,2.787804101659744,0.20891529902825748;2.095021869582651,17.079045109775457,0.6495937887270954"
13,drone_8,10.715,4.815,13.942,14.674,"7.143965878414324,18.52253351862183,0.8394107337496143;6.637422351629716,5.81892506984119,0.6003018776062884;0.36590554591665037,16.596997027271488,0.20777990884561767;16.70210735212728,10.387662511155286,2.4865164910063826;17.575883932032223,2.721593568127446,1.6479158532570475;1.2973598084027889,12.541582926626493,1.1930564938806265;5.325463640573792,3.699943652690364,0.9547411468291342;2.859297170747846,7.553503878133155,2.1925507706303717;10.533388546054491,10.175620803711702,0.4434834056225819;13.471363977912578,4.924285787991767,1.3272358809753264;3.1989281854844065,17.094804049625413,0.4405086223709195;3.721082089191997,8.881385548157215,0.35484045745388293;6.101545181256263,8.790137986408395,1.2639000034553933;14.737980355806986,8.782652679798053,1.0509056472900933;8.401310070704824,11.991886299150524,1.2062214485731173;17.06132291164363,16.261464942281574,1.3345172871816686;17.339109943706937,6.311506988921403,2.300624148151509;14.590277332334818,8.335859238449064,1.6499407138788138;5.222352165170459,5.2246686833336335,1.2953675730785918;4.241324229439376,12.456110153327092,0.3647650457406896;6.334813280978457,3.731836136358651,2.315285015721719;3.96199220928336,15.075728766947645,0.9109831433466773;13.470667831163155,10.03843225270554,1.3979717289653883;16.36473653509302,8.086891939973933,1.0265631417602112;9.356408901119345,2.787804101659744,0.20891529902825748;2.095021869582651,17.079045109775457,0.6495937887270954"
13,drone_9,10.443,6.576,13.942,14.674,"7.143965878414324,18.52253351862183,0.8394107337496143;6.637422351629716,5.81892506984119,0.6003018776062884;0.36590554591665037,16.596997027271488,0.20777990884561767;16.70210735212728,10.387662511155286,2.4865164910063826;17.575883932032223,2.721593568127446,1.6479158532570475;1.2973598084027889,12.541582926626493,1.1930564938806265;5.325463640573792,3.699943652690364,0.9547411468291342;2.859297170747846,7.553503878133155,2.1925507706303717;10.533388546054491,10.175620803711702,0.4434834056225819;13.471363977912578,4.924285787991767,1.3272358809753264;3.1989281854844065,17.094804049625413,0.4405086223709195;3.721082089191997,8.881385548157215,0.35484045745388293;6.101545181256263,8.790137986408395,1.2639000034553933;14.737980355806986,8.782652679798053,1.0509056472900933;8.401310070704824,11.991886299150524,1.2062214485731173;17.06132291164363,16.261464942281574,1.3345172871816686;17.339109943706937,6.311506988921403,2.300624148151509;14.590277332334818,8.335859238449064,1.6499407138788138;5.222352165170459,5.2246686833336335,1.2953675730785918;4.241324229439376,12.456110153327092,0.3647650457406896;6.334813280978457,3.731836136358651,2.315285015721719;3.96199220928336,15.075728766947645,0.9109831433466773;13.470667831163155,10.03843225270554,1.3979717289653883;16.36473653509302,8.086891939973933,1.0265631417602112;9.356408901119345,2.787804101659744,0.20891529902825748;2.095021869582651,17.079045109775457,0.6495937887270954"
14,drone_1,11.421,4.781,13.942,14.674,"7.143965878414324,18.52253351862183,0.8394107337496143;6.637422351629716,5.81892506984119,0.6003018776062884;0.36590554591665037,16.596997027271488,0.20777990884561767;16.70210735212728,10.387662511155286,2.4865164910063826;17.575883932032223,2.721593568127446,1.6479158532570475;1.2973598084027889,12.541582926626493,1.1930564938806265;5.325463640573792,3.699943652690364,0.9547411468291342;2.859297170747846,7.553503878133155,2.1925507706303717;10.533388546054491,10.175620803711702,0.4434834056225819;13.471363977912578,4.924285787991767,1.3272358809753264;3.1989281854844065,17.094804049625413,0.4405086223709195;3.721082089191997,8.881385548157215,0.35484045745388293;6.101545181256263,8.790137986408395,1.2639000034553933;14.737980355806986,8.782652679798053,1.0509056472900933;8.401310070704824,11.991886299150524,1.2062214485731173;17.06132291164363,16.261464942281574,1.3345172871816686;17.339109943706937,6.311506988921403,2.300624148151509;14.590277332334818,8.335859238449064,1.6499407138788138;5.222352165170459,5.2246686833336335,1.2953675730785918;4.241324229439376,12.456110153327092,0.3647650457406896;6.334813280978457,3.731836136358651,2.315285015721719;3.96199220928336,15.075728766947645,0.9109831433466773;13.470667831163155,10.03843225270554,1.3979717289653883;16.36473653509302,8.086891939973933,1.0265631417602112;9.356408901119345,2.787804101659744,0.20891529902825748;2.095021869582651,17.079045109775457,0.6495937887270954"
14,drone_2,10.250,4.271,13.942,14.674,"7.143965878414324,18.52253351862183,0.8394107337496143;6.637422351629716,5.81892506984119,0.6003018776062884;0.36590554591665037,16.596997027271488,0.20777990884561767;16.70210735212728,10.387662511155286,2.4865164910063826;17.575883932032223,2.721593568127446,1.6479158532570475;1.2973598084027889,12.541582926626493,1.1930564938806265;5.325463640573792,3.699943652690364,0.9547411468291342;2.859297170747846,7.553503878133155,2.1925507706303717;10.533388546054491,10.175620803711702,0.4434834056225819;13.471363977912578,4.924285787991767,1.3272358809753264;3.1989281854844065,17.094804049625413,0.4405086223709195;3.721082089191997,8.881385548157215,0.35484045745388293;6.101545181256263,8.790137986408395,1.2639000034553933;14.737980355806986,8.782652679798053,1.0509056472900933;8.401310070704824,11.991886299150524,1.2062214485731173;17.06132291164363,16.261464942281574,1.3345172871816686;17.339109943706937,6.311506988921403,2.300624148151509;14.590277332334818,8.335859238449064,1.6499407138788138;5.222352165170459,5.2246686833336335,1.2953675730785918;4.241324229439376,12.456110153327092,0.3647650457406896;6.334813280978457,3.731836136358651,2.315285015721719;3.96199220928336,15.075728766947645,0.9109831433466773;13.470667831163155,10.03843225270554,1.3979717289653883;16.36473653509302,8.086891939973933,1.0265631417602112;9.356408901119345,2.787804101659744,0.20891529902825748;2.095021869582651,17.079045109775457,0.6495937887270954"
14,drone_3,10.753,5.963,13.942,14.674,"7.143965878414324,18.52253351862183,0.8394107337496143;6.637422351629716,5.81892506984119,0.6003018776062884;0.36590554591665037,16.596997027271488,0.20777990884561767;16.70210735212728,10.387662511155286,2.4865164910063826;17.575883932032223,2.721593568127446,1.6479158532570475;1.2973598084027889,12.541582926626493,1.1930564938806265;5.325463640573792,3.699943652690364,0.9547411468291342;2.859297170747846,7.553503878133155,2.1925507706303717;10.533388546054491,10.175620803711702,0.4434834056225819;13.471363977912578,4.924285787991767,1.3272358809753264;3.1989281854844065,17.094804049625413,0.4405086223709195;3.721082089191997,8.881385548157215,0.35484045745388293;6.101545181256263,8.790137986408395,1.2639000034553933;14.737980355806986,8.782652679798053,1.0509056472900933;8.401310070704824,11.991886299150524,1.2062214485731173;17.06132291164363,16.261464942281574,1.3345172871816686;17.339109943706937,6.311506988921403,2.300624148151509;14.590277332334818,8.335859238449064,1.6499407138788138;5.222352165170459,5.2246686833336335,1.2953675730785918;4.241324229439376,12.456110153327092,0.3647650457406896;6.334813280978457,3.731836136358651,2.315285015721719;3.96199220928336,15.075728766947645,0.9109831433466773;13.470667831163155,10.03843225270554,1.3979717289653883;16.36473653509302,8.086891939973933,1.0265631417602112;9.356408901119345,2.787804101659744,0.20891529902825748;2.095021869582651,17.079045109775457,0.6495937887270954"
14,drone_4,9.610,6.194,13.942,14.674,"7.143965878414324,18.52253351862183,0.8394107337496143;6.637422351629716,5.81892506984119,0.6003018776062884;0.36590554591665037,16.596997027271488,0.20777990884561767;16.70210735212728,10.387662511155286,2.4865164910063826;17.575883932032223,2.721593568127446,1.6479158532570475;1.2973598084027889,12.541582926626493,1.1930564938806265;5.325463640573792,3.699943652690364,0.9547411468291342;2.859297170747846,7.553503878133155,2.1925507706303717;10.533388546054491,10.175620803711702,0.4434834056225819;13.471363977912578,4.924285787991767,1.3272358809753264;3.1989281854844065,17.094804049625413,0.4405086223709195;3.721082089191997,8.881385548157215,0.35484045745388293;6.101545181256263,8.790137986408395,1.2639000034553933;14.737980355806986,8.782652679798053,1.0509056472900933;8.401310070704824,11.991886299150524,1.2062214485731173;17.06132291164363,16.261464942281574,1.3345172871816686;17.339109943706937,6.311506988921403,2.300624148151509;14.590277332334818,8.335859238449064,1.6499407138788138;5.222352165170459,5.2246686833336335,1.2953675730785918;4.241324229439376,12.456110153327092,0.3647650457406896;6.334813280978457,3.731836136358651,2.315285015721719;3.96199220928336,15.075728766947645,0.9109831433466773;13.470667831163155,10.03843225270554,1.3979717289653883;16.36473653509302,8.086891939973933,1.0265631417602112;9.356408901119345,2.787804101659744,0.20891529902825748;2.095021869582651,17.079045109775457,0.6495937887270954"
14,drone_6,11.350,6.737,13.942,14.674,"7.143965878414324,18.52253351862183,0.8394107337496143;6.637422351629716,5.81892506984119,0.6003018776062884;0.36590554591665037,16.596997027271488,0.20777990884561767;16.70210735212728,10.387662511155286,2.4865164910063826;17.575883932032223,2.721593568127446,1.6479158532570475;1.2973598084027889,12.541582926626493,1.1930564938806265;5.325463640573792,3.699943652690364,0.9547411468291342;2.859297170747846,7.553503878133155,2.1925507706303717;10.533388546054491,10.175620803711702,0.4434834056225819;13.471363977912578,4.924285787991767,1.3272358809753264;3.1989281854844065,17.094804049625413,0.4405086223709195;3.721082089191997,8.881385548157215,0.35484045745388293;6.101545181256263,8.790137986408395,1.2639000034553933;14.737980355806986,8.782652679798053,1.0509056472900933;8.401310070704824,11.991886299150524,1.2062214485731173;17.06132291164363,16.261464942281574,1.3345172871816686;17.339109943706937,6.311506988921403,2.300624148151509;14.590277332334818,8.335859238449064,1.6499407138788138;5.222352165170459,5.2246686833336335,1.2953675730785918;4.241324229439376,12.456110153327092,0.3647650457406896;6.334813280978457,3.731836136358651,2.315285015721719;3.96199220928336,15.075728766947645,0.9109831433466773;13.470667831163155,10.03843225270554,1.3979717289653883;16.36473653509302,8.086891939973933,1.0265631417602112;9.356408901119345,2.787804101659744,0.20891529902825748;2.095021869582651,17.079045109775457,0.6495937887270954"
14,drone_7,11.987,3.761,13.942,14.674,"7.143965878414324,18.52253351862183,0.8394107337496143;6.637422351629716,5.81892506984119,0.6003018776062884;0.36590554591665037,16.596997027271488,0.20777990884561767;16.70210735212728,10.387662511155286,2.4865164910063826;17.575883932032223,2.721593568127446,1.6479158532570475;1.2973598084027889,12.541582926626493,1.1930564938806265;5.325463640573792,3.699943652690364,0.9547411468291342;2.859297170747846,7.553503878133155,2.1925507706303717;10.533388546054491,10.175620803711702,0.4434834056225819;13.471363977912578,4.924285787991767,1.3272358809753264;3.1989281854844065,17.094804049625413,0.4405086223709195;3.721082089191997,8.881385548157215,0.35484045745388293;6.101545181256263,8.790137986408395,1.2639000034553933;14.737980355806986,8.782652679798053,1.0509056472900933;8.401310070704824,11.991886299150524,1.2062214485731173;17.06132291164363,16.261464942281574,1.3345172871816686;17.339109943706937,6.311506988921403,2.300624148151509;14.590277332334818,8.335859238449064,1.6499407138788138;5.222352165170459,5.2246686833336335,1.2953675730785918;4.241324229439376,12.456110153327092,0.3647650457406896;6.334813280978457,3.731836136358651,2.315285015721719;3.96199220928336,15.075728766947645,0.9109831433466773;13.470667831163155,10.03843225270554,1.3979717289653883;16.36473653509302,8.086891939973933,1.0265631417602112;9.356408901119345,2.787804101659744,0.20891529902825748;2.095021869582651,17.079045109775457,0.6495937887270954"
14,drone_8,10.753,4.958,13.942,14.674,"7.143965878414324,18.52253351862183,0.8394107337496143;6.637422351629716,5.81892506984119,0.6003018776062884;0.36590554591665037,16.596997027271488,0.20777990884561767;16.70210735212728,10.387662511155286,2.4865164910063826;17.575883932032223,2.721593568127446,1.6479158532570475;1.2973598084027889,12.541582926626493,1.1930564938806265;5.325463640573792,3.699943652690364,0.9547411468291342;2.859297170747846,7.553503878133155,2.1925507706303717;10.533388546054491,10.175620803711702,0.4434834056225819;13.471363977912578,4.924285787991767,1.3272358809753264;3.1989281854844065,17.094804049625413,0.4405086223709195;3.721082089191997,8.881385548157215,0.35484045745388293;6.101545181256263,8.790137986408395,1.2639000034553933;14.737980355806986,8.782652679798053,1.0509056472900933;8.401310070704824,11.991886299150524,1.2062214485731173;17.06132291164363,16.261464942281574,1.3345172871816686;17.339109943706937,6.311506988921403,2.300624148151509;14.590277332334818,8.335859238449064,1.6499407138788138;5.222352165170459,5.2246686833336335,1.2953675730785918;4.241324229439376,12.456110153327092,0.3647650457406896;6.334813280978457,3.731836136358651,2.315285015721719;3.96199220928336,15.075728766947645,0.9109831433466773;13.470667831163155,10.03843225270554,1.3979717289653883;16.36473653509302,8.086891939973933,1.0265631417602112;9.356408901119345,2.787804101659744,0.20891529902825748;2.095021869582651,17.079045109775457,0.6495937887270954"
14,drone_9,10.479,6.698,13.942,14.674,"7.143965878414324,18.52253351862183,0.8394107337496143;6.637422351629716,5.81892506984119,0.6003018776062884;0.36590554591665037,16.596997027271488,0.20777990884561767;16.70210735212728,10.387662511155286,2.4865164910063826;17.575883932032223,2.721593568127446,1.6479158532570475;1.2973598084027889,12.541582926626493,1.1930564938806265;5.325463640573792,3.699943652690364,0.9547411468291342;2.859297170747846,7.553503878133155,2.1925507706303717;10.533388546054491,10.175620803711702,0.4434834056225819;13.471363977912578,4.924285787991767,1.3272358809753264;3.1989281854844065,17.094804049625413,0.4405086223709195;3.721082089191997,8.881385548157215,0.35484045745388293;6.101545181256263,8.790137986408395,1.2639000034553933;14.737980355806986,8.782652679798053,1.0509056472900933;8.401310070704824,11.991886299150524,1.2062214485731173;17.06132291164363,16.261464942281574,1.3345172871816686;17.339109943706937,6.311506988921403,2.300624148151509;14.590277332334818,8.335859238449064,1.6499407138788138;5.222352165170459,5.2246686833336335,1.2953675730785918;4.241324229439376,12.456110153327092,0.3647650457406896;6.334813280978457,3.731836136358651,2.315285015721719;3.96199220928336,15.075728766947645,0.9109831433466773;13.470667831163155,10.03843225270554,1.3979717289653883;16.36473653509302,8.086891939973933,1.0265631417602112;9.356408901119345,2.787804101659744,0.20891529902825748;2.095021869582651,17.079045109775457,0.6495937887270954"
15,drone_1,11.461,4.948,13.942,14.674,"7.143965878414324,18.52253351862183,0.8394107337496143;6.637422351629716,5.81892506984119,0.6003018776062884;0.36590554591665037,16.596997027271488,0.20777990884561767;16.70210735212728,10.387662511155286,2.4865164910063826;17.575883932032223,2.721593568127446,1.6479158532570475;1.2973598084027889,12.541582926626493,1.1930564938806265;5.325463640573792,3.699943652690364,0.9547411468291342;2.859297170747846,7.553503878133155,2.1925507706303717;10.533388546054491,10.175620803711702,0.4434834056225819;13.471363977912578,4.924285787991767,1.3272358809753264;3.1989281854844065,17.094804049625413,0.4405086223709195;3.721082089191997,8.881385548157215,0.35484045745388293;6.101545181256263,8.790137986408395,1.2639000034553933;14.737980355806986,8.782652679798053,1.0509056472900933;8.401310070704824,11.991886299150524,1.2062214485731173;17.06132291164363,16.261464942281574,1.3345172871816686;17.339109943706937,6.311506988921403,2.300624148151509;14.590277332334818,8.335859238449064,1.6499407138788138;5.222352165170459,5.2246686833336335,1.2953675730785918;4.241324229439376,12.456110153327092,0.3647650457406896;6.334813280978457,3.731836136358651,2.315285015721719;3.96199220928336,15.075728766947645,0.9109831433466773;13.470667831163155,10.03843225270554,1.3979717289653883;16.36473653509302,8.086891939973933,1.0265631417602112;9.356408901119345,2.787804101659744,0.20891529902825748;2.095021869582651,17.079045109775457,0.6495937887270954"
15,drone_2,10.209,4.438,13.942,14.674,"7.143965878414324,18.52253351862183,0.8394107337496143;6.637422351629716,5.81892506984119,0.6003018776062884;0.36590554591665037,16.596997027271488,0.20777990884561767;16.70210735212728,10.387662511155286,2.4865164910063826;17.575883932032223,2.721593568127446,1.6479158532570475;1.2973598084027889,12.541582926626493,1.1930564938806265;5.325463640573792,3.699943652690364,0.9547411468291342;2.859297170747846,7.553503878133155,2.1925507706303717;10.533388546054491,10.175620803711702,0.4434834056225819;13.471363977912578,4.924285787991767,1.3272358809753264;3.1989281854844065,17.094804049625413,0.4405086223709195;3.721082089191997,8.881385548157215,0.35484045745388293;6.101545181256263,8.790137986408395,1.2639000034553933;14.737980355806986,8.782652679798053,1.0509056472900933;8.401310070704824,11.991886299150524,1.2062214485731173;17.06132291164363,16.261464942281574,1.3345172871816686;17.339109943706937,6.311506988921403,2.300624148151509;14.590277332334818,8.335859238449064,1.6499407138788138;5.222352165170459,5.2246686833336335,1.2953675730785918;4.241324229439376,12.456110153327092,0.3647650457406896;6.334813280978457,3.731836136358651,2.315285015721719;3.96199220928336,15.075728766947645,0.9109831433466773;13.470667831163155,10.03843225270554,1.3979717289653883;16.36473653509302,8.086891939973933,1.0265631417602112;9.356408901119345,2.787804101659744,0.20891529902825748;2.095021869582651,17.079045109775457,0.6495937887270954"
15,drone_3,10.846,6.080,13.942,14.674,"7.143965878414324,18.52253351862183,0.8394107337496143;6.637422351629716,5.81892506984119,0.6003018776062884;0.36590554591665037,16.596997027271488,0.20777990884561767;16.70210735212728,10.387662511155286,2.4865164910063826;17.575883932032223,2.721593568127446,1.6479158532570475;1.2973598084027889,12.541582926626493,1.1930564938806265;5.325463640573792,3.699943652690364,0.9547411468291342;2.859297170747846,7.553503878133155,2.1925507706303717;10.533388546054491,10.175620803711702,0.4434834056225819;13.471363977912578,4.924285787991767,1.3272358809753264;3.1989281854844065,17.094804049625413,0.4405086223709195;3.721082089191997,8.881385548157215,0.35484045745388293;6.101545181256263,8.790137986408395,1.2639000034553933;14.737980355806986,8.782652679798053,1.0509056472900933;8.401310070704824,11.991886299150524,1.2062214485731173;17.06132291164363,16.261464942281574,1.3345172871816686;17.339109943706937,6.311506988921403,2.300624148151509;14.590277332334818,8.335859238449064,1.6499407138788138;5.222352165170459,5.2246686833336335,1.2953675730785918;4.241324229439376,12.456110153327092,0.3647650457406896;6.334813280978457,3.731836136358651,2.315285015721719;3.96199220928336,15.075728766947645,0.9109831433466773;13.470667831163155,10.03843225270554,1.3979717289653883;16.36473653509302,8.086891939973933,1.0265631417602112;9.356408901119345,2.787804101659744,0.20891529902825748;2.095021869582651,17.079045109775457,0.6495937887270954"
15,drone_4,9.652,6.390,13.942,14.674,"7.143965878414324,18.52253351862183,0.8394107337496143;6.637422351629716,5.81892506984119,0.6003018776062884;0.36590554591665037,16.596997027271488,0.20777990884561767;16.70210735212728,10.387662511155286,2.4865164910063826;17.575883932032223,2.721593568127446,1.6479158532570475;1.2973598084027889,12.541582926626493,1.1930564938806265;5.325463640573792,3.699943652690364,0.9547411468291342;2.859297170747846,7.553503878133155,2.1925507706303717;10.533388546054491,10.175620803711702,0.4434834056225819;13.471363977912578,4.924285787991767,1.3272358809753264;3.1989281854844065,17.094804049625413,0.4405086223709195;3.721082089191997,8.881385548157215,0.35484045745388293;6.101545181256263,8.790137986408395,1.2639000034553933;14.737980355806986,8.782652679798053,1.0509056472900933;8.401310070704824,11.991886299150524,1.2062214485731173;17.06132291164363,16.261464942281574,1.3345172871816686;17.339109943706937,6.311506988921403,2.300624148151509;14.590277332334818,8.335859238449064,1.6499407138788138;5.222352165170459,5.2246686833336335,1.2953675730785918;4.241324229439376,12.456110153327092,0.3647650457406896;6.334813280978457,3.731836136358651,2.315285015721719;3.96199220928336,15.075728766947645,0.9109831433466773;13.470667831163155,10.03843225270554,1.3979717289653883;16.36473653509302,8.086891939973933,1.0265631417602112;9.356408901119345,2.787804101659744,0.20891529902825748;2.095021869582651,17.079045109775457,0.6495937887270954"
15,drone_6,11.436,6.857,13.942,14.674,"7.143965878414324,18.52253351862183,0.8394107337496143;6.637422351629716,5.81892506984119,0.6003018776062884;0.36590554591665037,16.596997027271488,0.20777990884561767;16.70210735212728,10.387662511155286,2.4865164910063826;17.575883932032223,2.721593568127446,1.6479158532570475;1.2973598084027889,12.541582926626493,1.1930564938806265;5.325463640573792,3.699943652690364,0.9547411468291342;2.859297170747846,7.553503878133155,2.1925507706303717;10.533388546054491,10.175620803711702,0.4434834056225819;13.471363977912578,4.924285787991767,1.3272358809753264;3.1989281854844065,17.094804049625413,0.4405086223709195;3.721082089191997,8.881385548157215,0.35484045745388293;6.101545181256263,8.790137986408395,1.2639000034553933;14.737980355806986,8.782652679798053,1.0509056472900933;8.401310070704824,11.991886299150524,1.2062214485731173;17.06132291164363,16.261464942281574,1.3345172871816686;17.339109943706937,6.311506988921403,2.300624148151509;14.590277332334818,8.335859238449064,1.6499407138788138;5.222352165170459,5.2246686833336335,1.2953675730785918;4.241324229439376,12.456110153327092,0.3647650457406896;6.334813280978457,3.731836136358651,2.315285015721719;3.96199220928336,15.075728766947645,0.9109831433466773;13.470667831163155,10.03843225270554,1.3979717289653883;16.36473653509302,8.086891939973933,1.0265631417602112;9.356408901119345,2.787804101659744,0.20891529902825748;2.095021869582651,17.079045109775457,0.6495937887270954"
15,drone_7,11.832,3.888,13.942,14.674,"7.143965878414324,18.52253351862183,0.8394107337496143;6.637422351629716,5.81892506984119,0.6003018776062884;0.36590554591665037,16.596997027271488,0.20777990884561767;16.70210735212728,10.387662511155286,2.4865164910063826;17.575883932032223,2.721593568127446,1.6479158532570475;1.2973598084027889,12.541582926626493,1.1930564938806265;5.325463640573792,3.699943652690364,0.9547411468291342;2.859297170747846,7.553503878133155,2.1925507706303717;10.533388546054491,10.175620803711702,0.4434834056225819;13.471363977912578,4.924285787991767,1.3272358809753264;3.1989281854844065,17.094804049625413,0.4405086223709195;3.721082089191997,8.881385548157215,0.35484045745388293;6.101545181256263,8.790137986408395,1.2639000034553933;14.737980355806986,8.782652679798053,1.0509056472900933;8.401310070704824,11.991886299150524,1.2062214485731173;17.06132291164363,16.261464942281574,1.3345172871816686;17.339109943706937,6.311506988921403,2.300624148151509;14.590277332334818,8.335859238449064,1.6499407138788138;5.222352165170459,5.2246686833336335,1.2953675730785918;4.241324229439376,12.456110153327092,0.3647650457406896;6.334813280978457,3.731836136358651,2.315285015721719;3.96199220928336,15.075728766947645,0.9109831433466773;13.470667831163155,10.03843225270554,1.3979717289653883;16.36473653509302,8.086891939973933,1.0265631417602112;9.356408901119345,2.787804101659744,0.20891529902825748;2.095021869582651,17.079045109775457,0.6495937887270954"
15,drone_8,10.716,5.102,13.942,14.674,"7.143965878414324,18.52253351862183,0.8394107337496143;6.637422351629716,5.81892506984119,0.6003018776062884;0.36590554591665037,16.596997027271488,0.20777990884561767;16.70210735212728,10.387662511155286,2.4865164910063826;17.575883932032223,2.721593568127446,1.6479158532570475;1.2973598084027889,12.541582926626493,1.1930564938806265;5.325463640573792,3.699943652690364,0.9547411468291342;2.859297170747846,7.553503878133155,2.1925507706303717;10.533388546054491,10.175620803711702,0.4434834056225819;13.471363977912578,4.924285787991767,1.3272358809753264;3.1989281854844065,17.094804049625413,0.4405086223709195;3.721082089191997,8.881385548157215,0.35484045745388293;6.101545181256263,8.790137986408395,1.2639000034553933;14.737980355806986,8.782652679798053,1.0509056472900933;8.401310070704824,11.991886299150524,1.2062214485731173;17.06132291164363,16.261464942281574,1.3345172871816686;17.339109943706937,6.311506988921403,2.300624148151509;14.590277332334818,8.335859238449064,1.6499407138788138;5.222352165170459,5.2246686833336335,1.2953675730785918;4.241324229439376,12.456110153327092,0.3647650457406896;6.334813280978457,3.731836136358651,2.315285015721719;3.96199220928336,15.075728766947645,0.9109831433466773;13.470667831163155,10.03843225270554,1.3979717289653883;16.36473653509302,8.086891939973933,1.0265631417602112;9.356408901119345,2.787804101659744,0.20891529902825748;2.095021869582651,17.079045109775457,0.6495937887270954"
15,drone_9,10.443,6.821,13.942,14.674,"7.143965878414324,18.52253351862183,0.8394107337496143;6.637422351629716,5.81892506984119,0.6003018776062884;0.36590554591665037,16.596997027271488,0.20777990884561767;16.70210735212728,10.387662511155286,2.4865164910063826;17.575883932032223,2.721593568127446,1.6479158532570475;1.2973598084027889,12.541582926626493,1.1930564938806265;5.325463640573792,3.699943652690364,0.9547411468291342;2.859297170747846,7.553503878133155,2.1925507706303717;10.533388546054491,10.175620803711702,0.4434834056225819;13.471363977912578,4.924285787991767,1.3272358809753264;3.1989281854844065,17.094804049625413,0.4405086223709195;3.721082089191997,8.881385548157215,0.35484045745388293;6.101545181256263,8.790137986408395,1.2639000034553933;14.737980355806986,8.782652679798053,1.0509056472900933;8.401310070704824,11.991886299150524,1.2062214485731173;17.06132291164363,16.261464942281574,1.3345172871816686;17.339109943706937,6.311506988921403,2.300624148151509;14.590277332334818,8.335859238449064,1.6499407138788138;5.222352165170459,5.2246686833336335,1.2953675730785918;4.241324229439376,12.456110153327092,0.3647650457406896;6.334813280978457,3.731836136358651,2.315285015721719;3.96199220928336,15.075728766947645,0.9109831433466773;13.470667831163155,10.03843225270554,1.3979717289653883;16.36473653509302,8.086891939973933,1.0265631417602112;9.356408901119345,2.787804101659744,0.20891529902825748;2.095021869582651,17.079045109775457,0.6495937887270954"
16,drone_1,11.424,5.116,13.942,14.674,"7.143965878414324,18.52253351862183,0.8394107337496143;6.637422351629716,5.81892506984119,0.6003018776062884;0.36590554591665037,16.596997027271488,0.20777990884561767;16.70210735212728,10.387662511155286,2.4865164910063826;17.575883932032223,2.721593568127446,1.6479158532570475;1.2973598084027889,12.541582926626493,1.1930564938806265;5.325463640573792,3.699943652690364,0.9547411468291342;2.859297170747846,7.553503878133155,2.1925507706303717;10.533388546054491,10.175620803711702,0.4434834056225819;13.471363977912578,4.924285787991767,1.3272358809753264;3.1989281854844065,17.094804049625413,0.4405086223709195;3.721082089191997,8.881385548157215,0.35484045745388293;6.101545181256263,8.790137986408395,1.2639000034553933;14.737980355806986,8.782652679798053,1.0509056472900933;8.401310070704824,11.991886299150524,1.2062214485731173;17.06132291164363,16.261464942281574,1.3345172871816686;17.339109943706937,6.311506988921403,2.300624148151509;14.590277332334818,8.335859238449064,1.6499407138788138;5.222352165170459,5.2246686833336335,1.2953675730785918;4.241324229439376,12.456110153327092,0.3647650457406896;6.334813280978457,3.731836136358651,2.315285015721719;3.96199220928336,15.075728766947645,0.9109831433466773;13.470667831163155,10.03843225270554,1.3979717289653883;16.36473653509302,8.086891939973933,1.0265631417602112;9.356408901119345,2.787804101659744,0.20891529902825748;2.095021869582651,17.079045109775457,0.6495937887270954"
16,drone_2,10.129,4.591,13.942,14.674,"7.143965878414324,18.52253351862183,0.8394107337496143;6.637422351629716,5.81892506984119,0.6003018776062884;0.36590554591665037,16.596997027271488,0.20777990884561767;16.70210735212728,10.387662511155286,2.4865164910063826;17.575883932032223,2.721593568127446,1.6479158532570475;1.2973598084027889,12.541582926626493,1.1930564938806265;5.325463640573792,3.699943652690364,0.9547411468291342;2.859297170747846,7.553503878133155,2.1925507706303717;10.533388546054491,10.175620803711702,0.4434834056225819;13.471363977912578,4.924285787991767,1.3272358809753264;3.1989281854844065,17.094804049625413,0.4405086223709195;3.721082089191997,8.881385548157215,0.35484045745388293;6.101545181256263,8.790137986408395,1.2639000034553933;14.737980355806986,8.782652679798053,1.0509056472900933;8.401310070704824,11.991886299150524,1.2062214485731173;17.06132291164363,16.261464942281574,1.3345172871816686;17.339109943706937,6.311506988921403,2.300624148151509;14.590277332334818,8.335859238449064,1.6499407138788138;5.222352165170459,5.2246686833336335,1.2953675730785918;4.241324229439376,12.456110153327092,0.3647650457406896;6.334813280978457,3.731836136358651,2.315285015721719;3.96199220928336,15.075728766947645,0.9109831433466773;13.470667831163155,10.03843225270554,1.3979717289653883;16.36473653509302,8.086891939973933,1.0265631417602112;9.356408901119345,2.787804101659744,0.20891529902825748;2.095021869582651,17.079045109775457,0.6495937887270954"
16,drone_3,10.930,6.175,13.942,14.674,"7.143965878414324,18.52253351862183,0.8394107337496143;6.637422351629716,5.81892506984119,0.6003018776062884;0.36590554591665037,16.596997027271488,0.20777990884561767;16.70210735212728,10.387662511155286,2.4865164910063826;17.575883932032223,2.721593568127446,1.6479158532570475;1.2973598084027889,12.541582926626493,1.1930564938806265;5.325463640573792,3.699943652690364,0.9547411468291342;2.859297170747846,7.553503878133155,2.1925507706303717;10.533388546054491,10.175620803711702,0.4434834056225819;13.471363977912578,4.924285787991767,1.3272358809753264;3.1989281854844065,17.094804049625413,0.4405086223709195;3.721082089191997,8.881385548157215,0.35484045745388293;6.101545181256263,8.790137986408395,1.2639000034553933;14.737980355806986,8.782652679798053,1.0509056472900933;8.401310070704824,11.991886299150524,1.2062214485731173;17.06132291164363,16.261464942281574,1.3345172871816686;17.339109943706937,6.311506988921403,2.300624148151509;14.590277332334818,8.335859238449064,1.6499407138788138;5.222352165170459,5.2246686833336335,1.2953675730785918;4.241324229439376,12.456110153327092,0.3647650457406896;6.334813280978457,3.731836136358651,2.315285015721719;3.96199220928336,15.075728766947645,0.9109831433466773;13.470667831163155,10.03843225270554,1.3979717289653883;16.36473653509302,8.086891939973933,1.0265631417602112;9.356408901119345,2.787804101659744,0.20891529902825748;2.095021869582651,17.079045109775457,0.6495937887270954"
16,drone_4,9.619,6.559,13.942,14.674,"7.143965878414324,18.52253351862183,0.8394107337496143;6.637422351629716,5.81892506984119,0.6003018776062884;0.36590554591665037,16.596997027271488,0.20777990884561767;16.70210735212728,10.387662511155286,2.4865164910063826;17.575883932032223,2.721593568127446,1.6479158532570475;1.2973598084027889,12.541582926626493,1.1930564938806265;5.325463640573792,3.699943652690364,0.9547411468291342;2.859297170747846,7.553503878133155,2.1925507706303717;10.533388546054491,10.175620803711702,0.4434834056225819;13.471363977912578,4.924285787991767,1.3272358809753264;3.1989281854844065,17.094804049625413,0.4405086223709195;3.721082089191997,8.881385548157215,0.35484045745388293;6.101545181256263,8.790137986408395,1.2639000034553933;14.737980355806986,8.782652679798053,1.0509056472900933;8.401310070704824,11.991886299150524,1.2062214485731173;17.06132291164363,16.261464942281574,1.3345172871816686;17.339109943706937,6.311506988921403,2.300624148151509;14.590277332334818,8.335859238449064,1.6499407138788138;5.222352165170459,5.2246686833336335,1.2953675730785918;4.241324229439376,12.456110153327092,0.3647650457406896;6.334813280978457,3.731836136358651,2.315285015721719;3.96199220928336,15.075728766947645,0.9109831433466773;13.470667831163155,10.03843225270554,1.3979717289653883;16.36473653509302,8.086891939973933,1.0265631417602112;9.356408901119345,2.787804101659744,0.20891529902825748;2.095021869582651,17.079045109775457,0.6495937887270954"
16,drone_6,11.481,6.999,13.942,14.674,"7.143965878414324,18.52253351862183,0.8394107337496143;6.637422351629716,5.81892506984119,0.6003018776062884;0.36590554591665037,16.596997027271488,0.20777990884561767;16.70210735212728,10.387662511155286,2.4865164910063826;17.575883932032223,2.721593568127446,1.6479158532570475;1.2973598084027889,12.541582926626493,1.1930564938806265;5.325463640573792,3.699943652690364,0.9547411468291342;2.859297170747846,7.553503878133155,2.1925507706303717;10.533388546054491,10.175620803711702,0.4434834056225819;13.471363977912578,4.924285787991767,1.3272358809753264;3.1989281854844065,17.094804049625413,0.4405086223709195;3.721082089191997,8.881385548157215,0.35484045745388293;6.101545181256263,8.790137986408395,1.2639000034553933;14.737980355806986,8.782652679798053,1.0509056472900933;8.401310070704824,11.991886299150524,1.2062214485731173;17.06132291164363,16.261464942281574,1.3345172871816686;17.339109943706937,6.311506988921403,2.300624148151509;14.590277332334818,8.335859238449064,1.6499407138788138;5.222352165170459,5.2246686833336335,1.2953675730785918;4.241324229439376,12.456110153327092,0.3647650457406896;6.334813280978457,3.731836136358651,2.315285015721719;3.96199220928336,15.075728766947645,0.9109831433466773;13.470667831163155,10.03843225270554,1.3979717289653883;16.36473653509302,8.086891939973933,1.0265631417602112;9.356408901119345,2.787804101659744,0.20891529902825748;2.095021869582651,17.079045109775457,0.6495937887270954"
16,drone_7,11.682,4.021,13.942,14.674,"7.143965878414324,18.52253351862183,0.8394107337496143;6.637422351629716,5.81892506984119,0.6003018776062884;0.36590554591665037,16.596997027271488,0.20777990884561767;16.70210735212728,10.387662511155286,2.4865164910063826;17.575883932032223,2.721593568127446,1.6479158532570475;1.2973598084027889,12.541582926626493,1.1930564938806265;5.325463640573792,3.699943652690364,0.9547411468291342;2.859297170747846,7.553503878133155,2.1925507706303717;10.533388546054491,10.175620803711702,0.4434834056225819;13.471363977912578,4.924285787991767,1.3272358809753264;3.1989281854844065,17.094804049625413,0.4405086223709195;3.721082089191997,8.881385548157215,0.35484045745388293;6.101545181256263,8.790137986408395,1.2639000034553933;14.737980355806986,8.782652679798053,1.0509056472900933;8.401310070704824,11.991886299150524,1.2062214485731173;17.06132291164363,16.261464942281574,1.3345172871816686;17.339109943706937,6.311506988921403,2.300624148151509;14.590277332334818,8.335859238449064,1.6499407138788138;5.222352165170459,5.2246686833336335,1.2953675730785918;4.241324229439376,12.456110153327092,0.3647650457406896;6.334813280978457,3.731836136358651,2.315285015721719;3.96199220928336,15.075728766947645,0.9109831433466773;13.470667831163155,10.03843225270554,1.3979717289653883;16.36473653509302,8.086891939973933,1.0265631417602112;9.356408901119345,2.787804101659744,0.20891529902825748;2.095021869582651,17.079045109775457,0.6495937887270954"
16,drone_8,10.753,5.245,13.942,14.674,"7.143965878414324,18.52253351862183,0.8394107337496143;6.637422351629716,5.81892506984119,0.6003018776062884;0.36590554591665037,16.596997027271488,0.20777990884561767;16.70210735212728,10.387662511155286,2.4865164910063826;17.575883932032223,2.721593568127446,1.6479158532570475;1.2973598084027889,12.541582926626493,1.1930564938806265;5.325463640573792,3.699943652690364,0.9547411468291342;2.859297170747846,7.553503878133155,2.1925507706303717;10.533388546054491,10.175620803711702,0.4434834056225819;13.471363977912578,4.924285787991767,1.3272358809753264;3.1989281854844065,17.094804049625413,0.4405086223709195;3.721082089191997,8.881385548157215,0.35484045745388293;6.101545181256263,8.790137986408395,1.2639000034553933;14.737980355806986,8.782652679798053,1.0509056472900933;8.401310070704824,11.991886299150524,1.2062214485731173;17.06132291164363,16.261464942281574,1.3345172871816686;17.339109943706937,6.311506988921403,2.300624148151509;14.590277332334818,8.335859238449064,1.6499407138788138;5.222352165170459,5.2246686833336335,1.2953675730785918;4.241324229439376,12.456110153327092,0.3647650457406896;6.334813280978457,3.731836136358651,2.315285015721719;3.96199220928336,15.075728766947645,0.9109831433466773;13.470667831163155,10.03843225270554,1.3979717289653883;16.36473653509302,8.086891939973933,1.0265631417602112;9.356408901119345,2.787804101659744,0.20891529902825748;2.095021869582651,17.079045109775457,0.6495937887270954"
16,drone_9,10.484,6.963,13.942,14.674,"7.143965878414324,18.52253351862183,0.8394107337496143;6.637422351629716,5.81892506984119,0.6003018776062884;0.36590554591665037,16.596997027271488,0.20777990884561767;16.70210735212728,10.387662511155286,2.4865164910063826;17.575883932032223,2.721593568127446,1.6479158532570475;1.2973598084027889,12.541582926626493,1.1930564938806265;5.325463640573792,3.699943652690364,0.9547411468291342;2.859297170747846,7.553503878133155,2.1925507706303717;10.533388546054491,10.175620803711702,0.4434834056225819;13.471363977912578,4.924285787991767,1.3272358809753264;3.1989281854844065,17.094804049625413,0.4405086223709195;3.721082089191997,8.881385548157215,0.35484045745388293;6.101545181256263,8.790137986408395,1.2639000034553933;14.737980355806986,8.782652679798053,1.0509056472900933;8.401310070704824,11.991886299150524,1.2062214485731173;17.06132291164363,16.261464942281574,1.3345172871816686;17.339109943706937,6.311506988921403,2.300624148151509;14.590277332334818,8.335859238449064,1.6499407138788138;5.222352165170459,5.2246686833336335,1.2953675730785918;4.241324229439376,12.456110153327092,0.3647650457406896;6.334813280978457,3.731836136358651,2.315285015721719;3.96199220928336,15.075728766947645,0.9109831433466773;13.470667831163155,10.03843225270554,1.3979717289653883;16.36473653509302,8.086891939973933,1.0265631417602112;9.356408901119345,2.787804101659744,0.20891529902825748;2.095021869582651,17.079045109775457,0.6495937887270954"
17,drone_1,11.463,5.284,13.942,14.674,"7.143965878414324,18.52253351862183,0.8394107337496143;6.637422351629716,5.81892506984119,0.6003018776062884;0.36590554591665037,16.596997027271488,0.20777990884561767;16.70210735212728,10.387662511155286,2.4865164910063826;17.575883932032223,2.721593568127446,1.6479158532570475;1.2973598084027889,12.541582926626493,1.1930564938806265;5.325463640573792,3.699943652690364,0.9547411468291342;2.859297170747846,7.553503878133155,2.1925507706303717;10.533388546054491,10.175620803711702,0.4434834056225819;13.471363977912578,4.924285787991767,1.3272358809753264;3.1989281854844065,17.094804049625413,0.4405086223709195;3.721082089191997,8.881385548157215,0.35484045745388293;6.101545181256263,8.790137986408395,1.2639000034553933;14.737980355806986,8.782652679798053,1.0509056472900933;8.401310070704824,11.991886299150524,1.2062214485731173;17.06132291164363,16.261464942281574,1.3345172871816686;17.339109943706937,6.311506988921403,2.300624148151509;14.590277332334818,8.335859238449064,1.6499407138788138;5.222352165170459,5.2246686833336335,1.2953675730785918;4.241324229439376,12.456110153327092,0.3647650457406896;6.334813280978457,3.731836136358651,2.315285015721719;3.96199220928336,15.075728766947645,0.9109831433466773;13.470667831163155,10.03843225270554,1.3979717289653883;16.36473653509302,8.086891939973933,1.0265631417602112;9.356408901119345,2.787804101659744,0.20891529902825748;2.095021869582651,17.079045109775457,0.6495937887270954"
17,drone_2,10.143,4.762,13.942,14.674,"7.143965878414324,18.52253351862183,0.8394107337496143;6.637422351629716,5.81892506984119,0.6003018776062884;0.36590554591665037,16.596997027271488,0.20777990884561767;16.70210735212728,10.387662511155286,2.4865164910063826;17.575883932032223,2.721593568127446,1.6479158532570475;1.2973598084027889,12.541582926626493,1.1930564938806265;5.325463640573792,3.699943652690364,0.9547411468291342;2.859297170747846,7.553503878133155,2.1925507706303717;10.533388546054491,10.175620803711702,0.4434834056225819;13.471363977912578,4.924285787991767,1.3272358809753264;3.1989281854844065,17.094804049625413,0.4405086223709195;3.721082089191997,8.881385548157215,0.35484045745388293;6.101545181256263,8.790137986408395,1.2639000034553933;14.737980355806986,8.782652679798053,1.0509056472900933;8.401310070704824,11.991886299150524,1.2062214485731173;17.06132291164363,16.261464942281574,1.3345172871816686;17.339109943706937,6.311506988921403,2.300624148151509;14.590277332334818,8.335859238449064,1.6499407138788138;5.222352165170459,5.2246686833336335,1.2953675730785918;4.241324229439376,12.456110153327092,0.3647650457406896;6.334813280978457,3.731836136358651,2.315285015721719;3.96199220928336,15.075728766947645,0.9109831433466773;13.470667831163155,10.03843225270554,1.3979717289653883;16.36473653509302,8.086891939973933,1.0265631417602112;9.356408901119345,2.787804101659744,0.20891529902825748;2.095021869582651,17.079045109775457,0.6495937887270954"
17,drone_3,11.018,6.268,13.942,14.674,"7.143965878414324,18.52253351862183,0.8394107337496143;6.637422351629716,5.81892506984119,0.6003018776062884;0.36590554591665037,16.596997027271488,0.20777990884561767;16.70210735212728,10.387662511155286,2.4865164910063826;17.575883932032223,2.721593568127446,1.6479158532570475;1.2973598084027889,12.541582926626493,1.1930564938806265;5.325463640573792,3.699943652690364,0.9547411468291342;2.859297170747846,7.553503878133155,2.1925507706303717;10.533388546054491,10.175620803711702,0.4434834056225819;13.471363977912578,4.924285787991767,1.3272358809753264;3.1989281854844065,17.094804049625413,0.4405086223709195;3.721082089191997,8.881385548157215,0.35484045745388293;6.101545181256263,8.790137986408395,1.2639000034553933;14.737980355806986,8.782652679798053,1.0509056472900933;8.401310070704824,11.991886299150524,1.2062214485731173;17.06132291164363,16.261464942281574,1.3345172871816686;17.339109943706937,6.311506988921403,2.300624148151509;14.590277332334818,8.335859238449064,1.6499407138788138;5.222352165170459,5.2246686833336335,1.2953675730785918;4.241324229439376,12.456110153327092,0.3647650457406896;6.334813280978457,3.731836136358651,2.315285015721719;3.96199220928336,15.075728766947645,0.9109831433466773;13.470667831163155,10.03843225270554,1.3979717289653883;16.36473653509302,8.086891939973933,1.0265631417602112;9.356408901119345,2.787804101659744,0.20891529902825748;2.095021869582651,17.079045109775457,0.6495937887270954"
17,drone_4,9.661,6.726,13.942,14.674,"7.143965878414324,18.52253351862183,0.8394107337496143;6.637422351629716,5.81892506984119,0.6003018776062884;0.36590554591665037,16.596997027271488,0.20777990884561767;16.70210735212728,10.387662511155286,2.4865164910063826;17.575883932032223,2.721593568127446,1.6479158532570475;1.2973598084027889,12.541582926626493,1.1930564938806265;5.325463640573792,3.699943652690364,0.9547411468291342;2.859297170747846,7.553503878133155,2.1925507706303717;10.533388546054491,10.175620803711702,0.4434834056225819;13.471363977912578,4.924285787991767,1.3272358809753264;3.1989281854844065,17.094804049625413,0.4405086223709195;3.721082089191997,8.881385548157215,0.35484045745388293;6.101545181256263,8.790137986408395,1.2639000034553933;14.737980355806986,8.782652679798053,1.0509056472900933;8.401310070704824,11.991886299150524,1.2062214485731173;17.06132291164363,16.261464942281574,1.3345172871816686;17.339109943706937,6.311506988921403,2.300624148151509;14.590277332334818,8.335859238449064,1.6499407138788138;5.222352165170459,5.2246686833336335,1.2953675730785918;4.241324229439376,12.456110153327092,0.3647650457406896;6.334813280978457,3.731836136358651,2.315285015721719;3.96199220928336,15.075728766947645,0.9109831433466773;13.470667831163155,10.03843225270554,1.3979717289653883;16.36473653509302,8.086891939973933,1.0265631417602112;9.356408901119345,2.787804101659744,0.20891529902825748;2.095021869582651,17.079045109775457,0.6495937887270954"
17,drone_6,11.557,7.126,13.942,14.674,"7.143965878414324,18.52253351862183,0.8394107337496143;6.637422351629716,5.81892506984119,0.6003018776062884;0.36590554591665037,16.596997027271488,0.20777990884561767;16.70210735212728,10.387662511155286,2.4865164910063826;17.575883932032223,2.721593568127446,1.6479158532570475;1.2973598084027889,12.541582926626493,1.1930564938806265;5.325463640573792,3.699943652690364,0.9547411468291342;2.859297170747846,7.553503878133155,2.1925507706303717;10.533388546054491,10.175620803711702,0.4434834056225819;13.471363977912578,4.924285787991767,1.3272358809753264;3.1989281854844065,17.094804049625413,0.4405086223709195;3.721082089191997,8.881385548157215,0.35484045745388293;6.101545181256263,8.790137986408395,1.2639000034553933;14.737980355806986,8.782652679798053,1.0509056472900933;8.401310070704824,11.991886299150524,1.2062214485731173;17.06132291164363,16.261464942281574,1.3345172871816686;17.339109943706937,6.311506988921403,2.300624148151509;14.590277332334818,8.335859238449064,1.6499407138788138;5.222352165170459,5.2246686833336335,1.2953675730785918;4.241324229439376,12.456110153327092,0.3647650457406896;6.334813280978457,3.731836136358651,2.315285015721719;3.96199220928336,15.075728766947645,0.9109831433466773;13.470667831163155,10.03843225270554,1.3979717289653883;16.36473653509302,8.086891939973933,1.0265631417602112;9.356408901119345,2.787804101659744,0.20891529902825748;2.095021869582651,17.079045109775457,0.6495937887270954"
17,drone_7,11.641,4.216,13.942,14.674,"7.143965878414324,18.52253351862183,0.8394107337496143;6.637422351629716,5.81892506984119,0.6003018776062884;0.36590554591665037,16.596997027271488,0.20777990884561767;16.70210735212728,10.387662511155286,2.4865164910063826;17.575883932032223,2.721593568127446,1.6479158532570475;1.2973598084027889,12.541582926626493,1.1930564938806265;5.325463640573792,3.699943652690364,0.9547411468291342;2.859297170747846,7.553503878133155,2.1925507706303717;10.533388546054491,10.175620803711702,0.4434834056225819;13.471363977912578,4.924285787991767,1.3272358809753264;3.1989281854844065,17.094804049625413,0.4405086223709195;3.721082089191997,8.881385548157215,0.35484045745388293;6.101545181256263,8.790137986408395,1.2639000034553933;14.737980355806986,8.782652679798053,1.0509056472900933;8.401310070704824,11.991886299150524,1.2062214485731173;17.06132291164363,16.261464942281574,1.3345172871816686;17.339109943706937,6.311506988921403,2.300624148151509;14.590277332334818,8.335859238449064,1.6499407138788138;5.222352165170459,5.2246686833336335,1.2953675730785918;4.241324229439376,12.456110153327092,0.3647650457406896;6.334813280978457,3.731836136358651,2.315285015721719;3.96199220928336,15.075728766947645,0.9109831433466773;13.470667831163155,10.03843225270554,1.3979717289653883;16.36473653509302,8.086891939973933,1.0265631417602112;9.356408901119345,2.787804101659744,0.20891529902825748;2.095021869582651,17.079045109775457,0.6495937887270954"
17,drone_8,10.716,5.389,13.942,14.674,"7.143965878414324,18.52253351862183,0.8394107337496143;6.637422351629716,5.81892506984119,0.6003018776062884;0.36590554591665037,16.596997027271488,0.20777990884561767;16.70210735212728,10.387662511155286,2.4865164910063826;17.575883932032223,2.721593568127446,1.6479158532570475;1.2973598084027889,12.541582926626493,1.1930564938806265;5.325463640573792,3.699943652690364,0.9547411468291342;2.859297170747846,7.553503878133155,2.1925507706303717;10.533388546054491,10.175620803711702,0.4434834056225819;13.471363977912578,4.924285787991767,1.3272358809753264;3.1989281854844065,17.094804049625413,0.4405086223709195;3.721082089191997,8.881385548157215,0.35484045745388293;6.101545181256263,8.790137986408395,1.2639000034553933;14.737980355806986,8.782652679798053,1.0509056472900933;8.401310070704824,11.991886299150524,1.2062214485731173;17.06132291164363,16.261464942281574,1.3345172871816686;17.339109943706937,6.311506988921403,2.300624148151509;14.590277332334818,8.335859238449064,1.6499407138788138;5.222352165170459,5.2246686833336335,1.2953675730785918;4.241324229439376,12.456110153327092,0.3647650457406896;6.334813280978457,3.731836136358651,2.315285015721719;3.96199220928336,15.075728766947645,0.9109831433466773;13.470667831163155,10.03843225270554,1.3979717289653883;16.36473653509302,8.086891939973933,1.0265631417602112;9.356408901119345,2.787804101659744,0.20891529902825748;2.095021869582651,17.079045109775457,0.6495937887270954"
17,drone_9,10.449,7.107,13.942,14.674,"7.143965878414324,18.52253351862183,0.8394107337496143;6.637422351629716,5.81892506984119,0.6003018776062884;0.36590554591665037,16.596997027271488,0.20777990884561767;16.70210735212728,10.387662511155286,2.4865164910063826;17.575883932032223,2.721593568127446,1.6479158532570475;1.2973598084027889,12.541582926626493,1.1930564938806265;5.325463640573792,3.699943652690364,0.9547411468291342;2.859297170747846,7.553503878133155,2.1925507706303717;10.533388546054491,10.175620803711702,0.4434834056225819;13.471363977912578,4.924285787991767,1.3272358809753264;3.1989281854844065,17.094804049625413,0.4405086223709195;3.721082089191997,8.881385548157215,0.35484045745388293;6.101545181256263,8.790137986408395,1.2639000034553933;14.737980355806986,8.782652679798053,1.0509056472900933;8.401310070704824,11.991886299150524,1.2062214485731173;17.06132291164363,16.261464942281574,1.3345172871816686;17.339109943706937,6.311506988921403,2.300624148151509;14.590277332334818,8.335859238449064,1.6499407138788138;5.222352165170459,5.2246686833336335,1.2953675730785918;4.241324229439376,12.456110153327092,0.3647650457406896;6.334813280978457,3.731836136358651,2.315285015721719;3.96199220928336,15.075728766947645,0.9109831433466773;13.470667831163155,10.03843225270554,1.3979717289653883;16.36473653509302,8.086891939973933,1.0265631417602112;9.356408901119345,2.787804101659744,0.20891529902825748;2.095021869582651,17.079045109775457,0.6495937887270954"
18,drone_1,11.543,5.437,13.942,14.674,"7.143965878414324,18.52253351862183,0.8394107337496143;6.637422351629716,5.81892506984119,0.6003018776062884;0.36590554591665037,16.596997027271488,0.20777990884561767;16.70210735212728,10.387662511155286,2.4865164910063826;17.575883932032223,2.721593568127446,1.6479158532570475;1.2973598084027889,12.541582926626493,1.1930564938806265;5.325463640573792,3.699943652690364,0.9547411468291342;2.859297170747846,7.553503878133155,2.1925507706303717;10.533388546054491,10.175620803711702,0.4434834056225819;13.471363977912578,4.924285787991767,1.3272358809753264;3.1989281854844065,17.094804049625413,0.4405086223709195;3.721082089191997,8.881385548157215,0.35484045745388293;6.101545181256263,8.790137986408395,1.2639000034553933;14.737980355806986,8.782652679798053,1.0509056472900933;8.401310070704824,11.991886299150524,1.2062214485731173;17.06132291164363,16.261464942281574,1.3345172871816686;17.339109943706937,6.311506988921403,2.300624148151509;14.590277332334818,8.335859238449064,1.6499407138788138;5.222352165170459,5.2246686833336335,1.2953675730785918;4.241324229439376,12.456110153327092,0.3647650457406896;6.334813280978457,3.731836136358651,2.315285015721719;3.96199220928336,15.075728766947645,0.9109831433466773;13.470667831163155,10.03843225270554,1.3979717289653883;16.36473653509302,8.086891939973933,1.0265631417602112;9.356408901119345,2.787804101659744,0.20891529902825748;2.095021869582651,17.079045109775457,0.6495937887270954"
18,drone_2,10.091,4.926,13.942,14.674,"7.143965878414324,18.52253351862183,0.8394107337496143;6.637422351629716,5.81892506984119,0.6003018776062884;0.36590554591665037,16.596997027271488,0.20777990884561767;16.70210735212728,10.387662511155286,2.4865164910063826;17.575883932032223,2.721593568127446,1.6479158532570475;1.2973598084027889,12.541582926626493,1.1930564938806265;5.325463640573792,3.699943652690364,0.9547411468291342;2.859297170747846,7.553503878133155,2.1925507706303717;10.533388546054491,10.175620803711702,0.4434834056225819;13.471363977912578,4.924285787991767,1.3272358809753264;3.1989281854844065,17.094804049625413,0.4405086223709195;3.721082089191997,8.881385548157215,0.35484045745388293;6.101545181256263,8.790137986408395,1.2639000034553933;14.737980355806986,8.782652679798053,1.0509056472900933;8.401310070704824,11.991886299150524,1.2062214485731173;17.06132291164363,16.261464942281574,1.3345172871816686;17.339109943706937,6.311506988921403,2.300624148151509;14.590277332334818,8.335859238449064,1.6499407138788138;5.222352165170459,5.2246686833336335,1.2953675730785918;4.241324229439376,12.456110153327092,0.3647650457406896;6.334813280978457,3.731836136358651,2.315285015721719;3.96199220928336,15.075728766947645,0.9109831433466773;13.470667831163155,10.03843225270554,1.3979717289653883;16.36473653509302,8.086891939973933,1.0265631417602112;9.356408901119345,2.787804101659744,0.20891529902825748;2.095021869582651,17.079045109775457,0.6495937887270954"
18,drone_3,11.121,6.374,13.942,14.674,"7.143965878414324,18.52253351862183,0.8394107337496143;6.637422351629716,5.81892506984119,0.6003018776062884;0.36590554591665037,16.596997027271488,0.20777990884561767;16.70210735212728,10.387662511155286,2.4865164910063826;17.575883932032223,2.721593568127446,1.6479158532570475;1.2973598084027889,12.541582926626493,1.1930564938806265;5.325463640573792,3.699943652690364,0.9547411468291342;2.859297170747846,7.553503878133155,2.1925507706303717;10.533388546054491,10.175620803711702,0.4434834056225819;13.471363977912578,4.924285787991767,1.3272358809753264;3.1989281854844065,17.094804049625413,0.4405086223709195;3.721082089191997,8.881385548157215,0.35484045745388293;6.101545181256263,8.790137986408395,1.2639000034553933;14.737980355806986,8.782652679798053,1.0509056472900933;8.401310070704824,11.991886299150524,1.2062214485731173;17.06132291164363,16.261464942281574,1.3345172871816686;17.339109943706937,6.311506988921403,2.300624148151509;14.590277332334818,8.335859238449064,1.6499407138788138;5.222352165170459,5.2246686833336335,1.2953675730785918;4.241324229439376,12.456110153327092,0.3647650457406896;6.334813280978457,3.731836136358651,2.315285015721719;3.96199220928336,15.075728766947645,0.9109831433466773;13.470667831163155,10.03843225270554,1.3979717289653883;16.36473653509302,8.086891939973933,1.0265631417602112;9.356408901119345,2.787804101659744,0.20891529902825748;2.095021869582651,17.079045109775457,0.6495937887270954"
18,drone_4,9.624,6.894,13.942,14.674,"7.143965878414324,18.52253351862183,0.8394107337496143;6.637422351629716,5.81892506984119,0.6003018776062884;0.36590554591665037,16.596997027271488,0.20777990884561767;16.70210735212728,10.387662511155286,2.4865164910063826;17.575883932032223,2.721593568127446,1.6479158532570475;1.2973598084027889,12.541582926626493,1.1930564938806265;5.325463640573792,3.699943652690364,0.9547411468291342;2.859297170747846,7.553503878133155,2.1925507706303717;10.533388546054491,10.175620803711702,0.4434834056225819;13.471363977912578,4.924285787991767,1.3272358809753264;3.1989281854844065,17.094804049625413,0.4405086223709195;3.721082089191997,8.881385548157215,0.35484045745388293;6.101545181256263,8.790137986408395,1.2639000034553933;14.737980355806986,8.782652679798053,1.0509056472900933;8.401310070704824,11.991886299150524,1.2062214485731173;17.06132291164363,16.261464942281574,1.3345172871816686;17.339109943706937,6.311506988921403,2.300624148151509;14.590277332334818,8.335859238449064,1.6499407138788138;5.222352165170459,5.2246686833336335,1.2953675730785918;4.241324229439376,12.456110153327092,0.3647650457406896;6.334813280978457,3.731836136358651,2.315285015721719;3.96199220928336,15.075728766947645,0.9109831433466773;13.470667831163155,10.03843225270554,1.3979717289653883;16.36473653509302,8.086891939973933,1.0265631417602112;9.356408901119345,2.787804101659744,0.20891529902825748;2.095021869582651,17.079045109775457,0.6495937887270954"
18,drone_6,11.540,7.297,13.942,14.674,"7.143965878414324,18.52253351862183,0.8394107337496143;6.637422351629716,5.81892506984119,0.6003018776062884;0.36590554591665037,16.596997027271488,0.20777990884561767;16.70210735212728,10.387662511155286,2.4865164910063826;17.575883932032223,2.721593568127446,1.6479158532570475;1.2973598084027889,12.541582926626493,1.1930564938806265;5.325463640573792,3.699943652690364,0.9547411468291342;2.859297170747846,7.553503878133155,2.1925507706303717;10.533388546054491,10.175620803711702,0.4434834056225819;13.471363977912578,4.924285787991767,1.3272358809753264;3.1989281854844065,17.094804049625413,0.4405086223709195;3.721082089191997,8.881385548157215,0.35484045745388293;6.101545181256263,8.790137986408395,1.2639000034553933;14.737980355806986,8.782652679798053,1.0509056472900933;8.401310070704824,11.991886299150524,1.2062214485731173;17.06132291164363,16.261464942281574,1.3345172871816686;17.339109943706937,6.311506988921403,2.300624148151509;14.590277332334818,8.335859238449064,1.6499407138788138;5.222352165170459,5.2246686833336335,1.2953675730785918;4.241324229439376,12.456110153327092,0.3647650457406896;6.334813280978457,3.731836136358651,2.315285015721719;3.96199220928336,15.075728766947645,0.9109831433466773;13.470667831163155,10.03843225270554,1.3979717289653883;16.36473653509302,8.086891939973933,1.0265631417602112;9.356408901119345,2.787804101659744,0.20891529902825748;2.095021869582651,17.079045109775457,0.6495937887270954"
18,drone_7,11.554,4.397,13.942,14.674,"7.143965878414324,18.52253351862183,0.8394107337496143;6.637422351629716,5.81892506984119,0.6003018776062884;0.36590554591665037,16.596997027271488,0.20777990884561767;16.70210735212728,10.387662511155286,2.4865164910063826;17.575883932032223,2.721593568127446,1.6479158532570475;1.2973598084027889,12.541582926626493,1.1930564938806265;5.325463640573792,3.699943652690364,0.9547411468291342;2.859297170747846,7.553503878133155,2.1925507706303717;10.533388546054491,10.175620803711702,0.4434834056225819;13.471363977912578,4.924285787991767,1.3272358809753264;3.1989281854844065,17.094804049625413,0.4405086223709195;3.721082089191997,8.881385548157215,0.35484045745388293;6.101545181256263,8.790137986408395,1.2639000034553933;14.737980355806986,8.782652679798053,1.0509056472900933;8.401310070704824,11.991886299150524,1.2062214485731173;17.06132291164363,16.261464942281574,1.3345172871816686;17.339109943706937,6.311506988921403,2.300624148151509;14.590277332334818,8.335859238449064,1.6499407138788138;5.222352165170459,5.2246686833336335,1.2953675730785918;4.241324229439376,12.456110153327092,0.3647650457406896;6.334813280978457,3.731836136358651,2.315285015721719;3.96199220928336,15.075728766947645,0.9109831433466773;13.470667831163155,10.03843225270554,1.3979717289653883;16.36473653509302,8.086891939973933,1.0265631417602112;9.356408901119345,2.787804101659744,0.20891529902825748;2.095021869582651,17.079045109775457,0.6495937887270954"
18,drone_8,10.644,5.518,13.942,14.674,"7.143965878414324,18.52253351862183,0.8394107337496143;6.637422351629716,5.81892506984119,0.6003018776062884;0.36590554591665037,16.596997027271488,0.20777990884561767;16.70210735212728,10.387662511155286,2.4865164910063826;17.575883932032223,2.721593568127446,1.6479158532570475;1.2973598084027889,12.541582926626493,1.1930564938806265;5.325463640573792,3.699943652690364,0.9547411468291342;2.859297170747846,7.553503878133155,2.1925507706303717;10.533388546054491,10.175620803711702,0.4434834056225819;13.471363977912578,4.924285787991767,1.3272358809753264;3.1989281854844065,17.094804049625413,0.4405086223709195;3.721082089191997,8.881385548157215,0.35484045745388293;6.101545181256263,8.790137986408395,1.2639000034553933;14.737980355806986,8.782652679798053,1.0509056472900933;8.401310070704824,11.991886299150524,1.2062214485731173;17.06132291164363,16.261464942281574,1.3345172871816686;17.339109943706937,6.311506988921403,2.300624148151509;14.590277332334818,8.335859238449064,1.6499407138788138;5.222352165170459,5.2246686833336335,1.2953675730785918;4.241324229439376,12.456110153327092,0.3647650457406896;6.334813280978457,3.731836136358651,2.315285015721719;3.96199220928336,15.075728766947645,0.9109831433466773;13.470667831163155,10.03843225270554,1.3979717289653883;16.36473653509302,8.086891939973933,1.0265631417602112;9.356408901119345,2.787804101659744,0.20891529902825748;2.095021869582651,17.079045109775457,0.6495937887270954"
18,drone_9,10.487,7.250,13.942,14.674,"7.143965878414324,18.52253351862183,0.8394107337496143;6.637422351629716,5.81892506984119,0.6003018776062884;0.36590554591665037,16.596997027271488,0.20777990884561767;16.70210735212728,10.387662511155286,2.4865164910063826;17.575883932032223,2.721593568127446,1.6479158532570475;1.2973598084027889,12.541582926626493,1.1930564938806265;5.325463640573792,3.699943652690364,0.9547411468291342;2.859297170747846,7.553503878133155,2.1925507706303717;10.533388546054491,10.175620803711702,0.4434834056225819;13.471363977912578,4.924285787991767,1.3272358809753264;3.1989281854844065,17.094804049625413,0.4405086223709195;3.721082089191997,8.881385548157215,0.35484045745388293;6.101545181256263,8.790137986408395,1.2639000034553933;14.737980355806986,8.782652679798053,1.0509056472900933;8.401310070704824,11.991886299150524,1.2062214485731173;17.06132291164363,16.261464942281574,1.3345172871816686;17.339109943706937,6.311506988921403,2.300624148151509;14.590277332334818,8.335859238449064,1.6499407138788138;5.222352165170459,5.2246686833336335,1.2953675730785918;4.241324229439376,12.456110153327092,0.3647650457406896;6.334813280978457,3.731836136358651,2.315285015721719;3.96199220928336,15.075728766947645,0.9109831433466773;13.470667831163155,10.03843225270554,1.3979717289653883;16.36473653509302,8.086891939973933,1.0265631417602112;9.356408901119345,2.787804101659744,0.20891529902825748;2.095021869582651,17.079045109775457,0.6495937887270954"
19,drone_1,11.529,5.608,13.942,14.674,"7.143965878414324,18.52253351862183,0.8394107337496143;6.637422351629716,5.81892506984119,0.6003018776062884;0.36590554591665037,16.596997027271488,0.20777990884561767;16.70210735212728,10.387662511155286,2.4865164910063826;17.575883932032223,2.721593568127446,1.6479158532570475;1.2973598084027889,12.541582926626493,1.1930564938806265;5.325463640573792,3.699943652690364,0.9547411468291342;2.859297170747846,7.553503878133155,2.1925507706303717;10.533388546054491,10.175620803711702,0.4434834056225819;13.471363977912578,4.924285787991767,1.3272358809753264;3.1989281854844065,17.094804049625413,0.4405086223709195;3.721082089191997,8.881385548157215,0.35484045745388293;6.101545181256263,8.790137986408395,1.2639000034553933;14.737980355806986,8.782652679798053,1.0509056472900933;8.401310070704824,11.991886299150524,1.2062214485731173;17.06132291164363,16.261464942281574,1.3345172871816686;17.339109943706937,6.311506988921403,2.300624148151509;14.590277332334818,8.335859238449064,1.6499407138788138;5.222352165170459,5.2246686833336335,1.2953675730785918;4.241324229439376,12.456110153327092,0.3647650457406896;6.334813280978457,3.731836136358651,2.315285015721719;3.96199220928336,15.075728766947645,0.9109831433466773;13.470667831163155,10.03843225270554,1.3979717289653883;16.36473653509302,8.086891939973933,1.0265631417602112;9.356408901119345,2.787804101659744,0.20891529902825748;2.095021869582651,17.079045109775457,0.6495937887270954"
19,drone_2,10.036,5.090,13.942,14.674,"7.143965878414324,18.52253351862183,0.8394107337496143;6.637422351629716,5.81892506984119,0.6003018776062884;0.36590554591665037,16.596997027271488,0.20777990884561767;16.70210735212728,10.387662511155286,2.4865164910063826;17.575883932032223,2.721593568127446,1.6479158532570475;1.2973598084027889,12.541582926626493,1.1930564938806265;5.325463640573792,3.699943652690364,0.9547411468291342;2.859297170747846,7.553503878133155,2.1925507706303717;10.533388546054491,10.175620803711702,0.4434834056225819;13.471363977912578,4.924285787991767,1.3272358809753264;3.1989281854844065,17.094804049625413,0.4405086223709195;3.721082089191997,8.881385548157215,0.35484045745388293;6.101545181256263,8.790137986408395,1.2639000034553933;14.737980355806986,8.782652679798053,1.0509056472900933;8.401310070704824,11.991886299150524,1.2062214485731173;17.06132291164363,16.261464942281574,1.3345172871816686;17.339109943706937,6.311506988921403,2.300624148151509;14.590277332334818,8.335859238449064,1.6499407138788138;5.222352165170459,5.2246686833336335,1.2953675730785918;4.241324229439376,12.456110153327092,0.3647650457406896;6.334813280978457,3.731836136358651,2.315285015721719;3.96199220928336,15.075728766947645,0.9109831433466773;13.470667831163155,10.03843225270554,1.3979717289653883;16.36473653509302,8.086891939973933,1.0265631417602112;9.356408901119345,2.787804101659744,0.20891529902825748;2.095021869582651,17.079045109775457,0.6495937887270954"
19,drone_3,11.124,6.522,13.942,14.674,"7.143965878414324,18.52253351862183,0.8394107337496143;6.637422351629716,5.81892506984119,0.6003018776062884;0.36590554591665037,16.596997027271488,0.20777990884561767;16.70210735212728,10.387662511155286,2.4865164910063826;17.575883932032223,2.721593568127446,1.6479158532570475;1.2973598084027889,12.541582926626493,1.1930564938806265;5.325463640573792,3.699943652690364,0.9547411468291342;2.859297170747846,7.553503878133155,2.1925507706303717;10.533388546054491,10.175620803711702,0.4434834056225819;13.471363977912578,4.924285787991767,1.3272358809753264;3.1989281854844065,17.094804049625413,0.4405086223709195;3.721082089191997,8.881385548157215,0.35484045745388293;6.101545181256263,8.790137986408395,1.2639000034553933;14.737980355806986,8.782652679798053,1.0509056472900933;8.401310070704824,11.991886299150524,1.2062214485731173;17.06132291164363,16.261464942281574,1.3345172871816686;17.339109943706937,6.311506988921403,2.300624148151509;14.590277332334818,8.335859238449064,1.6499407138788138;5.222352165170459,5.2246686833336335,1.2953675730785918;4.241324229439376,12.456110153327092,0.3647650457406896;6.334813280978457,3.731836136358651,2.315285015721719;3.96199220928336,15.075728766947645,0.9109831433466773;13.470667831163155,10.03843225270554,1.3979717289653883;16.36473653509302,8.086891939973933,1.0265631417602112;9.356408901119345,2.787804101659744,0.20891529902825748;2.095021869582651,17.079045109775457,0.6495937887270954"
19,drone_4,9.664,7.061,13.942,14.674,"7.143965878414324,18.52253351862183,0.8394107337496143;6.637422351629716,5.81892506984119,0.6003018776062884;0.36590554591665037,16.596997027271488,0.20777990884561767;16.70210735212728,10.387662511155286,2.4865164910063826;17.575883932032223,2.721593568127446,1.6479158532570475;1.2973598084027889,12.541582926626493,1.1930564938806265;5.325463640573792,3.699943652690364,0.9547411468291342;2.859297170747846,7.553503878133155,2.1925507706303717;10.533388546054491,10.175620803711702,0.4434834056225819;13.471363977912578,4.924285787991767,1.3272358809753264;3.1989281854844065,17.094804049625413,0.4405086223709195;3.721082089191997,8.881385548157215,0.35484045745388293;6.101545181256263,8.790137986408395,1.2639000034553933;14.737980355806986,8.782652679798053,1.0509056472900933;8.401310070704824,11.991886299150524,1.2062214485731173;17.06132291164363,16.261464942281574,1.3345172871816686;17.339109943706937,6.311506988921403,2.300624148151509;14.590277332334818,8.335859238449064,1.6499407138788138;5.222352165170459,5.2246686833336335,1.2953675730785918;4.241324229439376,12.456110153327092,0.3647650457406896;6.334813280978457,3.731836136358651,2.315285015721719;3.96199220928336,15.075728766947645,0.9109831433466773;13.470667831163155,10.03843225270554,1.3979717289653883;16.36473653509302,8.086891939973933,1.0265631417602112;9.356408901119345,2.787804101659744,0.20891529902825748;2.095021869582651,17.079045109775457,0.6495937887270954"
19,drone_6,11.589,7.462,13.942,14.674,"7.143965878414324,18.52253351862183,0.8394107337496143;6.637422351629716,5.81892506984119,0.6003018776062884;0.36590554591665037,16.596997027271488,0.20777990884561767;16.70210735212728,10.387662511155286,2.4865164910063826;17.575883932032223,2.721593568127446,1.6479158532570475;1.2973598084027889,12.541582926626493,1.1930564938806265;5.325463640573792,3.699943652690364,0.9547411468291342;2.859297170747846,7.553503878133155,2.1925507706303717;10.533388546054491,10.175620803711702,0.4434834056225819;13.471363977912578,4.924285787991767,1.3272358809753264;3.1989281854844065,17.094804049625413,0.4405086223709195;3.721082089191997,8.881385548157215,0.35484045745388293;6.101545181256263,8.790137986408395,1.2639000034553933;14.737980355806986,8.782652679798053,1.0509056472900933;8.401310070704824,11.991886299150524,1.2062214485731173;17.06132291164363,16.261464942281574,1.3345172871816686;17.339109943706937,6.311506988921403,2.300624148151509;14.590277332334818,8.335859238449064,1.6499407138788138;5.222352165170459,5.2246686833336335,1.2953675730785918;4.241324229439376,12.456110153327092,0.3647650457406896;6.334813280978457,3.731836136358651,2.315285015721719;3.96199220928336,15.075728766947645,0.9109831433466773;13.470667831163155,10.03843225270554,1.3979717289653883;16.36473653509302,8.086891939973933,1.0265631417602112;9.356408901119345,2.787804101659744,0.20891529902825748;2.095021869582651,17.079045109775457,0.6495937887270954"
19,drone_7,11.564,4.596,13.942,14.674,"7.143965878414324,18.52253351862183,0.8394107337496143;6.637422351629716,5.81892506984119,0.6003018776062884;0.36590554591665037,16.596997027271488,0.20777990884561767;16.70210735212728,10.387662511155286,2.4865164910063826;17.575883932032223,2.721593568127446,1.6479158532570475;1.2973598084027889,12.541582926626493,1.1930564938806265;5.325463640573792,3.699943652690364,0.9547411468291342;2.859297170747846,7.553503878133155,2.1925507706303717;10.533388546054491,10.175620803711702,0.4434834056225819;13.471363977912578,4.924285787991767,1.3272358809753264;3.1989281854844065,17.094804049625413,0.4405086223709195;3.721082089191997,8.881385548157215,0.35484045745388293;6.101545181256263,8.790137986408395,1.2639000034553933;14.737980355806986,8.782652679798053,1.0509056472900933;8.401310070704824,11.991886299150524,1.2062214485731173;17.06132291164363,16.261464942281574,1.3345172871816686;17.339109943706937,6.311506988921403,2.300624148151509;14.590277332334818,8.335859238449064,1.6499407138788138;5.222352165170459,5.2246686833336335,1.2953675730785918;4.241324229439376,12.456110153327092,0.3647650457406896;6.334813280978457,3.731836136358651,2.315285015721719;3.96199220928336,15.075728766947645,0.9109831433466773;13.470667831163155,10.03843225270554,1.3979717289653883;16.36473653509302,8.086891939973933,1.0265631417602112;9.356408901119345,2.787804101659744,0.20891529902825748;2.095021869582651,17.079045109775457,0.6495937887270954"
19,drone_8,10.661,5.665,13.942,14.674,"7.143965878414324,18.52253351862183,0.8394107337496143;6.637422351629716,5.81892506984119,0.6003018776062884;0.36590554591665037,16.596997027271488,0.20777990884561767;16.70210735212728,10.387662511155286,2.4865164910063826;17.575883932032223,2.721593568127446,1.6479158532570475;1.2973598084027889,12.541582926626493,1.1930564938806265;5.325463640573792,3.699943652690364,0.9547411468291342;2.859297170747846,7.553503878133155,2.1925507706303717;10.533388546054491,10.175620803711702,0.4434834056225819;13.471363977912578,4.924285787991767,1.3272358809753264;3.1989281854844065,17.094804049625413,0.4405086223709195;3.721082089191997,8.881385548157215,0.35484045745388293;6.101545181256263,8.790137986408395,1.2639000034553933;14.737980355806986,8.782652679798053,1.0509056472900933;8.401310070704824,11.991886299150524,1.2062214485731173;17.06132291164363,16.261464942281574,1.3345172871816686;17.339109943706937,6.311506988921403,2.300624148151509;14.590277332334818,8.335859238449064,1.6499407138788138;5.222352165170459,5.2246686833336335,1.2953675730785918;4.241324229439376,12.456110153327092,0.3647650457406896;6.334813280978457,3.731836136358651,2.315285015721719;3.96199220928336,15.075728766947645,0.9109831433466773;13.470667831163155,10.03843225270554,1.3979717289653883;16.36473653509302,8.086891939973933,1.0265631417602112;9.356408901119345,2.787804101659744,0.20891529902825748;2.095021869582651,17.079045109775457,0.6495937887270954"
19,drone_9,10.561,7.379,13.942,14.674,"7.143965878414324,18.52253351862183,0.8394107337496143;6.637422351629716,5.81892506984119,0.6003018776062884;0.36590554591665037,16.596997027271488,0.20777990884561767;16.70210735212728,10.387662511155286,2.4865164910063826;17.575883932032223,2.721593568127446,1.6479158532570475;1.2973598084027889,12.541582926626493,1.1930564938806265;5.325463640573792,3.699943652690364,0.9547411468291342;2.859297170747846,7.553503878133155,2.1925507706303717;10.533388546054491,10.175620803711702,0.4434834056225819;13.471363977912578,4.924285787991767,1.3272358809753264;3.1989281854844065,17.094804049625413,0.4405086223709195;3.721082089191997,8.881385548157215,0.35484045745388293;6.101545181256263,8.790137986408395,1.2639000034553933;14.737980355806986,8.782652679798053,1.0509056472900933;8.401310070704824,11.991886299150524,1.2062214485731173;17.06132291164363,16.261464942281574,1.3345172871816686;17.339109943706937,6.311506988921403,2.300624148151509;14.590277332334818,8.335859238449064,1.6499407138788138;5.222352165170459,5.2246686833336335,1.2953675730785918;4.241324229439376,12.456110153327092,0.3647650457406896;6.334813280978457,3.731836136358651,2.315285015721719;3.96199220928336,15.075728766947645,0.9109831433466773;13.470667831163155,10.03843225270554,1.3979717289653883;16.36473653509302,8.086891939973933,1.0265631417602112;9.356408901119345,2.787804101659744,0.20891529902825748;2.095021869582651,17.079045109775457,0.6495937887270954"
20,drone_1,11.573,5.749,13.942,14.674,"7.143965878414324,18.52253351862183,0.8394107337496143;6.637422351629716,5.81892506984119,0.6003018776062884;0.36590554591665037,16.596997027271488,0.20777990884561767;16.70210735212728,10.387662511155286,2.4865164910063826;17.575883932032223,2.721593568127446,1.6479158532570475;1.2973598084027889,12.541582926626493,1.1930564938806265;5.325463640573792,3.699943652690364,0.9547411468291342;2.859297170747846,7.553503878133155,2.1925507706303717;10.533388546054491,10.175620803711702,0.4434834056225819;13.471363977912578,4.924285787991767,1.3272358809753264;3.1989281854844065,17.094804049625413,0.4405086223709195;3.721082089191997,8.881385548157215,0.35484045745388293;6.101545181256263,8.790137986408395,1.2639000034553933;14.737980355806986,8.782652679798053,1.0509056472900933;8.401310070704824,11.991886299150524,1.2062214485731173;17.06132291164363,16.261464942281574,1.3345172871816686;17.339109943706937,6.311506988921403,2.300624148151509;14.590277332334818,8.335859238449064,1.6499407138788138;5.222352165170459,5.2246686833336335,1.2953675730785918;4.241324229439376,12.456110153327092,0.3647650457406896;6.334813280978457,3.731836136358651,2.315285015721719;3.96199220928336,15.075728766947645,0.9109831433466773;13.470667831163155,10.03843225270554,1.3979717289653883;16.36473653509302,8.086891939973933,1.0265631417602112;9.356408901119345,2.787804101659744,0.20891529902825748;2.095021869582651,17.079045109775457,0.6495937887270954"
20,drone_2,10.066,5.259,13.942,14.674,"7.143965878414324,18.52253351862183,0.8394107337496143;6.637422351629716,5.81892506984119,0.6003018776062884;0.36590554591665037,16.596997027271488,0.20777990884561767;16.70210735212728,10.387662511155286,2.4865164910063826;17.575883932032223,2.721593568127446,1.6479158532570475;1.2973598084027889,12.541582926626493,1.1930564938806265;5.325463640573792,3.699943652690364,0.9547411468291342;2.859297170747846,7.553503878133155,2.1925507706303717;10.533388546054491,10.175620803711702,0.4434834056225819;13.471363977912578,4.924285787991767,1.3272358809753264;3.1989281854844065,17.094804049625413,0.4405086223709195;3.721082089191997,8.881385548157215,0.35484045745388293;6.101545181256263,8.790137986408395,1.2639000034553933;14.737980355806986,8.782652679798053,1.0509056472900933;8.401310070704824,11.991886299150524,1.2062214485731173;17.06132291164363,16.261464942281574,1.3345172871816686;17.339109943706937,6.311506988921403,2.300624148151509;14.590277332334818,8.335859238449064,1.6499407138788138;5.222352165170459,5.2246686833336335,1.2953675730785918;4.241324229439376,12.456110153327092,0.3647650457406896;6.334813280978457,3.731836136358651,2.315285015721719;3.96199220928336,15.075728766947645,0.9109831433466773;13.470667831163155,10.03843225270554,1.3979717289653883;16.36473653509302,8.086891939973933,1.0265631417602112;9.356408901119345,2.787804101659744,0.20891529902825748;2.095021869582651,17.079045109775457,0.6495937887270954"
20,drone_3,11.180,6.659,13.942,14.674,"7.143965878414324,18.52253351862183,0.8394107337496143;6.637422351629716,5.81892506984119,0.6003018776062884;0.36590554591665037,16.596997027271488,0.20777990884561767;16.70210735212728,10.387662511155286,2.4865164910063826;17.575883932032223,2.721593568127446,1.6479158532570475;1.2973598084027889,12.541582926626493,1.1930564938806265;5.325463640573792,3.699943652690364,0.9547411468291342;2.859297170747846,7.553503878133155,2.1925507706303717;10.533388546054491,10.175620803711702,0.4434834056225819;13.471363977912578,4.924285787991767,1.3272358809753264;3.1989281854844065,17.094804049625413,0.4405086223709195;3.721082089191997,8.881385548157215,0.35484045745388293;6.101545181256263,8.790137986408395,1.2639000034553933;14.737980355806986,8.782652679798053,1.0509056472900933;8.401310070704824,11.991886299150524,1.2062214485731173;17.06132291164363,16.261464942281574,1.3345172871816686;17.339109943706937,6.311506988921403,2.300624148151509;14.590277332334818,8.335859238449064,1.6499407138788138;5.222352165170459,5.2246686833336335,1.2953675730785918;4.241324229439376,12.456110153327092,0.3647650457406896;6.334813280978457,3.731836136358651,2.315285015721719;3.96199220928336,15.075728766947645,0.9109831433466773;13.470667831163155,10.03843225270554,1.3979717289653883;16.36473653509302,8.086891939973933,1.0265631417602112;9.356408901119345,2.787804101659744,0.20891529902825748;2.095021869582651,17.079045109775457,0.6495937887270954"
20,drone_4,9.729,7.221,13.942,14.674,"7.143965878414324,18.52253351862183,0.8394107337496143;6.637422351629716,5.81892506984119,0.6003018776062884;0.36590554591665037,16.596997027271488,0.20777990884561767;16.70210735212728,10.387662511155286,2.4865164910063826;17.575883932032223,2.721593568127446,1.6479158532570475;1.2973598084027889,12.541582926626493,1.1930564938806265;5.325463640573792,3.699943652690364,0.9547411468291342;2.859297170747846,7.553503878133155,2.1925507706303717;10.533388546054491,10.175620803711702,0.4434834056225819;13.471363977912578,4.924285787991767,1.3272358809753264;3.1989281854844065,17.094804049625413,0.4405086223709195;3.721082089191997,8.881385548157215,0.35484045745388293;6.101545181256263,8.790137986408395,1.2639000034553933;14.737980355806986,8.782652679798053,1.0509056472900933;8.401310070704824,11.991886299150524,1.2062214485731173;17.06132291164363,16.261464942281574,1.3345172871816686;17.339109943706937,6.311506988921403,2.300624148151509;14.590277332334818,8.335859238449064,1.6499407138788138;5.222352165170459,5.2246686833336335,1.2953675730785918;4.241324229439376,12.456110153327092,0.3647650457406896;6.334813280978457,3.731836136358651,2.315285015721719;3.96199220928336,15.075728766947645,0.9109831433466773;13.470667831163155,10.03843225270554,1.3979717289653883;16.36473653509302,8.086891939973933,1.0265631417602112;9.356408901119345,2.787804101659744,0.20891529902825748;2.095021869582651,17.079045109775457,0.6495937887270954"
20,drone_6,11.638,7.627,13.942,14.674,"7.143965878414324,18.52253351862183,0.8394107337496143;6.637422351629716,5.81892506984119,0.6003018776062884;0.36590554591665037,16.596997027271488,0.20777990884561767;16.70210735212728,10.387662511155286,2.4865164910063826;17.575883932032223,2.721593568127446,1.6479158532570475;1.2973598084027889,12.541582926626493,1.1930564938806265;5.325463640573792,3.699943652690364,0.9547411468291342;2.859297170747846,7.553503878133155,2.1925507706303717;10.533388546054491,10.175620803711702,0.4434834056225819;13.471363977912578,4.924285787991767,1.3272358809753264;3.1989281854844065,17.094804049625413,0.4405086223709195;3.721082089191997,8.881385548157215,0.35484045745388293;6.101545181256263,8.790137986408395,1.2639000034553933;14.737980355806986,8.782652679798053,1.0509056472900933;8.401310070704824,11.991886299150524,1.2062214485731173;17.06132291164363,16.261464942281574,1.3345172871816686;17.339109943706937,6.311506988921403,2.300624148151509;14.590277332334818,8.335859238449064,1.6499407138788138;5.222352165170459,5.2246686833336335,1.2953675730785918;4.241324229439376,12.456110153327092,0.3647650457406896;6.334813280978457,3.731836136358651,2.315285015721719;3.96199220928336,15.075728766947645,0.9109831433466773;13.470667831163155,10.03843225270554,1.3979717289653883;16.36473653509302,8.086891939973933,1.0265631417602112;9.356408901119345,2.787804101659744,0.20891529902825748;2.095021869582651,17.079045109775457,0.6495937887270954"
20,drone_7,11.507,4.788,13.942,14.674,"7.143965878414324,18.52253351862183,0.8394107337496143;6.637422351629716,5.81892506984119,0.6003018776062884;0.36590554591665037,16.596997027271488,0.20777990884561767;16.70210735212728,10.387662511155286,2.4865164910063826;17.575883932032223,2.721593568127446,1.6479158532570475;1.2973598084027889,12.541582926626493,1.1930564938806265;5.325463640573792,3.699943652690364,0.9547411468291342;2.859297170747846,7.553503878133155,2.1925507706303717;10.533388546054491,10.175620803711702,0.4434834056225819;13.471363977912578,4.924285787991767,1.3272358809753264;3.1989281854844065,17.094804049625413,0.4405086223709195;3.721082089191997,8.881385548157215,0.35484045745388293;6.101545181256263,8.790137986408395,1.2639000034553933;14.737980355806986,8.782652679798053,1.0509056472900933;8.401310070704824,11.991886299150524,1.2062214485731173;17.06132291164363,16.261464942281574,1.3345172871816686;17.339109943706937,6.311506988921403,2.300624148151509;14.590277332334818,8.335859238449064,1.6499407138788138;5.222352165170459,5.2246686833336335,1.2953675730785918;4.241324229439376,12.456110153327092,0.3647650457406896;6.334813280978457,3.731836136358651,2.315285015721719;3.96199220928336,15.075728766947645,0.9109831433466773;13.470667831163155,10.03843225270554,1.3979717289653883;16.36473653509302,8.086891939973933,1.0265631417602112;9.356408901119345,2.787804101659744,0.20891529902825748;2.095021869582651,17.079045109775457,0.6495937887270954"
20,drone_8,10.614,5.806,13.942,14.674,"7.143965878414324,18.52253351862183,0.8394107337496143;6.637422351629716,5.81892506984119,0.6003018776062884;0.36590554591665037,16.596997027271488,0.20777990884561767;16.70210735212728,10.387662511155286,2.4865164910063826;17.575883932032223,2.721593568127446,1.6479158532570475;1.2973598084027889,12.541582926626493,1.1930564938806265;5.325463640573792,3.699943652690364,0.9547411468291342;2.859297170747846,7.553503878133155,2.1925507706303717;10.533388546054491,10.175620803711702,0.4434834056225819;13.471363977912578,4.924285787991767,1.3272358809753264;3.1989281854844065,17.094804049625413,0.4405086223709195;3.721082089191997,8.881385548157215,0.35484045745388293;6.101545181256263,8.790137986408395,1.2639000034553933;14.737980355806986,8.782652679798053,1.0509056472900933;8.401310070704824,11.991886299150524,1.2062214485731173;17.06132291164363,16.261464942281574,1.3345172871816686;17.339109943706937,6.311506988921403,2.300624148151509;14.590277332334818,8.335859238449064,1.6499407138788138;5.222352165170459,5.2246686833336335,1.2953675730785918;4.241324229439376,12.456110153327092,0.3647650457406896;6.334813280978457,3.731836136358651,2.315285015721719;3.96199220928336,15.075728766947645,0.9109831433466773;13.470667831163155,10.03843225270554,1.3979717289653883;16.36473653509302,8.086891939973933,1.0265631417602112;9.356408901119345,2.787804101659744,0.20891529902825748;2.095021869582651,17.079045109775457,0.6495937887270954"
20,drone_9,10.543,7.526,13.942,14.674,"7.143965878414324,18.52253351862183,0.8394107337496143;6.637422351629716,5.81892506984119,0.6003018776062884;0.36590554591665037,16.596997027271488,0.20777990884561767;16.70210735212728,10.387662511155286,2.4865164910063826;17.575883932032223,2.721593568127446,1.6479158532570475;1.2973598084027889,12.541582926626493,1.1930564938806265;5.325463640573792,3.699943652690364,0.9547411468291342;2.859297170747846,7.553503878133155,2.1925507706303717;10.533388546054491,10.175620803711702,0.4434834056225819;13.471363977912578,4.924285787991767,1.3272358809753264;3.1989281854844065,17.094804049625413,0.4405086223709195;3.721082089191997,8.881385548157215,0.35484045745388293;6.101545181256263,8.790137986408395,1.2639000034553933;14.737980355806986,8.782652679798053,1.0509056472900933;8.401310070704824,11.991886299150524,1.2062214485731173;17.06132291164363,16.261464942281574,1.3345172871816686;17.339109943706937,6.311506988921403,2.300624148151509;14.590277332334818,8.335859238449064,1.6499407138788138;5.222352165170459,5.2246686833336335,1.2953675730785918;4.241324229439376,12.456110153327092,0.3647650457406896;6.334813280978457,3.731836136358651,2.315285015721719;3.96199220928336,15.075728766947645,0.9109831433466773;13.470667831163155,10.03843225270554,1.3979717289653883;16.36473653509302,8.086891939973933,1.0265631417602112;9.356408901119345,2.787804101659744,0.20891529902825748;2.095021869582651,17.079045109775457,0.6495937887270954"
21,drone_1,11.545,5.874,13.942,14.674,"7.143965878414324,18.52253351862183,0.8394107337496143;6.637422351629716,5.81892506984119,0.6003018776062884;0.36590554591665037,16.596997027271488,0.20777990884561767;16.70210735212728,10.387662511155286,2.4865164910063826;17.575883932032223,2.721593568127446,1.6479158532570475;1.2973598084027889,12.541582926626493,1.1930564938806265;5.325463640573792,3.699943652690364,0.9547411468291342;2.859297170747846,7.553503878133155,2.1925507706303717;10.533388546054491,10.175620803711702,0.4434834056225819;13.471363977912578,4.924285787991767,1.3272358809753264;3.1989281854844065,17.094804049625413,0.4405086223709195;3.721082089191997,8.881385548157215,0.35484045745388293;6.101545181256263,8.790137986408395,1.2639000034553933;14.737980355806986,8.782652679798053,1.0509056472900933;8.401310070704824,11.991886299150524,1.2062214485731173;17.06132291164363,16.261464942281574,1.3345172871816686;17.339109943706937,6.311506988921403,2.300624148151509;14.590277332334818,8.335859238449064,1.6499407138788138;5.222352165170459,5.2246686833336335,1.2953675730785918;4.241324229439376,12.456110153327092,0.3647650457406896;6.334813280978457,3.731836136358651,2.315285015721719;3.96199220928336,15.075728766947645,0.9109831433466773;13.470667831163155,10.03843225270554,1.3979717289653883;16.36473653509302,8.086891939973933,1.0265631417602112;9.356408901119345,2.787804101659744,0.20891529902825748;2.095021869582651,17.079045109775457,0.6495937887270954"
21,drone_2,10.022,5.426,13.942,14.674,"7.143965878414324,18.52253351862183,0.8394107337496143;6.637422351629716,5.81892506984119,0.6003018776062884;0.36590554591665037,16.596997027271488,0.20777990884561767;16.70210735212728,10.387662511155286,2.4865164910063826;17.575883932032223,2.721593568127446,1.6479158532570475;1.2973598084027889,12.541582926626493,1.1930564938806265;5.325463640573792,3.699943652690364,0.9547411468291342;2.859297170747846,7.553503878133155,2.1925507706303717;10.533388546054491,10.175620803711702,0.4434834056225819;13.471363977912578,4.924285787991767,1.3272358809753264;3.1989281854844065,17.094804049625413,0.4405086223709195;3.721082089191997,8.881385548157215,0.35484045745388293;6.101545181256263,8.790137986408395,1.2639000034553933;14.737980355806986,8.782652679798053,1.0509056472900933;8.401310070704824,11.991886299150524,1.2062214485731173;17.06132291164363,16.261464942281574,1.3345172871816686;17.339109943706937,6.311506988921403,2.300624148151509;14.590277332334818,8.335859238449064,1.6499407138788138;5.222352165170459,5.2246686833336335,1.2953675730785918;4.241324229439376,12.456110153327092,0.3647650457406896;6.334813280978457,3.731836136358651,2.315285015721719;3.96199220928336,15.075728766947645,0.9109831433466773;13.470667831163155,10.03843225270554,1.3979717289653883;16.36473653509302,8.086891939973933,1.0265631417602112;9.356408901119345,2.787804101659744,0.20891529902825748;2.095021869582651,17.079045109775457,0.6495937887270954"
21,drone_3,11.275,6.802,13.942,14.674,"7.143965878414324,18.52253351862183,0.8394107337496143;6.637422351629716,5.81892506984119,0.6003018776062884;0.36590554591665037,16.596997027271488,0.20777990884561767;16.70210735212728,10.387662511155286,2.4865164910063826;17.575883932032223,2.721593568127446,1.6479158532570475;1.2973598084027889,12.541582926626493,1.1930564938806265;5.325463640573792,3.699943652690364,0.9547411468291342;2.859297170747846,7.553503878133155,2.1925507706303717;10.533388546054491,10.175620803711702,0.4434834056225819;13.471363977912578,4.924285787991767,1.3272358809753264;3.1989281854844065,17.094804049625413,0.4405086223709195;3.721082089191997,8.881385548157215,0.35484045745388293;6.101545181256263,8.790137986408395,1.2639000034553933;14.737980355806986,8.782652679798053,1.0509056472900933;8.401310070704824,11.991886299150524,1.2062214485731173;17.06132291164363,16.261464942281574,1.3345172871816686;17.339109943706937,6.311506988921403,2.300624148151509;14.590277332334818,8.335859238449064,1.6499407138788138;5.222352165170459,5.2246686833336335,1.2953675730785918;4.241324229439376,12.456110153327092,0.3647650457406896;6.334813280978457,3.731836136358651,2.315285015721719;3.96199220928336,15.075728766947645,0.9109831433466773;13.470667831163155,10.03843225270554,1.3979717289653883;16.36473653509302,8.086891939973933,1.0265631417602112;9.356408901119345,2.787804101659744,0.20891529902825748;2.095021869582651,17.079045109775457,0.6495937887270954"
21,drone_4,9.706,7.391,13.942,14.674,"7.143965878414324,18.52253351862183,0.8394107337496143;6.637422351629716,5.81892506984119,0.6003018776062884;0.36590554591665037,16.596997027271488,0.20777990884561767;16.70210735212728,10.387662511155286,2.4865164910063826;17.575883932032223,2.721593568127446,1.6479158532570475;1.2973598084027889,12.541582926626493,1.1930564938806265;5.325463640573792,3.699943652690364,0.9547411468291342;2.859297170747846,7.553503878133155,2.1925507706303717;10.533388546054491,10.175620803711702,0.4434834056225819;13.471363977912578,4.924285787991767,1.3272358809753264;3.1989281854844065,17.094804049625413,0.4405086223709195;3.721082089191997,8.881385548157215,0.35484045745388293;6.101545181256263,8.790137986408395,1.2639000034553933;14.737980355806986,8.782652679798053,1.0509056472900933;8.401310070704824,11.991886299150524,1.2062214485731173;17.06132291164363,16.261464942281574,1.3345172871816686;17.339109943706937,6.311506988921403,2.300624148151509;14.590277332334818,8.335859238449064,1.6499407138788138;5.222352165170459,5.2246686833336335,1.2953675730785918;4.241324229439376,12.456110153327092,0.3647650457406896;6.334813280978457,3.731836136358651,2.315285015721719;3.96199220928336,15.075728766947645,0.9109831433466773;13.470667831163155,10.03843225270554,1.3979717289653883;16.36473653509302,8.086891939973933,1.0265631417602112;9.356408901119345,2.787804101659744,0.20891529902825748;2.095021869582651,17.079045109775457,0.6495937887270954"
21,drone_6,11.722,7.777,13.942,14.674,"7.143965878414324,18.52253351862183,0.8394107337496143;6.637422351629716,5.81892506984119,0.6003018776062884;0.36590554591665037,16.596997027271488,0.20777990884561767;16.70210735212728,10.387662511155286,2.4865164910063826;17.575883932032223,2.721593568127446,1.6479158532570475;1.2973598084027889,12.541582926626493,1.1930564938806265;5.325463640573792,3.699943652690364,0.9547411468291342;2.859297170747846,7.553503878133155,2.1925507706303717;10.533388546054491,10.175620803711702,0.4434834056225819;13.471363977912578,4.924285787991767,1.3272358809753264;3.1989281854844065,17.094804049625413,0.4405086223709195;3.721082089191997,8.881385548157215,0.35484045745388293;6.101545181256263,8.790137986408395,1.2639000034553933;14.737980355806986,8.782652679798053,1.0509056472900933;8.401310070704824,11.991886299150524,1.2062214485731173;17.06132291164363,16.261464942281574,1.3345172871816686;17.339109943706937,6.311506988921403,2.300624148151509;14.590277332334818,8.335859238449064,1.6499407138788138;5.222352165170459,5.2246686833336335,1.2953675730785918;4.241324229439376,12.456110153327092,0.3647650457406896;6.334813280978457,3.731836136358651,2.315285015721719;3.96199220928336,15.075728766947645,0.9109831433466773;13.470667831163155,10.03843225270554,1.3979717289653883;16.36473653509302,8.086891939973933,1.0265631417602112;9.356408901119345,2.787804101659744,0.20891529902825748;2.095021869582651,17.079045109775457,0.6495937887270954"
21,drone_7,11.411,4.964,13.942,14.674,"7.143965878414324,18.52253351862183,0.8394107337496143;6.637422351629716,5.81892506984119,0.6003018776062884;0.36590554591665037,16.596997027271488,0.20777990884561767;16.70210735212728,10.387662511155286,2.4865164910063826;17.575883932032223,2.721593568127446,1.6479158532570475;1.2973598084027889,12.541582926626493,1.1930564938806265;5.325463640573792,3.699943652690364,0.9547411468291342;2.859297170747846,7.553503878133155,2.1925507706303717;10.533388546054491,10.175620803711702,0.4434834056225819;13.471363977912578,4.924285787991767,1.3272358809753264;3.1989281854844065,17.094804049625413,0.4405086223709195;3.721082089191997,8.881385548157215,0.35484045745388293;6.101545181256263,8.790137986408395,1.2639000034553933;14.737980355806986,8.782652679798053,1.0509056472900933;8.401310070704824,11.991886299150524,1.2062214485731173;17.06132291164363,16.261464942281574,1.3345172871816686;17.339109943706937,6.311506988921403,2.300624148151509;14.590277332334818,8.335859238449064,1.6499407138788138;5.222352165170459,5.2246686833336335,1.2953675730785918;4.241324229439376,12.456110153327092,0.3647650457406896;6.334813280978457,3.731836136358651,2.315285015721719;3.96199220928336,15.075728766947645,0.9109831433466773;13.470667831163155,10.03843225270554,1.3979717289653883;16.36473653509302,8.086891939973933,1.0265631417602112;9.356408901119345,2.787804101659744,0.20891529902825748;2.095021869582651,17.079045109775457,0.6495937887270954"
21,drone_8,10.646,5.950,13.942,14.674,"7.143965878414324,18.52253351862183,0.8394107337496143;6.637422351629716,5.81892506984119,0.6003018776062884;0.36590554591665037,16.596997027271488,0.20777990884561767;16.70210735212728,10.387662511155286,2.4865164910063826;17.575883932032223,2.721593568127446,1.6479158532570475;1.2973598084027889,12.541582926626493,1.1930564938806265;5.325463640573792,3.699943652690364,0.9547411468291342;2.859297170747846,7.553503878133155,2.1925507706303717;10.533388546054491,10.175620803711702,0.4434834056225819;13.471363977912578,4.924285787991767,1.3272358809753264;3.1989281854844065,17.094804049625413,0.4405086223709195;3.721082089191997,8.881385548157215,0.35484045745388293;6.101545181256263,8.790137986408395,1.2639000034553933;14.737980355806986,8.782652679798053,1.0509056472900933;8.401310070704824,11.991886299150524,1.2062214485731173;17.06132291164363,16.261464942281574,1.3345172871816686;17.339109943706937,6.311506988921403,2.300624148151509;14.590277332334818,8.335859238449064,1.6499407138788138;5.222352165170459,5.2246686833336335,1.2953675730785918;4.241324229439376,12.456110153327092,0.3647650457406896;6.334813280978457,3.731836136358651,2.315285015721719;3.96199220928336,15.075728766947645,0.9109831433466773;13.470667831163155,10.03843225270554,1.3979717289653883;16.36473653509302,8.086891939973933,1.0265631417602112;9.356408901119345,2.787804101659744,0.20891529902825748;2.095021869582651,17.079045109775457,0.6495937887270954"
21,drone_9,10.598,7.689,13.942,14.674,"7.143965878414324,18.52253351862183,0.8394107337496143;6.637422351629716,5.81892506984119,0.6003018776062884;0.36590554591665037,16.596997027271488,0.20777990884561767;16.70210735212728,10.387662511155286,2.4865164910063826;17.575883932032223,2.721593568127446,1.6479158532570475;1.2973598084027889,12.541582926626493,1.1930564938806265;5.325463640573792,3.699943652690364,0.9547411468291342;2.859297170747846,7.553503878133155,2.1925507706303717;10.533388546054491,10.175620803711702,0.4434834056225819;13.471363977912578,4.924285787991767,1.3272358809753264;3.1989281854844065,17.094804049625413,0.4405086223709195;3.721082089191997,8.881385548157215,0.35484045745388293;6.101545181256263,8.790137986408395,1.2639000034553933;14.737980355806986,8.782652679798053,1.0509056472900933;8.401310070704824,11.991886299150524,1.2062214485731173;17.06132291164363,16.261464942281574,1.3345172871816686;17.339109943706937,6.311506988921403,2.300624148151509;14.590277332334818,8.335859238449064,1.6499407138788138;5.222352165170459,5.2246686833336335,1.2953675730785918;4.241324229439376,12.456110153327092,0.3647650457406896;6.334813280978457,3.731836136358651,2.315285015721719;3.96199220928336,15.075728766947645,0.9109831433466773;13.470667831163155,10.03843225270554,1.3979717289653883;16.36473653509302,8.086891939973933,1.0265631417602112;9.356408901119345,2.787804101659744,0.20891529902825748;2.095021869582651,17.079045109775457,0.6495937887270954"
22,drone_1,11.584,5.995,13.942,14.674,"7.143965878414324,18.52253351862183,0.8394107337496143;6.637422351629716,5.81892506984119,0.6003018776062884;0.36590554591665037,16.596997027271488,0.20777990884561767;16.70210735212728,10.387662511155286,2.4865164910063826;17.575883932032223,2.721593568127446,1.6479158532570475;1.2973598084027889,12.541582926626493,1.1930564938806265;5.325463640573792,3.699943652690364,0.9547411468291342;2.859297170747846,7.553503878133155,2.1925507706303717;10.533388546054491,10.175620803711702,0.4434834056225819;13.471363977912578,4.924285787991767,1.3272358809753264;3.1989281854844065,17.094804049625413,0.4405086223709195;3.721082089191997,8.881385548157215,0.35484045745388293;6.101545181256263,8.790137986408395,1.2639000034553933;14.737980355806986,8.782652679798053,1.0509056472900933;8.401310070704824,11.991886299150524,1.2062214485731173;17.06132291164363,16.261464942281574,1.3345172871816686;17.339109943706937,6.311506988921403,2.300624148151509;14.590277332334818,8.335859238449064,1.6499407138788138;5.222352165170459,5.2246686833336335,1.2953675730785918;4.241324229439376,12.456110153327092,0.3647650457406896;6.334813280978457,3.731836136358651,2.315285015721719;3.96199220928336,15.075728766947645,0.9109831433466773;13.470667831163155,10.03843225270554,1.3979717289653883;16.36473653509302,8.086891939973933,1.0265631417602112;9.356408901119345,2.787804101659744,0.20891529902825748;2.095021869582651,17.079045109775457,0.6495937887270954"
22,drone_2,9.941,5.577,13.942,14.674,"7.143965878414324,18.52253351862183,0.8394107337496143;6.637422351629716,5.81892506984119,0.6003018776062884;0.36590554591665037,16.596997027271488,0.20777990884561767;16.70210735212728,10.387662511155286,2.4865164910063826;17.575883932032223,2.721593568127446,1.6479158532570475;1.2973598084027889,12.541582926626493,1.1930564938806265;5.325463640573792,3.699943652690364,0.9547411468291342;2.859297170747846,7.553503878133155,2.1925507706303717;10.533388546054491,10.175620803711702,0.4434834056225819;13.471363977912578,4.924285787991767,1.3272358809753264;3.1989281854844065,17.094804049625413,0.4405086223709195;3.721082089191997,8.881385548157215,0.35484045745388293;6.101545181256263,8.790137986408395,1.2639000034553933;14.737980355806986,8.782652679798053,1.0509056472900933;8.401310070704824,11.991886299150524,1.2062214485731173;17.06132291164363,16.261464942281574,1.3345172871816686;17.339109943706937,6.311506988921403,2.300624148151509;14.590277332334818,8.335859238449064,1.6499407138788138;5.222352165170459,5.2246686833336335,1.2953675730785918;4.241324229439376,12.456110153327092,0.3647650457406896;6.334813280978457,3.731836136358651,2.315285015721719;3.96199220928336,15.075728766947645,0.9109831433466773;13.470667831163155,10.03843225270554,1.3979717289653883;16.36473653509302,8.086891939973933,1.0265631417602112;9.356408901119345,2.787804101659744,0.20891529902825748;2.095021869582651,17.079045109775457,0.6495937887270954"
22,drone_3,11.383,6.937,13.942,14.674,"7.143965878414324,18.52253351862183,0.8394107337496143;6.637422351629716,5.81892506984119,0.6003018776062884;0.36590554591665037,16.596997027271488,0.20777990884561767;16.70210735212728,10.387662511155286,2.4865164910063826;17.575883932032223,2.721593568127446,1.6479158532570475;1.2973598084027889,12.541582926626493,1.1930564938806265;5.325463640573792,3.699943652690364,0.9547411468291342;2.859297170747846,7.553503878133155,2.1925507706303717;10.533388546054491,10.175620803711702,0.4434834056225819;13.471363977912578,4.924285787991767,1.3272358809753264;3.1989281854844065,17.094804049625413,0.4405086223709195;3.721082089191997,8.881385548157215,0.35484045745388293;6.101545181256263,8.790137986408395,1.2639000034553933;14.737980355806986,8.782652679798053,1.0509056472900933;8.401310070704824,11.991886299150524,1.2062214485731173;17.06132291164363,16.261464942281574,1.3345172871816686;17.339109943706937,6.311506988921403,2.300624148151509;14.590277332334818,8.335859238449064,1.6499407138788138;5.222352165170459,5.2246686833336335,1.2953675730785918;4.241324229439376,12.456110153327092,0.3647650457406896;6.334813280978457,3.731836136358651,2.315285015721719;3.96199220928336,15.075728766947645,0.9109831433466773;13.470667831163155,10.03843225270554,1.3979717289653883;16.36473653509302,8.086891939973933,1.0265631417602112;9.356408901119345,2.787804101659744,0.20891529902825748;2.095021869582651,17.079045109775457,0.6495937887270954"
22,drone_4,9.753,7.557,13.942,14.674,"7.143965878414324,18.52253351862183,0.8394107337496143;6.637422351629716,5.81892506984119,0.6003018776062884;0.36590554591665037,16.596997027271488,0.20777990884561767;16.70210735212728,10.387662511155286,2.4865164910063826;17.575883932032223,2.721593568127446,1.6479158532570475;1.2973598084027889,12.541582926626493,1.1930564938806265;5.325463640573792,3.699943652690364,0.9547411468291342;2.859297170747846,7.553503878133155,2.1925507706303717;10.533388546054491,10.175620803711702,0.4434834056225819;13.471363977912578,4.924285787991767,1.3272358809753264;3.1989281854844065,17.094804049625413,0.4405086223709195;3.721082089191997,8.881385548157215,0.35484045745388293;6.101545181256263,8.790137986408395,1.2639000034553933;14.737980355806986,8.782652679798053,1.0509056472900933;8.401310070704824,11.991886299150524,1.2062214485731173;17.06132291164363,16.261464942281574,1.3345172871816686;17.339109943706937,6.311506988921403,2.300624148151509;14.590277332334818,8.335859238449064,1.6499407138788138;5.222352165170459,5.2246686833336335,1.2953675730785918;4.241324229439376,12.456110153327092,0.3647650457406896;6.334813280978457,3.731836136358651,2.315285015721719;3.96199220928336,15.075728766947645,0.9109831433466773;13.470667831163155,10.03843225270554,1.3979717289653883;16.36473653509302,8.086891939973933,1.0265631417602112;9.356408901119345,2.787804101659744,0.20891529902825748;2.095021869582651,17.079045109775457,0.6495937887270954"
22,drone_6,11.711,7.949,13.942,14.674,"7.143965878414324,18.52253351862183,0.8394107337496143;6.637422351629716,5.81892506984119,0.6003018776062884;0.36590554591665037,16.596997027271488,0.20777990884561767;16.70210735212728,10.387662511155286,2.4865164910063826;17.575883932032223,2.721593568127446,1.6479158532570475;1.2973598084027889,12.541582926626493,1.1930564938806265;5.325463640573792,3.699943652690364,0.9547411468291342;2.859297170747846,7.553503878133155,2.1925507706303717;10.533388546054491,10.175620803711702,0.4434834056225819;13.471363977912578,4.924285787991767,1.3272358809753264;3.1989281854844065,17.094804049625413,0.4405086223709195;3.721082089191997,8.881385548157215,0.35484045745388293;6.101545181256263,8.790137986408395,1.2639000034553933;14.737980355806986,8.782652679798053,1.0509056472900933;8.401310070704824,11.991886299150524,1.2062214485731173;17.06132291164363,16.261464942281574,1.3345172871816686;17.339109943706937,6.311506988921403,2.300624148151509;14.590277332334818,8.335859238449064,1.6499407138788138;5.222352165170459,5.2246686833336335,1.2953675730785918;4.241324229439376,12.456110153327092,0.3647650457406896;6.334813280978457,3.731836136358651,2.315285015721719;3.96199220928336,15.075728766947645,0.9109831433466773;13.470667831163155,10.03843225270554,1.3979717289653883;16.36473653509302,8.086891939973933,1.0265631417602112;9.356408901119345,2.787804101659744,0.20891529902825748;2.095021869582651,17.079045109775457,0.6495937887270954"
22,drone_7,11.415,5.164,13.942,14.674,"7.143965878414324,18.52253351862183,0.8394107337496143;6.637422351629716,5.81892506984119,0.6003018776062884;0.36590554591665037,16.596997027271488,0.20777990884561767;16.70210735212728,10.387662511155286,2.4865164910063826;17.575883932032223,2.721593568127446,1.6479158532570475;1.2973598084027889,12.541582926626493,1.1930564938806265;5.325463640573792,3.699943652690364,0.9547411468291342;2.859297170747846,7.553503878133155,2.1925507706303717;10.533388546054491,10.175620803711702,0.4434834056225819;13.471363977912578,4.924285787991767,1.3272358809753264;3.1989281854844065,17.094804049625413,0.4405086223709195;3.721082089191997,8.881385548157215,0.35484045745388293;6.101545181256263,8.790137986408395,1.2639000034553933;14.737980355806986,8.782652679798053,1.0509056472900933;8.401310070704824,11.991886299150524,1.2062214485731173;17.06132291164363,16.261464942281574,1.3345172871816686;17.339109943706937,6.311506988921403,2.300624148151509;14.590277332334818,8.335859238449064,1.6499407138788138;5.222352165170459,5.2246686833336335,1.2953675730785918;4.241324229439376,12.456110153327092,0.3647650457406896;6.334813280978457,3.731836136358651,2.315285015721719;3.96199220928336,15.075728766947645,0.9109831433466773;13.470667831163155,10.03843225270554,1.3979717289653883;16.36473653509302,8.086891939973933,1.0265631417602112;9.356408901119345,2.787804101659744,0.20891529902825748;2.095021869582651,17.079045109775457,0.6495937887270954"
22,drone_8,10.607,6.093,13.942,14.674,"7.143965878414324,18.52253351862183,0.8394107337496143;6.637422351629716,5.81892506984119,0.6003018776062884;0.36590554591665037,16.596997027271488,0.20777990884561767;16.70210735212728,10.387662511155286,2.4865164910063826;17.575883932032223,2.721593568127446,1.6479158532570475;1.2973598084027889,12.541582926626493,1.1930564938806265;5.325463640573792,3.699943652690364,0.9547411468291342;2.859297170747846,7.553503878133155,2.1925507706303717;10.533388546054491,10.175620803711702,0.4434834056225819;13.471363977912578,4.924285787991767,1.3272358809753264;3.1989281854844065,17.094804049625413,0.4405086223709195;3.721082089191997,8.881385548157215,0.35484045745388293;6.101545181256263,8.790137986408395,1.2639000034553933;14.737980355806986,8.782652679798053,1.0509056472900933;8.401310070704824,11.991886299150524,1.2062214485731173;17.06132291164363,16.261464942281574,1.3345172871816686;17.339109943706937,6.311506988921403,2.300624148151509;14.590277332334818,8.335859238449064,1.6499407138788138;5.222352165170459,5.2246686833336335,1.2953675730785918;4.241324229439376,12.456110153327092,0.3647650457406896;6.334813280978457,3.731836136358651,2.315285015721719;3.96199220928336,15.075728766947645,0.9109831433466773;13.470667831163155,10.03843225270554,1.3979717289653883;16.36473653509302,8.086891939973933,1.0265631417602112;9.356408901119345,2.787804101659744,0.20891529902825748;2.095021869582651,17.079045109775457,0.6495937887270954"
22,drone_9,10.685,7.838,13.942,14.674,"7.143965878414324,18.52253351862183,0.8394107337496143;6.637422351629716,5.81892506984119,0.6003018776062884;0.36590554591665037,16.596997027271488,0.20777990884561767;16.70210735212728,10.387662511155286,2.4865164910063826;17.575883932032223,2.721593568127446,1.6479158532570475;1.2973598084027889,12.541582926626493,1.1930564938806265;5.325463640573792,3.699943652690364,0.9547411468291342;2.859297170747846,7.553503878133155,2.1925507706303717;10.533388546054491,10.175620803711702,0.4434834056225819;13.471363977912578,4.924285787991767,1.3272358809753264;3.1989281854844065,17.094804049625413,0.4405086223709195;3.721082089191997,8.881385548157215,0.35484045745388293;6.101545181256263,8.790137986408395,1.2639000034553933;14.737980355806986,8.782652679798053,1.0509056472900933;8.401310070704824,11.991886299150524,1.2062214485731173;17.06132291164363,16.261464942281574,1.3345172871816686;17.339109943706937,6.311506988921403,2.300624148151509;14.590277332334818,8.335859238449064,1.6499407138788138;5.222352165170459,5.2246686833336335,1.2953675730785918;4.241324229439376,12.456110153327092,0.3647650457406896;6.334813280978457,3.731836136358651,2.315285015721719;3.96199220928336,15.075728766947645,0.9109831433466773;13.470667831163155,10.03843225270554,1.3979717289653883;16.36473653509302,8.086891939973933,1.0265631417602112;9.356408901119345,2.787804101659744,0.20891529902825748;2.095021869582651,17.079045109775457,0.6495937887270954"
23,drone_1,11.550,6.118,13.942,14.674,"7.143965878414324,18.52253351862183,0.8394107337496143;6.637422351629716,5.81892506984119,0.6003018776062884;0.36590554591665037,16.596997027271488,0.20777990884561767;16.70210735212728,10.387662511155286,2.4865164910063826;17.575883932032223,2.721593568127446,1.6479158532570475;1.2973598084027889,12.541582926626493,1.1930564938806265;5.325463640573792,3.699943652690364,0.9547411468291342;2.859297170747846,7.553503878133155,2.1925507706303717;10.533388546054491,10.175620803711702,0.4434834056225819;13.471363977912578,4.924285787991767,1.3272358809753264;3.1989281854844065,17.094804049625413,0.4405086223709195;3.721082089191997,8.881385548157215,0.35484045745388293;6.101545181256263,8.790137986408395,1.2639000034553933;14.737980355806986,8.782652679798053,1.0509056472900933;8.401310070704824,11.991886299150524,1.2062214485731173;17.06132291164363,16.261464942281574,1.3345172871816686;17.339109943706937,6.311506988921403,2.300624148151509;14.590277332334818,8.335859238449064,1.6499407138788138;5.222352165170459,5.2246686833336335,1.2953675730785918;4.241324229439376,12.456110153327092,0.3647650457406896;6.334813280978457,3.731836136358651,2.315285015721719;3.96199220928336,15.075728766947645,0.9109831433466773;13.470667831163155,10.03843225270554,1.3979717289653883;16.36473653509302,8.086891939973933,1.0265631417602112;9.356408901119345,2.787804101659744,0.20891529902825748;2.095021869582651,17.079045109775457,0.6495937887270954"
23,drone_2,9.953,5.749,13.942,14.674,"7.143965878414324,18.52253351862183,0.8394107337496143;6.637422351629716,5.81892506984119,0.6003018776062884;0.36590554591665037,16.596997027271488,0.20777990884561767;16.70210735212728,10.387662511155286,2.4865164910063826;17.575883932032223,2.721593568127446,1.6479158532570475;1.2973598084027889,12.541582926626493,1.1930564938806265;5.325463640573792,3.699943652690364,0.9547411468291342;2.859297170747846,7.553503878133155,2.1925507706303717;10.533388546054491,10.175620803711702,0.4434834056225819;13.471363977912578,4.924285787991767,1.3272358809753264;3.1989281854844065,17.094804049625413,0.4405086223709195;3.721082089191997,8.881385548157215,0.35484045745388293;6.101545181256263,8.790137986408395,1.2639000034553933;14.737980355806986,8.782652679798053,1.0509056472900933;8.401310070704824,11.991886299150524,1.2062214485731173;17.06132291164363,16.261464942281574,1.3345172871816686;17.339109943706937,6.311506988921403,2.300624148151509;14.590277332334818,8.335859238449064,1.6499407138788138;5.222352165170459,5.2246686833336335,1.2953675730785918;4.241324229439376,12.456110153327092,0.3647650457406896;6.334813280978457,3.731836136358651,2.315285015721719;3.96199220928336,15.075728766947645,0.9109831433466773;13.470667831163155,10.03843225270554,1.3979717289653883;16.36473653509302,8.086891939973933,1.0265631417602112;9.356408901119345,2.787804101659744,0.20891529902825748;2.095021869582651,17.079045109775457,0.6495937887270954"
23,drone_3,11.388,7.109,13.942,14.674,"7.143965878414324,18.52253351862183,0.8394107337496143;6.637422351629716,5.81892506984119,0.6003018776062884;0.36590554591665037,16.596997027271488,0.20777990884561767;16.70210735212728,10.387662511155286,2.4865164910063826;17.575883932032223,2.721593568127446,1.6479158532570475;1.2973598084027889,12.541582926626493,1.1930564938806265;5.325463640573792,3.699943652690364,0.9547411468291342;2.859297170747846,7.553503878133155,2.1925507706303717;10.533388546054491,10.175620803711702,0.4434834056225819;13.471363977912578,4.924285787991767,1.3272358809753264;3.1989281854844065,17.094804049625413,0.4405086223709195;3.721082089191997,8.881385548157215,0.35484045745388293;6.101545181256263,8.790137986408395,1.2639000034553933;14.737980355806986,8.782652679798053,1.0509056472900933;8.401310070704824,11.991886299150524,1.2062214485731173;17.06132291164363,16.261464942281574,1.3345172871816686;17.339109943706937,6.311506988921403,2.300624148151509;14.590277332334818,8.335859238449064,1.6499407138788138;5.222352165170459,5.2246686833336335,1.2953675730785918;4.241324229439376,12.456110153327092,0.3647650457406896;6.334813280978457,3.731836136358651,2.315285015721719;3.96199220928336,15.075728766947645,0.9109831433466773;13.470667831163155,10.03843225270554,1.3979717289653883;16.36473653509302,8.086891939973933,1.0265631417602112;9.356408901119345,2.787804101659744,0.20891529902825748;2.095021869582651,17.079045109775457,0.6495937887270954"
23,drone_4,9.837,7.707,13.942,14.674,"7.143965878414324,18.52253351862183,0.8394107337496143;6.637422351629716,5.81892506984119,0.6003018776062884;0.36590554591665037,16.596997027271488,0.20777990884561767;16.70210735212728,10.387662511155286,2.4865164910063826;17.575883932032223,2.721593568127446,1.6479158532570475;1.2973598084027889,12.541582926626493,1.1930564938806265;5.325463640573792,3.699943652690364,0.9547411468291342;2.859297170747846,7.553503878133155,2.1925507706303717;10.533388546054491,10.175620803711702,0.4434834056225819;13.471363977912578,4.924285787991767,1.3272358809753264;3.1989281854844065,17.094804049625413,0.4405086223709195;3.721082089191997,8.881385548157215,0.35484045745388293;6.101545181256263,8.790137986408395,1.2639000034553933;14.737980355806986,8.782652679798053,1.0509056472900933;8.401310070704824,11.991886299150524,1.2062214485731173;17.06132291164363,16.261464942281574,1.3345172871816686;17.339109943706937,6.311506988921403,2.300624148151509;14.590277332334818,8.335859238449064,1.6499407138788138;5.222352165170459,5.2246686833336335,1.2953675730785918;4.241324229439376,12.456110153327092,0.3647650457406896;6.334813280978457,3.731836136358651,2.315285015721719;3.96199220928336,15.075728766947645,0.9109831433466773;13.470667831163155,10.03843225270554,1.3979717289653883;16.36473653509302,8.086891939973933,1.0265631417602112;9.356408901119345,2.787804101659744,0.20891529902825748;2.095021869582651,17.079045109775457,0.6495937887270954"
23,drone_6,11.764,8.112,13.942,14.674,"7.143965878414324,18.52253351862183,0.8394107337496143;6.637422351629716,5.81892506984119,0.6003018776062884;0.36590554591665037,16.596997027271488,0.20777990884561767;16.70210735212728,10.387662511155286,2.4865164910063826;17.575883932032223,2.721593568127446,1.6479158532570475;1.2973598084027889,12.541582926626493,1.1930564938806265;5.325463640573792,3.699943652690364,0.9547411468291342;2.859297170747846,7.553503878133155,2.1925507706303717;10.533388546054491,10.175620803711702,0.4434834056225819;13.471363977912578,4.924285787991767,1.3272358809753264;3.1989281854844065,17.094804049625413,0.4405086223709195;3.721082089191997,8.881385548157215,0.35484045745388293;6.101545181256263,8.790137986408395,1.2639000034553933;14.737980355806986,8.782652679798053,1.0509056472900933;8.401310070704824,11.991886299150524,1.2062214485731173;17.06132291164363,16.261464942281574,1.3345172871816686;17.339109943706937,6.311506988921403,2.300624148151509;14.590277332334818,8.335859238449064,1.6499407138788138;5.222352165170459,5.2246686833336335,1.2953675730785918;4.241324229439376,12.456110153327092,0.3647650457406896;6.334813280978457,3.731836136358651,2.315285015721719;3.96199220928336,15.075728766947645,0.9109831433466773;13.470667831163155,10.03843225270554,1.3979717289653883;16.36473653509302,8.086891939973933,1.0265631417602112;9.356408901119345,2.787804101659744,0.20891529902825748;2.095021869582651,17.079045109775457,0.6495937887270954"
23,drone_7,11.362,5.328,13.942,14.674,"7.143965878414324,18.52253351862183,0.8394107337496143;6.637422351629716,5.81892506984119,0.6003018776062884;0.36590554591665037,16.596997027271488,0.20777990884561767;16.70210735212728,10.387662511155286,2.4865164910063826;17.575883932032223,2.721593568127446,1.6479158532570475;1.2973598084027889,12.541582926626493,1.1930564938806265;5.325463640573792,3.699943652690364,0.9547411468291342;2.859297170747846,7.553503878133155,2.1925507706303717;10.533388546054491,10.175620803711702,0.4434834056225819;13.471363977912578,4.924285787991767,1.3272358809753264;3.1989281854844065,17.094804049625413,0.4405086223709195;3.721082089191997,8.881385548157215,0.35484045745388293;6.101545181256263,8.790137986408395,1.2639000034553933;14.737980355806986,8.782652679798053,1.0509056472900933;8.401310070704824,11.991886299150524,1.2062214485731173;17.06132291164363,16.261464942281574,1.3345172871816686;17.339109943706937,6.311506988921403,2.300624148151509;14.590277332334818,8.335859238449064,1.6499407138788138;5.222352165170459,5.2246686833336335,1.2953675730785918;4.241324229439376,12.456110153327092,0.3647650457406896;6.334813280978457,3.731836136358651,2.315285015721719;3.96199220928336,15.075728766947645,0.9109831433466773;13.470667831163155,10.03843225270554,1.3979717289653883;16.36473653509302,8.086891939973933,1.0265631417602112;9.356408901119345,2.787804101659744,0.20891529902825748;2.095021869582651,17.079045109775457,0.6495937887270954"
23,drone_8,10.642,6.237,13.942,14.674,"7.143965878414324,18.52253351862183,0.8394107337496143;6.637422351629716,5.81892506984119,0.6003018776062884;0.36590554591665037,16.596997027271488,0.20777990884561767;16.70210735212728,10.387662511155286,2.4865164910063826;17.575883932032223,2.721593568127446,1.6479158532570475;1.2973598084027889,12.541582926626493,1.1930564938806265;5.325463640573792,3.699943652690364,0.9547411468291342;2.859297170747846,7.553503878133155,2.1925507706303717;10.533388546054491,10.175620803711702,0.4434834056225819;13.471363977912578,4.924285787991767,1.3272358809753264;3.1989281854844065,17.094804049625413,0.4405086223709195;3.721082089191997,8.881385548157215,0.35484045745388293;6.101545181256263,8.790137986408395,1.2639000034553933;14.737980355806986,8.782652679798053,1.0509056472900933;8.401310070704824,11.991886299150524,1.2062214485731173;17.06132291164363,16.261464942281574,1.3345172871816686;17.339109943706937,6.311506988921403,2.300624148151509;14.590277332334818,8.335859238449064,1.6499407138788138;5.222352165170459,5.2246686833336335,1.2953675730785918;4.241324229439376,12.456110153327092,0.3647650457406896;6.334813280978457,3.731836136358651,2.315285015721719;3.96199220928336,15.075728766947645,0.9109831433466773;13.470667831163155,10.03843225270554,1.3979717289653883;16.36473653509302,8.086891939973933,1.0265631417602112;9.356408901119345,2.787804101659744,0.20891529902825748;2.095021869582651,17.079045109775457,0.6495937887270954"
23,drone_9,10.687,8.010,13.942,14.674,"7.143965878414324,18.52253351862183,0.8394107337496143;6.637422351629716,5.81892506984119,0.6003018776062884;0.36590554591665037,16.596997027271488,0.20777990884561767;16.70210735212728,10.387662511155286,2.4865164910063826;17.575883932032223,2.721593568127446,1.6479158532570475;1.2973598084027889,12.541582926626493,1.1930564938806265;5.325463640573792,3.699943652690364,0.9547411468291342;2.859297170747846,7.553503878133155,2.1925507706303717;10.533388546054491,10.175620803711702,0.4434834056225819;13.471363977912578,4.924285787991767,1.3272358809753264;3.1989281854844065,17.094804049625413,0.4405086223709195;3.721082089191997,8.881385548157215,0.35484045745388293;6.101545181256263,8.790137986408395,1.2639000034553933;14.737980355806986,8.782652679798053,1.0509056472900933;8.401310070704824,11.991886299150524,1.2062214485731173;17.06132291164363,16.261464942281574,1.3345172871816686;17.339109943706937,6.311506988921403,2.300624148151509;14.590277332334818,8.335859238449064,1.6499407138788138;5.222352165170459,5.2246686833336335,1.2953675730785918;4.241324229439376,12.456110153327092,0.3647650457406896;6.334813280978457,3.731836136358651,2.315285015721719;3.96199220928336,15.075728766947645,0.9109831433466773;13.470667831163155,10.03843225270554,1.3979717289653883;16.36473653509302,8.086891939973933,1.0265631417602112;9.356408901119345,2.787804101659744,0.20891529902825748;2.095021869582651,17.079045109775457,0.6495937887270954"
24,drone_1,11.592,6.260,13.942,14.674,"7.143965878414324,18.52253351862183,0.8394107337496143;6.637422351629716,5.81892506984119,0.6003018776062884;0.36590554591665037,16.596997027271488,0.20777990884561767;16.70210735212728,10.387662511155286,2.4865164910063826;17.575883932032223,2.721593568127446,1.6479158532570475;1.2973598084027889,12.541582926626493,1.1930564938806265;5.325463640573792,3.699943652690364,0.9547411468291342;2.859297170747846,7.553503878133155,2.1925507706303717;10.533388546054491,10.175620803711702,0.4434834056225819;13.471363977912578,4.924285787991767,1.3272358809753264;3.1989281854844065,17.094804049625413,0.4405086223709195;3.721082089191997,8.881385548157215,0.35484045745388293;6.101545181256263,8.790137986408395,1.2639000034553933;14.737980355806986,8.782652679798053,1.0509056472900933;8.401310070704824,11.991886299150524,1.2062214485731173;17.06132291164363,16.261464942281574,1.3345172871816686;17.339109943706937,6.311506988921403,2.300624148151509;14.590277332334818,8.335859238449064,1.6499407138788138;5.222352165170459,5.2246686833336335,1.2953675730785918;4.241324229439376,12.456110153327092,0.3647650457406896;6.334813280978457,3.731836136358651,2.315285015721719;3.96199220928336,15.075728766947645,0.9109831433466773;13.470667831163155,10.03843225270554,1.3979717289653883;16.36473653509302,8.086891939973933,1.0265631417602112;9.356408901119345,2.787804101659744,0.20891529902825748;2.095021869582651,17.079045109775457,0.6495937887270954"
24,drone_2,9.900,5.913,13.942,14.674,"7.143965878414324,18.52253351862183,0.8394107337496143;6.637422351629716,5.81892506984119,0.6003018776062884;0.36590554591665037,16.596997027271488,0.20777990884561767;16.70210735212728,10.387662511155286,2.4865164910063826;17.575883932032223,2.721593568127446,1.6479158532570475;1.2973598084027889,12.541582926626493,1.1930564938806265;5.325463640573792,3.699943652690364,0.9547411468291342;2.859297170747846,7.553503878133155,2.1925507706303717;10.533388546054491,10.175620803711702,0.4434834056225819;13.471363977912578,4.924285787991767,1.3272358809753264;3.1989281854844065,17.094804049625413,0.4405086223709195;3.721082089191997,8.881385548157215,0.35484045745388293;6.101545181256263,8.790137986408395,1.2639000034553933;14.737980355806986,8.782652679798053,1.0509056472900933;8.401310070704824,11.991886299150524,1.2062214485731173;17.06132291164363,16.261464942281574,1.3345172871816686;17.339109943706937,6.311506988921403,2.300624148151509;14.590277332334818,8.335859238449064,1.6499407138788138;5.222352165170459,5.2246686833336335,1.2953675730785918;4.241324229439376,12.456110153327092,0.3647650457406896;6.334813280978457,3.731836136358651,2.315285015721719;3.96199220928336,15.075728766947645,0.9109831433466773;13.470667831163155,10.03843225270554,1.3979717289653883;16.36473653509302,8.086891939973933,1.0265631417602112;9.356408901119345,2.787804101659744,0.20891529902825748;2.095021869582651,17.079045109775457,0.6495937887270954"
24,drone_3,11.450,7.269,13.942,14.674,"7.143965878414324,18.52253351862183,0.8394107337496143;6.637422351629716,5.81892506984119,0.6003018776062884;0.36590554591665037,16.596997027271488,0.20777990884561767;16.70210735212728,10.387662511155286,2.4865164910063826;17.575883932032223,2.721593568127446,1.6479158532570475;1.2973598084027889,12.541582926626493,1.1930564938806265;5.325463640573792,3.699943652690364,0.9547411468291342;2.859297170747846,7.553503878133155,2.1925507706303717;10.533388546054491,10.175620803711702,0.4434834056225819;13.471363977912578,4.924285787991767,1.3272358809753264;3.1989281854844065,17.094804049625413,0.4405086223709195;3.721082089191997,8.881385548157215,0.35484045745388293;6.101545181256263,8.790137986408395,1.2639000034553933;14.737980355806986,8.782652679798053,1.0509056472900933;8.401310070704824,11.991886299150524,1.2062214485731173;17.06132291164363,16.261464942281574,1.3345172871816686;17.339109943706937,6.311506988921403,2.300624148151509;14.590277332334818,8.335859238449064,1.6499407138788138;5.222352165170459,5.2246686833336335,1.2953675730785918;4.241324229439376,12.456110153327092,0.3647650457406896;6.334813280978457,3.731836136358651,2.315285015721719;3.96199220928336,15.075728766947645,0.9109831433466773;13.470667831163155,10.03843225270554,1.3979717289653883;16.36473653509302,8.086891939973933,1.0265631417602112;9.356408901119345,2.787804101659744,0.20891529902825748;2.095021869582651,17.079045109775457,0.6495937887270954"
24,drone_4,9.825,7.879,13.942,14.674,"7.143965878414324,18.52253351862183,0.8394107337496143;6.637422351629716,5.81892506984119,0.6003018776062884;0.36590554591665037,16.596997027271488,0.20777990884561767;16.70210735212728,10.387662511155286,2.4865164910063826;17.575883932032223,2.721593568127446,1.6479158532570475;1.2973598084027889,12.541582926626493,1.1930564938806265;5.325463640573792,3.699943652690364,0.9547411468291342;2.859297170747846,7.553503878133155,2.1925507706303717;10.533388546054491,10.175620803711702,0.4434834056225819;13.471363977912578,4.924285787991767,1.3272358809753264;3.1989281854844065,17.094804049625413,0.4405086223709195;3.721082089191997,8.881385548157215,0.35484045745388293;6.101545181256263,8.790137986408395,1.2639000034553933;14.737980355806986,8.782652679798053,1.0509056472900933;8.401310070704824,11.991886299150524,1.2062214485731173;17.06132291164363,16.261464942281574,1.3345172871816686;17.339109943706937,6.311506988921403,2.300624148151509;14.590277332334818,8.335859238449064,1.6499407138788138;5.222352165170459,5.2246686833336335,1.2953675730785918;4.241324229439376,12.456110153327092,0.3647650457406896;6.334813280978457,3.731836136358651,2.315285015721719;3.96199220928336,15.075728766947645,0.9109831433466773;13.470667831163155,10.03843225270554,1.3979717289653883;16.36473653509302,8.086891939973933,1.0265631417602112;9.356408901119345,2.787804101659744,0.20891529902825748;2.095021869582651,17.079045109775457,0.6495937887270954"
24,drone_6,11.735,8.282,13.942,14.674,"7.143965878414324,18.52253351862183,0.8394107337496143;6.637422351629716,5.81892506984119,0.6003018776062884;0.36590554591665037,16.596997027271488,0.20777990884561767;16.70210735212728,10.387662511155286,2.4865164910063826;17.575883932032223,2.721593568127446,1.6479158532570475;1.2973598084027889,12.541582926626493,1.1930564938806265;5.325463640573792,3.699943652690364,0.9547411468291342;2.859297170747846,7.553503878133155,2.1925507706303717;10.533388546054491,10.175620803711702,0.4434834056225819;13.471363977912578,4.924285787991767,1.3272358809753264;3.1989281854844065,17.094804049625413,0.4405086223709195;3.721082089191997,8.881385548157215,0.35484045745388293;6.101545181256263,8.790137986408395,1.2639000034553933;14.737980355806986,8.782652679798053,1.0509056472900933;8.401310070704824,11.991886299150524,1.2062214485731173;17.06132291164363,16.261464942281574,1.3345172871816686;17.339109943706937,6.311506988921403,2.300624148151509;14.590277332334818,8.335859238449064,1.6499407138788138;5.222352165170459,5.2246686833336335,1.2953675730785918;4.241324229439376,12.456110153327092,0.3647650457406896;6.334813280978457,3.731836136358651,2.315285015721719;3.96199220928336,15.075728766947645,0.9109831433466773;13.470667831163155,10.03843225270554,1.3979717289653883;16.36473653509302,8.086891939973933,1.0265631417602112;9.356408901119345,2.787804101659744,0.20891529902825748;2.095021869582651,17.079045109775457,0.6495937887270954"
24,drone_7,11.393,5.497,13.942,14.674,"7.143965878414324,18.52253351862183,0.8394107337496143;6.637422351629716,5.81892506984119,0.6003018776062884;0.36590554591665037,16.596997027271488,0.20777990884561767;16.70210735212728,10.387662511155286,2.4865164910063826;17.575883932032223,2.721593568127446,1.6479158532570475;1.2973598084027889,12.541582926626493,1.1930564938806265;5.325463640573792,3.699943652690364,0.9547411468291342;2.859297170747846,7.553503878133155,2.1925507706303717;10.533388546054491,10.175620803711702,0.4434834056225819;13.471363977912578,4.924285787991767,1.3272358809753264;3.1989281854844065,17.094804049625413,0.4405086223709195;3.721082089191997,8.881385548157215,0.35484045745388293;6.101545181256263,8.790137986408395,1.2639000034553933;14.737980355806986,8.782652679798053,1.0509056472900933;8.401310070704824,11.991886299150524,1.2062214485731173;17.06132291164363,16.261464942281574,1.3345172871816686;17.339109943706937,6.311506988921403,2.300624148151509;14.590277332334818,8.335859238449064,1.6499407138788138;5.222352165170459,5.2246686833336335,1.2953675730785918;4.241324229439376,12.456110153327092,0.3647650457406896;6.334813280978457,3.731836136358651,2.315285015721719;3.96199220928336,15.075728766947645,0.9109831433466773;13.470667831163155,10.03843225270554,1.3979717289653883;16.36473653509302,8.086891939973933,1.0265631417602112;9.356408901119345,2.787804101659744,0.20891529902825748;2.095021869582651,17.079045109775457,0.6495937887270954"
24,drone_8,10.605,6.380,13.942,14.674,"7.143965878414324,18.52253351862183,0.8394107337496143;6.637422351629716,5.81892506984119,0.6003018776062884;0.36590554591665037,16.596997027271488,0.20777990884561767;16.70210735212728,10.387662511155286,2.4865164910063826;17.575883932032223,2.721593568127446,1.6479158532570475;1.2973598084027889,12.541582926626493,1.1930564938806265;5.325463640573792,3.699943652690364,0.9547411468291342;2.859297170747846,7.553503878133155,2.1925507706303717;10.533388546054491,10.175620803711702,0.4434834056225819;13.471363977912578,4.924285787991767,1.3272358809753264;3.1989281854844065,17.094804049625413,0.4405086223709195;3.721082089191997,8.881385548157215,0.35484045745388293;6.101545181256263,8.790137986408395,1.2639000034553933;14.737980355806986,8.782652679798053,1.0509056472900933;8.401310070704824,11.991886299150524,1.2062214485731173;17.06132291164363,16.261464942281574,1.3345172871816686;17.339109943706937,6.311506988921403,2.300624148151509;14.590277332334818,8.335859238449064,1.6499407138788138;5.222352165170459,5.2246686833336335,1.2953675730785918;4.241324229439376,12.456110153327092,0.3647650457406896;6.334813280978457,3.731836136358651,2.315285015721719;3.96199220928336,15.075728766947645,0.9109831433466773;13.470667831163155,10.03843225270554,1.3979717289653883;16.36473653509302,8.086891939973933,1.0265631417602112;9.356408901119345,2.787804101659744,0.20891529902825748;2.095021869582651,17.079045109775457,0.6495937887270954"
24,drone_9,10.747,8.171,13.942,14.674,"7.143965878414324,18.52253351862183,0.8394107337496143;6.637422351629716,5.81892506984119,0.6003018776062884;0.36590554591665037,16.596997027271488,0.20777990884561767;16.70210735212728,10.387662511155286,2.4865164910063826;17.575883932032223,2.721593568127446,1.6479158532570475;1.2973598084027889,12.541582926626493,1.1930564938806265;5.325463640573792,3.699943652690364,0.9547411468291342;2.859297170747846,7.553503878133155,2.1925507706303717;10.533388546054491,10.175620803711702,0.4434834056225819;13.471363977912578,4.924285787991767,1.3272358809753264;3.1989281854844065,17.094804049625413,0.4405086223709195;3.721082089191997,8.881385548157215,0.35484045745388293;6.101545181256263,8.790137986408395,1.2639000034553933;14.737980355806986,8.782652679798053,1.0509056472900933;8.401310070704824,11.991886299150524,1.2062214485731173;17.06132291164363,16.261464942281574,1.3345172871816686;17.339109943706937,6.311506988921403,2.300624148151509;14.590277332334818,8.335859238449064,1.6499407138788138;5.222352165170459,5.2246686833336335,1.2953675730785918;4.241324229439376,12.456110153327092,0.3647650457406896;6.334813280978457,3.731836136358651,2.315285015721719;3.96199220928336,15.075728766947645,0.9109831433466773;13.470667831163155,10.03843225270554,1.3979717289653883;16.36473653509302,8.086891939973933,1.0265631417602112;9.356408901119345,2.787804101659744,0.20891529902825748;2.095021869582651,17.079045109775457,0.6495937887270954"
25,drone_1,11.557,6.404,13.942,14.674,"7.143965878414324,18.52253351862183,0.8394107337496143;6.637422351629716,5.81892506984119,0.6003018776062884;0.36590554591665037,16.596997027271488,0.20777990884561767;16.70210735212728,10.387662511155286,2.4865164910063826;17.575883932032223,2.721593568127446,1.6479158532570475;1.2973598084027889,12.541582926626493,1.1930564938806265;5.325463640573792,3.699943652690364,0.9547411468291342;2.859297170747846,7.553503878133155,2.1925507706303717;10.533388546054491,10.175620803711702,0.4434834056225819;13.471363977912578,4.924285787991767,1.3272358809753264;3.1989281854844065,17.094804049625413,0.4405086223709195;3.721082089191997,8.881385548157215,0.35484045745388293;6.101545181256263,8.790137986408395,1.2639000034553933;14.737980355806986,8.782652679798053,1.0509056472900933;8.401310070704824,11.991886299150524,1.2062214485731173;17.06132291164363,16.261464942281574,1.3345172871816686;17.339109943706937,6.311506988921403,2.300624148151509;14.590277332334818,8.335859238449064,1.6499407138788138;5.222352165170459,5.2246686833336335,1.2953675730785918;4.241324229439376,12.456110153327092,0.3647650457406896;6.334813280978457,3.731836136358651,2.315285015721719;3.96199220928336,15.075728766947645,0.9109831433466773;13.470667831163155,10.03843225270554,1.3979717289653883;16.36473653509302,8.086891939973933,1.0265631417602112;9.356408901119345,2.787804101659744,0.20891529902825748;2.095021869582651,17.079045109775457,0.6495937887270954"
25,drone_2,9.931,6.082,13.942,14.674,"7.143965878414324,18.52253351862183,0.8394107337496143;6.637422351629716,5.81892506984119,0.6003018776062884;0.36590554591665037,16.596997027271488,0.20777990884561767;16.70210735212728,10.387662511155286,2.4865164910063826;17.575883932032223,2.721593568127446,1.6479158532570475;1.2973598084027889,12.541582926626493,1.1930564938806265;5.325463640573792,3.699943652690364,0.9547411468291342;2.859297170747846,7.553503878133155,2.1925507706303717;10.533388546054491,10.175620803711702,0.4434834056225819;13.471363977912578,4.924285787991767,1.3272358809753264;3.1989281854844065,17.094804049625413,0.4405086223709195;3.721082089191997,8.881385548157215,0.35484045745388293;6.101545181256263,8.790137986408395,1.2639000034553933;14.737980355806986,8.782652679798053,1.0509056472900933;8.401310070704824,11.991886299150524,1.2062214485731173;17.06132291164363,16.261464942281574,1.3345172871816686;17.339109943706937,6.311506988921403,2.300624148151509;14.590277332334818,8.335859238449064,1.6499407138788138;5.222352165170459,5.2246686833336335,1.2953675730785918;4.241324229439376,12.456110153327092,0.3647650457406896;6.334813280978457,3.731836136358651,2.315285015721719;3.96199220928336,15.075728766947645,0.9109831433466773;13.470667831163155,10.03843225270554,1.3979717289653883;16.36473653509302,8.086891939973933,1.0265631417602112;9.356408901119345,2.787804101659744,0.20891529902825748;2.095021869582651,17.079045109775457,0.6495937887270954"
25,drone_3,11.450,7.441,13.942,14.674,"7.143965878414324,18.52253351862183,0.8394107337496143;6.637422351629716,5.81892506984119,0.6003018776062884;0.36590554591665037,16.596997027271488,0.20777990884561767;16.70210735212728,10.387662511155286,2.4865164910063826;17.575883932032223,2.721593568127446,1.6479158532570475;1.2973598084027889,12.541582926626493,1.1930564938806265;5.325463640573792,3.699943652690364,0.9547411468291342;2.859297170747846,7.553503878133155,2.1925507706303717;10.533388546054491,10.175620803711702,0.4434834056225819;13.471363977912578,4.924285787991767,1.3272358809753264;3.1989281854844065,17.094804049625413,0.4405086223709195;3.721082089191997,8.881385548157215,0.35484045745388293;6.101545181256263,8.790137986408395,1.2639000034553933;14.737980355806986,8.782652679798053,1.0509056472900933;8.401310070704824,11.991886299150524,1.2062214485731173;17.06132291164363,16.261464942281574,1.3345172871816686;17.339109943706937,6.311506988921403,2.300624148151509;14.590277332334818,8.335859238449064,1.6499407138788138;5.222352165170459,5.2246686833336335,1.2953675730785918;4.241324229439376,12.456110153327092,0.3647650457406896;6.334813280978457,3.731836136358651,2.315285015721719;3.96199220928336,15.075728766947645,0.9109831433466773;13.470667831163155,10.03843225270554,1.3979717289653883;16.36473653509302,8.086891939973933,1.0265631417602112;9.356408901119345,2.787804101659744,0.20891529902825748;2.095021869582651,17.079045109775457,0.6495937887270954"
25,drone_4,9.879,8.043,13.942,14.674,"7.143965878414324,18.52253351862183,0.8394107337496143;6.637422351629716,5.81892506984119,0.6003018776062884;0.36590554591665037,16.596997027271488,0.20777990884561767;16.70210735212728,10.387662511155286,2.4865164910063826;17.575883932032223,2.721593568127446,1.6479158532570475;1.2973598084027889,12.541582926626493,1.1930564938806265;5.325463640573792,3.699943652690364,0.9547411468291342;2.859297170747846,7.553503878133155,2.1925507706303717;10.533388546054491,10.175620803711702,0.4434834056225819;13.471363977912578,4.924285787991767,1.3272358809753264;3.1989281854844065,17.094804049625413,0.4405086223709195;3.721082089191997,8.881385548157215,0.35484045745388293;6.101545181256263,8.790137986408395,1.2639000034553933;14.737980355806986,8.782652679798053,1.0509056472900933;8.401310070704824,11.991886299150524,1.2062214485731173;17.06132291164363,16.261464942281574,1.3345172871816686;17.339109943706937,6.311506988921403,2.300624148151509;14.590277332334818,8.335859238449064,1.6499407138788138;5.222352165170459,5.2246686833336335,1.2953675730785918;4.241324229439376,12.456110153327092,0.3647650457406896;6.334813280978457,3.731836136358651,2.315285015721719;3.96199220928336,15.075728766947645,0.9109831433466773;13.470667831163155,10.03843225270554,1.3979717289653883;16.36473653509302,8.086891939973933,1.0265631417602112;9.356408901119345,2.787804101659744,0.20891529902825748;2.095021869582651,17.079045109775457,0.6495937887270954"
25,drone_6,11.772,8.425,13.942,14.674,"7.143965878414324,18.52253351862183,0.8394107337496143;6.637422351629716,5.81892506984119,0.6003018776062884;0.36590554591665037,16.596997027271488,0.20777990884561767;16.70210735212728,10.387662511155286,2.4865164910063826;17.575883932032223,2.721593568127446,1.6479158532570475;1.2973598084027889,12.541582926626493,1.1930564938806265;5.325463640573792,3.699943652690364,0.9547411468291342;2.859297170747846,7.553503878133155,2.1925507706303717;10.533388546054491,10.175620803711702,0.4434834056225819;13.471363977912578,4.924285787991767,1.3272358809753264;3.1989281854844065,17.094804049625413,0.4405086223709195;3.721082089191997,8.881385548157215,0.35484045745388293;6.101545181256263,8.790137986408395,1.2639000034553933;14.737980355806986,8.782652679798053,1.0509056472900933;8.401310070704824,11.991886299150524,1.2062214485731173;17.06132291164363,16.261464942281574,1.3345172871816686;17.339109943706937,6.311506988921403,2.300624148151509;14.590277332334818,8.335859238449064,1.6499407138788138;5.222352165170459,5.2246686833336335,1.2953675730785918;4.241324229439376,12.456110153327092,0.3647650457406896;6.334813280978457,3.731836136358651,2.315285015721719;3.96199220928336,15.075728766947645,0.9109831433466773;13.470667831163155,10.03843225270554,1.3979717289653883;16.36473653509302,8.086891939973933,1.0265631417602112;9.356408901119345,2.787804101659744,0.20891529902825748;2.095021869582651,17.079045109775457,0.6495937887270954"
25,drone_7,11.349,5.664,13.942,14.674,"7.143965878414324,18.52253351862183,0.8394107337496143;6.637422351629716,5.81892506984119,0.6003018776062884;0.36590554591665037,16.596997027271488,0.20777990884561767;16.70210735212728,10.387662511155286,2.4865164910063826;17.575883932032223,2.721593568127446,1.6479158532570475;1.2973598084027889,12.541582926626493,1.1930564938806265;5.325463640573792,3.699943652690364,0.9547411468291342;2.859297170747846,7.553503878133155,2.1925507706303717;10.533388546054491,10.175620803711702,0.4434834056225819;13.471363977912578,4.924285787991767,1.3272358809753264;3.1989281854844065,17.094804049625413,0.4405086223709195;3.721082089191997,8.881385548157215,0.35484045745388293;6.101545181256263,8.790137986408395,1.2639000034553933;14.737980355806986,8.782652679798053,1.0509056472900933;8.401310070704824,11.991886299150524,1.2062214485731173;17.06132291164363,16.261464942281574,1.3345172871816686;17.339109943706937,6.311506988921403,2.300624148151509;14.590277332334818,8.335859238449064,1.6499407138788138;5.222352165170459,5.2246686833336335,1.2953675730785918;4.241324229439376,12.456110153327092,0.3647650457406896;6.334813280978457,3.731836136358651,2.315285015721719;3.96199220928336,15.075728766947645,0.9109831433466773;13.470667831163155,10.03843225270554,1.3979717289653883;16.36473653509302,8.086891939973933,1.0265631417602112;9.356408901119345,2.787804101659744,0.20891529902825748;2.095021869582651,17.079045109775457,0.6495937887270954"
25,drone_8,10.641,6.524,13.942,14.674,"7.143965878414324,18.52253351862183,0.8394107337496143;6.637422351629716,5.81892506984119,0.6003018776062884;0.36590554591665037,16.596997027271488,0.20777990884561767;16.70210735212728,10.387662511155286,2.4865164910063826;17.575883932032223,2.721593568127446,1.6479158532570475;1.2973598084027889,12.541582926626493,1.1930564938806265;5.325463640573792,3.699943652690364,0.9547411468291342;2.859297170747846,7.553503878133155,2.1925507706303717;10.533388546054491,10.175620803711702,0.4434834056225819;13.471363977912578,4.924285787991767,1.3272358809753264;3.1989281854844065,17.094804049625413,0.4405086223709195;3.721082089191997,8.881385548157215,0.35484045745388293;6.101545181256263,8.790137986408395,1.2639000034553933;14.737980355806986,8.782652679798053,1.0509056472900933;8.401310070704824,11.991886299150524,1.2062214485731173;17.06132291164363,16.261464942281574,1.3345172871816686;17.339109943706937,6.311506988921403,2.300624148151509;14.590277332334818,8.335859238449064,1.6499407138788138;5.222352165170459,5.2246686833336335,1.2953675730785918;4.241324229439376,12.456110153327092,0.3647650457406896;6.334813280978457,3.731836136358651,2.315285015721719;3.96199220928336,15.075728766947645,0.9109831433466773;13.470667831163155,10.03843225270554,1.3979717289653883;16.36473653509302,8.086891939973933,1.0265631417602112;9.356408901119345,2.787804101659744,0.20891529902825748;2.095021869582651,17.079045109775457,0.6495937887270954"
25,drone_9,10.837,8.318,13.942,14.674,"7.143965878414324,18.52253351862183,0.8394107337496143;6.637422351629716,5.81892506984119,0.6003018776062884;0.36590554591665037,16.596997027271488,0.20777990884561767;16.70210735212728,10.387662511155286,2.4865164910063826;17.575883932032223,2.721593568127446,1.6479158532570475;1.2973598084027889,12.541582926626493,1.1930564938806265;5.325463640573792,3.699943652690364,0.9547411468291342;2.859297170747846,7.553503878133155,2.1925507706303717;10.533388546054491,10.175620803711702,0.4434834056225819;13.471363977912578,4.924285787991767,1.3272358809753264;3.1989281854844065,17.094804049625413,0.4405086223709195;3.721082089191997,8.881385548157215,0.35484045745388293;6.101545181256263,8.790137986408395,1.2639000034553933;14.737980355806986,8.782652679798053,1.0509056472900933;8.401310070704824,11.991886299150524,1.2062214485731173;17.06132291164363,16.261464942281574,1.3345172871816686;17.339109943706937,6.311506988921403,2.300624148151509;14.590277332334818,8.335859238449064,1.6499407138788138;5.222352165170459,5.2246686833336335,1.2953675730785918;4.241324229439376,12.456110153327092,0.3647650457406896;6.334813280978457,3.731836136358651,2.315285015721719;3.96199220928336,15.075728766947645,0.9109831433466773;13.470667831163155,10.03843225270554,1.3979717289653883;16.36473653509302,8.086891939973933,1.0265631417602112;9.356408901119345,2.787804101659744,0.20891529902825748;2.095021869582651,17.079045109775457,0.6495937887270954"
26,drone_1,11.596,6.547,13.942,14.674,"7.143965878414324,18.52253351862183,0.8394107337496143;6.637422351629716,5.81892506984119,0.6003018776062884;0.36590554591665037,16.596997027271488,0.20777990884561767;16.70210735212728,10.387662511155286,2.4865164910063826;17.575883932032223,2.721593568127446,1.6479158532570475;1.2973598084027889,12.541582926626493,1.1930564938806265;5.325463640573792,3.699943652690364,0.9547411468291342;2.859297170747846,7.553503878133155,2.1925507706303717;10.533388546054491,10.175620803711702,0.4434834056225819;13.471363977912578,4.924285787991767,1.3272358809753264;3.1989281854844065,17.094804049625413,0.4405086223709195;3.721082089191997,8.881385548157215,0.35484045745388293;6.101545181256263,8.790137986408395,1.2639000034553933;14.737980355806986,8.782652679798053,1.0509056472900933;8.401310070704824,11.991886299150524,1.2062214485731173;17.06132291164363,16.261464942281574,1.3345172871816686;17.339109943706937,6.311506988921403,2.300624148151509;14.590277332334818,8.335859238449064,1.6499407138788138;5.222352165170459,5.2246686833336335,1.2953675730785918;4.241324229439376,12.456110153327092,0.3647650457406896;6.334813280978457,3.731836136358651,2.315285015721719;3.96199220928336,15.075728766947645,0.9109831433466773;13.470667831163155,10.03843225270554,1.3979717289653883;16.36473653509302,8.086891939973933,1.0265631417602112;9.356408901119345,2.787804101659744,0.20891529902825748;2.095021869582651,17.079045109775457,0.6495937887270954"
26,drone_2,9.888,6.249,13.942,14.674,"7.143965878414324,18.52253351862183,0.8394107337496143;6.637422351629716,5.81892506984119,0.6003018776062884;0.36590554591665037,16.596997027271488,0.20777990884561767;16.70210735212728,10.387662511155286,2.4865164910063826;17.575883932032223,2.721593568127446,1.6479158532570475;1.2973598084027889,12.541582926626493,1.1930564938806265;5.325463640573792,3.699943652690364,0.9547411468291342;2.859297170747846,7.553503878133155,2.1925507706303717;10.533388546054491,10.175620803711702,0.4434834056225819;13.471363977912578,4.924285787991767,1.3272358809753264;3.1989281854844065,17.094804049625413,0.4405086223709195;3.721082089191997,8.881385548157215,0.35484045745388293;6.101545181256263,8.790137986408395,1.2639000034553933;14.737980355806986,8.782652679798053,1.0509056472900933;8.401310070704824,11.991886299150524,1.2062214485731173;17.06132291164363,16.261464942281574,1.3345172871816686;17.339109943706937,6.311506988921403,2.300624148151509;14.590277332334818,8.335859238449064,1.6499407138788138;5.222352165170459,5.2246686833336335,1.2953675730785918;4.241324229439376,12.456110153327092,0.3647650457406896;6.334813280978457,3.731836136358651,2.315285015721719;3.96199220928336,15.075728766947645,0.9109831433466773;13.470667831163155,10.03843225270554,1.3979717289653883;16.36473653509302,8.086891939973933,1.0265631417602112;9.356408901119345,2.787804101659744,0.20891529902825748;2.095021869582651,17.079045109775457,0.6495937887270954"
26,drone_3,11.508,7.603,13.942,14.674,"7.143965878414324,18.52253351862183,0.8394107337496143;6.637422351629716,5.81892506984119,0.6003018776062884;0.36590554591665037,16.596997027271488,0.20777990884561767;16.70210735212728,10.387662511155286,2.4865164910063826;17.575883932032223,2.721593568127446,1.6479158532570475;1.2973598084027889,12.541582926626493,1.1930564938806265;5.325463640573792,3.699943652690364,0.9547411468291342;2.859297170747846,7.553503878133155,2.1925507706303717;10.533388546054491,10.175620803711702,0.4434834056225819;13.471363977912578,4.924285787991767,1.3272358809753264;3.1989281854844065,17.094804049625413,0.4405086223709195;3.721082089191997,8.881385548157215,0.35484045745388293;6.101545181256263,8.790137986408395,1.2639000034553933;14.737980355806986,8.782652679798053,1.0509056472900933;8.401310070704824,11.991886299150524,1.2062214485731173;17.06132291164363,16.261464942281574,1.3345172871816686;17.339109943706937,6.311506988921403,2.300624148151509;14.590277332334818,8.335859238449064,1.6499407138788138;5.222352165170459,5.2246686833336335,1.2953675730785918;4.241324229439376,12.456110153327092,0.3647650457406896;6.334813280978457,3.731836136358651,2.315285015721719;3.96199220928336,15.075728766947645,0.9109831433466773;13.470667831163155,10.03843225270554,1.3979717289653883;16.36473653509302,8.086891939973933,1.0265631417602112;9.356408901119345,2.787804101659744,0.20891529902825748;2.095021869582651,17.079045109775457,0.6495937887270954"
26,drone_4,9.965,8.192,13.942,14.674,"7.143965878414324,18.52253351862183,0.8394107337496143;6.637422351629716,5.81892506984119,0.6003018776062884;0.36590554591665037,16.596997027271488,0.20777990884561767;16.70210735212728,10.387662511155286,2.4865164910063826;17.575883932032223,2.721593568127446,1.6479158532570475;1.2973598084027889,12.541582926626493,1.1930564938806265;5.325463640573792,3.699943652690364,0.9547411468291342;2.859297170747846,7.553503878133155,2.1925507706303717;10.533388546054491,10.175620803711702,0.4434834056225819;13.471363977912578,4.924285787991767,1.3272358809753264;3.1989281854844065,17.094804049625413,0.4405086223709195;3.721082089191997,8.881385548157215,0.35484045745388293;6.101545181256263,8.790137986408395,1.2639000034553933;14.737980355806986,8.782652679798053,1.0509056472900933;8.401310070704824,11.991886299150524,1.2062214485731173;17.06132291164363,16.261464942281574,1.3345172871816686;17.339109943706937,6.311506988921403,2.300624148151509;14.590277332334818,8.335859238449064,1.6499407138788138;5.222352165170459,5.2246686833336335,1.2953675730785918;4.241324229439376,12.456110153327092,0.3647650457406896;6.334813280978457,3.731836136358651,2.315285015721719;3.96199220928336,15.075728766947645,0.9109831433466773;13.470667831163155,10.03843225270554,1.3979717289653883;16.36473653509302,8.086891939973933,1.0265631417602112;9.356408901119345,2.787804101659744,0.20891529902825748;2.095021869582651,17.079045109775457,0.6495937887270954"
26,drone_6,11.735,8.569,13.942,14.674,"7.143965878414324,18.52253351862183,0.8394107337496143;6.637422351629716,5.81892506984119,0.6003018776062884;0.36590554591665037,16.596997027271488,0.20777990884561767;16.70210735212728,10.387662511155286,2.4865164910063826;17.575883932032223,2.721593568127446,1.6479158532570475;1.2973598084027889,12.541582926626493,1.1930564938806265;5.325463640573792,3.699943652690364,0.9547411468291342;2.859297170747846,7.553503878133155,2.1925507706303717;10.533388546054491,10.175620803711702,0.4434834056225819;13.471363977912578,4.924285787991767,1.3272358809753264;3.1989281854844065,17.094804049625413,0.4405086223709195;3.721082089191997,8.881385548157215,0.35484045745388293;6.101545181256263,8.790137986408395,1.2639000034553933;14.737980355806986,8.782652679798053,1.0509056472900933;8.401310070704824,11.991886299150524,1.2062214485731173;17.06132291164363,16.261464942281574,1.3345172871816686;17.339109943706937,6.311506988921403,2.300624148151509;14.590277332334818,8.335859238449064,1.6499407138788138;5.222352165170459,5.2246686833336335,1.2953675730785918;4.241324229439376,12.456110153327092,0.3647650457406896;6.334813280978457,3.731836136358651,2.315285015721719;3.96199220928336,15.075728766947645,0.9109831433466773;13.470667831163155,10.03843225270554,1.3979717289653883;16.36473653509302,8.086891939973933,1.0265631417602112;9.356408901119345,2.787804101659744,0.20891529902825748;2.095021869582651,17.079045109775457,0.6495937887270954"
26,drone_7,11.385,5.832,13.942,14.674,"7.143965878414324,18.52253351862183,0.8394107337496143;6.637422351629716,5.81892506984119,0.6003018776062884;0.36590554591665037,16.596997027271488,0.20777990884561767;16.70210735212728,10.387662511155286,2.4865164910063826;17.575883932032223,2.721593568127446,1.6479158532570475;1.2973598084027889,12.541582926626493,1.1930564938806265;5.325463640573792,3.699943652690364,0.9547411468291342;2.859297170747846,7.553503878133155,2.1925507706303717;10.533388546054491,10.175620803711702,0.4434834056225819;13.471363977912578,4.924285787991767,1.3272358809753264;3.1989281854844065,17.094804049625413,0.4405086223709195;3.721082089191997,8.881385548157215,0.35484045745388293;6.101545181256263,8.790137986408395,1.2639000034553933;14.737980355806986,8.782652679798053,1.0509056472900933;8.401310070704824,11.991886299150524,1.2062214485731173;17.06132291164363,16.261464942281574,1.3345172871816686;17.339109943706937,6.311506988921403,2.300624148151509;14.590277332334818,8.335859238449064,1.6499407138788138;5.222352165170459,5.2246686833336335,1.2953675730785918;4.241324229439376,12.456110153327092,0.3647650457406896;6.334813280978457,3.731836136358651,2.315285015721719;3.96199220928336,15.075728766947645,0.9109831433466773;13.470667831163155,10.03843225270554,1.3979717289653883;16.36473653509302,8.086891939973933,1.0265631417602112;9.356408901119345,2.787804101659744,0.20891529902825748;2.095021869582651,17.079045109775457,0.6495937887270954"
26,drone_8,10.604,6.667,13.942,14.674,"7.143965878414324,18.52253351862183,0.8394107337496143;6.637422351629716,5.81892506984119,0.6003018776062884;0.36590554591665037,16.596997027271488,0.20777990884561767;16.70210735212728,10.387662511155286,2.4865164910063826;17.575883932032223,2.721593568127446,1.6479158532570475;1.2973598084027889,12.541582926626493,1.1930564938806265;5.325463640573792,3.699943652690364,0.9547411468291342;2.859297170747846,7.553503878133155,2.1925507706303717;10.533388546054491,10.175620803711702,0.4434834056225819;13.471363977912578,4.924285787991767,1.3272358809753264;3.1989281854844065,17.094804049625413,0.4405086223709195;3.721082089191997,8.881385548157215,0.35484045745388293;6.101545181256263,8.790137986408395,1.2639000034553933;14.737980355806986,8.782652679798053,1.0509056472900933;8.401310070704824,11.991886299150524,1.2062214485731173;17.06132291164363,16.261464942281574,1.3345172871816686;17.339109943706937,6.311506988921403,2.300624148151509;14.590277332334818,8.335859238449064,1.6499407138788138;5.222352165170459,5.2246686833336335,1.2953675730785918;4.241324229439376,12.456110153327092,0.3647650457406896;6.334813280978457,3.731836136358651,2.315285015721719;3.96199220928336,15.075728766947645,0.9109831433466773;13.470667831163155,10.03843225270554,1.3979717289653883;16.36473653509302,8.086891939973933,1.0265631417602112;9.356408901119345,2.787804101659744,0.20891529902825748;2.095021869582651,17.079045109775457,0.6495937887270954"
26,drone_9,10.889,8.434,13.942,14.674,"7.143965878414324,18.52253351862183,0.8394107337496143;6.637422351629716,5.81892506984119,0.6003018776062884;0.36590554591665037,16.596997027271488,0.20777990884561767;16.70210735212728,10.387662511155286,2.4865164910063826;17.575883932032223,2.721593568127446,1.6479158532570475;1.2973598084027889,12.541582926626493,1.1930564938806265;5.325463640573792,3.699943652690364,0.9547411468291342;2.859297170747846,7.553503878133155,2.1925507706303717;10.533388546054491,10.175620803711702,0.4434834056225819;13.471363977912578,4.924285787991767,1.3272358809753264;3.1989281854844065,17.094804049625413,0.4405086223709195;3.721082089191997,8.881385548157215,0.35484045745388293;6.101545181256263,8.790137986408395,1.2639000034553933;14.737980355806986,8.782652679798053,1.0509056472900933;8.401310070704824,11.991886299150524,1.2062214485731173;17.06132291164363,16.261464942281574,1.3345172871816686;17.339109943706937,6.311506988921403,2.300624148151509;14.590277332334818,8.335859238449064,1.6499407138788138;5.222352165170459,5.2246686833336335,1.2953675730785918;4.241324229439376,12.456110153327092,0.3647650457406896;6.334813280978457,3.731836136358651,2.315285015721719;3.96199220928336,15.075728766947645,0.9109831433466773;13.470667831163155,10.03843225270554,1.3979717289653883;16.36473653509302,8.086891939973933,1.0265631417602112;9.356408901119345,2.787804101659744,0.20891529902825748;2.095021869582651,17.079045109775457,0.6495937887270954"
27,drone_1,11.669,6.676,13.942,14.674,"7.143965878414324,18.52253351862183,0.8394107337496143;6.637422351629716,5.81892506984119,0.6003018776062884;0.36590554591665037,16.596997027271488,0.20777990884561767;16.70210735212728,10.387662511155286,2.4865164910063826;17.575883932032223,2.721593568127446,1.6479158532570475;1.2973598084027889,12.541582926626493,1.1930564938806265;5.325463640573792,3.699943652690364,0.9547411468291342;2.859297170747846,7.553503878133155,2.1925507706303717;10.533388546054491,10.175620803711702,0.4434834056225819;13.471363977912578,4.924285787991767,1.3272358809753264;3.1989281854844065,17.094804049625413,0.4405086223709195;3.721082089191997,8.881385548157215,0.35484045745388293;6.101545181256263,8.790137986408395,1.2639000034553933;14.737980355806986,8.782652679798053,1.0509056472900933;8.401310070704824,11.991886299150524,1.2062214485731173;17.06132291164363,16.261464942281574,1.3345172871816686;17.339109943706937,6.311506988921403,2.300624148151509;14.590277332334818,8.335859238449064,1.6499407138788138;5.222352165170459,5.2246686833336335,1.2953675730785918;4.241324229439376,12.456110153327092,0.3647650457406896;6.334813280978457,3.731836136358651,2.315285015721719;3.96199220928336,15.075728766947645,0.9109831433466773;13.470667831163155,10.03843225270554,1.3979717289653883;16.36473653509302,8.086891939973933,1.0265631417602112;9.356408901119345,2.787804101659744,0.20891529902825748;2.095021869582651,17.079045109775457,0.6495937887270954"
27,drone_2,9.924,6.417,13.942,14.674,"7.143965878414324,18.52253351862183,0.8394107337496143;6.637422351629716,5.81892506984119,0.6003018776062884;0.36590554591665037,16.596997027271488,0.20777990884561767;16.70210735212728,10.387662511155286,2.4865164910063826;17.575883932032223,2.721593568127446,1.6479158532570475;1.2973598084027889,12.541582926626493,1.1930564938806265;5.325463640573792,3.699943652690364,0.9547411468291342;2.859297170747846,7.553503878133155,2.1925507706303717;10.533388546054491,10.175620803711702,0.4434834056225819;13.471363977912578,4.924285787991767,1.3272358809753264;3.1989281854844065,17.094804049625413,0.4405086223709195;3.721082089191997,8.881385548157215,0.35484045745388293;6.101545181256263,8.790137986408395,1.2639000034553933;14.737980355806986,8.782652679798053,1.0509056472900933;8.401310070704824,11.991886299150524,1.2062214485731173;17.06132291164363,16.261464942281574,1.3345172871816686;17.339109943706937,6.311506988921403,2.300624148151509;14.590277332334818,8.335859238449064,1.6499407138788138;5.222352165170459,5.2246686833336335,1.2953675730785918;4.241324229439376,12.456110153327092,0.3647650457406896;6.334813280978457,3.731836136358651,2.315285015721719;3.96199220928336,15.075728766947645,0.9109831433466773;13.470667831163155,10.03843225270554,1.3979717289653883;16.36473653509302,8.086891939973933,1.0265631417602112;9.356408901119345,2.787804101659744,0.20891529902825748;2.095021869582651,17.079045109775457,0.6495937887270954"
27,drone_3,11.585,7.730,13.942,14.674,"7.143965878414324,18.52253351862183,0.8394107337496143;6.637422351629716,5.81892506984119,0.6003018776062884;0.36590554591665037,16.596997027271488,0.20777990884561767;16.70210735212728,10.387662511155286,2.4865164910063826;17.575883932032223,2.721593568127446,1.6479158532570475;1.2973598084027889,12.541582926626493,1.1930564938806265;5.325463640573792,3.699943652690364,0.9547411468291342;2.859297170747846,7.553503878133155,2.1925507706303717;10.533388546054491,10.175620803711702,0.4434834056225819;13.471363977912578,4.924285787991767,1.3272358809753264;3.1989281854844065,17.094804049625413,0.4405086223709195;3.721082089191997,8.881385548157215,0.35484045745388293;6.101545181256263,8.790137986408395,1.2639000034553933;14.737980355806986,8.782652679798053,1.0509056472900933;8.401310070704824,11.991886299150524,1.2062214485731173;17.06132291164363,16.261464942281574,1.3345172871816686;17.339109943706937,6.311506988921403,2.300624148151509;14.590277332334818,8.335859238449064,1.6499407138788138;5.222352165170459,5.2246686833336335,1.2953675730785918;4.241324229439376,12.456110153327092,0.3647650457406896;6.334813280978457,3.731836136358651,2.315285015721719;3.96199220928336,15.075728766947645,0.9109831433466773;13.470667831163155,10.03843225270554,1.3979717289653883;16.36473653509302,8.086891939973933,1.0265631417602112;9.356408901119345,2.787804101659744,0.20891529902825748;2.095021869582651,17.079045109775457,0.6495937887270954"
27,drone_4,10.068,8.329,13.942,14.674,"7.143965878414324,18.52253351862183,0.8394107337496143;6.637422351629716,5.81892506984119,0.6003018776062884;0.36590554591665037,16.596997027271488,0.20777990884561767;16.70210735212728,10.387662511155286,2.4865164910063826;17.575883932032223,2.721593568127446,1.6479158532570475;1.2973598084027889,12.541582926626493,1.1930564938806265;5.325463640573792,3.699943652690364,0.9547411468291342;2.859297170747846,7.553503878133155,2.1925507706303717;10.533388546054491,10.175620803711702,0.4434834056225819;13.471363977912578,4.924285787991767,1.3272358809753264;3.1989281854844065,17.094804049625413,0.4405086223709195;3.721082089191997,8.881385548157215,0.35484045745388293;6.101545181256263,8.790137986408395,1.2639000034553933;14.737980355806986,8.782652679798053,1.0509056472900933;8.401310070704824,11.991886299150524,1.2062214485731173;17.06132291164363,16.261464942281574,1.3345172871816686;17.339109943706937,6.311506988921403,2.300624148151509;14.590277332334818,8.335859238449064,1.6499407138788138;5.222352165170459,5.2246686833336335,1.2953675730785918;4.241324229439376,12.456110153327092,0.3647650457406896;6.334813280978457,3.731836136358651,2.315285015721719;3.96199220928336,15.075728766947645,0.9109831433466773;13.470667831163155,10.03843225270554,1.3979717289653883;16.36473653509302,8.086891939973933,1.0265631417602112;9.356408901119345,2.787804101659744,0.20891529902825748;2.095021869582651,17.079045109775457,0.6495937887270954"
27,drone_6,11.772,8.712,13.942,14.674,"7.143965878414324,18.52253351862183,0.8394107337496143;6.637422351629716,5.81892506984119,0.6003018776062884;0.36590554591665037,16.596997027271488,0.20777990884561767;16.70210735212728,10.387662511155286,2.4865164910063826;17.575883932032223,2.721593568127446,1.6479158532570475;1.2973598084027889,12.541582926626493,1.1930564938806265;5.325463640573792,3.699943652690364,0.9547411468291342;2.859297170747846,7.553503878133155,2.1925507706303717;10.533388546054491,10.175620803711702,0.4434834056225819;13.471363977912578,4.924285787991767,1.3272358809753264;3.1989281854844065,17.094804049625413,0.4405086223709195;3.721082089191997,8.881385548157215,0.35484045745388293;6.101545181256263,8.790137986408395,1.2639000034553933;14.737980355806986,8.782652679798053,1.0509056472900933;8.401310070704824,11.991886299150524,1.2062214485731173;17.06132291164363,16.261464942281574,1.3345172871816686;17.339109943706937,6.311506988921403,2.300624148151509;14.590277332334818,8.335859238449064,1.6499407138788138;5.222352165170459,5.2246686833336335,1.2953675730785918;4.241324229439376,12.456110153327092,0.3647650457406896;6.334813280978457,3.731836136358651,2.315285015721719;3.96199220928336,15.075728766947645,0.9109831433466773;13.470667831163155,10.03843225270554,1.3979717289653883;16.36473653509302,8.086891939973933,1.0265631417602112;9.356408901119345,2.787804101659744,0.20891529902825748;2.095021869582651,17.079045109775457,0.6495937887270954"
27,drone_7,11.463,5.986,13.942,14.674,"7.143965878414324,18.52253351862183,0.8394107337496143;6.637422351629716,5.81892506984119,0.6003018776062884;0.36590554591665037,16.596997027271488,0.20777990884561767;16.70210735212728,10.387662511155286,2.4865164910063826;17.575883932032223,2.721593568127446,1.6479158532570475;1.2973598084027889,12.541582926626493,1.1930564938806265;5.325463640573792,3.699943652690364,0.9547411468291342;2.859297170747846,7.553503878133155,2.1925507706303717;10.533388546054491,10.175620803711702,0.4434834056225819;13.471363977912578,4.924285787991767,1.3272358809753264;3.1989281854844065,17.094804049625413,0.4405086223709195;3.721082089191997,8.881385548157215,0.35484045745388293;6.101545181256263,8.790137986408395,1.2639000034553933;14.737980355806986,8.782652679798053,1.0509056472900933;8.401310070704824,11.991886299150524,1.2062214485731173;17.06132291164363,16.261464942281574,1.3345172871816686;17.339109943706937,6.311506988921403,2.300624148151509;14.590277332334818,8.335859238449064,1.6499407138788138;5.222352165170459,5.2246686833336335,1.2953675730785918;4.241324229439376,12.456110153327092,0.3647650457406896;6.334813280978457,3.731836136358651,2.315285015721719;3.96199220928336,15.075728766947645,0.9109831433466773;13.470667831163155,10.03843225270554,1.3979717289653883;16.36473653509302,8.086891939973933,1.0265631417602112;9.356408901119345,2.787804101659744,0.20891529902825748;2.095021869582651,17.079045109775457,0.6495937887270954"
27,drone_8,10.647,6.834,13.942,14.674,"7.143965878414324,18.52253351862183,0.8394107337496143;6.637422351629716,5.81892506984119,0.6003018776062884;0.36590554591665037,16.596997027271488,0.20777990884561767;16.70210735212728,10.387662511155286,2.4865164910063826;17.575883932032223,2.721593568127446,1.6479158532570475;1.2973598084027889,12.541582926626493,1.1930564938806265;5.325463640573792,3.699943652690364,0.9547411468291342;2.859297170747846,7.553503878133155,2.1925507706303717;10.533388546054491,10.175620803711702,0.4434834056225819;13.471363977912578,4.924285787991767,1.3272358809753264;3.1989281854844065,17.094804049625413,0.4405086223709195;3.721082089191997,8.881385548157215,0.35484045745388293;6.101545181256263,8.790137986408395,1.2639000034553933;14.737980355806986,8.782652679798053,1.0509056472900933;8.401310070704824,11.991886299150524,1.2062214485731173;17.06132291164363,16.261464942281574,1.3345172871816686;17.339109943706937,6.311506988921403,2.300624148151509;14.590277332334818,8.335859238449064,1.6499407138788138;5.222352165170459,5.2246686833336335,1.2953675730785918;4.241324229439376,12.456110153327092,0.3647650457406896;6.334813280978457,3.731836136358651,2.315285015721719;3.96199220928336,15.075728766947645,0.9109831433466773;13.470667831163155,10.03843225270554,1.3979717289653883;16.36473653509302,8.086891939973933,1.0265631417602112;9.356408901119345,2.787804101659744,0.20891529902825748;2.095021869582651,17.079045109775457,0.6495937887270954"
27,drone_9,10.962,8.539,13.942,14.674,"7.143965878414324,18.52253351862183,0.8394107337496143;6.637422351629716,5.81892506984119,0.6003018776062884;0.36590554591665037,16.596997027271488,0.20777990884561767;16.70210735212728,10.387662511155286,2.4865164910063826;17.575883932032223,2.721593568127446,1.6479158532570475;1.2973598084027889,12.541582926626493,1.1930564938806265;5.325463640573792,3.699943652690364,0.9547411468291342;2.859297170747846,7.553503878133155,2.1925507706303717;10.533388546054491,10.175620803711702,0.4434834056225819;13.471363977912578,4.924285787991767,1.3272358809753264;3.1989281854844065,17.094804049625413,0.4405086223709195;3.721082089191997,8.881385548157215,0.35484045745388293;6.101545181256263,8.790137986408395,1.2639000034553933;14.737980355806986,8.782652679798053,1.0509056472900933;8.401310070704824,11.991886299150524,1.2062214485731173;17.06132291164363,16.261464942281574,1.3345172871816686;17.339109943706937,6.311506988921403,2.300624148151509;14.590277332334818,8.335859238449064,1.6499407138788138;5.222352165170459,5.2246686833336335,1.2953675730785918;4.241324229439376,12.456110153327092,0.3647650457406896;6.334813280978457,3.731836136358651,2.315285015721719;3.96199220928336,15.075728766947645,0.9109831433466773;13.470667831163155,10.03843225270554,1.3979717289653883;16.36473653509302,8.086891939973933,1.0265631417602112;9.356408901119345,2.787804101659744,0.20891529902825748;2.095021869582651,17.079045109775457,0.6495937887270954"
28,drone_1,11.773,6.813,13.942,14.674,"7.143965878414324,18.52253351862183,0.8394107337496143;6.637422351629716,5.81892506984119,0.6003018776062884;0.36590554591665037,16.596997027271488,0.20777990884561767;16.70210735212728,10.387662511155286,2.4865164910063826;17.575883932032223,2.721593568127446,1.6479158532570475;1.2973598084027889,12.541582926626493,1.1930564938806265;5.325463640573792,3.699943652690364,0.9547411468291342;2.859297170747846,7.553503878133155,2.1925507706303717;10.533388546054491,10.175620803711702,0.4434834056225819;13.471363977912578,4.924285787991767,1.3272358809753264;3.1989281854844065,17.094804049625413,0.4405086223709195;3.721082089191997,8.881385548157215,0.35484045745388293;6.101545181256263,8.790137986408395,1.2639000034553933;14.737980355806986,8.782652679798053,1.0509056472900933;8.401310070704824,11.991886299150524,1.2062214485731173;17.06132291164363,16.261464942281574,1.3345172871816686;17.339109943706937,6.311506988921403,2.300624148151509;14.590277332334818,8.335859238449064,1.6499407138788138;5.222352165170459,5.2246686833336335,1.2953675730785918;4.241324229439376,12.456110153327092,0.3647650457406896;6.334813280978457,3.731836136358651,2.315285015721719;3.96199220928336,15.075728766947645,0.9109831433466773;13.470667831163155,10.03843225270554,1.3979717289653883;16.36473653509302,8.086891939973933,1.0265631417602112;9.356408901119345,2.787804101659744,0.20891529902825748;2.095021869582651,17.079045109775457,0.6495937887270954"
28,drone_2,10.001,6.571,13.942,14.674,"7.143965878414324,18.52253351862183,0.8394107337496143;6.637422351629716,5.81892506984119,0.6003018776062884;0.36590554591665037,16.596997027271488,0.20777990884561767;16.70210735212728,10.387662511155286,2.4865164910063826;17.575883932032223,2.721593568127446,1.6479158532570475;1.2973598084027889,12.541582926626493,1.1930564938806265;5.325463640573792,3.699943652690364,0.9547411468291342;2.859297170747846,7.553503878133155,2.1925507706303717;10.533388546054491,10.175620803711702,0.4434834056225819;13.471363977912578,4.924285787991767,1.3272358809753264;3.1989281854844065,17.094804049625413,0.4405086223709195;3.721082089191997,8.881385548157215,0.35484045745388293;6.101545181256263,8.790137986408395,1.2639000034553933;14.737980355806986,8.782652679798053,1.0509056472900933;8.401310070704824,11.991886299150524,1.2062214485731173;17.06132291164363,16.261464942281574,1.3345172871816686;17.339109943706937,6.311506988921403,2.300624148151509;14.590277332334818,8.335859238449064,1.6499407138788138;5.222352165170459,5.2246686833336335,1.2953675730785918;4.241324229439376,12.456110153327092,0.3647650457406896;6.334813280978457,3.731836136358651,2.315285015721719;3.96199220928336,15.075728766947645,0.9109831433466773;13.470667831163155,10.03843225270554,1.3979717289653883;16.36473653509302,8.086891939973933,1.0265631417602112;9.356408901119345,2.787804101659744,0.20891529902825748;2.095021869582651,17.079045109775457,0.6495937887270954"
28,drone_3,11.676,7.847,13.942,14.674,"7.143965878414324,18.52253351862183,0.8394107337496143;6.637422351629716,5.81892506984119,0.6003018776062884;0.36590554591665037,16.596997027271488,0.20777990884561767;16.70210735212728,10.387662511155286,2.4865164910063826;17.575883932032223,2.721593568127446,1.6479158532570475;1.2973598084027889,12.541582926626493,1.1930564938806265;5.325463640573792,3.699943652690364,0.9547411468291342;2.859297170747846,7.553503878133155,2.1925507706303717;10.533388546054491,10.175620803711702,0.4434834056225819;13.471363977912578,4.924285787991767,1.3272358809753264;3.1989281854844065,17.094804049625413,0.4405086223709195;3.721082089191997,8.881385548157215,0.35484045745388293;6.101545181256263,8.790137986408395,1.2639000034553933;14.737980355806986,8.782652679798053,1.0509056472900933;8.401310070704824,11.991886299150524,1.2062214485731173;17.06132291164363,16.261464942281574,1.3345172871816686;17.339109943706937,6.311506988921403,2.300624148151509;14.590277332334818,8.335859238449064,1.6499407138788138;5.222352165170459,5.2246686833336335,1.2953675730785918;4.241324229439376,12.456110153327092,0.3647650457406896;6.334813280978457,3.731836136358651,2.315285015721719;3.96199220928336,15.075728766947645,0.9109831433466773;13.470667831163155,10.03843225270554,1.3979717289653883;16.36473653509302,8.086891939973933,1.0265631417602112;9.356408901119345,2.787804101659744,0.20891529902825748;2.095021869582651,17.079045109775457,0.6495937887270954"
28,drone_4,10.180,8.460,13.942,14.674,"7.143965878414324,18.52253351862183,0.8394107337496143;6.637422351629716,5.81892506984119,0.6003018776062884;0.36590554591665037,16.596997027271488,0.20777990884561767;16.70210735212728,10.387662511155286,2.4865164910063826;17.575883932032223,2.721593568127446,1.6479158532570475;1.2973598084027889,12.541582926626493,1.1930564938806265;5.325463640573792,3.699943652690364,0.9547411468291342;2.859297170747846,7.553503878133155,2.1925507706303717;10.533388546054491,10.175620803711702,0.4434834056225819;13.471363977912578,4.924285787991767,1.3272358809753264;3.1989281854844065,17.094804049625413,0.4405086223709195;3.721082089191997,8.881385548157215,0.35484045745388293;6.101545181256263,8.790137986408395,1.2639000034553933;14.737980355806986,8.782652679798053,1.0509056472900933;8.401310070704824,11.991886299150524,1.2062214485731173;17.06132291164363,16.261464942281574,1.3345172871816686;17.339109943706937,6.311506988921403,2.300624148151509;14.590277332334818,8.335859238449064,1.6499407138788138;5.222352165170459,5.2246686833336335,1.2953675730785918;4.241324229439376,12.456110153327092,0.3647650457406896;6.334813280978457,3.731836136358651,2.315285015721719;3.96199220928336,15.075728766947645,0.9109831433466773;13.470667831163155,10.03843225270554,1.3979717289653883;16.36473653509302,8.086891939973933,1.0265631417602112;9.356408901119345,2.787804101659744,0.20891529902825748;2.095021869582651,17.079045109775457,0.6495937887270954"
28,drone_6,11.735,8.856,13.942,14.674,"7.143965878414324,18.52253351862183,0.8394107337496143;6.637422351629716,5.81892506984119,0.6003018776062884;0.36590554591665037,16.596997027271488,0.20777990884561767;16.70210735212728,10.387662511155286,2.4865164910063826;17.575883932032223,2.721593568127446,1.6479158532570475;1.2973598084027889,12.541582926626493,1.1930564938806265;5.325463640573792,3.699943652690364,0.9547411468291342;2.859297170747846,7.553503878133155,2.1925507706303717;10.533388546054491,10.175620803711702,0.4434834056225819;13.471363977912578,4.924285787991767,1.3272358809753264;3.1989281854844065,17.094804049625413,0.4405086223709195;3.721082089191997,8.881385548157215,0.35484045745388293;6.101545181256263,8.790137986408395,1.2639000034553933;14.737980355806986,8.782652679798053,1.0509056472900933;8.401310070704824,11.991886299150524,1.2062214485731173;17.06132291164363,16.261464942281574,1.3345172871816686;17.339109943706937,6.311506988921403,2.300624148151509;14.590277332334818,8.335859238449064,1.6499407138788138;5.222352165170459,5.2246686833336335,1.2953675730785918;4.241324229439376,12.456110153327092,0.3647650457406896;6.334813280978457,3.731836136358651,2.315285015721719;3.96199220928336,15.075728766947645,0.9109831433466773;13.470667831163155,10.03843225270554,1.3979717289653883;16.36473653509302,8.086891939973933,1.0265631417602112;9.356408901119345,2.787804101659744,0.20891529902825748;2.095021869582651,17.079045109775457,0.6495937887270954"
28,drone_7,11.448,6.157,13.942,14.674,"7.143965878414324,18.52253351862183,0.8394107337496143;6.637422351629716,5.81892506984119,0.6003018776062884;0.36590554591665037,16.596997027271488,0.20777990884561767;16.70210735212728,10.387662511155286,2.4865164910063826;17.575883932032223,2.721593568127446,1.6479158532570475;1.2973598084027889,12.541582926626493,1.1930564938806265;5.325463640573792,3.699943652690364,0.9547411468291342;2.859297170747846,7.553503878133155,2.1925507706303717;10.533388546054491,10.175620803711702,0.4434834056225819;13.471363977912578,4.924285787991767,1.3272358809753264;3.1989281854844065,17.094804049625413,0.4405086223709195;3.721082089191997,8.881385548157215,0.35484045745388293;6.101545181256263,8.790137986408395,1.2639000034553933;14.737980355806986,8.782652679798053,1.0509056472900933;8.401310070704824,11.991886299150524,1.2062214485731173;17.06132291164363,16.261464942281574,1.3345172871816686;17.339109943706937,6.311506988921403,2.300624148151509;14.590277332334818,8.335859238449064,1.6499407138788138;5.222352165170459,5.2246686833336335,1.2953675730785918;4.241324229439376,12.456110153327092,0.3647650457406896;6.334813280978457,3.731836136358651,2.315285015721719;3.96199220928336,15.075728766947645,0.9109831433466773;13.470667831163155,10.03843225270554,1.3979717289653883;16.36473653509302,8.086891939973933,1.0265631417602112;9.356408901119345,2.787804101659744,0.20891529902825748;2.095021869582651,17.079045109775457,0.6495937887270954"
28,drone_8,10.728,6.985,13.942,14.674,"7.143965878414324,18.52253351862183,0.8394107337496143;6.637422351629716,5.81892506984119,0.6003018776062884;0.36590554591665037,16.596997027271488,0.20777990884561767;16.70210735212728,10.387662511155286,2.4865164910063826;17.575883932032223,2.721593568127446,1.6479158532570475;1.2973598084027889,12.541582926626493,1.1930564938806265;5.325463640573792,3.699943652690364,0.9547411468291342;2.859297170747846,7.553503878133155,2.1925507706303717;10.533388546054491,10.175620803711702,0.4434834056225819;13.471363977912578,4.924285787991767,1.3272358809753264;3.1989281854844065,17.094804049625413,0.4405086223709195;3.721082089191997,8.881385548157215,0.35484045745388293;6.101545181256263,8.790137986408395,1.2639000034553933;14.737980355806986,8.782652679798053,1.0509056472900933;8.401310070704824,11.991886299150524,1.2062214485731173;17.06132291164363,16.261464942281574,1.3345172871816686;17.339109943706937,6.311506988921403,2.300624148151509;14.590277332334818,8.335859238449064,1.6499407138788138;5.222352165170459,5.2246686833336335,1.2953675730785918;4.241324229439376,12.456110153327092,0.3647650457406896;6.334813280978457,3.731836136358651,2.315285015721719;3.96199220928336,15.075728766947645,0.9109831433466773;13.470667831163155,10.03843225270554,1.3979717289653883;16.36473653509302,8.086891939973933,1.0265631417602112;9.356408901119345,2.787804101659744,0.20891529902825748;2.095021869582651,17.079045109775457,0.6495937887270954"
28,drone_9,10.997,8.661,13.942,14.674,"7.143965878414324,18.52253351862183,0.8394107337496143;6.637422351629716,5.81892506984119,0.6003018776062884;0.36590554591665037,16.596997027271488,0.20777990884561767;16.70210735212728,10.387662511155286,2.4865164910063826;17.575883932032223,2.721593568127446,1.6479158532570475;1.2973598084027889,12.541582926626493,1.1930564938806265;5.325463640573792,3.699943652690364,0.9547411468291342;2.859297170747846,7.553503878133155,2.1925507706303717;10.533388546054491,10.175620803711702,0.4434834056225819;13.471363977912578,4.924285787991767,1.3272358809753264;3.1989281854844065,17.094804049625413,0.4405086223709195;3.721082089191997,8.881385548157215,0.35484045745388293;6.101545181256263,8.790137986408395,1.2639000034553933;14.737980355806986,8.782652679798053,1.0509056472900933;8.401310070704824,11.991886299150524,1.2062214485731173;17.06132291164363,16.261464942281574,1.3345172871816686;17.339109943706937,6.311506988921403,2.300624148151509;14.590277332334818,8.335859238449064,1.6499407138788138;5.222352165170459,5.2246686833336335,1.2953675730785918;4.241324229439376,12.456110153327092,0.3647650457406896;6.334813280978457,3.731836136358651,2.315285015721719;3.96199220928336,15.075728766947645,0.9109831433466773;13.470667831163155,10.03843225270554,1.3979717289653883;16.36473653509302,8.086891939973933,1.0265631417602112;9.356408901119345,2.787804101659744,0.20891529902825748;2.095021869582651,17.079045109775457,0.6495937887270954"
29,drone_1,11.885,6.944,13.942,14.674,"7.143965878414324,18.52253351862183,0.8394107337496143;6.637422351629716,5.81892506984119,0.6003018776062884;0.36590554591665037,16.596997027271488,0.20777990884561767;16.70210735212728,10.387662511155286,2.4865164910063826;17.575883932032223,2.721593568127446,1.6479158532570475;1.2973598084027889,12.541582926626493,1.1930564938806265;5.325463640573792,3.699943652690364,0.9547411468291342;2.859297170747846,7.553503878133155,2.1925507706303717;10.533388546054491,10.175620803711702,0.4434834056225819;13.471363977912578,4.924285787991767,1.3272358809753264;3.1989281854844065,17.094804049625413,0.4405086223709195;3.721082089191997,8.881385548157215,0.35484045745388293;6.101545181256263,8.790137986408395,1.2639000034553933;14.737980355806986,8.782652679798053,1.0509056472900933;8.401310070704824,11.991886299150524,1.2062214485731173;17.06132291164363,16.261464942281574,1.3345172871816686;17.339109943706937,6.311506988921403,2.300624148151509;14.590277332334818,8.335859238449064,1.6499407138788138;5.222352165170459,5.2246686833336335,1.2953675730785918;4.241324229439376,12.456110153327092,0.3647650457406896;6.334813280978457,3.731836136358651,2.315285015721719;3.96199220928336,15.075728766947645,0.9109831433466773;13.470667831163155,10.03843225270554,1.3979717289653883;16.36473653509302,8.086891939973933,1.0265631417602112;9.356408901119345,2.787804101659744,0.20891529902825748;2.095021869582651,17.079045109775457,0.6495937887270954"
29,drone_2,9.986,6.742,13.942,14.674,"7.143965878414324,18.52253351862183,0.8394107337496143;6.637422351629716,5.81892506984119,0.6003018776062884;0.36590554591665037,16.596997027271488,0.20777990884561767;16.70210735212728,10.387662511155286,2.4865164910063826;17.575883932032223,2.721593568127446,1.6479158532570475;1.2973598084027889,12.541582926626493,1.1930564938806265;5.325463640573792,3.699943652690364,0.9547411468291342;2.859297170747846,7.553503878133155,2.1925507706303717;10.533388546054491,10.175620803711702,0.4434834056225819;13.471363977912578,4.924285787991767,1.3272358809753264;3.1989281854844065,17.094804049625413,0.4405086223709195;3.721082089191997,8.881385548157215,0.35484045745388293;6.101545181256263,8.790137986408395,1.2639000034553933;14.737980355806986,8.782652679798053,1.0509056472900933;8.401310070704824,11.991886299150524,1.2062214485731173;17.06132291164363,16.261464942281574,1.3345172871816686;17.339109943706937,6.311506988921403,2.300624148151509;14.590277332334818,8.335859238449064,1.6499407138788138;5.222352165170459,5.2246686833336335,1.2953675730785918;4.241324229439376,12.456110153327092,0.3647650457406896;6.334813280978457,3.731836136358651,2.315285015721719;3.96199220928336,15.075728766947645,0.9109831433466773;13.470667831163155,10.03843225270554,1.3979717289653883;16.36473653509302,8.086891939973933,1.0265631417602112;9.356408901119345,2.787804101659744,0.20891529902825748;2.095021869582651,17.079045109775457,0.6495937887270954"
29,drone_3,11.790,7.976,13.942,14.674,"7.143965878414324,18.52253351862183,0.8394107337496143;6.637422351629716,5.81892506984119,0.6003018776062884;0.36590554591665037,16.596997027271488,0.20777990884561767;16.70210735212728,10.387662511155286,2.4865164910063826;17.575883932032223,2.721593568127446,1.6479158532570475;1.2973598084027889,12.541582926626493,1.1930564938806265;5.325463640573792,3.699943652690364,0.9547411468291342;2.859297170747846,7.553503878133155,2.1925507706303717;10.533388546054491,10.175620803711702,0.4434834056225819;13.471363977912578,4.924285787991767,1.3272358809753264;3.1989281854844065,17.094804049625413,0.4405086223709195;3.721082089191997,8.881385548157215,0.35484045745388293;6.101545181256263,8.790137986408395,1.2639000034553933;14.737980355806986,8.782652679798053,1.0509056472900933;8.401310070704824,11.991886299150524,1.2062214485731173;17.06132291164363,16.261464942281574,1.3345172871816686;17.339109943706937,6.311506988921403,2.300624148151509;14.590277332334818,8.335859238449064,1.6499407138788138;5.222352165170459,5.2246686833336335,1.2953675730785918;4.241324229439376,12.456110153327092,0.3647650457406896;6.334813280978457,3.731836136358651,2.315285015721719;3.96199220928336,15.075728766947645,0.9109831433466773;13.470667831163155,10.03843225270554,1.3979717289653883;16.36473653509302,8.086891939973933,1.0265631417602112;9.356408901119345,2.787804101659744,0.20891529902825748;2.095021869582651,17.079045109775457,0.6495937887270954"
29,drone_4,10.297,8.587,13.942,14.674,"7.143965878414324,18.52253351862183,0.8394107337496143;6.637422351629716,5.81892506984119,0.6003018776062884;0.36590554591665037,16.596997027271488,0.20777990884561767;16.70210735212728,10.387662511155286,2.4865164910063826;17.575883932032223,2.721593568127446,1.6479158532570475;1.2973598084027889,12.541582926626493,1.1930564938806265;5.325463640573792,3.699943652690364,0.9547411468291342;2.859297170747846,7.553503878133155,2.1925507706303717;10.533388546054491,10.175620803711702,0.4434834056225819;13.471363977912578,4.924285787991767,1.3272358809753264;3.1989281854844065,17.094804049625413,0.4405086223709195;3.721082089191997,8.881385548157215,0.35484045745388293;6.101545181256263,8.790137986408395,1.2639000034553933;14.737980355806986,8.782652679798053,1.0509056472900933;8.401310070704824,11.991886299150524,1.2062214485731173;17.06132291164363,16.261464942281574,1.3345172871816686;17.339109943706937,6.311506988921403,2.300624148151509;14.590277332334818,8.335859238449064,1.6499407138788138;5.222352165170459,5.2246686833336335,1.2953675730785918;4.241324229439376,12.456110153327092,0.3647650457406896;6.334813280978457,3.731836136358651,2.315285015721719;3.96199220928336,15.075728766947645,0.9109831433466773;13.470667831163155,10.03843225270554,1.3979717289653883;16.36473653509302,8.086891939973933,1.0265631417602112;9.356408901119345,2.787804101659744,0.20891529902825748;2.095021869582651,17.079045109775457,0.6495937887270954"
29,drone_6,11.772,8.999,13.942,14.674,"7.143965878414324,18.52253351862183,0.8394107337496143;6.637422351629716,5.81892506984119,0.6003018776062884;0.36590554591665037,16.596997027271488,0.20777990884561767;16.70210735212728,10.387662511155286,2.4865164910063826;17.575883932032223,2.721593568127446,1.6479158532570475;1.2973598084027889,12.541582926626493,1.1930564938806265;5.325463640573792,3.699943652690364,0.9547411468291342;2.859297170747846,7.553503878133155,2.1925507706303717;10.533388546054491,10.175620803711702,0.4434834056225819;13.471363977912578,4.924285787991767,1.3272358809753264;3.1989281854844065,17.094804049625413,0.4405086223709195;3.721082089191997,8.881385548157215,0.35484045745388293;6.101545181256263,8.790137986408395,1.2639000034553933;14.737980355806986,8.782652679798053,1.0509056472900933;8.401310070704824,11.991886299150524,1.2062214485731173;17.06132291164363,16.261464942281574,1.3345172871816686;17.339109943706937,6.311506988921403,2.300624148151509;14.590277332334818,8.335859238449064,1.6499407138788138;5.222352165170459,5.2246686833336335,1.2953675730785918;4.241324229439376,12.456110153327092,0.3647650457406896;6.334813280978457,3.731836136358651,2.315285015721719;3.96199220928336,15.075728766947645,0.9109831433466773;13.470667831163155,10.03843225270554,1.3979717289653883;16.36473653509302,8.086891939973933,1.0265631417602112;9.356408901119345,2.787804101659744,0.20891529902825748;2.095021869582651,17.079045109775457,0.6495937887270954"
29,drone_7,11.500,6.321,13.942,14.674,"7.143965878414324,18.52253351862183,0.8394107337496143;6.637422351629716,5.81892506984119,0.6003018776062884;0.36590554591665037,16.596997027271488,0.20777990884561767;16.70210735212728,10.387662511155286,2.4865164910063826;17.575883932032223,2.721593568127446,1.6479158532570475;1.2973598084027889,12.541582926626493,1.1930564938806265;5.325463640573792,3.699943652690364,0.9547411468291342;2.859297170747846,7.553503878133155,2.1925507706303717;10.533388546054491,10.175620803711702,0.4434834056225819;13.471363977912578,4.924285787991767,1.3272358809753264;3.1989281854844065,17.094804049625413,0.4405086223709195;3.721082089191997,8.881385548157215,0.35484045745388293;6.101545181256263,8.790137986408395,1.2639000034553933;14.737980355806986,8.782652679798053,1.0509056472900933;8.401310070704824,11.991886299150524,1.2062214485731173;17.06132291164363,16.261464942281574,1.3345172871816686;17.339109943706937,6.311506988921403,2.300624148151509;14.590277332334818,8.335859238449064,1.6499407138788138;5.222352165170459,5.2246686833336335,1.2953675730785918;4.241324229439376,12.456110153327092,0.3647650457406896;6.334813280978457,3.731836136358651,2.315285015721719;3.96199220928336,15.075728766947645,0.9109831433466773;13.470667831163155,10.03843225270554,1.3979717289653883;16.36473653509302,8.086891939973933,1.0265631417602112;9.356408901119345,2.787804101659744,0.20891529902825748;2.095021869582651,17.079045109775457,0.6495937887270954"
29,drone_8,10.716,7.157,13.942,14.674,"7.143965878414324,18.52253351862183,0.8394107337496143;6.637422351629716,5.81892506984119,0.6003018776062884;0.36590554591665037,16.596997027271488,0.20777990884561767;16.70210735212728,10.387662511155286,2.4865164910063826;17.575883932032223,2.721593568127446,1.6479158532570475;1.2973598084027889,12.541582926626493,1.1930564938806265;5.325463640573792,3.699943652690364,0.9547411468291342;2.859297170747846,7.553503878133155,2.1925507706303717;10.533388546054491,10.175620803711702,0.4434834056225819;13.471363977912578,4.924285787991767,1.3272358809753264;3.1989281854844065,17.094804049625413,0.4405086223709195;3.721082089191997,8.881385548157215,0.35484045745388293;6.101545181256263,8.790137986408395,1.2639000034553933;14.737980355806986,8.782652679798053,1.0509056472900933;8.401310070704824,11.991886299150524,1.2062214485731173;17.06132291164363,16.261464942281574,1.3345172871816686;17.339109943706937,6.311506988921403,2.300624148151509;14.590277332334818,8.335859238449064,1.6499407138788138;5.222352165170459,5.2246686833336335,1.2953675730785918;4.241324229439376,12.456110153327092,0.3647650457406896;6.334813280978457,3.731836136358651,2.315285015721719;3.96199220928336,15.075728766947645,0.9109831433466773;13.470667831163155,10.03843225270554,1.3979717289653883;16.36473653509302,8.086891939973933,1.0265631417602112;9.356408901119345,2.787804101659744,0.20891529902825748;2.095021869582651,17.079045109775457,0.6495937887270954"
29,drone_9,11.074,8.788,13.942,14.674,"7.143965878414324,18.52253351862183,0.8394107337496143;6.637422351629716,5.81892506984119,0.6003018776062884;0.36590554591665037,16.596997027271488,0.20777990884561767;16.70210735212728,10.387662511155286,2.4865164910063826;17.575883932032223,2.721593568127446,1.6479158532570475;1.2973598084027889,12.541582926626493,1.1930564938806265;5.325463640573792,3.699943652690364,0.9547411468291342;2.859297170747846,7.553503878133155,2.1925507706303717;10.533388546054491,10.175620803711702,0.4434834056225819;13.471363977912578,4.924285787991767,1.3272358809753264;3.1989281854844065,17.094804049625413,0.4405086223709195;3.721082089191997,8.881385548157215,0.35484045745388293;6.101545181256263,8.790137986408395,1.2639000034553933;14.737980355806986,8.782652679798053,1.0509056472900933;8.401310070704824,11.991886299150524,1.2062214485731173;17.06132291164363,16.261464942281574,1.3345172871816686;17.339109943706937,6.311506988921403,2.300624148151509;14.590277332334818,8.335859238449064,1.6499407138788138;5.222352165170459,5.2246686833336335,1.2953675730785918;4.241324229439376,12.456110153327092,0.3647650457406896;6.334813280978457,3.731836136358651,2.315285015721719;3.96199220928336,15.075728766947645,0.9109831433466773;13.470667831163155,10.03843225270554,1.3979717289653883;16.36473653509302,8.086891939973933,1.0265631417602112;9.356408901119345,2.787804101659744,0.20891529902825748;2.095021869582651,17.079045109775457,0.6495937887270954"
30,drone_1,12.002,7.070,13.942,14.674,"7.143965878414324,18.52253351862183,0.8394107337496143;6.637422351629716,5.81892506984119,0.6003018776062884;0.36590554591665037,16.596997027271488,0.20777990884561767;16.70210735212728,10.387662511155286,2.4865164910063826;17.575883932032223,2.721593568127446,1.6479158532570475;1.2973598084027889,12.541582926626493,1.1930564938806265;5.325463640573792,3.699943652690364,0.9547411468291342;2.859297170747846,7.553503878133155,2.1925507706303717;10.533388546054491,10.175620803711702,0.4434834056225819;13.471363977912578,4.924285787991767,1.3272358809753264;3.1989281854844065,17.094804049625413,0.4405086223709195;3.721082089191997,8.881385548157215,0.35484045745388293;6.101545181256263,8.790137986408395,1.2639000034553933;14.737980355806986,8.782652679798053,1.0509056472900933;8.401310070704824,11.991886299150524,1.2062214485731173;17.06132291164363,16.261464942281574,1.3345172871816686;17.339109943706937,6.311506988921403,2.300624148151509;14.590277332334818,8.335859238449064,1.6499407138788138;5.222352165170459,5.2246686833336335,1.2953675730785918;4.241324229439376,12.456110153327092,0.3647650457406896;6.334813280978457,3.731836136358651,2.315285015721719;3.96199220928336,15.075728766947645,0.9109831433466773;13.470667831163155,10.03843225270554,1.3979717289653883;16.36473653509302,8.086891939973933,1.0265631417602112;9.356408901119345,2.787804101659744,0.20891529902825748;2.095021869582651,17.079045109775457,0.6495937887270954"
30,drone_2,10.038,6.907,13.942,14.674,"7.143965878414324,18.52253351862183,0.8394107337496143;6.637422351629716,5.81892506984119,0.6003018776062884;0.36590554591665037,16.596997027271488,0.20777990884561767;16.70210735212728,10.387662511155286,2.4865164910063826;17.575883932032223,2.721593568127446,1.6479158532570475;1.2973598084027889,12.541582926626493,1.1930564938806265;5.325463640573792,3.699943652690364,0.9547411468291342;2.859297170747846,7.553503878133155,2.1925507706303717;10.533388546054491,10.175620803711702,0.4434834056225819;13.471363977912578,4.924285787991767,1.3272358809753264;3.1989281854844065,17.094804049625413,0.4405086223709195;3.721082089191997,8.881385548157215,0.35484045745388293;6.101545181256263,8.790137986408395,1.2639000034553933;14.737980355806986,8.782652679798053,1.0509056472900933;8.401310070704824,11.991886299150524,1.2062214485731173;17.06132291164363,16.261464942281574,1.3345172871816686;17.339109943706937,6.311506988921403,2.300624148151509;14.590277332334818,8.335859238449064,1.6499407138788138;5.222352165170459,5.2246686833336335,1.2953675730785918;4.241324229439376,12.456110153327092,0.3647650457406896;6.334813280978457,3.731836136358651,2.315285015721719;3.96199220928336,15.075728766947645,0.9109831433466773;13.470667831163155,10.03843225270554,1.3979717289653883;16.36473653509302,8.086891939973933,1.0265631417602112;9.356408901119345,2.787804101659744,0.20891529902825748;2.095021869582651,17.079045109775457,0.6495937887270954"
30,drone_3,11.908,8.102,13.942,14.674,"7.143965878414324,18.52253351862183,0.8394107337496143;6.637422351629716,5.81892506984119,0.6003018776062884;0.36590554591665037,16.596997027271488,0.20777990884561767;16.70210735212728,10.387662511155286,2.4865164910063826;17.575883932032223,2.721593568127446,1.6479158532570475;1.2973598084027889,12.541582926626493,1.1930564938806265;5.325463640573792,3.699943652690364,0.9547411468291342;2.859297170747846,7.553503878133155,2.1925507706303717;10.533388546054491,10.175620803711702,0.4434834056225819;13.471363977912578,4.924285787991767,1.3272358809753264;3.1989281854844065,17.094804049625413,0.4405086223709195;3.721082089191997,8.881385548157215,0.35484045745388293;6.101545181256263,8.790137986408395,1.2639000034553933;14.737980355806986,8.782652679798053,1.0509056472900933;8.401310070704824,11.991886299150524,1.2062214485731173;17.06132291164363,16.261464942281574,1.3345172871816686;17.339109943706937,6.311506988921403,2.300624148151509;14.590277332334818,8.335859238449064,1.6499407138788138;5.222352165170459,5.2246686833336335,1.2953675730785918;4.241324229439376,12.456110153327092,0.3647650457406896;6.334813280978457,3.731836136358651,2.315285015721719;3.96199220928336,15.075728766947645,0.9109831433466773;13.470667831163155,10.03843225270554,1.3979717289653883;16.36473653509302,8.086891939973933,1.0265631417602112;9.356408901119345,2.787804101659744,0.20891529902825748;2.095021869582651,17.079045109775457,0.6495937887270954"
30,drone_4,10.415,8.711,13.942,14.674,"7.143965878414324,18.52253351862183,0.8394107337496143;6.637422351629716,5.81892506984119,0.6003018776062884;0.36590554591665037,16.596997027271488,0.20777990884561767;16.70210735212728,10.387662511155286,2.4865164910063826;17.575883932032223,2.721593568127446,1.6479158532570475;1.2973598084027889,12.541582926626493,1.1930564938806265;5.325463640573792,3.699943652690364,0.9547411468291342;2.859297170747846,7.553503878133155,2.1925507706303717;10.533388546054491,10.175620803711702,0.4434834056225819;13.471363977912578,4.924285787991767,1.3272358809753264;3.1989281854844065,17.094804049625413,0.4405086223709195;3.721082089191997,8.881385548157215,0.35484045745388293;6.101545181256263,8.790137986408395,1.2639000034553933;14.737980355806986,8.782652679798053,1.0509056472900933;8.401310070704824,11.991886299150524,1.2062214485731173;17.06132291164363,16.261464942281574,1.3345172871816686;17.339109943706937,6.311506988921403,2.300624148151509;14.590277332334818,8.335859238449064,1.6499407138788138;5.222352165170459,5.2246686833336335,1.2953675730785918;4.241324229439376,12.456110153327092,0.3647650457406896;6.334813280978457,3.731836136358651,2.315285015721719;3.96199220928336,15.075728766947645,0.9109831433466773;13.470667831163155,10.03843225270554,1.3979717289653883;16.36473653509302,8.086891939973933,1.0265631417602112;9.356408901119345,2.787804101659744,0.20891529902825748;2.095021869582651,17.079045109775457,0.6495937887270954"
30,drone_6,11.735,9.143,13.942,14.674,"7.143965878414324,18.52253351862183,0.8394107337496143;6.637422351629716,5.81892506984119,0.6003018776062884;0.36590554591665037,16.596997027271488,0.20777990884561767;16.70210735212728,10.387662511155286,2.4865164910063826;17.575883932032223,2.721593568127446,1.6479158532570475;1.2973598084027889,12.541582926626493,1.1930564938806265;5.325463640573792,3.699943652690364,0.9547411468291342;2.859297170747846,7.553503878133155,2.1925507706303717;10.533388546054491,10.175620803711702,0.4434834056225819;13.471363977912578,4.924285787991767,1.3272358809753264;3.1989281854844065,17.094804049625413,0.4405086223709195;3.721082089191997,8.881385548157215,0.35484045745388293;6.101545181256263,8.790137986408395,1.2639000034553933;14.737980355806986,8.782652679798053,1.0509056472900933;8.401310070704824,11.991886299150524,1.2062214485731173;17.06132291164363,16.261464942281574,1.3345172871816686;17.339109943706937,6.311506988921403,2.300624148151509;14.590277332334818,8.335859238449064,1.6499407138788138;5.222352165170459,5.2246686833336335,1.2953675730785918;4.241324229439376,12.456110153327092,0.3647650457406896;6.334813280978457,3.731836136358651,2.315285015721719;3.96199220928336,15.075728766947645,0.9109831433466773;13.470667831163155,10.03843225270554,1.3979717289653883;16.36473653509302,8.086891939973933,1.0265631417602112;9.356408901119345,2.787804101659744,0.20891529902825748;2.095021869582651,17.079045109775457,0.6495937887270954"
30,drone_7,11.490,6.493,13.942,14.674,"7.143965878414324,18.52253351862183,0.8394107337496143;6.637422351629716,5.81892506984119,0.6003018776062884;0.36590554591665037,16.596997027271488,0.20777990884561767;16.70210735212728,10.387662511155286,2.4865164910063826;17.575883932032223,2.721593568127446,1.6479158532570475;1.2973598084027889,12.541582926626493,1.1930564938806265;5.325463640573792,3.699943652690364,0.9547411468291342;2.859297170747846,7.553503878133155,2.1925507706303717;10.533388546054491,10.175620803711702,0.4434834056225819;13.471363977912578,4.924285787991767,1.3272358809753264;3.1989281854844065,17.094804049625413,0.4405086223709195;3.721082089191997,8.881385548157215,0.35484045745388293;6.101545181256263,8.790137986408395,1.2639000034553933;14.737980355806986,8.782652679798053,1.0509056472900933;8.401310070704824,11.991886299150524,1.2062214485731173;17.06132291164363,16.261464942281574,1.3345172871816686;17.339109943706937,6.311506988921403,2.300624148151509;14.590277332334818,8.335859238449064,1.6499407138788138;5.222352165170459,5.2246686833336335,1.2953675730785918;4.241324229439376,12.456110153327092,0.3647650457406896;6.334813280978457,3.731836136358651,2.315285015721719;3.96199220928336,15.075728766947645,0.9109831433466773;13.470667831163155,10.03843225270554,1.3979717289653883;16.36473653509302,8.086891939973933,1.0265631417602112;9.356408901119345,2.787804101659744,0.20891529902825748;2.095021869582651,17.079045109775457,0.6495937887270954"
30,drone_8,10.768,7.321,13.942,14.674,"7.143965878414324,18.52253351862183,0.8394107337496143;6.637422351629716,5.81892506984119,0.6003018776062884;0.36590554591665037,16.596997027271488,0.20777990884561767;16.70210735212728,10.387662511155286,2.4865164910063826;17.575883932032223,2.721593568127446,1.6479158532570475;1.2973598084027889,12.541582926626493,1.1930564938806265;5.325463640573792,3.699943652690364,0.9547411468291342;2.859297170747846,7.553503878133155,2.1925507706303717;10.533388546054491,10.175620803711702,0.4434834056225819;13.471363977912578,4.924285787991767,1.3272358809753264;3.1989281854844065,17.094804049625413,0.4405086223709195;3.721082089191997,8.881385548157215,0.35484045745388293;6.101545181256263,8.790137986408395,1.2639000034553933;14.737980355806986,8.782652679798053,1.0509056472900933;8.401310070704824,11.991886299150524,1.2062214485731173;17.06132291164363,16.261464942281574,1.3345172871816686;17.339109943706937,6.311506988921403,2.300624148151509;14.590277332334818,8.335859238449064,1.6499407138788138;5.222352165170459,5.2246686833336335,1.2953675730785918;4.241324229439376,12.456110153327092,0.3647650457406896;6.334813280978457,3.731836136358651,2.315285015721719;3.96199220928336,15.075728766947645,0.9109831433466773;13.470667831163155,10.03843225270554,1.3979717289653883;16.36473653509302,8.086891939973933,1.0265631417602112;9.356408901119345,2.787804101659744,0.20891529902825748;2.095021869582651,17.079045109775457,0.6495937887270954"
30,drone_9,11.059,8.935,13.942,14.674,"7.143965878414324,18.52253351862183,0.8394107337496143;6.637422351629716,5.81892506984119,0.6003018776062884;0.36590554591665037,16.596997027271488,0.20777990884561767;16.70210735212728,10.387662511155286,2.4865164910063826;17.575883932032223,2.721593568127446,1.6479158532570475;1.2973598084027889,12.541582926626493,1.1930564938806265;5.325463640573792,3.699943652690364,0.9547411468291342;2.859297170747846,7.553503878133155,2.1925507706303717;10.533388546054491,10.175620803711702,0.4434834056225819;13.471363977912578,4.924285787991767,1.3272358809753264;3.1989281854844065,17.094804049625413,0.4405086223709195;3.721082089191997,8.881385548157215,0.35484045745388293;6.101545181256263,8.790137986408395,1.2639000034553933;14.737980355806986,8.782652679798053,1.0509056472900933;8.401310070704824,11.991886299150524,1.2062214485731173;17.06132291164363,16.261464942281574,1.3345172871816686;17.339109943706937,6.311506988921403,2.300624148151509;14.590277332334818,8.335859238449064,1.6499407138788138;5.222352165170459,5.2246686833336335,1.2953675730785918;4.241324229439376,12.456110153327092,0.3647650457406896;6.334813280978457,3.731836136358651,2.315285015721719;3.96199220928336,15.075728766947645,0.9109831433466773;13.470667831163155,10.03843225270554,1.3979717289653883;16.36473653509302,8.086891939973933,1.0265631417602112;9.356408901119345,2.787804101659744,0.20891529902825748;2.095021869582651,17.079045109775457,0.6495937887270954"
31,drone_1,12.121,7.195,13.942,14.674,"7.143965878414324,18.52253351862183,0.8394107337496143;6.637422351629716,5.81892506984119,0.6003018776062884;0.36590554591665037,16.596997027271488,0.20777990884561767;16.70210735212728,10.387662511155286,2.4865164910063826;17.575883932032223,2.721593568127446,1.6479158532570475;1.2973598084027889,12.541582926626493,1.1930564938806265;5.325463640573792,3.699943652690364,0.9547411468291342;2.859297170747846,7.553503878133155,2.1925507706303717;10.533388546054491,10.175620803711702,0.4434834056225819;13.471363977912578,4.924285787991767,1.3272358809753264;3.1989281854844065,17.094804049625413,0.4405086223709195;3.721082089191997,8.881385548157215,0.35484045745388293;6.101545181256263,8.790137986408395,1.2639000034553933;14.737980355806986,8.782652679798053,1.0509056472900933;8.401310070704824,11.991886299150524,1.2062214485731173;17.06132291164363,16.261464942281574,1.3345172871816686;17.339109943706937,6.311506988921403,2.300624148151509;14.590277332334818,8.335859238449064,1.6499407138788138;5.222352165170459,5.2246686833336335,1.2953675730785918;4.241324229439376,12.456110153327092,0.3647650457406896;6.334813280978457,3.731836136358651,2.315285015721719;3.96199220928336,15.075728766947645,0.9109831433466773;13.470667831163155,10.03843225270554,1.3979717289653883;16.36473653509302,8.086891939973933,1.0265631417602112;9.356408901119345,2.787804101659744,0.20891529902825748;2.095021869582651,17.079045109775457,0.6495937887270954"
31,drone_2,10.007,7.076,13.942,14.674,"7.143965878414324,18.52253351862183,0.8394107337496143;6.637422351629716,5.81892506984119,0.6003018776062884;0.36590554591665037,16.596997027271488,0.20777990884561767;16.70210735212728,10.387662511155286,2.4865164910063826;17.575883932032223,2.721593568127446,1.6479158532570475;1.2973598084027889,12.541582926626493,1.1930564938806265;5.325463640573792,3.699943652690364,0.9547411468291342;2.859297170747846,7.553503878133155,2.1925507706303717;10.533388546054491,10.175620803711702,0.4434834056225819;13.471363977912578,4.924285787991767,1.3272358809753264;3.1989281854844065,17.094804049625413,0.4405086223709195;3.721082089191997,8.881385548157215,0.35484045745388293;6.101545181256263,8.790137986408395,1.2639000034553933;14.737980355806986,8.782652679798053,1.0509056472900933;8.401310070704824,11.991886299150524,1.2062214485731173;17.06132291164363,16.261464942281574,1.3345172871816686;17.339109943706937,6.311506988921403,2.300624148151509;14.590277332334818,8.335859238449064,1.6499407138788138;5.222352165170459,5.2246686833336335,1.2953675730785918;4.241324229439376,12.456110153327092,0.3647650457406896;6.334813280978457,3.731836136358651,2.315285015721719;3.96199220928336,15.075728766947645,0.9109831433466773;13.470667831163155,10.03843225270554,1.3979717289653883;16.36473653509302,8.086891939973933,1.0265631417602112;9.356408901119345,2.787804101659744,0.20891529902825748;2.095021869582651,17.079045109775457,0.6495937887270954"
31,drone_3,12.027,8.226,13.942,14.674,"7.143965878414324,18.52253351862183,0.8394107337496143;6.637422351629716,5.81892506984119,0.6003018776062884;0.36590554591665037,16.596997027271488,0.20777990884561767;16.70210735212728,10.387662511155286,2.4865164910063826;17.575883932032223,2.721593568127446,1.6479158532570475;1.2973598084027889,12.541582926626493,1.1930564938806265;5.325463640573792,3.699943652690364,0.9547411468291342;2.859297170747846,7.553503878133155,2.1925507706303717;10.533388546054491,10.175620803711702,0.4434834056225819;13.471363977912578,4.924285787991767,1.3272358809753264;3.1989281854844065,17.094804049625413,0.4405086223709195;3.721082089191997,8.881385548157215,0.35484045745388293;6.101545181256263,8.790137986408395,1.2639000034553933;14.737980355806986,8.782652679798053,1.0509056472900933;8.401310070704824,11.991886299150524,1.2062214485731173;17.06132291164363,16.261464942281574,1.3345172871816686;17.339109943706937,6.311506988921403,2.300624148151509;14.590277332334818,8.335859238449064,1.6499407138788138;5.222352165170459,5.2246686833336335,1.2953675730785918;4.241324229439376,12.456110153327092,0.3647650457406896;6.334813280978457,3.731836136358651,2.315285015721719;3.96199220928336,15.075728766947645,0.9109831433466773;13.470667831163155,10.03843225270554,1.3979717289653883;16.36473653509302,8.086891939973933,1.0265631417602112;9.356408901119345,2.787804101659744,0.20891529902825748;2.095021869582651,17.079045109775457,0.6495937887270954"
31,drone_4,10.536,8.835,13.942,14.674,"7.143965878414324,18.52253351862183,0.8394107337496143;6.637422351629716,5.81892506984119,0.6003018776062884;0.36590554591665037,16.596997027271488,0.20777990884561767;16.70210735212728,10.387662511155286,2.4865164910063826;17.575883932032223,2.721593568127446,1.6479158532570475;1.2973598084027889,12.541582926626493,1.1930564938806265;5.325463640573792,3.699943652690364,0.9547411468291342;2.859297170747846,7.553503878133155,2.1925507706303717;10.533388546054491,10.175620803711702,0.4434834056225819;13.471363977912578,4.924285787991767,1.3272358809753264;3.1989281854844065,17.094804049625413,0.4405086223709195;3.721082089191997,8.881385548157215,0.35484045745388293;6.101545181256263,8.790137986408395,1.2639000034553933;14.737980355806986,8.782652679798053,1.0509056472900933;8.401310070704824,11.991886299150524,1.2062214485731173;17.06132291164363,16.261464942281574,1.3345172871816686;17.339109943706937,6.311506988921403,2.300624148151509;14.590277332334818,8.335859238449064,1.6499407138788138;5.222352165170459,5.2246686833336335,1.2953675730785918;4.241324229439376,12.456110153327092,0.3647650457406896;6.334813280978457,3.731836136358651,2.315285015721719;3.96199220928336,15.075728766947645,0.9109831433466773;13.470667831163155,10.03843225270554,1.3979717289653883;16.36473653509302,8.086891939973933,1.0265631417602112;9.356408901119345,2.787804101659744,0.20891529902825748;2.095021869582651,17.079045109775457,0.6495937887270954"
31,drone_6,11.772,9.286,13.942,14.674,"7.143965878414324,18.52253351862183,0.8394107337496143;6.637422351629716,5.81892506984119,0.6003018776062884;0.36590554591665037,16.596997027271488,0.20777990884561767;16.70210735212728,10.387662511155286,2.4865164910063826;17.575883932032223,2.721593568127446,1.6479158532570475;1.2973598084027889,12.541582926626493,1.1930564938806265;5.325463640573792,3.699943652690364,0.9547411468291342;2.859297170747846,7.553503878133155,2.1925507706303717;10.533388546054491,10.175620803711702,0.4434834056225819;13.471363977912578,4.924285787991767,1.3272358809753264;3.1989281854844065,17.094804049625413,0.4405086223709195;3.721082089191997,8.881385548157215,0.35484045745388293;6.101545181256263,8.790137986408395,1.2639000034553933;14.737980355806986,8.782652679798053,1.0509056472900933;8.401310070704824,11.991886299150524,1.2062214485731173;17.06132291164363,16.261464942281574,1.3345172871816686;17.339109943706937,6.311506988921403,2.300624148151509;14.590277332334818,8.335859238449064,1.6499407138788138;5.222352165170459,5.2246686833336335,1.2953675730785918;4.241324229439376,12.456110153327092,0.3647650457406896;6.334813280978457,3.731836136358651,2.315285015721719;3.96199220928336,15.075728766947645,0.9109831433466773;13.470667831163155,10.03843225270554,1.3979717289653883;16.36473653509302,8.086891939973933,1.0265631417602112;9.356408901119345,2.787804101659744,0.20891529902825748;2.095021869582651,17.079045109775457,0.6495937887270954"
31,drone_7,11.545,6.657,13.942,14.674,"7.143965878414324,18.52253351862183,0.8394107337496143;6.637422351629716,5.81892506984119,0.6003018776062884;0.36590554591665037,16.596997027271488,0.20777990884561767;16.70210735212728,10.387662511155286,2.4865164910063826;17.575883932032223,2.721593568127446,1.6479158532570475;1.2973598084027889,12.541582926626493,1.1930564938806265;5.325463640573792,3.699943652690364,0.9547411468291342;2.859297170747846,7.553503878133155,2.1925507706303717;10.533388546054491,10.175620803711702,0.4434834056225819;13.471363977912578,4.924285787991767,1.3272358809753264;3.1989281854844065,17.094804049625413,0.4405086223709195;3.721082089191997,8.881385548157215,0.35484045745388293;6.101545181256263,8.790137986408395,1.2639000034553933;14.737980355806986,8.782652679798053,1.0509056472900933;8.401310070704824,11.991886299150524,1.2062214485731173;17.06132291164363,16.261464942281574,1.3345172871816686;17.339109943706937,6.311506988921403,2.300624148151509;14.590277332334818,8.335859238449064,1.6499407138788138;5.222352165170459,5.2246686833336335,1.2953675730785918;4.241324229439376,12.456110153327092,0.3647650457406896;6.334813280978457,3.731836136358651,2.315285015721719;3.96199220928336,15.075728766947645,0.9109831433466773;13.470667831163155,10.03843225270554,1.3979717289653883;16.36473653509302,8.086891939973933,1.0265631417602112;9.356408901119345,2.787804101659744,0.20891529902825748;2.095021869582651,17.079045109775457,0.6495937887270954"
31,drone_8,10.854,7.470,13.942,14.674,"7.143965878414324,18.52253351862183,0.8394107337496143;6.637422351629716,5.81892506984119,0.6003018776062884;0.36590554591665037,16.596997027271488,0.20777990884561767;16.70210735212728,10.387662511155286,2.4865164910063826;17.575883932032223,2.721593568127446,1.6479158532570475;1.2973598084027889,12.541582926626493,1.1930564938806265;5.325463640573792,3.699943652690364,0.9547411468291342;2.859297170747846,7.553503878133155,2.1925507706303717;10.533388546054491,10.175620803711702,0.4434834056225819;13.471363977912578,4.924285787991767,1.3272358809753264;3.1989281854844065,17.094804049625413,0.4405086223709195;3.721082089191997,8.881385548157215,0.35484045745388293;6.101545181256263,8.790137986408395,1.2639000034553933;14.737980355806986,8.782652679798053,1.0509056472900933;8.401310070704824,11.991886299150524,1.2062214485731173;17.06132291164363,16.261464942281574,1.3345172871816686;17.339109943706937,6.311506988921403,2.300624148151509;14.590277332334818,8.335859238449064,1.6499407138788138;5.222352165170459,5.2246686833336335,1.2953675730785918;4.241324229439376,12.456110153327092,0.3647650457406896;6.334813280978457,3.731836136358651,2.315285015721719;3.96199220928336,15.075728766947645,0.9109831433466773;13.470667831163155,10.03843225270554,1.3979717289653883;16.36473653509302,8.086891939973933,1.0265631417602112;9.356408901119345,2.787804101659744,0.20891529902825748;2.095021869582651,17.079045109775457,0.6495937887270954"
31,drone_9,11.108,9.075,13.942,14.674,"7.143965878414324,18.52253351862183,0.8394107337496143;6.637422351629716,5.81892506984119,0.6003018776062884;0.36590554591665037,16.596997027271488,0.20777990884561767;16.70210735212728,10.387662511155286,2.4865164910063826;17.575883932032223,2.721593568127446,1.6479158532570475;1.2973598084027889,12.541582926626493,1.1930564938806265;5.325463640573792,3.699943652690364,0.9547411468291342;2.859297170747846,7.553503878133155,2.1925507706303717;10.533388546054491,10.175620803711702,0.4434834056225819;13.471363977912578,4.924285787991767,1.3272358809753264;3.1989281854844065,17.094804049625413,0.4405086223709195;3.721082089191997,8.881385548157215,0.35484045745388293;6.101545181256263,8.790137986408395,1.2639000034553933;14.737980355806986,8.782652679798053,1.0509056472900933;8.401310070704824,11.991886299150524,1.2062214485731173;17.06132291164363,16.261464942281574,1.3345172871816686;17.339109943706937,6.311506988921403,2.300624148151509;14.590277332334818,8.335859238449064,1.6499407138788138;5.222352165170459,5.2246686833336335,1.2953675730785918;4.241324229439376,12.456110153327092,0.3647650457406896;6.334813280978457,3.731836136358651,2.315285015721719;3.96199220928336,15.075728766947645,0.9109831433466773;13.470667831163155,10.03843225270554,1.3979717289653883;16.36473653509302,8.086891939973933,1.0265631417602112;9.356408901119345,2.787804101659744,0.20891529902825748;2.095021869582651,17.079045109775457,0.6495937887270954"
32,drone_1,12.241,7.318,13.942,14.674,"7.143965878414324,18.52253351862183,0.8394107337496143;6.637422351629716,5.81892506984119,0.6003018776062884;0.36590554591665037,16.596997027271488,0.20777990884561767;16.70210735212728,10.387662511155286,2.4865164910063826;17.575883932032223,2.721593568127446,1.6479158532570475;1.2973598084027889,12.541582926626493,1.1930564938806265;5.325463640573792,3.699943652690364,0.9547411468291342;2.859297170747846,7.553503878133155,2.1925507706303717;10.533388546054491,10.175620803711702,0.4434834056225819;13.471363977912578,4.924285787991767,1.3272358809753264;3.1989281854844065,17.094804049625413,0.4405086223709195;3.721082089191997,8.881385548157215,0.35484045745388293;6.101545181256263,8.790137986408395,1.2639000034553933;14.737980355806986,8.782652679798053,1.0509056472900933;8.401310070704824,11.991886299150524,1.2062214485731173;17.06132291164363,16.261464942281574,1.3345172871816686;17.339109943706937,6.311506988921403,2.300624148151509;14.590277332334818,8.335859238449064,1.6499407138788138;5.222352165170459,5.2246686833336335,1.2953675730785918;4.241324229439376,12.456110153327092,0.3647650457406896;6.334813280978457,3.731836136358651,2.315285015721719;3.96199220928336,15.075728766947645,0.9109831433466773;13.470667831163155,10.03843225270554,1.3979717289653883;16.36473653509302,8.086891939973933,1.0265631417602112;9.356408901119345,2.787804101659744,0.20891529902825748;2.095021869582651,17.079045109775457,0.6495937887270954"
32,drone_2,10.049,7.243,13.942,14.674,"7.143965878414324,18.52253351862183,0.8394107337496143;6.637422351629716,5.81892506984119,0.6003018776062884;0.36590554591665037,16.596997027271488,0.20777990884561767;16.70210735212728,10.387662511155286,2.4865164910063826;17.575883932032223,2.721593568127446,1.6479158532570475;1.2973598084027889,12.541582926626493,1.1930564938806265;5.325463640573792,3.699943652690364,0.9547411468291342;2.859297170747846,7.553503878133155,2.1925507706303717;10.533388546054491,10.175620803711702,0.4434834056225819;13.471363977912578,4.924285787991767,1.3272358809753264;3.1989281854844065,17.094804049625413,0.4405086223709195;3.721082089191997,8.881385548157215,0.35484045745388293;6.101545181256263,8.790137986408395,1.2639000034553933;14.737980355806986,8.782652679798053,1.0509056472900933;8.401310070704824,11.991886299150524,1.2062214485731173;17.06132291164363,16.261464942281574,1.3345172871816686;17.339109943706937,6.311506988921403,2.300624148151509;14.590277332334818,8.335859238449064,1.6499407138788138;5.222352165170459,5.2246686833336335,1.2953675730785918;4.241324229439376,12.456110153327092,0.3647650457406896;6.334813280978457,3.731836136358651,2.315285015721719;3.96199220928336,15.075728766947645,0.9109831433466773;13.470667831163155,10.03843225270554,1.3979717289653883;16.36473653509302,8.086891939973933,1.0265631417602112;9.356408901119345,2.787804101659744,0.20891529902825748;2.095021869582651,17.079045109775457,0.6495937887270954"
32,drone_3,12.148,8.349,13.942,14.674,"7.143965878414324,18.52253351862183,0.8394107337496143;6.637422351629716,5.81892506984119,0.6003018776062884;0.36590554591665037,16.596997027271488,0.20777990884561767;16.70210735212728,10.387662511155286,2.4865164910063826;17.575883932032223,2.721593568127446,1.6479158532570475;1.2973598084027889,12.541582926626493,1.1930564938806265;5.325463640573792,3.699943652690364,0.9547411468291342;2.859297170747846,7.553503878133155,2.1925507706303717;10.533388546054491,10.175620803711702,0.4434834056225819;13.471363977912578,4.924285787991767,1.3272358809753264;3.1989281854844065,17.094804049625413,0.4405086223709195;3.721082089191997,8.881385548157215,0.35484045745388293;6.101545181256263,8.790137986408395,1.2639000034553933;14.737980355806986,8.782652679798053,1.0509056472900933;8.401310070704824,11.991886299150524,1.2062214485731173;17.06132291164363,16.261464942281574,1.3345172871816686;17.339109943706937,6.311506988921403,2.300624148151509;14.590277332334818,8.335859238449064,1.6499407138788138;5.222352165170459,5.2246686833336335,1.2953675730785918;4.241324229439376,12.456110153327092,0.3647650457406896;6.334813280978457,3.731836136358651,2.315285015721719;3.96199220928336,15.075728766947645,0.9109831433466773;13.470667831163155,10.03843225270554,1.3979717289653883;16.36473653509302,8.086891939973933,1.0265631417602112;9.356408901119345,2.787804101659744,0.20891529902825748;2.095021869582651,17.079045109775457,0.6495937887270954"
32,drone_4,10.551,9.006,13.942,14.674,"7.143965878414324,18.52253351862183,0.8394107337496143;6.637422351629716,5.81892506984119,0.6003018776062884;0.36590554591665037,16.596997027271488,0.20777990884561767;16.70210735212728,10.387662511155286,2.4865164910063826;17.575883932032223,2.721593568127446,1.6479158532570475;1.2973598084027889,12.541582926626493,1.1930564938806265;5.325463640573792,3.699943652690364,0.9547411468291342;2.859297170747846,7.553503878133155,2.1925507706303717;10.533388546054491,10.175620803711702,0.4434834056225819;13.471363977912578,4.924285787991767,1.3272358809753264;3.1989281854844065,17.094804049625413,0.4405086223709195;3.721082089191997,8.881385548157215,0.35484045745388293;6.101545181256263,8.790137986408395,1.2639000034553933;14.737980355806986,8.782652679798053,1.0509056472900933;8.401310070704824,11.991886299150524,1.2062214485731173;17.06132291164363,16.261464942281574,1.3345172871816686;17.339109943706937,6.311506988921403,2.300624148151509;14.590277332334818,8.335859238449064,1.6499407138788138;5.222352165170459,5.2246686833336335,1.2953675730785918;4.241324229439376,12.456110153327092,0.3647650457406896;6.334813280978457,3.731836136358651,2.315285015721719;3.96199220928336,15.075728766947645,0.9109831433466773;13.470667831163155,10.03843225270554,1.3979717289653883;16.36473653509302,8.086891939973933,1.0265631417602112;9.356408901119345,2.787804101659744,0.20891529902825748;2.095021869582651,17.079045109775457,0.6495937887270954"
32,drone_6,11.729,9.453,13.942,14.674,"7.143965878414324,18.52253351862183,0.8394107337496143;6.637422351629716,5.81892506984119,0.6003018776062884;0.36590554591665037,16.596997027271488,0.20777990884561767;16.70210735212728,10.387662511155286,2.4865164910063826;17.575883932032223,2.721593568127446,1.6479158532570475;1.2973598084027889,12.541582926626493,1.1930564938806265;5.325463640573792,3.699943652690364,0.9547411468291342;2.859297170747846,7.553503878133155,2.1925507706303717;10.533388546054491,10.175620803711702,0.4434834056225819;13.471363977912578,4.924285787991767,1.3272358809753264;3.1989281854844065,17.094804049625413,0.4405086223709195;3.721082089191997,8.881385548157215,0.35484045745388293;6.101545181256263,8.790137986408395,1.2639000034553933;14.737980355806986,8.782652679798053,1.0509056472900933;8.401310070704824,11.991886299150524,1.2062214485731173;17.06132291164363,16.261464942281574,1.3345172871816686;17.339109943706937,6.311506988921403,2.300624148151509;14.590277332334818,8.335859238449064,1.6499407138788138;5.222352165170459,5.2246686833336335,1.2953675730785918;4.241324229439376,12.456110153327092,0.3647650457406896;6.334813280978457,3.731836136358651,2.315285015721719;3.96199220928336,15.075728766947645,0.9109831433466773;13.470667831163155,10.03843225270554,1.3979717289653883;16.36473653509302,8.086891939973933,1.0265631417602112;9.356408901119345,2.787804101659744,0.20891529902825748;2.095021869582651,17.079045109775457,0.6495937887270954"
32,drone_7,11.632,6.805,13.942,14.674,"7.143965878414324,18.52253351862183,0.8394107337496143;6.637422351629716,5.81892506984119,0.6003018776062884;0.36590554591665037,16.596997027271488,0.20777990884561767;16.70210735212728,10.387662511155286,2.4865164910063826;17.575883932032223,2.721593568127446,1.6479158532570475;1.2973598084027889,12.541582926626493,1.1930564938806265;5.325463640573792,3.699943652690364,0.9547411468291342;2.859297170747846,7.553503878133155,2.1925507706303717;10.533388546054491,10.175620803711702,0.4434834056225819;13.471363977912578,4.924285787991767,1.3272358809753264;3.1989281854844065,17.094804049625413,0.4405086223709195;3.721082089191997,8.881385548157215,0.35484045745388293;6.101545181256263,8.790137986408395,1.2639000034553933;14.737980355806986,8.782652679798053,1.0509056472900933;8.401310070704824,11.991886299150524,1.2062214485731173;17.06132291164363,16.261464942281574,1.3345172871816686;17.339109943706937,6.311506988921403,2.300624148151509;14.590277332334818,8.335859238449064,1.6499407138788138;5.222352165170459,5.2246686833336335,1.2953675730785918;4.241324229439376,12.456110153327092,0.3647650457406896;6.334813280978457,3.731836136358651,2.315285015721719;3.96199220928336,15.075728766947645,0.9109831433466773;13.470667831163155,10.03843225270554,1.3979717289653883;16.36473653509302,8.086891939973933,1.0265631417602112;9.356408901119345,2.787804101659744,0.20891529902825748;2.095021869582651,17.079045109775457,0.6495937887270954"
32,drone_8,10.958,7.608,13.942,14.674,"7.143965878414324,18.52253351862183,0.8394107337496143;6.637422351629716,5.81892506984119,0.6003018776062884;0.36590554591665037,16.596997027271488,0.20777990884561767;16.70210735212728,10.387662511155286,2.4865164910063826;17.575883932032223,2.721593568127446,1.6479158532570475;1.2973598084027889,12.541582926626493,1.1930564938806265;5.325463640573792,3.699943652690364,0.9547411468291342;2.859297170747846,7.553503878133155,2.1925507706303717;10.533388546054491,10.175620803711702,0.4434834056225819;13.471363977912578,4.924285787991767,1.3272358809753264;3.1989281854844065,17.094804049625413,0.4405086223709195;3.721082089191997,8.881385548157215,0.35484045745388293;6.101545181256263,8.790137986408395,1.2639000034553933;14.737980355806986,8.782652679798053,1.0509056472900933;8.401310070704824,11.991886299150524,1.2062214485731173;17.06132291164363,16.261464942281574,1.3345172871816686;17.339109943706937,6.311506988921403,2.300624148151509;14.590277332334818,8.335859238449064,1.6499407138788138;5.222352165170459,5.2246686833336335,1.2953675730785918;4.241324229439376,12.456110153327092,0.3647650457406896;6.334813280978457,3.731836136358651,2.315285015721719;3.96199220928336,15.075728766947645,0.9109831433466773;13.470667831163155,10.03843225270554,1.3979717289653883;16.36473653509302,8.086891939973933,1.0265631417602112;9.356408901119345,2.787804101659744,0.20891529902825748;2.095021869582651,17.079045109775457,0.6495937887270954"
32,drone_9,11.169,9.211,13.942,14.674,"7.143965878414324,18.52253351862183,0.8394107337496143;6.637422351629716,5.81892506984119,0.6003018776062884;0.36590554591665037,16.596997027271488,0.20777990884561767;16.70210735212728,10.387662511155286,2.4865164910063826;17.575883932032223,2.721593568127446,1.6479158532570475;1.2973598084027889,12.541582926626493,1.1930564938806265;5.325463640573792,3.699943652690364,0.9547411468291342;2.859297170747846,7.553503878133155,2.1925507706303717;10.533388546054491,10.175620803711702,0.4434834056225819;13.471363977912578,4.924285787991767,1.3272358809753264;3.1989281854844065,17.094804049625413,0.4405086223709195;3.721082089191997,8.881385548157215,0.35484045745388293;6.101545181256263,8.790137986408395,1.2639000034553933;14.737980355806986,8.782652679798053,1.0509056472900933;8.401310070704824,11.991886299150524,1.2062214485731173;17.06132291164363,16.261464942281574,1.3345172871816686;17.339109943706937,6.311506988921403,2.300624148151509;14.590277332334818,8.335859238449064,1.6499407138788138;5.222352165170459,5.2246686833336335,1.2953675730785918;4.241324229439376,12.456110153327092,0.3647650457406896;6.334813280978457,3.731836136358651,2.315285015721719;3.96199220928336,15.075728766947645,0.9109831433466773;13.470667831163155,10.03843225270554,1.3979717289653883;16.36473653509302,8.086891939973933,1.0265631417602112;9.356408901119345,2.787804101659744,0.20891529902825748;2.095021869582651,17.079045109775457,0.6495937887270954"
33,drone_1,12.256,7.490,13.942,14.674,"7.143965878414324,18.52253351862183,0.8394107337496143;6.637422351629716,5.81892506984119,0.6003018776062884;0.36590554591665037,16.596997027271488,0.20777990884561767;16.70210735212728,10.387662511155286,2.4865164910063826;17.575883932032223,2.721593568127446,1.6479158532570475;1.2973598084027889,12.541582926626493,1.1930564938806265;5.325463640573792,3.699943652690364,0.9547411468291342;2.859297170747846,7.553503878133155,2.1925507706303717;10.533388546054491,10.175620803711702,0.4434834056225819;13.471363977912578,4.924285787991767,1.3272358809753264;3.1989281854844065,17.094804049625413,0.4405086223709195;3.721082089191997,8.881385548157215,0.35484045745388293;6.101545181256263,8.790137986408395,1.2639000034553933;14.737980355806986,8.782652679798053,1.0509056472900933;8.401310070704824,11.991886299150524,1.2062214485731173;17.06132291164363,16.261464942281574,1.3345172871816686;17.339109943706937,6.311506988921403,2.300624148151509;14.590277332334818,8.335859238449064,1.6499407138788138;5.222352165170459,5.2246686833336335,1.2953675730785918;4.241324229439376,12.456110153327092,0.3647650457406896;6.334813280978457,3.731836136358651,2.315285015721719;3.96199220928336,15.075728766947645,0.9109831433466773;13.470667831163155,10.03843225270554,1.3979717289653883;16.36473653509302,8.086891939973933,1.0265631417602112;9.356408901119345,2.787804101659744,0.20891529902825748;2.095021869582651,17.079045109775457,0.6495937887270954"
33,drone_2,10.131,7.394,13.942,14.674,"7.143965878414324,18.52253351862183,0.8394107337496143;6.637422351629716,5.81892506984119,0.6003018776062884;0.36590554591665037,16.596997027271488,0.20777990884561767;16.70210735212728,10.387662511155286,2.4865164910063826;17.575883932032223,2.721593568127446,1.6479158532570475;1.2973598084027889,12.541582926626493,1.1930564938806265;5.325463640573792,3.699943652690364,0.9547411468291342;2.859297170747846,7.553503878133155,2.1925507706303717;10.533388546054491,10.175620803711702,0.4434834056225819;13.471363977912578,4.924285787991767,1.3272358809753264;3.1989281854844065,17.094804049625413,0.4405086223709195;3.721082089191997,8.881385548157215,0.35484045745388293;6.101545181256263,8.790137986408395,1.2639000034553933;14.737980355806986,8.782652679798053,1.0509056472900933;8.401310070704824,11.991886299150524,1.2062214485731173;17.06132291164363,16.261464942281574,1.3345172871816686;17.339109943706937,6.311506988921403,2.300624148151509;14.590277332334818,8.335859238449064,1.6499407138788138;5.222352165170459,5.2246686833336335,1.2953675730785918;4.241324229439376,12.456110153327092,0.3647650457406896;6.334813280978457,3.731836136358651,2.315285015721719;3.96199220928336,15.075728766947645,0.9109831433466773;13.470667831163155,10.03843225270554,1.3979717289653883;16.36473653509302,8.086891939973933,1.0265631417602112;9.356408901119345,2.787804101659744,0.20891529902825748;2.095021869582651,17.079045109775457,0.6495937887270954"
33,drone_3,12.163,8.520,13.942,14.674,"7.143965878414324,18.52253351862183,0.8394107337496143;6.637422351629716,5.81892506984119,0.6003018776062884;0.36590554591665037,16.596997027271488,0.20777990884561767;16.70210735212728,10.387662511155286,2.4865164910063826;17.575883932032223,2.721593568127446,1.6479158532570475;1.2973598084027889,12.541582926626493,1.1930564938806265;5.325463640573792,3.699943652690364,0.9547411468291342;2.859297170747846,7.553503878133155,2.1925507706303717;10.533388546054491,10.175620803711702,0.4434834056225819;13.471363977912578,4.924285787991767,1.3272358809753264;3.1989281854844065,17.094804049625413,0.4405086223709195;3.721082089191997,8.881385548157215,0.35484045745388293;6.101545181256263,8.790137986408395,1.2639000034553933;14.737980355806986,8.782652679798053,1.0509056472900933;8.401310070704824,11.991886299150524,1.2062214485731173;17.06132291164363,16.261464942281574,1.3345172871816686;17.339109943706937,6.311506988921403,2.300624148151509;14.590277332334818,8.335859238449064,1.6499407138788138;5.222352165170459,5.2246686833336335,1.2953675730785918;4.241324229439376,12.456110153327092,0.3647650457406896;6.334813280978457,3.731836136358651,2.315285015721719;3.96199220928336,15.075728766947645,0.9109831433466773;13.470667831163155,10.03843225270554,1.3979717289653883;16.36473653509302,8.086891939973933,1.0265631417602112;9.356408901119345,2.787804101659744,0.20891529902825748;2.095021869582651,17.079045109775457,0.6495937887270954"
33,drone_4,10.618,9.165,13.942,14.674,"7.143965878414324,18.52253351862183,0.8394107337496143;6.637422351629716,5.81892506984119,0.6003018776062884;0.36590554591665037,16.596997027271488,0.20777990884561767;16.70210735212728,10.387662511155286,2.4865164910063826;17.575883932032223,2.721593568127446,1.6479158532570475;1.2973598084027889,12.541582926626493,1.1930564938806265;5.325463640573792,3.699943652690364,0.9547411468291342;2.859297170747846,7.553503878133155,2.1925507706303717;10.533388546054491,10.175620803711702,0.4434834056225819;13.471363977912578,4.924285787991767,1.3272358809753264;3.1989281854844065,17.094804049625413,0.4405086223709195;3.721082089191997,8.881385548157215,0.35484045745388293;6.101545181256263,8.790137986408395,1.2639000034553933;14.737980355806986,8.782652679798053,1.0509056472900933;8.401310070704824,11.991886299150524,1.2062214485731173;17.06132291164363,16.261464942281574,1.3345172871816686;17.339109943706937,6.311506988921403,2.300624148151509;14.590277332334818,8.335859238449064,1.6499407138788138;5.222352165170459,5.2246686833336335,1.2953675730785918;4.241324229439376,12.456110153327092,0.3647650457406896;6.334813280978457,3.731836136358651,2.315285015721719;3.96199220928336,15.075728766947645,0.9109831433466773;13.470667831163155,10.03843225270554,1.3979717289653883;16.36473653509302,8.086891939973933,1.0265631417602112;9.356408901119345,2.787804101659744,0.20891529902825748;2.095021869582651,17.079045109775457,0.6495937887270954"
33,drone_6,11.648,9.604,13.942,14.674,"7.143965878414324,18.52253351862183,0.8394107337496143;6.637422351629716,5.81892506984119,0.6003018776062884;0.36590554591665037,16.596997027271488,0.20777990884561767;16.70210735212728,10.387662511155286,2.4865164910063826;17.575883932032223,2.721593568127446,1.6479158532570475;1.2973598084027889,12.541582926626493,1.1930564938806265;5.325463640573792,3.699943652690364,0.9547411468291342;2.859297170747846,7.553503878133155,2.1925507706303717;10.533388546054491,10.175620803711702,0.4434834056225819;13.471363977912578,4.924285787991767,1.3272358809753264;3.1989281854844065,17.094804049625413,0.4405086223709195;3.721082089191997,8.881385548157215,0.35484045745388293;6.101545181256263,8.790137986408395,1.2639000034553933;14.737980355806986,8.782652679798053,1.0509056472900933;8.401310070704824,11.991886299150524,1.2062214485731173;17.06132291164363,16.261464942281574,1.3345172871816686;17.339109943706937,6.311506988921403,2.300624148151509;14.590277332334818,8.335859238449064,1.6499407138788138;5.222352165170459,5.2246686833336335,1.2953675730785918;4.241324229439376,12.456110153327092,0.3647650457406896;6.334813280978457,3.731836136358651,2.315285015721719;3.96199220928336,15.075728766947645,0.9109831433466773;13.470667831163155,10.03843225270554,1.3979717289653883;16.36473653509302,8.086891939973933,1.0265631417602112;9.356408901119345,2.787804101659744,0.20891529902825748;2.095021869582651,17.079045109775457,0.6495937887270954"
33,drone_7,11.735,6.943,13.942,14.674,"7.143965878414324,18.52253351862183,0.8394107337496143;6.637422351629716,5.81892506984119,0.6003018776062884;0.36590554591665037,16.596997027271488,0.20777990884561767;16.70210735212728,10.387662511155286,2.4865164910063826;17.575883932032223,2.721593568127446,1.6479158532570475;1.2973598084027889,12.541582926626493,1.1930564938806265;5.325463640573792,3.699943652690364,0.9547411468291342;2.859297170747846,7.553503878133155,2.1925507706303717;10.533388546054491,10.175620803711702,0.4434834056225819;13.471363977912578,4.924285787991767,1.3272358809753264;3.1989281854844065,17.094804049625413,0.4405086223709195;3.721082089191997,8.881385548157215,0.35484045745388293;6.101545181256263,8.790137986408395,1.2639000034553933;14.737980355806986,8.782652679798053,1.0509056472900933;8.401310070704824,11.991886299150524,1.2062214485731173;17.06132291164363,16.261464942281574,1.3345172871816686;17.339109943706937,6.311506988921403,2.300624148151509;14.590277332334818,8.335859238449064,1.6499407138788138;5.222352165170459,5.2246686833336335,1.2953675730785918;4.241324229439376,12.456110153327092,0.3647650457406896;6.334813280978457,3.731836136358651,2.315285015721719;3.96199220928336,15.075728766947645,0.9109831433466773;13.470667831163155,10.03843225270554,1.3979717289653883;16.36473653509302,8.086891939973933,1.0265631417602112;9.356408901119345,2.787804101659744,0.20891529902825748;2.095021869582651,17.079045109775457,0.6495937887270954"
33,drone_8,11.069,7.739,13.942,14.674,"7.143965878414324,18.52253351862183,0.8394107337496143;6.637422351629716,5.81892506984119,0.6003018776062884;0.36590554591665037,16.596997027271488,0.20777990884561767;16.70210735212728,10.387662511155286,2.4865164910063826;17.575883932032223,2.721593568127446,1.6479158532570475;1.2973598084027889,12.541582926626493,1.1930564938806265;5.325463640573792,3.699943652690364,0.9547411468291342;2.859297170747846,7.553503878133155,2.1925507706303717;10.533388546054491,10.175620803711702,0.4434834056225819;13.471363977912578,4.924285787991767,1.3272358809753264;3.1989281854844065,17.094804049625413,0.4405086223709195;3.721082089191997,8.881385548157215,0.35484045745388293;6.101545181256263,8.790137986408395,1.2639000034553933;14.737980355806986,8.782652679798053,1.0509056472900933;8.401310070704824,11.991886299150524,1.2062214485731173;17.06132291164363,16.261464942281574,1.3345172871816686;17.339109943706937,6.311506988921403,2.300624148151509;14.590277332334818,8.335859238449064,1.6499407138788138;5.222352165170459,5.2246686833336335,1.2953675730785918;4.241324229439376,12.456110153327092,0.3647650457406896;6.334813280978457,3.731836136358651,2.315285015721719;3.96199220928336,15.075728766947645,0.9109831433466773;13.470667831163155,10.03843225270554,1.3979717289653883;16.36473653509302,8.086891939973933,1.0265631417602112;9.356408901119345,2.787804101659744,0.20891529902825748;2.095021869582651,17.079045109775457,0.6495937887270954"
33,drone_9,11.144,9.357,13.942,14.674,"7.143965878414324,18.52253351862183,0.8394107337496143;6.637422351629716,5.81892506984119,0.6003018776062884;0.36590554591665037,16.596997027271488,0.20777990884561767;16.70210735212728,10.387662511155286,2.4865164910063826;17.575883932032223,2.721593568127446,1.6479158532570475;1.2973598084027889,12.541582926626493,1.1930564938806265;5.325463640573792,3.699943652690364,0.9547411468291342;2.859297170747846,7.553503878133155,2.1925507706303717;10.533388546054491,10.175620803711702,0.4434834056225819;13.471363977912578,4.924285787991767,1.3272358809753264;3.1989281854844065,17.094804049625413,0.4405086223709195;3.721082089191997,8.881385548157215,0.35484045745388293;6.101545181256263,8.790137986408395,1.2639000034553933;14.737980355806986,8.782652679798053,1.0509056472900933;8.401310070704824,11.991886299150524,1.2062214485731173;17.06132291164363,16.261464942281574,1.3345172871816686;17.339109943706937,6.311506988921403,2.300624148151509;14.590277332334818,8.335859238449064,1.6499407138788138;5.222352165170459,5.2246686833336335,1.2953675730785918;4.241324229439376,12.456110153327092,0.3647650457406896;6.334813280978457,3.731836136358651,2.315285015721719;3.96199220928336,15.075728766947645,0.9109831433466773;13.470667831163155,10.03843225270554,1.3979717289653883;16.36473653509302,8.086891939973933,1.0265631417602112;9.356408901119345,2.787804101659744,0.20891529902825748;2.095021869582651,17.079045109775457,0.6495937887270954"
34,drone_1,12.205,7.654,13.942,14.674,"7.143965878414324,18.52253351862183,0.8394107337496143;6.637422351629716,5.81892506984119,0.6003018776062884;0.36590554591665037,16.596997027271488,0.20777990884561767;16.70210735212728,10.387662511155286,2.4865164910063826;17.575883932032223,2.721593568127446,1.6479158532570475;1.2973598084027889,12.541582926626493,1.1930564938806265;5.325463640573792,3.699943652690364,0.9547411468291342;2.859297170747846,7.553503878133155,2.1925507706303717;10.533388546054491,10.175620803711702,0.4434834056225819;13.471363977912578,4.924285787991767,1.3272358809753264;3.1989281854844065,17.094804049625413,0.4405086223709195;3.721082089191997,8.881385548157215,0.35484045745388293;6.101545181256263,8.790137986408395,1.2639000034553933;14.737980355806986,8.782652679798053,1.0509056472900933;8.401310070704824,11.991886299150524,1.2062214485731173;17.06132291164363,16.261464942281574,1.3345172871816686;17.339109943706937,6.311506988921403,2.300624148151509;14.590277332334818,8.335859238449064,1.6499407138788138;5.222352165170459,5.2246686833336335,1.2953675730785918;4.241324229439376,12.456110153327092,0.3647650457406896;6.334813280978457,3.731836136358651,2.315285015721719;3.96199220928336,15.075728766947645,0.9109831433466773;13.470667831163155,10.03843225270554,1.3979717289653883;16.36473653509302,8.086891939973933,1.0265631417602112;9.356408901119345,2.787804101659744,0.20891529902825748;2.095021869582651,17.079045109775457,0.6495937887270954"
34,drone_2,10.231,7.534,13.942,14.674,"7.143965878414324,18.52253351862183,0.8394107337496143;6.637422351629716,5.81892506984119,0.6003018776062884;0.36590554591665037,16.596997027271488,0.20777990884561767;16.70210735212728,10.387662511155286,2.4865164910063826;17.575883932032223,2.721593568127446,1.6479158532570475;1.2973598084027889,12.541582926626493,1.1930564938806265;5.325463640573792,3.699943652690364,0.9547411468291342;2.859297170747846,7.553503878133155,2.1925507706303717;10.533388546054491,10.175620803711702,0.4434834056225819;13.471363977912578,4.924285787991767,1.3272358809753264;3.1989281854844065,17.094804049625413,0.4405086223709195;3.721082089191997,8.881385548157215,0.35484045745388293;6.101545181256263,8.790137986408395,1.2639000034553933;14.737980355806986,8.782652679798053,1.0509056472900933;8.401310070704824,11.991886299150524,1.2062214485731173;17.06132291164363,16.261464942281574,1.3345172871816686;17.339109943706937,6.311506988921403,2.300624148151509;14.590277332334818,8.335859238449064,1.6499407138788138;5.222352165170459,5.2246686833336335,1.2953675730785918;4.241324229439376,12.456110153327092,0.3647650457406896;6.334813280978457,3.731836136358651,2.315285015721719;3.96199220928336,15.075728766947645,0.9109831433466773;13.470667831163155,10.03843225270554,1.3979717289653883;16.36473653509302,8.086891939973933,1.0265631417602112;9.356408901119345,2.787804101659744,0.20891529902825748;2.095021869582651,17.079045109775457,0.6495937887270954"
34,drone_3,12.112,8.684,13.942,14.674,"7.143965878414324,18.52253351862183,0.8394107337496143;6.637422351629716,5.81892506984119,0.6003018776062884;0.36590554591665037,16.596997027271488,0.20777990884561767;16.70210735212728,10.387662511155286,2.4865164910063826;17.575883932032223,2.721593568127446,1.6479158532570475;1.2973598084027889,12.541582926626493,1.1930564938806265;5.325463640573792,3.699943652690364,0.9547411468291342;2.859297170747846,7.553503878133155,2.1925507706303717;10.533388546054491,10.175620803711702,0.4434834056225819;13.471363977912578,4.924285787991767,1.3272358809753264;3.1989281854844065,17.094804049625413,0.4405086223709195;3.721082089191997,8.881385548157215,0.35484045745388293;6.101545181256263,8.790137986408395,1.2639000034553933;14.737980355806986,8.782652679798053,1.0509056472900933;8.401310070704824,11.991886299150524,1.2062214485731173;17.06132291164363,16.261464942281574,1.3345172871816686;17.339109943706937,6.311506988921403,2.300624148151509;14.590277332334818,8.335859238449064,1.6499407138788138;5.222352165170459,5.2246686833336335,1.2953675730785918;4.241324229439376,12.456110153327092,0.3647650457406896;6.334813280978457,3.731836136358651,2.315285015721719;3.96199220928336,15.075728766947645,0.9109831433466773;13.470667831163155,10.03843225270554,1.3979717289653883;16.36473653509302,8.086891939973933,1.0265631417602112;9.356408901119345,2.787804101659744,0.20891529902825748;2.095021869582651,17.079045109775457,0.6495937887270954"
34,drone_4,10.597,9.335,13.942,14.674,"7.143965878414324,18.52253351862183,0.8394107337496143;6.637422351629716,5.81892506984119,0.6003018776062884;0.36590554591665037,16.596997027271488,0.20777990884561767;16.70210735212728,10.387662511155286,2.4865164910063826;17.575883932032223,2.721593568127446,1.6479158532570475;1.2973598084027889,12.541582926626493,1.1930564938806265;5.325463640573792,3.699943652690364,0.9547411468291342;2.859297170747846,7.553503878133155,2.1925507706303717;10.533388546054491,10.175620803711702,0.4434834056225819;13.471363977912578,4.924285787991767,1.3272358809753264;3.1989281854844065,17.094804049625413,0.4405086223709195;3.721082089191997,8.881385548157215,0.35484045745388293;6.101545181256263,8.790137986408395,1.2639000034553933;14.737980355806986,8.782652679798053,1.0509056472900933;8.401310070704824,11.991886299150524,1.2062214485731173;17.06132291164363,16.261464942281574,1.3345172871816686;17.339109943706937,6.311506988921403,2.300624148151509;14.590277332334818,8.335859238449064,1.6499407138788138;5.222352165170459,5.2246686833336335,1.2953675730785918;4.241324229439376,12.456110153327092,0.3647650457406896;6.334813280978457,3.731836136358651,2.315285015721719;3.96199220928336,15.075728766947645,0.9109831433466773;13.470667831163155,10.03843225270554,1.3979717289653883;16.36473653509302,8.086891939973933,1.0265631417602112;9.356408901119345,2.787804101659744,0.20891529902825748;2.095021869582651,17.079045109775457,0.6495937887270954"
34,drone_6,11.660,9.776,13.942,14.674,"7.143965878414324,18.52253351862183,0.8394107337496143;6.637422351629716,5.81892506984119,0.6003018776062884;0.36590554591665037,16.596997027271488,0.20777990884561767;16.70210735212728,10.387662511155286,2.4865164910063826;17.575883932032223,2.721593568127446,1.6479158532570475;1.2973598084027889,12.541582926626493,1.1930564938806265;5.325463640573792,3.699943652690364,0.9547411468291342;2.859297170747846,7.553503878133155,2.1925507706303717;10.533388546054491,10.175620803711702,0.4434834056225819;13.471363977912578,4.924285787991767,1.3272358809753264;3.1989281854844065,17.094804049625413,0.4405086223709195;3.721082089191997,8.881385548157215,0.35484045745388293;6.101545181256263,8.790137986408395,1.2639000034553933;14.737980355806986,8.782652679798053,1.0509056472900933;8.401310070704824,11.991886299150524,1.2062214485731173;17.06132291164363,16.261464942281574,1.3345172871816686;17.339109943706937,6.311506988921403,2.300624148151509;14.590277332334818,8.335859238449064,1.6499407138788138;5.222352165170459,5.2246686833336335,1.2953675730785918;4.241324229439376,12.456110153327092,0.3647650457406896;6.334813280978457,3.731836136358651,2.315285015721719;3.96199220928336,15.075728766947645,0.9109831433466773;13.470667831163155,10.03843225270554,1.3979717289653883;16.36473653509302,8.086891939973933,1.0265631417602112;9.356408901119345,2.787804101659744,0.20891529902825748;2.095021869582651,17.079045109775457,0.6495937887270954"
34,drone_7,11.834,7.084,13.942,14.674,"7.143965878414324,18.52253351862183,0.8394107337496143;6.637422351629716,5.81892506984119,0.6003018776062884;0.36590554591665037,16.596997027271488,0.20777990884561767;16.70210735212728,10.387662511155286,2.4865164910063826;17.575883932032223,2.721593568127446,1.6479158532570475;1.2973598084027889,12.541582926626493,1.1930564938806265;5.325463640573792,3.699943652690364,0.9547411468291342;2.859297170747846,7.553503878133155,2.1925507706303717;10.533388546054491,10.175620803711702,0.4434834056225819;13.471363977912578,4.924285787991767,1.3272358809753264;3.1989281854844065,17.094804049625413,0.4405086223709195;3.721082089191997,8.881385548157215,0.35484045745388293;6.101545181256263,8.790137986408395,1.2639000034553933;14.737980355806986,8.782652679798053,1.0509056472900933;8.401310070704824,11.991886299150524,1.2062214485731173;17.06132291164363,16.261464942281574,1.3345172871816686;17.339109943706937,6.311506988921403,2.300624148151509;14.590277332334818,8.335859238449064,1.6499407138788138;5.222352165170459,5.2246686833336335,1.2953675730785918;4.241324229439376,12.456110153327092,0.3647650457406896;6.334813280978457,3.731836136358651,2.315285015721719;3.96199220928336,15.075728766947645,0.9109831433466773;13.470667831163155,10.03843225270554,1.3979717289653883;16.36473653509302,8.086891939973933,1.0265631417602112;9.356408901119345,2.787804101659744,0.20891529902825748;2.095021869582651,17.079045109775457,0.6495937887270954"
34,drone_8,11.078,7.911,13.942,14.674,"7.143965878414324,18.52253351862183,0.8394107337496143;6.637422351629716,5.81892506984119,0.6003018776062884;0.36590554591665037,16.596997027271488,0.20777990884561767;16.70210735212728,10.387662511155286,2.4865164910063826;17.575883932032223,2.721593568127446,1.6479158532570475;1.2973598084027889,12.541582926626493,1.1930564938806265;5.325463640573792,3.699943652690364,0.9547411468291342;2.859297170747846,7.553503878133155,2.1925507706303717;10.533388546054491,10.175620803711702,0.4434834056225819;13.471363977912578,4.924285787991767,1.3272358809753264;3.1989281854844065,17.094804049625413,0.4405086223709195;3.721082089191997,8.881385548157215,0.35484045745388293;6.101545181256263,8.790137986408395,1.2639000034553933;14.737980355806986,8.782652679798053,1.0509056472900933;8.401310070704824,11.991886299150524,1.2062214485731173;17.06132291164363,16.261464942281574,1.3345172871816686;17.339109943706937,6.311506988921403,2.300624148151509;14.590277332334818,8.335859238449064,1.6499407138788138;5.222352165170459,5.2246686833336335,1.2953675730785918;4.241324229439376,12.456110153327092,0.3647650457406896;6.334813280978457,3.731836136358651,2.315285015721719;3.96199220928336,15.075728766947645,0.9109831433466773;13.470667831163155,10.03843225270554,1.3979717289653883;16.36473653509302,8.086891939973933,1.0265631417602112;9.356408901119345,2.787804101659744,0.20891529902825748;2.095021869582651,17.079045109775457,0.6495937887270954"
34,drone_9,11.188,9.498,13.942,14.674,"7.143965878414324,18.52253351862183,0.8394107337496143;6.637422351629716,5.81892506984119,0.6003018776062884;0.36590554591665037,16.596997027271488,0.20777990884561767;16.70210735212728,10.387662511155286,2.4865164910063826;17.575883932032223,2.721593568127446,1.6479158532570475;1.2973598084027889,12.541582926626493,1.1930564938806265;5.325463640573792,3.699943652690364,0.9547411468291342;2.859297170747846,7.553503878133155,2.1925507706303717;10.533388546054491,10.175620803711702,0.4434834056225819;13.471363977912578,4.924285787991767,1.3272358809753264;3.1989281854844065,17.094804049625413,0.4405086223709195;3.721082089191997,8.881385548157215,0.35484045745388293;6.101545181256263,8.790137986408395,1.2639000034553933;14.737980355806986,8.782652679798053,1.0509056472900933;8.401310070704824,11.991886299150524,1.2062214485731173;17.06132291164363,16.261464942281574,1.3345172871816686;17.339109943706937,6.311506988921403,2.300624148151509;14.590277332334818,8.335859238449064,1.6499407138788138;5.222352165170459,5.2246686833336335,1.2953675730785918;4.241324229439376,12.456110153327092,0.3647650457406896;6.334813280978457,3.731836136358651,2.315285015721719;3.96199220928336,15.075728766947645,0.9109831433466773;13.470667831163155,10.03843225270554,1.3979717289653883;16.36473653509302,8.086891939973933,1.0265631417602112;9.356408901119345,2.787804101659744,0.20891529902825748;2.095021869582651,17.079045109775457,0.6495937887270954"
35,drone_1,12.237,7.823,13.942,14.674,"7.143965878414324,18.52253351862183,0.8394107337496143;6.637422351629716,5.81892506984119,0.6003018776062884;0.36590554591665037,16.596997027271488,0.20777990884561767;16.70210735212728,10.387662511155286,2.4865164910063826;17.575883932032223,2.721593568127446,1.6479158532570475;1.2973598084027889,12.541582926626493,1.1930564938806265;5.325463640573792,3.699943652690364,0.9547411468291342;2.859297170747846,7.553503878133155,2.1925507706303717;10.533388546054491,10.175620803711702,0.4434834056225819;13.471363977912578,4.924285787991767,1.3272358809753264;3.1989281854844065,17.094804049625413,0.4405086223709195;3.721082089191997,8.881385548157215,0.35484045745388293;6.101545181256263,8.790137986408395,1.2639000034553933;14.737980355806986,8.782652679798053,1.0509056472900933;8.401310070704824,11.991886299150524,1.2062214485731173;17.06132291164363,16.261464942281574,1.3345172871816686;17.339109943706937,6.311506988921403,2.300624148151509;14.590277332334818,8.335859238449064,1.6499407138788138;5.222352165170459,5.2246686833336335,1.2953675730785918;4.241324229439376,12.456110153327092,0.3647650457406896;6.334813280978457,3.731836136358651,2.315285015721719;3.96199220928336,15.075728766947645,0.9109831433466773;13.470667831163155,10.03843225270554,1.3979717289653883;16.36473653509302,8.086891939973933,1.0265631417602112;9.356408901119345,2.787804101659744,0.20891529902825748;2.095021869582651,17.079045109775457,0.6495937887270954"
35,drone_2,10.231,7.706,13.942,14.674,"7.143965878414324,18.52253351862183,0.8394107337496143;6.637422351629716,5.81892506984119,0.6003018776062884;0.36590554591665037,16.596997027271488,0.20777990884561767;16.70210735212728,10.387662511155286,2.4865164910063826;17.575883932032223,2.721593568127446,1.6479158532570475;1.2973598084027889,12.541582926626493,1.1930564938806265;5.325463640573792,3.699943652690364,0.9547411468291342;2.859297170747846,7.553503878133155,2.1925507706303717;10.533388546054491,10.175620803711702,0.4434834056225819;13.471363977912578,4.924285787991767,1.3272358809753264;3.1989281854844065,17.094804049625413,0.4405086223709195;3.721082089191997,8.881385548157215,0.35484045745388293;6.101545181256263,8.790137986408395,1.2639000034553933;14.737980355806986,8.782652679798053,1.0509056472900933;8.401310070704824,11.991886299150524,1.2062214485731173;17.06132291164363,16.261464942281574,1.3345172871816686;17.339109943706937,6.311506988921403,2.300624148151509;14.590277332334818,8.335859238449064,1.6499407138788138;5.222352165170459,5.2246686833336335,1.2953675730785918;4.241324229439376,12.456110153327092,0.3647650457406896;6.334813280978457,3.731836136358651,2.315285015721719;3.96199220928336,15.075728766947645,0.9109831433466773;13.470667831163155,10.03843225270554,1.3979717289653883;16.36473653509302,8.086891939973933,1.0265631417602112;9.356408901119345,2.787804101659744,0.20891529902825748;2.095021869582651,17.079045109775457,0.6495937887270954"
35,drone_3,12.027,8.834,13.942,14.674,"7.143965878414324,18.52253351862183,0.8394107337496143;6.637422351629716,5.81892506984119,0.6003018776062884;0.36590554591665037,16.596997027271488,0.20777990884561767;16.70210735212728,10.387662511155286,2.4865164910063826;17.575883932032223,2.721593568127446,1.6479158532570475;1.2973598084027889,12.541582926626493,1.1930564938806265;5.325463640573792,3.699943652690364,0.9547411468291342;2.859297170747846,7.553503878133155,2.1925507706303717;10.533388546054491,10.175620803711702,0.4434834056225819;13.471363977912578,4.924285787991767,1.3272358809753264;3.1989281854844065,17.094804049625413,0.4405086223709195;3.721082089191997,8.881385548157215,0.35484045745388293;6.101545181256263,8.790137986408395,1.2639000034553933;14.737980355806986,8.782652679798053,1.0509056472900933;8.401310070704824,11.991886299150524,1.2062214485731173;17.06132291164363,16.261464942281574,1.3345172871816686;17.339109943706937,6.311506988921403,2.300624148151509;14.590277332334818,8.335859238449064,1.6499407138788138;5.222352165170459,5.2246686833336335,1.2953675730785918;4.241324229439376,12.456110153327092,0.3647650457406896;6.334813280978457,3.731836136358651,2.315285015721719;3.96199220928336,15.075728766947645,0.9109831433466773;13.470667831163155,10.03843225270554,1.3979717289653883;16.36473653509302,8.086891939973933,1.0265631417602112;9.356408901119345,2.787804101659744,0.20891529902825748;2.095021869582651,17.079045109775457,0.6495937887270954"
35,drone_4,10.475,9.406,13.942,14.674,"7.143965878414324,18.52253351862183,0.8394107337496143;6.637422351629716,5.81892506984119,0.6003018776062884;0.36590554591665037,16.596997027271488,0.20777990884561767;16.70210735212728,10.387662511155286,2.4865164910063826;17.575883932032223,2.721593568127446,1.6479158532570475;1.2973598084027889,12.541582926626493,1.1930564938806265;5.325463640573792,3.699943652690364,0.9547411468291342;2.859297170747846,7.553503878133155,2.1925507706303717;10.533388546054491,10.175620803711702,0.4434834056225819;13.471363977912578,4.924285787991767,1.3272358809753264;3.1989281854844065,17.094804049625413,0.4405086223709195;3.721082089191997,8.881385548157215,0.35484045745388293;6.101545181256263,8.790137986408395,1.2639000034553933;14.737980355806986,8.782652679798053,1.0509056472900933;8.401310070704824,11.991886299150524,1.2062214485731173;17.06132291164363,16.261464942281574,1.3345172871816686;17.339109943706937,6.311506988921403,2.300624148151509;14.590277332334818,8.335859238449064,1.6499407138788138;5.222352165170459,5.2246686833336335,1.2953675730785918;4.241324229439376,12.456110153327092,0.3647650457406896;6.334813280978457,3.731836136358651,2.315285015721719;3.96199220928336,15.075728766947645,0.9109831433466773;13.470667831163155,10.03843225270554,1.3979717289653883;16.36473653509302,8.086891939973933,1.0265631417602112;9.356408901119345,2.787804101659744,0.20891529902825748;2.095021869582651,17.079045109775457,0.6495937887270954"
35,drone_6,11.608,9.940,13.942,14.674,"7.143965878414324,18.52253351862183,0.8394107337496143;6.637422351629716,5.81892506984119,0.6003018776062884;0.36590554591665037,16.596997027271488,0.20777990884561767;16.70210735212728,10.387662511155286,2.4865164910063826;17.575883932032223,2.721593568127446,1.6479158532570475;1.2973598084027889,12.541582926626493,1.1930564938806265;5.325463640573792,3.699943652690364,0.9547411468291342;2.859297170747846,7.553503878133155,2.1925507706303717;10.533388546054491,10.175620803711702,0.4434834056225819;13.471363977912578,4.924285787991767,1.3272358809753264;3.1989281854844065,17.094804049625413,0.4405086223709195;3.721082089191997,8.881385548157215,0.35484045745388293;6.101545181256263,8.790137986408395,1.2639000034553933;14.737980355806986,8.782652679798053,1.0509056472900933;8.401310070704824,11.991886299150524,1.2062214485731173;17.06132291164363,16.261464942281574,1.3345172871816686;17.339109943706937,6.311506988921403,2.300624148151509;14.590277332334818,8.335859238449064,1.6499407138788138;5.222352165170459,5.2246686833336335,1.2953675730785918;4.241324229439376,12.456110153327092,0.3647650457406896;6.334813280978457,3.731836136358651,2.315285015721719;3.96199220928336,15.075728766947645,0.9109831433466773;13.470667831163155,10.03843225270554,1.3979717289653883;16.36473653509302,8.086891939973933,1.0265631417602112;9.356408901119345,2.787804101659744,0.20891529902825748;2.095021869582651,17.079045109775457,0.6495937887270954"
35,drone_7,11.833,7.256,13.942,14.674,"7.143965878414324,18.52253351862183,0.8394107337496143;6.637422351629716,5.81892506984119,0.6003018776062884;0.36590554591665037,16.596997027271488,0.20777990884561767;16.70210735212728,10.387662511155286,2.4865164910063826;17.575883932032223,2.721593568127446,1.6479158532570475;1.2973598084027889,12.541582926626493,1.1930564938806265;5.325463640573792,3.699943652690364,0.9547411468291342;2.859297170747846,7.553503878133155,2.1925507706303717;10.533388546054491,10.175620803711702,0.4434834056225819;13.471363977912578,4.924285787991767,1.3272358809753264;3.1989281854844065,17.094804049625413,0.4405086223709195;3.721082089191997,8.881385548157215,0.35484045745388293;6.101545181256263,8.790137986408395,1.2639000034553933;14.737980355806986,8.782652679798053,1.0509056472900933;8.401310070704824,11.991886299150524,1.2062214485731173;17.06132291164363,16.261464942281574,1.3345172871816686;17.339109943706937,6.311506988921403,2.300624148151509;14.590277332334818,8.335859238449064,1.6499407138788138;5.222352165170459,5.2246686833336335,1.2953675730785918;4.241324229439376,12.456110153327092,0.3647650457406896;6.334813280978457,3.731836136358651,2.315285015721719;3.96199220928336,15.075728766947645,0.9109831433466773;13.470667831163155,10.03843225270554,1.3979717289653883;16.36473653509302,8.086891939973933,1.0265631417602112;9.356408901119345,2.787804101659744,0.20891529902825748;2.095021869582651,17.079045109775457,0.6495937887270954"
35,drone_8,11.133,8.048,13.942,14.674,"7.143965878414324,18.52253351862183,0.8394107337496143;6.637422351629716,5.81892506984119,0.6003018776062884;0.36590554591665037,16.596997027271488,0.20777990884561767;16.70210735212728,10.387662511155286,2.4865164910063826;17.575883932032223,2.721593568127446,1.6479158532570475;1.2973598084027889,12.541582926626493,1.1930564938806265;5.325463640573792,3.699943652690364,0.9547411468291342;2.859297170747846,7.553503878133155,2.1925507706303717;10.533388546054491,10.175620803711702,0.4434834056225819;13.471363977912578,4.924285787991767,1.3272358809753264;3.1989281854844065,17.094804049625413,0.4405086223709195;3.721082089191997,8.881385548157215,0.35484045745388293;6.101545181256263,8.790137986408395,1.2639000034553933;14.737980355806986,8.782652679798053,1.0509056472900933;8.401310070704824,11.991886299150524,1.2062214485731173;17.06132291164363,16.261464942281574,1.3345172871816686;17.339109943706937,6.311506988921403,2.300624148151509;14.590277332334818,8.335859238449064,1.6499407138788138;5.222352165170459,5.2246686833336335,1.2953675730785918;4.241324229439376,12.456110153327092,0.3647650457406896;6.334813280978457,3.731836136358651,2.315285015721719;3.96199220928336,15.075728766947645,0.9109831433466773;13.470667831163155,10.03843225270554,1.3979717289653883;16.36473653509302,8.086891939973933,1.0265631417602112;9.356408901119345,2.787804101659744,0.20891529902825748;2.095021869582651,17.079045109775457,0.6495937887270954"
35,drone_9,11.263,9.626,13.942,14.674,"7.143965878414324,18.52253351862183,0.8394107337496143;6.637422351629716,5.81892506984119,0.6003018776062884;0.36590554591665037,16.596997027271488,0.20777990884561767;16.70210735212728,10.387662511155286,2.4865164910063826;17.575883932032223,2.721593568127446,1.6479158532570475;1.2973598084027889,12.541582926626493,1.1930564938806265;5.325463640573792,3.699943652690364,0.9547411468291342;2.859297170747846,7.553503878133155,2.1925507706303717;10.533388546054491,10.175620803711702,0.4434834056225819;13.471363977912578,4.924285787991767,1.3272358809753264;3.1989281854844065,17.094804049625413,0.4405086223709195;3.721082089191997,8.881385548157215,0.35484045745388293;6.101545181256263,8.790137986408395,1.2639000034553933;14.737980355806986,8.782652679798053,1.0509056472900933;8.401310070704824,11.991886299150524,1.2062214485731173;17.06132291164363,16.261464942281574,1.3345172871816686;17.339109943706937,6.311506988921403,2.300624148151509;14.590277332334818,8.335859238449064,1.6499407138788138;5.222352165170459,5.2246686833336335,1.2953675730785918;4.241324229439376,12.456110153327092,0.3647650457406896;6.334813280978457,3.731836136358651,2.315285015721719;3.96199220928336,15.075728766947645,0.9109831433466773;13.470667831163155,10.03843225270554,1.3979717289653883;16.36473653509302,8.086891939973933,1.0265631417602112;9.356408901119345,2.787804101659744,0.20891529902825748;2.095021869582651,17.079045109775457,0.6495937887270954"
36,drone_1,12.194,7.990,13.942,14.674,"7.143965878414324,18.52253351862183,0.8394107337496143;6.637422351629716,5.81892506984119,0.6003018776062884;0.36590554591665037,16.596997027271488,0.20777990884561767;16.70210735212728,10.387662511155286,2.4865164910063826;17.575883932032223,2.721593568127446,1.6479158532570475;1.2973598084027889,12.541582926626493,1.1930564938806265;5.325463640573792,3.699943652690364,0.9547411468291342;2.859297170747846,7.553503878133155,2.1925507706303717;10.533388546054491,10.175620803711702,0.4434834056225819;13.471363977912578,4.924285787991767,1.3272358809753264;3.1989281854844065,17.094804049625413,0.4405086223709195;3.721082089191997,8.881385548157215,0.35484045745388293;6.101545181256263,8.790137986408395,1.2639000034553933;14.737980355806986,8.782652679798053,1.0509056472900933;8.401310070704824,11.991886299150524,1.2062214485731173;17.06132291164363,16.261464942281574,1.3345172871816686;17.339109943706937,6.311506988921403,2.300624148151509;14.590277332334818,8.335859238449064,1.6499407138788138;5.222352165170459,5.2246686833336335,1.2953675730785918;4.241324229439376,12.456110153327092,0.3647650457406896;6.334813280978457,3.731836136358651,2.315285015721719;3.96199220928336,15.075728766947645,0.9109831433466773;13.470667831163155,10.03843225270554,1.3979717289653883;16.36473653509302,8.086891939973933,1.0265631417602112;9.356408901119345,2.787804101659744,0.20891529902825748;2.095021869582651,17.079045109775457,0.6495937887270954"
36,drone_2,10.291,7.868,13.942,14.674,"7.143965878414324,18.52253351862183,0.8394107337496143;6.637422351629716,5.81892506984119,0.6003018776062884;0.36590554591665037,16.596997027271488,0.20777990884561767;16.70210735212728,10.387662511155286,2.4865164910063826;17.575883932032223,2.721593568127446,1.6479158532570475;1.2973598084027889,12.541582926626493,1.1930564938806265;5.325463640573792,3.699943652690364,0.9547411468291342;2.859297170747846,7.553503878133155,2.1925507706303717;10.533388546054491,10.175620803711702,0.4434834056225819;13.471363977912578,4.924285787991767,1.3272358809753264;3.1989281854844065,17.094804049625413,0.4405086223709195;3.721082089191997,8.881385548157215,0.35484045745388293;6.101545181256263,8.790137986408395,1.2639000034553933;14.737980355806986,8.782652679798053,1.0509056472900933;8.401310070704824,11.991886299150524,1.2062214485731173;17.06132291164363,16.261464942281574,1.3345172871816686;17.339109943706937,6.311506988921403,2.300624148151509;14.590277332334818,8.335859238449064,1.6499407138788138;5.222352165170459,5.2246686833336335,1.2953675730785918;4.241324229439376,12.456110153327092,0.3647650457406896;6.334813280978457,3.731836136358651,2.315285015721719;3.96199220928336,15.075728766947645,0.9109831433466773;13.470667831163155,10.03843225270554,1.3979717289653883;16.36473653509302,8.086891939973933,1.0265631417602112;9.356408901119345,2.787804101659744,0.20891529902825748;2.095021869582651,17.079045109775457,0.6495937887270954"
36,drone_3,11.924,8.972,13.942,14.674,"7.143965878414324,18.52253351862183,0.8394107337496143;6.637422351629716,5.81892506984119,0.6003018776062884;0.36590554591665037,16.596997027271488,0.20777990884561767;16.70210735212728,10.387662511155286,2.4865164910063826;17.575883932032223,2.721593568127446,1.6479158532570475;1.2973598084027889,12.541582926626493,1.1930564938806265;5.325463640573792,3.699943652690364,0.9547411468291342;2.859297170747846,7.553503878133155,2.1925507706303717;10.533388546054491,10.175620803711702,0.4434834056225819;13.471363977912578,4.924285787991767,1.3272358809753264;3.1989281854844065,17.094804049625413,0.4405086223709195;3.721082089191997,8.881385548157215,0.35484045745388293;6.101545181256263,8.790137986408395,1.2639000034553933;14.737980355806986,8.782652679798053,1.0509056472900933;8.401310070704824,11.991886299150524,1.2062214485731173;17.06132291164363,16.261464942281574,1.3345172871816686;17.339109943706937,6.311506988921403,2.300624148151509;14.590277332334818,8.335859238449064,1.6499407138788138;5.222352165170459,5.2246686833336335,1.2953675730785918;4.241324229439376,12.456110153327092,0.3647650457406896;6.334813280978457,3.731836136358651,2.315285015721719;3.96199220928336,15.075728766947645,0.9109831433466773;13.470667831163155,10.03843225270554,1.3979717289653883;16.36473653509302,8.086891939973933,1.0265631417602112;9.356408901119345,2.787804101659744,0.20891529902825748;2.095021869582651,17.079045109775457,0.6495937887270954"
36,drone_4,10.305,9.384,13.942,14.674,"7.143965878414324,18.52253351862183,0.8394107337496143;6.637422351629716,5.81892506984119,0.6003018776062884;0.36590554591665037,16.596997027271488,0.20777990884561767;16.70210735212728,10.387662511155286,2.4865164910063826;17.575883932032223,2.721593568127446,1.6479158532570475;1.2973598084027889,12.541582926626493,1.1930564938806265;5.325463640573792,3.699943652690364,0.9547411468291342;2.859297170747846,7.553503878133155,2.1925507706303717;10.533388546054491,10.175620803711702,0.4434834056225819;13.471363977912578,4.924285787991767,1.3272358809753264;3.1989281854844065,17.094804049625413,0.4405086223709195;3.721082089191997,8.881385548157215,0.35484045745388293;6.101545181256263,8.790137986408395,1.2639000034553933;14.737980355806986,8.782652679798053,1.0509056472900933;8.401310070704824,11.991886299150524,1.2062214485731173;17.06132291164363,16.261464942281574,1.3345172871816686;17.339109943706937,6.311506988921403,2.300624148151509;14.590277332334818,8.335859238449064,1.6499407138788138;5.222352165170459,5.2246686833336335,1.2953675730785918;4.241324229439376,12.456110153327092,0.3647650457406896;6.334813280978457,3.731836136358651,2.315285015721719;3.96199220928336,15.075728766947645,0.9109831433466773;13.470667831163155,10.03843225270554,1.3979717289653883;16.36473653509302,8.086891939973933,1.0265631417602112;9.356408901119345,2.787804101659744,0.20891529902825748;2.095021869582651,17.079045109775457,0.6495937887270954"
36,drone_6,11.638,10.109,13.942,14.674,"7.143965878414324,18.52253351862183,0.8394107337496143;6.637422351629716,5.81892506984119,0.6003018776062884;0.36590554591665037,16.596997027271488,0.20777990884561767;16.70210735212728,10.387662511155286,2.4865164910063826;17.575883932032223,2.721593568127446,1.6479158532570475;1.2973598084027889,12.541582926626493,1.1930564938806265;5.325463640573792,3.699943652690364,0.9547411468291342;2.859297170747846,7.553503878133155,2.1925507706303717;10.533388546054491,10.175620803711702,0.4434834056225819;13.471363977912578,4.924285787991767,1.3272358809753264;3.1989281854844065,17.094804049625413,0.4405086223709195;3.721082089191997,8.881385548157215,0.35484045745388293;6.101545181256263,8.790137986408395,1.2639000034553933;14.737980355806986,8.782652679798053,1.0509056472900933;8.401310070704824,11.991886299150524,1.2062214485731173;17.06132291164363,16.261464942281574,1.3345172871816686;17.339109943706937,6.311506988921403,2.300624148151509;14.590277332334818,8.335859238449064,1.6499407138788138;5.222352165170459,5.2246686833336335,1.2953675730785918;4.241324229439376,12.456110153327092,0.3647650457406896;6.334813280978457,3.731836136358651,2.315285015721719;3.96199220928336,15.075728766947645,0.9109831433466773;13.470667831163155,10.03843225270554,1.3979717289653883;16.36473653509302,8.086891939973933,1.0265631417602112;9.356408901119345,2.787804101659744,0.20891529902825748;2.095021869582651,17.079045109775457,0.6495937887270954"
36,drone_7,11.732,7.328,13.942,14.674,"7.143965878414324,18.52253351862183,0.8394107337496143;6.637422351629716,5.81892506984119,0.6003018776062884;0.36590554591665037,16.596997027271488,0.20777990884561767;16.70210735212728,10.387662511155286,2.4865164910063826;17.575883932032223,2.721593568127446,1.6479158532570475;1.2973598084027889,12.541582926626493,1.1930564938806265;5.325463640573792,3.699943652690364,0.9547411468291342;2.859297170747846,7.553503878133155,2.1925507706303717;10.533388546054491,10.175620803711702,0.4434834056225819;13.471363977912578,4.924285787991767,1.3272358809753264;3.1989281854844065,17.094804049625413,0.4405086223709195;3.721082089191997,8.881385548157215,0.35484045745388293;6.101545181256263,8.790137986408395,1.2639000034553933;14.737980355806986,8.782652679798053,1.0509056472900933;8.401310070704824,11.991886299150524,1.2062214485731173;17.06132291164363,16.261464942281574,1.3345172871816686;17.339109943706937,6.311506988921403,2.300624148151509;14.590277332334818,8.335859238449064,1.6499407138788138;5.222352165170459,5.2246686833336335,1.2953675730785918;4.241324229439376,12.456110153327092,0.3647650457406896;6.334813280978457,3.731836136358651,2.315285015721719;3.96199220928336,15.075728766947645,0.9109831433466773;13.470667831163155,10.03843225270554,1.3979717289653883;16.36473653509302,8.086891939973933,1.0265631417602112;9.356408901119345,2.787804101659744,0.20891529902825748;2.095021869582651,17.079045109775457,0.6495937887270954"
36,drone_8,11.106,8.194,13.942,14.674,"7.143965878414324,18.52253351862183,0.8394107337496143;6.637422351629716,5.81892506984119,0.6003018776062884;0.36590554591665037,16.596997027271488,0.20777990884561767;16.70210735212728,10.387662511155286,2.4865164910063826;17.575883932032223,2.721593568127446,1.6479158532570475;1.2973598084027889,12.541582926626493,1.1930564938806265;5.325463640573792,3.699943652690364,0.9547411468291342;2.859297170747846,7.553503878133155,2.1925507706303717;10.533388546054491,10.175620803711702,0.4434834056225819;13.471363977912578,4.924285787991767,1.3272358809753264;3.1989281854844065,17.094804049625413,0.4405086223709195;3.721082089191997,8.881385548157215,0.35484045745388293;6.101545181256263,8.790137986408395,1.2639000034553933;14.737980355806986,8.782652679798053,1.0509056472900933;8.401310070704824,11.991886299150524,1.2062214485731173;17.06132291164363,16.261464942281574,1.3345172871816686;17.339109943706937,6.311506988921403,2.300624148151509;14.590277332334818,8.335859238449064,1.6499407138788138;5.222352165170459,5.2246686833336335,1.2953675730785918;4.241324229439376,12.456110153327092,0.3647650457406896;6.334813280978457,3.731836136358651,2.315285015721719;3.96199220928336,15.075728766947645,0.9109831433466773;13.470667831163155,10.03843225270554,1.3979717289653883;16.36473653509302,8.086891939973933,1.0265631417602112;9.356408901119345,2.787804101659744,0.20891529902825748;2.095021869582651,17.079045109775457,0.6495937887270954"
36,drone_9,11.250,9.752,13.942,14.674,"7.143965878414324,18.52253351862183,0.8394107337496143;6.637422351629716,5.81892506984119,0.6003018776062884;0.36590554591665037,16.596997027271488,0.20777990884561767;16.70210735212728,10.387662511155286,2.4865164910063826;17.575883932032223,2.721593568127446,1.6479158532570475;1.2973598084027889,12.541582926626493,1.1930564938806265;5.325463640573792,3.699943652690364,0.9547411468291342;2.859297170747846,7.553503878133155,2.1925507706303717;10.533388546054491,10.175620803711702,0.4434834056225819;13.471363977912578,4.924285787991767,1.3272358809753264;3.1989281854844065,17.094804049625413,0.4405086223709195;3.721082089191997,8.881385548157215,0.35484045745388293;6.101545181256263,8.790137986408395,1.2639000034553933;14.737980355806986,8.782652679798053,1.0509056472900933;8.401310070704824,11.991886299150524,1.2062214485731173;17.06132291164363,16.261464942281574,1.3345172871816686;17.339109943706937,6.311506988921403,2.300624148151509;14.590277332334818,8.335859238449064,1.6499407138788138;5.222352165170459,5.2246686833336335,1.2953675730785918;4.241324229439376,12.456110153327092,0.3647650457406896;6.334813280978457,3.731836136358651,2.315285015721719;3.96199220928336,15.075728766947645,0.9109831433466773;13.470667831163155,10.03843225270554,1.3979717289653883;16.36473653509302,8.086891939973933,1.0265631417602112;9.356408901119345,2.787804101659744,0.20891529902825748;2.095021869582651,17.079045109775457,0.6495937887270954"
37,drone_1,12.113,8.142,13.942,14.674,"7.143965878414324,18.52253351862183,0.8394107337496143;6.637422351629716,5.81892506984119,0.6003018776062884;0.36590554591665037,16.596997027271488,0.20777990884561767;16.70210735212728,10.387662511155286,2.4865164910063826;17.575883932032223,2.721593568127446,1.6479158532570475;1.2973598084027889,12.541582926626493,1.1930564938806265;5.325463640573792,3.699943652690364,0.9547411468291342;2.859297170747846,7.553503878133155,2.1925507706303717;10.533388546054491,10.175620803711702,0.4434834056225819;13.471363977912578,4.924285787991767,1.3272358809753264;3.1989281854844065,17.094804049625413,0.4405086223709195;3.721082089191997,8.881385548157215,0.35484045745388293;6.101545181256263,8.790137986408395,1.2639000034553933;14.737980355806986,8.782652679798053,1.0509056472900933;8.401310070704824,11.991886299150524,1.2062214485731173;17.06132291164363,16.261464942281574,1.3345172871816686;17.339109943706937,6.311506988921403,2.300624148151509;14.590277332334818,8.335859238449064,1.6499407138788138;5.222352165170459,5.2246686833336335,1.2953675730785918;4.241324229439376,12.456110153327092,0.3647650457406896;6.334813280978457,3.731836136358651,2.315285015721719;3.96199220928336,15.075728766947645,0.9109831433466773;13.470667831163155,10.03843225270554,1.3979717289653883;16.36473653509302,8.086891939973933,1.0265631417602112;9.356408901119345,2.787804101659744,0.20891529902825748;2.095021869582651,17.079045109775457,0.6495937887270954"
37,drone_2,10.265,8.038,13.942,14.674,"7.143965878414324,18.52253351862183,0.8394107337496143;6.637422351629716,5.81892506984119,0.6003018776062884;0.36590554591665037,16.596997027271488,0.20777990884561767;16.70210735212728,10.387662511155286,2.4865164910063826;17.575883932032223,2.721593568127446,1.6479158532570475;1.2973598084027889,12.541582926626493,1.1930564938806265;5.325463640573792,3.699943652690364,0.9547411468291342;2.859297170747846,7.553503878133155,2.1925507706303717;10.533388546054491,10.175620803711702,0.4434834056225819;13.471363977912578,4.924285787991767,1.3272358809753264;3.1989281854844065,17.094804049625413,0.4405086223709195;3.721082089191997,8.881385548157215,0.35484045745388293;6.101545181256263,8.790137986408395,1.2639000034553933;14.737980355806986,8.782652679798053,1.0509056472900933;8.401310070704824,11.991886299150524,1.2062214485731173;17.06132291164363,16.261464942281574,1.3345172871816686;17.339109943706937,6.311506988921403,2.300624148151509;14.590277332334818,8.335859238449064,1.6499407138788138;5.222352165170459,5.2246686833336335,1.2953675730785918;4.241324229439376,12.456110153327092,0.3647650457406896;6.334813280978457,3.731836136358651,2.315285015721719;3.96199220928336,15.075728766947645,0.9109831433466773;13.470667831163155,10.03843225270554,1.3979717289653883;16.36473653509302,8.086891939973933,1.0265631417602112;9.356408901119345,2.787804101659744,0.20891529902825748;2.095021869582651,17.079045109775457,0.6495937887270954"
37,drone_3,11.813,9.103,13.942,14.674,"7.143965878414324,18.52253351862183,0.8394107337496143;6.637422351629716,5.81892506984119,0.6003018776062884;0.36590554591665037,16.596997027271488,0.20777990884561767;16.70210735212728,10.387662511155286,2.4865164910063826;17.575883932032223,2.721593568127446,1.6479158532570475;1.2973598084027889,12.541582926626493,1.1930564938806265;5.325463640573792,3.699943652690364,0.9547411468291342;2.859297170747846,7.553503878133155,2.1925507706303717;10.533388546054491,10.175620803711702,0.4434834056225819;13.471363977912578,4.924285787991767,1.3272358809753264;3.1989281854844065,17.094804049625413,0.4405086223709195;3.721082089191997,8.881385548157215,0.35484045745388293;6.101545181256263,8.790137986408395,1.2639000034553933;14.737980355806986,8.782652679798053,1.0509056472900933;8.401310070704824,11.991886299150524,1.2062214485731173;17.06132291164363,16.261464942281574,1.3345172871816686;17.339109943706937,6.311506988921403,2.300624148151509;14.590277332334818,8.335859238449064,1.6499407138788138;5.222352165170459,5.2246686833336335,1.2953675730785918;4.241324229439376,12.456110153327092,0.3647650457406896;6.334813280978457,3.731836136358651,2.315285015721719;3.96199220928336,15.075728766947645,0.9109831433466773;13.470667831163155,10.03843225270554,1.3979717289653883;16.36473653509302,8.086891939973933,1.0265631417602112;9.356408901119345,2.787804101659744,0.20891529902825748;2.095021869582651,17.079045109775457,0.6495937887270954"
37,drone_4,10.112,9.439,13.942,14.674,"7.143965878414324,18.52253351862183,0.8394107337496143;6.637422351629716,5.81892506984119,0.6003018776062884;0.36590554591665037,16.596997027271488,0.20777990884561767;16.70210735212728,10.387662511155286,2.4865164910063826;17.575883932032223,2.721593568127446,1.6479158532570475;1.2973598084027889,12.541582926626493,1.1930564938806265;5.325463640573792,3.699943652690364,0.9547411468291342;2.859297170747846,7.553503878133155,2.1925507706303717;10.533388546054491,10.175620803711702,0.4434834056225819;13.471363977912578,4.924285787991767,1.3272358809753264;3.1989281854844065,17.094804049625413,0.4405086223709195;3.721082089191997,8.881385548157215,0.35484045745388293;6.101545181256263,8.790137986408395,1.2639000034553933;14.737980355806986,8.782652679798053,1.0509056472900933;8.401310070704824,11.991886299150524,1.2062214485731173;17.06132291164363,16.261464942281574,1.3345172871816686;17.339109943706937,6.311506988921403,2.300624148151509;14.590277332334818,8.335859238449064,1.6499407138788138;5.222352165170459,5.2246686833336335,1.2953675730785918;4.241324229439376,12.456110153327092,0.3647650457406896;6.334813280978457,3.731836136358651,2.315285015721719;3.96199220928336,15.075728766947645,0.9109831433466773;13.470667831163155,10.03843225270554,1.3979717289653883;16.36473653509302,8.086891939973933,1.0265631417602112;9.356408901119345,2.787804101659744,0.20891529902825748;2.095021869582651,17.079045109775457,0.6495937887270954"
37,drone_6,11.595,10.276,13.942,14.674,"7.143965878414324,18.52253351862183,0.8394107337496143;6.637422351629716,5.81892506984119,0.6003018776062884;0.36590554591665037,16.596997027271488,0.20777990884561767;16.70210735212728,10.387662511155286,2.4865164910063826;17.575883932032223,2.721593568127446,1.6479158532570475;1.2973598084027889,12.541582926626493,1.1930564938806265;5.325463640573792,3.699943652690364,0.9547411468291342;2.859297170747846,7.553503878133155,2.1925507706303717;10.533388546054491,10.175620803711702,0.4434834056225819;13.471363977912578,4.924285787991767,1.3272358809753264;3.1989281854844065,17.094804049625413,0.4405086223709195;3.721082089191997,8.881385548157215,0.35484045745388293;6.101545181256263,8.790137986408395,1.2639000034553933;14.737980355806986,8.782652679798053,1.0509056472900933;8.401310070704824,11.991886299150524,1.2062214485731173;17.06132291164363,16.261464942281574,1.3345172871816686;17.339109943706937,6.311506988921403,2.300624148151509;14.590277332334818,8.335859238449064,1.6499407138788138;5.222352165170459,5.2246686833336335,1.2953675730785918;4.241324229439376,12.456110153327092,0.3647650457406896;6.334813280978457,3.731836136358651,2.315285015721719;3.96199220928336,15.075728766947645,0.9109831433466773;13.470667831163155,10.03843225270554,1.3979717289653883;16.36473653509302,8.086891939973933,1.0265631417602112;9.356408901119345,2.787804101659744,0.20891529902825748;2.095021869582651,17.079045109775457,0.6495937887270954"
37,drone_7,11.601,7.440,13.942,14.674,"7.143965878414324,18.52253351862183,0.8394107337496143;6.637422351629716,5.81892506984119,0.6003018776062884;0.36590554591665037,16.596997027271488,0.20777990884561767;16.70210735212728,10.387662511155286,2.4865164910063826;17.575883932032223,2.721593568127446,1.6479158532570475;1.2973598084027889,12.541582926626493,1.1930564938806265;5.325463640573792,3.699943652690364,0.9547411468291342;2.859297170747846,7.553503878133155,2.1925507706303717;10.533388546054491,10.175620803711702,0.4434834056225819;13.471363977912578,4.924285787991767,1.3272358809753264;3.1989281854844065,17.094804049625413,0.4405086223709195;3.721082089191997,8.881385548157215,0.35484045745388293;6.101545181256263,8.790137986408395,1.2639000034553933;14.737980355806986,8.782652679798053,1.0509056472900933;8.401310070704824,11.991886299150524,1.2062214485731173;17.06132291164363,16.261464942281574,1.3345172871816686;17.339109943706937,6.311506988921403,2.300624148151509;14.590277332334818,8.335859238449064,1.6499407138788138;5.222352165170459,5.2246686833336335,1.2953675730785918;4.241324229439376,12.456110153327092,0.3647650457406896;6.334813280978457,3.731836136358651,2.315285015721719;3.96199220928336,15.075728766947645,0.9109831433466773;13.470667831163155,10.03843225270554,1.3979717289653883;16.36473653509302,8.086891939973933,1.0265631417602112;9.356408901119345,2.787804101659744,0.20891529902825748;2.095021869582651,17.079045109775457,0.6495937887270954"
37,drone_8,11.147,8.336,13.942,14.674,"7.143965878414324,18.52253351862183,0.8394107337496143;6.637422351629716,5.81892506984119,0.6003018776062884;0.36590554591665037,16.596997027271488,0.20777990884561767;16.70210735212728,10.387662511155286,2.4865164910063826;17.575883932032223,2.721593568127446,1.6479158532570475;1.2973598084027889,12.541582926626493,1.1930564938806265;5.325463640573792,3.699943652690364,0.9547411468291342;2.859297170747846,7.553503878133155,2.1925507706303717;10.533388546054491,10.175620803711702,0.4434834056225819;13.471363977912578,4.924285787991767,1.3272358809753264;3.1989281854844065,17.094804049625413,0.4405086223709195;3.721082089191997,8.881385548157215,0.35484045745388293;6.101545181256263,8.790137986408395,1.2639000034553933;14.737980355806986,8.782652679798053,1.0509056472900933;8.401310070704824,11.991886299150524,1.2062214485731173;17.06132291164363,16.261464942281574,1.3345172871816686;17.339109943706937,6.311506988921403,2.300624148151509;14.590277332334818,8.335859238449064,1.6499407138788138;5.222352165170459,5.2246686833336335,1.2953675730785918;4.241324229439376,12.456110153327092,0.3647650457406896;6.334813280978457,3.731836136358651,2.315285015721719;3.96199220928336,15.075728766947645,0.9109831433466773;13.470667831163155,10.03843225270554,1.3979717289653883;16.36473653509302,8.086891939973933,1.0265631417602112;9.356408901119345,2.787804101659744,0.20891529902825748;2.095021869582651,17.079045109775457,0.6495937887270954"
37,drone_9,11.303,9.891,13.942,14.674,"7.143965878414324,18.52253351862183,0.8394107337496143;6.637422351629716,5.81892506984119,0.6003018776062884;0.36590554591665037,16.596997027271488,0.20777990884561767;16.70210735212728,10.387662511155286,2.4865164910063826;17.575883932032223,2.721593568127446,1.6479158532570475;1.2973598084027889,12.541582926626493,1.1930564938806265;5.325463640573792,3.699943652690364,0.9547411468291342;2.859297170747846,7.553503878133155,2.1925507706303717;10.533388546054491,10.175620803711702,0.4434834056225819;13.471363977912578,4.924285787991767,1.3272358809753264;3.1989281854844065,17.094804049625413,0.4405086223709195;3.721082089191997,8.881385548157215,0.35484045745388293;6.101545181256263,8.790137986408395,1.2639000034553933;14.737980355806986,8.782652679798053,1.0509056472900933;8.401310070704824,11.991886299150524,1.2062214485731173;17.06132291164363,16.261464942281574,1.3345172871816686;17.339109943706937,6.311506988921403,2.300624148151509;14.590277332334818,8.335859238449064,1.6499407138788138;5.222352165170459,5.2246686833336335,1.2953675730785918;4.241324229439376,12.456110153327092,0.3647650457406896;6.334813280978457,3.731836136358651,2.315285015721719;3.96199220928336,15.075728766947645,0.9109831433466773;13.470667831163155,10.03843225270554,1.3979717289653883;16.36473653509302,8.086891939973933,1.0265631417602112;9.356408901119345,2.787804101659744,0.20891529902825748;2.095021869582651,17.079045109775457,0.6495937887270954"
38,drone_1,12.124,8.290,13.942,14.674,"7.143965878414324,18.52253351862183,0.8394107337496143;6.637422351629716,5.81892506984119,0.6003018776062884;0.36590554591665037,16.596997027271488,0.20777990884561767;16.70210735212728,10.387662511155286,2.4865164910063826;17.575883932032223,2.721593568127446,1.6479158532570475;1.2973598084027889,12.541582926626493,1.1930564938806265;5.325463640573792,3.699943652690364,0.9547411468291342;2.859297170747846,7.553503878133155,2.1925507706303717;10.533388546054491,10.175620803711702,0.4434834056225819;13.471363977912578,4.924285787991767,1.3272358809753264;3.1989281854844065,17.094804049625413,0.4405086223709195;3.721082089191997,8.881385548157215,0.35484045745388293;6.101545181256263,8.790137986408395,1.2639000034553933;14.737980355806986,8.782652679798053,1.0509056472900933;8.401310070704824,11.991886299150524,1.2062214485731173;17.06132291164363,16.261464942281574,1.3345172871816686;17.339109943706937,6.311506988921403,2.300624148151509;14.590277332334818,8.335859238449064,1.6499407138788138;5.222352165170459,5.2246686833336335,1.2953675730785918;4.241324229439376,12.456110153327092,0.3647650457406896;6.334813280978457,3.731836136358651,2.315285015721719;3.96199220928336,15.075728766947645,0.9109831433466773;13.470667831163155,10.03843225270554,1.3979717289653883;16.36473653509302,8.086891939973933,1.0265631417602112;9.356408901119345,2.787804101659744,0.20891529902825748;2.095021869582651,17.079045109775457,0.6495937887270954"
38,drone_2,10.310,8.204,13.942,14.674,"7.143965878414324,18.52253351862183,0.8394107337496143;6.637422351629716,5.81892506984119,0.6003018776062884;0.36590554591665037,16.596997027271488,0.20777990884561767;16.70210735212728,10.387662511155286,2.4865164910063826;17.575883932032223,2.721593568127446,1.6479158532570475;1.2973598084027889,12.541582926626493,1.1930564938806265;5.325463640573792,3.699943652690364,0.9547411468291342;2.859297170747846,7.553503878133155,2.1925507706303717;10.533388546054491,10.175620803711702,0.4434834056225819;13.471363977912578,4.924285787991767,1.3272358809753264;3.1989281854844065,17.094804049625413,0.4405086223709195;3.721082089191997,8.881385548157215,0.35484045745388293;6.101545181256263,8.790137986408395,1.2639000034553933;14.737980355806986,8.782652679798053,1.0509056472900933;8.401310070704824,11.991886299150524,1.2062214485731173;17.06132291164363,16.261464942281574,1.3345172871816686;17.339109943706937,6.311506988921403,2.300624148151509;14.590277332334818,8.335859238449064,1.6499407138788138;5.222352165170459,5.2246686833336335,1.2953675730785918;4.241324229439376,12.456110153327092,0.3647650457406896;6.334813280978457,3.731836136358651,2.315285015721719;3.96199220928336,15.075728766947645,0.9109831433466773;13.470667831163155,10.03843225270554,1.3979717289653883;16.36473653509302,8.086891939973933,1.0265631417602112;9.356408901119345,2.787804101659744,0.20891529902825748;2.095021869582651,17.079045109775457,0.6495937887270954"
38,drone_3,11.713,9.212,13.942,14.674,"7.143965878414324,18.52253351862183,0.8394107337496143;6.637422351629716,5.81892506984119,0.6003018776062884;0.36590554591665037,16.596997027271488,0.20777990884561767;16.70210735212728,10.387662511155286,2.4865164910063826;17.575883932032223,2.721593568127446,1.6479158532570475;1.2973598084027889,12.541582926626493,1.1930564938806265;5.325463640573792,3.699943652690364,0.9547411468291342;2.859297170747846,7.553503878133155,2.1925507706303717;10.533388546054491,10.175620803711702,0.4434834056225819;13.471363977912578,4.924285787991767,1.3272358809753264;3.1989281854844065,17.094804049625413,0.4405086223709195;3.721082089191997,8.881385548157215,0.35484045745388293;6.101545181256263,8.790137986408395,1.2639000034553933;14.737980355806986,8.782652679798053,1.0509056472900933;8.401310070704824,11.991886299150524,1.2062214485731173;17.06132291164363,16.261464942281574,1.3345172871816686;17.339109943706937,6.311506988921403,2.300624148151509;14.590277332334818,8.335859238449064,1.6499407138788138;5.222352165170459,5.2246686833336335,1.2953675730785918;4.241324229439376,12.456110153327092,0.3647650457406896;6.334813280978457,3.731836136358651,2.315285015721719;3.96199220928336,15.075728766947645,0.9109831433466773;13.470667831163155,10.03843225270554,1.3979717289653883;16.36473653509302,8.086891939973933,1.0265631417602112;9.356408901119345,2.787804101659744,0.20891529902825748;2.095021869582651,17.079045109775457,0.6495937887270954"
38,drone_4,9.915,9.408,13.942,14.674,"7.143965878414324,18.52253351862183,0.8394107337496143;6.637422351629716,5.81892506984119,0.6003018776062884;0.36590554591665037,16.596997027271488,0.20777990884561767;16.70210735212728,10.387662511155286,2.4865164910063826;17.575883932032223,2.721593568127446,1.6479158532570475;1.2973598084027889,12.541582926626493,1.1930564938806265;5.325463640573792,3.699943652690364,0.9547411468291342;2.859297170747846,7.553503878133155,2.1925507706303717;10.533388546054491,10.175620803711702,0.4434834056225819;13.471363977912578,4.924285787991767,1.3272358809753264;3.1989281854844065,17.094804049625413,0.4405086223709195;3.721082089191997,8.881385548157215,0.35484045745388293;6.101545181256263,8.790137986408395,1.2639000034553933;14.737980355806986,8.782652679798053,1.0509056472900933;8.401310070704824,11.991886299150524,1.2062214485731173;17.06132291164363,16.261464942281574,1.3345172871816686;17.339109943706937,6.311506988921403,2.300624148151509;14.590277332334818,8.335859238449064,1.6499407138788138;5.222352165170459,5.2246686833336335,1.2953675730785918;4.241324229439376,12.456110153327092,0.3647650457406896;6.334813280978457,3.731836136358651,2.315285015721719;3.96199220928336,15.075728766947645,0.9109831433466773;13.470667831163155,10.03843225270554,1.3979717289653883;16.36473653509302,8.086891939973933,1.0265631417602112;9.356408901119345,2.787804101659744,0.20891529902825748;2.095021869582651,17.079045109775457,0.6495937887270954"
38,drone_6,11.631,10.444,13.942,14.674,"7.143965878414324,18.52253351862183,0.8394107337496143;6.637422351629716,5.81892506984119,0.6003018776062884;0.36590554591665037,16.596997027271488,0.20777990884561767;16.70210735212728,10.387662511155286,2.4865164910063826;17.575883932032223,2.721593568127446,1.6479158532570475;1.2973598084027889,12.541582926626493,1.1930564938806265;5.325463640573792,3.699943652690364,0.9547411468291342;2.859297170747846,7.553503878133155,2.1925507706303717;10.533388546054491,10.175620803711702,0.4434834056225819;13.471363977912578,4.924285787991767,1.3272358809753264;3.1989281854844065,17.094804049625413,0.4405086223709195;3.721082089191997,8.881385548157215,0.35484045745388293;6.101545181256263,8.790137986408395,1.2639000034553933;14.737980355806986,8.782652679798053,1.0509056472900933;8.401310070704824,11.991886299150524,1.2062214485731173;17.06132291164363,16.261464942281574,1.3345172871816686;17.339109943706937,6.311506988921403,2.300624148151509;14.590277332334818,8.335859238449064,1.6499407138788138;5.222352165170459,5.2246686833336335,1.2953675730785918;4.241324229439376,12.456110153327092,0.3647650457406896;6.334813280978457,3.731836136358651,2.315285015721719;3.96199220928336,15.075728766947645,0.9109831433466773;13.470667831163155,10.03843225270554,1.3979717289653883;16.36473653509302,8.086891939973933,1.0265631417602112;9.356408901119345,2.787804101659744,0.20891529902825748;2.095021869582651,17.079045109775457,0.6495937887270954"
38,drone_7,11.576,7.610,13.942,14.674,"7.143965878414324,18.52253351862183,0.8394107337496143;6.637422351629716,5.81892506984119,0.6003018776062884;0.36590554591665037,16.596997027271488,0.20777990884561767;16.70210735212728,10.387662511155286,2.4865164910063826;17.575883932032223,2.721593568127446,1.6479158532570475;1.2973598084027889,12.541582926626493,1.1930564938806265;5.325463640573792,3.699943652690364,0.9547411468291342;2.859297170747846,7.553503878133155,2.1925507706303717;10.533388546054491,10.175620803711702,0.4434834056225819;13.471363977912578,4.924285787991767,1.3272358809753264;3.1989281854844065,17.094804049625413,0.4405086223709195;3.721082089191997,8.881385548157215,0.35484045745388293;6.101545181256263,8.790137986408395,1.2639000034553933;14.737980355806986,8.782652679798053,1.0509056472900933;8.401310070704824,11.991886299150524,1.2062214485731173;17.06132291164363,16.261464942281574,1.3345172871816686;17.339109943706937,6.311506988921403,2.300624148151509;14.590277332334818,8.335859238449064,1.6499407138788138;5.222352165170459,5.2246686833336335,1.2953675730785918;4.241324229439376,12.456110153327092,0.3647650457406896;6.334813280978457,3.731836136358651,2.315285015721719;3.96199220928336,15.075728766947645,0.9109831433466773;13.470667831163155,10.03843225270554,1.3979717289653883;16.36473653509302,8.086891939973933,1.0265631417602112;9.356408901119345,2.787804101659744,0.20891529902825748;2.095021869582651,17.079045109775457,0.6495937887270954"
38,drone_8,11.118,8.460,13.942,14.674,"7.143965878414324,18.52253351862183,0.8394107337496143;6.637422351629716,5.81892506984119,0.6003018776062884;0.36590554591665037,16.596997027271488,0.20777990884561767;16.70210735212728,10.387662511155286,2.4865164910063826;17.575883932032223,2.721593568127446,1.6479158532570475;1.2973598084027889,12.541582926626493,1.1930564938806265;5.325463640573792,3.699943652690364,0.9547411468291342;2.859297170747846,7.553503878133155,2.1925507706303717;10.533388546054491,10.175620803711702,0.4434834056225819;13.471363977912578,4.924285787991767,1.3272358809753264;3.1989281854844065,17.094804049625413,0.4405086223709195;3.721082089191997,8.881385548157215,0.35484045745388293;6.101545181256263,8.790137986408395,1.2639000034553933;14.737980355806986,8.782652679798053,1.0509056472900933;8.401310070704824,11.991886299150524,1.2062214485731173;17.06132291164363,16.261464942281574,1.3345172871816686;17.339109943706937,6.311506988921403,2.300624148151509;14.590277332334818,8.335859238449064,1.6499407138788138;5.222352165170459,5.2246686833336335,1.2953675730785918;4.241324229439376,12.456110153327092,0.3647650457406896;6.334813280978457,3.731836136358651,2.315285015721719;3.96199220928336,15.075728766947645,0.9109831433466773;13.470667831163155,10.03843225270554,1.3979717289653883;16.36473653509302,8.086891939973933,1.0265631417602112;9.356408901119345,2.787804101659744,0.20891529902825748;2.095021869582651,17.079045109775457,0.6495937887270954"
38,drone_9,11.274,10.036,13.942,14.674,"7.143965878414324,18.52253351862183,0.8394107337496143;6.637422351629716,5.81892506984119,0.6003018776062884;0.36590554591665037,16.596997027271488,0.20777990884561767;16.70210735212728,10.387662511155286,2.4865164910063826;17.575883932032223,2.721593568127446,1.6479158532570475;1.2973598084027889,12.541582926626493,1.1930564938806265;5.325463640573792,3.699943652690364,0.9547411468291342;2.859297170747846,7.553503878133155,2.1925507706303717;10.533388546054491,10.175620803711702,0.4434834056225819;13.471363977912578,4.924285787991767,1.3272358809753264;3.1989281854844065,17.094804049625413,0.4405086223709195;3.721082089191997,8.881385548157215,0.35484045745388293;6.101545181256263,8.790137986408395,1.2639000034553933;14.737980355806986,8.782652679798053,1.0509056472900933;8.401310070704824,11.991886299150524,1.2062214485731173;17.06132291164363,16.261464942281574,1.3345172871816686;17.339109943706937,6.311506988921403,2.300624148151509;14.590277332334818,8.335859238449064,1.6499407138788138;5.222352165170459,5.2246686833336335,1.2953675730785918;4.241324229439376,12.456110153327092,0.3647650457406896;6.334813280978457,3.731836136358651,2.315285015721719;3.96199220928336,15.075728766947645,0.9109831433466773;13.470667831163155,10.03843225270554,1.3979717289653883;16.36473653509302,8.086891939973933,1.0265631417602112;9.356408901119345,2.787804101659744,0.20891529902825748;2.095021869582651,17.079045109775457,0.6495937887270954"
39,drone_1,12.066,8.452,13.942,14.674,"7.143965878414324,18.52253351862183,0.8394107337496143;6.637422351629716,5.81892506984119,0.6003018776062884;0.36590554591665037,16.596997027271488,0.20777990884561767;16.70210735212728,10.387662511155286,2.4865164910063826;17.575883932032223,2.721593568127446,1.6479158532570475;1.2973598084027889,12.541582926626493,1.1930564938806265;5.325463640573792,3.699943652690364,0.9547411468291342;2.859297170747846,7.553503878133155,2.1925507706303717;10.533388546054491,10.175620803711702,0.4434834056225819;13.471363977912578,4.924285787991767,1.3272358809753264;3.1989281854844065,17.094804049625413,0.4405086223709195;3.721082089191997,8.881385548157215,0.35484045745388293;6.101545181256263,8.790137986408395,1.2639000034553933;14.737980355806986,8.782652679798053,1.0509056472900933;8.401310070704824,11.991886299150524,1.2062214485731173;17.06132291164363,16.261464942281574,1.3345172871816686;17.339109943706937,6.311506988921403,2.300624148151509;14.590277332334818,8.335859238449064,1.6499407138788138;5.222352165170459,5.2246686833336335,1.2953675730785918;4.241324229439376,12.456110153327092,0.3647650457406896;6.334813280978457,3.731836136358651,2.315285015721719;3.96199220928336,15.075728766947645,0.9109831433466773;13.470667831163155,10.03843225270554,1.3979717289653883;16.36473653509302,8.086891939973933,1.0265631417602112;9.356408901119345,2.787804101659744,0.20891529902825748;2.095021869582651,17.079045109775457,0.6495937887270954"
39,drone_2,10.275,8.373,13.942,14.674,"7.143965878414324,18.52253351862183,0.8394107337496143;6.637422351629716,5.81892506984119,0.6003018776062884;0.36590554591665037,16.596997027271488,0.20777990884561767;16.70210735212728,10.387662511155286,2.4865164910063826;17.575883932032223,2.721593568127446,1.6479158532570475;1.2973598084027889,12.541582926626493,1.1930564938806265;5.325463640573792,3.699943652690364,0.9547411468291342;2.859297170747846,7.553503878133155,2.1925507706303717;10.533388546054491,10.175620803711702,0.4434834056225819;13.471363977912578,4.924285787991767,1.3272358809753264;3.1989281854844065,17.094804049625413,0.4405086223709195;3.721082089191997,8.881385548157215,0.35484045745388293;6.101545181256263,8.790137986408395,1.2639000034553933;14.737980355806986,8.782652679798053,1.0509056472900933;8.401310070704824,11.991886299150524,1.2062214485731173;17.06132291164363,16.261464942281574,1.3345172871816686;17.339109943706937,6.311506988921403,2.300624148151509;14.590277332334818,8.335859238449064,1.6499407138788138;5.222352165170459,5.2246686833336335,1.2953675730785918;4.241324229439376,12.456110153327092,0.3647650457406896;6.334813280978457,3.731836136358651,2.315285015721719;3.96199220928336,15.075728766947645,0.9109831433466773;13.470667831163155,10.03843225270554,1.3979717289653883;16.36473653509302,8.086891939973933,1.0265631417602112;9.356408901119345,2.787804101659744,0.20891529902825748;2.095021869582651,17.079045109775457,0.6495937887270954"
39,drone_3,11.625,9.305,13.942,14.674,"7.143965878414324,18.52253351862183,0.8394107337496143;6.637422351629716,5.81892506984119,0.6003018776062884;0.36590554591665037,16.596997027271488,0.20777990884561767;16.70210735212728,10.387662511155286,2.4865164910063826;17.575883932032223,2.721593568127446,1.6479158532570475;1.2973598084027889,12.541582926626493,1.1930564938806265;5.325463640573792,3.699943652690364,0.9547411468291342;2.859297170747846,7.553503878133155,2.1925507706303717;10.533388546054491,10.175620803711702,0.4434834056225819;13.471363977912578,4.924285787991767,1.3272358809753264;3.1989281854844065,17.094804049625413,0.4405086223709195;3.721082089191997,8.881385548157215,0.35484045745388293;6.101545181256263,8.790137986408395,1.2639000034553933;14.737980355806986,8.782652679798053,1.0509056472900933;8.401310070704824,11.991886299150524,1.2062214485731173;17.06132291164363,16.261464942281574,1.3345172871816686;17.339109943706937,6.311506988921403,2.300624148151509;14.590277332334818,8.335859238449064,1.6499407138788138;5.222352165170459,5.2246686833336335,1.2953675730785918;4.241324229439376,12.456110153327092,0.3647650457406896;6.334813280978457,3.731836136358651,2.315285015721719;3.96199220928336,15.075728766947645,0.9109831433466773;13.470667831163155,10.03843225270554,1.3979717289653883;16.36473653509302,8.086891939973933,1.0265631417602112;9.356408901119345,2.787804101659744,0.20891529902825748;2.095021869582651,17.079045109775457,0.6495937887270954"
39,drone_4,9.720,9.454,13.942,14.674,"7.143965878414324,18.52253351862183,0.8394107337496143;6.637422351629716,5.81892506984119,0.6003018776062884;0.36590554591665037,16.596997027271488,0.20777990884561767;16.70210735212728,10.387662511155286,2.4865164910063826;17.575883932032223,2.721593568127446,1.6479158532570475;1.2973598084027889,12.541582926626493,1.1930564938806265;5.325463640573792,3.699943652690364,0.9547411468291342;2.859297170747846,7.553503878133155,2.1925507706303717;10.533388546054491,10.175620803711702,0.4434834056225819;13.471363977912578,4.924285787991767,1.3272358809753264;3.1989281854844065,17.094804049625413,0.4405086223709195;3.721082089191997,8.881385548157215,0.35484045745388293;6.101545181256263,8.790137986408395,1.2639000034553933;14.737980355806986,8.782652679798053,1.0509056472900933;8.401310070704824,11.991886299150524,1.2062214485731173;17.06132291164363,16.261464942281574,1.3345172871816686;17.339109943706937,6.311506988921403,2.300624148151509;14.590277332334818,8.335859238449064,1.6499407138788138;5.222352165170459,5.2246686833336335,1.2953675730785918;4.241324229439376,12.456110153327092,0.3647650457406896;6.334813280978457,3.731836136358651,2.315285015721719;3.96199220928336,15.075728766947645,0.9109831433466773;13.470667831163155,10.03843225270554,1.3979717289653883;16.36473653509302,8.086891939973933,1.0265631417602112;9.356408901119345,2.787804101659744,0.20891529902825748;2.095021869582651,17.079045109775457,0.6495937887270954"
39,drone_6,11.591,10.612,13.942,14.674,"7.143965878414324,18.52253351862183,0.8394107337496143;6.637422351629716,5.81892506984119,0.6003018776062884;0.36590554591665037,16.596997027271488,0.20777990884561767;16.70210735212728,10.387662511155286,2.4865164910063826;17.575883932032223,2.721593568127446,1.6479158532570475;1.2973598084027889,12.541582926626493,1.1930564938806265;5.325463640573792,3.699943652690364,0.9547411468291342;2.859297170747846,7.553503878133155,2.1925507706303717;10.533388546054491,10.175620803711702,0.4434834056225819;13.471363977912578,4.924285787991767,1.3272358809753264;3.1989281854844065,17.094804049625413,0.4405086223709195;3.721082089191997,8.881385548157215,0.35484045745388293;6.101545181256263,8.790137986408395,1.2639000034553933;14.737980355806986,8.782652679798053,1.0509056472900933;8.401310070704824,11.991886299150524,1.2062214485731173;17.06132291164363,16.261464942281574,1.3345172871816686;17.339109943706937,6.311506988921403,2.300624148151509;14.590277332334818,8.335859238449064,1.6499407138788138;5.222352165170459,5.2246686833336335,1.2953675730785918;4.241324229439376,12.456110153327092,0.3647650457406896;6.334813280978457,3.731836136358651,2.315285015721719;3.96199220928336,15.075728766947645,0.9109831433466773;13.470667831163155,10.03843225270554,1.3979717289653883;16.36473653509302,8.086891939973933,1.0265631417602112;9.356408901119345,2.787804101659744,0.20891529902825748;2.095021869582651,17.079045109775457,0.6495937887270954"
39,drone_7,11.616,7.753,13.942,14.674,"7.143965878414324,18.52253351862183,0.8394107337496143;6.637422351629716,5.81892506984119,0.6003018776062884;0.36590554591665037,16.596997027271488,0.20777990884561767;16.70210735212728,10.387662511155286,2.4865164910063826;17.575883932032223,2.721593568127446,1.6479158532570475;1.2973598084027889,12.541582926626493,1.1930564938806265;5.325463640573792,3.699943652690364,0.9547411468291342;2.859297170747846,7.553503878133155,2.1925507706303717;10.533388546054491,10.175620803711702,0.4434834056225819;13.471363977912578,4.924285787991767,1.3272358809753264;3.1989281854844065,17.094804049625413,0.4405086223709195;3.721082089191997,8.881385548157215,0.35484045745388293;6.101545181256263,8.790137986408395,1.2639000034553933;14.737980355806986,8.782652679798053,1.0509056472900933;8.401310070704824,11.991886299150524,1.2062214485731173;17.06132291164363,16.261464942281574,1.3345172871816686;17.339109943706937,6.311506988921403,2.300624148151509;14.590277332334818,8.335859238449064,1.6499407138788138;5.222352165170459,5.2246686833336335,1.2953675730785918;4.241324229439376,12.456110153327092,0.3647650457406896;6.334813280978457,3.731836136358651,2.315285015721719;3.96199220928336,15.075728766947645,0.9109831433466773;13.470667831163155,10.03843225270554,1.3979717289653883;16.36473653509302,8.086891939973933,1.0265631417602112;9.356408901119345,2.787804101659744,0.20891529902825748;2.095021869582651,17.079045109775457,0.6495937887270954"
39,drone_8,11.063,8.555,13.942,14.674,"7.143965878414324,18.52253351862183,0.8394107337496143;6.637422351629716,5.81892506984119,0.6003018776062884;0.36590554591665037,16.596997027271488,0.20777990884561767;16.70210735212728,10.387662511155286,2.4865164910063826;17.575883932032223,2.721593568127446,1.6479158532570475;1.2973598084027889,12.541582926626493,1.1930564938806265;5.325463640573792,3.699943652690364,0.9547411468291342;2.859297170747846,7.553503878133155,2.1925507706303717;10.533388546054491,10.175620803711702,0.4434834056225819;13.471363977912578,4.924285787991767,1.3272358809753264;3.1989281854844065,17.094804049625413,0.4405086223709195;3.721082089191997,8.881385548157215,0.35484045745388293;6.101545181256263,8.790137986408395,1.2639000034553933;14.737980355806986,8.782652679798053,1.0509056472900933;8.401310070704824,11.991886299150524,1.2062214485731173;17.06132291164363,16.261464942281574,1.3345172871816686;17.339109943706937,6.311506988921403,2.300624148151509;14.590277332334818,8.335859238449064,1.6499407138788138;5.222352165170459,5.2246686833336335,1.2953675730785918;4.241324229439376,12.456110153327092,0.3647650457406896;6.334813280978457,3.731836136358651,2.315285015721719;3.96199220928336,15.075728766947645,0.9109831433466773;13.470667831163155,10.03843225270554,1.3979717289653883;16.36473653509302,8.086891939973933,1.0265631417602112;9.356408901119345,2.787804101659744,0.20891529902825748;2.095021869582651,17.079045109775457,0.6495937887270954"
39,drone_9,11.315,10.179,13.942,14.674,"7.143965878414324,18.52253351862183,0.8394107337496143;6.637422351629716,5.81892506984119,0.6003018776062884;0.36590554591665037,16.596997027271488,0.20777990884561767;16.70210735212728,10.387662511155286,2.4865164910063826;17.575883932032223,2.721593568127446,1.6479158532570475;1.2973598084027889,12.541582926626493,1.1930564938806265;5.325463640573792,3.699943652690364,0.9547411468291342;2.859297170747846,7.553503878133155,2.1925507706303717;10.533388546054491,10.175620803711702,0.4434834056225819;13.471363977912578,4.924285787991767,1.3272358809753264;3.1989281854844065,17.094804049625413,0.4405086223709195;3.721082089191997,8.881385548157215,0.35484045745388293;6.101545181256263,8.790137986408395,1.2639000034553933;14.737980355806986,8.782652679798053,1.0509056472900933;8.401310070704824,11.991886299150524,1.2062214485731173;17.06132291164363,16.261464942281574,1.3345172871816686;17.339109943706937,6.311506988921403,2.300624148151509;14.590277332334818,8.335859238449064,1.6499407138788138;5.222352165170459,5.2246686833336335,1.2953675730785918;4.241324229439376,12.456110153327092,0.3647650457406896;6.334813280978457,3.731836136358651,2.315285015721719;3.96199220928336,15.075728766947645,0.9109831433466773;13.470667831163155,10.03843225270554,1.3979717289653883;16.36473653509302,8.086891939973933,1.0265631417602112;9.356408901119345,2.787804101659744,0.20891529902825748;2.095021869582651,17.079045109775457,0.6495937887270954"
40,drone_1,11.989,8.578,13.942,14.674,"7.143965878414324,18.52253351862183,0.8394107337496143;6.637422351629716,5.81892506984119,0.6003018776062884;0.36590554591665037,16.596997027271488,0.20777990884561767;16.70210735212728,10.387662511155286,2.4865164910063826;17.575883932032223,2.721593568127446,1.6479158532570475;1.2973598084027889,12.541582926626493,1.1930564938806265;5.325463640573792,3.699943652690364,0.9547411468291342;2.859297170747846,7.553503878133155,2.1925507706303717;10.533388546054491,10.175620803711702,0.4434834056225819;13.471363977912578,4.924285787991767,1.3272358809753264;3.1989281854844065,17.094804049625413,0.4405086223709195;3.721082089191997,8.881385548157215,0.35484045745388293;6.101545181256263,8.790137986408395,1.2639000034553933;14.737980355806986,8.782652679798053,1.0509056472900933;8.401310070704824,11.991886299150524,1.2062214485731173;17.06132291164363,16.261464942281574,1.3345172871816686;17.339109943706937,6.311506988921403,2.300624148151509;14.590277332334818,8.335859238449064,1.6499407138788138;5.222352165170459,5.2246686833336335,1.2953675730785918;4.241324229439376,12.456110153327092,0.3647650457406896;6.334813280978457,3.731836136358651,2.315285015721719;3.96199220928336,15.075728766947645,0.9109831433466773;13.470667831163155,10.03843225270554,1.3979717289653883;16.36473653509302,8.086891939973933,1.0265631417602112;9.356408901119345,2.787804101659744,0.20891529902825748;2.095021869582651,17.079045109775457,0.6495937887270954"
40,drone_2,10.316,8.540,13.942,14.674,"7.143965878414324,18.52253351862183,0.8394107337496143;6.637422351629716,5.81892506984119,0.6003018776062884;0.36590554591665037,16.596997027271488,0.20777990884561767;16.70210735212728,10.387662511155286,2.4865164910063826;17.575883932032223,2.721593568127446,1.6479158532570475;1.2973598084027889,12.541582926626493,1.1930564938806265;5.325463640573792,3.699943652690364,0.9547411468291342;2.859297170747846,7.553503878133155,2.1925507706303717;10.533388546054491,10.175620803711702,0.4434834056225819;13.471363977912578,4.924285787991767,1.3272358809753264;3.1989281854844065,17.094804049625413,0.4405086223709195;3.721082089191997,8.881385548157215,0.35484045745388293;6.101545181256263,8.790137986408395,1.2639000034553933;14.737980355806986,8.782652679798053,1.0509056472900933;8.401310070704824,11.991886299150524,1.2062214485731173;17.06132291164363,16.261464942281574,1.3345172871816686;17.339109943706937,6.311506988921403,2.300624148151509;14.590277332334818,8.335859238449064,1.6499407138788138;5.222352165170459,5.2246686833336335,1.2953675730785918;4.241324229439376,12.456110153327092,0.3647650457406896;6.334813280978457,3.731836136358651,2.315285015721719;3.96199220928336,15.075728766947645,0.9109831433466773;13.470667831163155,10.03843225270554,1.3979717289653883;16.36473653509302,8.086891939973933,1.0265631417602112;9.356408901119345,2.787804101659744,0.20891529902825748;2.095021869582651,17.079045109775457,0.6495937887270954"
40,drone_3,11.632,9.432,13.942,14.674,"7.143965878414324,18.52253351862183,0.8394107337496143;6.637422351629716,5.81892506984119,0.6003018776062884;0.36590554591665037,16.596997027271488,0.20777990884561767;16.70210735212728,10.387662511155286,2.4865164910063826;17.575883932032223,2.721593568127446,1.6479158532570475;1.2973598084027889,12.541582926626493,1.1930564938806265;5.325463640573792,3.699943652690364,0.9547411468291342;2.859297170747846,7.553503878133155,2.1925507706303717;10.533388546054491,10.175620803711702,0.4434834056225819;13.471363977912578,4.924285787991767,1.3272358809753264;3.1989281854844065,17.094804049625413,0.4405086223709195;3.721082089191997,8.881385548157215,0.35484045745388293;6.101545181256263,8.790137986408395,1.2639000034553933;14.737980355806986,8.782652679798053,1.0509056472900933;8.401310070704824,11.991886299150524,1.2062214485731173;17.06132291164363,16.261464942281574,1.3345172871816686;17.339109943706937,6.311506988921403,2.300624148151509;14.590277332334818,8.335859238449064,1.6499407138788138;5.222352165170459,5.2246686833336335,1.2953675730785918;4.241324229439376,12.456110153327092,0.3647650457406896;6.334813280978457,3.731836136358651,2.315285015721719;3.96199220928336,15.075728766947645,0.9109831433466773;13.470667831163155,10.03843225270554,1.3979717289653883;16.36473653509302,8.086891939973933,1.0265631417602112;9.356408901119345,2.787804101659744,0.20891529902825748;2.095021869582651,17.079045109775457,0.6495937887270954"
40,drone_4,9.625,9.599,13.942,14.674,"7.143965878414324,18.52253351862183,0.8394107337496143;6.637422351629716,5.81892506984119,0.6003018776062884;0.36590554591665037,16.596997027271488,0.20777990884561767;16.70210735212728,10.387662511155286,2.4865164910063826;17.575883932032223,2.721593568127446,1.6479158532570475;1.2973598084027889,12.541582926626493,1.1930564938806265;5.325463640573792,3.699943652690364,0.9547411468291342;2.859297170747846,7.553503878133155,2.1925507706303717;10.533388546054491,10.175620803711702,0.4434834056225819;13.471363977912578,4.924285787991767,1.3272358809753264;3.1989281854844065,17.094804049625413,0.4405086223709195;3.721082089191997,8.881385548157215,0.35484045745388293;6.101545181256263,8.790137986408395,1.2639000034553933;14.737980355806986,8.782652679798053,1.0509056472900933;8.401310070704824,11.991886299150524,1.2062214485731173;17.06132291164363,16.261464942281574,1.3345172871816686;17.339109943706937,6.311506988921403,2.300624148151509;14.590277332334818,8.335859238449064,1.6499407138788138;5.222352165170459,5.2246686833336335,1.2953675730785918;4.241324229439376,12.456110153327092,0.3647650457406896;6.334813280978457,3.731836136358651,2.315285015721719;3.96199220928336,15.075728766947645,0.9109831433466773;13.470667831163155,10.03843225270554,1.3979717289653883;16.36473653509302,8.086891939973933,1.0265631417602112;9.356408901119345,2.787804101659744,0.20891529902825748;2.095021869582651,17.079045109775457,0.6495937887270954"
40,drone_6,11.629,10.780,13.942,14.674,"7.143965878414324,18.52253351862183,0.8394107337496143;6.637422351629716,5.81892506984119,0.6003018776062884;0.36590554591665037,16.596997027271488,0.20777990884561767;16.70210735212728,10.387662511155286,2.4865164910063826;17.575883932032223,2.721593568127446,1.6479158532570475;1.2973598084027889,12.541582926626493,1.1930564938806265;5.325463640573792,3.699943652690364,0.9547411468291342;2.859297170747846,7.553503878133155,2.1925507706303717;10.533388546054491,10.175620803711702,0.4434834056225819;13.471363977912578,4.924285787991767,1.3272358809753264;3.1989281854844065,17.094804049625413,0.4405086223709195;3.721082089191997,8.881385548157215,0.35484045745388293;6.101545181256263,8.790137986408395,1.2639000034553933;14.737980355806986,8.782652679798053,1.0509056472900933;8.401310070704824,11.991886299150524,1.2062214485731173;17.06132291164363,16.261464942281574,1.3345172871816686;17.339109943706937,6.311506988921403,2.300624148151509;14.590277332334818,8.335859238449064,1.6499407138788138;5.222352165170459,5.2246686833336335,1.2953675730785918;4.241324229439376,12.456110153327092,0.3647650457406896;6.334813280978457,3.731836136358651,2.315285015721719;3.96199220928336,15.075728766947645,0.9109831433466773;13.470667831163155,10.03843225270554,1.3979717289653883;16.36473653509302,8.086891939973933,1.0265631417602112;9.356408901119345,2.787804101659744,0.20891529902825748;2.095021869582651,17.079045109775457,0.6495937887270954"
40,drone_7,11.690,7.882,13.942,14.674,"7.143965878414324,18.52253351862183,0.8394107337496143;6.637422351629716,5.81892506984119,0.6003018776062884;0.36590554591665037,16.596997027271488,0.20777990884561767;16.70210735212728,10.387662511155286,2.4865164910063826;17.575883932032223,2.721593568127446,1.6479158532570475;1.2973598084027889,12.541582926626493,1.1930564938806265;5.325463640573792,3.699943652690364,0.9547411468291342;2.859297170747846,7.553503878133155,2.1925507706303717;10.533388546054491,10.175620803711702,0.4434834056225819;13.471363977912578,4.924285787991767,1.3272358809753264;3.1989281854844065,17.094804049625413,0.4405086223709195;3.721082089191997,8.881385548157215,0.35484045745388293;6.101545181256263,8.790137986408395,1.2639000034553933;14.737980355806986,8.782652679798053,1.0509056472900933;8.401310070704824,11.991886299150524,1.2062214485731173;17.06132291164363,16.261464942281574,1.3345172871816686;17.339109943706937,6.311506988921403,2.300624148151509;14.590277332334818,8.335859238449064,1.6499407138788138;5.222352165170459,5.2246686833336335,1.2953675730785918;4.241324229439376,12.456110153327092,0.3647650457406896;6.334813280978457,3.731836136358651,2.315285015721719;3.96199220928336,15.075728766947645,0.9109831433466773;13.470667831163155,10.03843225270554,1.3979717289653883;16.36473653509302,8.086891939973933,1.0265631417602112;9.356408901119345,2.787804101659744,0.20891529902825748;2.095021869582651,17.079045109775457,0.6495937887270954"
40,drone_8,11.091,8.679,13.942,14.674,"7.143965878414324,18.52253351862183,0.8394107337496143;6.637422351629716,5.81892506984119,0.6003018776062884;0.36590554591665037,16.596997027271488,0.20777990884561767;16.70210735212728,10.387662511155286,2.4865164910063826;17.575883932032223,2.721593568127446,1.6479158532570475;1.2973598084027889,12.541582926626493,1.1930564938806265;5.325463640573792,3.699943652690364,0.9547411468291342;2.859297170747846,7.553503878133155,2.1925507706303717;10.533388546054491,10.175620803711702,0.4434834056225819;13.471363977912578,4.924285787991767,1.3272358809753264;3.1989281854844065,17.094804049625413,0.4405086223709195;3.721082089191997,8.881385548157215,0.35484045745388293;6.101545181256263,8.790137986408395,1.2639000034553933;14.737980355806986,8.782652679798053,1.0509056472900933;8.401310070704824,11.991886299150524,1.2062214485731173;17.06132291164363,16.261464942281574,1.3345172871816686;17.339109943706937,6.311506988921403,2.300624148151509;14.590277332334818,8.335859238449064,1.6499407138788138;5.222352165170459,5.2246686833336335,1.2953675730785918;4.241324229439376,12.456110153327092,0.3647650457406896;6.334813280978457,3.731836136358651,2.315285015721719;3.96199220928336,15.075728766947645,0.9109831433466773;13.470667831163155,10.03843225270554,1.3979717289653883;16.36473653509302,8.086891939973933,1.0265631417602112;9.356408901119345,2.787804101659744,0.20891529902825748;2.095021869582651,17.079045109775457,0.6495937887270954"
40,drone_9,11.280,10.323,13.942,14.674,"7.143965878414324,18.52253351862183,0.8394107337496143;6.637422351629716,5.81892506984119,0.6003018776062884;0.36590554591665037,16.596997027271488,0.20777990884561767;16.70210735212728,10.387662511155286,2.4865164910063826;17.575883932032223,2.721593568127446,1.6479158532570475;1.2973598084027889,12.541582926626493,1.1930564938806265;5.325463640573792,3.699943652690364,0.9547411468291342;2.859297170747846,7.553503878133155,2.1925507706303717;10.533388546054491,10.175620803711702,0.4434834056225819;13.471363977912578,4.924285787991767,1.3272358809753264;3.1989281854844065,17.094804049625413,0.4405086223709195;3.721082089191997,8.881385548157215,0.35484045745388293;6.101545181256263,8.790137986408395,1.2639000034553933;14.737980355806986,8.782652679798053,1.0509056472900933;8.401310070704824,11.991886299150524,1.2062214485731173;17.06132291164363,16.261464942281574,1.3345172871816686;17.339109943706937,6.311506988921403,2.300624148151509;14.590277332334818,8.335859238449064,1.6499407138788138;5.222352165170459,5.2246686833336335,1.2953675730785918;4.241324229439376,12.456110153327092,0.3647650457406896;6.334813280978457,3.731836136358651,2.315285015721719;3.96199220928336,15.075728766947645,0.9109831433466773;13.470667831163155,10.03843225270554,1.3979717289653883;16.36473653509302,8.086891939973933,1.0265631417602112;9.356408901119345,2.787804101659744,0.20891529902825748;2.095021869582651,17.079045109775457,0.6495937887270954"
41,drone_1,12.002,8.705,13.942,14.674,"7.143965878414324,18.52253351862183,0.8394107337496143;6.637422351629716,5.81892506984119,0.6003018776062884;0.36590554591665037,16.596997027271488,0.20777990884561767;16.70210735212728,10.387662511155286,2.4865164910063826;17.575883932032223,2.721593568127446,1.6479158532570475;1.2973598084027889,12.541582926626493,1.1930564938806265;5.325463640573792,3.699943652690364,0.9547411468291342;2.859297170747846,7.553503878133155,2.1925507706303717;10.533388546054491,10.175620803711702,0.4434834056225819;13.471363977912578,4.924285787991767,1.3272358809753264;3.1989281854844065,17.094804049625413,0.4405086223709195;3.721082089191997,8.881385548157215,0.35484045745388293;6.101545181256263,8.790137986408395,1.2639000034553933;14.737980355806986,8.782652679798053,1.0509056472900933;8.401310070704824,11.991886299150524,1.2062214485731173;17.06132291164363,16.261464942281574,1.3345172871816686;17.339109943706937,6.311506988921403,2.300624148151509;14.590277332334818,8.335859238449064,1.6499407138788138;5.222352165170459,5.2246686833336335,1.2953675730785918;4.241324229439376,12.456110153327092,0.3647650457406896;6.334813280978457,3.731836136358651,2.315285015721719;3.96199220928336,15.075728766947645,0.9109831433466773;13.470667831163155,10.03843225270554,1.3979717289653883;16.36473653509302,8.086891939973933,1.0265631417602112;9.356408901119345,2.787804101659744,0.20891529902825748;2.095021869582651,17.079045109775457,0.6495937887270954"
41,drone_2,10.396,8.692,13.942,14.674,"7.143965878414324,18.52253351862183,0.8394107337496143;6.637422351629716,5.81892506984119,0.6003018776062884;0.36590554591665037,16.596997027271488,0.20777990884561767;16.70210735212728,10.387662511155286,2.4865164910063826;17.575883932032223,2.721593568127446,1.6479158532570475;1.2973598084027889,12.541582926626493,1.1930564938806265;5.325463640573792,3.699943652690364,0.9547411468291342;2.859297170747846,7.553503878133155,2.1925507706303717;10.533388546054491,10.175620803711702,0.4434834056225819;13.471363977912578,4.924285787991767,1.3272358809753264;3.1989281854844065,17.094804049625413,0.4405086223709195;3.721082089191997,8.881385548157215,0.35484045745388293;6.101545181256263,8.790137986408395,1.2639000034553933;14.737980355806986,8.782652679798053,1.0509056472900933;8.401310070704824,11.991886299150524,1.2062214485731173;17.06132291164363,16.261464942281574,1.3345172871816686;17.339109943706937,6.311506988921403,2.300624148151509;14.590277332334818,8.335859238449064,1.6499407138788138;5.222352165170459,5.2246686833336335,1.2953675730785918;4.241324229439376,12.456110153327092,0.3647650457406896;6.334813280978457,3.731836136358651,2.315285015721719;3.96199220928336,15.075728766947645,0.9109831433466773;13.470667831163155,10.03843225270554,1.3979717289653883;16.36473653509302,8.086891939973933,1.0265631417602112;9.356408901119345,2.787804101659744,0.20891529902825748;2.095021869582651,17.079045109775457,0.6495937887270954"
41,drone_3,11.584,9.550,13.942,14.674,"7.143965878414324,18.52253351862183,0.8394107337496143;6.637422351629716,5.81892506984119,0.6003018776062884;0.36590554591665037,16.596997027271488,0.20777990884561767;16.70210735212728,10.387662511155286,2.4865164910063826;17.575883932032223,2.721593568127446,1.6479158532570475;1.2973598084027889,12.541582926626493,1.1930564938806265;5.325463640573792,3.699943652690364,0.9547411468291342;2.859297170747846,7.553503878133155,2.1925507706303717;10.533388546054491,10.175620803711702,0.4434834056225819;13.471363977912578,4.924285787991767,1.3272358809753264;3.1989281854844065,17.094804049625413,0.4405086223709195;3.721082089191997,8.881385548157215,0.35484045745388293;6.101545181256263,8.790137986408395,1.2639000034553933;14.737980355806986,8.782652679798053,1.0509056472900933;8.401310070704824,11.991886299150524,1.2062214485731173;17.06132291164363,16.261464942281574,1.3345172871816686;17.339109943706937,6.311506988921403,2.300624148151509;14.590277332334818,8.335859238449064,1.6499407138788138;5.222352165170459,5.2246686833336335,1.2953675730785918;4.241324229439376,12.456110153327092,0.3647650457406896;6.334813280978457,3.731836136358651,2.315285015721719;3.96199220928336,15.075728766947645,0.9109831433466773;13.470667831163155,10.03843225270554,1.3979717289653883;16.36473653509302,8.086891939973933,1.0265631417602112;9.356408901119345,2.787804101659744,0.20891529902825748;2.095021869582651,17.079045109775457,0.6495937887270954"
41,drone_4,9.630,9.799,13.942,14.674,"7.143965878414324,18.52253351862183,0.8394107337496143;6.637422351629716,5.81892506984119,0.6003018776062884;0.36590554591665037,16.596997027271488,0.20777990884561767;16.70210735212728,10.387662511155286,2.4865164910063826;17.575883932032223,2.721593568127446,1.6479158532570475;1.2973598084027889,12.541582926626493,1.1930564938806265;5.325463640573792,3.699943652690364,0.9547411468291342;2.859297170747846,7.553503878133155,2.1925507706303717;10.533388546054491,10.175620803711702,0.4434834056225819;13.471363977912578,4.924285787991767,1.3272358809753264;3.1989281854844065,17.094804049625413,0.4405086223709195;3.721082089191997,8.881385548157215,0.35484045745388293;6.101545181256263,8.790137986408395,1.2639000034553933;14.737980355806986,8.782652679798053,1.0509056472900933;8.401310070704824,11.991886299150524,1.2062214485731173;17.06132291164363,16.261464942281574,1.3345172871816686;17.339109943706937,6.311506988921403,2.300624148151509;14.590277332334818,8.335859238449064,1.6499407138788138;5.222352165170459,5.2246686833336335,1.2953675730785918;4.241324229439376,12.456110153327092,0.3647650457406896;6.334813280978457,3.731836136358651,2.315285015721719;3.96199220928336,15.075728766947645,0.9109831433466773;13.470667831163155,10.03843225270554,1.3979717289653883;16.36473653509302,8.086891939973933,1.0265631417602112;9.356408901119345,2.787804101659744,0.20891529902825748;2.095021869582651,17.079045109775457,0.6495937887270954"
41,drone_6,11.707,10.933,13.942,14.674,"7.143965878414324,18.52253351862183,0.8394107337496143;6.637422351629716,5.81892506984119,0.6003018776062884;0.36590554591665037,16.596997027271488,0.20777990884561767;16.70210735212728,10.387662511155286,2.4865164910063826;17.575883932032223,2.721593568127446,1.6479158532570475;1.2973598084027889,12.541582926626493,1.1930564938806265;5.325463640573792,3.699943652690364,0.9547411468291342;2.859297170747846,7.553503878133155,2.1925507706303717;10.533388546054491,10.175620803711702,0.4434834056225819;13.471363977912578,4.924285787991767,1.3272358809753264;3.1989281854844065,17.094804049625413,0.4405086223709195;3.721082089191997,8.881385548157215,0.35484045745388293;6.101545181256263,8.790137986408395,1.2639000034553933;14.737980355806986,8.782652679798053,1.0509056472900933;8.401310070704824,11.991886299150524,1.2062214485731173;17.06132291164363,16.261464942281574,1.3345172871816686;17.339109943706937,6.311506988921403,2.300624148151509;14.590277332334818,8.335859238449064,1.6499407138788138;5.222352165170459,5.2246686833336335,1.2953675730785918;4.241324229439376,12.456110153327092,0.3647650457406896;6.334813280978457,3.731836136358651,2.315285015721719;3.96199220928336,15.075728766947645,0.9109831433466773;13.470667831163155,10.03843225270554,1.3979717289653883;16.36473653509302,8.086891939973933,1.0265631417602112;9.356408901119345,2.787804101659744,0.20891529902825748;2.095021869582651,17.079045109775457,0.6495937887270954"
41,drone_7,11.673,8.029,13.942,14.674,"7.143965878414324,18.52253351862183,0.8394107337496143;6.637422351629716,5.81892506984119,0.6003018776062884;0.36590554591665037,16.596997027271488,0.20777990884561767;16.70210735212728,10.387662511155286,2.4865164910063826;17.575883932032223,2.721593568127446,1.6479158532570475;1.2973598084027889,12.541582926626493,1.1930564938806265;5.325463640573792,3.699943652690364,0.9547411468291342;2.859297170747846,7.553503878133155,2.1925507706303717;10.533388546054491,10.175620803711702,0.4434834056225819;13.471363977912578,4.924285787991767,1.3272358809753264;3.1989281854844065,17.094804049625413,0.4405086223709195;3.721082089191997,8.881385548157215,0.35484045745388293;6.101545181256263,8.790137986408395,1.2639000034553933;14.737980355806986,8.782652679798053,1.0509056472900933;8.401310070704824,11.991886299150524,1.2062214485731173;17.06132291164363,16.261464942281574,1.3345172871816686;17.339109943706937,6.311506988921403,2.300624148151509;14.590277332334818,8.335859238449064,1.6499407138788138;5.222352165170459,5.2246686833336335,1.2953675730785918;4.241324229439376,12.456110153327092,0.3647650457406896;6.334813280978457,3.731836136358651,2.315285015721719;3.96199220928336,15.075728766947645,0.9109831433466773;13.470667831163155,10.03843225270554,1.3979717289653883;16.36473653509302,8.086891939973933,1.0265631417602112;9.356408901119345,2.787804101659744,0.20891529902825748;2.095021869582651,17.079045109775457,0.6495937887270954"
41,drone_8,11.052,8.801,13.942,14.674,"7.143965878414324,18.52253351862183,0.8394107337496143;6.637422351629716,5.81892506984119,0.6003018776062884;0.36590554591665037,16.596997027271488,0.20777990884561767;16.70210735212728,10.387662511155286,2.4865164910063826;17.575883932032223,2.721593568127446,1.6479158532570475;1.2973598084027889,12.541582926626493,1.1930564938806265;5.325463640573792,3.699943652690364,0.9547411468291342;2.859297170747846,7.553503878133155,2.1925507706303717;10.533388546054491,10.175620803711702,0.4434834056225819;13.471363977912578,4.924285787991767,1.3272358809753264;3.1989281854844065,17.094804049625413,0.4405086223709195;3.721082089191997,8.881385548157215,0.35484045745388293;6.101545181256263,8.790137986408395,1.2639000034553933;14.737980355806986,8.782652679798053,1.0509056472900933;8.401310070704824,11.991886299150524,1.2062214485731173;17.06132291164363,16.261464942281574,1.3345172871816686;17.339109943706937,6.311506988921403,2.300624148151509;14.590277332334818,8.335859238449064,1.6499407138788138;5.222352165170459,5.2246686833336335,1.2953675730785918;4.241324229439376,12.456110153327092,0.3647650457406896;6.334813280978457,3.731836136358651,2.315285015721719;3.96199220928336,15.075728766947645,0.9109831433466773;13.470667831163155,10.03843225270554,1.3979717289653883;16.36473653509302,8.086891939973933,1.0265631417602112;9.356408901119345,2.787804101659744,0.20891529902825748;2.095021869582651,17.079045109775457,0.6495937887270954"
41,drone_9,11.319,10.466,13.942,14.674,"7.143965878414324,18.52253351862183,0.8394107337496143;6.637422351629716,5.81892506984119,0.6003018776062884;0.36590554591665037,16.596997027271488,0.20777990884561767;16.70210735212728,10.387662511155286,2.4865164910063826;17.575883932032223,2.721593568127446,1.6479158532570475;1.2973598084027889,12.541582926626493,1.1930564938806265;5.325463640573792,3.699943652690364,0.9547411468291342;2.859297170747846,7.553503878133155,2.1925507706303717;10.533388546054491,10.175620803711702,0.4434834056225819;13.471363977912578,4.924285787991767,1.3272358809753264;3.1989281854844065,17.094804049625413,0.4405086223709195;3.721082089191997,8.881385548157215,0.35484045745388293;6.101545181256263,8.790137986408395,1.2639000034553933;14.737980355806986,8.782652679798053,1.0509056472900933;8.401310070704824,11.991886299150524,1.2062214485731173;17.06132291164363,16.261464942281574,1.3345172871816686;17.339109943706937,6.311506988921403,2.300624148151509;14.590277332334818,8.335859238449064,1.6499407138788138;5.222352165170459,5.2246686833336335,1.2953675730785918;4.241324229439376,12.456110153327092,0.3647650457406896;6.334813280978457,3.731836136358651,2.315285015721719;3.96199220928336,15.075728766947645,0.9109831433466773;13.470667831163155,10.03843225270554,1.3979717289653883;16.36473653509302,8.086891939973933,1.0265631417602112;9.356408901119345,2.787804101659744,0.20891529902825748;2.095021869582651,17.079045109775457,0.6495937887270954"
42,drone_1,11.957,8.824,13.942,14.674,"7.143965878414324,18.52253351862183,0.8394107337496143;6.637422351629716,5.81892506984119,0.6003018776062884;0.36590554591665037,16.596997027271488,0.20777990884561767;16.70210735212728,10.387662511155286,2.4865164910063826;17.575883932032223,2.721593568127446,1.6479158532570475;1.2973598084027889,12.541582926626493,1.1930564938806265;5.325463640573792,3.699943652690364,0.9547411468291342;2.859297170747846,7.553503878133155,2.1925507706303717;10.533388546054491,10.175620803711702,0.4434834056225819;13.471363977912578,4.924285787991767,1.3272358809753264;3.1989281854844065,17.094804049625413,0.4405086223709195;3.721082089191997,8.881385548157215,0.35484045745388293;6.101545181256263,8.790137986408395,1.2639000034553933;14.737980355806986,8.782652679798053,1.0509056472900933;8.401310070704824,11.991886299150524,1.2062214485731173;17.06132291164363,16.261464942281574,1.3345172871816686;17.339109943706937,6.311506988921403,2.300624148151509;14.590277332334818,8.335859238449064,1.6499407138788138;5.222352165170459,5.2246686833336335,1.2953675730785918;4.241324229439376,12.456110153327092,0.3647650457406896;6.334813280978457,3.731836136358651,2.315285015721719;3.96199220928336,15.075728766947645,0.9109831433466773;13.470667831163155,10.03843225270554,1.3979717289653883;16.36473653509302,8.086891939973933,1.0265631417602112;9.356408901119345,2.787804101659744,0.20891529902825748;2.095021869582651,17.079045109775457,0.6495937887270954"
42,drone_2,10.383,8.864,13.942,14.674,"7.143965878414324,18.52253351862183,0.8394107337496143;6.637422351629716,5.81892506984119,0.6003018776062884;0.36590554591665037,16.596997027271488,0.20777990884561767;16.70210735212728,10.387662511155286,2.4865164910063826;17.575883932032223,2.721593568127446,1.6479158532570475;1.2973598084027889,12.541582926626493,1.1930564938806265;5.325463640573792,3.699943652690364,0.9547411468291342;2.859297170747846,7.553503878133155,2.1925507706303717;10.533388546054491,10.175620803711702,0.4434834056225819;13.471363977912578,4.924285787991767,1.3272358809753264;3.1989281854844065,17.094804049625413,0.4405086223709195;3.721082089191997,8.881385548157215,0.35484045745388293;6.101545181256263,8.790137986408395,1.2639000034553933;14.737980355806986,8.782652679798053,1.0509056472900933;8.401310070704824,11.991886299150524,1.2062214485731173;17.06132291164363,16.261464942281574,1.3345172871816686;17.339109943706937,6.311506988921403,2.300624148151509;14.590277332334818,8.335859238449064,1.6499407138788138;5.222352165170459,5.2246686833336335,1.2953675730785918;4.241324229439376,12.456110153327092,0.3647650457406896;6.334813280978457,3.731836136358651,2.315285015721719;3.96199220928336,15.075728766947645,0.9109831433466773;13.470667831163155,10.03843225270554,1.3979717289653883;16.36473653509302,8.086891939973933,1.0265631417602112;9.356408901119345,2.787804101659744,0.20891529902825748;2.095021869582651,17.079045109775457,0.6495937887270954"
42,drone_3,11.614,9.674,13.942,14.674,"7.143965878414324,18.52253351862183,0.8394107337496143;6.637422351629716,5.81892506984119,0.6003018776062884;0.36590554591665037,16.596997027271488,0.20777990884561767;16.70210735212728,10.387662511155286,2.4865164910063826;17.575883932032223,2.721593568127446,1.6479158532570475;1.2973598084027889,12.541582926626493,1.1930564938806265;5.325463640573792,3.699943652690364,0.9547411468291342;2.859297170747846,7.553503878133155,2.1925507706303717;10.533388546054491,10.175620803711702,0.4434834056225819;13.471363977912578,4.924285787991767,1.3272358809753264;3.1989281854844065,17.094804049625413,0.4405086223709195;3.721082089191997,8.881385548157215,0.35484045745388293;6.101545181256263,8.790137986408395,1.2639000034553933;14.737980355806986,8.782652679798053,1.0509056472900933;8.401310070704824,11.991886299150524,1.2062214485731173;17.06132291164363,16.261464942281574,1.3345172871816686;17.339109943706937,6.311506988921403,2.300624148151509;14.590277332334818,8.335859238449064,1.6499407138788138;5.222352165170459,5.2246686833336335,1.2953675730785918;4.241324229439376,12.456110153327092,0.3647650457406896;6.334813280978457,3.731836136358651,2.315285015721719;3.96199220928336,15.075728766947645,0.9109831433466773;13.470667831163155,10.03843225270554,1.3979717289653883;16.36473653509302,8.086891939973933,1.0265631417602112;9.356408901119345,2.787804101659744,0.20891529902825748;2.095021869582651,17.079045109775457,0.6495937887270954"
42,drone_4,9.695,9.988,13.942,14.674,"7.143965878414324,18.52253351862183,0.8394107337496143;6.637422351629716,5.81892506984119,0.6003018776062884;0.36590554591665037,16.596997027271488,0.20777990884561767;16.70210735212728,10.387662511155286,2.4865164910063826;17.575883932032223,2.721593568127446,1.6479158532570475;1.2973598084027889,12.541582926626493,1.1930564938806265;5.325463640573792,3.699943652690364,0.9547411468291342;2.859297170747846,7.553503878133155,2.1925507706303717;10.533388546054491,10.175620803711702,0.4434834056225819;13.471363977912578,4.924285787991767,1.3272358809753264;3.1989281854844065,17.094804049625413,0.4405086223709195;3.721082089191997,8.881385548157215,0.35484045745388293;6.101545181256263,8.790137986408395,1.2639000034553933;14.737980355806986,8.782652679798053,1.0509056472900933;8.401310070704824,11.991886299150524,1.2062214485731173;17.06132291164363,16.261464942281574,1.3345172871816686;17.339109943706937,6.311506988921403,2.300624148151509;14.590277332334818,8.335859238449064,1.6499407138788138;5.222352165170459,5.2246686833336335,1.2953675730785918;4.241324229439376,12.456110153327092,0.3647650457406896;6.334813280978457,3.731836136358651,2.315285015721719;3.96199220928336,15.075728766947645,0.9109831433466773;13.470667831163155,10.03843225270554,1.3979717289653883;16.36473653509302,8.086891939973933,1.0265631417602112;9.356408901119345,2.787804101659744,0.20891529902825748;2.095021869582651,17.079045109775457,0.6495937887270954"
42,drone_6,11.693,11.104,13.942,14.674,"7.143965878414324,18.52253351862183,0.8394107337496143;6.637422351629716,5.81892506984119,0.6003018776062884;0.36590554591665037,16.596997027271488,0.20777990884561767;16.70210735212728,10.387662511155286,2.4865164910063826;17.575883932032223,2.721593568127446,1.6479158532570475;1.2973598084027889,12.541582926626493,1.1930564938806265;5.325463640573792,3.699943652690364,0.9547411468291342;2.859297170747846,7.553503878133155,2.1925507706303717;10.533388546054491,10.175620803711702,0.4434834056225819;13.471363977912578,4.924285787991767,1.3272358809753264;3.1989281854844065,17.094804049625413,0.4405086223709195;3.721082089191997,8.881385548157215,0.35484045745388293;6.101545181256263,8.790137986408395,1.2639000034553933;14.737980355806986,8.782652679798053,1.0509056472900933;8.401310070704824,11.991886299150524,1.2062214485731173;17.06132291164363,16.261464942281574,1.3345172871816686;17.339109943706937,6.311506988921403,2.300624148151509;14.590277332334818,8.335859238449064,1.6499407138788138;5.222352165170459,5.2246686833336335,1.2953675730785918;4.241324229439376,12.456110153327092,0.3647650457406896;6.334813280978457,3.731836136358651,2.315285015721719;3.96199220928336,15.075728766947645,0.9109831433466773;13.470667831163155,10.03843225270554,1.3979717289653883;16.36473653509302,8.086891939973933,1.0265631417602112;9.356408901119345,2.787804101659744,0.20891529902825748;2.095021869582651,17.079045109775457,0.6495937887270954"
42,drone_7,11.743,8.159,13.942,14.674,"7.143965878414324,18.52253351862183,0.8394107337496143;6.637422351629716,5.81892506984119,0.6003018776062884;0.36590554591665037,16.596997027271488,0.20777990884561767;16.70210735212728,10.387662511155286,2.4865164910063826;17.575883932032223,2.721593568127446,1.6479158532570475;1.2973598084027889,12.541582926626493,1.1930564938806265;5.325463640573792,3.699943652690364,0.9547411468291342;2.859297170747846,7.553503878133155,2.1925507706303717;10.533388546054491,10.175620803711702,0.4434834056225819;13.471363977912578,4.924285787991767,1.3272358809753264;3.1989281854844065,17.094804049625413,0.4405086223709195;3.721082089191997,8.881385548157215,0.35484045745388293;6.101545181256263,8.790137986408395,1.2639000034553933;14.737980355806986,8.782652679798053,1.0509056472900933;8.401310070704824,11.991886299150524,1.2062214485731173;17.06132291164363,16.261464942281574,1.3345172871816686;17.339109943706937,6.311506988921403,2.300624148151509;14.590277332334818,8.335859238449064,1.6499407138788138;5.222352165170459,5.2246686833336335,1.2953675730785918;4.241324229439376,12.456110153327092,0.3647650457406896;6.334813280978457,3.731836136358651,2.315285015721719;3.96199220928336,15.075728766947645,0.9109831433466773;13.470667831163155,10.03843225270554,1.3979717289653883;16.36473653509302,8.086891939973933,1.0265631417602112;9.356408901119345,2.787804101659744,0.20891529902825748;2.095021869582651,17.079045109775457,0.6495937887270954"
42,drone_8,11.086,8.924,13.942,14.674,"7.143965878414324,18.52253351862183,0.8394107337496143;6.637422351629716,5.81892506984119,0.6003018776062884;0.36590554591665037,16.596997027271488,0.20777990884561767;16.70210735212728,10.387662511155286,2.4865164910063826;17.575883932032223,2.721593568127446,1.6479158532570475;1.2973598084027889,12.541582926626493,1.1930564938806265;5.325463640573792,3.699943652690364,0.9547411468291342;2.859297170747846,7.553503878133155,2.1925507706303717;10.533388546054491,10.175620803711702,0.4434834056225819;13.471363977912578,4.924285787991767,1.3272358809753264;3.1989281854844065,17.094804049625413,0.4405086223709195;3.721082089191997,8.881385548157215,0.35484045745388293;6.101545181256263,8.790137986408395,1.2639000034553933;14.737980355806986,8.782652679798053,1.0509056472900933;8.401310070704824,11.991886299150524,1.2062214485731173;17.06132291164363,16.261464942281574,1.3345172871816686;17.339109943706937,6.311506988921403,2.300624148151509;14.590277332334818,8.335859238449064,1.6499407138788138;5.222352165170459,5.2246686833336335,1.2953675730785918;4.241324229439376,12.456110153327092,0.3647650457406896;6.334813280978457,3.731836136358651,2.315285015721719;3.96199220928336,15.075728766947645,0.9109831433466773;13.470667831163155,10.03843225270554,1.3979717289653883;16.36473653509302,8.086891939973933,1.0265631417602112;9.356408901119345,2.787804101659744,0.20891529902825748;2.095021869582651,17.079045109775457,0.6495937887270954"
42,drone_9,11.282,10.609,13.942,14.674,"7.143965878414324,18.52253351862183,0.8394107337496143;6.637422351629716,5.81892506984119,0.6003018776062884;0.36590554591665037,16.596997027271488,0.20777990884561767;16.70210735212728,10.387662511155286,2.4865164910063826;17.575883932032223,2.721593568127446,1.6479158532570475;1.2973598084027889,12.541582926626493,1.1930564938806265;5.325463640573792,3.699943652690364,0.9547411468291342;2.859297170747846,7.553503878133155,2.1925507706303717;10.533388546054491,10.175620803711702,0.4434834056225819;13.471363977912578,4.924285787991767,1.3272358809753264;3.1989281854844065,17.094804049625413,0.4405086223709195;3.721082089191997,8.881385548157215,0.35484045745388293;6.101545181256263,8.790137986408395,1.2639000034553933;14.737980355806986,8.782652679798053,1.0509056472900933;8.401310070704824,11.991886299150524,1.2062214485731173;17.06132291164363,16.261464942281574,1.3345172871816686;17.339109943706937,6.311506988921403,2.300624148151509;14.590277332334818,8.335859238449064,1.6499407138788138;5.222352165170459,5.2246686833336335,1.2953675730785918;4.241324229439376,12.456110153327092,0.3647650457406896;6.334813280978457,3.731836136358651,2.315285015721719;3.96199220928336,15.075728766947645,0.9109831433466773;13.470667831163155,10.03843225270554,1.3979717289653883;16.36473653509302,8.086891939973933,1.0265631417602112;9.356408901119345,2.787804101659744,0.20891529902825748;2.095021869582651,17.079045109775457,0.6495937887270954"
43,drone_1,11.987,8.948,13.942,14.674,"7.143965878414324,18.52253351862183,0.8394107337496143;6.637422351629716,5.81892506984119,0.6003018776062884;0.36590554591665037,16.596997027271488,0.20777990884561767;16.70210735212728,10.387662511155286,2.4865164910063826;17.575883932032223,2.721593568127446,1.6479158532570475;1.2973598084027889,12.541582926626493,1.1930564938806265;5.325463640573792,3.699943652690364,0.9547411468291342;2.859297170747846,7.553503878133155,2.1925507706303717;10.533388546054491,10.175620803711702,0.4434834056225819;13.471363977912578,4.924285787991767,1.3272358809753264;3.1989281854844065,17.094804049625413,0.4405086223709195;3.721082089191997,8.881385548157215,0.35484045745388293;6.101545181256263,8.790137986408395,1.2639000034553933;14.737980355806986,8.782652679798053,1.0509056472900933;8.401310070704824,11.991886299150524,1.2062214485731173;17.06132291164363,16.261464942281574,1.3345172871816686;17.339109943706937,6.311506988921403,2.300624148151509;14.590277332334818,8.335859238449064,1.6499407138788138;5.222352165170459,5.2246686833336335,1.2953675730785918;4.241324229439376,12.456110153327092,0.3647650457406896;6.334813280978457,3.731836136358651,2.315285015721719;3.96199220928336,15.075728766947645,0.9109831433466773;13.470667831163155,10.03843225270554,1.3979717289653883;16.36473653509302,8.086891939973933,1.0265631417602112;9.356408901119345,2.787804101659744,0.20891529902825748;2.095021869582651,17.079045109775457,0.6495937887270954"
43,drone_2,10.435,9.028,13.942,14.674,"7.143965878414324,18.52253351862183,0.8394107337496143;6.637422351629716,5.81892506984119,0.6003018776062884;0.36590554591665037,16.596997027271488,0.20777990884561767;16.70210735212728,10.387662511155286,2.4865164910063826;17.575883932032223,2.721593568127446,1.6479158532570475;1.2973598084027889,12.541582926626493,1.1930564938806265;5.325463640573792,3.699943652690364,0.9547411468291342;2.859297170747846,7.553503878133155,2.1925507706303717;10.533388546054491,10.175620803711702,0.4434834056225819;13.471363977912578,4.924285787991767,1.3272358809753264;3.1989281854844065,17.094804049625413,0.4405086223709195;3.721082089191997,8.881385548157215,0.35484045745388293;6.101545181256263,8.790137986408395,1.2639000034553933;14.737980355806986,8.782652679798053,1.0509056472900933;8.401310070704824,11.991886299150524,1.2062214485731173;17.06132291164363,16.261464942281574,1.3345172871816686;17.339109943706937,6.311506988921403,2.300624148151509;14.590277332334818,8.335859238449064,1.6499407138788138;5.222352165170459,5.2246686833336335,1.2953675730785918;4.241324229439376,12.456110153327092,0.3647650457406896;6.334813280978457,3.731836136358651,2.315285015721719;3.96199220928336,15.075728766947645,0.9109831433466773;13.470667831163155,10.03843225270554,1.3979717289653883;16.36473653509302,8.086891939973933,1.0265631417602112;9.356408901119345,2.787804101659744,0.20891529902825748;2.095021869582651,17.079045109775457,0.6495937887270954"
43,drone_3,11.576,9.796,13.942,14.674,"7.143965878414324,18.52253351862183,0.8394107337496143;6.637422351629716,5.81892506984119,0.6003018776062884;0.36590554591665037,16.596997027271488,0.20777990884561767;16.70210735212728,10.387662511155286,2.4865164910063826;17.575883932032223,2.721593568127446,1.6479158532570475;1.2973598084027889,12.541582926626493,1.1930564938806265;5.325463640573792,3.699943652690364,0.9547411468291342;2.859297170747846,7.553503878133155,2.1925507706303717;10.533388546054491,10.175620803711702,0.4434834056225819;13.471363977912578,4.924285787991767,1.3272358809753264;3.1989281854844065,17.094804049625413,0.4405086223709195;3.721082089191997,8.881385548157215,0.35484045745388293;6.101545181256263,8.790137986408395,1.2639000034553933;14.737980355806986,8.782652679798053,1.0509056472900933;8.401310070704824,11.991886299150524,1.2062214485731173;17.06132291164363,16.261464942281574,1.3345172871816686;17.339109943706937,6.311506988921403,2.300624148151509;14.590277332334818,8.335859238449064,1.6499407138788138;5.222352165170459,5.2246686833336335,1.2953675730785918;4.241324229439376,12.456110153327092,0.3647650457406896;6.334813280978457,3.731836136358651,2.315285015721719;3.96199220928336,15.075728766947645,0.9109831433466773;13.470667831163155,10.03843225270554,1.3979717289653883;16.36473653509302,8.086891939973933,1.0265631417602112;9.356408901119345,2.787804101659744,0.20891529902825748;2.095021869582651,17.079045109775457,0.6495937887270954"
43,drone_4,9.672,10.187,13.942,14.674,"7.143965878414324,18.52253351862183,0.8394107337496143;6.637422351629716,5.81892506984119,0.6003018776062884;0.36590554591665037,16.596997027271488,0.20777990884561767;16.70210735212728,10.387662511155286,2.4865164910063826;17.575883932032223,2.721593568127446,1.6479158532570475;1.2973598084027889,12.541582926626493,1.1930564938806265;5.325463640573792,3.699943652690364,0.9547411468291342;2.859297170747846,7.553503878133155,2.1925507706303717;10.533388546054491,10.175620803711702,0.4434834056225819;13.471363977912578,4.924285787991767,1.3272358809753264;3.1989281854844065,17.094804049625413,0.4405086223709195;3.721082089191997,8.881385548157215,0.35484045745388293;6.101545181256263,8.790137986408395,1.2639000034553933;14.737980355806986,8.782652679798053,1.0509056472900933;8.401310070704824,11.991886299150524,1.2062214485731173;17.06132291164363,16.261464942281574,1.3345172871816686;17.339109943706937,6.311506988921403,2.300624148151509;14.590277332334818,8.335859238449064,1.6499407138788138;5.222352165170459,5.2246686833336335,1.2953675730785918;4.241324229439376,12.456110153327092,0.3647650457406896;6.334813280978457,3.731836136358651,2.315285015721719;3.96199220928336,15.075728766947645,0.9109831433466773;13.470667831163155,10.03843225270554,1.3979717289653883;16.36473653509302,8.086891939973933,1.0265631417602112;9.356408901119345,2.787804101659744,0.20891529902825748;2.095021869582651,17.079045109775457,0.6495937887270954"
43,drone_6,11.745,11.269,13.942,14.674,"7.143965878414324,18.52253351862183,0.8394107337496143;6.637422351629716,5.81892506984119,0.6003018776062884;0.36590554591665037,16.596997027271488,0.20777990884561767;16.70210735212728,10.387662511155286,2.4865164910063826;17.575883932032223,2.721593568127446,1.6479158532570475;1.2973598084027889,12.541582926626493,1.1930564938806265;5.325463640573792,3.699943652690364,0.9547411468291342;2.859297170747846,7.553503878133155,2.1925507706303717;10.533388546054491,10.175620803711702,0.4434834056225819;13.471363977912578,4.924285787991767,1.3272358809753264;3.1989281854844065,17.094804049625413,0.4405086223709195;3.721082089191997,8.881385548157215,0.35484045745388293;6.101545181256263,8.790137986408395,1.2639000034553933;14.737980355806986,8.782652679798053,1.0509056472900933;8.401310070704824,11.991886299150524,1.2062214485731173;17.06132291164363,16.261464942281574,1.3345172871816686;17.339109943706937,6.311506988921403,2.300624148151509;14.590277332334818,8.335859238449064,1.6499407138788138;5.222352165170459,5.2246686833336335,1.2953675730785918;4.241324229439376,12.456110153327092,0.3647650457406896;6.334813280978457,3.731836136358651,2.315285015721719;3.96199220928336,15.075728766947645,0.9109831433466773;13.470667831163155,10.03843225270554,1.3979717289653883;16.36473653509302,8.086891939973933,1.0265631417602112;9.356408901119345,2.787804101659744,0.20891529902825748;2.095021869582651,17.079045109775457,0.6495937887270954"
43,drone_7,11.714,8.190,13.942,14.674,"7.143965878414324,18.52253351862183,0.8394107337496143;6.637422351629716,5.81892506984119,0.6003018776062884;0.36590554591665037,16.596997027271488,0.20777990884561767;16.70210735212728,10.387662511155286,2.4865164910063826;17.575883932032223,2.721593568127446,1.6479158532570475;1.2973598084027889,12.541582926626493,1.1930564938806265;5.325463640573792,3.699943652690364,0.9547411468291342;2.859297170747846,7.553503878133155,2.1925507706303717;10.533388546054491,10.175620803711702,0.4434834056225819;13.471363977912578,4.924285787991767,1.3272358809753264;3.1989281854844065,17.094804049625413,0.4405086223709195;3.721082089191997,8.881385548157215,0.35484045745388293;6.101545181256263,8.790137986408395,1.2639000034553933;14.737980355806986,8.782652679798053,1.0509056472900933;8.401310070704824,11.991886299150524,1.2062214485731173;17.06132291164363,16.261464942281574,1.3345172871816686;17.339109943706937,6.311506988921403,2.300624148151509;14.590277332334818,8.335859238449064,1.6499407138788138;5.222352165170459,5.2246686833336335,1.2953675730785918;4.241324229439376,12.456110153327092,0.3647650457406896;6.334813280978457,3.731836136358651,2.315285015721719;3.96199220928336,15.075728766947645,0.9109831433466773;13.470667831163155,10.03843225270554,1.3979717289653883;16.36473653509302,8.086891939973933,1.0265631417602112;9.356408901119345,2.787804101659744,0.20891529902825748;2.095021869582651,17.079045109775457,0.6495937887270954"
43,drone_8,11.055,9.029,13.942,14.674,"7.143965878414324,18.52253351862183,0.8394107337496143;6.637422351629716,5.81892506984119,0.6003018776062884;0.36590554591665037,16.596997027271488,0.20777990884561767;16.70210735212728,10.387662511155286,2.4865164910063826;17.575883932032223,2.721593568127446,1.6479158532570475;1.2973598084027889,12.541582926626493,1.1930564938806265;5.325463640573792,3.699943652690364,0.9547411468291342;2.859297170747846,7.553503878133155,2.1925507706303717;10.533388546054491,10.175620803711702,0.4434834056225819;13.471363977912578,4.924285787991767,1.3272358809753264;3.1989281854844065,17.094804049625413,0.4405086223709195;3.721082089191997,8.881385548157215,0.35484045745388293;6.101545181256263,8.790137986408395,1.2639000034553933;14.737980355806986,8.782652679798053,1.0509056472900933;8.401310070704824,11.991886299150524,1.2062214485731173;17.06132291164363,16.261464942281574,1.3345172871816686;17.339109943706937,6.311506988921403,2.300624148151509;14.590277332334818,8.335859238449064,1.6499407138788138;5.222352165170459,5.2246686833336335,1.2953675730785918;4.241324229439376,12.456110153327092,0.3647650457406896;6.334813280978457,3.731836136358651,2.315285015721719;3.96199220928336,15.075728766947645,0.9109831433466773;13.470667831163155,10.03843225270554,1.3979717289653883;16.36473653509302,8.086891939973933,1.0265631417602112;9.356408901119345,2.787804101659744,0.20891529902825748;2.095021869582651,17.079045109775457,0.6495937887270954"
43,drone_9,11.319,10.753,13.942,14.674,"7.143965878414324,18.52253351862183,0.8394107337496143;6.637422351629716,5.81892506984119,0.6003018776062884;0.36590554591665037,16.596997027271488,0.20777990884561767;16.70210735212728,10.387662511155286,2.4865164910063826;17.575883932032223,2.721593568127446,1.6479158532570475;1.2973598084027889,12.541582926626493,1.1930564938806265;5.325463640573792,3.699943652690364,0.9547411468291342;2.859297170747846,7.553503878133155,2.1925507706303717;10.533388546054491,10.175620803711702,0.4434834056225819;13.471363977912578,4.924285787991767,1.3272358809753264;3.1989281854844065,17.094804049625413,0.4405086223709195;3.721082089191997,8.881385548157215,0.35484045745388293;6.101545181256263,8.790137986408395,1.2639000034553933;14.737980355806986,8.782652679798053,1.0509056472900933;8.401310070704824,11.991886299150524,1.2062214485731173;17.06132291164363,16.261464942281574,1.3345172871816686;17.339109943706937,6.311506988921403,2.300624148151509;14.590277332334818,8.335859238449064,1.6499407138788138;5.222352165170459,5.2246686833336335,1.2953675730785918;4.241324229439376,12.456110153327092,0.3647650457406896;6.334813280978457,3.731836136358651,2.315285015721719;3.96199220928336,15.075728766947645,0.9109831433466773;13.470667831163155,10.03843225270554,1.3979717289653883;16.36473653509302,8.086891939973933,1.0265631417602112;9.356408901119345,2.787804101659744,0.20891529902825748;2.095021869582651,17.079045109775457,0.6495937887270954"
44,drone_1,11.918,8.972,13.942,14.674,"7.143965878414324,18.52253351862183,0.8394107337496143;6.637422351629716,5.81892506984119,0.6003018776062884;0.36590554591665037,16.596997027271488,0.20777990884561767;16.70210735212728,10.387662511155286,2.4865164910063826;17.575883932032223,2.721593568127446,1.6479158532570475;1.2973598084027889,12.541582926626493,1.1930564938806265;5.325463640573792,3.699943652690364,0.9547411468291342;2.859297170747846,7.553503878133155,2.1925507706303717;10.533388546054491,10.175620803711702,0.4434834056225819;13.471363977912578,4.924285787991767,1.3272358809753264;3.1989281854844065,17.094804049625413,0.4405086223709195;3.721082089191997,8.881385548157215,0.35484045745388293;6.101545181256263,8.790137986408395,1.2639000034553933;14.737980355806986,8.782652679798053,1.0509056472900933;8.401310070704824,11.991886299150524,1.2062214485731173;17.06132291164363,16.261464942281574,1.3345172871816686;17.339109943706937,6.311506988921403,2.300624148151509;14.590277332334818,8.335859238449064,1.6499407138788138;5.222352165170459,5.2246686833336335,1.2953675730785918;4.241324229439376,12.456110153327092,0.3647650457406896;6.334813280978457,3.731836136358651,2.315285015721719;3.96199220928336,15.075728766947645,0.9109831433466773;13.470667831163155,10.03843225270554,1.3979717289653883;16.36473653509302,8.086891939973933,1.0265631417602112;9.356408901119345,2.787804101659744,0.20891529902825748;2.095021869582651,17.079045109775457,0.6495937887270954"
44,drone_2,10.404,9.197,13.942,14.674,"7.143965878414324,18.52253351862183,0.8394107337496143;6.637422351629716,5.81892506984119,0.6003018776062884;0.36590554591665037,16.596997027271488,0.20777990884561767;16.70210735212728,10.387662511155286,2.4865164910063826;17.575883932032223,2.721593568127446,1.6479158532570475;1.2973598084027889,12.541582926626493,1.1930564938806265;5.325463640573792,3.699943652690364,0.9547411468291342;2.859297170747846,7.553503878133155,2.1925507706303717;10.533388546054491,10.175620803711702,0.4434834056225819;13.471363977912578,4.924285787991767,1.3272358809753264;3.1989281854844065,17.094804049625413,0.4405086223709195;3.721082089191997,8.881385548157215,0.35484045745388293;6.101545181256263,8.790137986408395,1.2639000034553933;14.737980355806986,8.782652679798053,1.0509056472900933;8.401310070704824,11.991886299150524,1.2062214485731173;17.06132291164363,16.261464942281574,1.3345172871816686;17.339109943706937,6.311506988921403,2.300624148151509;14.590277332334818,8.335859238449064,1.6499407138788138;5.222352165170459,5.2246686833336335,1.2953675730785918;4.241324229439376,12.456110153327092,0.3647650457406896;6.334813280978457,3.731836136358651,2.315285015721719;3.96199220928336,15.075728766947645,0.9109831433466773;13.470667831163155,10.03843225270554,1.3979717289653883;16.36473653509302,8.086891939973933,1.0265631417602112;9.356408901119345,2.787804101659744,0.20891529902825748;2.095021869582651,17.079045109775457,0.6495937887270954"
44,drone_3,11.610,9.919,13.942,14.674,"7.143965878414324,18.52253351862183,0.8394107337496143;6.637422351629716,5.81892506984119,0.6003018776062884;0.36590554591665037,16.596997027271488,0.20777990884561767;16.70210735212728,10.387662511155286,2.4865164910063826;17.575883932032223,2.721593568127446,1.6479158532570475;1.2973598084027889,12.541582926626493,1.1930564938806265;5.325463640573792,3.699943652690364,0.9547411468291342;2.859297170747846,7.553503878133155,2.1925507706303717;10.533388546054491,10.175620803711702,0.4434834056225819;13.471363977912578,4.924285787991767,1.3272358809753264;3.1989281854844065,17.094804049625413,0.4405086223709195;3.721082089191997,8.881385548157215,0.35484045745388293;6.101545181256263,8.790137986408395,1.2639000034553933;14.737980355806986,8.782652679798053,1.0509056472900933;8.401310070704824,11.991886299150524,1.2062214485731173;17.06132291164363,16.261464942281574,1.3345172871816686;17.339109943706937,6.311506988921403,2.300624148151509;14.590277332334818,8.335859238449064,1.6499407138788138;5.222352165170459,5.2246686833336335,1.2953675730785918;4.241324229439376,12.456110153327092,0.3647650457406896;6.334813280978457,3.731836136358651,2.315285015721719;3.96199220928336,15.075728766947645,0.9109831433466773;13.470667831163155,10.03843225270554,1.3979717289653883;16.36473653509302,8.086891939973933,1.0265631417602112;9.356408901119345,2.787804101659744,0.20891529902825748;2.095021869582651,17.079045109775457,0.6495937887270954"
44,drone_4,9.721,10.381,13.942,14.674,"7.143965878414324,18.52253351862183,0.8394107337496143;6.637422351629716,5.81892506984119,0.6003018776062884;0.36590554591665037,16.596997027271488,0.20777990884561767;16.70210735212728,10.387662511155286,2.4865164910063826;17.575883932032223,2.721593568127446,1.6479158532570475;1.2973598084027889,12.541582926626493,1.1930564938806265;5.325463640573792,3.699943652690364,0.9547411468291342;2.859297170747846,7.553503878133155,2.1925507706303717;10.533388546054491,10.175620803711702,0.4434834056225819;13.471363977912578,4.924285787991767,1.3272358809753264;3.1989281854844065,17.094804049625413,0.4405086223709195;3.721082089191997,8.881385548157215,0.35484045745388293;6.101545181256263,8.790137986408395,1.2639000034553933;14.737980355806986,8.782652679798053,1.0509056472900933;8.401310070704824,11.991886299150524,1.2062214485731173;17.06132291164363,16.261464942281574,1.3345172871816686;17.339109943706937,6.311506988921403,2.300624148151509;14.590277332334818,8.335859238449064,1.6499407138788138;5.222352165170459,5.2246686833336335,1.2953675730785918;4.241324229439376,12.456110153327092,0.3647650457406896;6.334813280978457,3.731836136358651,2.315285015721719;3.96199220928336,15.075728766947645,0.9109831433466773;13.470667831163155,10.03843225270554,1.3979717289653883;16.36473653509302,8.086891939973933,1.0265631417602112;9.356408901119345,2.787804101659744,0.20891529902825748;2.095021869582651,17.079045109775457,0.6495937887270954"
44,drone_6,11.830,11.418,13.942,14.674,"7.143965878414324,18.52253351862183,0.8394107337496143;6.637422351629716,5.81892506984119,0.6003018776062884;0.36590554591665037,16.596997027271488,0.20777990884561767;16.70210735212728,10.387662511155286,2.4865164910063826;17.575883932032223,2.721593568127446,1.6479158532570475;1.2973598084027889,12.541582926626493,1.1930564938806265;5.325463640573792,3.699943652690364,0.9547411468291342;2.859297170747846,7.553503878133155,2.1925507706303717;10.533388546054491,10.175620803711702,0.4434834056225819;13.471363977912578,4.924285787991767,1.3272358809753264;3.1989281854844065,17.094804049625413,0.4405086223709195;3.721082089191997,8.881385548157215,0.35484045745388293;6.101545181256263,8.790137986408395,1.2639000034553933;14.737980355806986,8.782652679798053,1.0509056472900933;8.401310070704824,11.991886299150524,1.2062214485731173;17.06132291164363,16.261464942281574,1.3345172871816686;17.339109943706937,6.311506988921403,2.300624148151509;14.590277332334818,8.335859238449064,1.6499407138788138;5.222352165170459,5.2246686833336335,1.2953675730785918;4.241324229439376,12.456110153327092,0.3647650457406896;6.334813280978457,3.731836136358651,2.315285015721719;3.96199220928336,15.075728766947645,0.9109831433466773;13.470667831163155,10.03843225270554,1.3979717289653883;16.36473653509302,8.086891939973933,1.0265631417602112;9.356408901119345,2.787804101659744,0.20891529902825748;2.095021869582651,17.079045109775457,0.6495937887270954"
44,drone_7,11.592,8.312,13.942,14.674,"7.143965878414324,18.52253351862183,0.8394107337496143;6.637422351629716,5.81892506984119,0.6003018776062884;0.36590554591665037,16.596997027271488,0.20777990884561767;16.70210735212728,10.387662511155286,2.4865164910063826;17.575883932032223,2.721593568127446,1.6479158532570475;1.2973598084027889,12.541582926626493,1.1930564938806265;5.325463640573792,3.699943652690364,0.9547411468291342;2.859297170747846,7.553503878133155,2.1925507706303717;10.533388546054491,10.175620803711702,0.4434834056225819;13.471363977912578,4.924285787991767,1.3272358809753264;3.1989281854844065,17.094804049625413,0.4405086223709195;3.721082089191997,8.881385548157215,0.35484045745388293;6.101545181256263,8.790137986408395,1.2639000034553933;14.737980355806986,8.782652679798053,1.0509056472900933;8.401310070704824,11.991886299150524,1.2062214485731173;17.06132291164363,16.261464942281574,1.3345172871816686;17.339109943706937,6.311506988921403,2.300624148151509;14.590277332334818,8.335859238449064,1.6499407138788138;5.222352165170459,5.2246686833336335,1.2953675730785918;4.241324229439376,12.456110153327092,0.3647650457406896;6.334813280978457,3.731836136358651,2.315285015721719;3.96199220928336,15.075728766947645,0.9109831433466773;13.470667831163155,10.03843225270554,1.3979717289653883;16.36473653509302,8.086891939973933,1.0265631417602112;9.356408901119345,2.787804101659744,0.20891529902825748;2.095021869582651,17.079045109775457,0.6495937887270954"
44,drone_8,11.096,9.150,13.942,14.674,"7.143965878414324,18.52253351862183,0.8394107337496143;6.637422351629716,5.81892506984119,0.6003018776062884;0.36590554591665037,16.596997027271488,0.20777990884561767;16.70210735212728,10.387662511155286,2.4865164910063826;17.575883932032223,2.721593568127446,1.6479158532570475;1.2973598084027889,12.541582926626493,1.1930564938806265;5.325463640573792,3.699943652690364,0.9547411468291342;2.859297170747846,7.553503878133155,2.1925507706303717;10.533388546054491,10.175620803711702,0.4434834056225819;13.471363977912578,4.924285787991767,1.3272358809753264;3.1989281854844065,17.094804049625413,0.4405086223709195;3.721082089191997,8.881385548157215,0.35484045745388293;6.101545181256263,8.790137986408395,1.2639000034553933;14.737980355806986,8.782652679798053,1.0509056472900933;8.401310070704824,11.991886299150524,1.2062214485731173;17.06132291164363,16.261464942281574,1.3345172871816686;17.339109943706937,6.311506988921403,2.300624148151509;14.590277332334818,8.335859238449064,1.6499407138788138;5.222352165170459,5.2246686833336335,1.2953675730785918;4.241324229439376,12.456110153327092,0.3647650457406896;6.334813280978457,3.731836136358651,2.315285015721719;3.96199220928336,15.075728766947645,0.9109831433466773;13.470667831163155,10.03843225270554,1.3979717289653883;16.36473653509302,8.086891939973933,1.0265631417602112;9.356408901119345,2.787804101659744,0.20891529902825748;2.095021869582651,17.079045109775457,0.6495937887270954"
44,drone_9,11.282,10.896,13.942,14.674,"7.143965878414324,18.52253351862183,0.8394107337496143;6.637422351629716,5.81892506984119,0.6003018776062884;0.36590554591665037,16.596997027271488,0.20777990884561767;16.70210735212728,10.387662511155286,2.4865164910063826;17.575883932032223,2.721593568127446,1.6479158532570475;1.2973598084027889,12.541582926626493,1.1930564938806265;5.325463640573792,3.699943652690364,0.9547411468291342;2.859297170747846,7.553503878133155,2.1925507706303717;10.533388546054491,10.175620803711702,0.4434834056225819;13.471363977912578,4.924285787991767,1.3272358809753264;3.1989281854844065,17.094804049625413,0.4405086223709195;3.721082089191997,8.881385548157215,0.35484045745388293;6.101545181256263,8.790137986408395,1.2639000034553933;14.737980355806986,8.782652679798053,1.0509056472900933;8.401310070704824,11.991886299150524,1.2062214485731173;17.06132291164363,16.261464942281574,1.3345172871816686;17.339109943706937,6.311506988921403,2.300624148151509;14.590277332334818,8.335859238449064,1.6499407138788138;5.222352165170459,5.2246686833336335,1.2953675730785918;4.241324229439376,12.456110153327092,0.3647650457406896;6.334813280978457,3.731836136358651,2.315285015721719;3.96199220928336,15.075728766947645,0.9109831433466773;13.470667831163155,10.03843225270554,1.3979717289653883;16.36473653509302,8.086891939973933,1.0265631417602112;9.356408901119345,2.787804101659744,0.20891529902825748;2.095021869582651,17.079045109775457,0.6495937887270954"
45,drone_1,11.815,9.047,13.942,14.674,"7.143965878414324,18.52253351862183,0.8394107337496143;6.637422351629716,5.81892506984119,0.6003018776062884;0.36590554591665037,16.596997027271488,0.20777990884561767;16.70210735212728,10.387662511155286,2.4865164910063826;17.575883932032223,2.721593568127446,1.6479158532570475;1.2973598084027889,12.541582926626493,1.1930564938806265;5.325463640573792,3.699943652690364,0.9547411468291342;2.859297170747846,7.553503878133155,2.1925507706303717;10.533388546054491,10.175620803711702,0.4434834056225819;13.471363977912578,4.924285787991767,1.3272358809753264;3.1989281854844065,17.094804049625413,0.4405086223709195;3.721082089191997,8.881385548157215,0.35484045745388293;6.101545181256263,8.790137986408395,1.2639000034553933;14.737980355806986,8.782652679798053,1.0509056472900933;8.401310070704824,11.991886299150524,1.2062214485731173;17.06132291164363,16.261464942281574,1.3345172871816686;17.339109943706937,6.311506988921403,2.300624148151509;14.590277332334818,8.335859238449064,1.6499407138788138;5.222352165170459,5.2246686833336335,1.2953675730785918;4.241324229439376,12.456110153327092,0.3647650457406896;6.334813280978457,3.731836136358651,2.315285015721719;3.96199220928336,15.075728766947645,0.9109831433466773;13.470667831163155,10.03843225270554,1.3979717289653883;16.36473653509302,8.086891939973933,1.0265631417602112;9.356408901119345,2.787804101659744,0.20891529902825748;2.095021869582651,17.079045109775457,0.6495937887270954"
45,drone_2,10.274,9.267,13.942,14.674,"7.143965878414324,18.52253351862183,0.8394107337496143;6.637422351629716,5.81892506984119,0.6003018776062884;0.36590554591665037,16.596997027271488,0.20777990884561767;16.70210735212728,10.387662511155286,2.4865164910063826;17.575883932032223,2.721593568127446,1.6479158532570475;1.2973598084027889,12.541582926626493,1.1930564938806265;5.325463640573792,3.699943652690364,0.9547411468291342;2.859297170747846,7.553503878133155,2.1925507706303717;10.533388546054491,10.175620803711702,0.4434834056225819;13.471363977912578,4.924285787991767,1.3272358809753264;3.1989281854844065,17.094804049625413,0.4405086223709195;3.721082089191997,8.881385548157215,0.35484045745388293;6.101545181256263,8.790137986408395,1.2639000034553933;14.737980355806986,8.782652679798053,1.0509056472900933;8.401310070704824,11.991886299150524,1.2062214485731173;17.06132291164363,16.261464942281574,1.3345172871816686;17.339109943706937,6.311506988921403,2.300624148151509;14.590277332334818,8.335859238449064,1.6499407138788138;5.222352165170459,5.2246686833336335,1.2953675730785918;4.241324229439376,12.456110153327092,0.3647650457406896;6.334813280978457,3.731836136358651,2.315285015721719;3.96199220928336,15.075728766947645,0.9109831433466773;13.470667831163155,10.03843225270554,1.3979717289653883;16.36473653509302,8.086891939973933,1.0265631417602112;9.356408901119345,2.787804101659744,0.20891529902825748;2.095021869582651,17.079045109775457,0.6495937887270954"
45,drone_3,11.568,10.061,13.942,14.674,"7.143965878414324,18.52253351862183,0.8394107337496143;6.637422351629716,5.81892506984119,0.6003018776062884;0.36590554591665037,16.596997027271488,0.20777990884561767;16.70210735212728,10.387662511155286,2.4865164910063826;17.575883932032223,2.721593568127446,1.6479158532570475;1.2973598084027889,12.541582926626493,1.1930564938806265;5.325463640573792,3.699943652690364,0.9547411468291342;2.859297170747846,7.553503878133155,2.1925507706303717;10.533388546054491,10.175620803711702,0.4434834056225819;13.471363977912578,4.924285787991767,1.3272358809753264;3.1989281854844065,17.094804049625413,0.4405086223709195;3.721082089191997,8.881385548157215,0.35484045745388293;6.101545181256263,8.790137986408395,1.2639000034553933;14.737980355806986,8.782652679798053,1.0509056472900933;8.401310070704824,11.991886299150524,1.2062214485731173;17.06132291164363,16.261464942281574,1.3345172871816686;17.339109943706937,6.311506988921403,2.300624148151509;14.590277332334818,8.335859238449064,1.6499407138788138;5.222352165170459,5.2246686833336335,1.2953675730785918;4.241324229439376,12.456110153327092,0.3647650457406896;6.334813280978457,3.731836136358651,2.315285015721719;3.96199220928336,15.075728766947645,0.9109831433466773;13.470667831163155,10.03843225270554,1.3979717289653883;16.36473653509302,8.086891939973933,1.0265631417602112;9.356408901119345,2.787804101659744,0.20891529902825748;2.095021869582651,17.079045109775457,0.6495937887270954"
45,drone_4,9.812,10.559,13.942,14.674,"7.143965878414324,18.52253351862183,0.8394107337496143;6.637422351629716,5.81892506984119,0.6003018776062884;0.36590554591665037,16.596997027271488,0.20777990884561767;16.70210735212728,10.387662511155286,2.4865164910063826;17.575883932032223,2.721593568127446,1.6479158532570475;1.2973598084027889,12.541582926626493,1.1930564938806265;5.325463640573792,3.699943652690364,0.9547411468291342;2.859297170747846,7.553503878133155,2.1925507706303717;10.533388546054491,10.175620803711702,0.4434834056225819;13.471363977912578,4.924285787991767,1.3272358809753264;3.1989281854844065,17.094804049625413,0.4405086223709195;3.721082089191997,8.881385548157215,0.35484045745388293;6.101545181256263,8.790137986408395,1.2639000034553933;14.737980355806986,8.782652679798053,1.0509056472900933;8.401310070704824,11.991886299150524,1.2062214485731173;17.06132291164363,16.261464942281574,1.3345172871816686;17.339109943706937,6.311506988921403,2.300624148151509;14.590277332334818,8.335859238449064,1.6499407138788138;5.222352165170459,5.2246686833336335,1.2953675730785918;4.241324229439376,12.456110153327092,0.3647650457406896;6.334813280978457,3.731836136358651,2.315285015721719;3.96199220928336,15.075728766947645,0.9109831433466773;13.470667831163155,10.03843225270554,1.3979717289653883;16.36473653509302,8.086891939973933,1.0265631417602112;9.356408901119345,2.787804101659744,0.20891529902825748;2.095021869582651,17.079045109775457,0.6495937887270954"
45,drone_6,11.933,11.556,13.942,14.674,"7.143965878414324,18.52253351862183,0.8394107337496143;6.637422351629716,5.81892506984119,0.6003018776062884;0.36590554591665037,16.596997027271488,0.20777990884561767;16.70210735212728,10.387662511155286,2.4865164910063826;17.575883932032223,2.721593568127446,1.6479158532570475;1.2973598084027889,12.541582926626493,1.1930564938806265;5.325463640573792,3.699943652690364,0.9547411468291342;2.859297170747846,7.553503878133155,2.1925507706303717;10.533388546054491,10.175620803711702,0.4434834056225819;13.471363977912578,4.924285787991767,1.3272358809753264;3.1989281854844065,17.094804049625413,0.4405086223709195;3.721082089191997,8.881385548157215,0.35484045745388293;6.101545181256263,8.790137986408395,1.2639000034553933;14.737980355806986,8.782652679798053,1.0509056472900933;8.401310070704824,11.991886299150524,1.2062214485731173;17.06132291164363,16.261464942281574,1.3345172871816686;17.339109943706937,6.311506988921403,2.300624148151509;14.590277332334818,8.335859238449064,1.6499407138788138;5.222352165170459,5.2246686833336335,1.2953675730785918;4.241324229439376,12.456110153327092,0.3647650457406896;6.334813280978457,3.731836136358651,2.315285015721719;3.96199220928336,15.075728766947645,0.9109831433466773;13.470667831163155,10.03843225270554,1.3979717289653883;16.36473653509302,8.086891939973933,1.0265631417602112;9.356408901119345,2.787804101659744,0.20891529902825748;2.095021869582651,17.079045109775457,0.6495937887270954"
45,drone_7,11.539,8.334,13.942,14.674,"7.143965878414324,18.52253351862183,0.8394107337496143;6.637422351629716,5.81892506984119,0.6003018776062884;0.36590554591665037,16.596997027271488,0.20777990884561767;16.70210735212728,10.387662511155286,2.4865164910063826;17.575883932032223,2.721593568127446,1.6479158532570475;1.2973598084027889,12.541582926626493,1.1930564938806265;5.325463640573792,3.699943652690364,0.9547411468291342;2.859297170747846,7.553503878133155,2.1925507706303717;10.533388546054491,10.175620803711702,0.4434834056225819;13.471363977912578,4.924285787991767,1.3272358809753264;3.1989281854844065,17.094804049625413,0.4405086223709195;3.721082089191997,8.881385548157215,0.35484045745388293;6.101545181256263,8.790137986408395,1.2639000034553933;14.737980355806986,8.782652679798053,1.0509056472900933;8.401310070704824,11.991886299150524,1.2062214485731173;17.06132291164363,16.261464942281574,1.3345172871816686;17.339109943706937,6.311506988921403,2.300624148151509;14.590277332334818,8.335859238449064,1.6499407138788138;5.222352165170459,5.2246686833336335,1.2953675730785918;4.241324229439376,12.456110153327092,0.3647650457406896;6.334813280978457,3.731836136358651,2.315285015721719;3.96199220928336,15.075728766947645,0.9109831433466773;13.470667831163155,10.03843225270554,1.3979717289653883;16.36473653509302,8.086891939973933,1.0265631417602112;9.356408901119345,2.787804101659744,0.20891529902825748;2.095021869582651,17.079045109775457,0.6495937887270954"
45,drone_8,11.222,9.169,13.942,14.674,"7.143965878414324,18.52253351862183,0.8394107337496143;6.637422351629716,5.81892506984119,0.6003018776062884;0.36590554591665037,16.596997027271488,0.20777990884561767;16.70210735212728,10.387662511155286,2.4865164910063826;17.575883932032223,2.721593568127446,1.6479158532570475;1.2973598084027889,12.541582926626493,1.1930564938806265;5.325463640573792,3.699943652690364,0.9547411468291342;2.859297170747846,7.553503878133155,2.1925507706303717;10.533388546054491,10.175620803711702,0.4434834056225819;13.471363977912578,4.924285787991767,1.3272358809753264;3.1989281854844065,17.094804049625413,0.4405086223709195;3.721082089191997,8.881385548157215,0.35484045745388293;6.101545181256263,8.790137986408395,1.2639000034553933;14.737980355806986,8.782652679798053,1.0509056472900933;8.401310070704824,11.991886299150524,1.2062214485731173;17.06132291164363,16.261464942281574,1.3345172871816686;17.339109943706937,6.311506988921403,2.300624148151509;14.590277332334818,8.335859238449064,1.6499407138788138;5.222352165170459,5.2246686833336335,1.2953675730785918;4.241324229439376,12.456110153327092,0.3647650457406896;6.334813280978457,3.731836136358651,2.315285015721719;3.96199220928336,15.075728766947645,0.9109831433466773;13.470667831163155,10.03843225270554,1.3979717289653883;16.36473653509302,8.086891939973933,1.0265631417602112;9.356408901119345,2.787804101659744,0.20891529902825748;2.095021869582651,17.079045109775457,0.6495937887270954"
45,drone_9,11.320,11.040,13.942,14.674,"7.143965878414324,18.52253351862183,0.8394107337496143;6.637422351629716,5.81892506984119,0.6003018776062884;0.36590554591665037,16.596997027271488,0.20777990884561767;16.70210735212728,10.387662511155286,2.4865164910063826;17.575883932032223,2.721593568127446,1.6479158532570475;1.2973598084027889,12.541582926626493,1.1930564938806265;5.325463640573792,3.699943652690364,0.9547411468291342;2.859297170747846,7.553503878133155,2.1925507706303717;10.533388546054491,10.175620803711702,0.4434834056225819;13.471363977912578,4.924285787991767,1.3272358809753264;3.1989281854844065,17.094804049625413,0.4405086223709195;3.721082089191997,8.881385548157215,0.35484045745388293;6.101545181256263,8.790137986408395,1.2639000034553933;14.737980355806986,8.782652679798053,1.0509056472900933;8.401310070704824,11.991886299150524,1.2062214485731173;17.06132291164363,16.261464942281574,1.3345172871816686;17.339109943706937,6.311506988921403,2.300624148151509;14.590277332334818,8.335859238449064,1.6499407138788138;5.222352165170459,5.2246686833336335,1.2953675730785918;4.241324229439376,12.456110153327092,0.3647650457406896;6.334813280978457,3.731836136358651,2.315285015721719;3.96199220928336,15.075728766947645,0.9109831433466773;13.470667831163155,10.03843225270554,1.3979717289653883;16.36473653509302,8.086891939973933,1.0265631417602112;9.356408901119345,2.787804101659744,0.20891529902825748;2.095021869582651,17.079045109775457,0.6495937887270954"
46,drone_1,11.812,9.022,13.942,14.674,"7.143965878414324,18.52253351862183,0.8394107337496143;6.637422351629716,5.81892506984119,0.6003018776062884;0.36590554591665037,16.596997027271488,0.20777990884561767;16.70210735212728,10.387662511155286,2.4865164910063826;17.575883932032223,2.721593568127446,1.6479158532570475;1.2973598084027889,12.541582926626493,1.1930564938806265;5.325463640573792,3.699943652690364,0.9547411468291342;2.859297170747846,7.553503878133155,2.1925507706303717;10.533388546054491,10.175620803711702,0.4434834056225819;13.471363977912578,4.924285787991767,1.3272358809753264;3.1989281854844065,17.094804049625413,0.4405086223709195;3.721082089191997,8.881385548157215,0.35484045745388293;6.101545181256263,8.790137986408395,1.2639000034553933;14.737980355806986,8.782652679798053,1.0509056472900933;8.401310070704824,11.991886299150524,1.2062214485731173;17.06132291164363,16.261464942281574,1.3345172871816686;17.339109943706937,6.311506988921403,2.300624148151509;14.590277332334818,8.335859238449064,1.6499407138788138;5.222352165170459,5.2246686833336335,1.2953675730785918;4.241324229439376,12.456110153327092,0.3647650457406896;6.334813280978457,3.731836136358651,2.315285015721719;3.96199220928336,15.075728766947645,0.9109831433466773;13.470667831163155,10.03843225270554,1.3979717289653883;16.36473653509302,8.086891939973933,1.0265631417602112;9.356408901119345,2.787804101659744,0.20891529902825748;2.095021869582651,17.079045109775457,0.6495937887270954"
46,drone_2,10.103,9.244,13.942,14.674,"7.143965878414324,18.52253351862183,0.8394107337496143;6.637422351629716,5.81892506984119,0.6003018776062884;0.36590554591665037,16.596997027271488,0.20777990884561767;16.70210735212728,10.387662511155286,2.4865164910063826;17.575883932032223,2.721593568127446,1.6479158532570475;1.2973598084027889,12.541582926626493,1.1930564938806265;5.325463640573792,3.699943652690364,0.9547411468291342;2.859297170747846,7.553503878133155,2.1925507706303717;10.533388546054491,10.175620803711702,0.4434834056225819;13.471363977912578,4.924285787991767,1.3272358809753264;3.1989281854844065,17.094804049625413,0.4405086223709195;3.721082089191997,8.881385548157215,0.35484045745388293;6.101545181256263,8.790137986408395,1.2639000034553933;14.737980355806986,8.782652679798053,1.0509056472900933;8.401310070704824,11.991886299150524,1.2062214485731173;17.06132291164363,16.261464942281574,1.3345172871816686;17.339109943706937,6.311506988921403,2.300624148151509;14.590277332334818,8.335859238449064,1.6499407138788138;5.222352165170459,5.2246686833336335,1.2953675730785918;4.241324229439376,12.456110153327092,0.3647650457406896;6.334813280978457,3.731836136358651,2.315285015721719;3.96199220928336,15.075728766947645,0.9109831433466773;13.470667831163155,10.03843225270554,1.3979717289653883;16.36473653509302,8.086891939973933,1.0265631417602112;9.356408901119345,2.787804101659744,0.20891529902825748;2.095021869582651,17.079045109775457,0.6495937887270954"
46,drone_3,11.608,10.228,13.942,14.674,"7.143965878414324,18.52253351862183,0.8394107337496143;6.637422351629716,5.81892506984119,0.6003018776062884;0.36590554591665037,16.596997027271488,0.20777990884561767;16.70210735212728,10.387662511155286,2.4865164910063826;17.575883932032223,2.721593568127446,1.6479158532570475;1.2973598084027889,12.541582926626493,1.1930564938806265;5.325463640573792,3.699943652690364,0.9547411468291342;2.859297170747846,7.553503878133155,2.1925507706303717;10.533388546054491,10.175620803711702,0.4434834056225819;13.471363977912578,4.924285787991767,1.3272358809753264;3.1989281854844065,17.094804049625413,0.4405086223709195;3.721082089191997,8.881385548157215,0.35484045745388293;6.101545181256263,8.790137986408395,1.2639000034553933;14.737980355806986,8.782652679798053,1.0509056472900933;8.401310070704824,11.991886299150524,1.2062214485731173;17.06132291164363,16.261464942281574,1.3345172871816686;17.339109943706937,6.311506988921403,2.300624148151509;14.590277332334818,8.335859238449064,1.6499407138788138;5.222352165170459,5.2246686833336335,1.2953675730785918;4.241324229439376,12.456110153327092,0.3647650457406896;6.334813280978457,3.731836136358651,2.315285015721719;3.96199220928336,15.075728766947645,0.9109831433466773;13.470667831163155,10.03843225270554,1.3979717289653883;16.36473653509302,8.086891939973933,1.0265631417602112;9.356408901119345,2.787804101659744,0.20891529902825748;2.095021869582651,17.079045109775457,0.6495937887270954"
46,drone_4,9.805,10.759,13.942,14.674,"7.143965878414324,18.52253351862183,0.8394107337496143;6.637422351629716,5.81892506984119,0.6003018776062884;0.36590554591665037,16.596997027271488,0.20777990884561767;16.70210735212728,10.387662511155286,2.4865164910063826;17.575883932032223,2.721593568127446,1.6479158532570475;1.2973598084027889,12.541582926626493,1.1930564938806265;5.325463640573792,3.699943652690364,0.9547411468291342;2.859297170747846,7.553503878133155,2.1925507706303717;10.533388546054491,10.175620803711702,0.4434834056225819;13.471363977912578,4.924285787991767,1.3272358809753264;3.1989281854844065,17.094804049625413,0.4405086223709195;3.721082089191997,8.881385548157215,0.35484045745388293;6.101545181256263,8.790137986408395,1.2639000034553933;14.737980355806986,8.782652679798053,1.0509056472900933;8.401310070704824,11.991886299150524,1.2062214485731173;17.06132291164363,16.261464942281574,1.3345172871816686;17.339109943706937,6.311506988921403,2.300624148151509;14.590277332334818,8.335859238449064,1.6499407138788138;5.222352165170459,5.2246686833336335,1.2953675730785918;4.241324229439376,12.456110153327092,0.3647650457406896;6.334813280978457,3.731836136358651,2.315285015721719;3.96199220928336,15.075728766947645,0.9109831433466773;13.470667831163155,10.03843225270554,1.3979717289653883;16.36473653509302,8.086891939973933,1.0265631417602112;9.356408901119345,2.787804101659744,0.20891529902825748;2.095021869582651,17.079045109775457,0.6495937887270954"
46,drone_6,12.045,11.687,13.942,14.674,"7.143965878414324,18.52253351862183,0.8394107337496143;6.637422351629716,5.81892506984119,0.6003018776062884;0.36590554591665037,16.596997027271488,0.20777990884561767;16.70210735212728,10.387662511155286,2.4865164910063826;17.575883932032223,2.721593568127446,1.6479158532570475;1.2973598084027889,12.541582926626493,1.1930564938806265;5.325463640573792,3.699943652690364,0.9547411468291342;2.859297170747846,7.553503878133155,2.1925507706303717;10.533388546054491,10.175620803711702,0.4434834056225819;13.471363977912578,4.924285787991767,1.3272358809753264;3.1989281854844065,17.094804049625413,0.4405086223709195;3.721082089191997,8.881385548157215,0.35484045745388293;6.101545181256263,8.790137986408395,1.2639000034553933;14.737980355806986,8.782652679798053,1.0509056472900933;8.401310070704824,11.991886299150524,1.2062214485731173;17.06132291164363,16.261464942281574,1.3345172871816686;17.339109943706937,6.311506988921403,2.300624148151509;14.590277332334818,8.335859238449064,1.6499407138788138;5.222352165170459,5.2246686833336335,1.2953675730785918;4.241324229439376,12.456110153327092,0.3647650457406896;6.334813280978457,3.731836136358651,2.315285015721719;3.96199220928336,15.075728766947645,0.9109831433466773;13.470667831163155,10.03843225270554,1.3979717289653883;16.36473653509302,8.086891939973933,1.0265631417602112;9.356408901119345,2.787804101659744,0.20891529902825748;2.095021869582651,17.079045109775457,0.6495937887270954"
46,drone_7,11.424,8.426,13.942,14.674,"7.143965878414324,18.52253351862183,0.8394107337496143;6.637422351629716,5.81892506984119,0.6003018776062884;0.36590554591665037,16.596997027271488,0.20777990884561767;16.70210735212728,10.387662511155286,2.4865164910063826;17.575883932032223,2.721593568127446,1.6479158532570475;1.2973598084027889,12.541582926626493,1.1930564938806265;5.325463640573792,3.699943652690364,0.9547411468291342;2.859297170747846,7.553503878133155,2.1925507706303717;10.533388546054491,10.175620803711702,0.4434834056225819;13.471363977912578,4.924285787991767,1.3272358809753264;3.1989281854844065,17.094804049625413,0.4405086223709195;3.721082089191997,8.881385548157215,0.35484045745388293;6.101545181256263,8.790137986408395,1.2639000034553933;14.737980355806986,8.782652679798053,1.0509056472900933;8.401310070704824,11.991886299150524,1.2062214485731173;17.06132291164363,16.261464942281574,1.3345172871816686;17.339109943706937,6.311506988921403,2.300624148151509;14.590277332334818,8.335859238449064,1.6499407138788138;5.222352165170459,5.2246686833336335,1.2953675730785918;4.241324229439376,12.456110153327092,0.3647650457406896;6.334813280978457,3.731836136358651,2.315285015721719;3.96199220928336,15.075728766947645,0.9109831433466773;13.470667831163155,10.03843225270554,1.3979717289653883;16.36473653509302,8.086891939973933,1.0265631417602112;9.356408901119345,2.787804101659744,0.20891529902825748;2.095021869582651,17.079045109775457,0.6495937887270954"
46,drone_8,11.248,9.288,13.942,14.674,"7.143965878414324,18.52253351862183,0.8394107337496143;6.637422351629716,5.81892506984119,0.6003018776062884;0.36590554591665037,16.596997027271488,0.20777990884561767;16.70210735212728,10.387662511155286,2.4865164910063826;17.575883932032223,2.721593568127446,1.6479158532570475;1.2973598084027889,12.541582926626493,1.1930564938806265;5.325463640573792,3.699943652690364,0.9547411468291342;2.859297170747846,7.553503878133155,2.1925507706303717;10.533388546054491,10.175620803711702,0.4434834056225819;13.471363977912578,4.924285787991767,1.3272358809753264;3.1989281854844065,17.094804049625413,0.4405086223709195;3.721082089191997,8.881385548157215,0.35484045745388293;6.101545181256263,8.790137986408395,1.2639000034553933;14.737980355806986,8.782652679798053,1.0509056472900933;8.401310070704824,11.991886299150524,1.2062214485731173;17.06132291164363,16.261464942281574,1.3345172871816686;17.339109943706937,6.311506988921403,2.300624148151509;14.590277332334818,8.335859238449064,1.6499407138788138;5.222352165170459,5.2246686833336335,1.2953675730785918;4.241324229439376,12.456110153327092,0.3647650457406896;6.334813280978457,3.731836136358651,2.315285015721719;3.96199220928336,15.075728766947645,0.9109831433466773;13.470667831163155,10.03843225270554,1.3979717289653883;16.36473653509302,8.086891939973933,1.0265631417602112;9.356408901119345,2.787804101659744,0.20891529902825748;2.095021869582651,17.079045109775457,0.6495937887270954"
46,drone_9,11.392,11.169,13.942,14.674,"7.143965878414324,18.52253351862183,0.8394107337496143;6.637422351629716,5.81892506984119,0.6003018776062884;0.36590554591665037,16.596997027271488,0.20777990884561767;16.70210735212728,10.387662511155286,2.4865164910063826;17.575883932032223,2.721593568127446,1.6479158532570475;1.2973598084027889,12.541582926626493,1.1930564938806265;5.325463640573792,3.699943652690364,0.9547411468291342;2.859297170747846,7.553503878133155,2.1925507706303717;10.533388546054491,10.175620803711702,0.4434834056225819;13.471363977912578,4.924285787991767,1.3272358809753264;3.1989281854844065,17.094804049625413,0.4405086223709195;3.721082089191997,8.881385548157215,0.35484045745388293;6.101545181256263,8.790137986408395,1.2639000034553933;14.737980355806986,8.782652679798053,1.0509056472900933;8.401310070704824,11.991886299150524,1.2062214485731173;17.06132291164363,16.261464942281574,1.3345172871816686;17.339109943706937,6.311506988921403,2.300624148151509;14.590277332334818,8.335859238449064,1.6499407138788138;5.222352165170459,5.2246686833336335,1.2953675730785918;4.241324229439376,12.456110153327092,0.3647650457406896;6.334813280978457,3.731836136358651,2.315285015721719;3.96199220928336,15.075728766947645,0.9109831433466773;13.470667831163155,10.03843225270554,1.3979717289653883;16.36473653509302,8.086891939973933,1.0265631417602112;9.356408901119345,2.787804101659744,0.20891529902825748;2.095021869582651,17.079045109775457,0.6495937887270954"
47,drone_1,11.709,9.098,13.942,14.674,"7.143965878414324,18.52253351862183,0.8394107337496143;6.637422351629716,5.81892506984119,0.6003018776062884;0.36590554591665037,16.596997027271488,0.20777990884561767;16.70210735212728,10.387662511155286,2.4865164910063826;17.575883932032223,2.721593568127446,1.6479158532570475;1.2973598084027889,12.541582926626493,1.1930564938806265;5.325463640573792,3.699943652690364,0.9547411468291342;2.859297170747846,7.553503878133155,2.1925507706303717;10.533388546054491,10.175620803711702,0.4434834056225819;13.471363977912578,4.924285787991767,1.3272358809753264;3.1989281854844065,17.094804049625413,0.4405086223709195;3.721082089191997,8.881385548157215,0.35484045745388293;6.101545181256263,8.790137986408395,1.2639000034553933;14.737980355806986,8.782652679798053,1.0509056472900933;8.401310070704824,11.991886299150524,1.2062214485731173;17.06132291164363,16.261464942281574,1.3345172871816686;17.339109943706937,6.311506988921403,2.300624148151509;14.590277332334818,8.335859238449064,1.6499407138788138;5.222352165170459,5.2246686833336335,1.2953675730785918;4.241324229439376,12.456110153327092,0.3647650457406896;6.334813280978457,3.731836136358651,2.315285015721719;3.96199220928336,15.075728766947645,0.9109831433466773;13.470667831163155,10.03843225270554,1.3979717289653883;16.36473653509302,8.086891939973933,1.0265631417602112;9.356408901119345,2.787804101659744,0.20891529902825748;2.095021869582651,17.079045109775457,0.6495937887270954"
47,drone_2,10.032,9.321,13.942,14.674,"7.143965878414324,18.52253351862183,0.8394107337496143;6.637422351629716,5.81892506984119,0.6003018776062884;0.36590554591665037,16.596997027271488,0.20777990884561767;16.70210735212728,10.387662511155286,2.4865164910063826;17.575883932032223,2.721593568127446,1.6479158532570475;1.2973598084027889,12.541582926626493,1.1930564938806265;5.325463640573792,3.699943652690364,0.9547411468291342;2.859297170747846,7.553503878133155,2.1925507706303717;10.533388546054491,10.175620803711702,0.4434834056225819;13.471363977912578,4.924285787991767,1.3272358809753264;3.1989281854844065,17.094804049625413,0.4405086223709195;3.721082089191997,8.881385548157215,0.35484045745388293;6.101545181256263,8.790137986408395,1.2639000034553933;14.737980355806986,8.782652679798053,1.0509056472900933;8.401310070704824,11.991886299150524,1.2062214485731173;17.06132291164363,16.261464942281574,1.3345172871816686;17.339109943706937,6.311506988921403,2.300624148151509;14.590277332334818,8.335859238449064,1.6499407138788138;5.222352165170459,5.2246686833336335,1.2953675730785918;4.241324229439376,12.456110153327092,0.3647650457406896;6.334813280978457,3.731836136358651,2.315285015721719;3.96199220928336,15.075728766947645,0.9109831433466773;13.470667831163155,10.03843225270554,1.3979717289653883;16.36473653509302,8.086891939973933,1.0265631417602112;9.356408901119345,2.787804101659744,0.20891529902825748;2.095021869582651,17.079045109775457,0.6495937887270954"
47,drone_3,11.571,10.396,13.942,14.674,"7.143965878414324,18.52253351862183,0.8394107337496143;6.637422351629716,5.81892506984119,0.6003018776062884;0.36590554591665037,16.596997027271488,0.20777990884561767;16.70210735212728,10.387662511155286,2.4865164910063826;17.575883932032223,2.721593568127446,1.6479158532570475;1.2973598084027889,12.541582926626493,1.1930564938806265;5.325463640573792,3.699943652690364,0.9547411468291342;2.859297170747846,7.553503878133155,2.1925507706303717;10.533388546054491,10.175620803711702,0.4434834056225819;13.471363977912578,4.924285787991767,1.3272358809753264;3.1989281854844065,17.094804049625413,0.4405086223709195;3.721082089191997,8.881385548157215,0.35484045745388293;6.101545181256263,8.790137986408395,1.2639000034553933;14.737980355806986,8.782652679798053,1.0509056472900933;8.401310070704824,11.991886299150524,1.2062214485731173;17.06132291164363,16.261464942281574,1.3345172871816686;17.339109943706937,6.311506988921403,2.300624148151509;14.590277332334818,8.335859238449064,1.6499407138788138;5.222352165170459,5.2246686833336335,1.2953675730785918;4.241324229439376,12.456110153327092,0.3647650457406896;6.334813280978457,3.731836136358651,2.315285015721719;3.96199220928336,15.075728766947645,0.9109831433466773;13.470667831163155,10.03843225270554,1.3979717289653883;16.36473653509302,8.086891939973933,1.0265631417602112;9.356408901119345,2.787804101659744,0.20891529902825748;2.095021869582651,17.079045109775457,0.6495937887270954"
47,drone_4,9.865,10.950,13.942,14.674,"7.143965878414324,18.52253351862183,0.8394107337496143;6.637422351629716,5.81892506984119,0.6003018776062884;0.36590554591665037,16.596997027271488,0.20777990884561767;16.70210735212728,10.387662511155286,2.4865164910063826;17.575883932032223,2.721593568127446,1.6479158532570475;1.2973598084027889,12.541582926626493,1.1930564938806265;5.325463640573792,3.699943652690364,0.9547411468291342;2.859297170747846,7.553503878133155,2.1925507706303717;10.533388546054491,10.175620803711702,0.4434834056225819;13.471363977912578,4.924285787991767,1.3272358809753264;3.1989281854844065,17.094804049625413,0.4405086223709195;3.721082089191997,8.881385548157215,0.35484045745388293;6.101545181256263,8.790137986408395,1.2639000034553933;14.737980355806986,8.782652679798053,1.0509056472900933;8.401310070704824,11.991886299150524,1.2062214485731173;17.06132291164363,16.261464942281574,1.3345172871816686;17.339109943706937,6.311506988921403,2.300624148151509;14.590277332334818,8.335859238449064,1.6499407138788138;5.222352165170459,5.2246686833336335,1.2953675730785918;4.241324229439376,12.456110153327092,0.3647650457406896;6.334813280978457,3.731836136358651,2.315285015721719;3.96199220928336,15.075728766947645,0.9109831433466773;13.470667831163155,10.03843225270554,1.3979717289653883;16.36473653509302,8.086891939973933,1.0265631417602112;9.356408901119345,2.787804101659744,0.20891529902825748;2.095021869582651,17.079045109775457,0.6495937887270954"
47,drone_6,12.161,11.814,13.942,14.674,"7.143965878414324,18.52253351862183,0.8394107337496143;6.637422351629716,5.81892506984119,0.6003018776062884;0.36590554591665037,16.596997027271488,0.20777990884561767;16.70210735212728,10.387662511155286,2.4865164910063826;17.575883932032223,2.721593568127446,1.6479158532570475;1.2973598084027889,12.541582926626493,1.1930564938806265;5.325463640573792,3.699943652690364,0.9547411468291342;2.859297170747846,7.553503878133155,2.1925507706303717;10.533388546054491,10.175620803711702,0.4434834056225819;13.471363977912578,4.924285787991767,1.3272358809753264;3.1989281854844065,17.094804049625413,0.4405086223709195;3.721082089191997,8.881385548157215,0.35484045745388293;6.101545181256263,8.790137986408395,1.2639000034553933;14.737980355806986,8.782652679798053,1.0509056472900933;8.401310070704824,11.991886299150524,1.2062214485731173;17.06132291164363,16.261464942281574,1.3345172871816686;17.339109943706937,6.311506988921403,2.300624148151509;14.590277332334818,8.335859238449064,1.6499407138788138;5.222352165170459,5.2246686833336335,1.2953675730785918;4.241324229439376,12.456110153327092,0.3647650457406896;6.334813280978457,3.731836136358651,2.315285015721719;3.96199220928336,15.075728766947645,0.9109831433466773;13.470667831163155,10.03843225270554,1.3979717289653883;16.36473653509302,8.086891939973933,1.0265631417602112;9.356408901119345,2.787804101659744,0.20891529902825748;2.095021869582651,17.079045109775457,0.6495937887270954"
47,drone_7,11.276,8.421,13.942,14.674,"7.143965878414324,18.52253351862183,0.8394107337496143;6.637422351629716,5.81892506984119,0.6003018776062884;0.36590554591665037,16.596997027271488,0.20777990884561767;16.70210735212728,10.387662511155286,2.4865164910063826;17.575883932032223,2.721593568127446,1.6479158532570475;1.2973598084027889,12.541582926626493,1.1930564938806265;5.325463640573792,3.699943652690364,0.9547411468291342;2.859297170747846,7.553503878133155,2.1925507706303717;10.533388546054491,10.175620803711702,0.4434834056225819;13.471363977912578,4.924285787991767,1.3272358809753264;3.1989281854844065,17.094804049625413,0.4405086223709195;3.721082089191997,8.881385548157215,0.35484045745388293;6.101545181256263,8.790137986408395,1.2639000034553933;14.737980355806986,8.782652679798053,1.0509056472900933;8.401310070704824,11.991886299150524,1.2062214485731173;17.06132291164363,16.261464942281574,1.3345172871816686;17.339109943706937,6.311506988921403,2.300624148151509;14.590277332334818,8.335859238449064,1.6499407138788138;5.222352165170459,5.2246686833336335,1.2953675730785918;4.241324229439376,12.456110153327092,0.3647650457406896;6.334813280978457,3.731836136358651,2.315285015721719;3.96199220928336,15.075728766947645,0.9109831433466773;13.470667831163155,10.03843225270554,1.3979717289653883;16.36473653509302,8.086891939973933,1.0265631417602112;9.356408901119345,2.787804101659744,0.20891529902825748;2.095021869582651,17.079045109775457,0.6495937887270954"
47,drone_8,11.201,9.429,13.942,14.674,"7.143965878414324,18.52253351862183,0.8394107337496143;6.637422351629716,5.81892506984119,0.6003018776062884;0.36590554591665037,16.596997027271488,0.20777990884561767;16.70210735212728,10.387662511155286,2.4865164910063826;17.575883932032223,2.721593568127446,1.6479158532570475;1.2973598084027889,12.541582926626493,1.1930564938806265;5.325463640573792,3.699943652690364,0.9547411468291342;2.859297170747846,7.553503878133155,2.1925507706303717;10.533388546054491,10.175620803711702,0.4434834056225819;13.471363977912578,4.924285787991767,1.3272358809753264;3.1989281854844065,17.094804049625413,0.4405086223709195;3.721082089191997,8.881385548157215,0.35484045745388293;6.101545181256263,8.790137986408395,1.2639000034553933;14.737980355806986,8.782652679798053,1.0509056472900933;8.401310070704824,11.991886299150524,1.2062214485731173;17.06132291164363,16.261464942281574,1.3345172871816686;17.339109943706937,6.311506988921403,2.300624148151509;14.590277332334818,8.335859238449064,1.6499407138788138;5.222352165170459,5.2246686833336335,1.2953675730785918;4.241324229439376,12.456110153327092,0.3647650457406896;6.334813280978457,3.731836136358651,2.315285015721719;3.96199220928336,15.075728766947645,0.9109831433466773;13.470667831163155,10.03843225270554,1.3979717289653883;16.36473653509302,8.086891939973933,1.0265631417602112;9.356408901119345,2.787804101659744,0.20891529902825748;2.095021869582651,17.079045109775457,0.6495937887270954"
47,drone_9,11.372,11.340,13.942,14.674,"7.143965878414324,18.52253351862183,0.8394107337496143;6.637422351629716,5.81892506984119,0.6003018776062884;0.36590554591665037,16.596997027271488,0.20777990884561767;16.70210735212728,10.387662511155286,2.4865164910063826;17.575883932032223,2.721593568127446,1.6479158532570475;1.2973598084027889,12.541582926626493,1.1930564938806265;5.325463640573792,3.699943652690364,0.9547411468291342;2.859297170747846,7.553503878133155,2.1925507706303717;10.533388546054491,10.175620803711702,0.4434834056225819;13.471363977912578,4.924285787991767,1.3272358809753264;3.1989281854844065,17.094804049625413,0.4405086223709195;3.721082089191997,8.881385548157215,0.35484045745388293;6.101545181256263,8.790137986408395,1.2639000034553933;14.737980355806986,8.782652679798053,1.0509056472900933;8.401310070704824,11.991886299150524,1.2062214485731173;17.06132291164363,16.261464942281574,1.3345172871816686;17.339109943706937,6.311506988921403,2.300624148151509;14.590277332334818,8.335859238449064,1.6499407138788138;5.222352165170459,5.2246686833336335,1.2953675730785918;4.241324229439376,12.456110153327092,0.3647650457406896;6.334813280978457,3.731836136358651,2.315285015721719;3.96199220928336,15.075728766947645,0.9109831433466773;13.470667831163155,10.03843225270554,1.3979717289653883;16.36473653509302,8.086891939973933,1.0265631417602112;9.356408901119345,2.787804101659744,0.20891529902825748;2.095021869582651,17.079045109775457,0.6495937887270954"
48,drone_1,11.707,9.246,13.942,14.674,"7.143965878414324,18.52253351862183,0.8394107337496143;6.637422351629716,5.81892506984119,0.6003018776062884;0.36590554591665037,16.596997027271488,0.20777990884561767;16.70210735212728,10.387662511155286,2.4865164910063826;17.575883932032223,2.721593568127446,1.6479158532570475;1.2973598084027889,12.541582926626493,1.1930564938806265;5.325463640573792,3.699943652690364,0.9547411468291342;2.859297170747846,7.553503878133155,2.1925507706303717;10.533388546054491,10.175620803711702,0.4434834056225819;13.471363977912578,4.924285787991767,1.3272358809753264;3.1989281854844065,17.094804049625413,0.4405086223709195;3.721082089191997,8.881385548157215,0.35484045745388293;6.101545181256263,8.790137986408395,1.2639000034553933;14.737980355806986,8.782652679798053,1.0509056472900933;8.401310070704824,11.991886299150524,1.2062214485731173;17.06132291164363,16.261464942281574,1.3345172871816686;17.339109943706937,6.311506988921403,2.300624148151509;14.590277332334818,8.335859238449064,1.6499407138788138;5.222352165170459,5.2246686833336335,1.2953675730785918;4.241324229439376,12.456110153327092,0.3647650457406896;6.334813280978457,3.731836136358651,2.315285015721719;3.96199220928336,15.075728766947645,0.9109831433466773;13.470667831163155,10.03843225270554,1.3979717289653883;16.36473653509302,8.086891939973933,1.0265631417602112;9.356408901119345,2.787804101659744,0.20891529902825748;2.095021869582651,17.079045109775457,0.6495937887270954"
48,drone_2,9.894,9.465,13.942,14.674,"7.143965878414324,18.52253351862183,0.8394107337496143;6.637422351629716,5.81892506984119,0.6003018776062884;0.36590554591665037,16.596997027271488,0.20777990884561767;16.70210735212728,10.387662511155286,2.4865164910063826;17.575883932032223,2.721593568127446,1.6479158532570475;1.2973598084027889,12.541582926626493,1.1930564938806265;5.325463640573792,3.699943652690364,0.9547411468291342;2.859297170747846,7.553503878133155,2.1925507706303717;10.533388546054491,10.175620803711702,0.4434834056225819;13.471363977912578,4.924285787991767,1.3272358809753264;3.1989281854844065,17.094804049625413,0.4405086223709195;3.721082089191997,8.881385548157215,0.35484045745388293;6.101545181256263,8.790137986408395,1.2639000034553933;14.737980355806986,8.782652679798053,1.0509056472900933;8.401310070704824,11.991886299150524,1.2062214485731173;17.06132291164363,16.261464942281574,1.3345172871816686;17.339109943706937,6.311506988921403,2.300624148151509;14.590277332334818,8.335859238449064,1.6499407138788138;5.222352165170459,5.2246686833336335,1.2953675730785918;4.241324229439376,12.456110153327092,0.3647650457406896;6.334813280978457,3.731836136358651,2.315285015721719;3.96199220928336,15.075728766947645,0.9109831433466773;13.470667831163155,10.03843225270554,1.3979717289653883;16.36473653509302,8.086891939973933,1.0265631417602112;9.356408901119345,2.787804101659744,0.20891529902825748;2.095021869582651,17.079045109775457,0.6495937887270954"
48,drone_3,11.610,10.564,13.942,14.674,"7.143965878414324,18.52253351862183,0.8394107337496143;6.637422351629716,5.81892506984119,0.6003018776062884;0.36590554591665037,16.596997027271488,0.20777990884561767;16.70210735212728,10.387662511155286,2.4865164910063826;17.575883932032223,2.721593568127446,1.6479158532570475;1.2973598084027889,12.541582926626493,1.1930564938806265;5.325463640573792,3.699943652690364,0.9547411468291342;2.859297170747846,7.553503878133155,2.1925507706303717;10.533388546054491,10.175620803711702,0.4434834056225819;13.471363977912578,4.924285787991767,1.3272358809753264;3.1989281854844065,17.094804049625413,0.4405086223709195;3.721082089191997,8.881385548157215,0.35484045745388293;6.101545181256263,8.790137986408395,1.2639000034553933;14.737980355806986,8.782652679798053,1.0509056472900933;8.401310070704824,11.991886299150524,1.2062214485731173;17.06132291164363,16.261464942281574,1.3345172871816686;17.339109943706937,6.311506988921403,2.300624148151509;14.590277332334818,8.335859238449064,1.6499407138788138;5.222352165170459,5.2246686833336335,1.2953675730785918;4.241324229439376,12.456110153327092,0.3647650457406896;6.334813280978457,3.731836136358651,2.315285015721719;3.96199220928336,15.075728766947645,0.9109831433466773;13.470667831163155,10.03843225270554,1.3979717289653883;16.36473653509302,8.086891939973933,1.0265631417602112;9.356408901119345,2.787804101659744,0.20891529902825748;2.095021869582651,17.079045109775457,0.6495937887270954"
48,drone_4,9.961,11.125,13.942,14.674,"7.143965878414324,18.52253351862183,0.8394107337496143;6.637422351629716,5.81892506984119,0.6003018776062884;0.36590554591665037,16.596997027271488,0.20777990884561767;16.70210735212728,10.387662511155286,2.4865164910063826;17.575883932032223,2.721593568127446,1.6479158532570475;1.2973598084027889,12.541582926626493,1.1930564938806265;5.325463640573792,3.699943652690364,0.9547411468291342;2.859297170747846,7.553503878133155,2.1925507706303717;10.533388546054491,10.175620803711702,0.4434834056225819;13.471363977912578,4.924285787991767,1.3272358809753264;3.1989281854844065,17.094804049625413,0.4405086223709195;3.721082089191997,8.881385548157215,0.35484045745388293;6.101545181256263,8.790137986408395,1.2639000034553933;14.737980355806986,8.782652679798053,1.0509056472900933;8.401310070704824,11.991886299150524,1.2062214485731173;17.06132291164363,16.261464942281574,1.3345172871816686;17.339109943706937,6.311506988921403,2.300624148151509;14.590277332334818,8.335859238449064,1.6499407138788138;5.222352165170459,5.2246686833336335,1.2953675730785918;4.241324229439376,12.456110153327092,0.3647650457406896;6.334813280978457,3.731836136358651,2.315285015721719;3.96199220928336,15.075728766947645,0.9109831433466773;13.470667831163155,10.03843225270554,1.3979717289653883;16.36473653509302,8.086891939973933,1.0265631417602112;9.356408901119345,2.787804101659744,0.20891529902825748;2.095021869582651,17.079045109775457,0.6495937887270954"
48,drone_6,12.280,11.938,13.942,14.674,"7.143965878414324,18.52253351862183,0.8394107337496143;6.637422351629716,5.81892506984119,0.6003018776062884;0.36590554591665037,16.596997027271488,0.20777990884561767;16.70210735212728,10.387662511155286,2.4865164910063826;17.575883932032223,2.721593568127446,1.6479158532570475;1.2973598084027889,12.541582926626493,1.1930564938806265;5.325463640573792,3.699943652690364,0.9547411468291342;2.859297170747846,7.553503878133155,2.1925507706303717;10.533388546054491,10.175620803711702,0.4434834056225819;13.471363977912578,4.924285787991767,1.3272358809753264;3.1989281854844065,17.094804049625413,0.4405086223709195;3.721082089191997,8.881385548157215,0.35484045745388293;6.101545181256263,8.790137986408395,1.2639000034553933;14.737980355806986,8.782652679798053,1.0509056472900933;8.401310070704824,11.991886299150524,1.2062214485731173;17.06132291164363,16.261464942281574,1.3345172871816686;17.339109943706937,6.311506988921403,2.300624148151509;14.590277332334818,8.335859238449064,1.6499407138788138;5.222352165170459,5.2246686833336335,1.2953675730785918;4.241324229439376,12.456110153327092,0.3647650457406896;6.334813280978457,3.731836136358651,2.315285015721719;3.96199220928336,15.075728766947645,0.9109831433466773;13.470667831163155,10.03843225270554,1.3979717289653883;16.36473653509302,8.086891939973933,1.0265631417602112;9.356408901119345,2.787804101659744,0.20891529902825748;2.095021869582651,17.079045109775457,0.6495937887270954"
48,drone_7,11.227,8.516,13.942,14.674,"7.143965878414324,18.52253351862183,0.8394107337496143;6.637422351629716,5.81892506984119,0.6003018776062884;0.36590554591665037,16.596997027271488,0.20777990884561767;16.70210735212728,10.387662511155286,2.4865164910063826;17.575883932032223,2.721593568127446,1.6479158532570475;1.2973598084027889,12.541582926626493,1.1930564938806265;5.325463640573792,3.699943652690364,0.9547411468291342;2.859297170747846,7.553503878133155,2.1925507706303717;10.533388546054491,10.175620803711702,0.4434834056225819;13.471363977912578,4.924285787991767,1.3272358809753264;3.1989281854844065,17.094804049625413,0.4405086223709195;3.721082089191997,8.881385548157215,0.35484045745388293;6.101545181256263,8.790137986408395,1.2639000034553933;14.737980355806986,8.782652679798053,1.0509056472900933;8.401310070704824,11.991886299150524,1.2062214485731173;17.06132291164363,16.261464942281574,1.3345172871816686;17.339109943706937,6.311506988921403,2.300624148151509;14.590277332334818,8.335859238449064,1.6499407138788138;5.222352165170459,5.2246686833336335,1.2953675730785918;4.241324229439376,12.456110153327092,0.3647650457406896;6.334813280978457,3.731836136358651,2.315285015721719;3.96199220928336,15.075728766947645,0.9109831433466773;13.470667831163155,10.03843225270554,1.3979717289653883;16.36473653509302,8.086891939973933,1.0265631417602112;9.356408901119345,2.787804101659744,0.20891529902825748;2.095021869582651,17.079045109775457,0.6495937887270954"
48,drone_8,11.253,9.469,13.942,14.674,"7.143965878414324,18.52253351862183,0.8394107337496143;6.637422351629716,5.81892506984119,0.6003018776062884;0.36590554591665037,16.596997027271488,0.20777990884561767;16.70210735212728,10.387662511155286,2.4865164910063826;17.575883932032223,2.721593568127446,1.6479158532570475;1.2973598084027889,12.541582926626493,1.1930564938806265;5.325463640573792,3.699943652690364,0.9547411468291342;2.859297170747846,7.553503878133155,2.1925507706303717;10.533388546054491,10.175620803711702,0.4434834056225819;13.471363977912578,4.924285787991767,1.3272358809753264;3.1989281854844065,17.094804049625413,0.4405086223709195;3.721082089191997,8.881385548157215,0.35484045745388293;6.101545181256263,8.790137986408395,1.2639000034553933;14.737980355806986,8.782652679798053,1.0509056472900933;8.401310070704824,11.991886299150524,1.2062214485731173;17.06132291164363,16.261464942281574,1.3345172871816686;17.339109943706937,6.311506988921403,2.300624148151509;14.590277332334818,8.335859238449064,1.6499407138788138;5.222352165170459,5.2246686833336335,1.2953675730785918;4.241324229439376,12.456110153327092,0.3647650457406896;6.334813280978457,3.731836136358651,2.315285015721719;3.96199220928336,15.075728766947645,0.9109831433466773;13.470667831163155,10.03843225270554,1.3979717289653883;16.36473653509302,8.086891939973933,1.0265631417602112;9.356408901119345,2.787804101659744,0.20891529902825748;2.095021869582651,17.079045109775457,0.6495937887270954"
48,drone_9,11.421,11.505,13.942,14.674,"7.143965878414324,18.52253351862183,0.8394107337496143;6.637422351629716,5.81892506984119,0.6003018776062884;0.36590554591665037,16.596997027271488,0.20777990884561767;16.70210735212728,10.387662511155286,2.4865164910063826;17.575883932032223,2.721593568127446,1.6479158532570475;1.2973598084027889,12.541582926626493,1.1930564938806265;5.325463640573792,3.699943652690364,0.9547411468291342;2.859297170747846,7.553503878133155,2.1925507706303717;10.533388546054491,10.175620803711702,0.4434834056225819;13.471363977912578,4.924285787991767,1.3272358809753264;3.1989281854844065,17.094804049625413,0.4405086223709195;3.721082089191997,8.881385548157215,0.35484045745388293;6.101545181256263,8.790137986408395,1.2639000034553933;14.737980355806986,8.782652679798053,1.0509056472900933;8.401310070704824,11.991886299150524,1.2062214485731173;17.06132291164363,16.261464942281574,1.3345172871816686;17.339109943706937,6.311506988921403,2.300624148151509;14.590277332334818,8.335859238449064,1.6499407138788138;5.222352165170459,5.2246686833336335,1.2953675730785918;4.241324229439376,12.456110153327092,0.3647650457406896;6.334813280978457,3.731836136358651,2.315285015721719;3.96199220928336,15.075728766947645,0.9109831433466773;13.470667831163155,10.03843225270554,1.3979717289653883;16.36473653509302,8.086891939973933,1.0265631417602112;9.356408901119345,2.787804101659744,0.20891529902825748;2.095021869582651,17.079045109775457,0.6495937887270954"
49,drone_1,11.761,9.384,13.942,14.674,"7.143965878414324,18.52253351862183,0.8394107337496143;6.637422351629716,5.81892506984119,0.6003018776062884;0.36590554591665037,16.596997027271488,0.20777990884561767;16.70210735212728,10.387662511155286,2.4865164910063826;17.575883932032223,2.721593568127446,1.6479158532570475;1.2973598084027889,12.541582926626493,1.1930564938806265;5.325463640573792,3.699943652690364,0.9547411468291342;2.859297170747846,7.553503878133155,2.1925507706303717;10.533388546054491,10.175620803711702,0.4434834056225819;13.471363977912578,4.924285787991767,1.3272358809753264;3.1989281854844065,17.094804049625413,0.4405086223709195;3.721082089191997,8.881385548157215,0.35484045745388293;6.101545181256263,8.790137986408395,1.2639000034553933;14.737980355806986,8.782652679798053,1.0509056472900933;8.401310070704824,11.991886299150524,1.2062214485731173;17.06132291164363,16.261464942281574,1.3345172871816686;17.339109943706937,6.311506988921403,2.300624148151509;14.590277332334818,8.335859238449064,1.6499407138788138;5.222352165170459,5.2246686833336335,1.2953675730785918;4.241324229439376,12.456110153327092,0.3647650457406896;6.334813280978457,3.731836136358651,2.315285015721719;3.96199220928336,15.075728766947645,0.9109831433466773;13.470667831163155,10.03843225270554,1.3979717289653883;16.36473653509302,8.086891939973933,1.0265631417602112;9.356408901119345,2.787804101659744,0.20891529902825748;2.095021869582651,17.079045109775457,0.6495937887270954"
49,drone_2,9.697,9.502,13.942,14.674,"7.143965878414324,18.52253351862183,0.8394107337496143;6.637422351629716,5.81892506984119,0.6003018776062884;0.36590554591665037,16.596997027271488,0.20777990884561767;16.70210735212728,10.387662511155286,2.4865164910063826;17.575883932032223,2.721593568127446,1.6479158532570475;1.2973598084027889,12.541582926626493,1.1930564938806265;5.325463640573792,3.699943652690364,0.9547411468291342;2.859297170747846,7.553503878133155,2.1925507706303717;10.533388546054491,10.175620803711702,0.4434834056225819;13.471363977912578,4.924285787991767,1.3272358809753264;3.1989281854844065,17.094804049625413,0.4405086223709195;3.721082089191997,8.881385548157215,0.35484045745388293;6.101545181256263,8.790137986408395,1.2639000034553933;14.737980355806986,8.782652679798053,1.0509056472900933;8.401310070704824,11.991886299150524,1.2062214485731173;17.06132291164363,16.261464942281574,1.3345172871816686;17.339109943706937,6.311506988921403,2.300624148151509;14.590277332334818,8.335859238449064,1.6499407138788138;5.222352165170459,5.2246686833336335,1.2953675730785918;4.241324229439376,12.456110153327092,0.3647650457406896;6.334813280978457,3.731836136358651,2.315285015721719;3.96199220928336,15.075728766947645,0.9109831433466773;13.470667831163155,10.03843225270554,1.3979717289653883;16.36473653509302,8.086891939973933,1.0265631417602112;9.356408901119345,2.787804101659744,0.20891529902825748;2.095021869582651,17.079045109775457,0.6495937887270954"
49,drone_3,11.572,10.732,13.942,14.674,"7.143965878414324,18.52253351862183,0.8394107337496143;6.637422351629716,5.81892506984119,0.6003018776062884;0.36590554591665037,16.596997027271488,0.20777990884561767;16.70210735212728,10.387662511155286,2.4865164910063826;17.575883932032223,2.721593568127446,1.6479158532570475;1.2973598084027889,12.541582926626493,1.1930564938806265;5.325463640573792,3.699943652690364,0.9547411468291342;2.859297170747846,7.553503878133155,2.1925507706303717;10.533388546054491,10.175620803711702,0.4434834056225819;13.471363977912578,4.924285787991767,1.3272358809753264;3.1989281854844065,17.094804049625413,0.4405086223709195;3.721082089191997,8.881385548157215,0.35484045745388293;6.101545181256263,8.790137986408395,1.2639000034553933;14.737980355806986,8.782652679798053,1.0509056472900933;8.401310070704824,11.991886299150524,1.2062214485731173;17.06132291164363,16.261464942281574,1.3345172871816686;17.339109943706937,6.311506988921403,2.300624148151509;14.590277332334818,8.335859238449064,1.6499407138788138;5.222352165170459,5.2246686833336335,1.2953675730785918;4.241324229439376,12.456110153327092,0.3647650457406896;6.334813280978457,3.731836136358651,2.315285015721719;3.96199220928336,15.075728766947645,0.9109831433466773;13.470667831163155,10.03843225270554,1.3979717289653883;16.36473653509302,8.086891939973933,1.0265631417602112;9.356408901119345,2.787804101659744,0.20891529902825748;2.095021869582651,17.079045109775457,0.6495937887270954"
49,drone_4,10.077,11.288,13.942,14.674,"7.143965878414324,18.52253351862183,0.8394107337496143;6.637422351629716,5.81892506984119,0.6003018776062884;0.36590554591665037,16.596997027271488,0.20777990884561767;16.70210735212728,10.387662511155286,2.4865164910063826;17.575883932032223,2.721593568127446,1.6479158532570475;1.2973598084027889,12.541582926626493,1.1930564938806265;5.325463640573792,3.699943652690364,0.9547411468291342;2.859297170747846,7.553503878133155,2.1925507706303717;10.533388546054491,10.175620803711702,0.4434834056225819;13.471363977912578,4.924285787991767,1.3272358809753264;3.1989281854844065,17.094804049625413,0.4405086223709195;3.721082089191997,8.881385548157215,0.35484045745388293;6.101545181256263,8.790137986408395,1.2639000034553933;14.737980355806986,8.782652679798053,1.0509056472900933;8.401310070704824,11.991886299150524,1.2062214485731173;17.06132291164363,16.261464942281574,1.3345172871816686;17.339109943706937,6.311506988921403,2.300624148151509;14.590277332334818,8.335859238449064,1.6499407138788138;5.222352165170459,5.2246686833336335,1.2953675730785918;4.241324229439376,12.456110153327092,0.3647650457406896;6.334813280978457,3.731836136358651,2.315285015721719;3.96199220928336,15.075728766947645,0.9109831433466773;13.470667831163155,10.03843225270554,1.3979717289653883;16.36473653509302,8.086891939973933,1.0265631417602112;9.356408901119345,2.787804101659744,0.20891529902825748;2.095021869582651,17.079045109775457,0.6495937887270954"
49,drone_6,12.400,12.062,13.942,14.674,"7.143965878414324,18.52253351862183,0.8394107337496143;6.637422351629716,5.81892506984119,0.6003018776062884;0.36590554591665037,16.596997027271488,0.20777990884561767;16.70210735212728,10.387662511155286,2.4865164910063826;17.575883932032223,2.721593568127446,1.6479158532570475;1.2973598084027889,12.541582926626493,1.1930564938806265;5.325463640573792,3.699943652690364,0.9547411468291342;2.859297170747846,7.553503878133155,2.1925507706303717;10.533388546054491,10.175620803711702,0.4434834056225819;13.471363977912578,4.924285787991767,1.3272358809753264;3.1989281854844065,17.094804049625413,0.4405086223709195;3.721082089191997,8.881385548157215,0.35484045745388293;6.101545181256263,8.790137986408395,1.2639000034553933;14.737980355806986,8.782652679798053,1.0509056472900933;8.401310070704824,11.991886299150524,1.2062214485731173;17.06132291164363,16.261464942281574,1.3345172871816686;17.339109943706937,6.311506988921403,2.300624148151509;14.590277332334818,8.335859238449064,1.6499407138788138;5.222352165170459,5.2246686833336335,1.2953675730785918;4.241324229439376,12.456110153327092,0.3647650457406896;6.334813280978457,3.731836136358651,2.315285015721719;3.96199220928336,15.075728766947645,0.9109831433466773;13.470667831163155,10.03843225270554,1.3979717289653883;16.36473653509302,8.086891939973933,1.0265631417602112;9.356408901119345,2.787804101659744,0.20891529902825748;2.095021869582651,17.079045109775457,0.6495937887270954"
49,drone_7,11.272,8.682,13.942,14.674,"7.143965878414324,18.52253351862183,0.8394107337496143;6.637422351629716,5.81892506984119,0.6003018776062884;0.36590554591665037,16.596997027271488,0.20777990884561767;16.70210735212728,10.387662511155286,2.4865164910063826;17.575883932032223,2.721593568127446,1.6479158532570475;1.2973598084027889,12.541582926626493,1.1930564938806265;5.325463640573792,3.699943652690364,0.9547411468291342;2.859297170747846,7.553503878133155,2.1925507706303717;10.533388546054491,10.175620803711702,0.4434834056225819;13.471363977912578,4.924285787991767,1.3272358809753264;3.1989281854844065,17.094804049625413,0.4405086223709195;3.721082089191997,8.881385548157215,0.35484045745388293;6.101545181256263,8.790137986408395,1.2639000034553933;14.737980355806986,8.782652679798053,1.0509056472900933;8.401310070704824,11.991886299150524,1.2062214485731173;17.06132291164363,16.261464942281574,1.3345172871816686;17.339109943706937,6.311506988921403,2.300624148151509;14.590277332334818,8.335859238449064,1.6499407138788138;5.222352165170459,5.2246686833336335,1.2953675730785918;4.241324229439376,12.456110153327092,0.3647650457406896;6.334813280978457,3.731836136358651,2.315285015721719;3.96199220928336,15.075728766947645,0.9109831433466773;13.470667831163155,10.03843225270554,1.3979717289653883;16.36473653509302,8.086891939973933,1.0265631417602112;9.356408901119345,2.787804101659744,0.20891529902825748;2.095021869582651,17.079045109775457,0.6495937887270954"
49,drone_8,11.206,9.610,13.942,14.674,"7.143965878414324,18.52253351862183,0.8394107337496143;6.637422351629716,5.81892506984119,0.6003018776062884;0.36590554591665037,16.596997027271488,0.20777990884561767;16.70210735212728,10.387662511155286,2.4865164910063826;17.575883932032223,2.721593568127446,1.6479158532570475;1.2973598084027889,12.541582926626493,1.1930564938806265;5.325463640573792,3.699943652690364,0.9547411468291342;2.859297170747846,7.553503878133155,2.1925507706303717;10.533388546054491,10.175620803711702,0.4434834056225819;13.471363977912578,4.924285787991767,1.3272358809753264;3.1989281854844065,17.094804049625413,0.4405086223709195;3.721082089191997,8.881385548157215,0.35484045745388293;6.101545181256263,8.790137986408395,1.2639000034553933;14.737980355806986,8.782652679798053,1.0509056472900933;8.401310070704824,11.991886299150524,1.2062214485731173;17.06132291164363,16.261464942281574,1.3345172871816686;17.339109943706937,6.311506988921403,2.300624148151509;14.590277332334818,8.335859238449064,1.6499407138788138;5.222352165170459,5.2246686833336335,1.2953675730785918;4.241324229439376,12.456110153327092,0.3647650457406896;6.334813280978457,3.731836136358651,2.315285015721719;3.96199220928336,15.075728766947645,0.9109831433466773;13.470667831163155,10.03843225270554,1.3979717289653883;16.36473653509302,8.086891939973933,1.0265631417602112;9.356408901119345,2.787804101659744,0.20891529902825748;2.095021869582651,17.079045109775457,0.6495937887270954"
49,drone_9,11.505,11.655,13.942,14.674,"7.143965878414324,18.52253351862183,0.8394107337496143;6.637422351629716,5.81892506984119,0.6003018776062884;0.36590554591665037,16.596997027271488,0.20777990884561767;16.70210735212728,10.387662511155286,2.4865164910063826;17.575883932032223,2.721593568127446,1.6479158532570475;1.2973598084027889,12.541582926626493,1.1930564938806265;5.325463640573792,3.699943652690364,0.9547411468291342;2.859297170747846,7.553503878133155,2.1925507706303717;10.533388546054491,10.175620803711702,0.4434834056225819;13.471363977912578,4.924285787991767,1.3272358809753264;3.1989281854844065,17.094804049625413,0.4405086223709195;3.721082089191997,8.881385548157215,0.35484045745388293;6.101545181256263,8.790137986408395,1.2639000034553933;14.737980355806986,8.782652679798053,1.0509056472900933;8.401310070704824,11.991886299150524,1.2062214485731173;17.06132291164363,16.261464942281574,1.3345172871816686;17.339109943706937,6.311506988921403,2.300624148151509;14.590277332334818,8.335859238449064,1.6499407138788138;5.222352165170459,5.2246686833336335,1.2953675730785918;4.241324229439376,12.456110153327092,0.3647650457406896;6.334813280978457,3.731836136358651,2.315285015721719;3.96199220928336,15.075728766947645,0.9109831433466773;13.470667831163155,10.03843225270554,1.3979717289653883;16.36473653509302,8.086891939973933,1.0265631417602112;9.356408901119345,2.787804101659744,0.20891529902825748;2.095021869582651,17.079045109775457,0.6495937887270954"
50,drone_1,11.733,9.529,13.942,14.674,"7.143965878414324,18.52253351862183,0.8394107337496143;6.637422351629716,5.81892506984119,0.6003018776062884;0.36590554591665037,16.596997027271488,0.20777990884561767;16.70210735212728,10.387662511155286,2.4865164910063826;17.575883932032223,2.721593568127446,1.6479158532570475;1.2973598084027889,12.541582926626493,1.1930564938806265;5.325463640573792,3.699943652690364,0.9547411468291342;2.859297170747846,7.553503878133155,2.1925507706303717;10.533388546054491,10.175620803711702,0.4434834056225819;13.471363977912578,4.924285787991767,1.3272358809753264;3.1989281854844065,17.094804049625413,0.4405086223709195;3.721082089191997,8.881385548157215,0.35484045745388293;6.101545181256263,8.790137986408395,1.2639000034553933;14.737980355806986,8.782652679798053,1.0509056472900933;8.401310070704824,11.991886299150524,1.2062214485731173;17.06132291164363,16.261464942281574,1.3345172871816686;17.339109943706937,6.311506988921403,2.300624148151509;14.590277332334818,8.335859238449064,1.6499407138788138;5.222352165170459,5.2246686833336335,1.2953675730785918;4.241324229439376,12.456110153327092,0.3647650457406896;6.334813280978457,3.731836136358651,2.315285015721719;3.96199220928336,15.075728766947645,0.9109831433466773;13.470667831163155,10.03843225270554,1.3979717289653883;16.36473653509302,8.086891939973933,1.0265631417602112;9.356408901119345,2.787804101659744,0.20891529902825748;2.095021869582651,17.079045109775457,0.6495937887270954"
50,drone_2,9.600,9.638,13.942,14.674,"7.143965878414324,18.52253351862183,0.8394107337496143;6.637422351629716,5.81892506984119,0.6003018776062884;0.36590554591665037,16.596997027271488,0.20777990884561767;16.70210735212728,10.387662511155286,2.4865164910063826;17.575883932032223,2.721593568127446,1.6479158532570475;1.2973598084027889,12.541582926626493,1.1930564938806265;5.325463640573792,3.699943652690364,0.9547411468291342;2.859297170747846,7.553503878133155,2.1925507706303717;10.533388546054491,10.175620803711702,0.4434834056225819;13.471363977912578,4.924285787991767,1.3272358809753264;3.1989281854844065,17.094804049625413,0.4405086223709195;3.721082089191997,8.881385548157215,0.35484045745388293;6.101545181256263,8.790137986408395,1.2639000034553933;14.737980355806986,8.782652679798053,1.0509056472900933;8.401310070704824,11.991886299150524,1.2062214485731173;17.06132291164363,16.261464942281574,1.3345172871816686;17.339109943706937,6.311506988921403,2.300624148151509;14.590277332334818,8.335859238449064,1.6499407138788138;5.222352165170459,5.2246686833336335,1.2953675730785918;4.241324229439376,12.456110153327092,0.3647650457406896;6.334813280978457,3.731836136358651,2.315285015721719;3.96199220928336,15.075728766947645,0.9109831433466773;13.470667831163155,10.03843225270554,1.3979717289653883;16.36473653509302,8.086891939973933,1.0265631417602112;9.356408901119345,2.787804101659744,0.20891529902825748;2.095021869582651,17.079045109775457,0.6495937887270954"
50,drone_3,11.610,10.899,13.942,14.674,"7.143965878414324,18.52253351862183,0.8394107337496143;6.637422351629716,5.81892506984119,0.6003018776062884;0.36590554591665037,16.596997027271488,0.20777990884561767;16.70210735212728,10.387662511155286,2.4865164910063826;17.575883932032223,2.721593568127446,1.6479158532570475;1.2973598084027889,12.541582926626493,1.1930564938806265;5.325463640573792,3.699943652690364,0.9547411468291342;2.859297170747846,7.553503878133155,2.1925507706303717;10.533388546054491,10.175620803711702,0.4434834056225819;13.471363977912578,4.924285787991767,1.3272358809753264;3.1989281854844065,17.094804049625413,0.4405086223709195;3.721082089191997,8.881385548157215,0.35484045745388293;6.101545181256263,8.790137986408395,1.2639000034553933;14.737980355806986,8.782652679798053,1.0509056472900933;8.401310070704824,11.991886299150524,1.2062214485731173;17.06132291164363,16.261464942281574,1.3345172871816686;17.339109943706937,6.311506988921403,2.300624148151509;14.590277332334818,8.335859238449064,1.6499407138788138;5.222352165170459,5.2246686833336335,1.2953675730785918;4.241324229439376,12.456110153327092,0.3647650457406896;6.334813280978457,3.731836136358651,2.315285015721719;3.96199220928336,15.075728766947645,0.9109831433466773;13.470667831163155,10.03843225270554,1.3979717289653883;16.36473653509302,8.086891939973933,1.0265631417602112;9.356408901119345,2.787804101659744,0.20891529902825748;2.095021869582651,17.079045109775457,0.6495937887270954"
50,drone_4,10.204,11.443,13.942,14.674,"7.143965878414324,18.52253351862183,0.8394107337496143;6.637422351629716,5.81892506984119,0.6003018776062884;0.36590554591665037,16.596997027271488,0.20777990884561767;16.70210735212728,10.387662511155286,2.4865164910063826;17.575883932032223,2.721593568127446,1.6479158532570475;1.2973598084027889,12.541582926626493,1.1930564938806265;5.325463640573792,3.699943652690364,0.9547411468291342;2.859297170747846,7.553503878133155,2.1925507706303717;10.533388546054491,10.175620803711702,0.4434834056225819;13.471363977912578,4.924285787991767,1.3272358809753264;3.1989281854844065,17.094804049625413,0.4405086223709195;3.721082089191997,8.881385548157215,0.35484045745388293;6.101545181256263,8.790137986408395,1.2639000034553933;14.737980355806986,8.782652679798053,1.0509056472900933;8.401310070704824,11.991886299150524,1.2062214485731173;17.06132291164363,16.261464942281574,1.3345172871816686;17.339109943706937,6.311506988921403,2.300624148151509;14.590277332334818,8.335859238449064,1.6499407138788138;5.222352165170459,5.2246686833336335,1.2953675730785918;4.241324229439376,12.456110153327092,0.3647650457406896;6.334813280978457,3.731836136358651,2.315285015721719;3.96199220928336,15.075728766947645,0.9109831433466773;13.470667831163155,10.03843225270554,1.3979717289653883;16.36473653509302,8.086891939973933,1.0265631417602112;9.356408901119345,2.787804101659744,0.20891529902825748;2.095021869582651,17.079045109775457,0.6495937887270954"
50,drone_6,12.521,12.184,13.942,14.674,"7.143965878414324,18.52253351862183,0.8394107337496143;6.637422351629716,5.81892506984119,0.6003018776062884;0.36590554591665037,16.596997027271488,0.20777990884561767;16.70210735212728,10.387662511155286,2.4865164910063826;17.575883932032223,2.721593568127446,1.6479158532570475;1.2973598084027889,12.541582926626493,1.1930564938806265;5.325463640573792,3.699943652690364,0.9547411468291342;2.859297170747846,7.553503878133155,2.1925507706303717;10.533388546054491,10.175620803711702,0.4434834056225819;13.471363977912578,4.924285787991767,1.3272358809753264;3.1989281854844065,17.094804049625413,0.4405086223709195;3.721082089191997,8.881385548157215,0.35484045745388293;6.101545181256263,8.790137986408395,1.2639000034553933;14.737980355806986,8.782652679798053,1.0509056472900933;8.401310070704824,11.991886299150524,1.2062214485731173;17.06132291164363,16.261464942281574,1.3345172871816686;17.339109943706937,6.311506988921403,2.300624148151509;14.590277332334818,8.335859238449064,1.6499407138788138;5.222352165170459,5.2246686833336335,1.2953675730785918;4.241324229439376,12.456110153327092,0.3647650457406896;6.334813280978457,3.731836136358651,2.315285015721719;3.96199220928336,15.075728766947645,0.9109831433466773;13.470667831163155,10.03843225270554,1.3979717289653883;16.36473653509302,8.086891939973933,1.0265631417602112;9.356408901119345,2.787804101659744,0.20891529902825748;2.095021869582651,17.079045109775457,0.6495937887270954"
50,drone_7,11.406,8.744,13.942,14.674,"7.143965878414324,18.52253351862183,0.8394107337496143;6.637422351629716,5.81892506984119,0.6003018776062884;0.36590554591665037,16.596997027271488,0.20777990884561767;16.70210735212728,10.387662511155286,2.4865164910063826;17.575883932032223,2.721593568127446,1.6479158532570475;1.2973598084027889,12.541582926626493,1.1930564938806265;5.325463640573792,3.699943652690364,0.9547411468291342;2.859297170747846,7.553503878133155,2.1925507706303717;10.533388546054491,10.175620803711702,0.4434834056225819;13.471363977912578,4.924285787991767,1.3272358809753264;3.1989281854844065,17.094804049625413,0.4405086223709195;3.721082089191997,8.881385548157215,0.35484045745388293;6.101545181256263,8.790137986408395,1.2639000034553933;14.737980355806986,8.782652679798053,1.0509056472900933;8.401310070704824,11.991886299150524,1.2062214485731173;17.06132291164363,16.261464942281574,1.3345172871816686;17.339109943706937,6.311506988921403,2.300624148151509;14.590277332334818,8.335859238449064,1.6499407138788138;5.222352165170459,5.2246686833336335,1.2953675730785918;4.241324229439376,12.456110153327092,0.3647650457406896;6.334813280978457,3.731836136358651,2.315285015721719;3.96199220928336,15.075728766947645,0.9109831433466773;13.470667831163155,10.03843225270554,1.3979717289653883;16.36473653509302,8.086891939973933,1.0265631417602112;9.356408901119345,2.787804101659744,0.20891529902825748;2.095021869582651,17.079045109775457,0.6495937887270954"
50,drone_8,11.238,9.754,13.942,14.674,"7.143965878414324,18.52253351862183,0.8394107337496143;6.637422351629716,5.81892506984119,0.6003018776062884;0.36590554591665037,16.596997027271488,0.20777990884561767;16.70210735212728,10.387662511155286,2.4865164910063826;17.575883932032223,2.721593568127446,1.6479158532570475;1.2973598084027889,12.541582926626493,1.1930564938806265;5.325463640573792,3.699943652690364,0.9547411468291342;2.859297170747846,7.553503878133155,2.1925507706303717;10.533388546054491,10.175620803711702,0.4434834056225819;13.471363977912578,4.924285787991767,1.3272358809753264;3.1989281854844065,17.094804049625413,0.4405086223709195;3.721082089191997,8.881385548157215,0.35484045745388293;6.101545181256263,8.790137986408395,1.2639000034553933;14.737980355806986,8.782652679798053,1.0509056472900933;8.401310070704824,11.991886299150524,1.2062214485731173;17.06132291164363,16.261464942281574,1.3345172871816686;17.339109943706937,6.311506988921403,2.300624148151509;14.590277332334818,8.335859238449064,1.6499407138788138;5.222352165170459,5.2246686833336335,1.2953675730785918;4.241324229439376,12.456110153327092,0.3647650457406896;6.334813280978457,3.731836136358651,2.315285015721719;3.96199220928336,15.075728766947645,0.9109831433466773;13.470667831163155,10.03843225270554,1.3979717289653883;16.36473653509302,8.086891939973933,1.0265631417602112;9.356408901119345,2.787804101659744,0.20891529902825748;2.095021869582651,17.079045109775457,0.6495937887270954"
50,drone_9,11.607,11.794,13.942,14.674,"7.143965878414324,18.52253351862183,0.8394107337496143;6.637422351629716,5.81892506984119,0.6003018776062884;0.36590554591665037,16.596997027271488,0.20777990884561767;16.70210735212728,10.387662511155286,2.4865164910063826;17.575883932032223,2.721593568127446,1.6479158532570475;1.2973598084027889,12.541582926626493,1.1930564938806265;5.325463640573792,3.699943652690364,0.9547411468291342;2.859297170747846,7.553503878133155,2.1925507706303717;10.533388546054491,10.175620803711702,0.4434834056225819;13.471363977912578,4.924285787991767,1.3272358809753264;3.1989281854844065,17.094804049625413,0.4405086223709195;3.721082089191997,8.881385548157215,0.35484045745388293;6.101545181256263,8.790137986408395,1.2639000034553933;14.737980355806986,8.782652679798053,1.0509056472900933;8.401310070704824,11.991886299150524,1.2062214485731173;17.06132291164363,16.261464942281574,1.3345172871816686;17.339109943706937,6.311506988921403,2.300624148151509;14.590277332334818,8.335859238449064,1.6499407138788138;5.222352165170459,5.2246686833336335,1.2953675730785918;4.241324229439376,12.456110153327092,0.3647650457406896;6.334813280978457,3.731836136358651,2.315285015721719;3.96199220928336,15.075728766947645,0.9109831433466773;13.470667831163155,10.03843225270554,1.3979717289653883;16.36473653509302,8.086891939973933,1.0265631417602112;9.356408901119345,2.787804101659744,0.20891529902825748;2.095021869582651,17.079045109775457,0.6495937887270954"
51,drone_1,11.664,9.661,13.942,14.674,"7.143965878414324,18.52253351862183,0.8394107337496143;6.637422351629716,5.81892506984119,0.6003018776062884;0.36590554591665037,16.596997027271488,0.20777990884561767;16.70210735212728,10.387662511155286,2.4865164910063826;17.575883932032223,2.721593568127446,1.6479158532570475;1.2973598084027889,12.541582926626493,1.1930564938806265;5.325463640573792,3.699943652690364,0.9547411468291342;2.859297170747846,7.553503878133155,2.1925507706303717;10.533388546054491,10.175620803711702,0.4434834056225819;13.471363977912578,4.924285787991767,1.3272358809753264;3.1989281854844065,17.094804049625413,0.4405086223709195;3.721082089191997,8.881385548157215,0.35484045745388293;6.101545181256263,8.790137986408395,1.2639000034553933;14.737980355806986,8.782652679798053,1.0509056472900933;8.401310070704824,11.991886299150524,1.2062214485731173;17.06132291164363,16.261464942281574,1.3345172871816686;17.339109943706937,6.311506988921403,2.300624148151509;14.590277332334818,8.335859238449064,1.6499407138788138;5.222352165170459,5.2246686833336335,1.2953675730785918;4.241324229439376,12.456110153327092,0.3647650457406896;6.334813280978457,3.731836136358651,2.315285015721719;3.96199220928336,15.075728766947645,0.9109831433466773;13.470667831163155,10.03843225270554,1.3979717289653883;16.36473653509302,8.086891939973933,1.0265631417602112;9.356408901119345,2.787804101659744,0.20891529902825748;2.095021869582651,17.079045109775457,0.6495937887270954"
51,drone_2,9.603,9.838,13.942,14.674,"7.143965878414324,18.52253351862183,0.8394107337496143;6.637422351629716,5.81892506984119,0.6003018776062884;0.36590554591665037,16.596997027271488,0.20777990884561767;16.70210735212728,10.387662511155286,2.4865164910063826;17.575883932032223,2.721593568127446,1.6479158532570475;1.2973598084027889,12.541582926626493,1.1930564938806265;5.325463640573792,3.699943652690364,0.9547411468291342;2.859297170747846,7.553503878133155,2.1925507706303717;10.533388546054491,10.175620803711702,0.4434834056225819;13.471363977912578,4.924285787991767,1.3272358809753264;3.1989281854844065,17.094804049625413,0.4405086223709195;3.721082089191997,8.881385548157215,0.35484045745388293;6.101545181256263,8.790137986408395,1.2639000034553933;14.737980355806986,8.782652679798053,1.0509056472900933;8.401310070704824,11.991886299150524,1.2062214485731173;17.06132291164363,16.261464942281574,1.3345172871816686;17.339109943706937,6.311506988921403,2.300624148151509;14.590277332334818,8.335859238449064,1.6499407138788138;5.222352165170459,5.2246686833336335,1.2953675730785918;4.241324229439376,12.456110153327092,0.3647650457406896;6.334813280978457,3.731836136358651,2.315285015721719;3.96199220928336,15.075728766947645,0.9109831433466773;13.470667831163155,10.03843225270554,1.3979717289653883;16.36473653509302,8.086891939973933,1.0265631417602112;9.356408901119345,2.787804101659744,0.20891529902825748;2.095021869582651,17.079045109775457,0.6495937887270954"
51,drone_3,11.689,11.052,13.942,14.674,"7.143965878414324,18.52253351862183,0.8394107337496143;6.637422351629716,5.81892506984119,0.6003018776062884;0.36590554591665037,16.596997027271488,0.20777990884561767;16.70210735212728,10.387662511155286,2.4865164910063826;17.575883932032223,2.721593568127446,1.6479158532570475;1.2973598084027889,12.541582926626493,1.1930564938806265;5.325463640573792,3.699943652690364,0.9547411468291342;2.859297170747846,7.553503878133155,2.1925507706303717;10.533388546054491,10.175620803711702,0.4434834056225819;13.471363977912578,4.924285787991767,1.3272358809753264;3.1989281854844065,17.094804049625413,0.4405086223709195;3.721082089191997,8.881385548157215,0.35484045745388293;6.101545181256263,8.790137986408395,1.2639000034553933;14.737980355806986,8.782652679798053,1.0509056472900933;8.401310070704824,11.991886299150524,1.2062214485731173;17.06132291164363,16.261464942281574,1.3345172871816686;17.339109943706937,6.311506988921403,2.300624148151509;14.590277332334818,8.335859238449064,1.6499407138788138;5.222352165170459,5.2246686833336335,1.2953675730785918;4.241324229439376,12.456110153327092,0.3647650457406896;6.334813280978457,3.731836136358651,2.315285015721719;3.96199220928336,15.075728766947645,0.9109831433466773;13.470667831163155,10.03843225270554,1.3979717289653883;16.36473653509302,8.086891939973933,1.0265631417602112;9.356408901119345,2.787804101659744,0.20891529902825748;2.095021869582651,17.079045109775457,0.6495937887270954"
51,drone_4,10.337,11.592,13.942,14.674,"7.143965878414324,18.52253351862183,0.8394107337496143;6.637422351629716,5.81892506984119,0.6003018776062884;0.36590554591665037,16.596997027271488,0.20777990884561767;16.70210735212728,10.387662511155286,2.4865164910063826;17.575883932032223,2.721593568127446,1.6479158532570475;1.2973598084027889,12.541582926626493,1.1930564938806265;5.325463640573792,3.699943652690364,0.9547411468291342;2.859297170747846,7.553503878133155,2.1925507706303717;10.533388546054491,10.175620803711702,0.4434834056225819;13.471363977912578,4.924285787991767,1.3272358809753264;3.1989281854844065,17.094804049625413,0.4405086223709195;3.721082089191997,8.881385548157215,0.35484045745388293;6.101545181256263,8.790137986408395,1.2639000034553933;14.737980355806986,8.782652679798053,1.0509056472900933;8.401310070704824,11.991886299150524,1.2062214485731173;17.06132291164363,16.261464942281574,1.3345172871816686;17.339109943706937,6.311506988921403,2.300624148151509;14.590277332334818,8.335859238449064,1.6499407138788138;5.222352165170459,5.2246686833336335,1.2953675730785918;4.241324229439376,12.456110153327092,0.3647650457406896;6.334813280978457,3.731836136358651,2.315285015721719;3.96199220928336,15.075728766947645,0.9109831433466773;13.470667831163155,10.03843225270554,1.3979717289653883;16.36473653509302,8.086891939973933,1.0265631417602112;9.356408901119345,2.787804101659744,0.20891529902825748;2.095021869582651,17.079045109775457,0.6495937887270954"
51,drone_6,12.642,12.307,13.942,14.674,"7.143965878414324,18.52253351862183,0.8394107337496143;6.637422351629716,5.81892506984119,0.6003018776062884;0.36590554591665037,16.596997027271488,0.20777990884561767;16.70210735212728,10.387662511155286,2.4865164910063826;17.575883932032223,2.721593568127446,1.6479158532570475;1.2973598084027889,12.541582926626493,1.1930564938806265;5.325463640573792,3.699943652690364,0.9547411468291342;2.859297170747846,7.553503878133155,2.1925507706303717;10.533388546054491,10.175620803711702,0.4434834056225819;13.471363977912578,4.924285787991767,1.3272358809753264;3.1989281854844065,17.094804049625413,0.4405086223709195;3.721082089191997,8.881385548157215,0.35484045745388293;6.101545181256263,8.790137986408395,1.2639000034553933;14.737980355806986,8.782652679798053,1.0509056472900933;8.401310070704824,11.991886299150524,1.2062214485731173;17.06132291164363,16.261464942281574,1.3345172871816686;17.339109943706937,6.311506988921403,2.300624148151509;14.590277332334818,8.335859238449064,1.6499407138788138;5.222352165170459,5.2246686833336335,1.2953675730785918;4.241324229439376,12.456110153327092,0.3647650457406896;6.334813280978457,3.731836136358651,2.315285015721719;3.96199220928336,15.075728766947645,0.9109831433466773;13.470667831163155,10.03843225270554,1.3979717289653883;16.36473653509302,8.086891939973933,1.0265631417602112;9.356408901119345,2.787804101659744,0.20891529902825748;2.095021869582651,17.079045109775457,0.6495937887270954"
51,drone_7,11.548,8.842,13.942,14.674,"7.143965878414324,18.52253351862183,0.8394107337496143;6.637422351629716,5.81892506984119,0.6003018776062884;0.36590554591665037,16.596997027271488,0.20777990884561767;16.70210735212728,10.387662511155286,2.4865164910063826;17.575883932032223,2.721593568127446,1.6479158532570475;1.2973598084027889,12.541582926626493,1.1930564938806265;5.325463640573792,3.699943652690364,0.9547411468291342;2.859297170747846,7.553503878133155,2.1925507706303717;10.533388546054491,10.175620803711702,0.4434834056225819;13.471363977912578,4.924285787991767,1.3272358809753264;3.1989281854844065,17.094804049625413,0.4405086223709195;3.721082089191997,8.881385548157215,0.35484045745388293;6.101545181256263,8.790137986408395,1.2639000034553933;14.737980355806986,8.782652679798053,1.0509056472900933;8.401310070704824,11.991886299150524,1.2062214485731173;17.06132291164363,16.261464942281574,1.3345172871816686;17.339109943706937,6.311506988921403,2.300624148151509;14.590277332334818,8.335859238449064,1.6499407138788138;5.222352165170459,5.2246686833336335,1.2953675730785918;4.241324229439376,12.456110153327092,0.3647650457406896;6.334813280978457,3.731836136358651,2.315285015721719;3.96199220928336,15.075728766947645,0.9109831433466773;13.470667831163155,10.03843225270554,1.3979717289653883;16.36473653509302,8.086891939973933,1.0265631417602112;9.356408901119345,2.787804101659744,0.20891529902825748;2.095021869582651,17.079045109775457,0.6495937887270954"
51,drone_8,11.308,9.885,13.942,14.674,"7.143965878414324,18.52253351862183,0.8394107337496143;6.637422351629716,5.81892506984119,0.6003018776062884;0.36590554591665037,16.596997027271488,0.20777990884561767;16.70210735212728,10.387662511155286,2.4865164910063826;17.575883932032223,2.721593568127446,1.6479158532570475;1.2973598084027889,12.541582926626493,1.1930564938806265;5.325463640573792,3.699943652690364,0.9547411468291342;2.859297170747846,7.553503878133155,2.1925507706303717;10.533388546054491,10.175620803711702,0.4434834056225819;13.471363977912578,4.924285787991767,1.3272358809753264;3.1989281854844065,17.094804049625413,0.4405086223709195;3.721082089191997,8.881385548157215,0.35484045745388293;6.101545181256263,8.790137986408395,1.2639000034553933;14.737980355806986,8.782652679798053,1.0509056472900933;8.401310070704824,11.991886299150524,1.2062214485731173;17.06132291164363,16.261464942281574,1.3345172871816686;17.339109943706937,6.311506988921403,2.300624148151509;14.590277332334818,8.335859238449064,1.6499407138788138;5.222352165170459,5.2246686833336335,1.2953675730785918;4.241324229439376,12.456110153327092,0.3647650457406896;6.334813280978457,3.731836136358651,2.315285015721719;3.96199220928336,15.075728766947645,0.9109831433466773;13.470667831163155,10.03843225270554,1.3979717289653883;16.36473653509302,8.086891939973933,1.0265631417602112;9.356408901119345,2.787804101659744,0.20891529902825748;2.095021869582651,17.079045109775457,0.6495937887270954"
51,drone_9,11.718,11.925,13.942,14.674,"7.143965878414324,18.52253351862183,0.8394107337496143;6.637422351629716,5.81892506984119,0.6003018776062884;0.36590554591665037,16.596997027271488,0.20777990884561767;16.70210735212728,10.387662511155286,2.4865164910063826;17.575883932032223,2.721593568127446,1.6479158532570475;1.2973598084027889,12.541582926626493,1.1930564938806265;5.325463640573792,3.699943652690364,0.9547411468291342;2.859297170747846,7.553503878133155,2.1925507706303717;10.533388546054491,10.175620803711702,0.4434834056225819;13.471363977912578,4.924285787991767,1.3272358809753264;3.1989281854844065,17.094804049625413,0.4405086223709195;3.721082089191997,8.881385548157215,0.35484045745388293;6.101545181256263,8.790137986408395,1.2639000034553933;14.737980355806986,8.782652679798053,1.0509056472900933;8.401310070704824,11.991886299150524,1.2062214485731173;17.06132291164363,16.261464942281574,1.3345172871816686;17.339109943706937,6.311506988921403,2.300624148151509;14.590277332334818,8.335859238449064,1.6499407138788138;5.222352165170459,5.2246686833336335,1.2953675730785918;4.241324229439376,12.456110153327092,0.3647650457406896;6.334813280978457,3.731836136358651,2.315285015721719;3.96199220928336,15.075728766947645,0.9109831433466773;13.470667831163155,10.03843225270554,1.3979717289653883;16.36473653509302,8.086891939973933,1.0265631417602112;9.356408901119345,2.787804101659744,0.20891529902825748;2.095021869582651,17.079045109775457,0.6495937887270954"
52,drone_1,11.696,9.692,13.942,14.674,"7.143965878414324,18.52253351862183,0.8394107337496143;6.637422351629716,5.81892506984119,0.6003018776062884;0.36590554591665037,16.596997027271488,0.20777990884561767;16.70210735212728,10.387662511155286,2.4865164910063826;17.575883932032223,2.721593568127446,1.6479158532570475;1.2973598084027889,12.541582926626493,1.1930564938806265;5.325463640573792,3.699943652690364,0.9547411468291342;2.859297170747846,7.553503878133155,2.1925507706303717;10.533388546054491,10.175620803711702,0.4434834056225819;13.471363977912578,4.924285787991767,1.3272358809753264;3.1989281854844065,17.094804049625413,0.4405086223709195;3.721082089191997,8.881385548157215,0.35484045745388293;6.101545181256263,8.790137986408395,1.2639000034553933;14.737980355806986,8.782652679798053,1.0509056472900933;8.401310070704824,11.991886299150524,1.2062214485731173;17.06132291164363,16.261464942281574,1.3345172871816686;17.339109943706937,6.311506988921403,2.300624148151509;14.590277332334818,8.335859238449064,1.6499407138788138;5.222352165170459,5.2246686833336335,1.2953675730785918;4.241324229439376,12.456110153327092,0.3647650457406896;6.334813280978457,3.731836136358651,2.315285015721719;3.96199220928336,15.075728766947645,0.9109831433466773;13.470667831163155,10.03843225270554,1.3979717289653883;16.36473653509302,8.086891939973933,1.0265631417602112;9.356408901119345,2.787804101659744,0.20891529902825748;2.095021869582651,17.079045109775457,0.6495937887270954"
52,drone_2,9.542,10.028,13.942,14.674,"7.143965878414324,18.52253351862183,0.8394107337496143;6.637422351629716,5.81892506984119,0.6003018776062884;0.36590554591665037,16.596997027271488,0.20777990884561767;16.70210735212728,10.387662511155286,2.4865164910063826;17.575883932032223,2.721593568127446,1.6479158532570475;1.2973598084027889,12.541582926626493,1.1930564938806265;5.325463640573792,3.699943652690364,0.9547411468291342;2.859297170747846,7.553503878133155,2.1925507706303717;10.533388546054491,10.175620803711702,0.4434834056225819;13.471363977912578,4.924285787991767,1.3272358809753264;3.1989281854844065,17.094804049625413,0.4405086223709195;3.721082089191997,8.881385548157215,0.35484045745388293;6.101545181256263,8.790137986408395,1.2639000034553933;14.737980355806986,8.782652679798053,1.0509056472900933;8.401310070704824,11.991886299150524,1.2062214485731173;17.06132291164363,16.261464942281574,1.3345172871816686;17.339109943706937,6.311506988921403,2.300624148151509;14.590277332334818,8.335859238449064,1.6499407138788138;5.222352165170459,5.2246686833336335,1.2953675730785918;4.241324229439376,12.456110153327092,0.3647650457406896;6.334813280978457,3.731836136358651,2.315285015721719;3.96199220928336,15.075728766947645,0.9109831433466773;13.470667831163155,10.03843225270554,1.3979717289653883;16.36473653509302,8.086891939973933,1.0265631417602112;9.356408901119345,2.787804101659744,0.20891529902825748;2.095021869582651,17.079045109775457,0.6495937887270954"
52,drone_3,11.789,11.193,13.942,14.674,"7.143965878414324,18.52253351862183,0.8394107337496143;6.637422351629716,5.81892506984119,0.6003018776062884;0.36590554591665037,16.596997027271488,0.20777990884561767;16.70210735212728,10.387662511155286,2.4865164910063826;17.575883932032223,2.721593568127446,1.6479158532570475;1.2973598084027889,12.541582926626493,1.1930564938806265;5.325463640573792,3.699943652690364,0.9547411468291342;2.859297170747846,7.553503878133155,2.1925507706303717;10.533388546054491,10.175620803711702,0.4434834056225819;13.471363977912578,4.924285787991767,1.3272358809753264;3.1989281854844065,17.094804049625413,0.4405086223709195;3.721082089191997,8.881385548157215,0.35484045745388293;6.101545181256263,8.790137986408395,1.2639000034553933;14.737980355806986,8.782652679798053,1.0509056472900933;8.401310070704824,11.991886299150524,1.2062214485731173;17.06132291164363,16.261464942281574,1.3345172871816686;17.339109943706937,6.311506988921403,2.300624148151509;14.590277332334818,8.335859238449064,1.6499407138788138;5.222352165170459,5.2246686833336335,1.2953675730785918;4.241324229439376,12.456110153327092,0.3647650457406896;6.334813280978457,3.731836136358651,2.315285015721719;3.96199220928336,15.075728766947645,0.9109831433466773;13.470667831163155,10.03843225270554,1.3979717289653883;16.36473653509302,8.086891939973933,1.0265631417602112;9.356408901119345,2.787804101659744,0.20891529902825748;2.095021869582651,17.079045109775457,0.6495937887270954"
52,drone_4,10.474,11.738,13.942,14.674,"7.143965878414324,18.52253351862183,0.8394107337496143;6.637422351629716,5.81892506984119,0.6003018776062884;0.36590554591665037,16.596997027271488,0.20777990884561767;16.70210735212728,10.387662511155286,2.4865164910063826;17.575883932032223,2.721593568127446,1.6479158532570475;1.2973598084027889,12.541582926626493,1.1930564938806265;5.325463640573792,3.699943652690364,0.9547411468291342;2.859297170747846,7.553503878133155,2.1925507706303717;10.533388546054491,10.175620803711702,0.4434834056225819;13.471363977912578,4.924285787991767,1.3272358809753264;3.1989281854844065,17.094804049625413,0.4405086223709195;3.721082089191997,8.881385548157215,0.35484045745388293;6.101545181256263,8.790137986408395,1.2639000034553933;14.737980355806986,8.782652679798053,1.0509056472900933;8.401310070704824,11.991886299150524,1.2062214485731173;17.06132291164363,16.261464942281574,1.3345172871816686;17.339109943706937,6.311506988921403,2.300624148151509;14.590277332334818,8.335859238449064,1.6499407138788138;5.222352165170459,5.2246686833336335,1.2953675730785918;4.241324229439376,12.456110153327092,0.3647650457406896;6.334813280978457,3.731836136358651,2.315285015721719;3.96199220928336,15.075728766947645,0.9109831433466773;13.470667831163155,10.03843225270554,1.3979717289653883;16.36473653509302,8.086891939973933,1.0265631417602112;9.356408901119345,2.787804101659744,0.20891529902825748;2.095021869582651,17.079045109775457,0.6495937887270954"
52,drone_6,12.764,12.429,13.942,14.674,"7.143965878414324,18.52253351862183,0.8394107337496143;6.637422351629716,5.81892506984119,0.6003018776062884;0.36590554591665037,16.596997027271488,0.20777990884561767;16.70210735212728,10.387662511155286,2.4865164910063826;17.575883932032223,2.721593568127446,1.6479158532570475;1.2973598084027889,12.541582926626493,1.1930564938806265;5.325463640573792,3.699943652690364,0.9547411468291342;2.859297170747846,7.553503878133155,2.1925507706303717;10.533388546054491,10.175620803711702,0.4434834056225819;13.471363977912578,4.924285787991767,1.3272358809753264;3.1989281854844065,17.094804049625413,0.4405086223709195;3.721082089191997,8.881385548157215,0.35484045745388293;6.101545181256263,8.790137986408395,1.2639000034553933;14.737980355806986,8.782652679798053,1.0509056472900933;8.401310070704824,11.991886299150524,1.2062214485731173;17.06132291164363,16.261464942281574,1.3345172871816686;17.339109943706937,6.311506988921403,2.300624148151509;14.590277332334818,8.335859238449064,1.6499407138788138;5.222352165170459,5.2246686833336335,1.2953675730785918;4.241324229439376,12.456110153327092,0.3647650457406896;6.334813280978457,3.731836136358651,2.315285015721719;3.96199220928336,15.075728766947645,0.9109831433466773;13.470667831163155,10.03843225270554,1.3979717289653883;16.36473653509302,8.086891939973933,1.0265631417602112;9.356408901119345,2.787804101659744,0.20891529902825748;2.095021869582651,17.079045109775457,0.6495937887270954"
52,drone_7,11.584,9.010,13.942,14.674,"7.143965878414324,18.52253351862183,0.8394107337496143;6.637422351629716,5.81892506984119,0.6003018776062884;0.36590554591665037,16.596997027271488,0.20777990884561767;16.70210735212728,10.387662511155286,2.4865164910063826;17.575883932032223,2.721593568127446,1.6479158532570475;1.2973598084027889,12.541582926626493,1.1930564938806265;5.325463640573792,3.699943652690364,0.9547411468291342;2.859297170747846,7.553503878133155,2.1925507706303717;10.533388546054491,10.175620803711702,0.4434834056225819;13.471363977912578,4.924285787991767,1.3272358809753264;3.1989281854844065,17.094804049625413,0.4405086223709195;3.721082089191997,8.881385548157215,0.35484045745388293;6.101545181256263,8.790137986408395,1.2639000034553933;14.737980355806986,8.782652679798053,1.0509056472900933;8.401310070704824,11.991886299150524,1.2062214485731173;17.06132291164363,16.261464942281574,1.3345172871816686;17.339109943706937,6.311506988921403,2.300624148151509;14.590277332334818,8.335859238449064,1.6499407138788138;5.222352165170459,5.2246686833336335,1.2953675730785918;4.241324229439376,12.456110153327092,0.3647650457406896;6.334813280978457,3.731836136358651,2.315285015721719;3.96199220928336,15.075728766947645,0.9109831433466773;13.470667831163155,10.03843225270554,1.3979717289653883;16.36473653509302,8.086891939973933,1.0265631417602112;9.356408901119345,2.787804101659744,0.20891529902825748;2.095021869582651,17.079045109775457,0.6495937887270954"
52,drone_8,11.289,10.032,13.942,14.674,"7.143965878414324,18.52253351862183,0.8394107337496143;6.637422351629716,5.81892506984119,0.6003018776062884;0.36590554591665037,16.596997027271488,0.20777990884561767;16.70210735212728,10.387662511155286,2.4865164910063826;17.575883932032223,2.721593568127446,1.6479158532570475;1.2973598084027889,12.541582926626493,1.1930564938806265;5.325463640573792,3.699943652690364,0.9547411468291342;2.859297170747846,7.553503878133155,2.1925507706303717;10.533388546054491,10.175620803711702,0.4434834056225819;13.471363977912578,4.924285787991767,1.3272358809753264;3.1989281854844065,17.094804049625413,0.4405086223709195;3.721082089191997,8.881385548157215,0.35484045745388293;6.101545181256263,8.790137986408395,1.2639000034553933;14.737980355806986,8.782652679798053,1.0509056472900933;8.401310070704824,11.991886299150524,1.2062214485731173;17.06132291164363,16.261464942281574,1.3345172871816686;17.339109943706937,6.311506988921403,2.300624148151509;14.590277332334818,8.335859238449064,1.6499407138788138;5.222352165170459,5.2246686833336335,1.2953675730785918;4.241324229439376,12.456110153327092,0.3647650457406896;6.334813280978457,3.731836136358651,2.315285015721719;3.96199220928336,15.075728766947645,0.9109831433466773;13.470667831163155,10.03843225270554,1.3979717289653883;16.36473653509302,8.086891939973933,1.0265631417602112;9.356408901119345,2.787804101659744,0.20891529902825748;2.095021869582651,17.079045109775457,0.6495937887270954"
52,drone_9,11.834,12.052,13.942,14.674,"7.143965878414324,18.52253351862183,0.8394107337496143;6.637422351629716,5.81892506984119,0.6003018776062884;0.36590554591665037,16.596997027271488,0.20777990884561767;16.70210735212728,10.387662511155286,2.4865164910063826;17.575883932032223,2.721593568127446,1.6479158532570475;1.2973598084027889,12.541582926626493,1.1930564938806265;5.325463640573792,3.699943652690364,0.9547411468291342;2.859297170747846,7.553503878133155,2.1925507706303717;10.533388546054491,10.175620803711702,0.4434834056225819;13.471363977912578,4.924285787991767,1.3272358809753264;3.1989281854844065,17.094804049625413,0.4405086223709195;3.721082089191997,8.881385548157215,0.35484045745388293;6.101545181256263,8.790137986408395,1.2639000034553933;14.737980355806986,8.782652679798053,1.0509056472900933;8.401310070704824,11.991886299150524,1.2062214485731173;17.06132291164363,16.261464942281574,1.3345172871816686;17.339109943706937,6.311506988921403,2.300624148151509;14.590277332334818,8.335859238449064,1.6499407138788138;5.222352165170459,5.2246686833336335,1.2953675730785918;4.241324229439376,12.456110153327092,0.3647650457406896;6.334813280978457,3.731836136358651,2.315285015721719;3.96199220928336,15.075728766947645,0.9109831433466773;13.470667831163155,10.03843225270554,1.3979717289653883;16.36473653509302,8.086891939973933,1.0265631417602112;9.356408901119345,2.787804101659744,0.20891529902825748;2.095021869582651,17.079045109775457,0.6495937887270954"
53,drone_1,11.627,9.823,13.942,14.674,"7.143965878414324,18.52253351862183,0.8394107337496143;6.637422351629716,5.81892506984119,0.6003018776062884;0.36590554591665037,16.596997027271488,0.20777990884561767;16.70210735212728,10.387662511155286,2.4865164910063826;17.575883932032223,2.721593568127446,1.6479158532570475;1.2973598084027889,12.541582926626493,1.1930564938806265;5.325463640573792,3.699943652690364,0.9547411468291342;2.859297170747846,7.553503878133155,2.1925507706303717;10.533388546054491,10.175620803711702,0.4434834056225819;13.471363977912578,4.924285787991767,1.3272358809753264;3.1989281854844065,17.094804049625413,0.4405086223709195;3.721082089191997,8.881385548157215,0.35484045745388293;6.101545181256263,8.790137986408395,1.2639000034553933;14.737980355806986,8.782652679798053,1.0509056472900933;8.401310070704824,11.991886299150524,1.2062214485731173;17.06132291164363,16.261464942281574,1.3345172871816686;17.339109943706937,6.311506988921403,2.300624148151509;14.590277332334818,8.335859238449064,1.6499407138788138;5.222352165170459,5.2246686833336335,1.2953675730785918;4.241324229439376,12.456110153327092,0.3647650457406896;6.334813280978457,3.731836136358651,2.315285015721719;3.96199220928336,15.075728766947645,0.9109831433466773;13.470667831163155,10.03843225270554,1.3979717289653883;16.36473653509302,8.086891939973933,1.0265631417602112;9.356408901119345,2.787804101659744,0.20891529902825748;2.095021869582651,17.079045109775457,0.6495937887270954"
53,drone_2,9.568,10.227,13.942,14.674,"7.143965878414324,18.52253351862183,0.8394107337496143;6.637422351629716,5.81892506984119,0.6003018776062884;0.36590554591665037,16.596997027271488,0.20777990884561767;16.70210735212728,10.387662511155286,2.4865164910063826;17.575883932032223,2.721593568127446,1.6479158532570475;1.2973598084027889,12.541582926626493,1.1930564938806265;5.325463640573792,3.699943652690364,0.9547411468291342;2.859297170747846,7.553503878133155,2.1925507706303717;10.533388546054491,10.175620803711702,0.4434834056225819;13.471363977912578,4.924285787991767,1.3272358809753264;3.1989281854844065,17.094804049625413,0.4405086223709195;3.721082089191997,8.881385548157215,0.35484045745388293;6.101545181256263,8.790137986408395,1.2639000034553933;14.737980355806986,8.782652679798053,1.0509056472900933;8.401310070704824,11.991886299150524,1.2062214485731173;17.06132291164363,16.261464942281574,1.3345172871816686;17.339109943706937,6.311506988921403,2.300624148151509;14.590277332334818,8.335859238449064,1.6499407138788138;5.222352165170459,5.2246686833336335,1.2953675730785918;4.241324229439376,12.456110153327092,0.3647650457406896;6.334813280978457,3.731836136358651,2.315285015721719;3.96199220928336,15.075728766947645,0.9109831433466773;13.470667831163155,10.03843225270554,1.3979717289653883;16.36473653509302,8.086891939973933,1.0265631417602112;9.356408901119345,2.787804101659744,0.20891529902825748;2.095021869582651,17.079045109775457,0.6495937887270954"
53,drone_3,11.899,11.325,13.942,14.674,"7.143965878414324,18.52253351862183,0.8394107337496143;6.637422351629716,5.81892506984119,0.6003018776062884;0.36590554591665037,16.596997027271488,0.20777990884561767;16.70210735212728,10.387662511155286,2.4865164910063826;17.575883932032223,2.721593568127446,1.6479158532570475;1.2973598084027889,12.541582926626493,1.1930564938806265;5.325463640573792,3.699943652690364,0.9547411468291342;2.859297170747846,7.553503878133155,2.1925507706303717;10.533388546054491,10.175620803711702,0.4434834056225819;13.471363977912578,4.924285787991767,1.3272358809753264;3.1989281854844065,17.094804049625413,0.4405086223709195;3.721082089191997,8.881385548157215,0.35484045745388293;6.101545181256263,8.790137986408395,1.2639000034553933;14.737980355806986,8.782652679798053,1.0509056472900933;8.401310070704824,11.991886299150524,1.2062214485731173;17.06132291164363,16.261464942281574,1.3345172871816686;17.339109943706937,6.311506988921403,2.300624148151509;14.590277332334818,8.335859238449064,1.6499407138788138;5.222352165170459,5.2246686833336335,1.2953675730785918;4.241324229439376,12.456110153327092,0.3647650457406896;6.334813280978457,3.731836136358651,2.315285015721719;3.96199220928336,15.075728766947645,0.9109831433466773;13.470667831163155,10.03843225270554,1.3979717289653883;16.36473653509302,8.086891939973933,1.0265631417602112;9.356408901119345,2.787804101659744,0.20891529902825748;2.095021869582651,17.079045109775457,0.6495937887270954"
53,drone_4,10.612,11.882,13.942,14.674,"7.143965878414324,18.52253351862183,0.8394107337496143;6.637422351629716,5.81892506984119,0.6003018776062884;0.36590554591665037,16.596997027271488,0.20777990884561767;16.70210735212728,10.387662511155286,2.4865164910063826;17.575883932032223,2.721593568127446,1.6479158532570475;1.2973598084027889,12.541582926626493,1.1930564938806265;5.325463640573792,3.699943652690364,0.9547411468291342;2.859297170747846,7.553503878133155,2.1925507706303717;10.533388546054491,10.175620803711702,0.4434834056225819;13.471363977912578,4.924285787991767,1.3272358809753264;3.1989281854844065,17.094804049625413,0.4405086223709195;3.721082089191997,8.881385548157215,0.35484045745388293;6.101545181256263,8.790137986408395,1.2639000034553933;14.737980355806986,8.782652679798053,1.0509056472900933;8.401310070704824,11.991886299150524,1.2062214485731173;17.06132291164363,16.261464942281574,1.3345172871816686;17.339109943706937,6.311506988921403,2.300624148151509;14.590277332334818,8.335859238449064,1.6499407138788138;5.222352165170459,5.2246686833336335,1.2953675730785918;4.241324229439376,12.456110153327092,0.3647650457406896;6.334813280978457,3.731836136358651,2.315285015721719;3.96199220928336,15.075728766947645,0.9109831433466773;13.470667831163155,10.03843225270554,1.3979717289653883;16.36473653509302,8.086891939973933,1.0265631417602112;9.356408901119345,2.787804101659744,0.20891529902825748;2.095021869582651,17.079045109775457,0.6495937887270954"
53,drone_6,12.905,12.570,13.942,14.674,"7.143965878414324,18.52253351862183,0.8394107337496143;6.637422351629716,5.81892506984119,0.6003018776062884;0.36590554591665037,16.596997027271488,0.20777990884561767;16.70210735212728,10.387662511155286,2.4865164910063826;17.575883932032223,2.721593568127446,1.6479158532570475;1.2973598084027889,12.541582926626493,1.1930564938806265;5.325463640573792,3.699943652690364,0.9547411468291342;2.859297170747846,7.553503878133155,2.1925507706303717;10.533388546054491,10.175620803711702,0.4434834056225819;13.471363977912578,4.924285787991767,1.3272358809753264;3.1989281854844065,17.094804049625413,0.4405086223709195;3.721082089191997,8.881385548157215,0.35484045745388293;6.101545181256263,8.790137986408395,1.2639000034553933;14.737980355806986,8.782652679798053,1.0509056472900933;8.401310070704824,11.991886299150524,1.2062214485731173;17.06132291164363,16.261464942281574,1.3345172871816686;17.339109943706937,6.311506988921403,2.300624148151509;14.590277332334818,8.335859238449064,1.6499407138788138;5.222352165170459,5.2246686833336335,1.2953675730785918;4.241324229439376,12.456110153327092,0.3647650457406896;6.334813280978457,3.731836136358651,2.315285015721719;3.96199220928336,15.075728766947645,0.9109831433466773;13.470667831163155,10.03843225270554,1.3979717289653883;16.36473653509302,8.086891939973933,1.0265631417602112;9.356408901119345,2.787804101659744,0.20891529902825748;2.095021869582651,17.079045109775457,0.6495937887270954"
53,drone_7,11.519,9.079,13.942,14.674,"7.143965878414324,18.52253351862183,0.8394107337496143;6.637422351629716,5.81892506984119,0.6003018776062884;0.36590554591665037,16.596997027271488,0.20777990884561767;16.70210735212728,10.387662511155286,2.4865164910063826;17.575883932032223,2.721593568127446,1.6479158532570475;1.2973598084027889,12.541582926626493,1.1930564938806265;5.325463640573792,3.699943652690364,0.9547411468291342;2.859297170747846,7.553503878133155,2.1925507706303717;10.533388546054491,10.175620803711702,0.4434834056225819;13.471363977912578,4.924285787991767,1.3272358809753264;3.1989281854844065,17.094804049625413,0.4405086223709195;3.721082089191997,8.881385548157215,0.35484045745388293;6.101545181256263,8.790137986408395,1.2639000034553933;14.737980355806986,8.782652679798053,1.0509056472900933;8.401310070704824,11.991886299150524,1.2062214485731173;17.06132291164363,16.261464942281574,1.3345172871816686;17.339109943706937,6.311506988921403,2.300624148151509;14.590277332334818,8.335859238449064,1.6499407138788138;5.222352165170459,5.2246686833336335,1.2953675730785918;4.241324229439376,12.456110153327092,0.3647650457406896;6.334813280978457,3.731836136358651,2.315285015721719;3.96199220928336,15.075728766947645,0.9109831433466773;13.470667831163155,10.03843225270554,1.3979717289653883;16.36473653509302,8.086891939973933,1.0265631417602112;9.356408901119345,2.787804101659744,0.20891529902825748;2.095021869582651,17.079045109775457,0.6495937887270954"
53,drone_8,11.335,10.173,13.942,14.674,"7.143965878414324,18.52253351862183,0.8394107337496143;6.637422351629716,5.81892506984119,0.6003018776062884;0.36590554591665037,16.596997027271488,0.20777990884561767;16.70210735212728,10.387662511155286,2.4865164910063826;17.575883932032223,2.721593568127446,1.6479158532570475;1.2973598084027889,12.541582926626493,1.1930564938806265;5.325463640573792,3.699943652690364,0.9547411468291342;2.859297170747846,7.553503878133155,2.1925507706303717;10.533388546054491,10.175620803711702,0.4434834056225819;13.471363977912578,4.924285787991767,1.3272358809753264;3.1989281854844065,17.094804049625413,0.4405086223709195;3.721082089191997,8.881385548157215,0.35484045745388293;6.101545181256263,8.790137986408395,1.2639000034553933;14.737980355806986,8.782652679798053,1.0509056472900933;8.401310070704824,11.991886299150524,1.2062214485731173;17.06132291164363,16.261464942281574,1.3345172871816686;17.339109943706937,6.311506988921403,2.300624148151509;14.590277332334818,8.335859238449064,1.6499407138788138;5.222352165170459,5.2246686833336335,1.2953675730785918;4.241324229439376,12.456110153327092,0.3647650457406896;6.334813280978457,3.731836136358651,2.315285015721719;3.96199220928336,15.075728766947645,0.9109831433466773;13.470667831163155,10.03843225270554,1.3979717289653883;16.36473653509302,8.086891939973933,1.0265631417602112;9.356408901119345,2.787804101659744,0.20891529902825748;2.095021869582651,17.079045109775457,0.6495937887270954"
53,drone_9,11.953,12.177,13.942,14.674,"7.143965878414324,18.52253351862183,0.8394107337496143;6.637422351629716,5.81892506984119,0.6003018776062884;0.36590554591665037,16.596997027271488,0.20777990884561767;16.70210735212728,10.387662511155286,2.4865164910063826;17.575883932032223,2.721593568127446,1.6479158532570475;1.2973598084027889,12.541582926626493,1.1930564938806265;5.325463640573792,3.699943652690364,0.9547411468291342;2.859297170747846,7.553503878133155,2.1925507706303717;10.533388546054491,10.175620803711702,0.4434834056225819;13.471363977912578,4.924285787991767,1.3272358809753264;3.1989281854844065,17.094804049625413,0.4405086223709195;3.721082089191997,8.881385548157215,0.35484045745388293;6.101545181256263,8.790137986408395,1.2639000034553933;14.737980355806986,8.782652679798053,1.0509056472900933;8.401310070704824,11.991886299150524,1.2062214485731173;17.06132291164363,16.261464942281574,1.3345172871816686;17.339109943706937,6.311506988921403,2.300624148151509;14.590277332334818,8.335859238449064,1.6499407138788138;5.222352165170459,5.2246686833336335,1.2953675730785918;4.241324229439376,12.456110153327092,0.3647650457406896;6.334813280978457,3.731836136358651,2.315285015721719;3.96199220928336,15.075728766947645,0.9109831433466773;13.470667831163155,10.03843225270554,1.3979717289653883;16.36473653509302,8.086891939973933,1.0265631417602112;9.356408901119345,2.787804101659744,0.20891529902825748;2.095021869582651,17.079045109775457,0.6495937887270954"
54,drone_1,11.659,9.855,13.942,14.674,"7.143965878414324,18.52253351862183,0.8394107337496143;6.637422351629716,5.81892506984119,0.6003018776062884;0.36590554591665037,16.596997027271488,0.20777990884561767;16.70210735212728,10.387662511155286,2.4865164910063826;17.575883932032223,2.721593568127446,1.6479158532570475;1.2973598084027889,12.541582926626493,1.1930564938806265;5.325463640573792,3.699943652690364,0.9547411468291342;2.859297170747846,7.553503878133155,2.1925507706303717;10.533388546054491,10.175620803711702,0.4434834056225819;13.471363977912578,4.924285787991767,1.3272358809753264;3.1989281854844065,17.094804049625413,0.4405086223709195;3.721082089191997,8.881385548157215,0.35484045745388293;6.101545181256263,8.790137986408395,1.2639000034553933;14.737980355806986,8.782652679798053,1.0509056472900933;8.401310070704824,11.991886299150524,1.2062214485731173;17.06132291164363,16.261464942281574,1.3345172871816686;17.339109943706937,6.311506988921403,2.300624148151509;14.590277332334818,8.335859238449064,1.6499407138788138;5.222352165170459,5.2246686833336335,1.2953675730785918;4.241324229439376,12.456110153327092,0.3647650457406896;6.334813280978457,3.731836136358651,2.315285015721719;3.96199220928336,15.075728766947645,0.9109831433466773;13.470667831163155,10.03843225270554,1.3979717289653883;16.36473653509302,8.086891939973933,1.0265631417602112;9.356408901119345,2.787804101659744,0.20891529902825748;2.095021869582651,17.079045109775457,0.6495937887270954"
54,drone_2,9.520,10.421,13.942,14.674,"7.143965878414324,18.52253351862183,0.8394107337496143;6.637422351629716,5.81892506984119,0.6003018776062884;0.36590554591665037,16.596997027271488,0.20777990884561767;16.70210735212728,10.387662511155286,2.4865164910063826;17.575883932032223,2.721593568127446,1.6479158532570475;1.2973598084027889,12.541582926626493,1.1930564938806265;5.325463640573792,3.699943652690364,0.9547411468291342;2.859297170747846,7.553503878133155,2.1925507706303717;10.533388546054491,10.175620803711702,0.4434834056225819;13.471363977912578,4.924285787991767,1.3272358809753264;3.1989281854844065,17.094804049625413,0.4405086223709195;3.721082089191997,8.881385548157215,0.35484045745388293;6.101545181256263,8.790137986408395,1.2639000034553933;14.737980355806986,8.782652679798053,1.0509056472900933;8.401310070704824,11.991886299150524,1.2062214485731173;17.06132291164363,16.261464942281574,1.3345172871816686;17.339109943706937,6.311506988921403,2.300624148151509;14.590277332334818,8.335859238449064,1.6499407138788138;5.222352165170459,5.2246686833336335,1.2953675730785918;4.241324229439376,12.456110153327092,0.3647650457406896;6.334813280978457,3.731836136358651,2.315285015721719;3.96199220928336,15.075728766947645,0.9109831433466773;13.470667831163155,10.03843225270554,1.3979717289653883;16.36473653509302,8.086891939973933,1.0265631417602112;9.356408901119345,2.787804101659744,0.20891529902825748;2.095021869582651,17.079045109775457,0.6495937887270954"
54,drone_3,12.014,11.453,13.942,14.674,"7.143965878414324,18.52253351862183,0.8394107337496143;6.637422351629716,5.81892506984119,0.6003018776062884;0.36590554591665037,16.596997027271488,0.20777990884561767;16.70210735212728,10.387662511155286,2.4865164910063826;17.575883932032223,2.721593568127446,1.6479158532570475;1.2973598084027889,12.541582926626493,1.1930564938806265;5.325463640573792,3.699943652690364,0.9547411468291342;2.859297170747846,7.553503878133155,2.1925507706303717;10.533388546054491,10.175620803711702,0.4434834056225819;13.471363977912578,4.924285787991767,1.3272358809753264;3.1989281854844065,17.094804049625413,0.4405086223709195;3.721082089191997,8.881385548157215,0.35484045745388293;6.101545181256263,8.790137986408395,1.2639000034553933;14.737980355806986,8.782652679798053,1.0509056472900933;8.401310070704824,11.991886299150524,1.2062214485731173;17.06132291164363,16.261464942281574,1.3345172871816686;17.339109943706937,6.311506988921403,2.300624148151509;14.590277332334818,8.335859238449064,1.6499407138788138;5.222352165170459,5.2246686833336335,1.2953675730785918;4.241324229439376,12.456110153327092,0.3647650457406896;6.334813280978457,3.731836136358651,2.315285015721719;3.96199220928336,15.075728766947645,0.9109831433466773;13.470667831163155,10.03843225270554,1.3979717289653883;16.36473653509302,8.086891939973933,1.0265631417602112;9.356408901119345,2.787804101659744,0.20891529902825748;2.095021869582651,17.079045109775457,0.6495937887270954"
54,drone_4,10.752,12.025,13.942,14.674,"7.143965878414324,18.52253351862183,0.8394107337496143;6.637422351629716,5.81892506984119,0.6003018776062884;0.36590554591665037,16.596997027271488,0.20777990884561767;16.70210735212728,10.387662511155286,2.4865164910063826;17.575883932032223,2.721593568127446,1.6479158532570475;1.2973598084027889,12.541582926626493,1.1930564938806265;5.325463640573792,3.699943652690364,0.9547411468291342;2.859297170747846,7.553503878133155,2.1925507706303717;10.533388546054491,10.175620803711702,0.4434834056225819;13.471363977912578,4.924285787991767,1.3272358809753264;3.1989281854844065,17.094804049625413,0.4405086223709195;3.721082089191997,8.881385548157215,0.35484045745388293;6.101545181256263,8.790137986408395,1.2639000034553933;14.737980355806986,8.782652679798053,1.0509056472900933;8.401310070704824,11.991886299150524,1.2062214485731173;17.06132291164363,16.261464942281574,1.3345172871816686;17.339109943706937,6.311506988921403,2.300624148151509;14.590277332334818,8.335859238449064,1.6499407138788138;5.222352165170459,5.2246686833336335,1.2953675730785918;4.241324229439376,12.456110153327092,0.3647650457406896;6.334813280978457,3.731836136358651,2.315285015721719;3.96199220928336,15.075728766947645,0.9109831433466773;13.470667831163155,10.03843225270554,1.3979717289653883;16.36473653509302,8.086891939973933,1.0265631417602112;9.356408901119345,2.787804101659744,0.20891529902825748;2.095021869582651,17.079045109775457,0.6495937887270954"
54,drone_6,13.046,12.712,13.942,14.674,"7.143965878414324,18.52253351862183,0.8394107337496143;6.637422351629716,5.81892506984119,0.6003018776062884;0.36590554591665037,16.596997027271488,0.20777990884561767;16.70210735212728,10.387662511155286,2.4865164910063826;17.575883932032223,2.721593568127446,1.6479158532570475;1.2973598084027889,12.541582926626493,1.1930564938806265;5.325463640573792,3.699943652690364,0.9547411468291342;2.859297170747846,7.553503878133155,2.1925507706303717;10.533388546054491,10.175620803711702,0.4434834056225819;13.471363977912578,4.924285787991767,1.3272358809753264;3.1989281854844065,17.094804049625413,0.4405086223709195;3.721082089191997,8.881385548157215,0.35484045745388293;6.101545181256263,8.790137986408395,1.2639000034553933;14.737980355806986,8.782652679798053,1.0509056472900933;8.401310070704824,11.991886299150524,1.2062214485731173;17.06132291164363,16.261464942281574,1.3345172871816686;17.339109943706937,6.311506988921403,2.300624148151509;14.590277332334818,8.335859238449064,1.6499407138788138;5.222352165170459,5.2246686833336335,1.2953675730785918;4.241324229439376,12.456110153327092,0.3647650457406896;6.334813280978457,3.731836136358651,2.315285015721719;3.96199220928336,15.075728766947645,0.9109831433466773;13.470667831163155,10.03843225270554,1.3979717289653883;16.36473653509302,8.086891939973933,1.0265631417602112;9.356408901119345,2.787804101659744,0.20891529902825748;2.095021869582651,17.079045109775457,0.6495937887270954"
54,drone_7,11.399,9.202,13.942,14.674,"7.143965878414324,18.52253351862183,0.8394107337496143;6.637422351629716,5.81892506984119,0.6003018776062884;0.36590554591665037,16.596997027271488,0.20777990884561767;16.70210735212728,10.387662511155286,2.4865164910063826;17.575883932032223,2.721593568127446,1.6479158532570475;1.2973598084027889,12.541582926626493,1.1930564938806265;5.325463640573792,3.699943652690364,0.9547411468291342;2.859297170747846,7.553503878133155,2.1925507706303717;10.533388546054491,10.175620803711702,0.4434834056225819;13.471363977912578,4.924285787991767,1.3272358809753264;3.1989281854844065,17.094804049625413,0.4405086223709195;3.721082089191997,8.881385548157215,0.35484045745388293;6.101545181256263,8.790137986408395,1.2639000034553933;14.737980355806986,8.782652679798053,1.0509056472900933;8.401310070704824,11.991886299150524,1.2062214485731173;17.06132291164363,16.261464942281574,1.3345172871816686;17.339109943706937,6.311506988921403,2.300624148151509;14.590277332334818,8.335859238449064,1.6499407138788138;5.222352165170459,5.2246686833336335,1.2953675730785918;4.241324229439376,12.456110153327092,0.3647650457406896;6.334813280978457,3.731836136358651,2.315285015721719;3.96199220928336,15.075728766947645,0.9109831433466773;13.470667831163155,10.03843225270554,1.3979717289653883;16.36473653509302,8.086891939973933,1.0265631417602112;9.356408901119345,2.787804101659744,0.20891529902825748;2.095021869582651,17.079045109775457,0.6495937887270954"
54,drone_8,11.303,10.317,13.942,14.674,"7.143965878414324,18.52253351862183,0.8394107337496143;6.637422351629716,5.81892506984119,0.6003018776062884;0.36590554591665037,16.596997027271488,0.20777990884561767;16.70210735212728,10.387662511155286,2.4865164910063826;17.575883932032223,2.721593568127446,1.6479158532570475;1.2973598084027889,12.541582926626493,1.1930564938806265;5.325463640573792,3.699943652690364,0.9547411468291342;2.859297170747846,7.553503878133155,2.1925507706303717;10.533388546054491,10.175620803711702,0.4434834056225819;13.471363977912578,4.924285787991767,1.3272358809753264;3.1989281854844065,17.094804049625413,0.4405086223709195;3.721082089191997,8.881385548157215,0.35484045745388293;6.101545181256263,8.790137986408395,1.2639000034553933;14.737980355806986,8.782652679798053,1.0509056472900933;8.401310070704824,11.991886299150524,1.2062214485731173;17.06132291164363,16.261464942281574,1.3345172871816686;17.339109943706937,6.311506988921403,2.300624148151509;14.590277332334818,8.335859238449064,1.6499407138788138;5.222352165170459,5.2246686833336335,1.2953675730785918;4.241324229439376,12.456110153327092,0.3647650457406896;6.334813280978457,3.731836136358651,2.315285015721719;3.96199220928336,15.075728766947645,0.9109831433466773;13.470667831163155,10.03843225270554,1.3979717289653883;16.36473653509302,8.086891939973933,1.0265631417602112;9.356408901119345,2.787804101659744,0.20891529902825748;2.095021869582651,17.079045109775457,0.6495937887270954"
54,drone_9,12.073,12.300,13.942,14.674,"7.143965878414324,18.52253351862183,0.8394107337496143;6.637422351629716,5.81892506984119,0.6003018776062884;0.36590554591665037,16.596997027271488,0.20777990884561767;16.70210735212728,10.387662511155286,2.4865164910063826;17.575883932032223,2.721593568127446,1.6479158532570475;1.2973598084027889,12.541582926626493,1.1930564938806265;5.325463640573792,3.699943652690364,0.9547411468291342;2.859297170747846,7.553503878133155,2.1925507706303717;10.533388546054491,10.175620803711702,0.4434834056225819;13.471363977912578,4.924285787991767,1.3272358809753264;3.1989281854844065,17.094804049625413,0.4405086223709195;3.721082089191997,8.881385548157215,0.35484045745388293;6.101545181256263,8.790137986408395,1.2639000034553933;14.737980355806986,8.782652679798053,1.0509056472900933;8.401310070704824,11.991886299150524,1.2062214485731173;17.06132291164363,16.261464942281574,1.3345172871816686;17.339109943706937,6.311506988921403,2.300624148151509;14.590277332334818,8.335859238449064,1.6499407138788138;5.222352165170459,5.2246686833336335,1.2953675730785918;4.241324229439376,12.456110153327092,0.3647650457406896;6.334813280978457,3.731836136358651,2.315285015721719;3.96199220928336,15.075728766947645,0.9109831433466773;13.470667831163155,10.03843225270554,1.3979717289653883;16.36473653509302,8.086891939973933,1.0265631417602112;9.356408901119345,2.787804101659744,0.20891529902825748;2.095021869582651,17.079045109775457,0.6495937887270954"
55,drone_1,11.590,9.986,13.942,14.674,"7.143965878414324,18.52253351862183,0.8394107337496143;6.637422351629716,5.81892506984119,0.6003018776062884;0.36590554591665037,16.596997027271488,0.20777990884561767;16.70210735212728,10.387662511155286,2.4865164910063826;17.575883932032223,2.721593568127446,1.6479158532570475;1.2973598084027889,12.541582926626493,1.1930564938806265;5.325463640573792,3.699943652690364,0.9547411468291342;2.859297170747846,7.553503878133155,2.1925507706303717;10.533388546054491,10.175620803711702,0.4434834056225819;13.471363977912578,4.924285787991767,1.3272358809753264;3.1989281854844065,17.094804049625413,0.4405086223709195;3.721082089191997,8.881385548157215,0.35484045745388293;6.101545181256263,8.790137986408395,1.2639000034553933;14.737980355806986,8.782652679798053,1.0509056472900933;8.401310070704824,11.991886299150524,1.2062214485731173;17.06132291164363,16.261464942281574,1.3345172871816686;17.339109943706937,6.311506988921403,2.300624148151509;14.590277332334818,8.335859238449064,1.6499407138788138;5.222352165170459,5.2246686833336335,1.2953675730785918;4.241324229439376,12.456110153327092,0.3647650457406896;6.334813280978457,3.731836136358651,2.315285015721719;3.96199220928336,15.075728766947645,0.9109831433466773;13.470667831163155,10.03843225270554,1.3979717289653883;16.36473653509302,8.086891939973933,1.0265631417602112;9.356408901119345,2.787804101659744,0.20891529902825748;2.095021869582651,17.079045109775457,0.6495937887270954"
55,drone_2,9.555,10.618,13.942,14.674,"7.143965878414324,18.52253351862183,0.8394107337496143;6.637422351629716,5.81892506984119,0.6003018776062884;0.36590554591665037,16.596997027271488,0.20777990884561767;16.70210735212728,10.387662511155286,2.4865164910063826;17.575883932032223,2.721593568127446,1.6479158532570475;1.2973598084027889,12.541582926626493,1.1930564938806265;5.325463640573792,3.699943652690364,0.9547411468291342;2.859297170747846,7.553503878133155,2.1925507706303717;10.533388546054491,10.175620803711702,0.4434834056225819;13.471363977912578,4.924285787991767,1.3272358809753264;3.1989281854844065,17.094804049625413,0.4405086223709195;3.721082089191997,8.881385548157215,0.35484045745388293;6.101545181256263,8.790137986408395,1.2639000034553933;14.737980355806986,8.782652679798053,1.0509056472900933;8.401310070704824,11.991886299150524,1.2062214485731173;17.06132291164363,16.261464942281574,1.3345172871816686;17.339109943706937,6.311506988921403,2.300624148151509;14.590277332334818,8.335859238449064,1.6499407138788138;5.222352165170459,5.2246686833336335,1.2953675730785918;4.241324229439376,12.456110153327092,0.3647650457406896;6.334813280978457,3.731836136358651,2.315285015721719;3.96199220928336,15.075728766947645,0.9109831433466773;13.470667831163155,10.03843225270554,1.3979717289653883;16.36473653509302,8.086891939973933,1.0265631417602112;9.356408901119345,2.787804101659744,0.20891529902825748;2.095021869582651,17.079045109775457,0.6495937887270954"
55,drone_3,12.132,11.578,13.942,14.674,"7.143965878414324,18.52253351862183,0.8394107337496143;6.637422351629716,5.81892506984119,0.6003018776062884;0.36590554591665037,16.596997027271488,0.20777990884561767;16.70210735212728,10.387662511155286,2.4865164910063826;17.575883932032223,2.721593568127446,1.6479158532570475;1.2973598084027889,12.541582926626493,1.1930564938806265;5.325463640573792,3.699943652690364,0.9547411468291342;2.859297170747846,7.553503878133155,2.1925507706303717;10.533388546054491,10.175620803711702,0.4434834056225819;13.471363977912578,4.924285787991767,1.3272358809753264;3.1989281854844065,17.094804049625413,0.4405086223709195;3.721082089191997,8.881385548157215,0.35484045745388293;6.101545181256263,8.790137986408395,1.2639000034553933;14.737980355806986,8.782652679798053,1.0509056472900933;8.401310070704824,11.991886299150524,1.2062214485731173;17.06132291164363,16.261464942281574,1.3345172871816686;17.339109943706937,6.311506988921403,2.300624148151509;14.590277332334818,8.335859238449064,1.6499407138788138;5.222352165170459,5.2246686833336335,1.2953675730785918;4.241324229439376,12.456110153327092,0.3647650457406896;6.334813280978457,3.731836136358651,2.315285015721719;3.96199220928336,15.075728766947645,0.9109831433466773;13.470667831163155,10.03843225270554,1.3979717289653883;16.36473653509302,8.086891939973933,1.0265631417602112;9.356408901119345,2.787804101659744,0.20891529902825748;2.095021869582651,17.079045109775457,0.6495937887270954"
55,drone_4,10.892,12.167,13.942,14.674,"7.143965878414324,18.52253351862183,0.8394107337496143;6.637422351629716,5.81892506984119,0.6003018776062884;0.36590554591665037,16.596997027271488,0.20777990884561767;16.70210735212728,10.387662511155286,2.4865164910063826;17.575883932032223,2.721593568127446,1.6479158532570475;1.2973598084027889,12.541582926626493,1.1930564938806265;5.325463640573792,3.699943652690364,0.9547411468291342;2.859297170747846,7.553503878133155,2.1925507706303717;10.533388546054491,10.175620803711702,0.4434834056225819;13.471363977912578,4.924285787991767,1.3272358809753264;3.1989281854844065,17.094804049625413,0.4405086223709195;3.721082089191997,8.881385548157215,0.35484045745388293;6.101545181256263,8.790137986408395,1.2639000034553933;14.737980355806986,8.782652679798053,1.0509056472900933;8.401310070704824,11.991886299150524,1.2062214485731173;17.06132291164363,16.261464942281574,1.3345172871816686;17.339109943706937,6.311506988921403,2.300624148151509;14.590277332334818,8.335859238449064,1.6499407138788138;5.222352165170459,5.2246686833336335,1.2953675730785918;4.241324229439376,12.456110153327092,0.3647650457406896;6.334813280978457,3.731836136358651,2.315285015721719;3.96199220928336,15.075728766947645,0.9109831433466773;13.470667831163155,10.03843225270554,1.3979717289653883;16.36473653509302,8.086891939973933,1.0265631417602112;9.356408901119345,2.787804101659744,0.20891529902825748;2.095021869582651,17.079045109775457,0.6495937887270954"
55,drone_6,13.188,12.853,13.942,14.674,"7.143965878414324,18.52253351862183,0.8394107337496143;6.637422351629716,5.81892506984119,0.6003018776062884;0.36590554591665037,16.596997027271488,0.20777990884561767;16.70210735212728,10.387662511155286,2.4865164910063826;17.575883932032223,2.721593568127446,1.6479158532570475;1.2973598084027889,12.541582926626493,1.1930564938806265;5.325463640573792,3.699943652690364,0.9547411468291342;2.859297170747846,7.553503878133155,2.1925507706303717;10.533388546054491,10.175620803711702,0.4434834056225819;13.471363977912578,4.924285787991767,1.3272358809753264;3.1989281854844065,17.094804049625413,0.4405086223709195;3.721082089191997,8.881385548157215,0.35484045745388293;6.101545181256263,8.790137986408395,1.2639000034553933;14.737980355806986,8.782652679798053,1.0509056472900933;8.401310070704824,11.991886299150524,1.2062214485731173;17.06132291164363,16.261464942281574,1.3345172871816686;17.339109943706937,6.311506988921403,2.300624148151509;14.590277332334818,8.335859238449064,1.6499407138788138;5.222352165170459,5.2246686833336335,1.2953675730785918;4.241324229439376,12.456110153327092,0.3647650457406896;6.334813280978457,3.731836136358651,2.315285015721719;3.96199220928336,15.075728766947645,0.9109831433466773;13.470667831163155,10.03843225270554,1.3979717289653883;16.36473653509302,8.086891939973933,1.0265631417602112;9.356408901119345,2.787804101659744,0.20891529902825748;2.095021869582651,17.079045109775457,0.6495937887270954"
55,drone_7,11.228,9.220,13.942,14.674,"7.143965878414324,18.52253351862183,0.8394107337496143;6.637422351629716,5.81892506984119,0.6003018776062884;0.36590554591665037,16.596997027271488,0.20777990884561767;16.70210735212728,10.387662511155286,2.4865164910063826;17.575883932032223,2.721593568127446,1.6479158532570475;1.2973598084027889,12.541582926626493,1.1930564938806265;5.325463640573792,3.699943652690364,0.9547411468291342;2.859297170747846,7.553503878133155,2.1925507706303717;10.533388546054491,10.175620803711702,0.4434834056225819;13.471363977912578,4.924285787991767,1.3272358809753264;3.1989281854844065,17.094804049625413,0.4405086223709195;3.721082089191997,8.881385548157215,0.35484045745388293;6.101545181256263,8.790137986408395,1.2639000034553933;14.737980355806986,8.782652679798053,1.0509056472900933;8.401310070704824,11.991886299150524,1.2062214485731173;17.06132291164363,16.261464942281574,1.3345172871816686;17.339109943706937,6.311506988921403,2.300624148151509;14.590277332334818,8.335859238449064,1.6499407138788138;5.222352165170459,5.2246686833336335,1.2953675730785918;4.241324229439376,12.456110153327092,0.3647650457406896;6.334813280978457,3.731836136358651,2.315285015721719;3.96199220928336,15.075728766947645,0.9109831433466773;13.470667831163155,10.03843225270554,1.3979717289653883;16.36473653509302,8.086891939973933,1.0265631417602112;9.356408901119345,2.787804101659744,0.20891529902825748;2.095021869582651,17.079045109775457,0.6495937887270954"
55,drone_8,11.349,10.483,13.942,14.674,"7.143965878414324,18.52253351862183,0.8394107337496143;6.637422351629716,5.81892506984119,0.6003018776062884;0.36590554591665037,16.596997027271488,0.20777990884561767;16.70210735212728,10.387662511155286,2.4865164910063826;17.575883932032223,2.721593568127446,1.6479158532570475;1.2973598084027889,12.541582926626493,1.1930564938806265;5.325463640573792,3.699943652690364,0.9547411468291342;2.859297170747846,7.553503878133155,2.1925507706303717;10.533388546054491,10.175620803711702,0.4434834056225819;13.471363977912578,4.924285787991767,1.3272358809753264;3.1989281854844065,17.094804049625413,0.4405086223709195;3.721082089191997,8.881385548157215,0.35484045745388293;6.101545181256263,8.790137986408395,1.2639000034553933;14.737980355806986,8.782652679798053,1.0509056472900933;8.401310070704824,11.991886299150524,1.2062214485731173;17.06132291164363,16.261464942281574,1.3345172871816686;17.339109943706937,6.311506988921403,2.300624148151509;14.590277332334818,8.335859238449064,1.6499407138788138;5.222352165170459,5.2246686833336335,1.2953675730785918;4.241324229439376,12.456110153327092,0.3647650457406896;6.334813280978457,3.731836136358651,2.315285015721719;3.96199220928336,15.075728766947645,0.9109831433466773;13.470667831163155,10.03843225270554,1.3979717289653883;16.36473653509302,8.086891939973933,1.0265631417602112;9.356408901119345,2.787804101659744,0.20891529902825748;2.095021869582651,17.079045109775457,0.6495937887270954"
55,drone_9,12.194,12.423,13.942,14.674,"7.143965878414324,18.52253351862183,0.8394107337496143;6.637422351629716,5.81892506984119,0.6003018776062884;0.36590554591665037,16.596997027271488,0.20777990884561767;16.70210735212728,10.387662511155286,2.4865164910063826;17.575883932032223,2.721593568127446,1.6479158532570475;1.2973598084027889,12.541582926626493,1.1930564938806265;5.325463640573792,3.699943652690364,0.9547411468291342;2.859297170747846,7.553503878133155,2.1925507706303717;10.533388546054491,10.175620803711702,0.4434834056225819;13.471363977912578,4.924285787991767,1.3272358809753264;3.1989281854844065,17.094804049625413,0.4405086223709195;3.721082089191997,8.881385548157215,0.35484045745388293;6.101545181256263,8.790137986408395,1.2639000034553933;14.737980355806986,8.782652679798053,1.0509056472900933;8.401310070704824,11.991886299150524,1.2062214485731173;17.06132291164363,16.261464942281574,1.3345172871816686;17.339109943706937,6.311506988921403,2.300624148151509;14.590277332334818,8.335859238449064,1.6499407138788138;5.222352165170459,5.2246686833336335,1.2953675730785918;4.241324229439376,12.456110153327092,0.3647650457406896;6.334813280978457,3.731836136358651,2.315285015721719;3.96199220928336,15.075728766947645,0.9109831433466773;13.470667831163155,10.03843225270554,1.3979717289653883;16.36473653509302,8.086891939973933,1.0265631417602112;9.356408901119345,2.787804101659744,0.20891529902825748;2.095021869582651,17.079045109775457,0.6495937887270954"
56,drone_1,11.622,10.018,13.942,14.674,"7.143965878414324,18.52253351862183,0.8394107337496143;6.637422351629716,5.81892506984119,0.6003018776062884;0.36590554591665037,16.596997027271488,0.20777990884561767;16.70210735212728,10.387662511155286,2.4865164910063826;17.575883932032223,2.721593568127446,1.6479158532570475;1.2973598084027889,12.541582926626493,1.1930564938806265;5.325463640573792,3.699943652690364,0.9547411468291342;2.859297170747846,7.553503878133155,2.1925507706303717;10.533388546054491,10.175620803711702,0.4434834056225819;13.471363977912578,4.924285787991767,1.3272358809753264;3.1989281854844065,17.094804049625413,0.4405086223709195;3.721082089191997,8.881385548157215,0.35484045745388293;6.101545181256263,8.790137986408395,1.2639000034553933;14.737980355806986,8.782652679798053,1.0509056472900933;8.401310070704824,11.991886299150524,1.2062214485731173;17.06132291164363,16.261464942281574,1.3345172871816686;17.339109943706937,6.311506988921403,2.300624148151509;14.590277332334818,8.335859238449064,1.6499407138788138;5.222352165170459,5.2246686833336335,1.2953675730785918;4.241324229439376,12.456110153327092,0.3647650457406896;6.334813280978457,3.731836136358651,2.315285015721719;3.96199220928336,15.075728766947645,0.9109831433466773;13.470667831163155,10.03843225270554,1.3979717289653883;16.36473653509302,8.086891939973933,1.0265631417602112;9.356408901119345,2.787804101659744,0.20891529902825748;2.095021869582651,17.079045109775457,0.6495937887270954"
56,drone_2,9.637,10.800,13.942,14.674,"7.143965878414324,18.52253351862183,0.8394107337496143;6.637422351629716,5.81892506984119,0.6003018776062884;0.36590554591665037,16.596997027271488,0.20777990884561767;16.70210735212728,10.387662511155286,2.4865164910063826;17.575883932032223,2.721593568127446,1.6479158532570475;1.2973598084027889,12.541582926626493,1.1930564938806265;5.325463640573792,3.699943652690364,0.9547411468291342;2.859297170747846,7.553503878133155,2.1925507706303717;10.533388546054491,10.175620803711702,0.4434834056225819;13.471363977912578,4.924285787991767,1.3272358809753264;3.1989281854844065,17.094804049625413,0.4405086223709195;3.721082089191997,8.881385548157215,0.35484045745388293;6.101545181256263,8.790137986408395,1.2639000034553933;14.737980355806986,8.782652679798053,1.0509056472900933;8.401310070704824,11.991886299150524,1.2062214485731173;17.06132291164363,16.261464942281574,1.3345172871816686;17.339109943706937,6.311506988921403,2.300624148151509;14.590277332334818,8.335859238449064,1.6499407138788138;5.222352165170459,5.2246686833336335,1.2953675730785918;4.241324229439376,12.456110153327092,0.3647650457406896;6.334813280978457,3.731836136358651,2.315285015721719;3.96199220928336,15.075728766947645,0.9109831433466773;13.470667831163155,10.03843225270554,1.3979717289653883;16.36473653509302,8.086891939973933,1.0265631417602112;9.356408901119345,2.787804101659744,0.20891529902825748;2.095021869582651,17.079045109775457,0.6495937887270954"
56,drone_3,12.252,11.702,13.942,14.674,"7.143965878414324,18.52253351862183,0.8394107337496143;6.637422351629716,5.81892506984119,0.6003018776062884;0.36590554591665037,16.596997027271488,0.20777990884561767;16.70210735212728,10.387662511155286,2.4865164910063826;17.575883932032223,2.721593568127446,1.6479158532570475;1.2973598084027889,12.541582926626493,1.1930564938806265;5.325463640573792,3.699943652690364,0.9547411468291342;2.859297170747846,7.553503878133155,2.1925507706303717;10.533388546054491,10.175620803711702,0.4434834056225819;13.471363977912578,4.924285787991767,1.3272358809753264;3.1989281854844065,17.094804049625413,0.4405086223709195;3.721082089191997,8.881385548157215,0.35484045745388293;6.101545181256263,8.790137986408395,1.2639000034553933;14.737980355806986,8.782652679798053,1.0509056472900933;8.401310070704824,11.991886299150524,1.2062214485731173;17.06132291164363,16.261464942281574,1.3345172871816686;17.339109943706937,6.311506988921403,2.300624148151509;14.590277332334818,8.335859238449064,1.6499407138788138;5.222352165170459,5.2246686833336335,1.2953675730785918;4.241324229439376,12.456110153327092,0.3647650457406896;6.334813280978457,3.731836136358651,2.315285015721719;3.96199220928336,15.075728766947645,0.9109831433466773;13.470667831163155,10.03843225270554,1.3979717289653883;16.36473653509302,8.086891939973933,1.0265631417602112;9.356408901119345,2.787804101659744,0.20891529902825748;2.095021869582651,17.079045109775457,0.6495937887270954"
56,drone_4,11.033,12.309,13.942,14.674,"7.143965878414324,18.52253351862183,0.8394107337496143;6.637422351629716,5.81892506984119,0.6003018776062884;0.36590554591665037,16.596997027271488,0.20777990884561767;16.70210735212728,10.387662511155286,2.4865164910063826;17.575883932032223,2.721593568127446,1.6479158532570475;1.2973598084027889,12.541582926626493,1.1930564938806265;5.325463640573792,3.699943652690364,0.9547411468291342;2.859297170747846,7.553503878133155,2.1925507706303717;10.533388546054491,10.175620803711702,0.4434834056225819;13.471363977912578,4.924285787991767,1.3272358809753264;3.1989281854844065,17.094804049625413,0.4405086223709195;3.721082089191997,8.881385548157215,0.35484045745388293;6.101545181256263,8.790137986408395,1.2639000034553933;14.737980355806986,8.782652679798053,1.0509056472900933;8.401310070704824,11.991886299150524,1.2062214485731173;17.06132291164363,16.261464942281574,1.3345172871816686;17.339109943706937,6.311506988921403,2.300624148151509;14.590277332334818,8.335859238449064,1.6499407138788138;5.222352165170459,5.2246686833336335,1.2953675730785918;4.241324229439376,12.456110153327092,0.3647650457406896;6.334813280978457,3.731836136358651,2.315285015721719;3.96199220928336,15.075728766947645,0.9109831433466773;13.470667831163155,10.03843225270554,1.3979717289653883;16.36473653509302,8.086891939973933,1.0265631417602112;9.356408901119345,2.787804101659744,0.20891529902825748;2.095021869582651,17.079045109775457,0.6495937887270954"
56,drone_6,13.329,12.995,13.942,14.674,"7.143965878414324,18.52253351862183,0.8394107337496143;6.637422351629716,5.81892506984119,0.6003018776062884;0.36590554591665037,16.596997027271488,0.20777990884561767;16.70210735212728,10.387662511155286,2.4865164910063826;17.575883932032223,2.721593568127446,1.6479158532570475;1.2973598084027889,12.541582926626493,1.1930564938806265;5.325463640573792,3.699943652690364,0.9547411468291342;2.859297170747846,7.553503878133155,2.1925507706303717;10.533388546054491,10.175620803711702,0.4434834056225819;13.471363977912578,4.924285787991767,1.3272358809753264;3.1989281854844065,17.094804049625413,0.4405086223709195;3.721082089191997,8.881385548157215,0.35484045745388293;6.101545181256263,8.790137986408395,1.2639000034553933;14.737980355806986,8.782652679798053,1.0509056472900933;8.401310070704824,11.991886299150524,1.2062214485731173;17.06132291164363,16.261464942281574,1.3345172871816686;17.339109943706937,6.311506988921403,2.300624148151509;14.590277332334818,8.335859238449064,1.6499407138788138;5.222352165170459,5.2246686833336335,1.2953675730785918;4.241324229439376,12.456110153327092,0.3647650457406896;6.334813280978457,3.731836136358651,2.315285015721719;3.96199220928336,15.075728766947645,0.9109831433466773;13.470667831163155,10.03843225270554,1.3979717289653883;16.36473653509302,8.086891939973933,1.0265631417602112;9.356408901119345,2.787804101659744,0.20891529902825748;2.095021869582651,17.079045109775457,0.6495937887270954"
56,drone_7,11.070,9.288,13.942,14.674,"7.143965878414324,18.52253351862183,0.8394107337496143;6.637422351629716,5.81892506984119,0.6003018776062884;0.36590554591665037,16.596997027271488,0.20777990884561767;16.70210735212728,10.387662511155286,2.4865164910063826;17.575883932032223,2.721593568127446,1.6479158532570475;1.2973598084027889,12.541582926626493,1.1930564938806265;5.325463640573792,3.699943652690364,0.9547411468291342;2.859297170747846,7.553503878133155,2.1925507706303717;10.533388546054491,10.175620803711702,0.4434834056225819;13.471363977912578,4.924285787991767,1.3272358809753264;3.1989281854844065,17.094804049625413,0.4405086223709195;3.721082089191997,8.881385548157215,0.35484045745388293;6.101545181256263,8.790137986408395,1.2639000034553933;14.737980355806986,8.782652679798053,1.0509056472900933;8.401310070704824,11.991886299150524,1.2062214485731173;17.06132291164363,16.261464942281574,1.3345172871816686;17.339109943706937,6.311506988921403,2.300624148151509;14.590277332334818,8.335859238449064,1.6499407138788138;5.222352165170459,5.2246686833336335,1.2953675730785918;4.241324229439376,12.456110153327092,0.3647650457406896;6.334813280978457,3.731836136358651,2.315285015721719;3.96199220928336,15.075728766947645,0.9109831433466773;13.470667831163155,10.03843225270554,1.3979717289653883;16.36473653509302,8.086891939973933,1.0265631417602112;9.356408901119345,2.787804101659744,0.20891529902825748;2.095021869582651,17.079045109775457,0.6495937887270954"
56,drone_8,11.314,10.652,13.942,14.674,"7.143965878414324,18.52253351862183,0.8394107337496143;6.637422351629716,5.81892506984119,0.6003018776062884;0.36590554591665037,16.596997027271488,0.20777990884561767;16.70210735212728,10.387662511155286,2.4865164910063826;17.575883932032223,2.721593568127446,1.6479158532570475;1.2973598084027889,12.541582926626493,1.1930564938806265;5.325463640573792,3.699943652690364,0.9547411468291342;2.859297170747846,7.553503878133155,2.1925507706303717;10.533388546054491,10.175620803711702,0.4434834056225819;13.471363977912578,4.924285787991767,1.3272358809753264;3.1989281854844065,17.094804049625413,0.4405086223709195;3.721082089191997,8.881385548157215,0.35484045745388293;6.101545181256263,8.790137986408395,1.2639000034553933;14.737980355806986,8.782652679798053,1.0509056472900933;8.401310070704824,11.991886299150524,1.2062214485731173;17.06132291164363,16.261464942281574,1.3345172871816686;17.339109943706937,6.311506988921403,2.300624148151509;14.590277332334818,8.335859238449064,1.6499407138788138;5.222352165170459,5.2246686833336335,1.2953675730785918;4.241324229439376,12.456110153327092,0.3647650457406896;6.334813280978457,3.731836136358651,2.315285015721719;3.96199220928336,15.075728766947645,0.9109831433466773;13.470667831163155,10.03843225270554,1.3979717289653883;16.36473653509302,8.086891939973933,1.0265631417602112;9.356408901119345,2.787804101659744,0.20891529902825748;2.095021869582651,17.079045109775457,0.6495937887270954"
56,drone_9,12.315,12.545,13.942,14.674,"7.143965878414324,18.52253351862183,0.8394107337496143;6.637422351629716,5.81892506984119,0.6003018776062884;0.36590554591665037,16.596997027271488,0.20777990884561767;16.70210735212728,10.387662511155286,2.4865164910063826;17.575883932032223,2.721593568127446,1.6479158532570475;1.2973598084027889,12.541582926626493,1.1930564938806265;5.325463640573792,3.699943652690364,0.9547411468291342;2.859297170747846,7.553503878133155,2.1925507706303717;10.533388546054491,10.175620803711702,0.4434834056225819;13.471363977912578,4.924285787991767,1.3272358809753264;3.1989281854844065,17.094804049625413,0.4405086223709195;3.721082089191997,8.881385548157215,0.35484045745388293;6.101545181256263,8.790137986408395,1.2639000034553933;14.737980355806986,8.782652679798053,1.0509056472900933;8.401310070704824,11.991886299150524,1.2062214485731173;17.06132291164363,16.261464942281574,1.3345172871816686;17.339109943706937,6.311506988921403,2.300624148151509;14.590277332334818,8.335859238449064,1.6499407138788138;5.222352165170459,5.2246686833336335,1.2953675730785918;4.241324229439376,12.456110153327092,0.3647650457406896;6.334813280978457,3.731836136358651,2.315285015721719;3.96199220928336,15.075728766947645,0.9109831433466773;13.470667831163155,10.03843225270554,1.3979717289653883;16.36473653509302,8.086891939973933,1.0265631417602112;9.356408901119345,2.787804101659744,0.20891529902825748;2.095021869582651,17.079045109775457,0.6495937887270954"
57,drone_1,11.553,10.149,13.942,14.674,"7.143965878414324,18.52253351862183,0.8394107337496143;6.637422351629716,5.81892506984119,0.6003018776062884;0.36590554591665037,16.596997027271488,0.20777990884561767;16.70210735212728,10.387662511155286,2.4865164910063826;17.575883932032223,2.721593568127446,1.6479158532570475;1.2973598084027889,12.541582926626493,1.1930564938806265;5.325463640573792,3.699943652690364,0.9547411468291342;2.859297170747846,7.553503878133155,2.1925507706303717;10.533388546054491,10.175620803711702,0.4434834056225819;13.471363977912578,4.924285787991767,1.3272358809753264;3.1989281854844065,17.094804049625413,0.4405086223709195;3.721082089191997,8.881385548157215,0.35484045745388293;6.101545181256263,8.790137986408395,1.2639000034553933;14.737980355806986,8.782652679798053,1.0509056472900933;8.401310070704824,11.991886299150524,1.2062214485731173;17.06132291164363,16.261464942281574,1.3345172871816686;17.339109943706937,6.311506988921403,2.300624148151509;14.590277332334818,8.335859238449064,1.6499407138788138;5.222352165170459,5.2246686833336335,1.2953675730785918;4.241324229439376,12.456110153327092,0.3647650457406896;6.334813280978457,3.731836136358651,2.315285015721719;3.96199220928336,15.075728766947645,0.9109831433466773;13.470667831163155,10.03843225270554,1.3979717289653883;16.36473653509302,8.086891939973933,1.0265631417602112;9.356408901119345,2.787804101659744,0.20891529902825748;2.095021869582651,17.079045109775457,0.6495937887270954"
57,drone_2,9.746,10.968,13.942,14.674,"7.143965878414324,18.52253351862183,0.8394107337496143;6.637422351629716,5.81892506984119,0.6003018776062884;0.36590554591665037,16.596997027271488,0.20777990884561767;16.70210735212728,10.387662511155286,2.4865164910063826;17.575883932032223,2.721593568127446,1.6479158532570475;1.2973598084027889,12.541582926626493,1.1930564938806265;5.325463640573792,3.699943652690364,0.9547411468291342;2.859297170747846,7.553503878133155,2.1925507706303717;10.533388546054491,10.175620803711702,0.4434834056225819;13.471363977912578,4.924285787991767,1.3272358809753264;3.1989281854844065,17.094804049625413,0.4405086223709195;3.721082089191997,8.881385548157215,0.35484045745388293;6.101545181256263,8.790137986408395,1.2639000034553933;14.737980355806986,8.782652679798053,1.0509056472900933;8.401310070704824,11.991886299150524,1.2062214485731173;17.06132291164363,16.261464942281574,1.3345172871816686;17.339109943706937,6.311506988921403,2.300624148151509;14.590277332334818,8.335859238449064,1.6499407138788138;5.222352165170459,5.2246686833336335,1.2953675730785918;4.241324229439376,12.456110153327092,0.3647650457406896;6.334813280978457,3.731836136358651,2.315285015721719;3.96199220928336,15.075728766947645,0.9109831433466773;13.470667831163155,10.03843225270554,1.3979717289653883;16.36473653509302,8.086891939973933,1.0265631417602112;9.356408901119345,2.787804101659744,0.20891529902825748;2.095021869582651,17.079045109775457,0.6495937887270954"
57,drone_3,12.373,11.824,13.942,14.674,"7.143965878414324,18.52253351862183,0.8394107337496143;6.637422351629716,5.81892506984119,0.6003018776062884;0.36590554591665037,16.596997027271488,0.20777990884561767;16.70210735212728,10.387662511155286,2.4865164910063826;17.575883932032223,2.721593568127446,1.6479158532570475;1.2973598084027889,12.541582926626493,1.1930564938806265;5.325463640573792,3.699943652690364,0.9547411468291342;2.859297170747846,7.553503878133155,2.1925507706303717;10.533388546054491,10.175620803711702,0.4434834056225819;13.471363977912578,4.924285787991767,1.3272358809753264;3.1989281854844065,17.094804049625413,0.4405086223709195;3.721082089191997,8.881385548157215,0.35484045745388293;6.101545181256263,8.790137986408395,1.2639000034553933;14.737980355806986,8.782652679798053,1.0509056472900933;8.401310070704824,11.991886299150524,1.2062214485731173;17.06132291164363,16.261464942281574,1.3345172871816686;17.339109943706937,6.311506988921403,2.300624148151509;14.590277332334818,8.335859238449064,1.6499407138788138;5.222352165170459,5.2246686833336335,1.2953675730785918;4.241324229439376,12.456110153327092,0.3647650457406896;6.334813280978457,3.731836136358651,2.315285015721719;3.96199220928336,15.075728766947645,0.9109831433466773;13.470667831163155,10.03843225270554,1.3979717289653883;16.36473653509302,8.086891939973933,1.0265631417602112;9.356408901119345,2.787804101659744,0.20891529902825748;2.095021869582651,17.079045109775457,0.6495937887270954"
57,drone_4,11.174,12.451,13.942,14.674,"7.143965878414324,18.52253351862183,0.8394107337496143;6.637422351629716,5.81892506984119,0.6003018776062884;0.36590554591665037,16.596997027271488,0.20777990884561767;16.70210735212728,10.387662511155286,2.4865164910063826;17.575883932032223,2.721593568127446,1.6479158532570475;1.2973598084027889,12.541582926626493,1.1930564938806265;5.325463640573792,3.699943652690364,0.9547411468291342;2.859297170747846,7.553503878133155,2.1925507706303717;10.533388546054491,10.175620803711702,0.4434834056225819;13.471363977912578,4.924285787991767,1.3272358809753264;3.1989281854844065,17.094804049625413,0.4405086223709195;3.721082089191997,8.881385548157215,0.35484045745388293;6.101545181256263,8.790137986408395,1.2639000034553933;14.737980355806986,8.782652679798053,1.0509056472900933;8.401310070704824,11.991886299150524,1.2062214485731173;17.06132291164363,16.261464942281574,1.3345172871816686;17.339109943706937,6.311506988921403,2.300624148151509;14.590277332334818,8.335859238449064,1.6499407138788138;5.222352165170459,5.2246686833336335,1.2953675730785918;4.241324229439376,12.456110153327092,0.3647650457406896;6.334813280978457,3.731836136358651,2.315285015721719;3.96199220928336,15.075728766947645,0.9109831433466773;13.470667831163155,10.03843225270554,1.3979717289653883;16.36473653509302,8.086891939973933,1.0265631417602112;9.356408901119345,2.787804101659744,0.20891529902825748;2.095021869582651,17.079045109775457,0.6495937887270954"
57,drone_6,13.470,13.136,13.942,14.674,"7.143965878414324,18.52253351862183,0.8394107337496143;6.637422351629716,5.81892506984119,0.6003018776062884;0.36590554591665037,16.596997027271488,0.20777990884561767;16.70210735212728,10.387662511155286,2.4865164910063826;17.575883932032223,2.721593568127446,1.6479158532570475;1.2973598084027889,12.541582926626493,1.1930564938806265;5.325463640573792,3.699943652690364,0.9547411468291342;2.859297170747846,7.553503878133155,2.1925507706303717;10.533388546054491,10.175620803711702,0.4434834056225819;13.471363977912578,4.924285787991767,1.3272358809753264;3.1989281854844065,17.094804049625413,0.4405086223709195;3.721082089191997,8.881385548157215,0.35484045745388293;6.101545181256263,8.790137986408395,1.2639000034553933;14.737980355806986,8.782652679798053,1.0509056472900933;8.401310070704824,11.991886299150524,1.2062214485731173;17.06132291164363,16.261464942281574,1.3345172871816686;17.339109943706937,6.311506988921403,2.300624148151509;14.590277332334818,8.335859238449064,1.6499407138788138;5.222352165170459,5.2246686833336335,1.2953675730785918;4.241324229439376,12.456110153327092,0.3647650457406896;6.334813280978457,3.731836136358651,2.315285015721719;3.96199220928336,15.075728766947645,0.9109831433466773;13.470667831163155,10.03843225270554,1.3979717289653883;16.36473653509302,8.086891939973933,1.0265631417602112;9.356408901119345,2.787804101659744,0.20891529902825748;2.095021869582651,17.079045109775457,0.6495937887270954"
57,drone_7,10.926,9.383,13.942,14.674,"7.143965878414324,18.52253351862183,0.8394107337496143;6.637422351629716,5.81892506984119,0.6003018776062884;0.36590554591665037,16.596997027271488,0.20777990884561767;16.70210735212728,10.387662511155286,2.4865164910063826;17.575883932032223,2.721593568127446,1.6479158532570475;1.2973598084027889,12.541582926626493,1.1930564938806265;5.325463640573792,3.699943652690364,0.9547411468291342;2.859297170747846,7.553503878133155,2.1925507706303717;10.533388546054491,10.175620803711702,0.4434834056225819;13.471363977912578,4.924285787991767,1.3272358809753264;3.1989281854844065,17.094804049625413,0.4405086223709195;3.721082089191997,8.881385548157215,0.35484045745388293;6.101545181256263,8.790137986408395,1.2639000034553933;14.737980355806986,8.782652679798053,1.0509056472900933;8.401310070704824,11.991886299150524,1.2062214485731173;17.06132291164363,16.261464942281574,1.3345172871816686;17.339109943706937,6.311506988921403,2.300624148151509;14.590277332334818,8.335859238449064,1.6499407138788138;5.222352165170459,5.2246686833336335,1.2953675730785918;4.241324229439376,12.456110153327092,0.3647650457406896;6.334813280978457,3.731836136358651,2.315285015721719;3.96199220928336,15.075728766947645,0.9109831433466773;13.470667831163155,10.03843225270554,1.3979717289653883;16.36473653509302,8.086891939973933,1.0265631417602112;9.356408901119345,2.787804101659744,0.20891529902825748;2.095021869582651,17.079045109775457,0.6495937887270954"
57,drone_8,11.355,10.819,13.942,14.674,"7.143965878414324,18.52253351862183,0.8394107337496143;6.637422351629716,5.81892506984119,0.6003018776062884;0.36590554591665037,16.596997027271488,0.20777990884561767;16.70210735212728,10.387662511155286,2.4865164910063826;17.575883932032223,2.721593568127446,1.6479158532570475;1.2973598084027889,12.541582926626493,1.1930564938806265;5.325463640573792,3.699943652690364,0.9547411468291342;2.859297170747846,7.553503878133155,2.1925507706303717;10.533388546054491,10.175620803711702,0.4434834056225819;13.471363977912578,4.924285787991767,1.3272358809753264;3.1989281854844065,17.094804049625413,0.4405086223709195;3.721082089191997,8.881385548157215,0.35484045745388293;6.101545181256263,8.790137986408395,1.2639000034553933;14.737980355806986,8.782652679798053,1.0509056472900933;8.401310070704824,11.991886299150524,1.2062214485731173;17.06132291164363,16.261464942281574,1.3345172871816686;17.339109943706937,6.311506988921403,2.300624148151509;14.590277332334818,8.335859238449064,1.6499407138788138;5.222352165170459,5.2246686833336335,1.2953675730785918;4.241324229439376,12.456110153327092,0.3647650457406896;6.334813280978457,3.731836136358651,2.315285015721719;3.96199220928336,15.075728766947645,0.9109831433466773;13.470667831163155,10.03843225270554,1.3979717289653883;16.36473653509302,8.086891939973933,1.0265631417602112;9.356408901119345,2.787804101659744,0.20891529902825748;2.095021869582651,17.079045109775457,0.6495937887270954"
57,drone_9,12.436,12.667,13.942,14.674,"7.143965878414324,18.52253351862183,0.8394107337496143;6.637422351629716,5.81892506984119,0.6003018776062884;0.36590554591665037,16.596997027271488,0.20777990884561767;16.70210735212728,10.387662511155286,2.4865164910063826;17.575883932032223,2.721593568127446,1.6479158532570475;1.2973598084027889,12.541582926626493,1.1930564938806265;5.325463640573792,3.699943652690364,0.9547411468291342;2.859297170747846,7.553503878133155,2.1925507706303717;10.533388546054491,10.175620803711702,0.4434834056225819;13.471363977912578,4.924285787991767,1.3272358809753264;3.1989281854844065,17.094804049625413,0.4405086223709195;3.721082089191997,8.881385548157215,0.35484045745388293;6.101545181256263,8.790137986408395,1.2639000034553933;14.737980355806986,8.782652679798053,1.0509056472900933;8.401310070704824,11.991886299150524,1.2062214485731173;17.06132291164363,16.261464942281574,1.3345172871816686;17.339109943706937,6.311506988921403,2.300624148151509;14.590277332334818,8.335859238449064,1.6499407138788138;5.222352165170459,5.2246686833336335,1.2953675730785918;4.241324229439376,12.456110153327092,0.3647650457406896;6.334813280978457,3.731836136358651,2.315285015721719;3.96199220928336,15.075728766947645,0.9109831433466773;13.470667831163155,10.03843225270554,1.3979717289653883;16.36473653509302,8.086891939973933,1.0265631417602112;9.356408901119345,2.787804101659744,0.20891529902825748;2.095021869582651,17.079045109775457,0.6495937887270954"
58,drone_1,11.573,10.296,13.942,14.674,"7.143965878414324,18.52253351862183,0.8394107337496143;6.637422351629716,5.81892506984119,0.6003018776062884;0.36590554591665037,16.596997027271488,0.20777990884561767;16.70210735212728,10.387662511155286,2.4865164910063826;17.575883932032223,2.721593568127446,1.6479158532570475;1.2973598084027889,12.541582926626493,1.1930564938806265;5.325463640573792,3.699943652690364,0.9547411468291342;2.859297170747846,7.553503878133155,2.1925507706303717;10.533388546054491,10.175620803711702,0.4434834056225819;13.471363977912578,4.924285787991767,1.3272358809753264;3.1989281854844065,17.094804049625413,0.4405086223709195;3.721082089191997,8.881385548157215,0.35484045745388293;6.101545181256263,8.790137986408395,1.2639000034553933;14.737980355806986,8.782652679798053,1.0509056472900933;8.401310070704824,11.991886299150524,1.2062214485731173;17.06132291164363,16.261464942281574,1.3345172871816686;17.339109943706937,6.311506988921403,2.300624148151509;14.590277332334818,8.335859238449064,1.6499407138788138;5.222352165170459,5.2246686833336335,1.2953675730785918;4.241324229439376,12.456110153327092,0.3647650457406896;6.334813280978457,3.731836136358651,2.315285015721719;3.96199220928336,15.075728766947645,0.9109831433466773;13.470667831163155,10.03843225270554,1.3979717289653883;16.36473653509302,8.086891939973933,1.0265631417602112;9.356408901119345,2.787804101659744,0.20891529902825748;2.095021869582651,17.079045109775457,0.6495937887270954"
58,drone_2,9.869,11.126,13.942,14.674,"7.143965878414324,18.52253351862183,0.8394107337496143;6.637422351629716,5.81892506984119,0.6003018776062884;0.36590554591665037,16.596997027271488,0.20777990884561767;16.70210735212728,10.387662511155286,2.4865164910063826;17.575883932032223,2.721593568127446,1.6479158532570475;1.2973598084027889,12.541582926626493,1.1930564938806265;5.325463640573792,3.699943652690364,0.9547411468291342;2.859297170747846,7.553503878133155,2.1925507706303717;10.533388546054491,10.175620803711702,0.4434834056225819;13.471363977912578,4.924285787991767,1.3272358809753264;3.1989281854844065,17.094804049625413,0.4405086223709195;3.721082089191997,8.881385548157215,0.35484045745388293;6.101545181256263,8.790137986408395,1.2639000034553933;14.737980355806986,8.782652679798053,1.0509056472900933;8.401310070704824,11.991886299150524,1.2062214485731173;17.06132291164363,16.261464942281574,1.3345172871816686;17.339109943706937,6.311506988921403,2.300624148151509;14.590277332334818,8.335859238449064,1.6499407138788138;5.222352165170459,5.2246686833336335,1.2953675730785918;4.241324229439376,12.456110153327092,0.3647650457406896;6.334813280978457,3.731836136358651,2.315285015721719;3.96199220928336,15.075728766947645,0.9109831433466773;13.470667831163155,10.03843225270554,1.3979717289653883;16.36473653509302,8.086891939973933,1.0265631417602112;9.356408901119345,2.787804101659744,0.20891529902825748;2.095021869582651,17.079045109775457,0.6495937887270954"
58,drone_3,12.494,11.947,13.942,14.674,"7.143965878414324,18.52253351862183,0.8394107337496143;6.637422351629716,5.81892506984119,0.6003018776062884;0.36590554591665037,16.596997027271488,0.20777990884561767;16.70210735212728,10.387662511155286,2.4865164910063826;17.575883932032223,2.721593568127446,1.6479158532570475;1.2973598084027889,12.541582926626493,1.1930564938806265;5.325463640573792,3.699943652690364,0.9547411468291342;2.859297170747846,7.553503878133155,2.1925507706303717;10.533388546054491,10.175620803711702,0.4434834056225819;13.471363977912578,4.924285787991767,1.3272358809753264;3.1989281854844065,17.094804049625413,0.4405086223709195;3.721082089191997,8.881385548157215,0.35484045745388293;6.101545181256263,8.790137986408395,1.2639000034553933;14.737980355806986,8.782652679798053,1.0509056472900933;8.401310070704824,11.991886299150524,1.2062214485731173;17.06132291164363,16.261464942281574,1.3345172871816686;17.339109943706937,6.311506988921403,2.300624148151509;14.590277332334818,8.335859238449064,1.6499407138788138;5.222352165170459,5.2246686833336335,1.2953675730785918;4.241324229439376,12.456110153327092,0.3647650457406896;6.334813280978457,3.731836136358651,2.315285015721719;3.96199220928336,15.075728766947645,0.9109831433466773;13.470667831163155,10.03843225270554,1.3979717289653883;16.36473653509302,8.086891939973933,1.0265631417602112;9.356408901119345,2.787804101659744,0.20891529902825748;2.095021869582651,17.079045109775457,0.6495937887270954"
58,drone_4,11.316,12.593,13.942,14.674,"7.143965878414324,18.52253351862183,0.8394107337496143;6.637422351629716,5.81892506984119,0.6003018776062884;0.36590554591665037,16.596997027271488,0.20777990884561767;16.70210735212728,10.387662511155286,2.4865164910063826;17.575883932032223,2.721593568127446,1.6479158532570475;1.2973598084027889,12.541582926626493,1.1930564938806265;5.325463640573792,3.699943652690364,0.9547411468291342;2.859297170747846,7.553503878133155,2.1925507706303717;10.533388546054491,10.175620803711702,0.4434834056225819;13.471363977912578,4.924285787991767,1.3272358809753264;3.1989281854844065,17.094804049625413,0.4405086223709195;3.721082089191997,8.881385548157215,0.35484045745388293;6.101545181256263,8.790137986408395,1.2639000034553933;14.737980355806986,8.782652679798053,1.0509056472900933;8.401310070704824,11.991886299150524,1.2062214485731173;17.06132291164363,16.261464942281574,1.3345172871816686;17.339109943706937,6.311506988921403,2.300624148151509;14.590277332334818,8.335859238449064,1.6499407138788138;5.222352165170459,5.2246686833336335,1.2953675730785918;4.241324229439376,12.456110153327092,0.3647650457406896;6.334813280978457,3.731836136358651,2.315285015721719;3.96199220928336,15.075728766947645,0.9109831433466773;13.470667831163155,10.03843225270554,1.3979717289653883;16.36473653509302,8.086891939973933,1.0265631417602112;9.356408901119345,2.787804101659744,0.20891529902825748;2.095021869582651,17.079045109775457,0.6495937887270954"
58,drone_6,13.612,13.278,13.942,14.674,"7.143965878414324,18.52253351862183,0.8394107337496143;6.637422351629716,5.81892506984119,0.6003018776062884;0.36590554591665037,16.596997027271488,0.20777990884561767;16.70210735212728,10.387662511155286,2.4865164910063826;17.575883932032223,2.721593568127446,1.6479158532570475;1.2973598084027889,12.541582926626493,1.1930564938806265;5.325463640573792,3.699943652690364,0.9547411468291342;2.859297170747846,7.553503878133155,2.1925507706303717;10.533388546054491,10.175620803711702,0.4434834056225819;13.471363977912578,4.924285787991767,1.3272358809753264;3.1989281854844065,17.094804049625413,0.4405086223709195;3.721082089191997,8.881385548157215,0.35484045745388293;6.101545181256263,8.790137986408395,1.2639000034553933;14.737980355806986,8.782652679798053,1.0509056472900933;8.401310070704824,11.991886299150524,1.2062214485731173;17.06132291164363,16.261464942281574,1.3345172871816686;17.339109943706937,6.311506988921403,2.300624148151509;14.590277332334818,8.335859238449064,1.6499407138788138;5.222352165170459,5.2246686833336335,1.2953675730785918;4.241324229439376,12.456110153327092,0.3647650457406896;6.334813280978457,3.731836136358651,2.315285015721719;3.96199220928336,15.075728766947645,0.9109831433466773;13.470667831163155,10.03843225270554,1.3979717289653883;16.36473653509302,8.086891939973933,1.0265631417602112;9.356408901119345,2.787804101659744,0.20891529902825748;2.095021869582651,17.079045109775457,0.6495937887270954"
58,drone_7,10.882,9.377,13.942,14.674,"7.143965878414324,18.52253351862183,0.8394107337496143;6.637422351629716,5.81892506984119,0.6003018776062884;0.36590554591665037,16.596997027271488,0.20777990884561767;16.70210735212728,10.387662511155286,2.4865164910063826;17.575883932032223,2.721593568127446,1.6479158532570475;1.2973598084027889,12.541582926626493,1.1930564938806265;5.325463640573792,3.699943652690364,0.9547411468291342;2.859297170747846,7.553503878133155,2.1925507706303717;10.533388546054491,10.175620803711702,0.4434834056225819;13.471363977912578,4.924285787991767,1.3272358809753264;3.1989281854844065,17.094804049625413,0.4405086223709195;3.721082089191997,8.881385548157215,0.35484045745388293;6.101545181256263,8.790137986408395,1.2639000034553933;14.737980355806986,8.782652679798053,1.0509056472900933;8.401310070704824,11.991886299150524,1.2062214485731173;17.06132291164363,16.261464942281574,1.3345172871816686;17.339109943706937,6.311506988921403,2.300624148151509;14.590277332334818,8.335859238449064,1.6499407138788138;5.222352165170459,5.2246686833336335,1.2953675730785918;4.241324229439376,12.456110153327092,0.3647650457406896;6.334813280978457,3.731836136358651,2.315285015721719;3.96199220928336,15.075728766947645,0.9109831433466773;13.470667831163155,10.03843225270554,1.3979717289653883;16.36473653509302,8.086891939973933,1.0265631417602112;9.356408901119345,2.787804101659744,0.20891529902825748;2.095021869582651,17.079045109775457,0.6495937887270954"
58,drone_8,11.435,10.971,13.942,14.674,"7.143965878414324,18.52253351862183,0.8394107337496143;6.637422351629716,5.81892506984119,0.6003018776062884;0.36590554591665037,16.596997027271488,0.20777990884561767;16.70210735212728,10.387662511155286,2.4865164910063826;17.575883932032223,2.721593568127446,1.6479158532570475;1.2973598084027889,12.541582926626493,1.1930564938806265;5.325463640573792,3.699943652690364,0.9547411468291342;2.859297170747846,7.553503878133155,2.1925507706303717;10.533388546054491,10.175620803711702,0.4434834056225819;13.471363977912578,4.924285787991767,1.3272358809753264;3.1989281854844065,17.094804049625413,0.4405086223709195;3.721082089191997,8.881385548157215,0.35484045745388293;6.101545181256263,8.790137986408395,1.2639000034553933;14.737980355806986,8.782652679798053,1.0509056472900933;8.401310070704824,11.991886299150524,1.2062214485731173;17.06132291164363,16.261464942281574,1.3345172871816686;17.339109943706937,6.311506988921403,2.300624148151509;14.590277332334818,8.335859238449064,1.6499407138788138;5.222352165170459,5.2246686833336335,1.2953675730785918;4.241324229439376,12.456110153327092,0.3647650457406896;6.334813280978457,3.731836136358651,2.315285015721719;3.96199220928336,15.075728766947645,0.9109831433466773;13.470667831163155,10.03843225270554,1.3979717289653883;16.36473653509302,8.086891939973933,1.0265631417602112;9.356408901119345,2.787804101659744,0.20891529902825748;2.095021869582651,17.079045109775457,0.6495937887270954"
58,drone_9,12.558,12.789,13.942,14.674,"7.143965878414324,18.52253351862183,0.8394107337496143;6.637422351629716,5.81892506984119,0.6003018776062884;0.36590554591665037,16.596997027271488,0.20777990884561767;16.70210735212728,10.387662511155286,2.4865164910063826;17.575883932032223,2.721593568127446,1.6479158532570475;1.2973598084027889,12.541582926626493,1.1930564938806265;5.325463640573792,3.699943652690364,0.9547411468291342;2.859297170747846,7.553503878133155,2.1925507706303717;10.533388546054491,10.175620803711702,0.4434834056225819;13.471363977912578,4.924285787991767,1.3272358809753264;3.1989281854844065,17.094804049625413,0.4405086223709195;3.721082089191997,8.881385548157215,0.35484045745388293;6.101545181256263,8.790137986408395,1.2639000034553933;14.737980355806986,8.782652679798053,1.0509056472900933;8.401310070704824,11.991886299150524,1.2062214485731173;17.06132291164363,16.261464942281574,1.3345172871816686;17.339109943706937,6.311506988921403,2.300624148151509;14.590277332334818,8.335859238449064,1.6499407138788138;5.222352165170459,5.2246686833336335,1.2953675730785918;4.241324229439376,12.456110153327092,0.3647650457406896;6.334813280978457,3.731836136358651,2.315285015721719;3.96199220928336,15.075728766947645,0.9109831433466773;13.470667831163155,10.03843225270554,1.3979717289653883;16.36473653509302,8.086891939973933,1.0265631417602112;9.356408901119345,2.787804101659744,0.20891529902825748;2.095021869582651,17.079045109775457,0.6495937887270954"
59,drone_1,11.649,10.451,13.942,14.674,"7.143965878414324,18.52253351862183,0.8394107337496143;6.637422351629716,5.81892506984119,0.6003018776062884;0.36590554591665037,16.596997027271488,0.20777990884561767;16.70210735212728,10.387662511155286,2.4865164910063826;17.575883932032223,2.721593568127446,1.6479158532570475;1.2973598084027889,12.541582926626493,1.1930564938806265;5.325463640573792,3.699943652690364,0.9547411468291342;2.859297170747846,7.553503878133155,2.1925507706303717;10.533388546054491,10.175620803711702,0.4434834056225819;13.471363977912578,4.924285787991767,1.3272358809753264;3.1989281854844065,17.094804049625413,0.4405086223709195;3.721082089191997,8.881385548157215,0.35484045745388293;6.101545181256263,8.790137986408395,1.2639000034553933;14.737980355806986,8.782652679798053,1.0509056472900933;8.401310070704824,11.991886299150524,1.2062214485731173;17.06132291164363,16.261464942281574,1.3345172871816686;17.339109943706937,6.311506988921403,2.300624148151509;14.590277332334818,8.335859238449064,1.6499407138788138;5.222352165170459,5.2246686833336335,1.2953675730785918;4.241324229439376,12.456110153327092,0.3647650457406896;6.334813280978457,3.731836136358651,2.315285015721719;3.96199220928336,15.075728766947645,0.9109831433466773;13.470667831163155,10.03843225270554,1.3979717289653883;16.36473653509302,8.086891939973933,1.0265631417602112;9.356408901119345,2.787804101659744,0.20891529902825748;2.095021869582651,17.079045109775457,0.6495937887270954"
59,drone_2,10.000,11.277,13.942,14.674,"7.143965878414324,18.52253351862183,0.8394107337496143;6.637422351629716,5.81892506984119,0.6003018776062884;0.36590554591665037,16.596997027271488,0.20777990884561767;16.70210735212728,10.387662511155286,2.4865164910063826;17.575883932032223,2.721593568127446,1.6479158532570475;1.2973598084027889,12.541582926626493,1.1930564938806265;5.325463640573792,3.699943652690364,0.9547411468291342;2.859297170747846,7.553503878133155,2.1925507706303717;10.533388546054491,10.175620803711702,0.4434834056225819;13.471363977912578,4.924285787991767,1.3272358809753264;3.1989281854844065,17.094804049625413,0.4405086223709195;3.721082089191997,8.881385548157215,0.35484045745388293;6.101545181256263,8.790137986408395,1.2639000034553933;14.737980355806986,8.782652679798053,1.0509056472900933;8.401310070704824,11.991886299150524,1.2062214485731173;17.06132291164363,16.261464942281574,1.3345172871816686;17.339109943706937,6.311506988921403,2.300624148151509;14.590277332334818,8.335859238449064,1.6499407138788138;5.222352165170459,5.2246686833336335,1.2953675730785918;4.241324229439376,12.456110153327092,0.3647650457406896;6.334813280978457,3.731836136358651,2.315285015721719;3.96199220928336,15.075728766947645,0.9109831433466773;13.470667831163155,10.03843225270554,1.3979717289653883;16.36473653509302,8.086891939973933,1.0265631417602112;9.356408901119345,2.787804101659744,0.20891529902825748;2.095021869582651,17.079045109775457,0.6495937887270954"
59,drone_3,12.616,12.069,13.942,14.674,"7.143965878414324,18.52253351862183,0.8394107337496143;6.637422351629716,5.81892506984119,0.6003018776062884;0.36590554591665037,16.596997027271488,0.20777990884561767;16.70210735212728,10.387662511155286,2.4865164910063826;17.575883932032223,2.721593568127446,1.6479158532570475;1.2973598084027889,12.541582926626493,1.1930564938806265;5.325463640573792,3.699943652690364,0.9547411468291342;2.859297170747846,7.553503878133155,2.1925507706303717;10.533388546054491,10.175620803711702,0.4434834056225819;13.471363977912578,4.924285787991767,1.3272358809753264;3.1989281854844065,17.094804049625413,0.4405086223709195;3.721082089191997,8.881385548157215,0.35484045745388293;6.101545181256263,8.790137986408395,1.2639000034553933;14.737980355806986,8.782652679798053,1.0509056472900933;8.401310070704824,11.991886299150524,1.2062214485731173;17.06132291164363,16.261464942281574,1.3345172871816686;17.339109943706937,6.311506988921403,2.300624148151509;14.590277332334818,8.335859238449064,1.6499407138788138;5.222352165170459,5.2246686833336335,1.2953675730785918;4.241324229439376,12.456110153327092,0.3647650457406896;6.334813280978457,3.731836136358651,2.315285015721719;3.96199220928336,15.075728766947645,0.9109831433466773;13.470667831163155,10.03843225270554,1.3979717289653883;16.36473653509302,8.086891939973933,1.0265631417602112;9.356408901119345,2.787804101659744,0.20891529902825748;2.095021869582651,17.079045109775457,0.6495937887270954"
59,drone_4,11.457,12.734,13.942,14.674,"7.143965878414324,18.52253351862183,0.8394107337496143;6.637422351629716,5.81892506984119,0.6003018776062884;0.36590554591665037,16.596997027271488,0.20777990884561767;16.70210735212728,10.387662511155286,2.4865164910063826;17.575883932032223,2.721593568127446,1.6479158532570475;1.2973598084027889,12.541582926626493,1.1930564938806265;5.325463640573792,3.699943652690364,0.9547411468291342;2.859297170747846,7.553503878133155,2.1925507706303717;10.533388546054491,10.175620803711702,0.4434834056225819;13.471363977912578,4.924285787991767,1.3272358809753264;3.1989281854844065,17.094804049625413,0.4405086223709195;3.721082089191997,8.881385548157215,0.35484045745388293;6.101545181256263,8.790137986408395,1.2639000034553933;14.737980355806986,8.782652679798053,1.0509056472900933;8.401310070704824,11.991886299150524,1.2062214485731173;17.06132291164363,16.261464942281574,1.3345172871816686;17.339109943706937,6.311506988921403,2.300624148151509;14.590277332334818,8.335859238449064,1.6499407138788138;5.222352165170459,5.2246686833336335,1.2953675730785918;4.241324229439376,12.456110153327092,0.3647650457406896;6.334813280978457,3.731836136358651,2.315285015721719;3.96199220928336,15.075728766947645,0.9109831433466773;13.470667831163155,10.03843225270554,1.3979717289653883;16.36473653509302,8.086891939973933,1.0265631417602112;9.356408901119345,2.787804101659744,0.20891529902825748;2.095021869582651,17.079045109775457,0.6495937887270954"
59,drone_6,13.753,13.419,13.942,14.674,"7.143965878414324,18.52253351862183,0.8394107337496143;6.637422351629716,5.81892506984119,0.6003018776062884;0.36590554591665037,16.596997027271488,0.20777990884561767;16.70210735212728,10.387662511155286,2.4865164910063826;17.575883932032223,2.721593568127446,1.6479158532570475;1.2973598084027889,12.541582926626493,1.1930564938806265;5.325463640573792,3.699943652690364,0.9547411468291342;2.859297170747846,7.553503878133155,2.1925507706303717;10.533388546054491,10.175620803711702,0.4434834056225819;13.471363977912578,4.924285787991767,1.3272358809753264;3.1989281854844065,17.094804049625413,0.4405086223709195;3.721082089191997,8.881385548157215,0.35484045745388293;6.101545181256263,8.790137986408395,1.2639000034553933;14.737980355806986,8.782652679798053,1.0509056472900933;8.401310070704824,11.991886299150524,1.2062214485731173;17.06132291164363,16.261464942281574,1.3345172871816686;17.339109943706937,6.311506988921403,2.300624148151509;14.590277332334818,8.335859238449064,1.6499407138788138;5.222352165170459,5.2246686833336335,1.2953675730785918;4.241324229439376,12.456110153327092,0.3647650457406896;6.334813280978457,3.731836136358651,2.315285015721719;3.96199220928336,15.075728766947645,0.9109831433466773;13.470667831163155,10.03843225270554,1.3979717289653883;16.36473653509302,8.086891939973933,1.0265631417602112;9.356408901119345,2.787804101659744,0.20891529902825748;2.095021869582651,17.079045109775457,0.6495937887270954"
59,drone_7,10.938,9.471,13.942,14.674,"7.143965878414324,18.52253351862183,0.8394107337496143;6.637422351629716,5.81892506984119,0.6003018776062884;0.36590554591665037,16.596997027271488,0.20777990884561767;16.70210735212728,10.387662511155286,2.4865164910063826;17.575883932032223,2.721593568127446,1.6479158532570475;1.2973598084027889,12.541582926626493,1.1930564938806265;5.325463640573792,3.699943652690364,0.9547411468291342;2.859297170747846,7.553503878133155,2.1925507706303717;10.533388546054491,10.175620803711702,0.4434834056225819;13.471363977912578,4.924285787991767,1.3272358809753264;3.1989281854844065,17.094804049625413,0.4405086223709195;3.721082089191997,8.881385548157215,0.35484045745388293;6.101545181256263,8.790137986408395,1.2639000034553933;14.737980355806986,8.782652679798053,1.0509056472900933;8.401310070704824,11.991886299150524,1.2062214485731173;17.06132291164363,16.261464942281574,1.3345172871816686;17.339109943706937,6.311506988921403,2.300624148151509;14.590277332334818,8.335859238449064,1.6499407138788138;5.222352165170459,5.2246686833336335,1.2953675730785918;4.241324229439376,12.456110153327092,0.3647650457406896;6.334813280978457,3.731836136358651,2.315285015721719;3.96199220928336,15.075728766947645,0.9109831433466773;13.470667831163155,10.03843225270554,1.3979717289653883;16.36473653509302,8.086891939973933,1.0265631417602112;9.356408901119345,2.787804101659744,0.20891529902825748;2.095021869582651,17.079045109775457,0.6495937887270954"
59,drone_8,11.535,11.111,13.942,14.674,"7.143965878414324,18.52253351862183,0.8394107337496143;6.637422351629716,5.81892506984119,0.6003018776062884;0.36590554591665037,16.596997027271488,0.20777990884561767;16.70210735212728,10.387662511155286,2.4865164910063826;17.575883932032223,2.721593568127446,1.6479158532570475;1.2973598084027889,12.541582926626493,1.1930564938806265;5.325463640573792,3.699943652690364,0.9547411468291342;2.859297170747846,7.553503878133155,2.1925507706303717;10.533388546054491,10.175620803711702,0.4434834056225819;13.471363977912578,4.924285787991767,1.3272358809753264;3.1989281854844065,17.094804049625413,0.4405086223709195;3.721082089191997,8.881385548157215,0.35484045745388293;6.101545181256263,8.790137986408395,1.2639000034553933;14.737980355806986,8.782652679798053,1.0509056472900933;8.401310070704824,11.991886299150524,1.2062214485731173;17.06132291164363,16.261464942281574,1.3345172871816686;17.339109943706937,6.311506988921403,2.300624148151509;14.590277332334818,8.335859238449064,1.6499407138788138;5.222352165170459,5.2246686833336335,1.2953675730785918;4.241324229439376,12.456110153327092,0.3647650457406896;6.334813280978457,3.731836136358651,2.315285015721719;3.96199220928336,15.075728766947645,0.9109831433466773;13.470667831163155,10.03843225270554,1.3979717289653883;16.36473653509302,8.086891939973933,1.0265631417602112;9.356408901119345,2.787804101659744,0.20891529902825748;2.095021869582651,17.079045109775457,0.6495937887270954"
59,drone_9,12.679,12.911,13.942,14.674,"7.143965878414324,18.52253351862183,0.8394107337496143;6.637422351629716,5.81892506984119,0.6003018776062884;0.36590554591665037,16.596997027271488,0.20777990884561767;16.70210735212728,10.387662511155286,2.4865164910063826;17.575883932032223,2.721593568127446,1.6479158532570475;1.2973598084027889,12.541582926626493,1.1930564938806265;5.325463640573792,3.699943652690364,0.9547411468291342;2.859297170747846,7.553503878133155,2.1925507706303717;10.533388546054491,10.175620803711702,0.4434834056225819;13.471363977912578,4.924285787991767,1.3272358809753264;3.1989281854844065,17.094804049625413,0.4405086223709195;3.721082089191997,8.881385548157215,0.35484045745388293;6.101545181256263,8.790137986408395,1.2639000034553933;14.737980355806986,8.782652679798053,1.0509056472900933;8.401310070704824,11.991886299150524,1.2062214485731173;17.06132291164363,16.261464942281574,1.3345172871816686;17.339109943706937,6.311506988921403,2.300624148151509;14.590277332334818,8.335859238449064,1.6499407138788138;5.222352165170459,5.2246686833336335,1.2953675730785918;4.241324229439376,12.456110153327092,0.3647650457406896;6.334813280978457,3.731836136358651,2.315285015721719;3.96199220928336,15.075728766947645,0.9109831433466773;13.470667831163155,10.03843225270554,1.3979717289653883;16.36473653509302,8.086891939973933,1.0265631417602112;9.356408901119345,2.787804101659744,0.20891529902825748;2.095021869582651,17.079045109775457,0.6495937887270954"
60,drone_1,11.632,10.622,13.942,14.674,"7.143965878414324,18.52253351862183,0.8394107337496143;6.637422351629716,5.81892506984119,0.6003018776062884;0.36590554591665037,16.596997027271488,0.20777990884561767;16.70210735212728,10.387662511155286,2.4865164910063826;17.575883932032223,2.721593568127446,1.6479158532570475;1.2973598084027889,12.541582926626493,1.1930564938806265;5.325463640573792,3.699943652690364,0.9547411468291342;2.859297170747846,7.553503878133155,2.1925507706303717;10.533388546054491,10.175620803711702,0.4434834056225819;13.471363977912578,4.924285787991767,1.3272358809753264;3.1989281854844065,17.094804049625413,0.4405086223709195;3.721082089191997,8.881385548157215,0.35484045745388293;6.101545181256263,8.790137986408395,1.2639000034553933;14.737980355806986,8.782652679798053,1.0509056472900933;8.401310070704824,11.991886299150524,1.2062214485731173;17.06132291164363,16.261464942281574,1.3345172871816686;17.339109943706937,6.311506988921403,2.300624148151509;14.590277332334818,8.335859238449064,1.6499407138788138;5.222352165170459,5.2246686833336335,1.2953675730785918;4.241324229439376,12.456110153327092,0.3647650457406896;6.334813280978457,3.731836136358651,2.315285015721719;3.96199220928336,15.075728766947645,0.9109831433466773;13.470667831163155,10.03843225270554,1.3979717289653883;16.36473653509302,8.086891939973933,1.0265631417602112;9.356408901119345,2.787804101659744,0.20891529902825748;2.095021869582651,17.079045109775457,0.6495937887270954"
60,drone_2,10.135,11.424,13.942,14.674,"7.143965878414324,18.52253351862183,0.8394107337496143;6.637422351629716,5.81892506984119,0.6003018776062884;0.36590554591665037,16.596997027271488,0.20777990884561767;16.70210735212728,10.387662511155286,2.4865164910063826;17.575883932032223,2.721593568127446,1.6479158532570475;1.2973598084027889,12.541582926626493,1.1930564938806265;5.325463640573792,3.699943652690364,0.9547411468291342;2.859297170747846,7.553503878133155,2.1925507706303717;10.533388546054491,10.175620803711702,0.4434834056225819;13.471363977912578,4.924285787991767,1.3272358809753264;3.1989281854844065,17.094804049625413,0.4405086223709195;3.721082089191997,8.881385548157215,0.35484045745388293;6.101545181256263,8.790137986408395,1.2639000034553933;14.737980355806986,8.782652679798053,1.0509056472900933;8.401310070704824,11.991886299150524,1.2062214485731173;17.06132291164363,16.261464942281574,1.3345172871816686;17.339109943706937,6.311506988921403,2.300624148151509;14.590277332334818,8.335859238449064,1.6499407138788138;5.222352165170459,5.2246686833336335,1.2953675730785918;4.241324229439376,12.456110153327092,0.3647650457406896;6.334813280978457,3.731836136358651,2.315285015721719;3.96199220928336,15.075728766947645,0.9109831433466773;13.470667831163155,10.03843225270554,1.3979717289653883;16.36473653509302,8.086891939973933,1.0265631417602112;9.356408901119345,2.787804101659744,0.20891529902825748;2.095021869582651,17.079045109775457,0.6495937887270954"
60,drone_3,12.737,12.191,13.942,14.674,"7.143965878414324,18.52253351862183,0.8394107337496143;6.637422351629716,5.81892506984119,0.6003018776062884;0.36590554591665037,16.596997027271488,0.20777990884561767;16.70210735212728,10.387662511155286,2.4865164910063826;17.575883932032223,2.721593568127446,1.6479158532570475;1.2973598084027889,12.541582926626493,1.1930564938806265;5.325463640573792,3.699943652690364,0.9547411468291342;2.859297170747846,7.553503878133155,2.1925507706303717;10.533388546054491,10.175620803711702,0.4434834056225819;13.471363977912578,4.924285787991767,1.3272358809753264;3.1989281854844065,17.094804049625413,0.4405086223709195;3.721082089191997,8.881385548157215,0.35484045745388293;6.101545181256263,8.790137986408395,1.2639000034553933;14.737980355806986,8.782652679798053,1.0509056472900933;8.401310070704824,11.991886299150524,1.2062214485731173;17.06132291164363,16.261464942281574,1.3345172871816686;17.339109943706937,6.311506988921403,2.300624148151509;14.590277332334818,8.335859238449064,1.6499407138788138;5.222352165170459,5.2246686833336335,1.2953675730785918;4.241324229439376,12.456110153327092,0.3647650457406896;6.334813280978457,3.731836136358651,2.315285015721719;3.96199220928336,15.075728766947645,0.9109831433466773;13.470667831163155,10.03843225270554,1.3979717289653883;16.36473653509302,8.086891939973933,1.0265631417602112;9.356408901119345,2.787804101659744,0.20891529902825748;2.095021869582651,17.079045109775457,0.6495937887270954"
60,drone_4,11.598,12.876,13.942,14.674,"7.143965878414324,18.52253351862183,0.8394107337496143;6.637422351629716,5.81892506984119,0.6003018776062884;0.36590554591665037,16.596997027271488,0.20777990884561767;16.70210735212728,10.387662511155286,2.4865164910063826;17.575883932032223,2.721593568127446,1.6479158532570475;1.2973598084027889,12.541582926626493,1.1930564938806265;5.325463640573792,3.699943652690364,0.9547411468291342;2.859297170747846,7.553503878133155,2.1925507706303717;10.533388546054491,10.175620803711702,0.4434834056225819;13.471363977912578,4.924285787991767,1.3272358809753264;3.1989281854844065,17.094804049625413,0.4405086223709195;3.721082089191997,8.881385548157215,0.35484045745388293;6.101545181256263,8.790137986408395,1.2639000034553933;14.737980355806986,8.782652679798053,1.0509056472900933;8.401310070704824,11.991886299150524,1.2062214485731173;17.06132291164363,16.261464942281574,1.3345172871816686;17.339109943706937,6.311506988921403,2.300624148151509;14.590277332334818,8.335859238449064,1.6499407138788138;5.222352165170459,5.2246686833336335,1.2953675730785918;4.241324229439376,12.456110153327092,0.3647650457406896;6.334813280978457,3.731836136358651,2.315285015721719;3.96199220928336,15.075728766947645,0.9109831433466773;13.470667831163155,10.03843225270554,1.3979717289653883;16.36473653509302,8.086891939973933,1.0265631417602112;9.356408901119345,2.787804101659744,0.20891529902825748;2.095021869582651,17.079045109775457,0.6495937887270954"
60,drone_6,13.895,13.560,13.942,14.674,"7.143965878414324,18.52253351862183,0.8394107337496143;6.637422351629716,5.81892506984119,0.6003018776062884;0.36590554591665037,16.596997027271488,0.20777990884561767;16.70210735212728,10.387662511155286,2.4865164910063826;17.575883932032223,2.721593568127446,1.6479158532570475;1.2973598084027889,12.541582926626493,1.1930564938806265;5.325463640573792,3.699943652690364,0.9547411468291342;2.859297170747846,7.553503878133155,2.1925507706303717;10.533388546054491,10.175620803711702,0.4434834056225819;13.471363977912578,4.924285787991767,1.3272358809753264;3.1989281854844065,17.094804049625413,0.4405086223709195;3.721082089191997,8.881385548157215,0.35484045745388293;6.101545181256263,8.790137986408395,1.2639000034553933;14.737980355806986,8.782652679798053,1.0509056472900933;8.401310070704824,11.991886299150524,1.2062214485731173;17.06132291164363,16.261464942281574,1.3345172871816686;17.339109943706937,6.311506988921403,2.300624148151509;14.590277332334818,8.335859238449064,1.6499407138788138;5.222352165170459,5.2246686833336335,1.2953675730785918;4.241324229439376,12.456110153327092,0.3647650457406896;6.334813280978457,3.731836136358651,2.315285015721719;3.96199220928336,15.075728766947645,0.9109831433466773;13.470667831163155,10.03843225270554,1.3979717289653883;16.36473653509302,8.086891939973933,1.0265631417602112;9.356408901119345,2.787804101659744,0.20891529902825748;2.095021869582651,17.079045109775457,0.6495937887270954"
60,drone_7,11.094,9.465,13.942,14.674,"7.143965878414324,18.52253351862183,0.8394107337496143;6.637422351629716,5.81892506984119,0.6003018776062884;0.36590554591665037,16.596997027271488,0.20777990884561767;16.70210735212728,10.387662511155286,2.4865164910063826;17.575883932032223,2.721593568127446,1.6479158532570475;1.2973598084027889,12.541582926626493,1.1930564938806265;5.325463640573792,3.699943652690364,0.9547411468291342;2.859297170747846,7.553503878133155,2.1925507706303717;10.533388546054491,10.175620803711702,0.4434834056225819;13.471363977912578,4.924285787991767,1.3272358809753264;3.1989281854844065,17.094804049625413,0.4405086223709195;3.721082089191997,8.881385548157215,0.35484045745388293;6.101545181256263,8.790137986408395,1.2639000034553933;14.737980355806986,8.782652679798053,1.0509056472900933;8.401310070704824,11.991886299150524,1.2062214485731173;17.06132291164363,16.261464942281574,1.3345172871816686;17.339109943706937,6.311506988921403,2.300624148151509;14.590277332334818,8.335859238449064,1.6499407138788138;5.222352165170459,5.2246686833336335,1.2953675730785918;4.241324229439376,12.456110153327092,0.3647650457406896;6.334813280978457,3.731836136358651,2.315285015721719;3.96199220928336,15.075728766947645,0.9109831433466773;13.470667831163155,10.03843225270554,1.3979717289653883;16.36473653509302,8.086891939973933,1.0265631417602112;9.356408901119345,2.787804101659744,0.20891529902825748;2.095021869582651,17.079045109775457,0.6495937887270954"
60,drone_8,11.646,11.243,13.942,14.674,"7.143965878414324,18.52253351862183,0.8394107337496143;6.637422351629716,5.81892506984119,0.6003018776062884;0.36590554591665037,16.596997027271488,0.20777990884561767;16.70210735212728,10.387662511155286,2.4865164910063826;17.575883932032223,2.721593568127446,1.6479158532570475;1.2973598084027889,12.541582926626493,1.1930564938806265;5.325463640573792,3.699943652690364,0.9547411468291342;2.859297170747846,7.553503878133155,2.1925507706303717;10.533388546054491,10.175620803711702,0.4434834056225819;13.471363977912578,4.924285787991767,1.3272358809753264;3.1989281854844065,17.094804049625413,0.4405086223709195;3.721082089191997,8.881385548157215,0.35484045745388293;6.101545181256263,8.790137986408395,1.2639000034553933;14.737980355806986,8.782652679798053,1.0509056472900933;8.401310070704824,11.991886299150524,1.2062214485731173;17.06132291164363,16.261464942281574,1.3345172871816686;17.339109943706937,6.311506988921403,2.300624148151509;14.590277332334818,8.335859238449064,1.6499407138788138;5.222352165170459,5.2246686833336335,1.2953675730785918;4.241324229439376,12.456110153327092,0.3647650457406896;6.334813280978457,3.731836136358651,2.315285015721719;3.96199220928336,15.075728766947645,0.9109831433466773;13.470667831163155,10.03843225270554,1.3979717289653883;16.36473653509302,8.086891939973933,1.0265631417602112;9.356408901119345,2.787804101659744,0.20891529902825748;2.095021869582651,17.079045109775457,0.6495937887270954"
60,drone_9,12.801,13.033,13.942,14.674,"7.143965878414324,18.52253351862183,0.8394107337496143;6.637422351629716,5.81892506984119,0.6003018776062884;0.36590554591665037,16.596997027271488,0.20777990884561767;16.70210735212728,10.387662511155286,2.4865164910063826;17.575883932032223,2.721593568127446,1.6479158532570475;1.2973598084027889,12.541582926626493,1.1930564938806265;5.325463640573792,3.699943652690364,0.9547411468291342;2.859297170747846,7.553503878133155,2.1925507706303717;10.533388546054491,10.175620803711702,0.4434834056225819;13.471363977912578,4.924285787991767,1.3272358809753264;3.1989281854844065,17.094804049625413,0.4405086223709195;3.721082089191997,8.881385548157215,0.35484045745388293;6.101545181256263,8.790137986408395,1.2639000034553933;14.737980355806986,8.782652679798053,1.0509056472900933;8.401310070704824,11.991886299150524,1.2062214485731173;17.06132291164363,16.261464942281574,1.3345172871816686;17.339109943706937,6.311506988921403,2.300624148151509;14.590277332334818,8.335859238449064,1.6499407138788138;5.222352165170459,5.2246686833336335,1.2953675730785918;4.241324229439376,12.456110153327092,0.3647650457406896;6.334813280978457,3.731836136358651,2.315285015721719;3.96199220928336,15.075728766947645,0.9109831433466773;13.470667831163155,10.03843225270554,1.3979717289653883;16.36473653509302,8.086891939973933,1.0265631417602112;9.356408901119345,2.787804101659744,0.20891529902825748;2.095021869582651,17.079045109775457,0.6495937887270954"
61,drone_1,11.683,10.786,13.942,14.674,"7.143965878414324,18.52253351862183,0.8394107337496143;6.637422351629716,5.81892506984119,0.6003018776062884;0.36590554591665037,16.596997027271488,0.20777990884561767;16.70210735212728,10.387662511155286,2.4865164910063826;17.575883932032223,2.721593568127446,1.6479158532570475;1.2973598084027889,12.541582926626493,1.1930564938806265;5.325463640573792,3.699943652690364,0.9547411468291342;2.859297170747846,7.553503878133155,2.1925507706303717;10.533388546054491,10.175620803711702,0.4434834056225819;13.471363977912578,4.924285787991767,1.3272358809753264;3.1989281854844065,17.094804049625413,0.4405086223709195;3.721082089191997,8.881385548157215,0.35484045745388293;6.101545181256263,8.790137986408395,1.2639000034553933;14.737980355806986,8.782652679798053,1.0509056472900933;8.401310070704824,11.991886299150524,1.2062214485731173;17.06132291164363,16.261464942281574,1.3345172871816686;17.339109943706937,6.311506988921403,2.300624148151509;14.590277332334818,8.335859238449064,1.6499407138788138;5.222352165170459,5.2246686833336335,1.2953675730785918;4.241324229439376,12.456110153327092,0.3647650457406896;6.334813280978457,3.731836136358651,2.315285015721719;3.96199220928336,15.075728766947645,0.9109831433466773;13.470667831163155,10.03843225270554,1.3979717289653883;16.36473653509302,8.086891939973933,1.0265631417602112;9.356408901119345,2.787804101659744,0.20891529902825748;2.095021869582651,17.079045109775457,0.6495937887270954"
61,drone_2,10.273,11.569,13.942,14.674,"7.143965878414324,18.52253351862183,0.8394107337496143;6.637422351629716,5.81892506984119,0.6003018776062884;0.36590554591665037,16.596997027271488,0.20777990884561767;16.70210735212728,10.387662511155286,2.4865164910063826;17.575883932032223,2.721593568127446,1.6479158532570475;1.2973598084027889,12.541582926626493,1.1930564938806265;5.325463640573792,3.699943652690364,0.9547411468291342;2.859297170747846,7.553503878133155,2.1925507706303717;10.533388546054491,10.175620803711702,0.4434834056225819;13.471363977912578,4.924285787991767,1.3272358809753264;3.1989281854844065,17.094804049625413,0.4405086223709195;3.721082089191997,8.881385548157215,0.35484045745388293;6.101545181256263,8.790137986408395,1.2639000034553933;14.737980355806986,8.782652679798053,1.0509056472900933;8.401310070704824,11.991886299150524,1.2062214485731173;17.06132291164363,16.261464942281574,1.3345172871816686;17.339109943706937,6.311506988921403,2.300624148151509;14.590277332334818,8.335859238449064,1.6499407138788138;5.222352165170459,5.2246686833336335,1.2953675730785918;4.241324229439376,12.456110153327092,0.3647650457406896;6.334813280978457,3.731836136358651,2.315285015721719;3.96199220928336,15.075728766947645,0.9109831433466773;13.470667831163155,10.03843225270554,1.3979717289653883;16.36473653509302,8.086891939973933,1.0265631417602112;9.356408901119345,2.787804101659744,0.20891529902825748;2.095021869582651,17.079045109775457,0.6495937887270954"
61,drone_3,12.859,12.312,13.942,14.674,"7.143965878414324,18.52253351862183,0.8394107337496143;6.637422351629716,5.81892506984119,0.6003018776062884;0.36590554591665037,16.596997027271488,0.20777990884561767;16.70210735212728,10.387662511155286,2.4865164910063826;17.575883932032223,2.721593568127446,1.6479158532570475;1.2973598084027889,12.541582926626493,1.1930564938806265;5.325463640573792,3.699943652690364,0.9547411468291342;2.859297170747846,7.553503878133155,2.1925507706303717;10.533388546054491,10.175620803711702,0.4434834056225819;13.471363977912578,4.924285787991767,1.3272358809753264;3.1989281854844065,17.094804049625413,0.4405086223709195;3.721082089191997,8.881385548157215,0.35484045745388293;6.101545181256263,8.790137986408395,1.2639000034553933;14.737980355806986,8.782652679798053,1.0509056472900933;8.401310070704824,11.991886299150524,1.2062214485731173;17.06132291164363,16.261464942281574,1.3345172871816686;17.339109943706937,6.311506988921403,2.300624148151509;14.590277332334818,8.335859238449064,1.6499407138788138;5.222352165170459,5.2246686833336335,1.2953675730785918;4.241324229439376,12.456110153327092,0.3647650457406896;6.334813280978457,3.731836136358651,2.315285015721719;3.96199220928336,15.075728766947645,0.9109831433466773;13.470667831163155,10.03843225270554,1.3979717289653883;16.36473653509302,8.086891939973933,1.0265631417602112;9.356408901119345,2.787804101659744,0.20891529902825748;2.095021869582651,17.079045109775457,0.6495937887270954"
61,drone_4,11.740,13.017,13.942,14.674,"7.143965878414324,18.52253351862183,0.8394107337496143;6.637422351629716,5.81892506984119,0.6003018776062884;0.36590554591665037,16.596997027271488,0.20777990884561767;16.70210735212728,10.387662511155286,2.4865164910063826;17.575883932032223,2.721593568127446,1.6479158532570475;1.2973598084027889,12.541582926626493,1.1930564938806265;5.325463640573792,3.699943652690364,0.9547411468291342;2.859297170747846,7.553503878133155,2.1925507706303717;10.533388546054491,10.175620803711702,0.4434834056225819;13.471363977912578,4.924285787991767,1.3272358809753264;3.1989281854844065,17.094804049625413,0.4405086223709195;3.721082089191997,8.881385548157215,0.35484045745388293;6.101545181256263,8.790137986408395,1.2639000034553933;14.737980355806986,8.782652679798053,1.0509056472900933;8.401310070704824,11.991886299150524,1.2062214485731173;17.06132291164363,16.261464942281574,1.3345172871816686;17.339109943706937,6.311506988921403,2.300624148151509;14.590277332334818,8.335859238449064,1.6499407138788138;5.222352165170459,5.2246686833336335,1.2953675730785918;4.241324229439376,12.456110153327092,0.3647650457406896;6.334813280978457,3.731836136358651,2.315285015721719;3.96199220928336,15.075728766947645,0.9109831433466773;13.470667831163155,10.03843225270554,1.3979717289653883;16.36473653509302,8.086891939973933,1.0265631417602112;9.356408901119345,2.787804101659744,0.20891529902825748;2.095021869582651,17.079045109775457,0.6495937887270954"
61,drone_6,-100.000,-100.000,13.942,14.674,"7.143965878414324,18.52253351862183,0.8394107337496143;6.637422351629716,5.81892506984119,0.6003018776062884;0.36590554591665037,16.596997027271488,0.20777990884561767;16.70210735212728,10.387662511155286,2.4865164910063826;17.575883932032223,2.721593568127446,1.6479158532570475;1.2973598084027889,12.541582926626493,1.1930564938806265;5.325463640573792,3.699943652690364,0.9547411468291342;2.859297170747846,7.553503878133155,2.1925507706303717;10.533388546054491,10.175620803711702,0.4434834056225819;13.471363977912578,4.924285787991767,1.3272358809753264;3.1989281854844065,17.094804049625413,0.4405086223709195;3.721082089191997,8.881385548157215,0.35484045745388293;6.101545181256263,8.790137986408395,1.2639000034553933;14.737980355806986,8.782652679798053,1.0509056472900933;8.401310070704824,11.991886299150524,1.2062214485731173;17.06132291164363,16.261464942281574,1.3345172871816686;17.339109943706937,6.311506988921403,2.300624148151509;14.590277332334818,8.335859238449064,1.6499407138788138;5.222352165170459,5.2246686833336335,1.2953675730785918;4.241324229439376,12.456110153327092,0.3647650457406896;6.334813280978457,3.731836136358651,2.315285015721719;3.96199220928336,15.075728766947645,0.9109831433466773;13.470667831163155,10.03843225270554,1.3979717289653883;16.36473653509302,8.086891939973933,1.0265631417602112;9.356408901119345,2.787804101659744,0.20891529902825748;2.095021869582651,17.079045109775457,0.6495937887270954"
61,drone_7,11.281,9.535,13.942,14.674,"7.143965878414324,18.52253351862183,0.8394107337496143;6.637422351629716,5.81892506984119,0.6003018776062884;0.36590554591665037,16.596997027271488,0.20777990884561767;16.70210735212728,10.387662511155286,2.4865164910063826;17.575883932032223,2.721593568127446,1.6479158532570475;1.2973598084027889,12.541582926626493,1.1930564938806265;5.325463640573792,3.699943652690364,0.9547411468291342;2.859297170747846,7.553503878133155,2.1925507706303717;10.533388546054491,10.175620803711702,0.4434834056225819;13.471363977912578,4.924285787991767,1.3272358809753264;3.1989281854844065,17.094804049625413,0.4405086223709195;3.721082089191997,8.881385548157215,0.35484045745388293;6.101545181256263,8.790137986408395,1.2639000034553933;14.737980355806986,8.782652679798053,1.0509056472900933;8.401310070704824,11.991886299150524,1.2062214485731173;17.06132291164363,16.261464942281574,1.3345172871816686;17.339109943706937,6.311506988921403,2.300624148151509;14.590277332334818,8.335859238449064,1.6499407138788138;5.222352165170459,5.2246686833336335,1.2953675730785918;4.241324229439376,12.456110153327092,0.3647650457406896;6.334813280978457,3.731836136358651,2.315285015721719;3.96199220928336,15.075728766947645,0.9109831433466773;13.470667831163155,10.03843225270554,1.3979717289653883;16.36473653509302,8.086891939973933,1.0265631417602112;9.356408901119345,2.787804101659744,0.20891529902825748;2.095021869582651,17.079045109775457,0.6495937887270954"
61,drone_8,11.761,11.371,13.942,14.674,"7.143965878414324,18.52253351862183,0.8394107337496143;6.637422351629716,5.81892506984119,0.6003018776062884;0.36590554591665037,16.596997027271488,0.20777990884561767;16.70210735212728,10.387662511155286,2.4865164910063826;17.575883932032223,2.721593568127446,1.6479158532570475;1.2973598084027889,12.541582926626493,1.1930564938806265;5.325463640573792,3.699943652690364,0.9547411468291342;2.859297170747846,7.553503878133155,2.1925507706303717;10.533388546054491,10.175620803711702,0.4434834056225819;13.471363977912578,4.924285787991767,1.3272358809753264;3.1989281854844065,17.094804049625413,0.4405086223709195;3.721082089191997,8.881385548157215,0.35484045745388293;6.101545181256263,8.790137986408395,1.2639000034553933;14.737980355806986,8.782652679798053,1.0509056472900933;8.401310070704824,11.991886299150524,1.2062214485731173;17.06132291164363,16.261464942281574,1.3345172871816686;17.339109943706937,6.311506988921403,2.300624148151509;14.590277332334818,8.335859238449064,1.6499407138788138;5.222352165170459,5.2246686833336335,1.2953675730785918;4.241324229439376,12.456110153327092,0.3647650457406896;6.334813280978457,3.731836136358651,2.315285015721719;3.96199220928336,15.075728766947645,0.9109831433466773;13.470667831163155,10.03843225270554,1.3979717289653883;16.36473653509302,8.086891939973933,1.0265631417602112;9.356408901119345,2.787804101659744,0.20891529902825748;2.095021869582651,17.079045109775457,0.6495937887270954"
61,drone_9,12.923,13.154,13.942,14.674,"7.143965878414324,18.52253351862183,0.8394107337496143;6.637422351629716,5.81892506984119,0.6003018776062884;0.36590554591665037,16.596997027271488,0.20777990884561767;16.70210735212728,10.387662511155286,2.4865164910063826;17.575883932032223,2.721593568127446,1.6479158532570475;1.2973598084027889,12.541582926626493,1.1930564938806265;5.325463640573792,3.699943652690364,0.9547411468291342;2.859297170747846,7.553503878133155,2.1925507706303717;10.533388546054491,10.175620803711702,0.4434834056225819;13.471363977912578,4.924285787991767,1.3272358809753264;3.1989281854844065,17.094804049625413,0.4405086223709195;3.721082089191997,8.881385548157215,0.35484045745388293;6.101545181256263,8.790137986408395,1.2639000034553933;14.737980355806986,8.782652679798053,1.0509056472900933;8.401310070704824,11.991886299150524,1.2062214485731173;17.06132291164363,16.261464942281574,1.3345172871816686;17.339109943706937,6.311506988921403,2.300624148151509;14.590277332334818,8.335859238449064,1.6499407138788138;5.222352165170459,5.2246686833336335,1.2953675730785918;4.241324229439376,12.456110153327092,0.3647650457406896;6.334813280978457,3.731836136358651,2.315285015721719;3.96199220928336,15.075728766947645,0.9109831433466773;13.470667831163155,10.03843225270554,1.3979717289653883;16.36473653509302,8.086891939973933,1.0265631417602112;9.356408901119345,2.787804101659744,0.20891529902825748;2.095021869582651,17.079045109775457,0.6495937887270954"
62,drone_1,11.651,10.956,13.942,14.674,"7.143965878414324,18.52253351862183,0.8394107337496143;6.637422351629716,5.81892506984119,0.6003018776062884;0.36590554591665037,16.596997027271488,0.20777990884561767;16.70210735212728,10.387662511155286,2.4865164910063826;17.575883932032223,2.721593568127446,1.6479158532570475;1.2973598084027889,12.541582926626493,1.1930564938806265;5.325463640573792,3.699943652690364,0.9547411468291342;2.859297170747846,7.553503878133155,2.1925507706303717;10.533388546054491,10.175620803711702,0.4434834056225819;13.471363977912578,4.924285787991767,1.3272358809753264;3.1989281854844065,17.094804049625413,0.4405086223709195;3.721082089191997,8.881385548157215,0.35484045745388293;6.101545181256263,8.790137986408395,1.2639000034553933;14.737980355806986,8.782652679798053,1.0509056472900933;8.401310070704824,11.991886299150524,1.2062214485731173;17.06132291164363,16.261464942281574,1.3345172871816686;17.339109943706937,6.311506988921403,2.300624148151509;14.590277332334818,8.335859238449064,1.6499407138788138;5.222352165170459,5.2246686833336335,1.2953675730785918;4.241324229439376,12.456110153327092,0.3647650457406896;6.334813280978457,3.731836136358651,2.315285015721719;3.96199220928336,15.075728766947645,0.9109831433466773;13.470667831163155,10.03843225270554,1.3979717289653883;16.36473653509302,8.086891939973933,1.0265631417602112;9.356408901119345,2.787804101659744,0.20891529902825748;2.095021869582651,17.079045109775457,0.6495937887270954"
62,drone_2,10.412,11.712,13.942,14.674,"7.143965878414324,18.52253351862183,0.8394107337496143;6.637422351629716,5.81892506984119,0.6003018776062884;0.36590554591665037,16.596997027271488,0.20777990884561767;16.70210735212728,10.387662511155286,2.4865164910063826;17.575883932032223,2.721593568127446,1.6479158532570475;1.2973598084027889,12.541582926626493,1.1930564938806265;5.325463640573792,3.699943652690364,0.9547411468291342;2.859297170747846,7.553503878133155,2.1925507706303717;10.533388546054491,10.175620803711702,0.4434834056225819;13.471363977912578,4.924285787991767,1.3272358809753264;3.1989281854844065,17.094804049625413,0.4405086223709195;3.721082089191997,8.881385548157215,0.35484045745388293;6.101545181256263,8.790137986408395,1.2639000034553933;14.737980355806986,8.782652679798053,1.0509056472900933;8.401310070704824,11.991886299150524,1.2062214485731173;17.06132291164363,16.261464942281574,1.3345172871816686;17.339109943706937,6.311506988921403,2.300624148151509;14.590277332334818,8.335859238449064,1.6499407138788138;5.222352165170459,5.2246686833336335,1.2953675730785918;4.241324229439376,12.456110153327092,0.3647650457406896;6.334813280978457,3.731836136358651,2.315285015721719;3.96199220928336,15.075728766947645,0.9109831433466773;13.470667831163155,10.03843225270554,1.3979717289653883;16.36473653509302,8.086891939973933,1.0265631417602112;9.356408901119345,2.787804101659744,0.20891529902825748;2.095021869582651,17.079045109775457,0.6495937887270954"
62,drone_3,12.980,12.434,13.942,14.674,"7.143965878414324,18.52253351862183,0.8394107337496143;6.637422351629716,5.81892506984119,0.6003018776062884;0.36590554591665037,16.596997027271488,0.20777990884561767;16.70210735212728,10.387662511155286,2.4865164910063826;17.575883932032223,2.721593568127446,1.6479158532570475;1.2973598084027889,12.541582926626493,1.1930564938806265;5.325463640573792,3.699943652690364,0.9547411468291342;2.859297170747846,7.553503878133155,2.1925507706303717;10.533388546054491,10.175620803711702,0.4434834056225819;13.471363977912578,4.924285787991767,1.3272358809753264;3.1989281854844065,17.094804049625413,0.4405086223709195;3.721082089191997,8.881385548157215,0.35484045745388293;6.101545181256263,8.790137986408395,1.2639000034553933;14.737980355806986,8.782652679798053,1.0509056472900933;8.401310070704824,11.991886299150524,1.2062214485731173;17.06132291164363,16.261464942281574,1.3345172871816686;17.339109943706937,6.311506988921403,2.300624148151509;14.590277332334818,8.335859238449064,1.6499407138788138;5.222352165170459,5.2246686833336335,1.2953675730785918;4.241324229439376,12.456110153327092,0.3647650457406896;6.334813280978457,3.731836136358651,2.315285015721719;3.96199220928336,15.075728766947645,0.9109831433466773;13.470667831163155,10.03843225270554,1.3979717289653883;16.36473653509302,8.086891939973933,1.0265631417602112;9.356408901119345,2.787804101659744,0.20891529902825748;2.095021869582651,17.079045109775457,0.6495937887270954"
62,drone_4,11.881,13.159,13.942,14.674,"7.143965878414324,18.52253351862183,0.8394107337496143;6.637422351629716,5.81892506984119,0.6003018776062884;0.36590554591665037,16.596997027271488,0.20777990884561767;16.70210735212728,10.387662511155286,2.4865164910063826;17.575883932032223,2.721593568127446,1.6479158532570475;1.2973598084027889,12.541582926626493,1.1930564938806265;5.325463640573792,3.699943652690364,0.9547411468291342;2.859297170747846,7.553503878133155,2.1925507706303717;10.533388546054491,10.175620803711702,0.4434834056225819;13.471363977912578,4.924285787991767,1.3272358809753264;3.1989281854844065,17.094804049625413,0.4405086223709195;3.721082089191997,8.881385548157215,0.35484045745388293;6.101545181256263,8.790137986408395,1.2639000034553933;14.737980355806986,8.782652679798053,1.0509056472900933;8.401310070704824,11.991886299150524,1.2062214485731173;17.06132291164363,16.261464942281574,1.3345172871816686;17.339109943706937,6.311506988921403,2.300624148151509;14.590277332334818,8.335859238449064,1.6499407138788138;5.222352165170459,5.2246686833336335,1.2953675730785918;4.241324229439376,12.456110153327092,0.3647650457406896;6.334813280978457,3.731836136358651,2.315285015721719;3.96199220928336,15.075728766947645,0.9109831433466773;13.470667831163155,10.03843225270554,1.3979717289653883;16.36473653509302,8.086891939973933,1.0265631417602112;9.356408901119345,2.787804101659744,0.20891529902825748;2.095021869582651,17.079045109775457,0.6495937887270954"
62,drone_7,11.369,9.704,13.942,14.674,"7.143965878414324,18.52253351862183,0.8394107337496143;6.637422351629716,5.81892506984119,0.6003018776062884;0.36590554591665037,16.596997027271488,0.20777990884561767;16.70210735212728,10.387662511155286,2.4865164910063826;17.575883932032223,2.721593568127446,1.6479158532570475;1.2973598084027889,12.541582926626493,1.1930564938806265;5.325463640573792,3.699943652690364,0.9547411468291342;2.859297170747846,7.553503878133155,2.1925507706303717;10.533388546054491,10.175620803711702,0.4434834056225819;13.471363977912578,4.924285787991767,1.3272358809753264;3.1989281854844065,17.094804049625413,0.4405086223709195;3.721082089191997,8.881385548157215,0.35484045745388293;6.101545181256263,8.790137986408395,1.2639000034553933;14.737980355806986,8.782652679798053,1.0509056472900933;8.401310070704824,11.991886299150524,1.2062214485731173;17.06132291164363,16.261464942281574,1.3345172871816686;17.339109943706937,6.311506988921403,2.300624148151509;14.590277332334818,8.335859238449064,1.6499407138788138;5.222352165170459,5.2246686833336335,1.2953675730785918;4.241324229439376,12.456110153327092,0.3647650457406896;6.334813280978457,3.731836136358651,2.315285015721719;3.96199220928336,15.075728766947645,0.9109831433466773;13.470667831163155,10.03843225270554,1.3979717289653883;16.36473653509302,8.086891939973933,1.0265631417602112;9.356408901119345,2.787804101659744,0.20891529902825748;2.095021869582651,17.079045109775457,0.6495937887270954"
62,drone_8,11.880,11.496,13.942,14.674,"7.143965878414324,18.52253351862183,0.8394107337496143;6.637422351629716,5.81892506984119,0.6003018776062884;0.36590554591665037,16.596997027271488,0.20777990884561767;16.70210735212728,10.387662511155286,2.4865164910063826;17.575883932032223,2.721593568127446,1.6479158532570475;1.2973598084027889,12.541582926626493,1.1930564938806265;5.325463640573792,3.699943652690364,0.9547411468291342;2.859297170747846,7.553503878133155,2.1925507706303717;10.533388546054491,10.175620803711702,0.4434834056225819;13.471363977912578,4.924285787991767,1.3272358809753264;3.1989281854844065,17.094804049625413,0.4405086223709195;3.721082089191997,8.881385548157215,0.35484045745388293;6.101545181256263,8.790137986408395,1.2639000034553933;14.737980355806986,8.782652679798053,1.0509056472900933;8.401310070704824,11.991886299150524,1.2062214485731173;17.06132291164363,16.261464942281574,1.3345172871816686;17.339109943706937,6.311506988921403,2.300624148151509;14.590277332334818,8.335859238449064,1.6499407138788138;5.222352165170459,5.2246686833336335,1.2953675730785918;4.241324229439376,12.456110153327092,0.3647650457406896;6.334813280978457,3.731836136358651,2.315285015721719;3.96199220928336,15.075728766947645,0.9109831433466773;13.470667831163155,10.03843225270554,1.3979717289653883;16.36473653509302,8.086891939973933,1.0265631417602112;9.356408901119345,2.787804101659744,0.20891529902825748;2.095021869582651,17.079045109775457,0.6495937887270954"
62,drone_9,13.044,13.276,13.942,14.674,"7.143965878414324,18.52253351862183,0.8394107337496143;6.637422351629716,5.81892506984119,0.6003018776062884;0.36590554591665037,16.596997027271488,0.20777990884561767;16.70210735212728,10.387662511155286,2.4865164910063826;17.575883932032223,2.721593568127446,1.6479158532570475;1.2973598084027889,12.541582926626493,1.1930564938806265;5.325463640573792,3.699943652690364,0.9547411468291342;2.859297170747846,7.553503878133155,2.1925507706303717;10.533388546054491,10.175620803711702,0.4434834056225819;13.471363977912578,4.924285787991767,1.3272358809753264;3.1989281854844065,17.094804049625413,0.4405086223709195;3.721082089191997,8.881385548157215,0.35484045745388293;6.101545181256263,8.790137986408395,1.2639000034553933;14.737980355806986,8.782652679798053,1.0509056472900933;8.401310070704824,11.991886299150524,1.2062214485731173;17.06132291164363,16.261464942281574,1.3345172871816686;17.339109943706937,6.311506988921403,2.300624148151509;14.590277332334818,8.335859238449064,1.6499407138788138;5.222352165170459,5.2246686833336335,1.2953675730785918;4.241324229439376,12.456110153327092,0.3647650457406896;6.334813280978457,3.731836136358651,2.315285015721719;3.96199220928336,15.075728766947645,0.9109831433466773;13.470667831163155,10.03843225270554,1.3979717289653883;16.36473653509302,8.086891939973933,1.0265631417602112;9.356408901119345,2.787804101659744,0.20891529902825748;2.095021869582651,17.079045109775457,0.6495937887270954"
63,drone_1,11.693,11.122,13.942,14.674,"7.143965878414324,18.52253351862183,0.8394107337496143;6.637422351629716,5.81892506984119,0.6003018776062884;0.36590554591665037,16.596997027271488,0.20777990884561767;16.70210735212728,10.387662511155286,2.4865164910063826;17.575883932032223,2.721593568127446,1.6479158532570475;1.2973598084027889,12.541582926626493,1.1930564938806265;5.325463640573792,3.699943652690364,0.9547411468291342;2.859297170747846,7.553503878133155,2.1925507706303717;10.533388546054491,10.175620803711702,0.4434834056225819;13.471363977912578,4.924285787991767,1.3272358809753264;3.1989281854844065,17.094804049625413,0.4405086223709195;3.721082089191997,8.881385548157215,0.35484045745388293;6.101545181256263,8.790137986408395,1.2639000034553933;14.737980355806986,8.782652679798053,1.0509056472900933;8.401310070704824,11.991886299150524,1.2062214485731173;17.06132291164363,16.261464942281574,1.3345172871816686;17.339109943706937,6.311506988921403,2.300624148151509;14.590277332334818,8.335859238449064,1.6499407138788138;5.222352165170459,5.2246686833336335,1.2953675730785918;4.241324229439376,12.456110153327092,0.3647650457406896;6.334813280978457,3.731836136358651,2.315285015721719;3.96199220928336,15.075728766947645,0.9109831433466773;13.470667831163155,10.03843225270554,1.3979717289653883;16.36473653509302,8.086891939973933,1.0265631417602112;9.356408901119345,2.787804101659744,0.20891529902825748;2.095021869582651,17.079045109775457,0.6495937887270954"
63,drone_2,10.552,11.855,13.942,14.674,"7.143965878414324,18.52253351862183,0.8394107337496143;6.637422351629716,5.81892506984119,0.6003018776062884;0.36590554591665037,16.596997027271488,0.20777990884561767;16.70210735212728,10.387662511155286,2.4865164910063826;17.575883932032223,2.721593568127446,1.6479158532570475;1.2973598084027889,12.541582926626493,1.1930564938806265;5.325463640573792,3.699943652690364,0.9547411468291342;2.859297170747846,7.553503878133155,2.1925507706303717;10.533388546054491,10.175620803711702,0.4434834056225819;13.471363977912578,4.924285787991767,1.3272358809753264;3.1989281854844065,17.094804049625413,0.4405086223709195;3.721082089191997,8.881385548157215,0.35484045745388293;6.101545181256263,8.790137986408395,1.2639000034553933;14.737980355806986,8.782652679798053,1.0509056472900933;8.401310070704824,11.991886299150524,1.2062214485731173;17.06132291164363,16.261464942281574,1.3345172871816686;17.339109943706937,6.311506988921403,2.300624148151509;14.590277332334818,8.335859238449064,1.6499407138788138;5.222352165170459,5.2246686833336335,1.2953675730785918;4.241324229439376,12.456110153327092,0.3647650457406896;6.334813280978457,3.731836136358651,2.315285015721719;3.96199220928336,15.075728766947645,0.9109831433466773;13.470667831163155,10.03843225270554,1.3979717289653883;16.36473653509302,8.086891939973933,1.0265631417602112;9.356408901119345,2.787804101659744,0.20891529902825748;2.095021869582651,17.079045109775457,0.6495937887270954"
63,drone_3,13.102,12.556,13.942,14.674,"7.143965878414324,18.52253351862183,0.8394107337496143;6.637422351629716,5.81892506984119,0.6003018776062884;0.36590554591665037,16.596997027271488,0.20777990884561767;16.70210735212728,10.387662511155286,2.4865164910063826;17.575883932032223,2.721593568127446,1.6479158532570475;1.2973598084027889,12.541582926626493,1.1930564938806265;5.325463640573792,3.699943652690364,0.9547411468291342;2.859297170747846,7.553503878133155,2.1925507706303717;10.533388546054491,10.175620803711702,0.4434834056225819;13.471363977912578,4.924285787991767,1.3272358809753264;3.1989281854844065,17.094804049625413,0.4405086223709195;3.721082089191997,8.881385548157215,0.35484045745388293;6.101545181256263,8.790137986408395,1.2639000034553933;14.737980355806986,8.782652679798053,1.0509056472900933;8.401310070704824,11.991886299150524,1.2062214485731173;17.06132291164363,16.261464942281574,1.3345172871816686;17.339109943706937,6.311506988921403,2.300624148151509;14.590277332334818,8.335859238449064,1.6499407138788138;5.222352165170459,5.2246686833336335,1.2953675730785918;4.241324229439376,12.456110153327092,0.3647650457406896;6.334813280978457,3.731836136358651,2.315285015721719;3.96199220928336,15.075728766947645,0.9109831433466773;13.470667831163155,10.03843225270554,1.3979717289653883;16.36473653509302,8.086891939973933,1.0265631417602112;9.356408901119345,2.787804101659744,0.20891529902825748;2.095021869582651,17.079045109775457,0.6495937887270954"
63,drone_4,12.022,13.300,13.942,14.674,"7.143965878414324,18.52253351862183,0.8394107337496143;6.637422351629716,5.81892506984119,0.6003018776062884;0.36590554591665037,16.596997027271488,0.20777990884561767;16.70210735212728,10.387662511155286,2.4865164910063826;17.575883932032223,2.721593568127446,1.6479158532570475;1.2973598084027889,12.541582926626493,1.1930564938806265;5.325463640573792,3.699943652690364,0.9547411468291342;2.859297170747846,7.553503878133155,2.1925507706303717;10.533388546054491,10.175620803711702,0.4434834056225819;13.471363977912578,4.924285787991767,1.3272358809753264;3.1989281854844065,17.094804049625413,0.4405086223709195;3.721082089191997,8.881385548157215,0.35484045745388293;6.101545181256263,8.790137986408395,1.2639000034553933;14.737980355806986,8.782652679798053,1.0509056472900933;8.401310070704824,11.991886299150524,1.2062214485731173;17.06132291164363,16.261464942281574,1.3345172871816686;17.339109943706937,6.311506988921403,2.300624148151509;14.590277332334818,8.335859238449064,1.6499407138788138;5.222352165170459,5.2246686833336335,1.2953675730785918;4.241324229439376,12.456110153327092,0.3647650457406896;6.334813280978457,3.731836136358651,2.315285015721719;3.96199220928336,15.075728766947645,0.9109831433466773;13.470667831163155,10.03843225270554,1.3979717289653883;16.36473653509302,8.086891939973933,1.0265631417602112;9.356408901119345,2.787804101659744,0.20891529902825748;2.095021869582651,17.079045109775457,0.6495937887270954"
63,drone_7,11.360,9.903,13.942,14.674,"7.143965878414324,18.52253351862183,0.8394107337496143;6.637422351629716,5.81892506984119,0.6003018776062884;0.36590554591665037,16.596997027271488,0.20777990884561767;16.70210735212728,10.387662511155286,2.4865164910063826;17.575883932032223,2.721593568127446,1.6479158532570475;1.2973598084027889,12.541582926626493,1.1930564938806265;5.325463640573792,3.699943652690364,0.9547411468291342;2.859297170747846,7.553503878133155,2.1925507706303717;10.533388546054491,10.175620803711702,0.4434834056225819;13.471363977912578,4.924285787991767,1.3272358809753264;3.1989281854844065,17.094804049625413,0.4405086223709195;3.721082089191997,8.881385548157215,0.35484045745388293;6.101545181256263,8.790137986408395,1.2639000034553933;14.737980355806986,8.782652679798053,1.0509056472900933;8.401310070704824,11.991886299150524,1.2062214485731173;17.06132291164363,16.261464942281574,1.3345172871816686;17.339109943706937,6.311506988921403,2.300624148151509;14.590277332334818,8.335859238449064,1.6499407138788138;5.222352165170459,5.2246686833336335,1.2953675730785918;4.241324229439376,12.456110153327092,0.3647650457406896;6.334813280978457,3.731836136358651,2.315285015721719;3.96199220928336,15.075728766947645,0.9109831433466773;13.470667831163155,10.03843225270554,1.3979717289653883;16.36473653509302,8.086891939973933,1.0265631417602112;9.356408901119345,2.787804101659744,0.20891529902825748;2.095021869582651,17.079045109775457,0.6495937887270954"
63,drone_8,11.999,11.620,13.942,14.674,"7.143965878414324,18.52253351862183,0.8394107337496143;6.637422351629716,5.81892506984119,0.6003018776062884;0.36590554591665037,16.596997027271488,0.20777990884561767;16.70210735212728,10.387662511155286,2.4865164910063826;17.575883932032223,2.721593568127446,1.6479158532570475;1.2973598084027889,12.541582926626493,1.1930564938806265;5.325463640573792,3.699943652690364,0.9547411468291342;2.859297170747846,7.553503878133155,2.1925507706303717;10.533388546054491,10.175620803711702,0.4434834056225819;13.471363977912578,4.924285787991767,1.3272358809753264;3.1989281854844065,17.094804049625413,0.4405086223709195;3.721082089191997,8.881385548157215,0.35484045745388293;6.101545181256263,8.790137986408395,1.2639000034553933;14.737980355806986,8.782652679798053,1.0509056472900933;8.401310070704824,11.991886299150524,1.2062214485731173;17.06132291164363,16.261464942281574,1.3345172871816686;17.339109943706937,6.311506988921403,2.300624148151509;14.590277332334818,8.335859238449064,1.6499407138788138;5.222352165170459,5.2246686833336335,1.2953675730785918;4.241324229439376,12.456110153327092,0.3647650457406896;6.334813280978457,3.731836136358651,2.315285015721719;3.96199220928336,15.075728766947645,0.9109831433466773;13.470667831163155,10.03843225270554,1.3979717289653883;16.36473653509302,8.086891939973933,1.0265631417602112;9.356408901119345,2.787804101659744,0.20891529902825748;2.095021869582651,17.079045109775457,0.6495937887270954"
63,drone_9,13.166,13.398,13.942,14.674,"7.143965878414324,18.52253351862183,0.8394107337496143;6.637422351629716,5.81892506984119,0.6003018776062884;0.36590554591665037,16.596997027271488,0.20777990884561767;16.70210735212728,10.387662511155286,2.4865164910063826;17.575883932032223,2.721593568127446,1.6479158532570475;1.2973598084027889,12.541582926626493,1.1930564938806265;5.325463640573792,3.699943652690364,0.9547411468291342;2.859297170747846,7.553503878133155,2.1925507706303717;10.533388546054491,10.175620803711702,0.4434834056225819;13.471363977912578,4.924285787991767,1.3272358809753264;3.1989281854844065,17.094804049625413,0.4405086223709195;3.721082089191997,8.881385548157215,0.35484045745388293;6.101545181256263,8.790137986408395,1.2639000034553933;14.737980355806986,8.782652679798053,1.0509056472900933;8.401310070704824,11.991886299150524,1.2062214485731173;17.06132291164363,16.261464942281574,1.3345172871816686;17.339109943706937,6.311506988921403,2.300624148151509;14.590277332334818,8.335859238449064,1.6499407138788138;5.222352165170459,5.2246686833336335,1.2953675730785918;4.241324229439376,12.456110153327092,0.3647650457406896;6.334813280978457,3.731836136358651,2.315285015721719;3.96199220928336,15.075728766947645,0.9109831433466773;13.470667831163155,10.03843225270554,1.3979717289653883;16.36473653509302,8.086891939973933,1.0265631417602112;9.356408901119345,2.787804101659744,0.20891529902825748;2.095021869582651,17.079045109775457,0.6495937887270954"
64,drone_1,11.657,11.291,13.942,14.674,"7.143965878414324,18.52253351862183,0.8394107337496143;6.637422351629716,5.81892506984119,0.6003018776062884;0.36590554591665037,16.596997027271488,0.20777990884561767;16.70210735212728,10.387662511155286,2.4865164910063826;17.575883932032223,2.721593568127446,1.6479158532570475;1.2973598084027889,12.541582926626493,1.1930564938806265;5.325463640573792,3.699943652690364,0.9547411468291342;2.859297170747846,7.553503878133155,2.1925507706303717;10.533388546054491,10.175620803711702,0.4434834056225819;13.471363977912578,4.924285787991767,1.3272358809753264;3.1989281854844065,17.094804049625413,0.4405086223709195;3.721082089191997,8.881385548157215,0.35484045745388293;6.101545181256263,8.790137986408395,1.2639000034553933;14.737980355806986,8.782652679798053,1.0509056472900933;8.401310070704824,11.991886299150524,1.2062214485731173;17.06132291164363,16.261464942281574,1.3345172871816686;17.339109943706937,6.311506988921403,2.300624148151509;14.590277332334818,8.335859238449064,1.6499407138788138;5.222352165170459,5.2246686833336335,1.2953675730785918;4.241324229439376,12.456110153327092,0.3647650457406896;6.334813280978457,3.731836136358651,2.315285015721719;3.96199220928336,15.075728766947645,0.9109831433466773;13.470667831163155,10.03843225270554,1.3979717289653883;16.36473653509302,8.086891939973933,1.0265631417602112;9.356408901119345,2.787804101659744,0.20891529902825748;2.095021869582651,17.079045109775457,0.6495937887270954"
64,drone_2,10.693,11.997,13.942,14.674,"7.143965878414324,18.52253351862183,0.8394107337496143;6.637422351629716,5.81892506984119,0.6003018776062884;0.36590554591665037,16.596997027271488,0.20777990884561767;16.70210735212728,10.387662511155286,2.4865164910063826;17.575883932032223,2.721593568127446,1.6479158532570475;1.2973598084027889,12.541582926626493,1.1930564938806265;5.325463640573792,3.699943652690364,0.9547411468291342;2.859297170747846,7.553503878133155,2.1925507706303717;10.533388546054491,10.175620803711702,0.4434834056225819;13.471363977912578,4.924285787991767,1.3272358809753264;3.1989281854844065,17.094804049625413,0.4405086223709195;3.721082089191997,8.881385548157215,0.35484045745388293;6.101545181256263,8.790137986408395,1.2639000034553933;14.737980355806986,8.782652679798053,1.0509056472900933;8.401310070704824,11.991886299150524,1.2062214485731173;17.06132291164363,16.261464942281574,1.3345172871816686;17.339109943706937,6.311506988921403,2.300624148151509;14.590277332334818,8.335859238449064,1.6499407138788138;5.222352165170459,5.2246686833336335,1.2953675730785918;4.241324229439376,12.456110153327092,0.3647650457406896;6.334813280978457,3.731836136358651,2.315285015721719;3.96199220928336,15.075728766947645,0.9109831433466773;13.470667831163155,10.03843225270554,1.3979717289653883;16.36473653509302,8.086891939973933,1.0265631417602112;9.356408901119345,2.787804101659744,0.20891529902825748;2.095021869582651,17.079045109775457,0.6495937887270954"
64,drone_3,13.224,12.678,13.942,14.674,"7.143965878414324,18.52253351862183,0.8394107337496143;6.637422351629716,5.81892506984119,0.6003018776062884;0.36590554591665037,16.596997027271488,0.20777990884561767;16.70210735212728,10.387662511155286,2.4865164910063826;17.575883932032223,2.721593568127446,1.6479158532570475;1.2973598084027889,12.541582926626493,1.1930564938806265;5.325463640573792,3.699943652690364,0.9547411468291342;2.859297170747846,7.553503878133155,2.1925507706303717;10.533388546054491,10.175620803711702,0.4434834056225819;13.471363977912578,4.924285787991767,1.3272358809753264;3.1989281854844065,17.094804049625413,0.4405086223709195;3.721082089191997,8.881385548157215,0.35484045745388293;6.101545181256263,8.790137986408395,1.2639000034553933;14.737980355806986,8.782652679798053,1.0509056472900933;8.401310070704824,11.991886299150524,1.2062214485731173;17.06132291164363,16.261464942281574,1.3345172871816686;17.339109943706937,6.311506988921403,2.300624148151509;14.590277332334818,8.335859238449064,1.6499407138788138;5.222352165170459,5.2246686833336335,1.2953675730785918;4.241324229439376,12.456110153327092,0.3647650457406896;6.334813280978457,3.731836136358651,2.315285015721719;3.96199220928336,15.075728766947645,0.9109831433466773;13.470667831163155,10.03843225270554,1.3979717289653883;16.36473653509302,8.086891939973933,1.0265631417602112;9.356408901119345,2.787804101659744,0.20891529902825748;2.095021869582651,17.079045109775457,0.6495937887270954"
64,drone_4,12.164,13.442,13.942,14.674,"7.143965878414324,18.52253351862183,0.8394107337496143;6.637422351629716,5.81892506984119,0.6003018776062884;0.36590554591665037,16.596997027271488,0.20777990884561767;16.70210735212728,10.387662511155286,2.4865164910063826;17.575883932032223,2.721593568127446,1.6479158532570475;1.2973598084027889,12.541582926626493,1.1930564938806265;5.325463640573792,3.699943652690364,0.9547411468291342;2.859297170747846,7.553503878133155,2.1925507706303717;10.533388546054491,10.175620803711702,0.4434834056225819;13.471363977912578,4.924285787991767,1.3272358809753264;3.1989281854844065,17.094804049625413,0.4405086223709195;3.721082089191997,8.881385548157215,0.35484045745388293;6.101545181256263,8.790137986408395,1.2639000034553933;14.737980355806986,8.782652679798053,1.0509056472900933;8.401310070704824,11.991886299150524,1.2062214485731173;17.06132291164363,16.261464942281574,1.3345172871816686;17.339109943706937,6.311506988921403,2.300624148151509;14.590277332334818,8.335859238449064,1.6499407138788138;5.222352165170459,5.2246686833336335,1.2953675730785918;4.241324229439376,12.456110153327092,0.3647650457406896;6.334813280978457,3.731836136358651,2.315285015721719;3.96199220928336,15.075728766947645,0.9109831433466773;13.470667831163155,10.03843225270554,1.3979717289653883;16.36473653509302,8.086891939973933,1.0265631417602112;9.356408901119345,2.787804101659744,0.20891529902825748;2.095021869582651,17.079045109775457,0.6495937887270954"
64,drone_7,11.418,10.095,13.942,14.674,"7.143965878414324,18.52253351862183,0.8394107337496143;6.637422351629716,5.81892506984119,0.6003018776062884;0.36590554591665037,16.596997027271488,0.20777990884561767;16.70210735212728,10.387662511155286,2.4865164910063826;17.575883932032223,2.721593568127446,1.6479158532570475;1.2973598084027889,12.541582926626493,1.1930564938806265;5.325463640573792,3.699943652690364,0.9547411468291342;2.859297170747846,7.553503878133155,2.1925507706303717;10.533388546054491,10.175620803711702,0.4434834056225819;13.471363977912578,4.924285787991767,1.3272358809753264;3.1989281854844065,17.094804049625413,0.4405086223709195;3.721082089191997,8.881385548157215,0.35484045745388293;6.101545181256263,8.790137986408395,1.2639000034553933;14.737980355806986,8.782652679798053,1.0509056472900933;8.401310070704824,11.991886299150524,1.2062214485731173;17.06132291164363,16.261464942281574,1.3345172871816686;17.339109943706937,6.311506988921403,2.300624148151509;14.590277332334818,8.335859238449064,1.6499407138788138;5.222352165170459,5.2246686833336335,1.2953675730785918;4.241324229439376,12.456110153327092,0.3647650457406896;6.334813280978457,3.731836136358651,2.315285015721719;3.96199220928336,15.075728766947645,0.9109831433466773;13.470667831163155,10.03843225270554,1.3979717289653883;16.36473653509302,8.086891939973933,1.0265631417602112;9.356408901119345,2.787804101659744,0.20891529902825748;2.095021869582651,17.079045109775457,0.6495937887270954"
64,drone_8,12.120,11.742,13.942,14.674,"7.143965878414324,18.52253351862183,0.8394107337496143;6.637422351629716,5.81892506984119,0.6003018776062884;0.36590554591665037,16.596997027271488,0.20777990884561767;16.70210735212728,10.387662511155286,2.4865164910063826;17.575883932032223,2.721593568127446,1.6479158532570475;1.2973598084027889,12.541582926626493,1.1930564938806265;5.325463640573792,3.699943652690364,0.9547411468291342;2.859297170747846,7.553503878133155,2.1925507706303717;10.533388546054491,10.175620803711702,0.4434834056225819;13.471363977912578,4.924285787991767,1.3272358809753264;3.1989281854844065,17.094804049625413,0.4405086223709195;3.721082089191997,8.881385548157215,0.35484045745388293;6.101545181256263,8.790137986408395,1.2639000034553933;14.737980355806986,8.782652679798053,1.0509056472900933;8.401310070704824,11.991886299150524,1.2062214485731173;17.06132291164363,16.261464942281574,1.3345172871816686;17.339109943706937,6.311506988921403,2.300624148151509;14.590277332334818,8.335859238449064,1.6499407138788138;5.222352165170459,5.2246686833336335,1.2953675730785918;4.241324229439376,12.456110153327092,0.3647650457406896;6.334813280978457,3.731836136358651,2.315285015721719;3.96199220928336,15.075728766947645,0.9109831433466773;13.470667831163155,10.03843225270554,1.3979717289653883;16.36473653509302,8.086891939973933,1.0265631417602112;9.356408901119345,2.787804101659744,0.20891529902825748;2.095021869582651,17.079045109775457,0.6495937887270954"
64,drone_9,13.288,13.519,13.942,14.674,"7.143965878414324,18.52253351862183,0.8394107337496143;6.637422351629716,5.81892506984119,0.6003018776062884;0.36590554591665037,16.596997027271488,0.20777990884561767;16.70210735212728,10.387662511155286,2.4865164910063826;17.575883932032223,2.721593568127446,1.6479158532570475;1.2973598084027889,12.541582926626493,1.1930564938806265;5.325463640573792,3.699943652690364,0.9547411468291342;2.859297170747846,7.553503878133155,2.1925507706303717;10.533388546054491,10.175620803711702,0.4434834056225819;13.471363977912578,4.924285787991767,1.3272358809753264;3.1989281854844065,17.094804049625413,0.4405086223709195;3.721082089191997,8.881385548157215,0.35484045745388293;6.101545181256263,8.790137986408395,1.2639000034553933;14.737980355806986,8.782652679798053,1.0509056472900933;8.401310070704824,11.991886299150524,1.2062214485731173;17.06132291164363,16.261464942281574,1.3345172871816686;17.339109943706937,6.311506988921403,2.300624148151509;14.590277332334818,8.335859238449064,1.6499407138788138;5.222352165170459,5.2246686833336335,1.2953675730785918;4.241324229439376,12.456110153327092,0.3647650457406896;6.334813280978457,3.731836136358651,2.315285015721719;3.96199220928336,15.075728766947645,0.9109831433466773;13.470667831163155,10.03843225270554,1.3979717289653883;16.36473653509302,8.086891939973933,1.0265631417602112;9.356408901119345,2.787804101659744,0.20891529902825748;2.095021869582651,17.079045109775457,0.6495937887270954"
65,drone_1,11.697,11.458,13.942,14.674,"7.143965878414324,18.52253351862183,0.8394107337496143;6.637422351629716,5.81892506984119,0.6003018776062884;0.36590554591665037,16.596997027271488,0.20777990884561767;16.70210735212728,10.387662511155286,2.4865164910063826;17.575883932032223,2.721593568127446,1.6479158532570475;1.2973598084027889,12.541582926626493,1.1930564938806265;5.325463640573792,3.699943652690364,0.9547411468291342;2.859297170747846,7.553503878133155,2.1925507706303717;10.533388546054491,10.175620803711702,0.4434834056225819;13.471363977912578,4.924285787991767,1.3272358809753264;3.1989281854844065,17.094804049625413,0.4405086223709195;3.721082089191997,8.881385548157215,0.35484045745388293;6.101545181256263,8.790137986408395,1.2639000034553933;14.737980355806986,8.782652679798053,1.0509056472900933;8.401310070704824,11.991886299150524,1.2062214485731173;17.06132291164363,16.261464942281574,1.3345172871816686;17.339109943706937,6.311506988921403,2.300624148151509;14.590277332334818,8.335859238449064,1.6499407138788138;5.222352165170459,5.2246686833336335,1.2953675730785918;4.241324229439376,12.456110153327092,0.3647650457406896;6.334813280978457,3.731836136358651,2.315285015721719;3.96199220928336,15.075728766947645,0.9109831433466773;13.470667831163155,10.03843225270554,1.3979717289653883;16.36473653509302,8.086891939973933,1.0265631417602112;9.356408901119345,2.787804101659744,0.20891529902825748;2.095021869582651,17.079045109775457,0.6495937887270954"
65,drone_2,10.834,12.139,13.942,14.674,"7.143965878414324,18.52253351862183,0.8394107337496143;6.637422351629716,5.81892506984119,0.6003018776062884;0.36590554591665037,16.596997027271488,0.20777990884561767;16.70210735212728,10.387662511155286,2.4865164910063826;17.575883932032223,2.721593568127446,1.6479158532570475;1.2973598084027889,12.541582926626493,1.1930564938806265;5.325463640573792,3.699943652690364,0.9547411468291342;2.859297170747846,7.553503878133155,2.1925507706303717;10.533388546054491,10.175620803711702,0.4434834056225819;13.471363977912578,4.924285787991767,1.3272358809753264;3.1989281854844065,17.094804049625413,0.4405086223709195;3.721082089191997,8.881385548157215,0.35484045745388293;6.101545181256263,8.790137986408395,1.2639000034553933;14.737980355806986,8.782652679798053,1.0509056472900933;8.401310070704824,11.991886299150524,1.2062214485731173;17.06132291164363,16.261464942281574,1.3345172871816686;17.339109943706937,6.311506988921403,2.300624148151509;14.590277332334818,8.335859238449064,1.6499407138788138;5.222352165170459,5.2246686833336335,1.2953675730785918;4.241324229439376,12.456110153327092,0.3647650457406896;6.334813280978457,3.731836136358651,2.315285015721719;3.96199220928336,15.075728766947645,0.9109831433466773;13.470667831163155,10.03843225270554,1.3979717289653883;16.36473653509302,8.086891939973933,1.0265631417602112;9.356408901119345,2.787804101659744,0.20891529902825748;2.095021869582651,17.079045109775457,0.6495937887270954"
65,drone_3,13.346,12.799,13.942,14.674,"7.143965878414324,18.52253351862183,0.8394107337496143;6.637422351629716,5.81892506984119,0.6003018776062884;0.36590554591665037,16.596997027271488,0.20777990884561767;16.70210735212728,10.387662511155286,2.4865164910063826;17.575883932032223,2.721593568127446,1.6479158532570475;1.2973598084027889,12.541582926626493,1.1930564938806265;5.325463640573792,3.699943652690364,0.9547411468291342;2.859297170747846,7.553503878133155,2.1925507706303717;10.533388546054491,10.175620803711702,0.4434834056225819;13.471363977912578,4.924285787991767,1.3272358809753264;3.1989281854844065,17.094804049625413,0.4405086223709195;3.721082089191997,8.881385548157215,0.35484045745388293;6.101545181256263,8.790137986408395,1.2639000034553933;14.737980355806986,8.782652679798053,1.0509056472900933;8.401310070704824,11.991886299150524,1.2062214485731173;17.06132291164363,16.261464942281574,1.3345172871816686;17.339109943706937,6.311506988921403,2.300624148151509;14.590277332334818,8.335859238449064,1.6499407138788138;5.222352165170459,5.2246686833336335,1.2953675730785918;4.241324229439376,12.456110153327092,0.3647650457406896;6.334813280978457,3.731836136358651,2.315285015721719;3.96199220928336,15.075728766947645,0.9109831433466773;13.470667831163155,10.03843225270554,1.3979717289653883;16.36473653509302,8.086891939973933,1.0265631417602112;9.356408901119345,2.787804101659744,0.20891529902825748;2.095021869582651,17.079045109775457,0.6495937887270954"
65,drone_4,12.305,13.583,13.942,14.674,"7.143965878414324,18.52253351862183,0.8394107337496143;6.637422351629716,5.81892506984119,0.6003018776062884;0.36590554591665037,16.596997027271488,0.20777990884561767;16.70210735212728,10.387662511155286,2.4865164910063826;17.575883932032223,2.721593568127446,1.6479158532570475;1.2973598084027889,12.541582926626493,1.1930564938806265;5.325463640573792,3.699943652690364,0.9547411468291342;2.859297170747846,7.553503878133155,2.1925507706303717;10.533388546054491,10.175620803711702,0.4434834056225819;13.471363977912578,4.924285787991767,1.3272358809753264;3.1989281854844065,17.094804049625413,0.4405086223709195;3.721082089191997,8.881385548157215,0.35484045745388293;6.101545181256263,8.790137986408395,1.2639000034553933;14.737980355806986,8.782652679798053,1.0509056472900933;8.401310070704824,11.991886299150524,1.2062214485731173;17.06132291164363,16.261464942281574,1.3345172871816686;17.339109943706937,6.311506988921403,2.300624148151509;14.590277332334818,8.335859238449064,1.6499407138788138;5.222352165170459,5.2246686833336335,1.2953675730785918;4.241324229439376,12.456110153327092,0.3647650457406896;6.334813280978457,3.731836136358651,2.315285015721719;3.96199220928336,15.075728766947645,0.9109831433466773;13.470667831163155,10.03843225270554,1.3979717289653883;16.36473653509302,8.086891939973933,1.0265631417602112;9.356408901119345,2.787804101659744,0.20891529902825748;2.095021869582651,17.079045109775457,0.6495937887270954"
65,drone_7,11.513,10.271,13.942,14.674,"7.143965878414324,18.52253351862183,0.8394107337496143;6.637422351629716,5.81892506984119,0.6003018776062884;0.36590554591665037,16.596997027271488,0.20777990884561767;16.70210735212728,10.387662511155286,2.4865164910063826;17.575883932032223,2.721593568127446,1.6479158532570475;1.2973598084027889,12.541582926626493,1.1930564938806265;5.325463640573792,3.699943652690364,0.9547411468291342;2.859297170747846,7.553503878133155,2.1925507706303717;10.533388546054491,10.175620803711702,0.4434834056225819;13.471363977912578,4.924285787991767,1.3272358809753264;3.1989281854844065,17.094804049625413,0.4405086223709195;3.721082089191997,8.881385548157215,0.35484045745388293;6.101545181256263,8.790137986408395,1.2639000034553933;14.737980355806986,8.782652679798053,1.0509056472900933;8.401310070704824,11.991886299150524,1.2062214485731173;17.06132291164363,16.261464942281574,1.3345172871816686;17.339109943706937,6.311506988921403,2.300624148151509;14.590277332334818,8.335859238449064,1.6499407138788138;5.222352165170459,5.2246686833336335,1.2953675730785918;4.241324229439376,12.456110153327092,0.3647650457406896;6.334813280978457,3.731836136358651,2.315285015721719;3.96199220928336,15.075728766947645,0.9109831433466773;13.470667831163155,10.03843225270554,1.3979717289653883;16.36473653509302,8.086891939973933,1.0265631417602112;9.356408901119345,2.787804101659744,0.20891529902825748;2.095021869582651,17.079045109775457,0.6495937887270954"
65,drone_8,12.241,11.865,13.942,14.674,"7.143965878414324,18.52253351862183,0.8394107337496143;6.637422351629716,5.81892506984119,0.6003018776062884;0.36590554591665037,16.596997027271488,0.20777990884561767;16.70210735212728,10.387662511155286,2.4865164910063826;17.575883932032223,2.721593568127446,1.6479158532570475;1.2973598084027889,12.541582926626493,1.1930564938806265;5.325463640573792,3.699943652690364,0.9547411468291342;2.859297170747846,7.553503878133155,2.1925507706303717;10.533388546054491,10.175620803711702,0.4434834056225819;13.471363977912578,4.924285787991767,1.3272358809753264;3.1989281854844065,17.094804049625413,0.4405086223709195;3.721082089191997,8.881385548157215,0.35484045745388293;6.101545181256263,8.790137986408395,1.2639000034553933;14.737980355806986,8.782652679798053,1.0509056472900933;8.401310070704824,11.991886299150524,1.2062214485731173;17.06132291164363,16.261464942281574,1.3345172871816686;17.339109943706937,6.311506988921403,2.300624148151509;14.590277332334818,8.335859238449064,1.6499407138788138;5.222352165170459,5.2246686833336335,1.2953675730785918;4.241324229439376,12.456110153327092,0.3647650457406896;6.334813280978457,3.731836136358651,2.315285015721719;3.96199220928336,15.075728766947645,0.9109831433466773;13.470667831163155,10.03843225270554,1.3979717289653883;16.36473653509302,8.086891939973933,1.0265631417602112;9.356408901119345,2.787804101659744,0.20891529902825748;2.095021869582651,17.079045109775457,0.6495937887270954"
65,drone_9,13.393,13.624,13.942,14.674,"7.143965878414324,18.52253351862183,0.8394107337496143;6.637422351629716,5.81892506984119,0.6003018776062884;0.36590554591665037,16.596997027271488,0.20777990884561767;16.70210735212728,10.387662511155286,2.4865164910063826;17.575883932032223,2.721593568127446,1.6479158532570475;1.2973598084027889,12.541582926626493,1.1930564938806265;5.325463640573792,3.699943652690364,0.9547411468291342;2.859297170747846,7.553503878133155,2.1925507706303717;10.533388546054491,10.175620803711702,0.4434834056225819;13.471363977912578,4.924285787991767,1.3272358809753264;3.1989281854844065,17.094804049625413,0.4405086223709195;3.721082089191997,8.881385548157215,0.35484045745388293;6.101545181256263,8.790137986408395,1.2639000034553933;14.737980355806986,8.782652679798053,1.0509056472900933;8.401310070704824,11.991886299150524,1.2062214485731173;17.06132291164363,16.261464942281574,1.3345172871816686;17.339109943706937,6.311506988921403,2.300624148151509;14.590277332334818,8.335859238449064,1.6499407138788138;5.222352165170459,5.2246686833336335,1.2953675730785918;4.241324229439376,12.456110153327092,0.3647650457406896;6.334813280978457,3.731836136358651,2.315285015721719;3.96199220928336,15.075728766947645,0.9109831433466773;13.470667831163155,10.03843225270554,1.3979717289653883;16.36473653509302,8.086891939973933,1.0265631417602112;9.356408901119345,2.787804101659744,0.20891529902825748;2.095021869582651,17.079045109775457,0.6495937887270954"
66,drone_1,11.776,11.611,13.942,14.674,"7.143965878414324,18.52253351862183,0.8394107337496143;6.637422351629716,5.81892506984119,0.6003018776062884;0.36590554591665037,16.596997027271488,0.20777990884561767;16.70210735212728,10.387662511155286,2.4865164910063826;17.575883932032223,2.721593568127446,1.6479158532570475;1.2973598084027889,12.541582926626493,1.1930564938806265;5.325463640573792,3.699943652690364,0.9547411468291342;2.859297170747846,7.553503878133155,2.1925507706303717;10.533388546054491,10.175620803711702,0.4434834056225819;13.471363977912578,4.924285787991767,1.3272358809753264;3.1989281854844065,17.094804049625413,0.4405086223709195;3.721082089191997,8.881385548157215,0.35484045745388293;6.101545181256263,8.790137986408395,1.2639000034553933;14.737980355806986,8.782652679798053,1.0509056472900933;8.401310070704824,11.991886299150524,1.2062214485731173;17.06132291164363,16.261464942281574,1.3345172871816686;17.339109943706937,6.311506988921403,2.300624148151509;14.590277332334818,8.335859238449064,1.6499407138788138;5.222352165170459,5.2246686833336335,1.2953675730785918;4.241324229439376,12.456110153327092,0.3647650457406896;6.334813280978457,3.731836136358651,2.315285015721719;3.96199220928336,15.075728766947645,0.9109831433466773;13.470667831163155,10.03843225270554,1.3979717289653883;16.36473653509302,8.086891939973933,1.0265631417602112;9.356408901119345,2.787804101659744,0.20891529902825748;2.095021869582651,17.079045109775457,0.6495937887270954"
66,drone_2,10.975,12.281,13.942,14.674,"7.143965878414324,18.52253351862183,0.8394107337496143;6.637422351629716,5.81892506984119,0.6003018776062884;0.36590554591665037,16.596997027271488,0.20777990884561767;16.70210735212728,10.387662511155286,2.4865164910063826;17.575883932032223,2.721593568127446,1.6479158532570475;1.2973598084027889,12.541582926626493,1.1930564938806265;5.325463640573792,3.699943652690364,0.9547411468291342;2.859297170747846,7.553503878133155,2.1925507706303717;10.533388546054491,10.175620803711702,0.4434834056225819;13.471363977912578,4.924285787991767,1.3272358809753264;3.1989281854844065,17.094804049625413,0.4405086223709195;3.721082089191997,8.881385548157215,0.35484045745388293;6.101545181256263,8.790137986408395,1.2639000034553933;14.737980355806986,8.782652679798053,1.0509056472900933;8.401310070704824,11.991886299150524,1.2062214485731173;17.06132291164363,16.261464942281574,1.3345172871816686;17.339109943706937,6.311506988921403,2.300624148151509;14.590277332334818,8.335859238449064,1.6499407138788138;5.222352165170459,5.2246686833336335,1.2953675730785918;4.241324229439376,12.456110153327092,0.3647650457406896;6.334813280978457,3.731836136358651,2.315285015721719;3.96199220928336,15.075728766947645,0.9109831433466773;13.470667831163155,10.03843225270554,1.3979717289653883;16.36473653509302,8.086891939973933,1.0265631417602112;9.356408901119345,2.787804101659744,0.20891529902825748;2.095021869582651,17.079045109775457,0.6495937887270954"
66,drone_3,13.467,12.921,13.942,14.674,"7.143965878414324,18.52253351862183,0.8394107337496143;6.637422351629716,5.81892506984119,0.6003018776062884;0.36590554591665037,16.596997027271488,0.20777990884561767;16.70210735212728,10.387662511155286,2.4865164910063826;17.575883932032223,2.721593568127446,1.6479158532570475;1.2973598084027889,12.541582926626493,1.1930564938806265;5.325463640573792,3.699943652690364,0.9547411468291342;2.859297170747846,7.553503878133155,2.1925507706303717;10.533388546054491,10.175620803711702,0.4434834056225819;13.471363977912578,4.924285787991767,1.3272358809753264;3.1989281854844065,17.094804049625413,0.4405086223709195;3.721082089191997,8.881385548157215,0.35484045745388293;6.101545181256263,8.790137986408395,1.2639000034553933;14.737980355806986,8.782652679798053,1.0509056472900933;8.401310070704824,11.991886299150524,1.2062214485731173;17.06132291164363,16.261464942281574,1.3345172871816686;17.339109943706937,6.311506988921403,2.300624148151509;14.590277332334818,8.335859238449064,1.6499407138788138;5.222352165170459,5.2246686833336335,1.2953675730785918;4.241324229439376,12.456110153327092,0.3647650457406896;6.334813280978457,3.731836136358651,2.315285015721719;3.96199220928336,15.075728766947645,0.9109831433466773;13.470667831163155,10.03843225270554,1.3979717289653883;16.36473653509302,8.086891939973933,1.0265631417602112;9.356408901119345,2.787804101659744,0.20891529902825748;2.095021869582651,17.079045109775457,0.6495937887270954"
66,drone_4,12.447,13.724,13.942,14.674,"7.143965878414324,18.52253351862183,0.8394107337496143;6.637422351629716,5.81892506984119,0.6003018776062884;0.36590554591665037,16.596997027271488,0.20777990884561767;16.70210735212728,10.387662511155286,2.4865164910063826;17.575883932032223,2.721593568127446,1.6479158532570475;1.2973598084027889,12.541582926626493,1.1930564938806265;5.325463640573792,3.699943652690364,0.9547411468291342;2.859297170747846,7.553503878133155,2.1925507706303717;10.533388546054491,10.175620803711702,0.4434834056225819;13.471363977912578,4.924285787991767,1.3272358809753264;3.1989281854844065,17.094804049625413,0.4405086223709195;3.721082089191997,8.881385548157215,0.35484045745388293;6.101545181256263,8.790137986408395,1.2639000034553933;14.737980355806986,8.782652679798053,1.0509056472900933;8.401310070704824,11.991886299150524,1.2062214485731173;17.06132291164363,16.261464942281574,1.3345172871816686;17.339109943706937,6.311506988921403,2.300624148151509;14.590277332334818,8.335859238449064,1.6499407138788138;5.222352165170459,5.2246686833336335,1.2953675730785918;4.241324229439376,12.456110153327092,0.3647650457406896;6.334813280978457,3.731836136358651,2.315285015721719;3.96199220928336,15.075728766947645,0.9109831433466773;13.470667831163155,10.03843225270554,1.3979717289653883;16.36473653509302,8.086891939973933,1.0265631417602112;9.356408901119345,2.787804101659744,0.20891529902825748;2.095021869582651,17.079045109775457,0.6495937887270954"
66,drone_7,11.510,10.471,13.942,14.674,"7.143965878414324,18.52253351862183,0.8394107337496143;6.637422351629716,5.81892506984119,0.6003018776062884;0.36590554591665037,16.596997027271488,0.20777990884561767;16.70210735212728,10.387662511155286,2.4865164910063826;17.575883932032223,2.721593568127446,1.6479158532570475;1.2973598084027889,12.541582926626493,1.1930564938806265;5.325463640573792,3.699943652690364,0.9547411468291342;2.859297170747846,7.553503878133155,2.1925507706303717;10.533388546054491,10.175620803711702,0.4434834056225819;13.471363977912578,4.924285787991767,1.3272358809753264;3.1989281854844065,17.094804049625413,0.4405086223709195;3.721082089191997,8.881385548157215,0.35484045745388293;6.101545181256263,8.790137986408395,1.2639000034553933;14.737980355806986,8.782652679798053,1.0509056472900933;8.401310070704824,11.991886299150524,1.2062214485731173;17.06132291164363,16.261464942281574,1.3345172871816686;17.339109943706937,6.311506988921403,2.300624148151509;14.590277332334818,8.335859238449064,1.6499407138788138;5.222352165170459,5.2246686833336335,1.2953675730785918;4.241324229439376,12.456110153327092,0.3647650457406896;6.334813280978457,3.731836136358651,2.315285015721719;3.96199220928336,15.075728766947645,0.9109831433466773;13.470667831163155,10.03843225270554,1.3979717289653883;16.36473653509302,8.086891939973933,1.0265631417602112;9.356408901119345,2.787804101659744,0.20891529902825748;2.095021869582651,17.079045109775457,0.6495937887270954"
66,drone_8,12.363,11.987,13.942,14.674,"7.143965878414324,18.52253351862183,0.8394107337496143;6.637422351629716,5.81892506984119,0.6003018776062884;0.36590554591665037,16.596997027271488,0.20777990884561767;16.70210735212728,10.387662511155286,2.4865164910063826;17.575883932032223,2.721593568127446,1.6479158532570475;1.2973598084027889,12.541582926626493,1.1930564938806265;5.325463640573792,3.699943652690364,0.9547411468291342;2.859297170747846,7.553503878133155,2.1925507706303717;10.533388546054491,10.175620803711702,0.4434834056225819;13.471363977912578,4.924285787991767,1.3272358809753264;3.1989281854844065,17.094804049625413,0.4405086223709195;3.721082089191997,8.881385548157215,0.35484045745388293;6.101545181256263,8.790137986408395,1.2639000034553933;14.737980355806986,8.782652679798053,1.0509056472900933;8.401310070704824,11.991886299150524,1.2062214485731173;17.06132291164363,16.261464942281574,1.3345172871816686;17.339109943706937,6.311506988921403,2.300624148151509;14.590277332334818,8.335859238449064,1.6499407138788138;5.222352165170459,5.2246686833336335,1.2953675730785918;4.241324229439376,12.456110153327092,0.3647650457406896;6.334813280978457,3.731836136358651,2.315285015721719;3.96199220928336,15.075728766947645,0.9109831433466773;13.470667831163155,10.03843225270554,1.3979717289653883;16.36473653509302,8.086891939973933,1.0265631417602112;9.356408901119345,2.787804101659744,0.20891529902825748;2.095021869582651,17.079045109775457,0.6495937887270954"
66,drone_9,13.497,13.729,13.942,14.674,"7.143965878414324,18.52253351862183,0.8394107337496143;6.637422351629716,5.81892506984119,0.6003018776062884;0.36590554591665037,16.596997027271488,0.20777990884561767;16.70210735212728,10.387662511155286,2.4865164910063826;17.575883932032223,2.721593568127446,1.6479158532570475;1.2973598084027889,12.541582926626493,1.1930564938806265;5.325463640573792,3.699943652690364,0.9547411468291342;2.859297170747846,7.553503878133155,2.1925507706303717;10.533388546054491,10.175620803711702,0.4434834056225819;13.471363977912578,4.924285787991767,1.3272358809753264;3.1989281854844065,17.094804049625413,0.4405086223709195;3.721082089191997,8.881385548157215,0.35484045745388293;6.101545181256263,8.790137986408395,1.2639000034553933;14.737980355806986,8.782652679798053,1.0509056472900933;8.401310070704824,11.991886299150524,1.2062214485731173;17.06132291164363,16.261464942281574,1.3345172871816686;17.339109943706937,6.311506988921403,2.300624148151509;14.590277332334818,8.335859238449064,1.6499407138788138;5.222352165170459,5.2246686833336335,1.2953675730785918;4.241324229439376,12.456110153327092,0.3647650457406896;6.334813280978457,3.731836136358651,2.315285015721719;3.96199220928336,15.075728766947645,0.9109831433466773;13.470667831163155,10.03843225270554,1.3979717289653883;16.36473653509302,8.086891939973933,1.0265631417602112;9.356408901119345,2.787804101659744,0.20891529902825748;2.095021869582651,17.079045109775457,0.6495937887270954"
67,drone_1,11.763,11.782,13.942,14.674,"7.143965878414324,18.52253351862183,0.8394107337496143;6.637422351629716,5.81892506984119,0.6003018776062884;0.36590554591665037,16.596997027271488,0.20777990884561767;16.70210735212728,10.387662511155286,2.4865164910063826;17.575883932032223,2.721593568127446,1.6479158532570475;1.2973598084027889,12.541582926626493,1.1930564938806265;5.325463640573792,3.699943652690364,0.9547411468291342;2.859297170747846,7.553503878133155,2.1925507706303717;10.533388546054491,10.175620803711702,0.4434834056225819;13.471363977912578,4.924285787991767,1.3272358809753264;3.1989281854844065,17.094804049625413,0.4405086223709195;3.721082089191997,8.881385548157215,0.35484045745388293;6.101545181256263,8.790137986408395,1.2639000034553933;14.737980355806986,8.782652679798053,1.0509056472900933;8.401310070704824,11.991886299150524,1.2062214485731173;17.06132291164363,16.261464942281574,1.3345172871816686;17.339109943706937,6.311506988921403,2.300624148151509;14.590277332334818,8.335859238449064,1.6499407138788138;5.222352165170459,5.2246686833336335,1.2953675730785918;4.241324229439376,12.456110153327092,0.3647650457406896;6.334813280978457,3.731836136358651,2.315285015721719;3.96199220928336,15.075728766947645,0.9109831433466773;13.470667831163155,10.03843225270554,1.3979717289653883;16.36473653509302,8.086891939973933,1.0265631417602112;9.356408901119345,2.787804101659744,0.20891529902825748;2.095021869582651,17.079045109775457,0.6495937887270954"
67,drone_2,11.097,12.403,13.942,14.674,"7.143965878414324,18.52253351862183,0.8394107337496143;6.637422351629716,5.81892506984119,0.6003018776062884;0.36590554591665037,16.596997027271488,0.20777990884561767;16.70210735212728,10.387662511155286,2.4865164910063826;17.575883932032223,2.721593568127446,1.6479158532570475;1.2973598084027889,12.541582926626493,1.1930564938806265;5.325463640573792,3.699943652690364,0.9547411468291342;2.859297170747846,7.553503878133155,2.1925507706303717;10.533388546054491,10.175620803711702,0.4434834056225819;13.471363977912578,4.924285787991767,1.3272358809753264;3.1989281854844065,17.094804049625413,0.4405086223709195;3.721082089191997,8.881385548157215,0.35484045745388293;6.101545181256263,8.790137986408395,1.2639000034553933;14.737980355806986,8.782652679798053,1.0509056472900933;8.401310070704824,11.991886299150524,1.2062214485731173;17.06132291164363,16.261464942281574,1.3345172871816686;17.339109943706937,6.311506988921403,2.300624148151509;14.590277332334818,8.335859238449064,1.6499407138788138;5.222352165170459,5.2246686833336335,1.2953675730785918;4.241324229439376,12.456110153327092,0.3647650457406896;6.334813280978457,3.731836136358651,2.315285015721719;3.96199220928336,15.075728766947645,0.9109831433466773;13.470667831163155,10.03843225270554,1.3979717289653883;16.36473653509302,8.086891939973933,1.0265631417602112;9.356408901119345,2.787804101659744,0.20891529902825748;2.095021869582651,17.079045109775457,0.6495937887270954"
67,drone_3,13.589,13.043,13.942,14.674,"7.143965878414324,18.52253351862183,0.8394107337496143;6.637422351629716,5.81892506984119,0.6003018776062884;0.36590554591665037,16.596997027271488,0.20777990884561767;16.70210735212728,10.387662511155286,2.4865164910063826;17.575883932032223,2.721593568127446,1.6479158532570475;1.2973598084027889,12.541582926626493,1.1930564938806265;5.325463640573792,3.699943652690364,0.9547411468291342;2.859297170747846,7.553503878133155,2.1925507706303717;10.533388546054491,10.175620803711702,0.4434834056225819;13.471363977912578,4.924285787991767,1.3272358809753264;3.1989281854844065,17.094804049625413,0.4405086223709195;3.721082089191997,8.881385548157215,0.35484045745388293;6.101545181256263,8.790137986408395,1.2639000034553933;14.737980355806986,8.782652679798053,1.0509056472900933;8.401310070704824,11.991886299150524,1.2062214485731173;17.06132291164363,16.261464942281574,1.3345172871816686;17.339109943706937,6.311506988921403,2.300624148151509;14.590277332334818,8.335859238449064,1.6499407138788138;5.222352165170459,5.2246686833336335,1.2953675730785918;4.241324229439376,12.456110153327092,0.3647650457406896;6.334813280978457,3.731836136358651,2.315285015721719;3.96199220928336,15.075728766947645,0.9109831433466773;13.470667831163155,10.03843225270554,1.3979717289653883;16.36473653509302,8.086891939973933,1.0265631417602112;9.356408901119345,2.787804101659744,0.20891529902825748;2.095021869582651,17.079045109775457,0.6495937887270954"
67,drone_4,12.588,13.866,13.942,14.674,"7.143965878414324,18.52253351862183,0.8394107337496143;6.637422351629716,5.81892506984119,0.6003018776062884;0.36590554591665037,16.596997027271488,0.20777990884561767;16.70210735212728,10.387662511155286,2.4865164910063826;17.575883932032223,2.721593568127446,1.6479158532570475;1.2973598084027889,12.541582926626493,1.1930564938806265;5.325463640573792,3.699943652690364,0.9547411468291342;2.859297170747846,7.553503878133155,2.1925507706303717;10.533388546054491,10.175620803711702,0.4434834056225819;13.471363977912578,4.924285787991767,1.3272358809753264;3.1989281854844065,17.094804049625413,0.4405086223709195;3.721082089191997,8.881385548157215,0.35484045745388293;6.101545181256263,8.790137986408395,1.2639000034553933;14.737980355806986,8.782652679798053,1.0509056472900933;8.401310070704824,11.991886299150524,1.2062214485731173;17.06132291164363,16.261464942281574,1.3345172871816686;17.339109943706937,6.311506988921403,2.300624148151509;14.590277332334818,8.335859238449064,1.6499407138788138;5.222352165170459,5.2246686833336335,1.2953675730785918;4.241324229439376,12.456110153327092,0.3647650457406896;6.334813280978457,3.731836136358651,2.315285015721719;3.96199220928336,15.075728766947645,0.9109831433466773;13.470667831163155,10.03843225270554,1.3979717289653883;16.36473653509302,8.086891939973933,1.0265631417602112;9.356408901119345,2.787804101659744,0.20891529902825748;2.095021869582651,17.079045109775457,0.6495937887270954"
67,drone_7,11.571,10.661,13.942,14.674,"7.143965878414324,18.52253351862183,0.8394107337496143;6.637422351629716,5.81892506984119,0.6003018776062884;0.36590554591665037,16.596997027271488,0.20777990884561767;16.70210735212728,10.387662511155286,2.4865164910063826;17.575883932032223,2.721593568127446,1.6479158532570475;1.2973598084027889,12.541582926626493,1.1930564938806265;5.325463640573792,3.699943652690364,0.9547411468291342;2.859297170747846,7.553503878133155,2.1925507706303717;10.533388546054491,10.175620803711702,0.4434834056225819;13.471363977912578,4.924285787991767,1.3272358809753264;3.1989281854844065,17.094804049625413,0.4405086223709195;3.721082089191997,8.881385548157215,0.35484045745388293;6.101545181256263,8.790137986408395,1.2639000034553933;14.737980355806986,8.782652679798053,1.0509056472900933;8.401310070704824,11.991886299150524,1.2062214485731173;17.06132291164363,16.261464942281574,1.3345172871816686;17.339109943706937,6.311506988921403,2.300624148151509;14.590277332334818,8.335859238449064,1.6499407138788138;5.222352165170459,5.2246686833336335,1.2953675730785918;4.241324229439376,12.456110153327092,0.3647650457406896;6.334813280978457,3.731836136358651,2.315285015721719;3.96199220928336,15.075728766947645,0.9109831433466773;13.470667831163155,10.03843225270554,1.3979717289653883;16.36473653509302,8.086891939973933,1.0265631417602112;9.356408901119345,2.787804101659744,0.20891529902825748;2.095021869582651,17.079045109775457,0.6495937887270954"
67,drone_8,12.484,12.109,13.942,14.674,"7.143965878414324,18.52253351862183,0.8394107337496143;6.637422351629716,5.81892506984119,0.6003018776062884;0.36590554591665037,16.596997027271488,0.20777990884561767;16.70210735212728,10.387662511155286,2.4865164910063826;17.575883932032223,2.721593568127446,1.6479158532570475;1.2973598084027889,12.541582926626493,1.1930564938806265;5.325463640573792,3.699943652690364,0.9547411468291342;2.859297170747846,7.553503878133155,2.1925507706303717;10.533388546054491,10.175620803711702,0.4434834056225819;13.471363977912578,4.924285787991767,1.3272358809753264;3.1989281854844065,17.094804049625413,0.4405086223709195;3.721082089191997,8.881385548157215,0.35484045745388293;6.101545181256263,8.790137986408395,1.2639000034553933;14.737980355806986,8.782652679798053,1.0509056472900933;8.401310070704824,11.991886299150524,1.2062214485731173;17.06132291164363,16.261464942281574,1.3345172871816686;17.339109943706937,6.311506988921403,2.300624148151509;14.590277332334818,8.335859238449064,1.6499407138788138;5.222352165170459,5.2246686833336335,1.2953675730785918;4.241324229439376,12.456110153327092,0.3647650457406896;6.334813280978457,3.731836136358651,2.315285015721719;3.96199220928336,15.075728766947645,0.9109831433466773;13.470667831163155,10.03843225270554,1.3979717289653883;16.36473653509302,8.086891939973933,1.0265631417602112;9.356408901119345,2.787804101659744,0.20891529902825748;2.095021869582651,17.079045109775457,0.6495937887270954"
67,drone_9,-100.000,-100.000,13.942,14.674,"7.143965878414324,18.52253351862183,0.8394107337496143;6.637422351629716,5.81892506984119,0.6003018776062884;0.36590554591665037,16.596997027271488,0.20777990884561767;16.70210735212728,10.387662511155286,2.4865164910063826;17.575883932032223,2.721593568127446,1.6479158532570475;1.2973598084027889,12.541582926626493,1.1930564938806265;5.325463640573792,3.699943652690364,0.9547411468291342;2.859297170747846,7.553503878133155,2.1925507706303717;10.533388546054491,10.175620803711702,0.4434834056225819;13.471363977912578,4.924285787991767,1.3272358809753264;3.1989281854844065,17.094804049625413,0.4405086223709195;3.721082089191997,8.881385548157215,0.35484045745388293;6.101545181256263,8.790137986408395,1.2639000034553933;14.737980355806986,8.782652679798053,1.0509056472900933;8.401310070704824,11.991886299150524,1.2062214485731173;17.06132291164363,16.261464942281574,1.3345172871816686;17.339109943706937,6.311506988921403,2.300624148151509;14.590277332334818,8.335859238449064,1.6499407138788138;5.222352165170459,5.2246686833336335,1.2953675730785918;4.241324229439376,12.456110153327092,0.3647650457406896;6.334813280978457,3.731836136358651,2.315285015721719;3.96199220928336,15.075728766947645,0.9109831433466773;13.470667831163155,10.03843225270554,1.3979717289653883;16.36473653509302,8.086891939973933,1.0265631417602112;9.356408901119345,2.787804101659744,0.20891529902825748;2.095021869582651,17.079045109775457,0.6495937887270954"
68,drone_1,11.808,11.924,13.942,14.674,"7.143965878414324,18.52253351862183,0.8394107337496143;6.637422351629716,5.81892506984119,0.6003018776062884;0.36590554591665037,16.596997027271488,0.20777990884561767;16.70210735212728,10.387662511155286,2.4865164910063826;17.575883932032223,2.721593568127446,1.6479158532570475;1.2973598084027889,12.541582926626493,1.1930564938806265;5.325463640573792,3.699943652690364,0.9547411468291342;2.859297170747846,7.553503878133155,2.1925507706303717;10.533388546054491,10.175620803711702,0.4434834056225819;13.471363977912578,4.924285787991767,1.3272358809753264;3.1989281854844065,17.094804049625413,0.4405086223709195;3.721082089191997,8.881385548157215,0.35484045745388293;6.101545181256263,8.790137986408395,1.2639000034553933;14.737980355806986,8.782652679798053,1.0509056472900933;8.401310070704824,11.991886299150524,1.2062214485731173;17.06132291164363,16.261464942281574,1.3345172871816686;17.339109943706937,6.311506988921403,2.300624148151509;14.590277332334818,8.335859238449064,1.6499407138788138;5.222352165170459,5.2246686833336335,1.2953675730785918;4.241324229439376,12.456110153327092,0.3647650457406896;6.334813280978457,3.731836136358651,2.315285015721719;3.96199220928336,15.075728766947645,0.9109831433466773;13.470667831163155,10.03843225270554,1.3979717289653883;16.36473653509302,8.086891939973933,1.0265631417602112;9.356408901119345,2.787804101659744,0.20891529902825748;2.095021869582651,17.079045109775457,0.6495937887270954"
68,drone_2,11.219,12.524,13.942,14.674,"7.143965878414324,18.52253351862183,0.8394107337496143;6.637422351629716,5.81892506984119,0.6003018776062884;0.36590554591665037,16.596997027271488,0.20777990884561767;16.70210735212728,10.387662511155286,2.4865164910063826;17.575883932032223,2.721593568127446,1.6479158532570475;1.2973598084027889,12.541582926626493,1.1930564938806265;5.325463640573792,3.699943652690364,0.9547411468291342;2.859297170747846,7.553503878133155,2.1925507706303717;10.533388546054491,10.175620803711702,0.4434834056225819;13.471363977912578,4.924285787991767,1.3272358809753264;3.1989281854844065,17.094804049625413,0.4405086223709195;3.721082089191997,8.881385548157215,0.35484045745388293;6.101545181256263,8.790137986408395,1.2639000034553933;14.737980355806986,8.782652679798053,1.0509056472900933;8.401310070704824,11.991886299150524,1.2062214485731173;17.06132291164363,16.261464942281574,1.3345172871816686;17.339109943706937,6.311506988921403,2.300624148151509;14.590277332334818,8.335859238449064,1.6499407138788138;5.222352165170459,5.2246686833336335,1.2953675730785918;4.241324229439376,12.456110153327092,0.3647650457406896;6.334813280978457,3.731836136358651,2.315285015721719;3.96199220928336,15.075728766947645,0.9109831433466773;13.470667831163155,10.03843225270554,1.3979717289653883;16.36473653509302,8.086891939973933,1.0265631417602112;9.356408901119345,2.787804101659744,0.20891529902825748;2.095021869582651,17.079045109775457,0.6495937887270954"
68,drone_3,13.730,13.184,13.942,14.674,"7.143965878414324,18.52253351862183,0.8394107337496143;6.637422351629716,5.81892506984119,0.6003018776062884;0.36590554591665037,16.596997027271488,0.20777990884561767;16.70210735212728,10.387662511155286,2.4865164910063826;17.575883932032223,2.721593568127446,1.6479158532570475;1.2973598084027889,12.541582926626493,1.1930564938806265;5.325463640573792,3.699943652690364,0.9547411468291342;2.859297170747846,7.553503878133155,2.1925507706303717;10.533388546054491,10.175620803711702,0.4434834056225819;13.471363977912578,4.924285787991767,1.3272358809753264;3.1989281854844065,17.094804049625413,0.4405086223709195;3.721082089191997,8.881385548157215,0.35484045745388293;6.101545181256263,8.790137986408395,1.2639000034553933;14.737980355806986,8.782652679798053,1.0509056472900933;8.401310070704824,11.991886299150524,1.2062214485731173;17.06132291164363,16.261464942281574,1.3345172871816686;17.339109943706937,6.311506988921403,2.300624148151509;14.590277332334818,8.335859238449064,1.6499407138788138;5.222352165170459,5.2246686833336335,1.2953675730785918;4.241324229439376,12.456110153327092,0.3647650457406896;6.334813280978457,3.731836136358651,2.315285015721719;3.96199220928336,15.075728766947645,0.9109831433466773;13.470667831163155,10.03843225270554,1.3979717289653883;16.36473653509302,8.086891939973933,1.0265631417602112;9.356408901119345,2.787804101659744,0.20891529902825748;2.095021869582651,17.079045109775457,0.6495937887270954"
68,drone_4,12.730,14.007,13.942,14.674,"7.143965878414324,18.52253351862183,0.8394107337496143;6.637422351629716,5.81892506984119,0.6003018776062884;0.36590554591665037,16.596997027271488,0.20777990884561767;16.70210735212728,10.387662511155286,2.4865164910063826;17.575883932032223,2.721593568127446,1.6479158532570475;1.2973598084027889,12.541582926626493,1.1930564938806265;5.325463640573792,3.699943652690364,0.9547411468291342;2.859297170747846,7.553503878133155,2.1925507706303717;10.533388546054491,10.175620803711702,0.4434834056225819;13.471363977912578,4.924285787991767,1.3272358809753264;3.1989281854844065,17.094804049625413,0.4405086223709195;3.721082089191997,8.881385548157215,0.35484045745388293;6.101545181256263,8.790137986408395,1.2639000034553933;14.737980355806986,8.782652679798053,1.0509056472900933;8.401310070704824,11.991886299150524,1.2062214485731173;17.06132291164363,16.261464942281574,1.3345172871816686;17.339109943706937,6.311506988921403,2.300624148151509;14.590277332334818,8.335859238449064,1.6499407138788138;5.222352165170459,5.2246686833336335,1.2953675730785918;4.241324229439376,12.456110153327092,0.3647650457406896;6.334813280978457,3.731836136358651,2.315285015721719;3.96199220928336,15.075728766947645,0.9109831433466773;13.470667831163155,10.03843225270554,1.3979717289653883;16.36473653509302,8.086891939973933,1.0265631417602112;9.356408901119345,2.787804101659744,0.20891529902825748;2.095021869582651,17.079045109775457,0.6495937887270954"
68,drone_7,11.545,10.859,13.942,14.674,"7.143965878414324,18.52253351862183,0.8394107337496143;6.637422351629716,5.81892506984119,0.6003018776062884;0.36590554591665037,16.596997027271488,0.20777990884561767;16.70210735212728,10.387662511155286,2.4865164910063826;17.575883932032223,2.721593568127446,1.6479158532570475;1.2973598084027889,12.541582926626493,1.1930564938806265;5.325463640573792,3.699943652690364,0.9547411468291342;2.859297170747846,7.553503878133155,2.1925507706303717;10.533388546054491,10.175620803711702,0.4434834056225819;13.471363977912578,4.924285787991767,1.3272358809753264;3.1989281854844065,17.094804049625413,0.4405086223709195;3.721082089191997,8.881385548157215,0.35484045745388293;6.101545181256263,8.790137986408395,1.2639000034553933;14.737980355806986,8.782652679798053,1.0509056472900933;8.401310070704824,11.991886299150524,1.2062214485731173;17.06132291164363,16.261464942281574,1.3345172871816686;17.339109943706937,6.311506988921403,2.300624148151509;14.590277332334818,8.335859238449064,1.6499407138788138;5.222352165170459,5.2246686833336335,1.2953675730785918;4.241324229439376,12.456110153327092,0.3647650457406896;6.334813280978457,3.731836136358651,2.315285015721719;3.96199220928336,15.075728766947645,0.9109831433466773;13.470667831163155,10.03843225270554,1.3979717289653883;16.36473653509302,8.086891939973933,1.0265631417602112;9.356408901119345,2.787804101659744,0.20891529902825748;2.095021869582651,17.079045109775457,0.6495937887270954"
68,drone_8,12.606,12.230,13.942,14.674,"7.143965878414324,18.52253351862183,0.8394107337496143;6.637422351629716,5.81892506984119,0.6003018776062884;0.36590554591665037,16.596997027271488,0.20777990884561767;16.70210735212728,10.387662511155286,2.4865164910063826;17.575883932032223,2.721593568127446,1.6479158532570475;1.2973598084027889,12.541582926626493,1.1930564938806265;5.325463640573792,3.699943652690364,0.9547411468291342;2.859297170747846,7.553503878133155,2.1925507706303717;10.533388546054491,10.175620803711702,0.4434834056225819;13.471363977912578,4.924285787991767,1.3272358809753264;3.1989281854844065,17.094804049625413,0.4405086223709195;3.721082089191997,8.881385548157215,0.35484045745388293;6.101545181256263,8.790137986408395,1.2639000034553933;14.737980355806986,8.782652679798053,1.0509056472900933;8.401310070704824,11.991886299150524,1.2062214485731173;17.06132291164363,16.261464942281574,1.3345172871816686;17.339109943706937,6.311506988921403,2.300624148151509;14.590277332334818,8.335859238449064,1.6499407138788138;5.222352165170459,5.2246686833336335,1.2953675730785918;4.241324229439376,12.456110153327092,0.3647650457406896;6.334813280978457,3.731836136358651,2.315285015721719;3.96199220928336,15.075728766947645,0.9109831433466773;13.470667831163155,10.03843225270554,1.3979717289653883;16.36473653509302,8.086891939973933,1.0265631417602112;9.356408901119345,2.787804101659744,0.20891529902825748;2.095021869582651,17.079045109775457,0.6495937887270954"
69,drone_1,11.884,12.051,13.942,14.674,"7.143965878414324,18.52253351862183,0.8394107337496143;6.637422351629716,5.81892506984119,0.6003018776062884;0.36590554591665037,16.596997027271488,0.20777990884561767;16.70210735212728,10.387662511155286,2.4865164910063826;17.575883932032223,2.721593568127446,1.6479158532570475;1.2973598084027889,12.541582926626493,1.1930564938806265;5.325463640573792,3.699943652690364,0.9547411468291342;2.859297170747846,7.553503878133155,2.1925507706303717;10.533388546054491,10.175620803711702,0.4434834056225819;13.471363977912578,4.924285787991767,1.3272358809753264;3.1989281854844065,17.094804049625413,0.4405086223709195;3.721082089191997,8.881385548157215,0.35484045745388293;6.101545181256263,8.790137986408395,1.2639000034553933;14.737980355806986,8.782652679798053,1.0509056472900933;8.401310070704824,11.991886299150524,1.2062214485731173;17.06132291164363,16.261464942281574,1.3345172871816686;17.339109943706937,6.311506988921403,2.300624148151509;14.590277332334818,8.335859238449064,1.6499407138788138;5.222352165170459,5.2246686833336335,1.2953675730785918;4.241324229439376,12.456110153327092,0.3647650457406896;6.334813280978457,3.731836136358651,2.315285015721719;3.96199220928336,15.075728766947645,0.9109831433466773;13.470667831163155,10.03843225270554,1.3979717289653883;16.36473653509302,8.086891939973933,1.0265631417602112;9.356408901119345,2.787804101659744,0.20891529902825748;2.095021869582651,17.079045109775457,0.6495937887270954"
69,drone_2,11.340,12.646,13.942,14.674,"7.143965878414324,18.52253351862183,0.8394107337496143;6.637422351629716,5.81892506984119,0.6003018776062884;0.36590554591665037,16.596997027271488,0.20777990884561767;16.70210735212728,10.387662511155286,2.4865164910063826;17.575883932032223,2.721593568127446,1.6479158532570475;1.2973598084027889,12.541582926626493,1.1930564938806265;5.325463640573792,3.699943652690364,0.9547411468291342;2.859297170747846,7.553503878133155,2.1925507706303717;10.533388546054491,10.175620803711702,0.4434834056225819;13.471363977912578,4.924285787991767,1.3272358809753264;3.1989281854844065,17.094804049625413,0.4405086223709195;3.721082089191997,8.881385548157215,0.35484045745388293;6.101545181256263,8.790137986408395,1.2639000034553933;14.737980355806986,8.782652679798053,1.0509056472900933;8.401310070704824,11.991886299150524,1.2062214485731173;17.06132291164363,16.261464942281574,1.3345172871816686;17.339109943706937,6.311506988921403,2.300624148151509;14.590277332334818,8.335859238449064,1.6499407138788138;5.222352165170459,5.2246686833336335,1.2953675730785918;4.241324229439376,12.456110153327092,0.3647650457406896;6.334813280978457,3.731836136358651,2.315285015721719;3.96199220928336,15.075728766947645,0.9109831433466773;13.470667831163155,10.03843225270554,1.3979717289653883;16.36473653509302,8.086891939973933,1.0265631417602112;9.356408901119345,2.787804101659744,0.20891529902825748;2.095021869582651,17.079045109775457,0.6495937887270954"
69,drone_3,13.764,13.381,13.942,14.674,"7.143965878414324,18.52253351862183,0.8394107337496143;6.637422351629716,5.81892506984119,0.6003018776062884;0.36590554591665037,16.596997027271488,0.20777990884561767;16.70210735212728,10.387662511155286,2.4865164910063826;17.575883932032223,2.721593568127446,1.6479158532570475;1.2973598084027889,12.541582926626493,1.1930564938806265;5.325463640573792,3.699943652690364,0.9547411468291342;2.859297170747846,7.553503878133155,2.1925507706303717;10.533388546054491,10.175620803711702,0.4434834056225819;13.471363977912578,4.924285787991767,1.3272358809753264;3.1989281854844065,17.094804049625413,0.4405086223709195;3.721082089191997,8.881385548157215,0.35484045745388293;6.101545181256263,8.790137986408395,1.2639000034553933;14.737980355806986,8.782652679798053,1.0509056472900933;8.401310070704824,11.991886299150524,1.2062214485731173;17.06132291164363,16.261464942281574,1.3345172871816686;17.339109943706937,6.311506988921403,2.300624148151509;14.590277332334818,8.335859238449064,1.6499407138788138;5.222352165170459,5.2246686833336335,1.2953675730785918;4.241324229439376,12.456110153327092,0.3647650457406896;6.334813280978457,3.731836136358651,2.315285015721719;3.96199220928336,15.075728766947645,0.9109831433466773;13.470667831163155,10.03843225270554,1.3979717289653883;16.36473653509302,8.086891939973933,1.0265631417602112;9.356408901119345,2.787804101659744,0.20891529902825748;2.095021869582651,17.079045109775457,0.6495937887270954"
69,drone_4,12.871,14.149,13.942,14.674,"7.143965878414324,18.52253351862183,0.8394107337496143;6.637422351629716,5.81892506984119,0.6003018776062884;0.36590554591665037,16.596997027271488,0.20777990884561767;16.70210735212728,10.387662511155286,2.4865164910063826;17.575883932032223,2.721593568127446,1.6479158532570475;1.2973598084027889,12.541582926626493,1.1930564938806265;5.325463640573792,3.699943652690364,0.9547411468291342;2.859297170747846,7.553503878133155,2.1925507706303717;10.533388546054491,10.175620803711702,0.4434834056225819;13.471363977912578,4.924285787991767,1.3272358809753264;3.1989281854844065,17.094804049625413,0.4405086223709195;3.721082089191997,8.881385548157215,0.35484045745388293;6.101545181256263,8.790137986408395,1.2639000034553933;14.737980355806986,8.782652679798053,1.0509056472900933;8.401310070704824,11.991886299150524,1.2062214485731173;17.06132291164363,16.261464942281574,1.3345172871816686;17.339109943706937,6.311506988921403,2.300624148151509;14.590277332334818,8.335859238449064,1.6499407138788138;5.222352165170459,5.2246686833336335,1.2953675730785918;4.241324229439376,12.456110153327092,0.3647650457406896;6.334813280978457,3.731836136358651,2.315285015721719;3.96199220928336,15.075728766947645,0.9109831433466773;13.470667831163155,10.03843225270554,1.3979717289653883;16.36473653509302,8.086891939973933,1.0265631417602112;9.356408901119345,2.787804101659744,0.20891529902825748;2.095021869582651,17.079045109775457,0.6495937887270954"
69,drone_7,11.593,11.053,13.942,14.674,"7.143965878414324,18.52253351862183,0.8394107337496143;6.637422351629716,5.81892506984119,0.6003018776062884;0.36590554591665037,16.596997027271488,0.20777990884561767;16.70210735212728,10.387662511155286,2.4865164910063826;17.575883932032223,2.721593568127446,1.6479158532570475;1.2973598084027889,12.541582926626493,1.1930564938806265;5.325463640573792,3.699943652690364,0.9547411468291342;2.859297170747846,7.553503878133155,2.1925507706303717;10.533388546054491,10.175620803711702,0.4434834056225819;13.471363977912578,4.924285787991767,1.3272358809753264;3.1989281854844065,17.094804049625413,0.4405086223709195;3.721082089191997,8.881385548157215,0.35484045745388293;6.101545181256263,8.790137986408395,1.2639000034553933;14.737980355806986,8.782652679798053,1.0509056472900933;8.401310070704824,11.991886299150524,1.2062214485731173;17.06132291164363,16.261464942281574,1.3345172871816686;17.339109943706937,6.311506988921403,2.300624148151509;14.590277332334818,8.335859238449064,1.6499407138788138;5.222352165170459,5.2246686833336335,1.2953675730785918;4.241324229439376,12.456110153327092,0.3647650457406896;6.334813280978457,3.731836136358651,2.315285015721719;3.96199220928336,15.075728766947645,0.9109831433466773;13.470667831163155,10.03843225270554,1.3979717289653883;16.36473653509302,8.086891939973933,1.0265631417602112;9.356408901119345,2.787804101659744,0.20891529902825748;2.095021869582651,17.079045109775457,0.6495937887270954"
69,drone_8,12.728,12.352,13.942,14.674,"7.143965878414324,18.52253351862183,0.8394107337496143;6.637422351629716,5.81892506984119,0.6003018776062884;0.36590554591665037,16.596997027271488,0.20777990884561767;16.70210735212728,10.387662511155286,2.4865164910063826;17.575883932032223,2.721593568127446,1.6479158532570475;1.2973598084027889,12.541582926626493,1.1930564938806265;5.325463640573792,3.699943652690364,0.9547411468291342;2.859297170747846,7.553503878133155,2.1925507706303717;10.533388546054491,10.175620803711702,0.4434834056225819;13.471363977912578,4.924285787991767,1.3272358809753264;3.1989281854844065,17.094804049625413,0.4405086223709195;3.721082089191997,8.881385548157215,0.35484045745388293;6.101545181256263,8.790137986408395,1.2639000034553933;14.737980355806986,8.782652679798053,1.0509056472900933;8.401310070704824,11.991886299150524,1.2062214485731173;17.06132291164363,16.261464942281574,1.3345172871816686;17.339109943706937,6.311506988921403,2.300624148151509;14.590277332334818,8.335859238449064,1.6499407138788138;5.222352165170459,5.2246686833336335,1.2953675730785918;4.241324229439376,12.456110153327092,0.3647650457406896;6.334813280978457,3.731836136358651,2.315285015721719;3.96199220928336,15.075728766947645,0.9109831433466773;13.470667831163155,10.03843225270554,1.3979717289653883;16.36473653509302,8.086891939973933,1.0265631417602112;9.356408901119345,2.787804101659744,0.20891529902825748;2.095021869582651,17.079045109775457,0.6495937887270954"
70,drone_1,11.975,12.168,13.942,14.674,"7.143965878414324,18.52253351862183,0.8394107337496143;6.637422351629716,5.81892506984119,0.6003018776062884;0.36590554591665037,16.596997027271488,0.20777990884561767;16.70210735212728,10.387662511155286,2.4865164910063826;17.575883932032223,2.721593568127446,1.6479158532570475;1.2973598084027889,12.541582926626493,1.1930564938806265;5.325463640573792,3.699943652690364,0.9547411468291342;2.859297170747846,7.553503878133155,2.1925507706303717;10.533388546054491,10.175620803711702,0.4434834056225819;13.471363977912578,4.924285787991767,1.3272358809753264;3.1989281854844065,17.094804049625413,0.4405086223709195;3.721082089191997,8.881385548157215,0.35484045745388293;6.101545181256263,8.790137986408395,1.2639000034553933;14.737980355806986,8.782652679798053,1.0509056472900933;8.401310070704824,11.991886299150524,1.2062214485731173;17.06132291164363,16.261464942281574,1.3345172871816686;17.339109943706937,6.311506988921403,2.300624148151509;14.590277332334818,8.335859238449064,1.6499407138788138;5.222352165170459,5.2246686833336335,1.2953675730785918;4.241324229439376,12.456110153327092,0.3647650457406896;6.334813280978457,3.731836136358651,2.315285015721719;3.96199220928336,15.075728766947645,0.9109831433466773;13.470667831163155,10.03843225270554,1.3979717289653883;16.36473653509302,8.086891939973933,1.0265631417602112;9.356408901119345,2.787804101659744,0.20891529902825748;2.095021869582651,17.079045109775457,0.6495937887270954"
70,drone_2,11.462,12.768,13.942,14.674,"7.143965878414324,18.52253351862183,0.8394107337496143;6.637422351629716,5.81892506984119,0.6003018776062884;0.36590554591665037,16.596997027271488,0.20777990884561767;16.70210735212728,10.387662511155286,2.4865164910063826;17.575883932032223,2.721593568127446,1.6479158532570475;1.2973598084027889,12.541582926626493,1.1930564938806265;5.325463640573792,3.699943652690364,0.9547411468291342;2.859297170747846,7.553503878133155,2.1925507706303717;10.533388546054491,10.175620803711702,0.4434834056225819;13.471363977912578,4.924285787991767,1.3272358809753264;3.1989281854844065,17.094804049625413,0.4405086223709195;3.721082089191997,8.881385548157215,0.35484045745388293;6.101545181256263,8.790137986408395,1.2639000034553933;14.737980355806986,8.782652679798053,1.0509056472900933;8.401310070704824,11.991886299150524,1.2062214485731173;17.06132291164363,16.261464942281574,1.3345172871816686;17.339109943706937,6.311506988921403,2.300624148151509;14.590277332334818,8.335859238449064,1.6499407138788138;5.222352165170459,5.2246686833336335,1.2953675730785918;4.241324229439376,12.456110153327092,0.3647650457406896;6.334813280978457,3.731836136358651,2.315285015721719;3.96199220928336,15.075728766947645,0.9109831433466773;13.470667831163155,10.03843225270554,1.3979717289653883;16.36473653509302,8.086891939973933,1.0265631417602112;9.356408901119345,2.787804101659744,0.20891529902825748;2.095021869582651,17.079045109775457,0.6495937887270954"
70,drone_3,13.846,13.564,13.942,14.674,"7.143965878414324,18.52253351862183,0.8394107337496143;6.637422351629716,5.81892506984119,0.6003018776062884;0.36590554591665037,16.596997027271488,0.20777990884561767;16.70210735212728,10.387662511155286,2.4865164910063826;17.575883932032223,2.721593568127446,1.6479158532570475;1.2973598084027889,12.541582926626493,1.1930564938806265;5.325463640573792,3.699943652690364,0.9547411468291342;2.859297170747846,7.553503878133155,2.1925507706303717;10.533388546054491,10.175620803711702,0.4434834056225819;13.471363977912578,4.924285787991767,1.3272358809753264;3.1989281854844065,17.094804049625413,0.4405086223709195;3.721082089191997,8.881385548157215,0.35484045745388293;6.101545181256263,8.790137986408395,1.2639000034553933;14.737980355806986,8.782652679798053,1.0509056472900933;8.401310070704824,11.991886299150524,1.2062214485731173;17.06132291164363,16.261464942281574,1.3345172871816686;17.339109943706937,6.311506988921403,2.300624148151509;14.590277332334818,8.335859238449064,1.6499407138788138;5.222352165170459,5.2246686833336335,1.2953675730785918;4.241324229439376,12.456110153327092,0.3647650457406896;6.334813280978457,3.731836136358651,2.315285015721719;3.96199220928336,15.075728766947645,0.9109831433466773;13.470667831163155,10.03843225270554,1.3979717289653883;16.36473653509302,8.086891939973933,1.0265631417602112;9.356408901119345,2.787804101659744,0.20891529902825748;2.095021869582651,17.079045109775457,0.6495937887270954"
70,drone_4,13.012,14.290,13.942,14.674,"7.143965878414324,18.52253351862183,0.8394107337496143;6.637422351629716,5.81892506984119,0.6003018776062884;0.36590554591665037,16.596997027271488,0.20777990884561767;16.70210735212728,10.387662511155286,2.4865164910063826;17.575883932032223,2.721593568127446,1.6479158532570475;1.2973598084027889,12.541582926626493,1.1930564938806265;5.325463640573792,3.699943652690364,0.9547411468291342;2.859297170747846,7.553503878133155,2.1925507706303717;10.533388546054491,10.175620803711702,0.4434834056225819;13.471363977912578,4.924285787991767,1.3272358809753264;3.1989281854844065,17.094804049625413,0.4405086223709195;3.721082089191997,8.881385548157215,0.35484045745388293;6.101545181256263,8.790137986408395,1.2639000034553933;14.737980355806986,8.782652679798053,1.0509056472900933;8.401310070704824,11.991886299150524,1.2062214485731173;17.06132291164363,16.261464942281574,1.3345172871816686;17.339109943706937,6.311506988921403,2.300624148151509;14.590277332334818,8.335859238449064,1.6499407138788138;5.222352165170459,5.2246686833336335,1.2953675730785918;4.241324229439376,12.456110153327092,0.3647650457406896;6.334813280978457,3.731836136358651,2.315285015721719;3.96199220928336,15.075728766947645,0.9109831433466773;13.470667831163155,10.03843225270554,1.3979717289653883;16.36473653509302,8.086891939973933,1.0265631417602112;9.356408901119345,2.787804101659744,0.20891529902825748;2.095021869582651,17.079045109775457,0.6495937887270954"
70,drone_7,11.682,11.232,13.942,14.674,"7.143965878414324,18.52253351862183,0.8394107337496143;6.637422351629716,5.81892506984119,0.6003018776062884;0.36590554591665037,16.596997027271488,0.20777990884561767;16.70210735212728,10.387662511155286,2.4865164910063826;17.575883932032223,2.721593568127446,1.6479158532570475;1.2973598084027889,12.541582926626493,1.1930564938806265;5.325463640573792,3.699943652690364,0.9547411468291342;2.859297170747846,7.553503878133155,2.1925507706303717;10.533388546054491,10.175620803711702,0.4434834056225819;13.471363977912578,4.924285787991767,1.3272358809753264;3.1989281854844065,17.094804049625413,0.4405086223709195;3.721082089191997,8.881385548157215,0.35484045745388293;6.101545181256263,8.790137986408395,1.2639000034553933;14.737980355806986,8.782652679798053,1.0509056472900933;8.401310070704824,11.991886299150524,1.2062214485731173;17.06132291164363,16.261464942281574,1.3345172871816686;17.339109943706937,6.311506988921403,2.300624148151509;14.590277332334818,8.335859238449064,1.6499407138788138;5.222352165170459,5.2246686833336335,1.2953675730785918;4.241324229439376,12.456110153327092,0.3647650457406896;6.334813280978457,3.731836136358651,2.315285015721719;3.96199220928336,15.075728766947645,0.9109831433466773;13.470667831163155,10.03843225270554,1.3979717289653883;16.36473653509302,8.086891939973933,1.0265631417602112;9.356408901119345,2.787804101659744,0.20891529902825748;2.095021869582651,17.079045109775457,0.6495937887270954"
70,drone_8,12.849,12.474,13.942,14.674,"7.143965878414324,18.52253351862183,0.8394107337496143;6.637422351629716,5.81892506984119,0.6003018776062884;0.36590554591665037,16.596997027271488,0.20777990884561767;16.70210735212728,10.387662511155286,2.4865164910063826;17.575883932032223,2.721593568127446,1.6479158532570475;1.2973598084027889,12.541582926626493,1.1930564938806265;5.325463640573792,3.699943652690364,0.9547411468291342;2.859297170747846,7.553503878133155,2.1925507706303717;10.533388546054491,10.175620803711702,0.4434834056225819;13.471363977912578,4.924285787991767,1.3272358809753264;3.1989281854844065,17.094804049625413,0.4405086223709195;3.721082089191997,8.881385548157215,0.35484045745388293;6.101545181256263,8.790137986408395,1.2639000034553933;14.737980355806986,8.782652679798053,1.0509056472900933;8.401310070704824,11.991886299150524,1.2062214485731173;17.06132291164363,16.261464942281574,1.3345172871816686;17.339109943706937,6.311506988921403,2.300624148151509;14.590277332334818,8.335859238449064,1.6499407138788138;5.222352165170459,5.2246686833336335,1.2953675730785918;4.241324229439376,12.456110153327092,0.3647650457406896;6.334813280978457,3.731836136358651,2.315285015721719;3.96199220928336,15.075728766947645,0.9109831433466773;13.470667831163155,10.03843225270554,1.3979717289653883;16.36473653509302,8.086891939973933,1.0265631417602112;9.356408901119345,2.787804101659744,0.20891529902825748;2.095021869582651,17.079045109775457,0.6495937887270954"
71,drone_1,12.059,12.263,13.942,14.674,"7.143965878414324,18.52253351862183,0.8394107337496143;6.637422351629716,5.81892506984119,0.6003018776062884;0.36590554591665037,16.596997027271488,0.20777990884561767;16.70210735212728,10.387662511155286,2.4865164910063826;17.575883932032223,2.721593568127446,1.6479158532570475;1.2973598084027889,12.541582926626493,1.1930564938806265;5.325463640573792,3.699943652690364,0.9547411468291342;2.859297170747846,7.553503878133155,2.1925507706303717;10.533388546054491,10.175620803711702,0.4434834056225819;13.471363977912578,4.924285787991767,1.3272358809753264;3.1989281854844065,17.094804049625413,0.4405086223709195;3.721082089191997,8.881385548157215,0.35484045745388293;6.101545181256263,8.790137986408395,1.2639000034553933;14.737980355806986,8.782652679798053,1.0509056472900933;8.401310070704824,11.991886299150524,1.2062214485731173;17.06132291164363,16.261464942281574,1.3345172871816686;17.339109943706937,6.311506988921403,2.300624148151509;14.590277332334818,8.335859238449064,1.6499407138788138;5.222352165170459,5.2246686833336335,1.2953675730785918;4.241324229439376,12.456110153327092,0.3647650457406896;6.334813280978457,3.731836136358651,2.315285015721719;3.96199220928336,15.075728766947645,0.9109831433466773;13.470667831163155,10.03843225270554,1.3979717289653883;16.36473653509302,8.086891939973933,1.0265631417602112;9.356408901119345,2.787804101659744,0.20891529902825748;2.095021869582651,17.079045109775457,0.6495937887270954"
71,drone_2,11.584,12.890,13.942,14.674,"7.143965878414324,18.52253351862183,0.8394107337496143;6.637422351629716,5.81892506984119,0.6003018776062884;0.36590554591665037,16.596997027271488,0.20777990884561767;16.70210735212728,10.387662511155286,2.4865164910063826;17.575883932032223,2.721593568127446,1.6479158532570475;1.2973598084027889,12.541582926626493,1.1930564938806265;5.325463640573792,3.699943652690364,0.9547411468291342;2.859297170747846,7.553503878133155,2.1925507706303717;10.533388546054491,10.175620803711702,0.4434834056225819;13.471363977912578,4.924285787991767,1.3272358809753264;3.1989281854844065,17.094804049625413,0.4405086223709195;3.721082089191997,8.881385548157215,0.35484045745388293;6.101545181256263,8.790137986408395,1.2639000034553933;14.737980355806986,8.782652679798053,1.0509056472900933;8.401310070704824,11.991886299150524,1.2062214485731173;17.06132291164363,16.261464942281574,1.3345172871816686;17.339109943706937,6.311506988921403,2.300624148151509;14.590277332334818,8.335859238449064,1.6499407138788138;5.222352165170459,5.2246686833336335,1.2953675730785918;4.241324229439376,12.456110153327092,0.3647650457406896;6.334813280978457,3.731836136358651,2.315285015721719;3.96199220928336,15.075728766947645,0.9109831433466773;13.470667831163155,10.03843225270554,1.3979717289653883;16.36473653509302,8.086891939973933,1.0265631417602112;9.356408901119345,2.787804101659744,0.20891529902825748;2.095021869582651,17.079045109775457,0.6495937887270954"
71,drone_3,-100.000,-100.000,13.942,14.674,"7.143965878414324,18.52253351862183,0.8394107337496143;6.637422351629716,5.81892506984119,0.6003018776062884;0.36590554591665037,16.596997027271488,0.20777990884561767;16.70210735212728,10.387662511155286,2.4865164910063826;17.575883932032223,2.721593568127446,1.6479158532570475;1.2973598084027889,12.541582926626493,1.1930564938806265;5.325463640573792,3.699943652690364,0.9547411468291342;2.859297170747846,7.553503878133155,2.1925507706303717;10.533388546054491,10.175620803711702,0.4434834056225819;13.471363977912578,4.924285787991767,1.3272358809753264;3.1989281854844065,17.094804049625413,0.4405086223709195;3.721082089191997,8.881385548157215,0.35484045745388293;6.101545181256263,8.790137986408395,1.2639000034553933;14.737980355806986,8.782652679798053,1.0509056472900933;8.401310070704824,11.991886299150524,1.2062214485731173;17.06132291164363,16.261464942281574,1.3345172871816686;17.339109943706937,6.311506988921403,2.300624148151509;14.590277332334818,8.335859238449064,1.6499407138788138;5.222352165170459,5.2246686833336335,1.2953675730785918;4.241324229439376,12.456110153327092,0.3647650457406896;6.334813280978457,3.731836136358651,2.315285015721719;3.96199220928336,15.075728766947645,0.9109831433466773;13.470667831163155,10.03843225270554,1.3979717289653883;16.36473653509302,8.086891939973933,1.0265631417602112;9.356408901119345,2.787804101659744,0.20891529902825748;2.095021869582651,17.079045109775457,0.6495937887270954"
71,drone_4,-100.000,-100.000,13.942,14.674,"7.143965878414324,18.52253351862183,0.8394107337496143;6.637422351629716,5.81892506984119,0.6003018776062884;0.36590554591665037,16.596997027271488,0.20777990884561767;16.70210735212728,10.387662511155286,2.4865164910063826;17.575883932032223,2.721593568127446,1.6479158532570475;1.2973598084027889,12.541582926626493,1.1930564938806265;5.325463640573792,3.699943652690364,0.9547411468291342;2.859297170747846,7.553503878133155,2.1925507706303717;10.533388546054491,10.175620803711702,0.4434834056225819;13.471363977912578,4.924285787991767,1.3272358809753264;3.1989281854844065,17.094804049625413,0.4405086223709195;3.721082089191997,8.881385548157215,0.35484045745388293;6.101545181256263,8.790137986408395,1.2639000034553933;14.737980355806986,8.782652679798053,1.0509056472900933;8.401310070704824,11.991886299150524,1.2062214485731173;17.06132291164363,16.261464942281574,1.3345172871816686;17.339109943706937,6.311506988921403,2.300624148151509;14.590277332334818,8.335859238449064,1.6499407138788138;5.222352165170459,5.2246686833336335,1.2953675730785918;4.241324229439376,12.456110153327092,0.3647650457406896;6.334813280978457,3.731836136358651,2.315285015721719;3.96199220928336,15.075728766947645,0.9109831433466773;13.470667831163155,10.03843225270554,1.3979717289653883;16.36473653509302,8.086891939973933,1.0265631417602112;9.356408901119345,2.787804101659744,0.20891529902825748;2.095021869582651,17.079045109775457,0.6495937887270954"
71,drone_7,11.795,11.397,13.942,14.674,"7.143965878414324,18.52253351862183,0.8394107337496143;6.637422351629716,5.81892506984119,0.6003018776062884;0.36590554591665037,16.596997027271488,0.20777990884561767;16.70210735212728,10.387662511155286,2.4865164910063826;17.575883932032223,2.721593568127446,1.6479158532570475;1.2973598084027889,12.541582926626493,1.1930564938806265;5.325463640573792,3.699943652690364,0.9547411468291342;2.859297170747846,7.553503878133155,2.1925507706303717;10.533388546054491,10.175620803711702,0.4434834056225819;13.471363977912578,4.924285787991767,1.3272358809753264;3.1989281854844065,17.094804049625413,0.4405086223709195;3.721082089191997,8.881385548157215,0.35484045745388293;6.101545181256263,8.790137986408395,1.2639000034553933;14.737980355806986,8.782652679798053,1.0509056472900933;8.401310070704824,11.991886299150524,1.2062214485731173;17.06132291164363,16.261464942281574,1.3345172871816686;17.339109943706937,6.311506988921403,2.300624148151509;14.590277332334818,8.335859238449064,1.6499407138788138;5.222352165170459,5.2246686833336335,1.2953675730785918;4.241324229439376,12.456110153327092,0.3647650457406896;6.334813280978457,3.731836136358651,2.315285015721719;3.96199220928336,15.075728766947645,0.9109831433466773;13.470667831163155,10.03843225270554,1.3979717289653883;16.36473653509302,8.086891939973933,1.0265631417602112;9.356408901119345,2.787804101659744,0.20891529902825748;2.095021869582651,17.079045109775457,0.6495937887270954"
71,drone_8,12.971,12.596,13.942,14.674,"7.143965878414324,18.52253351862183,0.8394107337496143;6.637422351629716,5.81892506984119,0.6003018776062884;0.36590554591665037,16.596997027271488,0.20777990884561767;16.70210735212728,10.387662511155286,2.4865164910063826;17.575883932032223,2.721593568127446,1.6479158532570475;1.2973598084027889,12.541582926626493,1.1930564938806265;5.325463640573792,3.699943652690364,0.9547411468291342;2.859297170747846,7.553503878133155,2.1925507706303717;10.533388546054491,10.175620803711702,0.4434834056225819;13.471363977912578,4.924285787991767,1.3272358809753264;3.1989281854844065,17.094804049625413,0.4405086223709195;3.721082089191997,8.881385548157215,0.35484045745388293;6.101545181256263,8.790137986408395,1.2639000034553933;14.737980355806986,8.782652679798053,1.0509056472900933;8.401310070704824,11.991886299150524,1.2062214485731173;17.06132291164363,16.261464942281574,1.3345172871816686;17.339109943706937,6.311506988921403,2.300624148151509;14.590277332334818,8.335859238449064,1.6499407138788138;5.222352165170459,5.2246686833336335,1.2953675730785918;4.241324229439376,12.456110153327092,0.3647650457406896;6.334813280978457,3.731836136358651,2.315285015721719;3.96199220928336,15.075728766947645,0.9109831433466773;13.470667831163155,10.03843225270554,1.3979717289653883;16.36473653509302,8.086891939973933,1.0265631417602112;9.356408901119345,2.787804101659744,0.20891529902825748;2.095021869582651,17.079045109775457,0.6495937887270954"
72,drone_1,12.146,12.356,13.942,14.674,"7.143965878414324,18.52253351862183,0.8394107337496143;6.637422351629716,5.81892506984119,0.6003018776062884;0.36590554591665037,16.596997027271488,0.20777990884561767;16.70210735212728,10.387662511155286,2.4865164910063826;17.575883932032223,2.721593568127446,1.6479158532570475;1.2973598084027889,12.541582926626493,1.1930564938806265;5.325463640573792,3.699943652690364,0.9547411468291342;2.859297170747846,7.553503878133155,2.1925507706303717;10.533388546054491,10.175620803711702,0.4434834056225819;13.471363977912578,4.924285787991767,1.3272358809753264;3.1989281854844065,17.094804049625413,0.4405086223709195;3.721082089191997,8.881385548157215,0.35484045745388293;6.101545181256263,8.790137986408395,1.2639000034553933;14.737980355806986,8.782652679798053,1.0509056472900933;8.401310070704824,11.991886299150524,1.2062214485731173;17.06132291164363,16.261464942281574,1.3345172871816686;17.339109943706937,6.311506988921403,2.300624148151509;14.590277332334818,8.335859238449064,1.6499407138788138;5.222352165170459,5.2246686833336335,1.2953675730785918;4.241324229439376,12.456110153327092,0.3647650457406896;6.334813280978457,3.731836136358651,2.315285015721719;3.96199220928336,15.075728766947645,0.9109831433466773;13.470667831163155,10.03843225270554,1.3979717289653883;16.36473653509302,8.086891939973933,1.0265631417602112;9.356408901119345,2.787804101659744,0.20891529902825748;2.095021869582651,17.079045109775457,0.6495937887270954"
72,drone_2,11.705,13.011,13.942,14.674,"7.143965878414324,18.52253351862183,0.8394107337496143;6.637422351629716,5.81892506984119,0.6003018776062884;0.36590554591665037,16.596997027271488,0.20777990884561767;16.70210735212728,10.387662511155286,2.4865164910063826;17.575883932032223,2.721593568127446,1.6479158532570475;1.2973598084027889,12.541582926626493,1.1930564938806265;5.325463640573792,3.699943652690364,0.9547411468291342;2.859297170747846,7.553503878133155,2.1925507706303717;10.533388546054491,10.175620803711702,0.4434834056225819;13.471363977912578,4.924285787991767,1.3272358809753264;3.1989281854844065,17.094804049625413,0.4405086223709195;3.721082089191997,8.881385548157215,0.35484045745388293;6.101545181256263,8.790137986408395,1.2639000034553933;14.737980355806986,8.782652679798053,1.0509056472900933;8.401310070704824,11.991886299150524,1.2062214485731173;17.06132291164363,16.261464942281574,1.3345172871816686;17.339109943706937,6.311506988921403,2.300624148151509;14.590277332334818,8.335859238449064,1.6499407138788138;5.222352165170459,5.2246686833336335,1.2953675730785918;4.241324229439376,12.456110153327092,0.3647650457406896;6.334813280978457,3.731836136358651,2.315285015721719;3.96199220928336,15.075728766947645,0.9109831433466773;13.470667831163155,10.03843225270554,1.3979717289653883;16.36473653509302,8.086891939973933,1.0265631417602112;9.356408901119345,2.787804101659744,0.20891529902825748;2.095021869582651,17.079045109775457,0.6495937887270954"
72,drone_7,11.920,11.553,13.942,14.674,"7.143965878414324,18.52253351862183,0.8394107337496143;6.637422351629716,5.81892506984119,0.6003018776062884;0.36590554591665037,16.596997027271488,0.20777990884561767;16.70210735212728,10.387662511155286,2.4865164910063826;17.575883932032223,2.721593568127446,1.6479158532570475;1.2973598084027889,12.541582926626493,1.1930564938806265;5.325463640573792,3.699943652690364,0.9547411468291342;2.859297170747846,7.553503878133155,2.1925507706303717;10.533388546054491,10.175620803711702,0.4434834056225819;13.471363977912578,4.924285787991767,1.3272358809753264;3.1989281854844065,17.094804049625413,0.4405086223709195;3.721082089191997,8.881385548157215,0.35484045745388293;6.101545181256263,8.790137986408395,1.2639000034553933;14.737980355806986,8.782652679798053,1.0509056472900933;8.401310070704824,11.991886299150524,1.2062214485731173;17.06132291164363,16.261464942281574,1.3345172871816686;17.339109943706937,6.311506988921403,2.300624148151509;14.590277332334818,8.335859238449064,1.6499407138788138;5.222352165170459,5.2246686833336335,1.2953675730785918;4.241324229439376,12.456110153327092,0.3647650457406896;6.334813280978457,3.731836136358651,2.315285015721719;3.96199220928336,15.075728766947645,0.9109831433466773;13.470667831163155,10.03843225270554,1.3979717289653883;16.36473653509302,8.086891939973933,1.0265631417602112;9.356408901119345,2.787804101659744,0.20891529902825748;2.095021869582651,17.079045109775457,0.6495937887270954"
72,drone_8,13.093,12.717,13.942,14.674,"7.143965878414324,18.52253351862183,0.8394107337496143;6.637422351629716,5.81892506984119,0.6003018776062884;0.36590554591665037,16.596997027271488,0.20777990884561767;16.70210735212728,10.387662511155286,2.4865164910063826;17.575883932032223,2.721593568127446,1.6479158532570475;1.2973598084027889,12.541582926626493,1.1930564938806265;5.325463640573792,3.699943652690364,0.9547411468291342;2.859297170747846,7.553503878133155,2.1925507706303717;10.533388546054491,10.175620803711702,0.4434834056225819;13.471363977912578,4.924285787991767,1.3272358809753264;3.1989281854844065,17.094804049625413,0.4405086223709195;3.721082089191997,8.881385548157215,0.35484045745388293;6.101545181256263,8.790137986408395,1.2639000034553933;14.737980355806986,8.782652679798053,1.0509056472900933;8.401310070704824,11.991886299150524,1.2062214485731173;17.06132291164363,16.261464942281574,1.3345172871816686;17.339109943706937,6.311506988921403,2.300624148151509;14.590277332334818,8.335859238449064,1.6499407138788138;5.222352165170459,5.2246686833336335,1.2953675730785918;4.241324229439376,12.456110153327092,0.3647650457406896;6.334813280978457,3.731836136358651,2.315285015721719;3.96199220928336,15.075728766947645,0.9109831433466773;13.470667831163155,10.03843225270554,1.3979717289653883;16.36473653509302,8.086891939973933,1.0265631417602112;9.356408901119345,2.787804101659744,0.20891529902825748;2.095021869582651,17.079045109775457,0.6495937887270954"
73,drone_1,12.250,12.463,13.942,14.674,"7.143965878414324,18.52253351862183,0.8394107337496143;6.637422351629716,5.81892506984119,0.6003018776062884;0.36590554591665037,16.596997027271488,0.20777990884561767;16.70210735212728,10.387662511155286,2.4865164910063826;17.575883932032223,2.721593568127446,1.6479158532570475;1.2973598084027889,12.541582926626493,1.1930564938806265;5.325463640573792,3.699943652690364,0.9547411468291342;2.859297170747846,7.553503878133155,2.1925507706303717;10.533388546054491,10.175620803711702,0.4434834056225819;13.471363977912578,4.924285787991767,1.3272358809753264;3.1989281854844065,17.094804049625413,0.4405086223709195;3.721082089191997,8.881385548157215,0.35484045745388293;6.101545181256263,8.790137986408395,1.2639000034553933;14.737980355806986,8.782652679798053,1.0509056472900933;8.401310070704824,11.991886299150524,1.2062214485731173;17.06132291164363,16.261464942281574,1.3345172871816686;17.339109943706937,6.311506988921403,2.300624148151509;14.590277332334818,8.335859238449064,1.6499407138788138;5.222352165170459,5.2246686833336335,1.2953675730785918;4.241324229439376,12.456110153327092,0.3647650457406896;6.334813280978457,3.731836136358651,2.315285015721719;3.96199220928336,15.075728766947645,0.9109831433466773;13.470667831163155,10.03843225270554,1.3979717289653883;16.36473653509302,8.086891939973933,1.0265631417602112;9.356408901119345,2.787804101659744,0.20891529902825748;2.095021869582651,17.079045109775457,0.6495937887270954"
73,drone_2,11.827,13.133,13.942,14.674,"7.143965878414324,18.52253351862183,0.8394107337496143;6.637422351629716,5.81892506984119,0.6003018776062884;0.36590554591665037,16.596997027271488,0.20777990884561767;16.70210735212728,10.387662511155286,2.4865164910063826;17.575883932032223,2.721593568127446,1.6479158532570475;1.2973598084027889,12.541582926626493,1.1930564938806265;5.325463640573792,3.699943652690364,0.9547411468291342;2.859297170747846,7.553503878133155,2.1925507706303717;10.533388546054491,10.175620803711702,0.4434834056225819;13.471363977912578,4.924285787991767,1.3272358809753264;3.1989281854844065,17.094804049625413,0.4405086223709195;3.721082089191997,8.881385548157215,0.35484045745388293;6.101545181256263,8.790137986408395,1.2639000034553933;14.737980355806986,8.782652679798053,1.0509056472900933;8.401310070704824,11.991886299150524,1.2062214485731173;17.06132291164363,16.261464942281574,1.3345172871816686;17.339109943706937,6.311506988921403,2.300624148151509;14.590277332334818,8.335859238449064,1.6499407138788138;5.222352165170459,5.2246686833336335,1.2953675730785918;4.241324229439376,12.456110153327092,0.3647650457406896;6.334813280978457,3.731836136358651,2.315285015721719;3.96199220928336,15.075728766947645,0.9109831433466773;13.470667831163155,10.03843225270554,1.3979717289653883;16.36473653509302,8.086891939973933,1.0265631417602112;9.356408901119345,2.787804101659744,0.20891529902825748;2.095021869582651,17.079045109775457,0.6495937887270954"
73,drone_7,12.034,11.683,13.942,14.674,"7.143965878414324,18.52253351862183,0.8394107337496143;6.637422351629716,5.81892506984119,0.6003018776062884;0.36590554591665037,16.596997027271488,0.20777990884561767;16.70210735212728,10.387662511155286,2.4865164910063826;17.575883932032223,2.721593568127446,1.6479158532570475;1.2973598084027889,12.541582926626493,1.1930564938806265;5.325463640573792,3.699943652690364,0.9547411468291342;2.859297170747846,7.553503878133155,2.1925507706303717;10.533388546054491,10.175620803711702,0.4434834056225819;13.471363977912578,4.924285787991767,1.3272358809753264;3.1989281854844065,17.094804049625413,0.4405086223709195;3.721082089191997,8.881385548157215,0.35484045745388293;6.101545181256263,8.790137986408395,1.2639000034553933;14.737980355806986,8.782652679798053,1.0509056472900933;8.401310070704824,11.991886299150524,1.2062214485731173;17.06132291164363,16.261464942281574,1.3345172871816686;17.339109943706937,6.311506988921403,2.300624148151509;14.590277332334818,8.335859238449064,1.6499407138788138;5.222352165170459,5.2246686833336335,1.2953675730785918;4.241324229439376,12.456110153327092,0.3647650457406896;6.334813280978457,3.731836136358651,2.315285015721719;3.96199220928336,15.075728766947645,0.9109831433466773;13.470667831163155,10.03843225270554,1.3979717289653883;16.36473653509302,8.086891939973933,1.0265631417602112;9.356408901119345,2.787804101659744,0.20891529902825748;2.095021869582651,17.079045109775457,0.6495937887270954"
73,drone_8,13.214,12.839,13.942,14.674,"7.143965878414324,18.52253351862183,0.8394107337496143;6.637422351629716,5.81892506984119,0.6003018776062884;0.36590554591665037,16.596997027271488,0.20777990884561767;16.70210735212728,10.387662511155286,2.4865164910063826;17.575883932032223,2.721593568127446,1.6479158532570475;1.2973598084027889,12.541582926626493,1.1930564938806265;5.325463640573792,3.699943652690364,0.9547411468291342;2.859297170747846,7.553503878133155,2.1925507706303717;10.533388546054491,10.175620803711702,0.4434834056225819;13.471363977912578,4.924285787991767,1.3272358809753264;3.1989281854844065,17.094804049625413,0.4405086223709195;3.721082089191997,8.881385548157215,0.35484045745388293;6.101545181256263,8.790137986408395,1.2639000034553933;14.737980355806986,8.782652679798053,1.0509056472900933;8.401310070704824,11.991886299150524,1.2062214485731173;17.06132291164363,16.261464942281574,1.3345172871816686;17.339109943706937,6.311506988921403,2.300624148151509;14.590277332334818,8.335859238449064,1.6499407138788138;5.222352165170459,5.2246686833336335,1.2953675730785918;4.241324229439376,12.456110153327092,0.3647650457406896;6.334813280978457,3.731836136358651,2.315285015721719;3.96199220928336,15.075728766947645,0.9109831433466773;13.470667831163155,10.03843225270554,1.3979717289653883;16.36473653509302,8.086891939973933,1.0265631417602112;9.356408901119345,2.787804101659744,0.20891529902825748;2.095021869582651,17.079045109775457,0.6495937887270954"
74,drone_1,12.354,12.568,13.942,14.674,"7.143965878414324,18.52253351862183,0.8394107337496143;6.637422351629716,5.81892506984119,0.6003018776062884;0.36590554591665037,16.596997027271488,0.20777990884561767;16.70210735212728,10.387662511155286,2.4865164910063826;17.575883932032223,2.721593568127446,1.6479158532570475;1.2973598084027889,12.541582926626493,1.1930564938806265;5.325463640573792,3.699943652690364,0.9547411468291342;2.859297170747846,7.553503878133155,2.1925507706303717;10.533388546054491,10.175620803711702,0.4434834056225819;13.471363977912578,4.924285787991767,1.3272358809753264;3.1989281854844065,17.094804049625413,0.4405086223709195;3.721082089191997,8.881385548157215,0.35484045745388293;6.101545181256263,8.790137986408395,1.2639000034553933;14.737980355806986,8.782652679798053,1.0509056472900933;8.401310070704824,11.991886299150524,1.2062214485731173;17.06132291164363,16.261464942281574,1.3345172871816686;17.339109943706937,6.311506988921403,2.300624148151509;14.590277332334818,8.335859238449064,1.6499407138788138;5.222352165170459,5.2246686833336335,1.2953675730785918;4.241324229439376,12.456110153327092,0.3647650457406896;6.334813280978457,3.731836136358651,2.315285015721719;3.96199220928336,15.075728766947645,0.9109831433466773;13.470667831163155,10.03843225270554,1.3979717289653883;16.36473653509302,8.086891939973933,1.0265631417602112;9.356408901119345,2.787804101659744,0.20891529902825748;2.095021869582651,17.079045109775457,0.6495937887270954"
74,drone_2,11.949,13.255,13.942,14.674,"7.143965878414324,18.52253351862183,0.8394107337496143;6.637422351629716,5.81892506984119,0.6003018776062884;0.36590554591665037,16.596997027271488,0.20777990884561767;16.70210735212728,10.387662511155286,2.4865164910063826;17.575883932032223,2.721593568127446,1.6479158532570475;1.2973598084027889,12.541582926626493,1.1930564938806265;5.325463640573792,3.699943652690364,0.9547411468291342;2.859297170747846,7.553503878133155,2.1925507706303717;10.533388546054491,10.175620803711702,0.4434834056225819;13.471363977912578,4.924285787991767,1.3272358809753264;3.1989281854844065,17.094804049625413,0.4405086223709195;3.721082089191997,8.881385548157215,0.35484045745388293;6.101545181256263,8.790137986408395,1.2639000034553933;14.737980355806986,8.782652679798053,1.0509056472900933;8.401310070704824,11.991886299150524,1.2062214485731173;17.06132291164363,16.261464942281574,1.3345172871816686;17.339109943706937,6.311506988921403,2.300624148151509;14.590277332334818,8.335859238449064,1.6499407138788138;5.222352165170459,5.2246686833336335,1.2953675730785918;4.241324229439376,12.456110153327092,0.3647650457406896;6.334813280978457,3.731836136358651,2.315285015721719;3.96199220928336,15.075728766947645,0.9109831433466773;13.470667831163155,10.03843225270554,1.3979717289653883;16.36473653509302,8.086891939973933,1.0265631417602112;9.356408901119345,2.787804101659744,0.20891529902825748;2.095021869582651,17.079045109775457,0.6495937887270954"
74,drone_7,12.151,11.809,13.942,14.674,"7.143965878414324,18.52253351862183,0.8394107337496143;6.637422351629716,5.81892506984119,0.6003018776062884;0.36590554591665037,16.596997027271488,0.20777990884561767;16.70210735212728,10.387662511155286,2.4865164910063826;17.575883932032223,2.721593568127446,1.6479158532570475;1.2973598084027889,12.541582926626493,1.1930564938806265;5.325463640573792,3.699943652690364,0.9547411468291342;2.859297170747846,7.553503878133155,2.1925507706303717;10.533388546054491,10.175620803711702,0.4434834056225819;13.471363977912578,4.924285787991767,1.3272358809753264;3.1989281854844065,17.094804049625413,0.4405086223709195;3.721082089191997,8.881385548157215,0.35484045745388293;6.101545181256263,8.790137986408395,1.2639000034553933;14.737980355806986,8.782652679798053,1.0509056472900933;8.401310070704824,11.991886299150524,1.2062214485731173;17.06132291164363,16.261464942281574,1.3345172871816686;17.339109943706937,6.311506988921403,2.300624148151509;14.590277332334818,8.335859238449064,1.6499407138788138;5.222352165170459,5.2246686833336335,1.2953675730785918;4.241324229439376,12.456110153327092,0.3647650457406896;6.334813280978457,3.731836136358651,2.315285015721719;3.96199220928336,15.075728766947645,0.9109831433466773;13.470667831163155,10.03843225270554,1.3979717289653883;16.36473653509302,8.086891939973933,1.0265631417602112;9.356408901119345,2.787804101659744,0.20891529902825748;2.095021869582651,17.079045109775457,0.6495937887270954"
74,drone_8,13.336,12.961,13.942,14.674,"7.143965878414324,18.52253351862183,0.8394107337496143;6.637422351629716,5.81892506984119,0.6003018776062884;0.36590554591665037,16.596997027271488,0.20777990884561767;16.70210735212728,10.387662511155286,2.4865164910063826;17.575883932032223,2.721593568127446,1.6479158532570475;1.2973598084027889,12.541582926626493,1.1930564938806265;5.325463640573792,3.699943652690364,0.9547411468291342;2.859297170747846,7.553503878133155,2.1925507706303717;10.533388546054491,10.175620803711702,0.4434834056225819;13.471363977912578,4.924285787991767,1.3272358809753264;3.1989281854844065,17.094804049625413,0.4405086223709195;3.721082089191997,8.881385548157215,0.35484045745388293;6.101545181256263,8.790137986408395,1.2639000034553933;14.737980355806986,8.782652679798053,1.0509056472900933;8.401310070704824,11.991886299150524,1.2062214485731173;17.06132291164363,16.261464942281574,1.3345172871816686;17.339109943706937,6.311506988921403,2.300624148151509;14.590277332334818,8.335859238449064,1.6499407138788138;5.222352165170459,5.2246686833336335,1.2953675730785918;4.241324229439376,12.456110153327092,0.3647650457406896;6.334813280978457,3.731836136358651,2.315285015721719;3.96199220928336,15.075728766947645,0.9109831433466773;13.470667831163155,10.03843225270554,1.3979717289653883;16.36473653509302,8.086891939973933,1.0265631417602112;9.356408901119345,2.787804101659744,0.20891529902825748;2.095021869582651,17.079045109775457,0.6495937887270954"
75,drone_1,12.458,12.673,13.942,14.674,"7.143965878414324,18.52253351862183,0.8394107337496143;6.637422351629716,5.81892506984119,0.6003018776062884;0.36590554591665037,16.596997027271488,0.20777990884561767;16.70210735212728,10.387662511155286,2.4865164910063826;17.575883932032223,2.721593568127446,1.6479158532570475;1.2973598084027889,12.541582926626493,1.1930564938806265;5.325463640573792,3.699943652690364,0.9547411468291342;2.859297170747846,7.553503878133155,2.1925507706303717;10.533388546054491,10.175620803711702,0.4434834056225819;13.471363977912578,4.924285787991767,1.3272358809753264;3.1989281854844065,17.094804049625413,0.4405086223709195;3.721082089191997,8.881385548157215,0.35484045745388293;6.101545181256263,8.790137986408395,1.2639000034553933;14.737980355806986,8.782652679798053,1.0509056472900933;8.401310070704824,11.991886299150524,1.2062214485731173;17.06132291164363,16.261464942281574,1.3345172871816686;17.339109943706937,6.311506988921403,2.300624148151509;14.590277332334818,8.335859238449064,1.6499407138788138;5.222352165170459,5.2246686833336335,1.2953675730785918;4.241324229439376,12.456110153327092,0.3647650457406896;6.334813280978457,3.731836136358651,2.315285015721719;3.96199220928336,15.075728766947645,0.9109831433466773;13.470667831163155,10.03843225270554,1.3979717289653883;16.36473653509302,8.086891939973933,1.0265631417602112;9.356408901119345,2.787804101659744,0.20891529902825748;2.095021869582651,17.079045109775457,0.6495937887270954"
75,drone_2,12.071,13.377,13.942,14.674,"7.143965878414324,18.52253351862183,0.8394107337496143;6.637422351629716,5.81892506984119,0.6003018776062884;0.36590554591665037,16.596997027271488,0.20777990884561767;16.70210735212728,10.387662511155286,2.4865164910063826;17.575883932032223,2.721593568127446,1.6479158532570475;1.2973598084027889,12.541582926626493,1.1930564938806265;5.325463640573792,3.699943652690364,0.9547411468291342;2.859297170747846,7.553503878133155,2.1925507706303717;10.533388546054491,10.175620803711702,0.4434834056225819;13.471363977912578,4.924285787991767,1.3272358809753264;3.1989281854844065,17.094804049625413,0.4405086223709195;3.721082089191997,8.881385548157215,0.35484045745388293;6.101545181256263,8.790137986408395,1.2639000034553933;14.737980355806986,8.782652679798053,1.0509056472900933;8.401310070704824,11.991886299150524,1.2062214485731173;17.06132291164363,16.261464942281574,1.3345172871816686;17.339109943706937,6.311506988921403,2.300624148151509;14.590277332334818,8.335859238449064,1.6499407138788138;5.222352165170459,5.2246686833336335,1.2953675730785918;4.241324229439376,12.456110153327092,0.3647650457406896;6.334813280978457,3.731836136358651,2.315285015721719;3.96199220928336,15.075728766947645,0.9109831433466773;13.470667831163155,10.03843225270554,1.3979717289653883;16.36473653509302,8.086891939973933,1.0265631417602112;9.356408901119345,2.787804101659744,0.20891529902825748;2.095021869582651,17.079045109775457,0.6495937887270954"
75,drone_7,12.270,11.933,13.942,14.674,"7.143965878414324,18.52253351862183,0.8394107337496143;6.637422351629716,5.81892506984119,0.6003018776062884;0.36590554591665037,16.596997027271488,0.20777990884561767;16.70210735212728,10.387662511155286,2.4865164910063826;17.575883932032223,2.721593568127446,1.6479158532570475;1.2973598084027889,12.541582926626493,1.1930564938806265;5.325463640573792,3.699943652690364,0.9547411468291342;2.859297170747846,7.553503878133155,2.1925507706303717;10.533388546054491,10.175620803711702,0.4434834056225819;13.471363977912578,4.924285787991767,1.3272358809753264;3.1989281854844065,17.094804049625413,0.4405086223709195;3.721082089191997,8.881385548157215,0.35484045745388293;6.101545181256263,8.790137986408395,1.2639000034553933;14.737980355806986,8.782652679798053,1.0509056472900933;8.401310070704824,11.991886299150524,1.2062214485731173;17.06132291164363,16.261464942281574,1.3345172871816686;17.339109943706937,6.311506988921403,2.300624148151509;14.590277332334818,8.335859238449064,1.6499407138788138;5.222352165170459,5.2246686833336335,1.2953675730785918;4.241324229439376,12.456110153327092,0.3647650457406896;6.334813280978457,3.731836136358651,2.315285015721719;3.96199220928336,15.075728766947645,0.9109831433466773;13.470667831163155,10.03843225270554,1.3979717289653883;16.36473653509302,8.086891939973933,1.0265631417602112;9.356408901119345,2.787804101659744,0.20891529902825748;2.095021869582651,17.079045109775457,0.6495937887270954"
75,drone_8,13.458,13.083,13.942,14.674,"7.143965878414324,18.52253351862183,0.8394107337496143;6.637422351629716,5.81892506984119,0.6003018776062884;0.36590554591665037,16.596997027271488,0.20777990884561767;16.70210735212728,10.387662511155286,2.4865164910063826;17.575883932032223,2.721593568127446,1.6479158532570475;1.2973598084027889,12.541582926626493,1.1930564938806265;5.325463640573792,3.699943652690364,0.9547411468291342;2.859297170747846,7.553503878133155,2.1925507706303717;10.533388546054491,10.175620803711702,0.4434834056225819;13.471363977912578,4.924285787991767,1.3272358809753264;3.1989281854844065,17.094804049625413,0.4405086223709195;3.721082089191997,8.881385548157215,0.35484045745388293;6.101545181256263,8.790137986408395,1.2639000034553933;14.737980355806986,8.782652679798053,1.0509056472900933;8.401310070704824,11.991886299150524,1.2062214485731173;17.06132291164363,16.261464942281574,1.3345172871816686;17.339109943706937,6.311506988921403,2.300624148151509;14.590277332334818,8.335859238449064,1.6499407138788138;5.222352165170459,5.2246686833336335,1.2953675730785918;4.241324229439376,12.456110153327092,0.3647650457406896;6.334813280978457,3.731836136358651,2.315285015721719;3.96199220928336,15.075728766947645,0.9109831433466773;13.470667831163155,10.03843225270554,1.3979717289653883;16.36473653509302,8.086891939973933,1.0265631417602112;9.356408901119345,2.787804101659744,0.20891529902825748;2.095021869582651,17.079045109775457,0.6495937887270954"
76,drone_1,12.562,12.778,13.942,14.674,"7.143965878414324,18.52253351862183,0.8394107337496143;6.637422351629716,5.81892506984119,0.6003018776062884;0.36590554591665037,16.596997027271488,0.20777990884561767;16.70210735212728,10.387662511155286,2.4865164910063826;17.575883932032223,2.721593568127446,1.6479158532570475;1.2973598084027889,12.541582926626493,1.1930564938806265;5.325463640573792,3.699943652690364,0.9547411468291342;2.859297170747846,7.553503878133155,2.1925507706303717;10.533388546054491,10.175620803711702,0.4434834056225819;13.471363977912578,4.924285787991767,1.3272358809753264;3.1989281854844065,17.094804049625413,0.4405086223709195;3.721082089191997,8.881385548157215,0.35484045745388293;6.101545181256263,8.790137986408395,1.2639000034553933;14.737980355806986,8.782652679798053,1.0509056472900933;8.401310070704824,11.991886299150524,1.2062214485731173;17.06132291164363,16.261464942281574,1.3345172871816686;17.339109943706937,6.311506988921403,2.300624148151509;14.590277332334818,8.335859238449064,1.6499407138788138;5.222352165170459,5.2246686833336335,1.2953675730785918;4.241324229439376,12.456110153327092,0.3647650457406896;6.334813280978457,3.731836136358651,2.315285015721719;3.96199220928336,15.075728766947645,0.9109831433466773;13.470667831163155,10.03843225270554,1.3979717289653883;16.36473653509302,8.086891939973933,1.0265631417602112;9.356408901119345,2.787804101659744,0.20891529902825748;2.095021869582651,17.079045109775457,0.6495937887270954"
76,drone_2,12.192,13.498,13.942,14.674,"7.143965878414324,18.52253351862183,0.8394107337496143;6.637422351629716,5.81892506984119,0.6003018776062884;0.36590554591665037,16.596997027271488,0.20777990884561767;16.70210735212728,10.387662511155286,2.4865164910063826;17.575883932032223,2.721593568127446,1.6479158532570475;1.2973598084027889,12.541582926626493,1.1930564938806265;5.325463640573792,3.699943652690364,0.9547411468291342;2.859297170747846,7.553503878133155,2.1925507706303717;10.533388546054491,10.175620803711702,0.4434834056225819;13.471363977912578,4.924285787991767,1.3272358809753264;3.1989281854844065,17.094804049625413,0.4405086223709195;3.721082089191997,8.881385548157215,0.35484045745388293;6.101545181256263,8.790137986408395,1.2639000034553933;14.737980355806986,8.782652679798053,1.0509056472900933;8.401310070704824,11.991886299150524,1.2062214485731173;17.06132291164363,16.261464942281574,1.3345172871816686;17.339109943706937,6.311506988921403,2.300624148151509;14.590277332334818,8.335859238449064,1.6499407138788138;5.222352165170459,5.2246686833336335,1.2953675730785918;4.241324229439376,12.456110153327092,0.3647650457406896;6.334813280978457,3.731836136358651,2.315285015721719;3.96199220928336,15.075728766947645,0.9109831433466773;13.470667831163155,10.03843225270554,1.3979717289653883;16.36473653509302,8.086891939973933,1.0265631417602112;9.356408901119345,2.787804101659744,0.20891529902825748;2.095021869582651,17.079045109775457,0.6495937887270954"
76,drone_7,12.391,12.056,13.942,14.674,"7.143965878414324,18.52253351862183,0.8394107337496143;6.637422351629716,5.81892506984119,0.6003018776062884;0.36590554591665037,16.596997027271488,0.20777990884561767;16.70210735212728,10.387662511155286,2.4865164910063826;17.575883932032223,2.721593568127446,1.6479158532570475;1.2973598084027889,12.541582926626493,1.1930564938806265;5.325463640573792,3.699943652690364,0.9547411468291342;2.859297170747846,7.553503878133155,2.1925507706303717;10.533388546054491,10.175620803711702,0.4434834056225819;13.471363977912578,4.924285787991767,1.3272358809753264;3.1989281854844065,17.094804049625413,0.4405086223709195;3.721082089191997,8.881385548157215,0.35484045745388293;6.101545181256263,8.790137986408395,1.2639000034553933;14.737980355806986,8.782652679798053,1.0509056472900933;8.401310070704824,11.991886299150524,1.2062214485731173;17.06132291164363,16.261464942281574,1.3345172871816686;17.339109943706937,6.311506988921403,2.300624148151509;14.590277332334818,8.335859238449064,1.6499407138788138;5.222352165170459,5.2246686833336335,1.2953675730785918;4.241324229439376,12.456110153327092,0.3647650457406896;6.334813280978457,3.731836136358651,2.315285015721719;3.96199220928336,15.075728766947645,0.9109831433466773;13.470667831163155,10.03843225270554,1.3979717289653883;16.36473653509302,8.086891939973933,1.0265631417602112;9.356408901119345,2.787804101659744,0.20891529902825748;2.095021869582651,17.079045109775457,0.6495937887270954"
76,drone_8,13.580,13.204,13.942,14.674,"7.143965878414324,18.52253351862183,0.8394107337496143;6.637422351629716,5.81892506984119,0.6003018776062884;0.36590554591665037,16.596997027271488,0.20777990884561767;16.70210735212728,10.387662511155286,2.4865164910063826;17.575883932032223,2.721593568127446,1.6479158532570475;1.2973598084027889,12.541582926626493,1.1930564938806265;5.325463640573792,3.699943652690364,0.9547411468291342;2.859297170747846,7.553503878133155,2.1925507706303717;10.533388546054491,10.175620803711702,0.4434834056225819;13.471363977912578,4.924285787991767,1.3272358809753264;3.1989281854844065,17.094804049625413,0.4405086223709195;3.721082089191997,8.881385548157215,0.35484045745388293;6.101545181256263,8.790137986408395,1.2639000034553933;14.737980355806986,8.782652679798053,1.0509056472900933;8.401310070704824,11.991886299150524,1.2062214485731173;17.06132291164363,16.261464942281574,1.3345172871816686;17.339109943706937,6.311506988921403,2.300624148151509;14.590277332334818,8.335859238449064,1.6499407138788138;5.222352165170459,5.2246686833336335,1.2953675730785918;4.241324229439376,12.456110153327092,0.3647650457406896;6.334813280978457,3.731836136358651,2.315285015721719;3.96199220928336,15.075728766947645,0.9109831433466773;13.470667831163155,10.03843225270554,1.3979717289653883;16.36473653509302,8.086891939973933,1.0265631417602112;9.356408901119345,2.787804101659744,0.20891529902825748;2.095021869582651,17.079045109775457,0.6495937887270954"
77,drone_1,12.667,12.883,13.942,14.674,"7.143965878414324,18.52253351862183,0.8394107337496143;6.637422351629716,5.81892506984119,0.6003018776062884;0.36590554591665037,16.596997027271488,0.20777990884561767;16.70210735212728,10.387662511155286,2.4865164910063826;17.575883932032223,2.721593568127446,1.6479158532570475;1.2973598084027889,12.541582926626493,1.1930564938806265;5.325463640573792,3.699943652690364,0.9547411468291342;2.859297170747846,7.553503878133155,2.1925507706303717;10.533388546054491,10.175620803711702,0.4434834056225819;13.471363977912578,4.924285787991767,1.3272358809753264;3.1989281854844065,17.094804049625413,0.4405086223709195;3.721082089191997,8.881385548157215,0.35484045745388293;6.101545181256263,8.790137986408395,1.2639000034553933;14.737980355806986,8.782652679798053,1.0509056472900933;8.401310070704824,11.991886299150524,1.2062214485731173;17.06132291164363,16.261464942281574,1.3345172871816686;17.339109943706937,6.311506988921403,2.300624148151509;14.590277332334818,8.335859238449064,1.6499407138788138;5.222352165170459,5.2246686833336335,1.2953675730785918;4.241324229439376,12.456110153327092,0.3647650457406896;6.334813280978457,3.731836136358651,2.315285015721719;3.96199220928336,15.075728766947645,0.9109831433466773;13.470667831163155,10.03843225270554,1.3979717289653883;16.36473653509302,8.086891939973933,1.0265631417602112;9.356408901119345,2.787804101659744,0.20891529902825748;2.095021869582651,17.079045109775457,0.6495937887270954"
77,drone_2,12.314,13.620,13.942,14.674,"7.143965878414324,18.52253351862183,0.8394107337496143;6.637422351629716,5.81892506984119,0.6003018776062884;0.36590554591665037,16.596997027271488,0.20777990884561767;16.70210735212728,10.387662511155286,2.4865164910063826;17.575883932032223,2.721593568127446,1.6479158532570475;1.2973598084027889,12.541582926626493,1.1930564938806265;5.325463640573792,3.699943652690364,0.9547411468291342;2.859297170747846,7.553503878133155,2.1925507706303717;10.533388546054491,10.175620803711702,0.4434834056225819;13.471363977912578,4.924285787991767,1.3272358809753264;3.1989281854844065,17.094804049625413,0.4405086223709195;3.721082089191997,8.881385548157215,0.35484045745388293;6.101545181256263,8.790137986408395,1.2639000034553933;14.737980355806986,8.782652679798053,1.0509056472900933;8.401310070704824,11.991886299150524,1.2062214485731173;17.06132291164363,16.261464942281574,1.3345172871816686;17.339109943706937,6.311506988921403,2.300624148151509;14.590277332334818,8.335859238449064,1.6499407138788138;5.222352165170459,5.2246686833336335,1.2953675730785918;4.241324229439376,12.456110153327092,0.3647650457406896;6.334813280978457,3.731836136358651,2.315285015721719;3.96199220928336,15.075728766947645,0.9109831433466773;13.470667831163155,10.03843225270554,1.3979717289653883;16.36473653509302,8.086891939973933,1.0265631417602112;9.356408901119345,2.787804101659744,0.20891529902825748;2.095021869582651,17.079045109775457,0.6495937887270954"
77,drone_7,12.512,12.178,13.942,14.674,"7.143965878414324,18.52253351862183,0.8394107337496143;6.637422351629716,5.81892506984119,0.6003018776062884;0.36590554591665037,16.596997027271488,0.20777990884561767;16.70210735212728,10.387662511155286,2.4865164910063826;17.575883932032223,2.721593568127446,1.6479158532570475;1.2973598084027889,12.541582926626493,1.1930564938806265;5.325463640573792,3.699943652690364,0.9547411468291342;2.859297170747846,7.553503878133155,2.1925507706303717;10.533388546054491,10.175620803711702,0.4434834056225819;13.471363977912578,4.924285787991767,1.3272358809753264;3.1989281854844065,17.094804049625413,0.4405086223709195;3.721082089191997,8.881385548157215,0.35484045745388293;6.101545181256263,8.790137986408395,1.2639000034553933;14.737980355806986,8.782652679798053,1.0509056472900933;8.401310070704824,11.991886299150524,1.2062214485731173;17.06132291164363,16.261464942281574,1.3345172871816686;17.339109943706937,6.311506988921403,2.300624148151509;14.590277332334818,8.335859238449064,1.6499407138788138;5.222352165170459,5.2246686833336335,1.2953675730785918;4.241324229439376,12.456110153327092,0.3647650457406896;6.334813280978457,3.731836136358651,2.315285015721719;3.96199220928336,15.075728766947645,0.9109831433466773;13.470667831163155,10.03843225270554,1.3979717289653883;16.36473653509302,8.086891939973933,1.0265631417602112;9.356408901119345,2.787804101659744,0.20891529902825748;2.095021869582651,17.079045109775457,0.6495937887270954"
77,drone_8,13.701,13.326,13.942,14.674,"7.143965878414324,18.52253351862183,0.8394107337496143;6.637422351629716,5.81892506984119,0.6003018776062884;0.36590554591665037,16.596997027271488,0.20777990884561767;16.70210735212728,10.387662511155286,2.4865164910063826;17.575883932032223,2.721593568127446,1.6479158532570475;1.2973598084027889,12.541582926626493,1.1930564938806265;5.325463640573792,3.699943652690364,0.9547411468291342;2.859297170747846,7.553503878133155,2.1925507706303717;10.533388546054491,10.175620803711702,0.4434834056225819;13.471363977912578,4.924285787991767,1.3272358809753264;3.1989281854844065,17.094804049625413,0.4405086223709195;3.721082089191997,8.881385548157215,0.35484045745388293;6.101545181256263,8.790137986408395,1.2639000034553933;14.737980355806986,8.782652679798053,1.0509056472900933;8.401310070704824,11.991886299150524,1.2062214485731173;17.06132291164363,16.261464942281574,1.3345172871816686;17.339109943706937,6.311506988921403,2.300624148151509;14.590277332334818,8.335859238449064,1.6499407138788138;5.222352165170459,5.2246686833336335,1.2953675730785918;4.241324229439376,12.456110153327092,0.3647650457406896;6.334813280978457,3.731836136358651,2.315285015721719;3.96199220928336,15.075728766947645,0.9109831433466773;13.470667831163155,10.03843225270554,1.3979717289653883;16.36473653509302,8.086891939973933,1.0265631417602112;9.356408901119345,2.787804101659744,0.20891529902825748;2.095021869582651,17.079045109775457,0.6495937887270954"
78,drone_1,12.772,12.988,13.942,14.674,"7.143965878414324,18.52253351862183,0.8394107337496143;6.637422351629716,5.81892506984119,0.6003018776062884;0.36590554591665037,16.596997027271488,0.20777990884561767;16.70210735212728,10.387662511155286,2.4865164910063826;17.575883932032223,2.721593568127446,1.6479158532570475;1.2973598084027889,12.541582926626493,1.1930564938806265;5.325463640573792,3.699943652690364,0.9547411468291342;2.859297170747846,7.553503878133155,2.1925507706303717;10.533388546054491,10.175620803711702,0.4434834056225819;13.471363977912578,4.924285787991767,1.3272358809753264;3.1989281854844065,17.094804049625413,0.4405086223709195;3.721082089191997,8.881385548157215,0.35484045745388293;6.101545181256263,8.790137986408395,1.2639000034553933;14.737980355806986,8.782652679798053,1.0509056472900933;8.401310070704824,11.991886299150524,1.2062214485731173;17.06132291164363,16.261464942281574,1.3345172871816686;17.339109943706937,6.311506988921403,2.300624148151509;14.590277332334818,8.335859238449064,1.6499407138788138;5.222352165170459,5.2246686833336335,1.2953675730785918;4.241324229439376,12.456110153327092,0.3647650457406896;6.334813280978457,3.731836136358651,2.315285015721719;3.96199220928336,15.075728766947645,0.9109831433466773;13.470667831163155,10.03843225270554,1.3979717289653883;16.36473653509302,8.086891939973933,1.0265631417602112;9.356408901119345,2.787804101659744,0.20891529902825748;2.095021869582651,17.079045109775457,0.6495937887270954"
78,drone_2,12.436,13.742,13.942,14.674,"7.143965878414324,18.52253351862183,0.8394107337496143;6.637422351629716,5.81892506984119,0.6003018776062884;0.36590554591665037,16.596997027271488,0.20777990884561767;16.70210735212728,10.387662511155286,2.4865164910063826;17.575883932032223,2.721593568127446,1.6479158532570475;1.2973598084027889,12.541582926626493,1.1930564938806265;5.325463640573792,3.699943652690364,0.9547411468291342;2.859297170747846,7.553503878133155,2.1925507706303717;10.533388546054491,10.175620803711702,0.4434834056225819;13.471363977912578,4.924285787991767,1.3272358809753264;3.1989281854844065,17.094804049625413,0.4405086223709195;3.721082089191997,8.881385548157215,0.35484045745388293;6.101545181256263,8.790137986408395,1.2639000034553933;14.737980355806986,8.782652679798053,1.0509056472900933;8.401310070704824,11.991886299150524,1.2062214485731173;17.06132291164363,16.261464942281574,1.3345172871816686;17.339109943706937,6.311506988921403,2.300624148151509;14.590277332334818,8.335859238449064,1.6499407138788138;5.222352165170459,5.2246686833336335,1.2953675730785918;4.241324229439376,12.456110153327092,0.3647650457406896;6.334813280978457,3.731836136358651,2.315285015721719;3.96199220928336,15.075728766947645,0.9109831433466773;13.470667831163155,10.03843225270554,1.3979717289653883;16.36473653509302,8.086891939973933,1.0265631417602112;9.356408901119345,2.787804101659744,0.20891529902825748;2.095021869582651,17.079045109775457,0.6495937887270954"
78,drone_7,12.633,12.300,13.942,14.674,"7.143965878414324,18.52253351862183,0.8394107337496143;6.637422351629716,5.81892506984119,0.6003018776062884;0.36590554591665037,16.596997027271488,0.20777990884561767;16.70210735212728,10.387662511155286,2.4865164910063826;17.575883932032223,2.721593568127446,1.6479158532570475;1.2973598084027889,12.541582926626493,1.1930564938806265;5.325463640573792,3.699943652690364,0.9547411468291342;2.859297170747846,7.553503878133155,2.1925507706303717;10.533388546054491,10.175620803711702,0.4434834056225819;13.471363977912578,4.924285787991767,1.3272358809753264;3.1989281854844065,17.094804049625413,0.4405086223709195;3.721082089191997,8.881385548157215,0.35484045745388293;6.101545181256263,8.790137986408395,1.2639000034553933;14.737980355806986,8.782652679798053,1.0509056472900933;8.401310070704824,11.991886299150524,1.2062214485731173;17.06132291164363,16.261464942281574,1.3345172871816686;17.339109943706937,6.311506988921403,2.300624148151509;14.590277332334818,8.335859238449064,1.6499407138788138;5.222352165170459,5.2246686833336335,1.2953675730785918;4.241324229439376,12.456110153327092,0.3647650457406896;6.334813280978457,3.731836136358651,2.315285015721719;3.96199220928336,15.075728766947645,0.9109831433466773;13.470667831163155,10.03843225270554,1.3979717289653883;16.36473653509302,8.086891939973933,1.0265631417602112;9.356408901119345,2.787804101659744,0.20891529902825748;2.095021869582651,17.079045109775457,0.6495937887270954"
78,drone_8,13.823,13.448,13.942,14.674,"7.143965878414324,18.52253351862183,0.8394107337496143;6.637422351629716,5.81892506984119,0.6003018776062884;0.36590554591665037,16.596997027271488,0.20777990884561767;16.70210735212728,10.387662511155286,2.4865164910063826;17.575883932032223,2.721593568127446,1.6479158532570475;1.2973598084027889,12.541582926626493,1.1930564938806265;5.325463640573792,3.699943652690364,0.9547411468291342;2.859297170747846,7.553503878133155,2.1925507706303717;10.533388546054491,10.175620803711702,0.4434834056225819;13.471363977912578,4.924285787991767,1.3272358809753264;3.1989281854844065,17.094804049625413,0.4405086223709195;3.721082089191997,8.881385548157215,0.35484045745388293;6.101545181256263,8.790137986408395,1.2639000034553933;14.737980355806986,8.782652679798053,1.0509056472900933;8.401310070704824,11.991886299150524,1.2062214485731173;17.06132291164363,16.261464942281574,1.3345172871816686;17.339109943706937,6.311506988921403,2.300624148151509;14.590277332334818,8.335859238449064,1.6499407138788138;5.222352165170459,5.2246686833336335,1.2953675730785918;4.241324229439376,12.456110153327092,0.3647650457406896;6.334813280978457,3.731836136358651,2.315285015721719;3.96199220928336,15.075728766947645,0.9109831433466773;13.470667831163155,10.03843225270554,1.3979717289653883;16.36473653509302,8.086891939973933,1.0265631417602112;9.356408901119345,2.787804101659744,0.20891529902825748;2.095021869582651,17.079045109775457,0.6495937887270954"
79,drone_1,12.877,13.093,13.942,14.674,"7.143965878414324,18.52253351862183,0.8394107337496143;6.637422351629716,5.81892506984119,0.6003018776062884;0.36590554591665037,16.596997027271488,0.20777990884561767;16.70210735212728,10.387662511155286,2.4865164910063826;17.575883932032223,2.721593568127446,1.6479158532570475;1.2973598084027889,12.541582926626493,1.1930564938806265;5.325463640573792,3.699943652690364,0.9547411468291342;2.859297170747846,7.553503878133155,2.1925507706303717;10.533388546054491,10.175620803711702,0.4434834056225819;13.471363977912578,4.924285787991767,1.3272358809753264;3.1989281854844065,17.094804049625413,0.4405086223709195;3.721082089191997,8.881385548157215,0.35484045745388293;6.101545181256263,8.790137986408395,1.2639000034553933;14.737980355806986,8.782652679798053,1.0509056472900933;8.401310070704824,11.991886299150524,1.2062214485731173;17.06132291164363,16.261464942281574,1.3345172871816686;17.339109943706937,6.311506988921403,2.300624148151509;14.590277332334818,8.335859238449064,1.6499407138788138;5.222352165170459,5.2246686833336335,1.2953675730785918;4.241324229439376,12.456110153327092,0.3647650457406896;6.334813280978457,3.731836136358651,2.315285015721719;3.96199220928336,15.075728766947645,0.9109831433466773;13.470667831163155,10.03843225270554,1.3979717289653883;16.36473653509302,8.086891939973933,1.0265631417602112;9.356408901119345,2.787804101659744,0.20891529902825748;2.095021869582651,17.079045109775457,0.6495937887270954"
79,drone_2,12.557,13.863,13.942,14.674,"7.143965878414324,18.52253351862183,0.8394107337496143;6.637422351629716,5.81892506984119,0.6003018776062884;0.36590554591665037,16.596997027271488,0.20777990884561767;16.70210735212728,10.387662511155286,2.4865164910063826;17.575883932032223,2.721593568127446,1.6479158532570475;1.2973598084027889,12.541582926626493,1.1930564938806265;5.325463640573792,3.699943652690364,0.9547411468291342;2.859297170747846,7.553503878133155,2.1925507706303717;10.533388546054491,10.175620803711702,0.4434834056225819;13.471363977912578,4.924285787991767,1.3272358809753264;3.1989281854844065,17.094804049625413,0.4405086223709195;3.721082089191997,8.881385548157215,0.35484045745388293;6.101545181256263,8.790137986408395,1.2639000034553933;14.737980355806986,8.782652679798053,1.0509056472900933;8.401310070704824,11.991886299150524,1.2062214485731173;17.06132291164363,16.261464942281574,1.3345172871816686;17.339109943706937,6.311506988921403,2.300624148151509;14.590277332334818,8.335859238449064,1.6499407138788138;5.222352165170459,5.2246686833336335,1.2953675730785918;4.241324229439376,12.456110153327092,0.3647650457406896;6.334813280978457,3.731836136358651,2.315285015721719;3.96199220928336,15.075728766947645,0.9109831433466773;13.470667831163155,10.03843225270554,1.3979717289653883;16.36473653509302,8.086891939973933,1.0265631417602112;9.356408901119345,2.787804101659744,0.20891529902825748;2.095021869582651,17.079045109775457,0.6495937887270954"
79,drone_7,12.755,12.422,13.942,14.674,"7.143965878414324,18.52253351862183,0.8394107337496143;6.637422351629716,5.81892506984119,0.6003018776062884;0.36590554591665037,16.596997027271488,0.20777990884561767;16.70210735212728,10.387662511155286,2.4865164910063826;17.575883932032223,2.721593568127446,1.6479158532570475;1.2973598084027889,12.541582926626493,1.1930564938806265;5.325463640573792,3.699943652690364,0.9547411468291342;2.859297170747846,7.553503878133155,2.1925507706303717;10.533388546054491,10.175620803711702,0.4434834056225819;13.471363977912578,4.924285787991767,1.3272358809753264;3.1989281854844065,17.094804049625413,0.4405086223709195;3.721082089191997,8.881385548157215,0.35484045745388293;6.101545181256263,8.790137986408395,1.2639000034553933;14.737980355806986,8.782652679798053,1.0509056472900933;8.401310070704824,11.991886299150524,1.2062214485731173;17.06132291164363,16.261464942281574,1.3345172871816686;17.339109943706937,6.311506988921403,2.300624148151509;14.590277332334818,8.335859238449064,1.6499407138788138;5.222352165170459,5.2246686833336335,1.2953675730785918;4.241324229439376,12.456110153327092,0.3647650457406896;6.334813280978457,3.731836136358651,2.315285015721719;3.96199220928336,15.075728766947645,0.9109831433466773;13.470667831163155,10.03843225270554,1.3979717289653883;16.36473653509302,8.086891939973933,1.0265631417602112;9.356408901119345,2.787804101659744,0.20891529902825748;2.095021869582651,17.079045109775457,0.6495937887270954"
79,drone_8,13.843,13.647,13.942,14.674,"7.143965878414324,18.52253351862183,0.8394107337496143;6.637422351629716,5.81892506984119,0.6003018776062884;0.36590554591665037,16.596997027271488,0.20777990884561767;16.70210735212728,10.387662511155286,2.4865164910063826;17.575883932032223,2.721593568127446,1.6479158532570475;1.2973598084027889,12.541582926626493,1.1930564938806265;5.325463640573792,3.699943652690364,0.9547411468291342;2.859297170747846,7.553503878133155,2.1925507706303717;10.533388546054491,10.175620803711702,0.4434834056225819;13.471363977912578,4.924285787991767,1.3272358809753264;3.1989281854844065,17.094804049625413,0.4405086223709195;3.721082089191997,8.881385548157215,0.35484045745388293;6.101545181256263,8.790137986408395,1.2639000034553933;14.737980355806986,8.782652679798053,1.0509056472900933;8.401310070704824,11.991886299150524,1.2062214485731173;17.06132291164363,16.261464942281574,1.3345172871816686;17.339109943706937,6.311506988921403,2.300624148151509;14.590277332334818,8.335859238449064,1.6499407138788138;5.222352165170459,5.2246686833336335,1.2953675730785918;4.241324229439376,12.456110153327092,0.3647650457406896;6.334813280978457,3.731836136358651,2.315285015721719;3.96199220928336,15.075728766947645,0.9109831433466773;13.470667831163155,10.03843225270554,1.3979717289653883;16.36473653509302,8.086891939973933,1.0265631417602112;9.356408901119345,2.787804101659744,0.20891529902825748;2.095021869582651,17.079045109775457,0.6495937887270954"
80,drone_1,12.981,13.197,13.942,14.674,"7.143965878414324,18.52253351862183,0.8394107337496143;6.637422351629716,5.81892506984119,0.6003018776062884;0.36590554591665037,16.596997027271488,0.20777990884561767;16.70210735212728,10.387662511155286,2.4865164910063826;17.575883932032223,2.721593568127446,1.6479158532570475;1.2973598084027889,12.541582926626493,1.1930564938806265;5.325463640573792,3.699943652690364,0.9547411468291342;2.859297170747846,7.553503878133155,2.1925507706303717;10.533388546054491,10.175620803711702,0.4434834056225819;13.471363977912578,4.924285787991767,1.3272358809753264;3.1989281854844065,17.094804049625413,0.4405086223709195;3.721082089191997,8.881385548157215,0.35484045745388293;6.101545181256263,8.790137986408395,1.2639000034553933;14.737980355806986,8.782652679798053,1.0509056472900933;8.401310070704824,11.991886299150524,1.2062214485731173;17.06132291164363,16.261464942281574,1.3345172871816686;17.339109943706937,6.311506988921403,2.300624148151509;14.590277332334818,8.335859238449064,1.6499407138788138;5.222352165170459,5.2246686833336335,1.2953675730785918;4.241324229439376,12.456110153327092,0.3647650457406896;6.334813280978457,3.731836136358651,2.315285015721719;3.96199220928336,15.075728766947645,0.9109831433466773;13.470667831163155,10.03843225270554,1.3979717289653883;16.36473653509302,8.086891939973933,1.0265631417602112;9.356408901119345,2.787804101659744,0.20891529902825748;2.095021869582651,17.079045109775457,0.6495937887270954"
80,drone_2,12.679,13.985,13.942,14.674,"7.143965878414324,18.52253351862183,0.8394107337496143;6.637422351629716,5.81892506984119,0.6003018776062884;0.36590554591665037,16.596997027271488,0.20777990884561767;16.70210735212728,10.387662511155286,2.4865164910063826;17.575883932032223,2.721593568127446,1.6479158532570475;1.2973598084027889,12.541582926626493,1.1930564938806265;5.325463640573792,3.699943652690364,0.9547411468291342;2.859297170747846,7.553503878133155,2.1925507706303717;10.533388546054491,10.175620803711702,0.4434834056225819;13.471363977912578,4.924285787991767,1.3272358809753264;3.1989281854844065,17.094804049625413,0.4405086223709195;3.721082089191997,8.881385548157215,0.35484045745388293;6.101545181256263,8.790137986408395,1.2639000034553933;14.737980355806986,8.782652679798053,1.0509056472900933;8.401310070704824,11.991886299150524,1.2062214485731173;17.06132291164363,16.261464942281574,1.3345172871816686;17.339109943706937,6.311506988921403,2.300624148151509;14.590277332334818,8.335859238449064,1.6499407138788138;5.222352165170459,5.2246686833336335,1.2953675730785918;4.241324229439376,12.456110153327092,0.3647650457406896;6.334813280978457,3.731836136358651,2.315285015721719;3.96199220928336,15.075728766947645,0.9109831433466773;13.470667831163155,10.03843225270554,1.3979717289653883;16.36473653509302,8.086891939973933,1.0265631417602112;9.356408901119345,2.787804101659744,0.20891529902825748;2.095021869582651,17.079045109775457,0.6495937887270954"
80,drone_7,12.876,12.544,13.942,14.674,"7.143965878414324,18.52253351862183,0.8394107337496143;6.637422351629716,5.81892506984119,0.6003018776062884;0.36590554591665037,16.596997027271488,0.20777990884561767;16.70210735212728,10.387662511155286,2.4865164910063826;17.575883932032223,2.721593568127446,1.6479158532570475;1.2973598084027889,12.541582926626493,1.1930564938806265;5.325463640573792,3.699943652690364,0.9547411468291342;2.859297170747846,7.553503878133155,2.1925507706303717;10.533388546054491,10.175620803711702,0.4434834056225819;13.471363977912578,4.924285787991767,1.3272358809753264;3.1989281854844065,17.094804049625413,0.4405086223709195;3.721082089191997,8.881385548157215,0.35484045745388293;6.101545181256263,8.790137986408395,1.2639000034553933;14.737980355806986,8.782652679798053,1.0509056472900933;8.401310070704824,11.991886299150524,1.2062214485731173;17.06132291164363,16.261464942281574,1.3345172871816686;17.339109943706937,6.311506988921403,2.300624148151509;14.590277332334818,8.335859238449064,1.6499407138788138;5.222352165170459,5.2246686833336335,1.2953675730785918;4.241324229439376,12.456110153327092,0.3647650457406896;6.334813280978457,3.731836136358651,2.315285015721719;3.96199220928336,15.075728766947645,0.9109831433466773;13.470667831163155,10.03843225270554,1.3979717289653883;16.36473653509302,8.086891939973933,1.0265631417602112;9.356408901119345,2.787804101659744,0.20891529902825748;2.095021869582651,17.079045109775457,0.6495937887270954"
80,drone_8,-100.000,-100.000,13.942,14.674,"7.143965878414324,18.52253351862183,0.8394107337496143;6.637422351629716,5.81892506984119,0.6003018776062884;0.36590554591665037,16.596997027271488,0.20777990884561767;16.70210735212728,10.387662511155286,2.4865164910063826;17.575883932032223,2.721593568127446,1.6479158532570475;1.2973598084027889,12.541582926626493,1.1930564938806265;5.325463640573792,3.699943652690364,0.9547411468291342;2.859297170747846,7.553503878133155,2.1925507706303717;10.533388546054491,10.175620803711702,0.4434834056225819;13.471363977912578,4.924285787991767,1.3272358809753264;3.1989281854844065,17.094804049625413,0.4405086223709195;3.721082089191997,8.881385548157215,0.35484045745388293;6.101545181256263,8.790137986408395,1.2639000034553933;14.737980355806986,8.782652679798053,1.0509056472900933;8.401310070704824,11.991886299150524,1.2062214485731173;17.06132291164363,16.261464942281574,1.3345172871816686;17.339109943706937,6.311506988921403,2.300624148151509;14.590277332334818,8.335859238449064,1.6499407138788138;5.222352165170459,5.2246686833336335,1.2953675730785918;4.241324229439376,12.456110153327092,0.3647650457406896;6.334813280978457,3.731836136358651,2.315285015721719;3.96199220928336,15.075728766947645,0.9109831433466773;13.470667831163155,10.03843225270554,1.3979717289653883;16.36473653509302,8.086891939973933,1.0265631417602112;9.356408901119345,2.787804101659744,0.20891529902825748;2.095021869582651,17.079045109775457,0.6495937887270954"
81,drone_1,13.086,13.302,13.942,14.674,"7.143965878414324,18.52253351862183,0.8394107337496143;6.637422351629716,5.81892506984119,0.6003018776062884;0.36590554591665037,16.596997027271488,0.20777990884561767;16.70210735212728,10.387662511155286,2.4865164910063826;17.575883932032223,2.721593568127446,1.6479158532570475;1.2973598084027889,12.541582926626493,1.1930564938806265;5.325463640573792,3.699943652690364,0.9547411468291342;2.859297170747846,7.553503878133155,2.1925507706303717;10.533388546054491,10.175620803711702,0.4434834056225819;13.471363977912578,4.924285787991767,1.3272358809753264;3.1989281854844065,17.094804049625413,0.4405086223709195;3.721082089191997,8.881385548157215,0.35484045745388293;6.101545181256263,8.790137986408395,1.2639000034553933;14.737980355806986,8.782652679798053,1.0509056472900933;8.401310070704824,11.991886299150524,1.2062214485731173;17.06132291164363,16.261464942281574,1.3345172871816686;17.339109943706937,6.311506988921403,2.300624148151509;14.590277332334818,8.335859238449064,1.6499407138788138;5.222352165170459,5.2246686833336335,1.2953675730785918;4.241324229439376,12.456110153327092,0.3647650457406896;6.334813280978457,3.731836136358651,2.315285015721719;3.96199220928336,15.075728766947645,0.9109831433466773;13.470667831163155,10.03843225270554,1.3979717289653883;16.36473653509302,8.086891939973933,1.0265631417602112;9.356408901119345,2.787804101659744,0.20891529902825748;2.095021869582651,17.079045109775457,0.6495937887270954"
81,drone_2,12.801,14.107,13.942,14.674,"7.143965878414324,18.52253351862183,0.8394107337496143;6.637422351629716,5.81892506984119,0.6003018776062884;0.36590554591665037,16.596997027271488,0.20777990884561767;16.70210735212728,10.387662511155286,2.4865164910063826;17.575883932032223,2.721593568127446,1.6479158532570475;1.2973598084027889,12.541582926626493,1.1930564938806265;5.325463640573792,3.699943652690364,0.9547411468291342;2.859297170747846,7.553503878133155,2.1925507706303717;10.533388546054491,10.175620803711702,0.4434834056225819;13.471363977912578,4.924285787991767,1.3272358809753264;3.1989281854844065,17.094804049625413,0.4405086223709195;3.721082089191997,8.881385548157215,0.35484045745388293;6.101545181256263,8.790137986408395,1.2639000034553933;14.737980355806986,8.782652679798053,1.0509056472900933;8.401310070704824,11.991886299150524,1.2062214485731173;17.06132291164363,16.261464942281574,1.3345172871816686;17.339109943706937,6.311506988921403,2.300624148151509;14.590277332334818,8.335859238449064,1.6499407138788138;5.222352165170459,5.2246686833336335,1.2953675730785918;4.241324229439376,12.456110153327092,0.3647650457406896;6.334813280978457,3.731836136358651,2.315285015721719;3.96199220928336,15.075728766947645,0.9109831433466773;13.470667831163155,10.03843225270554,1.3979717289653883;16.36473653509302,8.086891939973933,1.0265631417602112;9.356408901119345,2.787804101659744,0.20891529902825748;2.095021869582651,17.079045109775457,0.6495937887270954"
81,drone_7,12.998,12.666,13.942,14.674,"7.143965878414324,18.52253351862183,0.8394107337496143;6.637422351629716,5.81892506984119,0.6003018776062884;0.36590554591665037,16.596997027271488,0.20777990884561767;16.70210735212728,10.387662511155286,2.4865164910063826;17.575883932032223,2.721593568127446,1.6479158532570475;1.2973598084027889,12.541582926626493,1.1930564938806265;5.325463640573792,3.699943652690364,0.9547411468291342;2.859297170747846,7.553503878133155,2.1925507706303717;10.533388546054491,10.175620803711702,0.4434834056225819;13.471363977912578,4.924285787991767,1.3272358809753264;3.1989281854844065,17.094804049625413,0.4405086223709195;3.721082089191997,8.881385548157215,0.35484045745388293;6.101545181256263,8.790137986408395,1.2639000034553933;14.737980355806986,8.782652679798053,1.0509056472900933;8.401310070704824,11.991886299150524,1.2062214485731173;17.06132291164363,16.261464942281574,1.3345172871816686;17.339109943706937,6.311506988921403,2.300624148151509;14.590277332334818,8.335859238449064,1.6499407138788138;5.222352165170459,5.2246686833336335,1.2953675730785918;4.241324229439376,12.456110153327092,0.3647650457406896;6.334813280978457,3.731836136358651,2.315285015721719;3.96199220928336,15.075728766947645,0.9109831433466773;13.470667831163155,10.03843225270554,1.3979717289653883;16.36473653509302,8.086891939973933,1.0265631417602112;9.356408901119345,2.787804101659744,0.20891529902825748;2.095021869582651,17.079045109775457,0.6495937887270954"
82,drone_1,13.191,13.407,13.942,14.674,"7.143965878414324,18.52253351862183,0.8394107337496143;6.637422351629716,5.81892506984119,0.6003018776062884;0.36590554591665037,16.596997027271488,0.20777990884561767;16.70210735212728,10.387662511155286,2.4865164910063826;17.575883932032223,2.721593568127446,1.6479158532570475;1.2973598084027889,12.541582926626493,1.1930564938806265;5.325463640573792,3.699943652690364,0.9547411468291342;2.859297170747846,7.553503878133155,2.1925507706303717;10.533388546054491,10.175620803711702,0.4434834056225819;13.471363977912578,4.924285787991767,1.3272358809753264;3.1989281854844065,17.094804049625413,0.4405086223709195;3.721082089191997,8.881385548157215,0.35484045745388293;6.101545181256263,8.790137986408395,1.2639000034553933;14.737980355806986,8.782652679798053,1.0509056472900933;8.401310070704824,11.991886299150524,1.2062214485731173;17.06132291164363,16.261464942281574,1.3345172871816686;17.339109943706937,6.311506988921403,2.300624148151509;14.590277332334818,8.335859238449064,1.6499407138788138;5.222352165170459,5.2246686833336335,1.2953675730785918;4.241324229439376,12.456110153327092,0.3647650457406896;6.334813280978457,3.731836136358651,2.315285015721719;3.96199220928336,15.075728766947645,0.9109831433466773;13.470667831163155,10.03843225270554,1.3979717289653883;16.36473653509302,8.086891939973933,1.0265631417602112;9.356408901119345,2.787804101659744,0.20891529902825748;2.095021869582651,17.079045109775457,0.6495937887270954"
82,drone_2,12.923,14.229,13.942,14.674,"7.143965878414324,18.52253351862183,0.8394107337496143;6.637422351629716,5.81892506984119,0.6003018776062884;0.36590554591665037,16.596997027271488,0.20777990884561767;16.70210735212728,10.387662511155286,2.4865164910063826;17.575883932032223,2.721593568127446,1.6479158532570475;1.2973598084027889,12.541582926626493,1.1930564938806265;5.325463640573792,3.699943652690364,0.9547411468291342;2.859297170747846,7.553503878133155,2.1925507706303717;10.533388546054491,10.175620803711702,0.4434834056225819;13.471363977912578,4.924285787991767,1.3272358809753264;3.1989281854844065,17.094804049625413,0.4405086223709195;3.721082089191997,8.881385548157215,0.35484045745388293;6.101545181256263,8.790137986408395,1.2639000034553933;14.737980355806986,8.782652679798053,1.0509056472900933;8.401310070704824,11.991886299150524,1.2062214485731173;17.06132291164363,16.261464942281574,1.3345172871816686;17.339109943706937,6.311506988921403,2.300624148151509;14.590277332334818,8.335859238449064,1.6499407138788138;5.222352165170459,5.2246686833336335,1.2953675730785918;4.241324229439376,12.456110153327092,0.3647650457406896;6.334813280978457,3.731836136358651,2.315285015721719;3.96199220928336,15.075728766947645,0.9109831433466773;13.470667831163155,10.03843225270554,1.3979717289653883;16.36473653509302,8.086891939973933,1.0265631417602112;9.356408901119345,2.787804101659744,0.20891529902825748;2.095021869582651,17.079045109775457,0.6495937887270954"
82,drone_7,13.120,12.788,13.942,14.674,"7.143965878414324,18.52253351862183,0.8394107337496143;6.637422351629716,5.81892506984119,0.6003018776062884;0.36590554591665037,16.596997027271488,0.20777990884561767;16.70210735212728,10.387662511155286,2.4865164910063826;17.575883932032223,2.721593568127446,1.6479158532570475;1.2973598084027889,12.541582926626493,1.1930564938806265;5.325463640573792,3.699943652690364,0.9547411468291342;2.859297170747846,7.553503878133155,2.1925507706303717;10.533388546054491,10.175620803711702,0.4434834056225819;13.471363977912578,4.924285787991767,1.3272358809753264;3.1989281854844065,17.094804049625413,0.4405086223709195;3.721082089191997,8.881385548157215,0.35484045745388293;6.101545181256263,8.790137986408395,1.2639000034553933;14.737980355806986,8.782652679798053,1.0509056472900933;8.401310070704824,11.991886299150524,1.2062214485731173;17.06132291164363,16.261464942281574,1.3345172871816686;17.339109943706937,6.311506988921403,2.300624148151509;14.590277332334818,8.335859238449064,1.6499407138788138;5.222352165170459,5.2246686833336335,1.2953675730785918;4.241324229439376,12.456110153327092,0.3647650457406896;6.334813280978457,3.731836136358651,2.315285015721719;3.96199220928336,15.075728766947645,0.9109831433466773;13.470667831163155,10.03843225270554,1.3979717289653883;16.36473653509302,8.086891939973933,1.0265631417602112;9.356408901119345,2.787804101659744,0.20891529902825748;2.095021869582651,17.079045109775457,0.6495937887270954"
83,drone_1,13.296,13.512,13.942,14.674,"7.143965878414324,18.52253351862183,0.8394107337496143;6.637422351629716,5.81892506984119,0.6003018776062884;0.36590554591665037,16.596997027271488,0.20777990884561767;16.70210735212728,10.387662511155286,2.4865164910063826;17.575883932032223,2.721593568127446,1.6479158532570475;1.2973598084027889,12.541582926626493,1.1930564938806265;5.325463640573792,3.699943652690364,0.9547411468291342;2.859297170747846,7.553503878133155,2.1925507706303717;10.533388546054491,10.175620803711702,0.4434834056225819;13.471363977912578,4.924285787991767,1.3272358809753264;3.1989281854844065,17.094804049625413,0.4405086223709195;3.721082089191997,8.881385548157215,0.35484045745388293;6.101545181256263,8.790137986408395,1.2639000034553933;14.737980355806986,8.782652679798053,1.0509056472900933;8.401310070704824,11.991886299150524,1.2062214485731173;17.06132291164363,16.261464942281574,1.3345172871816686;17.339109943706937,6.311506988921403,2.300624148151509;14.590277332334818,8.335859238449064,1.6499407138788138;5.222352165170459,5.2246686833336335,1.2953675730785918;4.241324229439376,12.456110153327092,0.3647650457406896;6.334813280978457,3.731836136358651,2.315285015721719;3.96199220928336,15.075728766947645,0.9109831433466773;13.470667831163155,10.03843225270554,1.3979717289653883;16.36473653509302,8.086891939973933,1.0265631417602112;9.356408901119345,2.787804101659744,0.20891529902825748;2.095021869582651,17.079045109775457,0.6495937887270954"
83,drone_2,-100.000,-100.000,13.942,14.674,"7.143965878414324,18.52253351862183,0.8394107337496143;6.637422351629716,5.81892506984119,0.6003018776062884;0.36590554591665037,16.596997027271488,0.20777990884561767;16.70210735212728,10.387662511155286,2.4865164910063826;17.575883932032223,2.721593568127446,1.6479158532570475;1.2973598084027889,12.541582926626493,1.1930564938806265;5.325463640573792,3.699943652690364,0.9547411468291342;2.859297170747846,7.553503878133155,2.1925507706303717;10.533388546054491,10.175620803711702,0.4434834056225819;13.471363977912578,4.924285787991767,1.3272358809753264;3.1989281854844065,17.094804049625413,0.4405086223709195;3.721082089191997,8.881385548157215,0.35484045745388293;6.101545181256263,8.790137986408395,1.2639000034553933;14.737980355806986,8.782652679798053,1.0509056472900933;8.401310070704824,11.991886299150524,1.2062214485731173;17.06132291164363,16.261464942281574,1.3345172871816686;17.339109943706937,6.311506988921403,2.300624148151509;14.590277332334818,8.335859238449064,1.6499407138788138;5.222352165170459,5.2246686833336335,1.2953675730785918;4.241324229439376,12.456110153327092,0.3647650457406896;6.334813280978457,3.731836136358651,2.315285015721719;3.96199220928336,15.075728766947645,0.9109831433466773;13.470667831163155,10.03843225270554,1.3979717289653883;16.36473653509302,8.086891939973933,1.0265631417602112;9.356408901119345,2.787804101659744,0.20891529902825748;2.095021869582651,17.079045109775457,0.6495937887270954"
83,drone_7,13.241,12.909,13.942,14.674,"7.143965878414324,18.52253351862183,0.8394107337496143;6.637422351629716,5.81892506984119,0.6003018776062884;0.36590554591665037,16.596997027271488,0.20777990884561767;16.70210735212728,10.387662511155286,2.4865164910063826;17.575883932032223,2.721593568127446,1.6479158532570475;1.2973598084027889,12.541582926626493,1.1930564938806265;5.325463640573792,3.699943652690364,0.9547411468291342;2.859297170747846,7.553503878133155,2.1925507706303717;10.533388546054491,10.175620803711702,0.4434834056225819;13.471363977912578,4.924285787991767,1.3272358809753264;3.1989281854844065,17.094804049625413,0.4405086223709195;3.721082089191997,8.881385548157215,0.35484045745388293;6.101545181256263,8.790137986408395,1.2639000034553933;14.737980355806986,8.782652679798053,1.0509056472900933;8.401310070704824,11.991886299150524,1.2062214485731173;17.06132291164363,16.261464942281574,1.3345172871816686;17.339109943706937,6.311506988921403,2.300624148151509;14.590277332334818,8.335859238449064,1.6499407138788138;5.222352165170459,5.2246686833336335,1.2953675730785918;4.241324229439376,12.456110153327092,0.3647650457406896;6.334813280978457,3.731836136358651,2.315285015721719;3.96199220928336,15.075728766947645,0.9109831433466773;13.470667831163155,10.03843225270554,1.3979717289653883;16.36473653509302,8.086891939973933,1.0265631417602112;9.356408901119345,2.787804101659744,0.20891529902825748;2.095021869582651,17.079045109775457,0.6495937887270954"
84,drone_1,13.417,13.634,13.942,14.674,"7.143965878414324,18.52253351862183,0.8394107337496143;6.637422351629716,5.81892506984119,0.6003018776062884;0.36590554591665037,16.596997027271488,0.20777990884561767;16.70210735212728,10.387662511155286,2.4865164910063826;17.575883932032223,2.721593568127446,1.6479158532570475;1.2973598084027889,12.541582926626493,1.1930564938806265;5.325463640573792,3.699943652690364,0.9547411468291342;2.859297170747846,7.553503878133155,2.1925507706303717;10.533388546054491,10.175620803711702,0.4434834056225819;13.471363977912578,4.924285787991767,1.3272358809753264;3.1989281854844065,17.094804049625413,0.4405086223709195;3.721082089191997,8.881385548157215,0.35484045745388293;6.101545181256263,8.790137986408395,1.2639000034553933;14.737980355806986,8.782652679798053,1.0509056472900933;8.401310070704824,11.991886299150524,1.2062214485731173;17.06132291164363,16.261464942281574,1.3345172871816686;17.339109943706937,6.311506988921403,2.300624148151509;14.590277332334818,8.335859238449064,1.6499407138788138;5.222352165170459,5.2246686833336335,1.2953675730785918;4.241324229439376,12.456110153327092,0.3647650457406896;6.334813280978457,3.731836136358651,2.315285015721719;3.96199220928336,15.075728766947645,0.9109831433466773;13.470667831163155,10.03843225270554,1.3979717289653883;16.36473653509302,8.086891939973933,1.0265631417602112;9.356408901119345,2.787804101659744,0.20891529902825748;2.095021869582651,17.079045109775457,0.6495937887270954"
84,drone_7,13.363,13.031,13.942,14.674,"7.143965878414324,18.52253351862183,0.8394107337496143;6.637422351629716,5.81892506984119,0.6003018776062884;0.36590554591665037,16.596997027271488,0.20777990884561767;16.70210735212728,10.387662511155286,2.4865164910063826;17.575883932032223,2.721593568127446,1.6479158532570475;1.2973598084027889,12.541582926626493,1.1930564938806265;5.325463640573792,3.699943652690364,0.9547411468291342;2.859297170747846,7.553503878133155,2.1925507706303717;10.533388546054491,10.175620803711702,0.4434834056225819;13.471363977912578,4.924285787991767,1.3272358809753264;3.1989281854844065,17.094804049625413,0.4405086223709195;3.721082089191997,8.881385548157215,0.35484045745388293;6.101545181256263,8.790137986408395,1.2639000034553933;14.737980355806986,8.782652679798053,1.0509056472900933;8.401310070704824,11.991886299150524,1.2062214485731173;17.06132291164363,16.261464942281574,1.3345172871816686;17.339109943706937,6.311506988921403,2.300624148151509;14.590277332334818,8.335859238449064,1.6499407138788138;5.222352165170459,5.2246686833336335,1.2953675730785918;4.241324229439376,12.456110153327092,0.3647650457406896;6.334813280978457,3.731836136358651,2.315285015721719;3.96199220928336,15.075728766947645,0.9109831433466773;13.470667831163155,10.03843225270554,1.3979717289653883;16.36473653509302,8.086891939973933,1.0265631417602112;9.356408901119345,2.787804101659744,0.20891529902825748;2.095021869582651,17.079045109775457,0.6495937887270954"
85,drone_1,13.539,13.755,13.942,14.674,"7.143965878414324,18.52253351862183,0.8394107337496143;6.637422351629716,5.81892506984119,0.6003018776062884;0.36590554591665037,16.596997027271488,0.20777990884561767;16.70210735212728,10.387662511155286,2.4865164910063826;17.575883932032223,2.721593568127446,1.6479158532570475;1.2973598084027889,12.541582926626493,1.1930564938806265;5.325463640573792,3.699943652690364,0.9547411468291342;2.859297170747846,7.553503878133155,2.1925507706303717;10.533388546054491,10.175620803711702,0.4434834056225819;13.471363977912578,4.924285787991767,1.3272358809753264;3.1989281854844065,17.094804049625413,0.4405086223709195;3.721082089191997,8.881385548157215,0.35484045745388293;6.101545181256263,8.790137986408395,1.2639000034553933;14.737980355806986,8.782652679798053,1.0509056472900933;8.401310070704824,11.991886299150524,1.2062214485731173;17.06132291164363,16.261464942281574,1.3345172871816686;17.339109943706937,6.311506988921403,2.300624148151509;14.590277332334818,8.335859238449064,1.6499407138788138;5.222352165170459,5.2246686833336335,1.2953675730785918;4.241324229439376,12.456110153327092,0.3647650457406896;6.334813280978457,3.731836136358651,2.315285015721719;3.96199220928336,15.075728766947645,0.9109831433466773;13.470667831163155,10.03843225270554,1.3979717289653883;16.36473653509302,8.086891939973933,1.0265631417602112;9.356408901119345,2.787804101659744,0.20891529902825748;2.095021869582651,17.079045109775457,0.6495937887270954"
85,drone_7,13.485,13.153,13.942,14.674,"7.143965878414324,18.52253351862183,0.8394107337496143;6.637422351629716,5.81892506984119,0.6003018776062884;0.36590554591665037,16.596997027271488,0.20777990884561767;16.70210735212728,10.387662511155286,2.4865164910063826;17.575883932032223,2.721593568127446,1.6479158532570475;1.2973598084027889,12.541582926626493,1.1930564938806265;5.325463640573792,3.699943652690364,0.9547411468291342;2.859297170747846,7.553503878133155,2.1925507706303717;10.533388546054491,10.175620803711702,0.4434834056225819;13.471363977912578,4.924285787991767,1.3272358809753264;3.1989281854844065,17.094804049625413,0.4405086223709195;3.721082089191997,8.881385548157215,0.35484045745388293;6.101545181256263,8.790137986408395,1.2639000034553933;14.737980355806986,8.782652679798053,1.0509056472900933;8.401310070704824,11.991886299150524,1.2062214485731173;17.06132291164363,16.261464942281574,1.3345172871816686;17.339109943706937,6.311506988921403,2.300624148151509;14.590277332334818,8.335859238449064,1.6499407138788138;5.222352165170459,5.2246686833336335,1.2953675730785918;4.241324229439376,12.456110153327092,0.3647650457406896;6.334813280978457,3.731836136358651,2.315285015721719;3.96199220928336,15.075728766947645,0.9109831433466773;13.470667831163155,10.03843225270554,1.3979717289653883;16.36473653509302,8.086891939973933,1.0265631417602112;9.356408901119345,2.787804101659744,0.20891529902825748;2.095021869582651,17.079045109775457,0.6495937887270954"
86,drone_1,-100.000,-100.000,13.942,14.674,"7.143965878414324,18.52253351862183,0.8394107337496143;6.637422351629716,5.81892506984119,0.6003018776062884;0.36590554591665037,16.596997027271488,0.20777990884561767;16.70210735212728,10.387662511155286,2.4865164910063826;17.575883932032223,2.721593568127446,1.6479158532570475;1.2973598084027889,12.541582926626493,1.1930564938806265;5.325463640573792,3.699943652690364,0.9547411468291342;2.859297170747846,7.553503878133155,2.1925507706303717;10.533388546054491,10.175620803711702,0.4434834056225819;13.471363977912578,4.924285787991767,1.3272358809753264;3.1989281854844065,17.094804049625413,0.4405086223709195;3.721082089191997,8.881385548157215,0.35484045745388293;6.101545181256263,8.790137986408395,1.2639000034553933;14.737980355806986,8.782652679798053,1.0509056472900933;8.401310070704824,11.991886299150524,1.2062214485731173;17.06132291164363,16.261464942281574,1.3345172871816686;17.339109943706937,6.311506988921403,2.300624148151509;14.590277332334818,8.335859238449064,1.6499407138788138;5.222352165170459,5.2246686833336335,1.2953675730785918;4.241324229439376,12.456110153327092,0.3647650457406896;6.334813280978457,3.731836136358651,2.315285015721719;3.96199220928336,15.075728766947645,0.9109831433466773;13.470667831163155,10.03843225270554,1.3979717289653883;16.36473653509302,8.086891939973933,1.0265631417602112;9.356408901119345,2.787804101659744,0.20891529902825748;2.095021869582651,17.079045109775457,0.6495937887270954"
86,drone_7,13.607,13.275,13.942,14.674,"7.143965878414324,18.52253351862183,0.8394107337496143;6.637422351629716,5.81892506984119,0.6003018776062884;0.36590554591665037,16.596997027271488,0.20777990884561767;16.70210735212728,10.387662511155286,2.4865164910063826;17.575883932032223,2.721593568127446,1.6479158532570475;1.2973598084027889,12.541582926626493,1.1930564938806265;5.325463640573792,3.699943652690364,0.9547411468291342;2.859297170747846,7.553503878133155,2.1925507706303717;10.533388546054491,10.175620803711702,0.4434834056225819;13.471363977912578,4.924285787991767,1.3272358809753264;3.1989281854844065,17.094804049625413,0.4405086223709195;3.721082089191997,8.881385548157215,0.35484045745388293;6.101545181256263,8.790137986408395,1.2639000034553933;14.737980355806986,8.782652679798053,1.0509056472900933;8.401310070704824,11.991886299150524,1.2062214485731173;17.06132291164363,16.261464942281574,1.3345172871816686;17.339109943706937,6.311506988921403,2.300624148151509;14.590277332334818,8.335859238449064,1.6499407138788138;5.222352165170459,5.2246686833336335,1.2953675730785918;4.241324229439376,12.456110153327092,0.3647650457406896;6.334813280978457,3.731836136358651,2.315285015721719;3.96199220928336,15.075728766947645,0.9109831433466773;13.470667831163155,10.03843225270554,1.3979717289653883;16.36473653509302,8.086891939973933,1.0265631417602112;9.356408901119345,2.787804101659744,0.20891529902825748;2.095021869582651,17.079045109775457,0.6495937887270954"
87,drone_7,13.748,13.416,13.942,14.674,"7.143965878414324,18.52253351862183,0.8394107337496143;6.637422351629716,5.81892506984119,0.6003018776062884;0.36590554591665037,16.596997027271488,0.20777990884561767;16.70210735212728,10.387662511155286,2.4865164910063826;17.575883932032223,2.721593568127446,1.6479158532570475;1.2973598084027889,12.541582926626493,1.1930564938806265;5.325463640573792,3.699943652690364,0.9547411468291342;2.859297170747846,7.553503878133155,2.1925507706303717;10.533388546054491,10.175620803711702,0.4434834056225819;13.471363977912578,4.924285787991767,1.3272358809753264;3.1989281854844065,17.094804049625413,0.4405086223709195;3.721082089191997,8.881385548157215,0.35484045745388293;6.101545181256263,8.790137986408395,1.2639000034553933;14.737980355806986,8.782652679798053,1.0509056472900933;8.401310070704824,11.991886299150524,1.2062214485731173;17.06132291164363,16.261464942281574,1.3345172871816686;17.339109943706937,6.311506988921403,2.300624148151509;14.590277332334818,8.335859238449064,1.6499407138788138;5.222352165170459,5.2246686833336335,1.2953675730785918;4.241324229439376,12.456110153327092,0.3647650457406896;6.334813280978457,3.731836136358651,2.315285015721719;3.96199220928336,15.075728766947645,0.9109831433466773;13.470667831163155,10.03843225270554,1.3979717289653883;16.36473653509302,8.086891939973933,1.0265631417602112;9.356408901119345,2.787804101659744,0.20891529902825748;2.095021869582651,17.079045109775457,0.6495937887270954"
88,drone_7,13.889,13.557,13.942,14.674,"7.143965878414324,18.52253351862183,0.8394107337496143;6.637422351629716,5.81892506984119,0.6003018776062884;0.36590554591665037,16.596997027271488,0.20777990884561767;16.70210735212728,10.387662511155286,2.4865164910063826;17.575883932032223,2.721593568127446,1.6479158532570475;1.2973598084027889,12.541582926626493,1.1930564938806265;5.325463640573792,3.699943652690364,0.9547411468291342;2.859297170747846,7.553503878133155,2.1925507706303717;10.533388546054491,10.175620803711702,0.4434834056225819;13.471363977912578,4.924285787991767,1.3272358809753264;3.1989281854844065,17.094804049625413,0.4405086223709195;3.721082089191997,8.881385548157215,0.35484045745388293;6.101545181256263,8.790137986408395,1.2639000034553933;14.737980355806986,8.782652679798053,1.0509056472900933;8.401310070704824,11.991886299150524,1.2062214485731173;17.06132291164363,16.261464942281574,1.3345172871816686;17.339109943706937,6.311506988921403,2.300624148151509;14.590277332334818,8.335859238449064,1.6499407138788138;5.222352165170459,5.2246686833336335,1.2953675730785918;4.241324229439376,12.456110153327092,0.3647650457406896;6.334813280978457,3.731836136358651,2.315285015721719;3.96199220928336,15.075728766947645,0.9109831433466773;13.470667831163155,10.03843225270554,1.3979717289653883;16.36473653509302,8.086891939973933,1.0265631417602112;9.356408901119345,2.787804101659744,0.20891529902825748;2.095021869582651,17.079045109775457,0.6495937887270954"
