Step,Agent,X,Y,Goal_X,Goal_Y,Obstacles
0,drone_0,9.9054,8.7931,17.0000,17.0000,"14.357,12.879,0.252;9.010,15.177,1.025;19.809,4.168,0.324;10.129,14.615,2.458;8.936,6.709,0.287;4.590,13.262,2.343;6.403,11.029,1.330;6.438,19.149,0.410;6.347,16.387,2.305;7.658,6.938,1.213;18.528,3.397,0.319;12.463,1.244,0.327;15.140,2.624,0.353;19.181,11.248,0.397;6.075,10.679,1.237;9.963,18.318,0.278;13.657,2.395,1.242;18.345,8.323,0.607;16.330,12.669,1.212;8.211,16.636,2.108;18.920,4.724,0.824;6.982,14.462,0.467;13.078,3.783,0.260;17.138,13.793,0.911;19.835,12.422,0.274;4.272,15.597,0.484;5.231,1.573,0.369;0.404,1.991,0.374;1.242,7.965,0.803;15.337,10.392,0.257;19.687,17.481,0.439;0.228,5.122,0.256;18.759,4.232,1.190;15.871,1.584,0.901;17.498,2.250,1.213;18.055,14.400,0.766;0.677,16.257,1.030;3.749,14.009,1.691;17.338,2.560,1.881;17.542,11.622,0.375;4.549,3.923,0.328;18.293,5.188,1.119;18.427,6.999,1.006;7.151,4.722,0.359;8.388,14.026,2.102;8.427,19.699,0.294;13.619,17.487,0.418;0.487,15.533,0.716;11.073,18.842,2.140;18.209,10.773,0.683;16.864,10.411,1.383;11.865,12.546,0.357;12.571,0.515,0.818;1.703,15.595,0.307;0.701,9.573,0.738;16.410,10.961,1.080;5.736,0.389,0.335;4.419,16.061,1.685;19.573,2.194,0.296;3.521,13.629,2.313"
0,drone_1,2.5672,3.0084,17.0000,17.0000,"14.357,12.879,0.252;9.010,15.177,1.025;19.809,4.168,0.324;10.129,14.615,2.458;8.936,6.709,0.287;4.590,13.262,2.343;6.403,11.029,1.330;6.438,19.149,0.410;6.347,16.387,2.305;7.658,6.938,1.213;18.528,3.397,0.319;12.463,1.244,0.327;15.140,2.624,0.353;19.181,11.248,0.397;6.075,10.679,1.237;9.963,18.318,0.278;13.657,2.395,1.242;18.345,8.323,0.607;16.330,12.669,1.212;8.211,16.636,2.108;18.920,4.724,0.824;6.982,14.462,0.467;13.078,3.783,0.260;17.138,13.793,0.911;19.835,12.422,0.274;4.272,15.597,0.484;5.231,1.573,0.369;0.404,1.991,0.374;1.242,7.965,0.803;15.337,10.392,0.257;19.687,17.481,0.439;0.228,5.122,0.256;18.759,4.232,1.190;15.871,1.584,0.901;17.498,2.250,1.213;18.055,14.400,0.766;0.677,16.257,1.030;3.749,14.009,1.691;17.338,2.560,1.881;17.542,11.622,0.375;4.549,3.923,0.328;18.293,5.188,1.119;18.427,6.999,1.006;7.151,4.722,0.359;8.388,14.026,2.102;8.427,19.699,0.294;13.619,17.487,0.418;0.487,15.533,0.716;11.073,18.842,2.140;18.209,10.773,0.683;16.864,10.411,1.383;11.865,12.546,0.357;12.571,0.515,0.818;1.703,15.595,0.307;0.701,9.573,0.738;16.410,10.961,1.080;5.736,0.389,0.335;4.419,16.061,1.685;19.573,2.194,0.296;3.521,13.629,2.313"
0,drone_2,2.3771,18.7793,17.0000,17.0000,"14.357,12.879,0.252;9.010,15.177,1.025;19.809,4.168,0.324;10.129,14.615,2.458;8.936,6.709,0.287;4.590,13.262,2.343;6.403,11.029,1.330;6.438,19.149,0.410;6.347,16.387,2.305;7.658,6.938,1.213;18.528,3.397,0.319;12.463,1.244,0.327;15.140,2.624,0.353;19.181,11.248,0.397;6.075,10.679,1.237;9.963,18.318,0.278;13.657,2.395,1.242;18.345,8.323,0.607;16.330,12.669,1.212;8.211,16.636,2.108;18.920,4.724,0.824;6.982,14.462,0.467;13.078,3.783,0.260;17.138,13.793,0.911;19.835,12.422,0.274;4.272,15.597,0.484;5.231,1.573,0.369;0.404,1.991,0.374;1.242,7.965,0.803;15.337,10.392,0.257;19.687,17.481,0.439;0.228,5.122,0.256;18.759,4.232,1.190;15.871,1.584,0.901;17.498,2.250,1.213;18.055,14.400,0.766;0.677,16.257,1.030;3.749,14.009,1.691;17.338,2.560,1.881;17.542,11.622,0.375;4.549,3.923,0.328;18.293,5.188,1.119;18.427,6.999,1.006;7.151,4.722,0.359;8.388,14.026,2.102;8.427,19.699,0.294;13.619,17.487,0.418;0.487,15.533,0.716;11.073,18.842,2.140;18.209,10.773,0.683;16.864,10.411,1.383;11.865,12.546,0.357;12.571,0.515,0.818;1.703,15.595,0.307;0.701,9.573,0.738;16.410,10.961,1.080;5.736,0.389,0.335;4.419,16.061,1.685;19.573,2.194,0.296;3.521,13.629,2.313"
0,drone_3,4.0418,6.7414,17.0000,17.0000,"14.357,12.879,0.252;9.010,15.177,1.025;19.809,4.168,0.324;10.129,14.615,2.458;8.936,6.709,0.287;4.590,13.262,2.343;6.403,11.029,1.330;6.438,19.149,0.410;6.347,16.387,2.305;7.658,6.938,1.213;18.528,3.397,0.319;12.463,1.244,0.327;15.140,2.624,0.353;19.181,11.248,0.397;6.075,10.679,1.237;9.963,18.318,0.278;13.657,2.395,1.242;18.345,8.323,0.607;16.330,12.669,1.212;8.211,16.636,2.108;18.920,4.724,0.824;6.982,14.462,0.467;13.078,3.783,0.260;17.138,13.793,0.911;19.835,12.422,0.274;4.272,15.597,0.484;5.231,1.573,0.369;0.404,1.991,0.374;1.242,7.965,0.803;15.337,10.392,0.257;19.687,17.481,0.439;0.228,5.122,0.256;18.759,4.232,1.190;15.871,1.584,0.901;17.498,2.250,1.213;18.055,14.400,0.766;0.677,16.257,1.030;3.749,14.009,1.691;17.338,2.560,1.881;17.542,11.622,0.375;4.549,3.923,0.328;18.293,5.188,1.119;18.427,6.999,1.006;7.151,4.722,0.359;8.388,14.026,2.102;8.427,19.699,0.294;13.619,17.487,0.418;0.487,15.533,0.716;11.073,18.842,2.140;18.209,10.773,0.683;16.864,10.411,1.383;11.865,12.546,0.357;12.571,0.515,0.818;1.703,15.595,0.307;0.701,9.573,0.738;16.410,10.961,1.080;5.736,0.389,0.335;4.419,16.061,1.685;19.573,2.194,0.296;3.521,13.629,2.313"
0,drone_4,11.1323,5.3948,17.0000,17.0000,"14.357,12.879,0.252;9.010,15.177,1.025;19.809,4.168,0.324;10.129,14.615,2.458;8.936,6.709,0.287;4.590,13.262,2.343;6.403,11.029,1.330;6.438,19.149,0.410;6.347,16.387,2.305;7.658,6.938,1.213;18.528,3.397,0.319;12.463,1.244,0.327;15.140,2.624,0.353;19.181,11.248,0.397;6.075,10.679,1.237;9.963,18.318,0.278;13.657,2.395,1.242;18.345,8.323,0.607;16.330,12.669,1.212;8.211,16.636,2.108;18.920,4.724,0.824;6.982,14.462,0.467;13.078,3.783,0.260;17.138,13.793,0.911;19.835,12.422,0.274;4.272,15.597,0.484;5.231,1.573,0.369;0.404,1.991,0.374;1.242,7.965,0.803;15.337,10.392,0.257;19.687,17.481,0.439;0.228,5.122,0.256;18.759,4.232,1.190;15.871,1.584,0.901;17.498,2.250,1.213;18.055,14.400,0.766;0.677,16.257,1.030;3.749,14.009,1.691;17.338,2.560,1.881;17.542,11.622,0.375;4.549,3.923,0.328;18.293,5.188,1.119;18.427,6.999,1.006;7.151,4.722,0.359;8.388,14.026,2.102;8.427,19.699,0.294;13.619,17.487,0.418;0.487,15.533,0.716;11.073,18.842,2.140;18.209,10.773,0.683;16.864,10.411,1.383;11.865,12.546,0.357;12.571,0.515,0.818;1.703,15.595,0.307;0.701,9.573,0.738;16.410,10.961,1.080;5.736,0.389,0.335;4.419,16.061,1.685;19.573,2.194,0.296;3.521,13.629,2.313"
0,drone_5,2.6503,5.6603,17.0000,17.0000,"14.357,12.879,0.252;9.010,15.177,1.025;19.809,4.168,0.324;10.129,14.615,2.458;8.936,6.709,0.287;4.590,13.262,2.343;6.403,11.029,1.330;6.438,19.149,0.410;6.347,16.387,2.305;7.658,6.938,1.213;18.528,3.397,0.319;12.463,1.244,0.327;15.140,2.624,0.353;19.181,11.248,0.397;6.075,10.679,1.237;9.963,18.318,0.278;13.657,2.395,1.242;18.345,8.323,0.607;16.330,12.669,1.212;8.211,16.636,2.108;18.920,4.724,0.824;6.982,14.462,0.467;13.078,3.783,0.260;17.138,13.793,0.911;19.835,12.422,0.274;4.272,15.597,0.484;5.231,1.573,0.369;0.404,1.991,0.374;1.242,7.965,0.803;15.337,10.392,0.257;19.687,17.481,0.439;0.228,5.122,0.256;18.759,4.232,1.190;15.871,1.584,0.901;17.498,2.250,1.213;18.055,14.400,0.766;0.677,16.257,1.030;3.749,14.009,1.691;17.338,2.560,1.881;17.542,11.622,0.375;4.549,3.923,0.328;18.293,5.188,1.119;18.427,6.999,1.006;7.151,4.722,0.359;8.388,14.026,2.102;8.427,19.699,0.294;13.619,17.487,0.418;0.487,15.533,0.716;11.073,18.842,2.140;18.209,10.773,0.683;16.864,10.411,1.383;11.865,12.546,0.357;12.571,0.515,0.818;1.703,15.595,0.307;0.701,9.573,0.738;16.410,10.961,1.080;5.736,0.389,0.335;4.419,16.061,1.685;19.573,2.194,0.296;3.521,13.629,2.313"
0,drone_6,8.4863,3.2143,17.0000,17.0000,"14.357,12.879,0.252;9.010,15.177,1.025;19.809,4.168,0.324;10.129,14.615,2.458;8.936,6.709,0.287;4.590,13.262,2.343;6.403,11.029,1.330;6.438,19.149,0.410;6.347,16.387,2.305;7.658,6.938,1.213;18.528,3.397,0.319;12.463,1.244,0.327;15.140,2.624,0.353;19.181,11.248,0.397;6.075,10.679,1.237;9.963,18.318,0.278;13.657,2.395,1.242;18.345,8.323,0.607;16.330,12.669,1.212;8.211,16.636,2.108;18.920,4.724,0.824;6.982,14.462,0.467;13.078,3.783,0.260;17.138,13.793,0.911;19.835,12.422,0.274;4.272,15.597,0.484;5.231,1.573,0.369;0.404,1.991,0.374;1.242,7.965,0.803;15.337,10.392,0.257;19.687,17.481,0.439;0.228,5.122,0.256;18.759,4.232,1.190;15.871,1.584,0.901;17.498,2.250,1.213;18.055,14.400,0.766;0.677,16.257,1.030;3.749,14.009,1.691;17.338,2.560,1.881;17.542,11.622,0.375;4.549,3.923,0.328;18.293,5.188,1.119;18.427,6.999,1.006;7.151,4.722,0.359;8.388,14.026,2.102;8.427,19.699,0.294;13.619,17.487,0.418;0.487,15.533,0.716;11.073,18.842,2.140;18.209,10.773,0.683;16.864,10.411,1.383;11.865,12.546,0.357;12.571,0.515,0.818;1.703,15.595,0.307;0.701,9.573,0.738;16.410,10.961,1.080;5.736,0.389,0.335;4.419,16.061,1.685;19.573,2.194,0.296;3.521,13.629,2.313"
0,drone_7,9.2816,9.7589,17.0000,17.0000,"14.357,12.879,0.252;9.010,15.177,1.025;19.809,4.168,0.324;10.129,14.615,2.458;8.936,6.709,0.287;4.590,13.262,2.343;6.403,11.029,1.330;6.438,19.149,0.410;6.347,16.387,2.305;7.658,6.938,1.213;18.528,3.397,0.319;12.463,1.244,0.327;15.140,2.624,0.353;19.181,11.248,0.397;6.075,10.679,1.237;9.963,18.318,0.278;13.657,2.395,1.242;18.345,8.323,0.607;16.330,12.669,1.212;8.211,16.636,2.108;18.920,4.724,0.824;6.982,14.462,0.467;13.078,3.783,0.260;17.138,13.793,0.911;19.835,12.422,0.274;4.272,15.597,0.484;5.231,1.573,0.369;0.404,1.991,0.374;1.242,7.965,0.803;15.337,10.392,0.257;19.687,17.481,0.439;0.228,5.122,0.256;18.759,4.232,1.190;15.871,1.584,0.901;17.498,2.250,1.213;18.055,14.400,0.766;0.677,16.257,1.030;3.749,14.009,1.691;17.338,2.560,1.881;17.542,11.622,0.375;4.549,3.923,0.328;18.293,5.188,1.119;18.427,6.999,1.006;7.151,4.722,0.359;8.388,14.026,2.102;8.427,19.699,0.294;13.619,17.487,0.418;0.487,15.533,0.716;11.073,18.842,2.140;18.209,10.773,0.683;16.864,10.411,1.383;11.865,12.546,0.357;12.571,0.515,0.818;1.703,15.595,0.307;0.701,9.573,0.738;16.410,10.961,1.080;5.736,0.389,0.335;4.419,16.061,1.685;19.573,2.194,0.296;3.521,13.629,2.313"
0,drone_8,14.9062,6.5591,17.0000,17.0000,"14.357,12.879,0.252;9.010,15.177,1.025;19.809,4.168,0.324;10.129,14.615,2.458;8.936,6.709,0.287;4.590,13.262,2.343;6.403,11.029,1.330;6.438,19.149,0.410;6.347,16.387,2.305;7.658,6.938,1.213;18.528,3.397,0.319;12.463,1.244,0.327;15.140,2.624,0.353;19.181,11.248,0.397;6.075,10.679,1.237;9.963,18.318,0.278;13.657,2.395,1.242;18.345,8.323,0.607;16.330,12.669,1.212;8.211,16.636,2.108;18.920,4.724,0.824;6.982,14.462,0.467;13.078,3.783,0.260;17.138,13.793,0.911;19.835,12.422,0.274;4.272,15.597,0.484;5.231,1.573,0.369;0.404,1.991,0.374;1.242,7.965,0.803;15.337,10.392,0.257;19.687,17.481,0.439;0.228,5.122,0.256;18.759,4.232,1.190;15.871,1.584,0.901;17.498,2.250,1.213;18.055,14.400,0.766;0.677,16.257,1.030;3.749,14.009,1.691;17.338,2.560,1.881;17.542,11.622,0.375;4.549,3.923,0.328;18.293,5.188,1.119;18.427,6.999,1.006;7.151,4.722,0.359;8.388,14.026,2.102;8.427,19.699,0.294;13.619,17.487,0.418;0.487,15.533,0.716;11.073,18.842,2.140;18.209,10.773,0.683;16.864,10.411,1.383;11.865,12.546,0.357;12.571,0.515,0.818;1.703,15.595,0.307;0.701,9.573,0.738;16.410,10.961,1.080;5.736,0.389,0.335;4.419,16.061,1.685;19.573,2.194,0.296;3.521,13.629,2.313"
0,drone_9,3.9381,8.6486,17.0000,17.0000,"14.357,12.879,0.252;9.010,15.177,1.025;19.809,4.168,0.324;10.129,14.615,2.458;8.936,6.709,0.287;4.590,13.262,2.343;6.403,11.029,1.330;6.438,19.149,0.410;6.347,16.387,2.305;7.658,6.938,1.213;18.528,3.397,0.319;12.463,1.244,0.327;15.140,2.624,0.353;19.181,11.248,0.397;6.075,10.679,1.237;9.963,18.318,0.278;13.657,2.395,1.242;18.345,8.323,0.607;16.330,12.669,1.212;8.211,16.636,2.108;18.920,4.724,0.824;6.982,14.462,0.467;13.078,3.783,0.260;17.138,13.793,0.911;19.835,12.422,0.274;4.272,15.597,0.484;5.231,1.573,0.369;0.404,1.991,0.374;1.242,7.965,0.803;15.337,10.392,0.257;19.687,17.481,0.439;0.228,5.122,0.256;18.759,4.232,1.190;15.871,1.584,0.901;17.498,2.250,1.213;18.055,14.400,0.766;0.677,16.257,1.030;3.749,14.009,1.691;17.338,2.560,1.881;17.542,11.622,0.375;4.549,3.923,0.328;18.293,5.188,1.119;18.427,6.999,1.006;7.151,4.722,0.359;8.388,14.026,2.102;8.427,19.699,0.294;13.619,17.487,0.418;0.487,15.533,0.716;11.073,18.842,2.140;18.209,10.773,0.683;16.864,10.411,1.383;11.865,12.546,0.357;12.571,0.515,0.818;1.703,15.595,0.307;0.701,9.573,0.738;16.410,10.961,1.080;5.736,0.389,0.335;4.419,16.061,1.685;19.573,2.194,0.296;3.521,13.629,2.313"
1,drone_0,10.0054,8.8203,17.0000,17.0000,"14.357,12.879,0.252;9.010,15.177,1.025;19.809,4.168,0.324;10.129,14.615,2.458;8.936,6.709,0.287;4.590,13.262,2.343;6.403,11.029,1.330;6.438,19.149,0.410;6.347,16.387,2.305;7.658,6.938,1.213;18.528,3.397,0.319;12.463,1.244,0.327;15.140,2.624,0.353;19.181,11.248,0.397;6.075,10.679,1.237;9.963,18.318,0.278;13.657,2.395,1.242;18.345,8.323,0.607;16.330,12.669,1.212;8.211,16.636,2.108;18.920,4.724,0.824;6.982,14.462,0.467;13.078,3.783,0.260;17.138,13.793,0.911;19.835,12.422,0.274;4.272,15.597,0.484;5.231,1.573,0.369;0.404,1.991,0.374;1.242,7.965,0.803;15.337,10.392,0.257;19.687,17.481,0.439;0.228,5.122,0.256;18.759,4.232,1.190;15.871,1.584,0.901;17.498,2.250,1.213;18.055,14.400,0.766;0.677,16.257,1.030;3.749,14.009,1.691;17.338,2.560,1.881;17.542,11.622,0.375;4.549,3.923,0.328;18.293,5.188,1.119;18.427,6.999,1.006;7.151,4.722,0.359;8.388,14.026,2.102;8.427,19.699,0.294;13.619,17.487,0.418;0.487,15.533,0.716;11.073,18.842,2.140;18.209,10.773,0.683;16.864,10.411,1.383;11.865,12.546,0.357;12.571,0.515,0.818;1.703,15.595,0.307;0.701,9.573,0.738;16.410,10.961,1.080;5.736,0.389,0.335;4.419,16.061,1.685;19.573,2.194,0.296;3.521,13.629,2.313"
1,drone_1,2.6492,3.0533,17.0000,17.0000,"14.357,12.879,0.252;9.010,15.177,1.025;19.809,4.168,0.324;10.129,14.615,2.458;8.936,6.709,0.287;4.590,13.262,2.343;6.403,11.029,1.330;6.438,19.149,0.410;6.347,16.387,2.305;7.658,6.938,1.213;18.528,3.397,0.319;12.463,1.244,0.327;15.140,2.624,0.353;19.181,11.248,0.397;6.075,10.679,1.237;9.963,18.318,0.278;13.657,2.395,1.242;18.345,8.323,0.607;16.330,12.669,1.212;8.211,16.636,2.108;18.920,4.724,0.824;6.982,14.462,0.467;13.078,3.783,0.260;17.138,13.793,0.911;19.835,12.422,0.274;4.272,15.597,0.484;5.231,1.573,0.369;0.404,1.991,0.374;1.242,7.965,0.803;15.337,10.392,0.257;19.687,17.481,0.439;0.228,5.122,0.256;18.759,4.232,1.190;15.871,1.584,0.901;17.498,2.250,1.213;18.055,14.400,0.766;0.677,16.257,1.030;3.749,14.009,1.691;17.338,2.560,1.881;17.542,11.622,0.375;4.549,3.923,0.328;18.293,5.188,1.119;18.427,6.999,1.006;7.151,4.722,0.359;8.388,14.026,2.102;8.427,19.699,0.294;13.619,17.487,0.418;0.487,15.533,0.716;11.073,18.842,2.140;18.209,10.773,0.683;16.864,10.411,1.383;11.865,12.546,0.357;12.571,0.515,0.818;1.703,15.595,0.307;0.701,9.573,0.738;16.410,10.961,1.080;5.736,0.389,0.335;4.419,16.061,1.685;19.573,2.194,0.296;3.521,13.629,2.313"
1,drone_2,2.4771,18.6903,17.0000,17.0000,"14.357,12.879,0.252;9.010,15.177,1.025;19.809,4.168,0.324;10.129,14.615,2.458;8.936,6.709,0.287;4.590,13.262,2.343;6.403,11.029,1.330;6.438,19.149,0.410;6.347,16.387,2.305;7.658,6.938,1.213;18.528,3.397,0.319;12.463,1.244,0.327;15.140,2.624,0.353;19.181,11.248,0.397;6.075,10.679,1.237;9.963,18.318,0.278;13.657,2.395,1.242;18.345,8.323,0.607;16.330,12.669,1.212;8.211,16.636,2.108;18.920,4.724,0.824;6.982,14.462,0.467;13.078,3.783,0.260;17.138,13.793,0.911;19.835,12.422,0.274;4.272,15.597,0.484;5.231,1.573,0.369;0.404,1.991,0.374;1.242,7.965,0.803;15.337,10.392,0.257;19.687,17.481,0.439;0.228,5.122,0.256;18.759,4.232,1.190;15.871,1.584,0.901;17.498,2.250,1.213;18.055,14.400,0.766;0.677,16.257,1.030;3.749,14.009,1.691;17.338,2.560,1.881;17.542,11.622,0.375;4.549,3.923,0.328;18.293,5.188,1.119;18.427,6.999,1.006;7.151,4.722,0.359;8.388,14.026,2.102;8.427,19.699,0.294;13.619,17.487,0.418;0.487,15.533,0.716;11.073,18.842,2.140;18.209,10.773,0.683;16.864,10.411,1.383;11.865,12.546,0.357;12.571,0.515,0.818;1.703,15.595,0.307;0.701,9.573,0.738;16.410,10.961,1.080;5.736,0.389,0.335;4.419,16.061,1.685;19.573,2.194,0.296;3.521,13.629,2.313"
1,drone_3,4.1270,6.8253,17.0000,17.0000,"14.357,12.879,0.252;9.010,15.177,1.025;19.809,4.168,0.324;10.129,14.615,2.458;8.936,6.709,0.287;4.590,13.262,2.343;6.403,11.029,1.330;6.438,19.149,0.410;6.347,16.387,2.305;7.658,6.938,1.213;18.528,3.397,0.319;12.463,1.244,0.327;15.140,2.624,0.353;19.181,11.248,0.397;6.075,10.679,1.237;9.963,18.318,0.278;13.657,2.395,1.242;18.345,8.323,0.607;16.330,12.669,1.212;8.211,16.636,2.108;18.920,4.724,0.824;6.982,14.462,0.467;13.078,3.783,0.260;17.138,13.793,0.911;19.835,12.422,0.274;4.272,15.597,0.484;5.231,1.573,0.369;0.404,1.991,0.374;1.242,7.965,0.803;15.337,10.392,0.257;19.687,17.481,0.439;0.228,5.122,0.256;18.759,4.232,1.190;15.871,1.584,0.901;17.498,2.250,1.213;18.055,14.400,0.766;0.677,16.257,1.030;3.749,14.009,1.691;17.338,2.560,1.881;17.542,11.622,0.375;4.549,3.923,0.328;18.293,5.188,1.119;18.427,6.999,1.006;7.151,4.722,0.359;8.388,14.026,2.102;8.427,19.699,0.294;13.619,17.487,0.418;0.487,15.533,0.716;11.073,18.842,2.140;18.209,10.773,0.683;16.864,10.411,1.383;11.865,12.546,0.357;12.571,0.515,0.818;1.703,15.595,0.307;0.701,9.573,0.738;16.410,10.961,1.080;5.736,0.389,0.335;4.419,16.061,1.685;19.573,2.194,0.296;3.521,13.629,2.313"
1,drone_4,11.2323,5.4456,17.0000,17.0000,"14.357,12.879,0.252;9.010,15.177,1.025;19.809,4.168,0.324;10.129,14.615,2.458;8.936,6.709,0.287;4.590,13.262,2.343;6.403,11.029,1.330;6.438,19.149,0.410;6.347,16.387,2.305;7.658,6.938,1.213;18.528,3.397,0.319;12.463,1.244,0.327;15.140,2.624,0.353;19.181,11.248,0.397;6.075,10.679,1.237;9.963,18.318,0.278;13.657,2.395,1.242;18.345,8.323,0.607;16.330,12.669,1.212;8.211,16.636,2.108;18.920,4.724,0.824;6.982,14.462,0.467;13.078,3.783,0.260;17.138,13.793,0.911;19.835,12.422,0.274;4.272,15.597,0.484;5.231,1.573,0.369;0.404,1.991,0.374;1.242,7.965,0.803;15.337,10.392,0.257;19.687,17.481,0.439;0.228,5.122,0.256;18.759,4.232,1.190;15.871,1.584,0.901;17.498,2.250,1.213;18.055,14.400,0.766;0.677,16.257,1.030;3.749,14.009,1.691;17.338,2.560,1.881;17.542,11.622,0.375;4.549,3.923,0.328;18.293,5.188,1.119;18.427,6.999,1.006;7.151,4.722,0.359;8.388,14.026,2.102;8.427,19.699,0.294;13.619,17.487,0.418;0.487,15.533,0.716;11.073,18.842,2.140;18.209,10.773,0.683;16.864,10.411,1.383;11.865,12.546,0.357;12.571,0.515,0.818;1.703,15.595,0.307;0.701,9.573,0.738;16.410,10.961,1.080;5.736,0.389,0.335;4.419,16.061,1.685;19.573,2.194,0.296;3.521,13.629,2.313"
1,drone_5,2.6975,5.7603,17.0000,17.0000,"14.357,12.879,0.252;9.010,15.177,1.025;19.809,4.168,0.324;10.129,14.615,2.458;8.936,6.709,0.287;4.590,13.262,2.343;6.403,11.029,1.330;6.438,19.149,0.410;6.347,16.387,2.305;7.658,6.938,1.213;18.528,3.397,0.319;12.463,1.244,0.327;15.140,2.624,0.353;19.181,11.248,0.397;6.075,10.679,1.237;9.963,18.318,0.278;13.657,2.395,1.242;18.345,8.323,0.607;16.330,12.669,1.212;8.211,16.636,2.108;18.920,4.724,0.824;6.982,14.462,0.467;13.078,3.783,0.260;17.138,13.793,0.911;19.835,12.422,0.274;4.272,15.597,0.484;5.231,1.573,0.369;0.404,1.991,0.374;1.242,7.965,0.803;15.337,10.392,0.257;19.687,17.481,0.439;0.228,5.122,0.256;18.759,4.232,1.190;15.871,1.584,0.901;17.498,2.250,1.213;18.055,14.400,0.766;0.677,16.257,1.030;3.749,14.009,1.691;17.338,2.560,1.881;17.542,11.622,0.375;4.549,3.923,0.328;18.293,5.188,1.119;18.427,6.999,1.006;7.151,4.722,0.359;8.388,14.026,2.102;8.427,19.699,0.294;13.619,17.487,0.418;0.487,15.533,0.716;11.073,18.842,2.140;18.209,10.773,0.683;16.864,10.411,1.383;11.865,12.546,0.357;12.571,0.515,0.818;1.703,15.595,0.307;0.701,9.573,0.738;16.410,10.961,1.080;5.736,0.389,0.335;4.419,16.061,1.685;19.573,2.194,0.296;3.521,13.629,2.313"
1,drone_6,8.5812,3.2692,17.0000,17.0000,"14.357,12.879,0.252;9.010,15.177,1.025;19.809,4.168,0.324;10.129,14.615,2.458;8.936,6.709,0.287;4.590,13.262,2.343;6.403,11.029,1.330;6.438,19.149,0.410;6.347,16.387,2.305;7.658,6.938,1.213;18.528,3.397,0.319;12.463,1.244,0.327;15.140,2.624,0.353;19.181,11.248,0.397;6.075,10.679,1.237;9.963,18.318,0.278;13.657,2.395,1.242;18.345,8.323,0.607;16.330,12.669,1.212;8.211,16.636,2.108;18.920,4.724,0.824;6.982,14.462,0.467;13.078,3.783,0.260;17.138,13.793,0.911;19.835,12.422,0.274;4.272,15.597,0.484;5.231,1.573,0.369;0.404,1.991,0.374;1.242,7.965,0.803;15.337,10.392,0.257;19.687,17.481,0.439;0.228,5.122,0.256;18.759,4.232,1.190;15.871,1.584,0.901;17.498,2.250,1.213;18.055,14.400,0.766;0.677,16.257,1.030;3.749,14.009,1.691;17.338,2.560,1.881;17.542,11.622,0.375;4.549,3.923,0.328;18.293,5.188,1.119;18.427,6.999,1.006;7.151,4.722,0.359;8.388,14.026,2.102;8.427,19.699,0.294;13.619,17.487,0.418;0.487,15.533,0.716;11.073,18.842,2.140;18.209,10.773,0.683;16.864,10.411,1.383;11.865,12.546,0.357;12.571,0.515,0.818;1.703,15.595,0.307;0.701,9.573,0.738;16.410,10.961,1.080;5.736,0.389,0.335;4.419,16.061,1.685;19.573,2.194,0.296;3.521,13.629,2.313"
1,drone_7,9.3724,9.8559,17.0000,17.0000,"14.357,12.879,0.252;9.010,15.177,1.025;19.809,4.168,0.324;10.129,14.615,2.458;8.936,6.709,0.287;4.590,13.262,2.343;6.403,11.029,1.330;6.438,19.149,0.410;6.347,16.387,2.305;7.658,6.938,1.213;18.528,3.397,0.319;12.463,1.244,0.327;15.140,2.624,0.353;19.181,11.248,0.397;6.075,10.679,1.237;9.963,18.318,0.278;13.657,2.395,1.242;18.345,8.323,0.607;16.330,12.669,1.212;8.211,16.636,2.108;18.920,4.724,0.824;6.982,14.462,0.467;13.078,3.783,0.260;17.138,13.793,0.911;19.835,12.422,0.274;4.272,15.597,0.484;5.231,1.573,0.369;0.404,1.991,0.374;1.242,7.965,0.803;15.337,10.392,0.257;19.687,17.481,0.439;0.228,5.122,0.256;18.759,4.232,1.190;15.871,1.584,0.901;17.498,2.250,1.213;18.055,14.400,0.766;0.677,16.257,1.030;3.749,14.009,1.691;17.338,2.560,1.881;17.542,11.622,0.375;4.549,3.923,0.328;18.293,5.188,1.119;18.427,6.999,1.006;7.151,4.722,0.359;8.388,14.026,2.102;8.427,19.699,0.294;13.619,17.487,0.418;0.487,15.533,0.716;11.073,18.842,2.140;18.209,10.773,0.683;16.864,10.411,1.383;11.865,12.546,0.357;12.571,0.515,0.818;1.703,15.595,0.307;0.701,9.573,0.738;16.410,10.961,1.080;5.736,0.389,0.335;4.419,16.061,1.685;19.573,2.194,0.296;3.521,13.629,2.313"
1,drone_8,14.9304,6.6591,17.0000,17.0000,"14.357,12.879,0.252;9.010,15.177,1.025;19.809,4.168,0.324;10.129,14.615,2.458;8.936,6.709,0.287;4.590,13.262,2.343;6.403,11.029,1.330;6.438,19.149,0.410;6.347,16.387,2.305;7.658,6.938,1.213;18.528,3.397,0.319;12.463,1.244,0.327;15.140,2.624,0.353;19.181,11.248,0.397;6.075,10.679,1.237;9.963,18.318,0.278;13.657,2.395,1.242;18.345,8.323,0.607;16.330,12.669,1.212;8.211,16.636,2.108;18.920,4.724,0.824;6.982,14.462,0.467;13.078,3.783,0.260;17.138,13.793,0.911;19.835,12.422,0.274;4.272,15.597,0.484;5.231,1.573,0.369;0.404,1.991,0.374;1.242,7.965,0.803;15.337,10.392,0.257;19.687,17.481,0.439;0.228,5.122,0.256;18.759,4.232,1.190;15.871,1.584,0.901;17.498,2.250,1.213;18.055,14.400,0.766;0.677,16.257,1.030;3.749,14.009,1.691;17.338,2.560,1.881;17.542,11.622,0.375;4.549,3.923,0.328;18.293,5.188,1.119;18.427,6.999,1.006;7.151,4.722,0.359;8.388,14.026,2.102;8.427,19.699,0.294;13.619,17.487,0.418;0.487,15.533,0.716;11.073,18.842,2.140;18.209,10.773,0.683;16.864,10.411,1.383;11.865,12.546,0.357;12.571,0.515,0.818;1.703,15.595,0.307;0.701,9.573,0.738;16.410,10.961,1.080;5.736,0.389,0.335;4.419,16.061,1.685;19.573,2.194,0.296;3.521,13.629,2.313"
1,drone_9,4.0225,8.7486,17.0000,17.0000,"14.357,12.879,0.252;9.010,15.177,1.025;19.809,4.168,0.324;10.129,14.615,2.458;8.936,6.709,0.287;4.590,13.262,2.343;6.403,11.029,1.330;6.438,19.149,0.410;6.347,16.387,2.305;7.658,6.938,1.213;18.528,3.397,0.319;12.463,1.244,0.327;15.140,2.624,0.353;19.181,11.248,0.397;6.075,10.679,1.237;9.963,18.318,0.278;13.657,2.395,1.242;18.345,8.323,0.607;16.330,12.669,1.212;8.211,16.636,2.108;18.920,4.724,0.824;6.982,14.462,0.467;13.078,3.783,0.260;17.138,13.793,0.911;19.835,12.422,0.274;4.272,15.597,0.484;5.231,1.573,0.369;0.404,1.991,0.374;1.242,7.965,0.803;15.337,10.392,0.257;19.687,17.481,0.439;0.228,5.122,0.256;18.759,4.232,1.190;15.871,1.584,0.901;17.498,2.250,1.213;18.055,14.400,0.766;0.677,16.257,1.030;3.749,14.009,1.691;17.338,2.560,1.881;17.542,11.622,0.375;4.549,3.923,0.328;18.293,5.188,1.119;18.427,6.999,1.006;7.151,4.722,0.359;8.388,14.026,2.102;8.427,19.699,0.294;13.619,17.487,0.418;0.487,15.533,0.716;11.073,18.842,2.140;18.209,10.773,0.683;16.864,10.411,1.383;11.865,12.546,0.357;12.571,0.515,0.818;1.703,15.595,0.307;0.701,9.573,0.738;16.410,10.961,1.080;5.736,0.389,0.335;4.419,16.061,1.685;19.573,2.194,0.296;3.521,13.629,2.313"
2,drone_0,10.1655,8.8618,17.0000,17.0000,"14.357,12.879,0.252;9.010,15.177,1.025;19.809,4.168,0.324;10.129,14.615,2.458;8.936,6.709,0.287;4.590,13.262,2.343;6.403,11.029,1.330;6.438,19.149,0.410;6.347,16.387,2.305;7.658,6.938,1.213;18.528,3.397,0.319;12.463,1.244,0.327;15.140,2.624,0.353;19.181,11.248,0.397;6.075,10.679,1.237;9.963,18.318,0.278;13.657,2.395,1.242;18.345,8.323,0.607;16.330,12.669,1.212;8.211,16.636,2.108;18.920,4.724,0.824;6.982,14.462,0.467;13.078,3.783,0.260;17.138,13.793,0.911;19.835,12.422,0.274;4.272,15.597,0.484;5.231,1.573,0.369;0.404,1.991,0.374;1.242,7.965,0.803;15.337,10.392,0.257;19.687,17.481,0.439;0.228,5.122,0.256;18.759,4.232,1.190;15.871,1.584,0.901;17.498,2.250,1.213;18.055,14.400,0.766;0.677,16.257,1.030;3.749,14.009,1.691;17.338,2.560,1.881;17.542,11.622,0.375;4.549,3.923,0.328;18.293,5.188,1.119;18.427,6.999,1.006;7.151,4.722,0.359;8.388,14.026,2.102;8.427,19.699,0.294;13.619,17.487,0.418;0.487,15.533,0.716;11.073,18.842,2.140;18.209,10.773,0.683;16.864,10.411,1.383;11.865,12.546,0.357;12.571,0.515,0.818;1.703,15.595,0.307;0.701,9.573,0.738;16.410,10.961,1.080;5.736,0.389,0.335;4.419,16.061,1.685;19.573,2.194,0.296;3.521,13.629,2.313"
2,drone_1,2.8233,3.1104,17.0000,17.0000,"14.357,12.879,0.252;9.010,15.177,1.025;19.809,4.168,0.324;10.129,14.615,2.458;8.936,6.709,0.287;4.590,13.262,2.343;6.403,11.029,1.330;6.438,19.149,0.410;6.347,16.387,2.305;7.658,6.938,1.213;18.528,3.397,0.319;12.463,1.244,0.327;15.140,2.624,0.353;19.181,11.248,0.397;6.075,10.679,1.237;9.963,18.318,0.278;13.657,2.395,1.242;18.345,8.323,0.607;16.330,12.669,1.212;8.211,16.636,2.108;18.920,4.724,0.824;6.982,14.462,0.467;13.078,3.783,0.260;17.138,13.793,0.911;19.835,12.422,0.274;4.272,15.597,0.484;5.231,1.573,0.369;0.404,1.991,0.374;1.242,7.965,0.803;15.337,10.392,0.257;19.687,17.481,0.439;0.228,5.122,0.256;18.759,4.232,1.190;15.871,1.584,0.901;17.498,2.250,1.213;18.055,14.400,0.766;0.677,16.257,1.030;3.749,14.009,1.691;17.338,2.560,1.881;17.542,11.622,0.375;4.549,3.923,0.328;18.293,5.188,1.119;18.427,6.999,1.006;7.151,4.722,0.359;8.388,14.026,2.102;8.427,19.699,0.294;13.619,17.487,0.418;0.487,15.533,0.716;11.073,18.842,2.140;18.209,10.773,0.683;16.864,10.411,1.383;11.865,12.546,0.357;12.571,0.515,0.818;1.703,15.595,0.307;0.701,9.573,0.738;16.410,10.961,1.080;5.736,0.389,0.335;4.419,16.061,1.685;19.573,2.194,0.296;3.521,13.629,2.313"
2,drone_2,2.6353,18.5679,17.0000,17.0000,"14.357,12.879,0.252;9.010,15.177,1.025;19.809,4.168,0.324;10.129,14.615,2.458;8.936,6.709,0.287;4.590,13.262,2.343;6.403,11.029,1.330;6.438,19.149,0.410;6.347,16.387,2.305;7.658,6.938,1.213;18.528,3.397,0.319;12.463,1.244,0.327;15.140,2.624,0.353;19.181,11.248,0.397;6.075,10.679,1.237;9.963,18.318,0.278;13.657,2.395,1.242;18.345,8.323,0.607;16.330,12.669,1.212;8.211,16.636,2.108;18.920,4.724,0.824;6.982,14.462,0.467;13.078,3.783,0.260;17.138,13.793,0.911;19.835,12.422,0.274;4.272,15.597,0.484;5.231,1.573,0.369;0.404,1.991,0.374;1.242,7.965,0.803;15.337,10.392,0.257;19.687,17.481,0.439;0.228,5.122,0.256;18.759,4.232,1.190;15.871,1.584,0.901;17.498,2.250,1.213;18.055,14.400,0.766;0.677,16.257,1.030;3.749,14.009,1.691;17.338,2.560,1.881;17.542,11.622,0.375;4.549,3.923,0.328;18.293,5.188,1.119;18.427,6.999,1.006;7.151,4.722,0.359;8.388,14.026,2.102;8.427,19.699,0.294;13.619,17.487,0.418;0.487,15.533,0.716;11.073,18.842,2.140;18.209,10.773,0.683;16.864,10.411,1.383;11.865,12.546,0.357;12.571,0.515,0.818;1.703,15.595,0.307;0.701,9.573,0.738;16.410,10.961,1.080;5.736,0.389,0.335;4.419,16.061,1.685;19.573,2.194,0.296;3.521,13.629,2.313"
2,drone_3,4.2878,6.9336,17.0000,17.0000,"14.357,12.879,0.252;9.010,15.177,1.025;19.809,4.168,0.324;10.129,14.615,2.458;8.936,6.709,0.287;4.590,13.262,2.343;6.403,11.029,1.330;6.438,19.149,0.410;6.347,16.387,2.305;7.658,6.938,1.213;18.528,3.397,0.319;12.463,1.244,0.327;15.140,2.624,0.353;19.181,11.248,0.397;6.075,10.679,1.237;9.963,18.318,0.278;13.657,2.395,1.242;18.345,8.323,0.607;16.330,12.669,1.212;8.211,16.636,2.108;18.920,4.724,0.824;6.982,14.462,0.467;13.078,3.783,0.260;17.138,13.793,0.911;19.835,12.422,0.274;4.272,15.597,0.484;5.231,1.573,0.369;0.404,1.991,0.374;1.242,7.965,0.803;15.337,10.392,0.257;19.687,17.481,0.439;0.228,5.122,0.256;18.759,4.232,1.190;15.871,1.584,0.901;17.498,2.250,1.213;18.055,14.400,0.766;0.677,16.257,1.030;3.749,14.009,1.691;17.338,2.560,1.881;17.542,11.622,0.375;4.549,3.923,0.328;18.293,5.188,1.119;18.427,6.999,1.006;7.151,4.722,0.359;8.388,14.026,2.102;8.427,19.699,0.294;13.619,17.487,0.418;0.487,15.533,0.716;11.073,18.842,2.140;18.209,10.773,0.683;16.864,10.411,1.383;11.865,12.546,0.357;12.571,0.515,0.818;1.703,15.595,0.307;0.701,9.573,0.738;16.410,10.961,1.080;5.736,0.389,0.335;4.419,16.061,1.685;19.573,2.194,0.296;3.521,13.629,2.313"
2,drone_4,11.4289,5.4825,17.0000,17.0000,"14.357,12.879,0.252;9.010,15.177,1.025;19.809,4.168,0.324;10.129,14.615,2.458;8.936,6.709,0.287;4.590,13.262,2.343;6.403,11.029,1.330;6.438,19.149,0.410;6.347,16.387,2.305;7.658,6.938,1.213;18.528,3.397,0.319;12.463,1.244,0.327;15.140,2.624,0.353;19.181,11.248,0.397;6.075,10.679,1.237;9.963,18.318,0.278;13.657,2.395,1.242;18.345,8.323,0.607;16.330,12.669,1.212;8.211,16.636,2.108;18.920,4.724,0.824;6.982,14.462,0.467;13.078,3.783,0.260;17.138,13.793,0.911;19.835,12.422,0.274;4.272,15.597,0.484;5.231,1.573,0.369;0.404,1.991,0.374;1.242,7.965,0.803;15.337,10.392,0.257;19.687,17.481,0.439;0.228,5.122,0.256;18.759,4.232,1.190;15.871,1.584,0.901;17.498,2.250,1.213;18.055,14.400,0.766;0.677,16.257,1.030;3.749,14.009,1.691;17.338,2.560,1.881;17.542,11.622,0.375;4.549,3.923,0.328;18.293,5.188,1.119;18.427,6.999,1.006;7.151,4.722,0.359;8.388,14.026,2.102;8.427,19.699,0.294;13.619,17.487,0.418;0.487,15.533,0.716;11.073,18.842,2.140;18.209,10.773,0.683;16.864,10.411,1.383;11.865,12.546,0.357;12.571,0.515,0.818;1.703,15.595,0.307;0.701,9.573,0.738;16.410,10.961,1.080;5.736,0.389,0.335;4.419,16.061,1.685;19.573,2.194,0.296;3.521,13.629,2.313"
2,drone_5,2.8379,5.8812,17.0000,17.0000,"14.357,12.879,0.252;9.010,15.177,1.025;19.809,4.168,0.324;10.129,14.615,2.458;8.936,6.709,0.287;4.590,13.262,2.343;6.403,11.029,1.330;6.438,19.149,0.410;6.347,16.387,2.305;7.658,6.938,1.213;18.528,3.397,0.319;12.463,1.244,0.327;15.140,2.624,0.353;19.181,11.248,0.397;6.075,10.679,1.237;9.963,18.318,0.278;13.657,2.395,1.242;18.345,8.323,0.607;16.330,12.669,1.212;8.211,16.636,2.108;18.920,4.724,0.824;6.982,14.462,0.467;13.078,3.783,0.260;17.138,13.793,0.911;19.835,12.422,0.274;4.272,15.597,0.484;5.231,1.573,0.369;0.404,1.991,0.374;1.242,7.965,0.803;15.337,10.392,0.257;19.687,17.481,0.439;0.228,5.122,0.256;18.759,4.232,1.190;15.871,1.584,0.901;17.498,2.250,1.213;18.055,14.400,0.766;0.677,16.257,1.030;3.749,14.009,1.691;17.338,2.560,1.881;17.542,11.622,0.375;4.549,3.923,0.328;18.293,5.188,1.119;18.427,6.999,1.006;7.151,4.722,0.359;8.388,14.026,2.102;8.427,19.699,0.294;13.619,17.487,0.418;0.487,15.533,0.716;11.073,18.842,2.140;18.209,10.773,0.683;16.864,10.411,1.383;11.865,12.546,0.357;12.571,0.515,0.818;1.703,15.595,0.307;0.701,9.573,0.738;16.410,10.961,1.080;5.736,0.389,0.335;4.419,16.061,1.685;19.573,2.194,0.296;3.521,13.629,2.313"
2,drone_6,8.7711,3.3320,17.0000,17.0000,"14.357,12.879,0.252;9.010,15.177,1.025;19.809,4.168,0.324;10.129,14.615,2.458;8.936,6.709,0.287;4.590,13.262,2.343;6.403,11.029,1.330;6.438,19.149,0.410;6.347,16.387,2.305;7.658,6.938,1.213;18.528,3.397,0.319;12.463,1.244,0.327;15.140,2.624,0.353;19.181,11.248,0.397;6.075,10.679,1.237;9.963,18.318,0.278;13.657,2.395,1.242;18.345,8.323,0.607;16.330,12.669,1.212;8.211,16.636,2.108;18.920,4.724,0.824;6.982,14.462,0.467;13.078,3.783,0.260;17.138,13.793,0.911;19.835,12.422,0.274;4.272,15.597,0.484;5.231,1.573,0.369;0.404,1.991,0.374;1.242,7.965,0.803;15.337,10.392,0.257;19.687,17.481,0.439;0.228,5.122,0.256;18.759,4.232,1.190;15.871,1.584,0.901;17.498,2.250,1.213;18.055,14.400,0.766;0.677,16.257,1.030;3.749,14.009,1.691;17.338,2.560,1.881;17.542,11.622,0.375;4.549,3.923,0.328;18.293,5.188,1.119;18.427,6.999,1.006;7.151,4.722,0.359;8.388,14.026,2.102;8.427,19.699,0.294;13.619,17.487,0.418;0.487,15.533,0.716;11.073,18.842,2.140;18.209,10.773,0.683;16.864,10.411,1.383;11.865,12.546,0.357;12.571,0.515,0.818;1.703,15.595,0.307;0.701,9.573,0.738;16.410,10.961,1.080;5.736,0.389,0.335;4.419,16.061,1.685;19.573,2.194,0.296;3.521,13.629,2.313"
2,drone_7,9.5447,9.9574,17.0000,17.0000,"14.357,12.879,0.252;9.010,15.177,1.025;19.809,4.168,0.324;10.129,14.615,2.458;8.936,6.709,0.287;4.590,13.262,2.343;6.403,11.029,1.330;6.438,19.149,0.410;6.347,16.387,2.305;7.658,6.938,1.213;18.528,3.397,0.319;12.463,1.244,0.327;15.140,2.624,0.353;19.181,11.248,0.397;6.075,10.679,1.237;9.963,18.318,0.278;13.657,2.395,1.242;18.345,8.323,0.607;16.330,12.669,1.212;8.211,16.636,2.108;18.920,4.724,0.824;6.982,14.462,0.467;13.078,3.783,0.260;17.138,13.793,0.911;19.835,12.422,0.274;4.272,15.597,0.484;5.231,1.573,0.369;0.404,1.991,0.374;1.242,7.965,0.803;15.337,10.392,0.257;19.687,17.481,0.439;0.228,5.122,0.256;18.759,4.232,1.190;15.871,1.584,0.901;17.498,2.250,1.213;18.055,14.400,0.766;0.677,16.257,1.030;3.749,14.009,1.691;17.338,2.560,1.881;17.542,11.622,0.375;4.549,3.923,0.328;18.293,5.188,1.119;18.427,6.999,1.006;7.151,4.722,0.359;8.388,14.026,2.102;8.427,19.699,0.294;13.619,17.487,0.418;0.487,15.533,0.716;11.073,18.842,2.140;18.209,10.773,0.683;16.864,10.411,1.383;11.865,12.546,0.357;12.571,0.515,0.818;1.703,15.595,0.307;0.701,9.573,0.738;16.410,10.961,1.080;5.736,0.389,0.335;4.419,16.061,1.685;19.573,2.194,0.296;3.521,13.629,2.313"
2,drone_8,14.9806,6.8527,17.0000,17.0000,"14.357,12.879,0.252;9.010,15.177,1.025;19.809,4.168,0.324;10.129,14.615,2.458;8.936,6.709,0.287;4.590,13.262,2.343;6.403,11.029,1.330;6.438,19.149,0.410;6.347,16.387,2.305;7.658,6.938,1.213;18.528,3.397,0.319;12.463,1.244,0.327;15.140,2.624,0.353;19.181,11.248,0.397;6.075,10.679,1.237;9.963,18.318,0.278;13.657,2.395,1.242;18.345,8.323,0.607;16.330,12.669,1.212;8.211,16.636,2.108;18.920,4.724,0.824;6.982,14.462,0.467;13.078,3.783,0.260;17.138,13.793,0.911;19.835,12.422,0.274;4.272,15.597,0.484;5.231,1.573,0.369;0.404,1.991,0.374;1.242,7.965,0.803;15.337,10.392,0.257;19.687,17.481,0.439;0.228,5.122,0.256;18.759,4.232,1.190;15.871,1.584,0.901;17.498,2.250,1.213;18.055,14.400,0.766;0.677,16.257,1.030;3.749,14.009,1.691;17.338,2.560,1.881;17.542,11.622,0.375;4.549,3.923,0.328;18.293,5.188,1.119;18.427,6.999,1.006;7.151,4.722,0.359;8.388,14.026,2.102;8.427,19.699,0.294;13.619,17.487,0.418;0.487,15.533,0.716;11.073,18.842,2.140;18.209,10.773,0.683;16.864,10.411,1.383;11.865,12.546,0.357;12.571,0.515,0.818;1.703,15.595,0.307;0.701,9.573,0.738;16.410,10.961,1.080;5.736,0.389,0.335;4.419,16.061,1.685;19.573,2.194,0.296;3.521,13.629,2.313"
2,drone_9,4.1818,8.8695,17.0000,17.0000,"14.357,12.879,0.252;9.010,15.177,1.025;19.809,4.168,0.324;10.129,14.615,2.458;8.936,6.709,0.287;4.590,13.262,2.343;6.403,11.029,1.330;6.438,19.149,0.410;6.347,16.387,2.305;7.658,6.938,1.213;18.528,3.397,0.319;12.463,1.244,0.327;15.140,2.624,0.353;19.181,11.248,0.397;6.075,10.679,1.237;9.963,18.318,0.278;13.657,2.395,1.242;18.345,8.323,0.607;16.330,12.669,1.212;8.211,16.636,2.108;18.920,4.724,0.824;6.982,14.462,0.467;13.078,3.783,0.260;17.138,13.793,0.911;19.835,12.422,0.274;4.272,15.597,0.484;5.231,1.573,0.369;0.404,1.991,0.374;1.242,7.965,0.803;15.337,10.392,0.257;19.687,17.481,0.439;0.228,5.122,0.256;18.759,4.232,1.190;15.871,1.584,0.901;17.498,2.250,1.213;18.055,14.400,0.766;0.677,16.257,1.030;3.749,14.009,1.691;17.338,2.560,1.881;17.542,11.622,0.375;4.549,3.923,0.328;18.293,5.188,1.119;18.427,6.999,1.006;7.151,4.722,0.359;8.388,14.026,2.102;8.427,19.699,0.294;13.619,17.487,0.418;0.487,15.533,0.716;11.073,18.842,2.140;18.209,10.773,0.683;16.864,10.411,1.383;11.865,12.546,0.357;12.571,0.515,0.818;1.703,15.595,0.307;0.701,9.573,0.738;16.410,10.961,1.080;5.736,0.389,0.335;4.419,16.061,1.685;19.573,2.194,0.296;3.521,13.629,2.313"
3,drone_0,10.3631,8.8927,17.0000,17.0000,"14.357,12.879,0.252;9.010,15.177,1.025;19.809,4.168,0.324;10.129,14.615,2.458;8.936,6.709,0.287;4.590,13.262,2.343;6.403,11.029,1.330;6.438,19.149,0.410;6.347,16.387,2.305;7.658,6.938,1.213;18.528,3.397,0.319;12.463,1.244,0.327;15.140,2.624,0.353;19.181,11.248,0.397;6.075,10.679,1.237;9.963,18.318,0.278;13.657,2.395,1.242;18.345,8.323,0.607;16.330,12.669,1.212;8.211,16.636,2.108;18.920,4.724,0.824;6.982,14.462,0.467;13.078,3.783,0.260;17.138,13.793,0.911;19.835,12.422,0.274;4.272,15.597,0.484;5.231,1.573,0.369;0.404,1.991,0.374;1.242,7.965,0.803;15.337,10.392,0.257;19.687,17.481,0.439;0.228,5.122,0.256;18.759,4.232,1.190;15.871,1.584,0.901;17.498,2.250,1.213;18.055,14.400,0.766;0.677,16.257,1.030;3.749,14.009,1.691;17.338,2.560,1.881;17.542,11.622,0.375;4.549,3.923,0.328;18.293,5.188,1.119;18.427,6.999,1.006;7.151,4.722,0.359;8.388,14.026,2.102;8.427,19.699,0.294;13.619,17.487,0.418;0.487,15.533,0.716;11.073,18.842,2.140;18.209,10.773,0.683;16.864,10.411,1.383;11.865,12.546,0.357;12.571,0.515,0.818;1.703,15.595,0.307;0.701,9.573,0.738;16.410,10.961,1.080;5.736,0.389,0.335;4.419,16.061,1.685;19.573,2.194,0.296;3.521,13.629,2.313"
3,drone_1,3.0154,3.1660,17.0000,17.0000,"14.357,12.879,0.252;9.010,15.177,1.025;19.809,4.168,0.324;10.129,14.615,2.458;8.936,6.709,0.287;4.590,13.262,2.343;6.403,11.029,1.330;6.438,19.149,0.410;6.347,16.387,2.305;7.658,6.938,1.213;18.528,3.397,0.319;12.463,1.244,0.327;15.140,2.624,0.353;19.181,11.248,0.397;6.075,10.679,1.237;9.963,18.318,0.278;13.657,2.395,1.242;18.345,8.323,0.607;16.330,12.669,1.212;8.211,16.636,2.108;18.920,4.724,0.824;6.982,14.462,0.467;13.078,3.783,0.260;17.138,13.793,0.911;19.835,12.422,0.274;4.272,15.597,0.484;5.231,1.573,0.369;0.404,1.991,0.374;1.242,7.965,0.803;15.337,10.392,0.257;19.687,17.481,0.439;0.228,5.122,0.256;18.759,4.232,1.190;15.871,1.584,0.901;17.498,2.250,1.213;18.055,14.400,0.766;0.677,16.257,1.030;3.749,14.009,1.691;17.338,2.560,1.881;17.542,11.622,0.375;4.549,3.923,0.328;18.293,5.188,1.119;18.427,6.999,1.006;7.151,4.722,0.359;8.388,14.026,2.102;8.427,19.699,0.294;13.619,17.487,0.418;0.487,15.533,0.716;11.073,18.842,2.140;18.209,10.773,0.683;16.864,10.411,1.383;11.865,12.546,0.357;12.571,0.515,0.818;1.703,15.595,0.307;0.701,9.573,0.738;16.410,10.961,1.080;5.736,0.389,0.335;4.419,16.061,1.685;19.573,2.194,0.296;3.521,13.629,2.313"
3,drone_2,2.8274,18.5124,17.0000,17.0000,"14.357,12.879,0.252;9.010,15.177,1.025;19.809,4.168,0.324;10.129,14.615,2.458;8.936,6.709,0.287;4.590,13.262,2.343;6.403,11.029,1.330;6.438,19.149,0.410;6.347,16.387,2.305;7.658,6.938,1.213;18.528,3.397,0.319;12.463,1.244,0.327;15.140,2.624,0.353;19.181,11.248,0.397;6.075,10.679,1.237;9.963,18.318,0.278;13.657,2.395,1.242;18.345,8.323,0.607;16.330,12.669,1.212;8.211,16.636,2.108;18.920,4.724,0.824;6.982,14.462,0.467;13.078,3.783,0.260;17.138,13.793,0.911;19.835,12.422,0.274;4.272,15.597,0.484;5.231,1.573,0.369;0.404,1.991,0.374;1.242,7.965,0.803;15.337,10.392,0.257;19.687,17.481,0.439;0.228,5.122,0.256;18.759,4.232,1.190;15.871,1.584,0.901;17.498,2.250,1.213;18.055,14.400,0.766;0.677,16.257,1.030;3.749,14.009,1.691;17.338,2.560,1.881;17.542,11.622,0.375;4.549,3.923,0.328;18.293,5.188,1.119;18.427,6.999,1.006;7.151,4.722,0.359;8.388,14.026,2.102;8.427,19.699,0.294;13.619,17.487,0.418;0.487,15.533,0.716;11.073,18.842,2.140;18.209,10.773,0.683;16.864,10.411,1.383;11.865,12.546,0.357;12.571,0.515,0.818;1.703,15.595,0.307;0.701,9.573,0.738;16.410,10.961,1.080;5.736,0.389,0.335;4.419,16.061,1.685;19.573,2.194,0.296;3.521,13.629,2.313"
3,drone_3,4.4585,7.0379,17.0000,17.0000,"14.357,12.879,0.252;9.010,15.177,1.025;19.809,4.168,0.324;10.129,14.615,2.458;8.936,6.709,0.287;4.590,13.262,2.343;6.403,11.029,1.330;6.438,19.149,0.410;6.347,16.387,2.305;7.658,6.938,1.213;18.528,3.397,0.319;12.463,1.244,0.327;15.140,2.624,0.353;19.181,11.248,0.397;6.075,10.679,1.237;9.963,18.318,0.278;13.657,2.395,1.242;18.345,8.323,0.607;16.330,12.669,1.212;8.211,16.636,2.108;18.920,4.724,0.824;6.982,14.462,0.467;13.078,3.783,0.260;17.138,13.793,0.911;19.835,12.422,0.274;4.272,15.597,0.484;5.231,1.573,0.369;0.404,1.991,0.374;1.242,7.965,0.803;15.337,10.392,0.257;19.687,17.481,0.439;0.228,5.122,0.256;18.759,4.232,1.190;15.871,1.584,0.901;17.498,2.250,1.213;18.055,14.400,0.766;0.677,16.257,1.030;3.749,14.009,1.691;17.338,2.560,1.881;17.542,11.622,0.375;4.549,3.923,0.328;18.293,5.188,1.119;18.427,6.999,1.006;7.151,4.722,0.359;8.388,14.026,2.102;8.427,19.699,0.294;13.619,17.487,0.418;0.487,15.533,0.716;11.073,18.842,2.140;18.209,10.773,0.683;16.864,10.411,1.383;11.865,12.546,0.357;12.571,0.515,0.818;1.703,15.595,0.307;0.701,9.573,0.738;16.410,10.961,1.080;5.736,0.389,0.335;4.419,16.061,1.685;19.573,2.194,0.296;3.521,13.629,2.313"
3,drone_4,11.6283,5.4971,17.0000,17.0000,"14.357,12.879,0.252;9.010,15.177,1.025;19.809,4.168,0.324;10.129,14.615,2.458;8.936,6.709,0.287;4.590,13.262,2.343;6.403,11.029,1.330;6.438,19.149,0.410;6.347,16.387,2.305;7.658,6.938,1.213;18.528,3.397,0.319;12.463,1.244,0.327;15.140,2.624,0.353;19.181,11.248,0.397;6.075,10.679,1.237;9.963,18.318,0.278;13.657,2.395,1.242;18.345,8.323,0.607;16.330,12.669,1.212;8.211,16.636,2.108;18.920,4.724,0.824;6.982,14.462,0.467;13.078,3.783,0.260;17.138,13.793,0.911;19.835,12.422,0.274;4.272,15.597,0.484;5.231,1.573,0.369;0.404,1.991,0.374;1.242,7.965,0.803;15.337,10.392,0.257;19.687,17.481,0.439;0.228,5.122,0.256;18.759,4.232,1.190;15.871,1.584,0.901;17.498,2.250,1.213;18.055,14.400,0.766;0.677,16.257,1.030;3.749,14.009,1.691;17.338,2.560,1.881;17.542,11.622,0.375;4.549,3.923,0.328;18.293,5.188,1.119;18.427,6.999,1.006;7.151,4.722,0.359;8.388,14.026,2.102;8.427,19.699,0.294;13.619,17.487,0.418;0.487,15.533,0.716;11.073,18.842,2.140;18.209,10.773,0.683;16.864,10.411,1.383;11.865,12.546,0.357;12.571,0.515,0.818;1.703,15.595,0.307;0.701,9.573,0.738;16.410,10.961,1.080;5.736,0.389,0.335;4.419,16.061,1.685;19.573,2.194,0.296;3.521,13.629,2.313"
3,drone_5,3.0148,5.9745,17.0000,17.0000,"14.357,12.879,0.252;9.010,15.177,1.025;19.809,4.168,0.324;10.129,14.615,2.458;8.936,6.709,0.287;4.590,13.262,2.343;6.403,11.029,1.330;6.438,19.149,0.410;6.347,16.387,2.305;7.658,6.938,1.213;18.528,3.397,0.319;12.463,1.244,0.327;15.140,2.624,0.353;19.181,11.248,0.397;6.075,10.679,1.237;9.963,18.318,0.278;13.657,2.395,1.242;18.345,8.323,0.607;16.330,12.669,1.212;8.211,16.636,2.108;18.920,4.724,0.824;6.982,14.462,0.467;13.078,3.783,0.260;17.138,13.793,0.911;19.835,12.422,0.274;4.272,15.597,0.484;5.231,1.573,0.369;0.404,1.991,0.374;1.242,7.965,0.803;15.337,10.392,0.257;19.687,17.481,0.439;0.228,5.122,0.256;18.759,4.232,1.190;15.871,1.584,0.901;17.498,2.250,1.213;18.055,14.400,0.766;0.677,16.257,1.030;3.749,14.009,1.691;17.338,2.560,1.881;17.542,11.622,0.375;4.549,3.923,0.328;18.293,5.188,1.119;18.427,6.999,1.006;7.151,4.722,0.359;8.388,14.026,2.102;8.427,19.699,0.294;13.619,17.487,0.418;0.487,15.533,0.716;11.073,18.842,2.140;18.209,10.773,0.683;16.864,10.411,1.383;11.865,12.546,0.357;12.571,0.515,0.818;1.703,15.595,0.307;0.701,9.573,0.738;16.410,10.961,1.080;5.736,0.389,0.335;4.419,16.061,1.685;19.573,2.194,0.296;3.521,13.629,2.313"
3,drone_6,8.9633,3.3874,17.0000,17.0000,"14.357,12.879,0.252;9.010,15.177,1.025;19.809,4.168,0.324;10.129,14.615,2.458;8.936,6.709,0.287;4.590,13.262,2.343;6.403,11.029,1.330;6.438,19.149,0.410;6.347,16.387,2.305;7.658,6.938,1.213;18.528,3.397,0.319;12.463,1.244,0.327;15.140,2.624,0.353;19.181,11.248,0.397;6.075,10.679,1.237;9.963,18.318,0.278;13.657,2.395,1.242;18.345,8.323,0.607;16.330,12.669,1.212;8.211,16.636,2.108;18.920,4.724,0.824;6.982,14.462,0.467;13.078,3.783,0.260;17.138,13.793,0.911;19.835,12.422,0.274;4.272,15.597,0.484;5.231,1.573,0.369;0.404,1.991,0.374;1.242,7.965,0.803;15.337,10.392,0.257;19.687,17.481,0.439;0.228,5.122,0.256;18.759,4.232,1.190;15.871,1.584,0.901;17.498,2.250,1.213;18.055,14.400,0.766;0.677,16.257,1.030;3.749,14.009,1.691;17.338,2.560,1.881;17.542,11.622,0.375;4.549,3.923,0.328;18.293,5.188,1.119;18.427,6.999,1.006;7.151,4.722,0.359;8.388,14.026,2.102;8.427,19.699,0.294;13.619,17.487,0.418;0.487,15.533,0.716;11.073,18.842,2.140;18.209,10.773,0.683;16.864,10.411,1.383;11.865,12.546,0.357;12.571,0.515,0.818;1.703,15.595,0.307;0.701,9.573,0.738;16.410,10.961,1.080;5.736,0.389,0.335;4.419,16.061,1.685;19.573,2.194,0.296;3.521,13.629,2.313"
3,drone_7,9.7378,10.0096,17.0000,17.0000,"14.357,12.879,0.252;9.010,15.177,1.025;19.809,4.168,0.324;10.129,14.615,2.458;8.936,6.709,0.287;4.590,13.262,2.343;6.403,11.029,1.330;6.438,19.149,0.410;6.347,16.387,2.305;7.658,6.938,1.213;18.528,3.397,0.319;12.463,1.244,0.327;15.140,2.624,0.353;19.181,11.248,0.397;6.075,10.679,1.237;9.963,18.318,0.278;13.657,2.395,1.242;18.345,8.323,0.607;16.330,12.669,1.212;8.211,16.636,2.108;18.920,4.724,0.824;6.982,14.462,0.467;13.078,3.783,0.260;17.138,13.793,0.911;19.835,12.422,0.274;4.272,15.597,0.484;5.231,1.573,0.369;0.404,1.991,0.374;1.242,7.965,0.803;15.337,10.392,0.257;19.687,17.481,0.439;0.228,5.122,0.256;18.759,4.232,1.190;15.871,1.584,0.901;17.498,2.250,1.213;18.055,14.400,0.766;0.677,16.257,1.030;3.749,14.009,1.691;17.338,2.560,1.881;17.542,11.622,0.375;4.549,3.923,0.328;18.293,5.188,1.119;18.427,6.999,1.006;7.151,4.722,0.359;8.388,14.026,2.102;8.427,19.699,0.294;13.619,17.487,0.418;0.487,15.533,0.716;11.073,18.842,2.140;18.209,10.773,0.683;16.864,10.411,1.383;11.865,12.546,0.357;12.571,0.515,0.818;1.703,15.595,0.307;0.701,9.573,0.738;16.410,10.961,1.080;5.736,0.389,0.335;4.419,16.061,1.685;19.573,2.194,0.296;3.521,13.629,2.313"
3,drone_8,15.0367,7.0447,17.0000,17.0000,"14.357,12.879,0.252;9.010,15.177,1.025;19.809,4.168,0.324;10.129,14.615,2.458;8.936,6.709,0.287;4.590,13.262,2.343;6.403,11.029,1.330;6.438,19.149,0.410;6.347,16.387,2.305;7.658,6.938,1.213;18.528,3.397,0.319;12.463,1.244,0.327;15.140,2.624,0.353;19.181,11.248,0.397;6.075,10.679,1.237;9.963,18.318,0.278;13.657,2.395,1.242;18.345,8.323,0.607;16.330,12.669,1.212;8.211,16.636,2.108;18.920,4.724,0.824;6.982,14.462,0.467;13.078,3.783,0.260;17.138,13.793,0.911;19.835,12.422,0.274;4.272,15.597,0.484;5.231,1.573,0.369;0.404,1.991,0.374;1.242,7.965,0.803;15.337,10.392,0.257;19.687,17.481,0.439;0.228,5.122,0.256;18.759,4.232,1.190;15.871,1.584,0.901;17.498,2.250,1.213;18.055,14.400,0.766;0.677,16.257,1.030;3.749,14.009,1.691;17.338,2.560,1.881;17.542,11.622,0.375;4.549,3.923,0.328;18.293,5.188,1.119;18.427,6.999,1.006;7.151,4.722,0.359;8.388,14.026,2.102;8.427,19.699,0.294;13.619,17.487,0.418;0.487,15.533,0.716;11.073,18.842,2.140;18.209,10.773,0.683;16.864,10.411,1.383;11.865,12.546,0.357;12.571,0.515,0.818;1.703,15.595,0.307;0.701,9.573,0.738;16.410,10.961,1.080;5.736,0.389,0.335;4.419,16.061,1.685;19.573,2.194,0.296;3.521,13.629,2.313"
3,drone_9,4.3498,8.9779,17.0000,17.0000,"14.357,12.879,0.252;9.010,15.177,1.025;19.809,4.168,0.324;10.129,14.615,2.458;8.936,6.709,0.287;4.590,13.262,2.343;6.403,11.029,1.330;6.438,19.149,0.410;6.347,16.387,2.305;7.658,6.938,1.213;18.528,3.397,0.319;12.463,1.244,0.327;15.140,2.624,0.353;19.181,11.248,0.397;6.075,10.679,1.237;9.963,18.318,0.278;13.657,2.395,1.242;18.345,8.323,0.607;16.330,12.669,1.212;8.211,16.636,2.108;18.920,4.724,0.824;6.982,14.462,0.467;13.078,3.783,0.260;17.138,13.793,0.911;19.835,12.422,0.274;4.272,15.597,0.484;5.231,1.573,0.369;0.404,1.991,0.374;1.242,7.965,0.803;15.337,10.392,0.257;19.687,17.481,0.439;0.228,5.122,0.256;18.759,4.232,1.190;15.871,1.584,0.901;17.498,2.250,1.213;18.055,14.400,0.766;0.677,16.257,1.030;3.749,14.009,1.691;17.338,2.560,1.881;17.542,11.622,0.375;4.549,3.923,0.328;18.293,5.188,1.119;18.427,6.999,1.006;7.151,4.722,0.359;8.388,14.026,2.102;8.427,19.699,0.294;13.619,17.487,0.418;0.487,15.533,0.716;11.073,18.842,2.140;18.209,10.773,0.683;16.864,10.411,1.383;11.865,12.546,0.357;12.571,0.515,0.818;1.703,15.595,0.307;0.701,9.573,0.738;16.410,10.961,1.080;5.736,0.389,0.335;4.419,16.061,1.685;19.573,2.194,0.296;3.521,13.629,2.313"
4,drone_0,10.5615,8.9177,17.0000,17.0000,"14.357,12.879,0.252;9.010,15.177,1.025;19.809,4.168,0.324;10.129,14.615,2.458;8.936,6.709,0.287;4.590,13.262,2.343;6.403,11.029,1.330;6.438,19.149,0.410;6.347,16.387,2.305;7.658,6.938,1.213;18.528,3.397,0.319;12.463,1.244,0.327;15.140,2.624,0.353;19.181,11.248,0.397;6.075,10.679,1.237;9.963,18.318,0.278;13.657,2.395,1.242;18.345,8.323,0.607;16.330,12.669,1.212;8.211,16.636,2.108;18.920,4.724,0.824;6.982,14.462,0.467;13.078,3.783,0.260;17.138,13.793,0.911;19.835,12.422,0.274;4.272,15.597,0.484;5.231,1.573,0.369;0.404,1.991,0.374;1.242,7.965,0.803;15.337,10.392,0.257;19.687,17.481,0.439;0.228,5.122,0.256;18.759,4.232,1.190;15.871,1.584,0.901;17.498,2.250,1.213;18.055,14.400,0.766;0.677,16.257,1.030;3.749,14.009,1.691;17.338,2.560,1.881;17.542,11.622,0.375;4.549,3.923,0.328;18.293,5.188,1.119;18.427,6.999,1.006;7.151,4.722,0.359;8.388,14.026,2.102;8.427,19.699,0.294;13.619,17.487,0.418;0.487,15.533,0.716;11.073,18.842,2.140;18.209,10.773,0.683;16.864,10.411,1.383;11.865,12.546,0.357;12.571,0.515,0.818;1.703,15.595,0.307;0.701,9.573,0.738;16.410,10.961,1.080;5.736,0.389,0.335;4.419,16.061,1.685;19.573,2.194,0.296;3.521,13.629,2.313"
4,drone_1,3.2083,3.2187,17.0000,17.0000,"14.357,12.879,0.252;9.010,15.177,1.025;19.809,4.168,0.324;10.129,14.615,2.458;8.936,6.709,0.287;4.590,13.262,2.343;6.403,11.029,1.330;6.438,19.149,0.410;6.347,16.387,2.305;7.658,6.938,1.213;18.528,3.397,0.319;12.463,1.244,0.327;15.140,2.624,0.353;19.181,11.248,0.397;6.075,10.679,1.237;9.963,18.318,0.278;13.657,2.395,1.242;18.345,8.323,0.607;16.330,12.669,1.212;8.211,16.636,2.108;18.920,4.724,0.824;6.982,14.462,0.467;13.078,3.783,0.260;17.138,13.793,0.911;19.835,12.422,0.274;4.272,15.597,0.484;5.231,1.573,0.369;0.404,1.991,0.374;1.242,7.965,0.803;15.337,10.392,0.257;19.687,17.481,0.439;0.228,5.122,0.256;18.759,4.232,1.190;15.871,1.584,0.901;17.498,2.250,1.213;18.055,14.400,0.766;0.677,16.257,1.030;3.749,14.009,1.691;17.338,2.560,1.881;17.542,11.622,0.375;4.549,3.923,0.328;18.293,5.188,1.119;18.427,6.999,1.006;7.151,4.722,0.359;8.388,14.026,2.102;8.427,19.699,0.294;13.619,17.487,0.418;0.487,15.533,0.716;11.073,18.842,2.140;18.209,10.773,0.683;16.864,10.411,1.383;11.865,12.546,0.357;12.571,0.515,0.818;1.703,15.595,0.307;0.701,9.573,0.738;16.410,10.961,1.080;5.736,0.389,0.335;4.419,16.061,1.685;19.573,2.194,0.296;3.521,13.629,2.313"
4,drone_2,3.0274,18.5133,17.0000,17.0000,"14.357,12.879,0.252;9.010,15.177,1.025;19.809,4.168,0.324;10.129,14.615,2.458;8.936,6.709,0.287;4.590,13.262,2.343;6.403,11.029,1.330;6.438,19.149,0.410;6.347,16.387,2.305;7.658,6.938,1.213;18.528,3.397,0.319;12.463,1.244,0.327;15.140,2.624,0.353;19.181,11.248,0.397;6.075,10.679,1.237;9.963,18.318,0.278;13.657,2.395,1.242;18.345,8.323,0.607;16.330,12.669,1.212;8.211,16.636,2.108;18.920,4.724,0.824;6.982,14.462,0.467;13.078,3.783,0.260;17.138,13.793,0.911;19.835,12.422,0.274;4.272,15.597,0.484;5.231,1.573,0.369;0.404,1.991,0.374;1.242,7.965,0.803;15.337,10.392,0.257;19.687,17.481,0.439;0.228,5.122,0.256;18.759,4.232,1.190;15.871,1.584,0.901;17.498,2.250,1.213;18.055,14.400,0.766;0.677,16.257,1.030;3.749,14.009,1.691;17.338,2.560,1.881;17.542,11.622,0.375;4.549,3.923,0.328;18.293,5.188,1.119;18.427,6.999,1.006;7.151,4.722,0.359;8.388,14.026,2.102;8.427,19.699,0.294;13.619,17.487,0.418;0.487,15.533,0.716;11.073,18.842,2.140;18.209,10.773,0.683;16.864,10.411,1.383;11.865,12.546,0.357;12.571,0.515,0.818;1.703,15.595,0.307;0.701,9.573,0.738;16.410,10.961,1.080;5.736,0.389,0.335;4.419,16.061,1.685;19.573,2.194,0.296;3.521,13.629,2.313"
4,drone_3,4.6274,7.1450,17.0000,17.0000,"14.357,12.879,0.252;9.010,15.177,1.025;19.809,4.168,0.324;10.129,14.615,2.458;8.936,6.709,0.287;4.590,13.262,2.343;6.403,11.029,1.330;6.438,19.149,0.410;6.347,16.387,2.305;7.658,6.938,1.213;18.528,3.397,0.319;12.463,1.244,0.327;15.140,2.624,0.353;19.181,11.248,0.397;6.075,10.679,1.237;9.963,18.318,0.278;13.657,2.395,1.242;18.345,8.323,0.607;16.330,12.669,1.212;8.211,16.636,2.108;18.920,4.724,0.824;6.982,14.462,0.467;13.078,3.783,0.260;17.138,13.793,0.911;19.835,12.422,0.274;4.272,15.597,0.484;5.231,1.573,0.369;0.404,1.991,0.374;1.242,7.965,0.803;15.337,10.392,0.257;19.687,17.481,0.439;0.228,5.122,0.256;18.759,4.232,1.190;15.871,1.584,0.901;17.498,2.250,1.213;18.055,14.400,0.766;0.677,16.257,1.030;3.749,14.009,1.691;17.338,2.560,1.881;17.542,11.622,0.375;4.549,3.923,0.328;18.293,5.188,1.119;18.427,6.999,1.006;7.151,4.722,0.359;8.388,14.026,2.102;8.427,19.699,0.294;13.619,17.487,0.418;0.487,15.533,0.716;11.073,18.842,2.140;18.209,10.773,0.683;16.864,10.411,1.383;11.865,12.546,0.357;12.571,0.515,0.818;1.703,15.595,0.307;0.701,9.573,0.738;16.410,10.961,1.080;5.736,0.389,0.335;4.419,16.061,1.685;19.573,2.194,0.296;3.521,13.629,2.313"
4,drone_4,11.8283,5.5003,17.0000,17.0000,"14.357,12.879,0.252;9.010,15.177,1.025;19.809,4.168,0.324;10.129,14.615,2.458;8.936,6.709,0.287;4.590,13.262,2.343;6.403,11.029,1.330;6.438,19.149,0.410;6.347,16.387,2.305;7.658,6.938,1.213;18.528,3.397,0.319;12.463,1.244,0.327;15.140,2.624,0.353;19.181,11.248,0.397;6.075,10.679,1.237;9.963,18.318,0.278;13.657,2.395,1.242;18.345,8.323,0.607;16.330,12.669,1.212;8.211,16.636,2.108;18.920,4.724,0.824;6.982,14.462,0.467;13.078,3.783,0.260;17.138,13.793,0.911;19.835,12.422,0.274;4.272,15.597,0.484;5.231,1.573,0.369;0.404,1.991,0.374;1.242,7.965,0.803;15.337,10.392,0.257;19.687,17.481,0.439;0.228,5.122,0.256;18.759,4.232,1.190;15.871,1.584,0.901;17.498,2.250,1.213;18.055,14.400,0.766;0.677,16.257,1.030;3.749,14.009,1.691;17.338,2.560,1.881;17.542,11.622,0.375;4.549,3.923,0.328;18.293,5.188,1.119;18.427,6.999,1.006;7.151,4.722,0.359;8.388,14.026,2.102;8.427,19.699,0.294;13.619,17.487,0.418;0.487,15.533,0.716;11.073,18.842,2.140;18.209,10.773,0.683;16.864,10.411,1.383;11.865,12.546,0.357;12.571,0.515,0.818;1.703,15.595,0.307;0.701,9.573,0.738;16.410,10.961,1.080;5.736,0.389,0.335;4.419,16.061,1.685;19.573,2.194,0.296;3.521,13.629,2.313"
4,drone_5,3.1955,6.0601,17.0000,17.0000,"14.357,12.879,0.252;9.010,15.177,1.025;19.809,4.168,0.324;10.129,14.615,2.458;8.936,6.709,0.287;4.590,13.262,2.343;6.403,11.029,1.330;6.438,19.149,0.410;6.347,16.387,2.305;7.658,6.938,1.213;18.528,3.397,0.319;12.463,1.244,0.327;15.140,2.624,0.353;19.181,11.248,0.397;6.075,10.679,1.237;9.963,18.318,0.278;13.657,2.395,1.242;18.345,8.323,0.607;16.330,12.669,1.212;8.211,16.636,2.108;18.920,4.724,0.824;6.982,14.462,0.467;13.078,3.783,0.260;17.138,13.793,0.911;19.835,12.422,0.274;4.272,15.597,0.484;5.231,1.573,0.369;0.404,1.991,0.374;1.242,7.965,0.803;15.337,10.392,0.257;19.687,17.481,0.439;0.228,5.122,0.256;18.759,4.232,1.190;15.871,1.584,0.901;17.498,2.250,1.213;18.055,14.400,0.766;0.677,16.257,1.030;3.749,14.009,1.691;17.338,2.560,1.881;17.542,11.622,0.375;4.549,3.923,0.328;18.293,5.188,1.119;18.427,6.999,1.006;7.151,4.722,0.359;8.388,14.026,2.102;8.427,19.699,0.294;13.619,17.487,0.418;0.487,15.533,0.716;11.073,18.842,2.140;18.209,10.773,0.683;16.864,10.411,1.383;11.865,12.546,0.357;12.571,0.515,0.818;1.703,15.595,0.307;0.701,9.573,0.738;16.410,10.961,1.080;5.736,0.389,0.335;4.419,16.061,1.685;19.573,2.194,0.296;3.521,13.629,2.313"
4,drone_6,9.1577,3.4341,17.0000,17.0000,"14.357,12.879,0.252;9.010,15.177,1.025;19.809,4.168,0.324;10.129,14.615,2.458;8.936,6.709,0.287;4.590,13.262,2.343;6.403,11.029,1.330;6.438,19.149,0.410;6.347,16.387,2.305;7.658,6.938,1.213;18.528,3.397,0.319;12.463,1.244,0.327;15.140,2.624,0.353;19.181,11.248,0.397;6.075,10.679,1.237;9.963,18.318,0.278;13.657,2.395,1.242;18.345,8.323,0.607;16.330,12.669,1.212;8.211,16.636,2.108;18.920,4.724,0.824;6.982,14.462,0.467;13.078,3.783,0.260;17.138,13.793,0.911;19.835,12.422,0.274;4.272,15.597,0.484;5.231,1.573,0.369;0.404,1.991,0.374;1.242,7.965,0.803;15.337,10.392,0.257;19.687,17.481,0.439;0.228,5.122,0.256;18.759,4.232,1.190;15.871,1.584,0.901;17.498,2.250,1.213;18.055,14.400,0.766;0.677,16.257,1.030;3.749,14.009,1.691;17.338,2.560,1.881;17.542,11.622,0.375;4.549,3.923,0.328;18.293,5.188,1.119;18.427,6.999,1.006;7.151,4.722,0.359;8.388,14.026,2.102;8.427,19.699,0.294;13.619,17.487,0.418;0.487,15.533,0.716;11.073,18.842,2.140;18.209,10.773,0.683;16.864,10.411,1.383;11.865,12.546,0.357;12.571,0.515,0.818;1.703,15.595,0.307;0.701,9.573,0.738;16.410,10.961,1.080;5.736,0.389,0.335;4.419,16.061,1.685;19.573,2.194,0.296;3.521,13.629,2.313"
4,drone_7,9.9340,10.0485,17.0000,17.0000,"14.357,12.879,0.252;9.010,15.177,1.025;19.809,4.168,0.324;10.129,14.615,2.458;8.936,6.709,0.287;4.590,13.262,2.343;6.403,11.029,1.330;6.438,19.149,0.410;6.347,16.387,2.305;7.658,6.938,1.213;18.528,3.397,0.319;12.463,1.244,0.327;15.140,2.624,0.353;19.181,11.248,0.397;6.075,10.679,1.237;9.963,18.318,0.278;13.657,2.395,1.242;18.345,8.323,0.607;16.330,12.669,1.212;8.211,16.636,2.108;18.920,4.724,0.824;6.982,14.462,0.467;13.078,3.783,0.260;17.138,13.793,0.911;19.835,12.422,0.274;4.272,15.597,0.484;5.231,1.573,0.369;0.404,1.991,0.374;1.242,7.965,0.803;15.337,10.392,0.257;19.687,17.481,0.439;0.228,5.122,0.256;18.759,4.232,1.190;15.871,1.584,0.901;17.498,2.250,1.213;18.055,14.400,0.766;0.677,16.257,1.030;3.749,14.009,1.691;17.338,2.560,1.881;17.542,11.622,0.375;4.549,3.923,0.328;18.293,5.188,1.119;18.427,6.999,1.006;7.151,4.722,0.359;8.388,14.026,2.102;8.427,19.699,0.294;13.619,17.487,0.418;0.487,15.533,0.716;11.073,18.842,2.140;18.209,10.773,0.683;16.864,10.411,1.383;11.865,12.546,0.357;12.571,0.515,0.818;1.703,15.595,0.307;0.701,9.573,0.738;16.410,10.961,1.080;5.736,0.389,0.335;4.419,16.061,1.685;19.573,2.194,0.296;3.521,13.629,2.313"
4,drone_8,15.0925,7.2367,17.0000,17.0000,"14.357,12.879,0.252;9.010,15.177,1.025;19.809,4.168,0.324;10.129,14.615,2.458;8.936,6.709,0.287;4.590,13.262,2.343;6.403,11.029,1.330;6.438,19.149,0.410;6.347,16.387,2.305;7.658,6.938,1.213;18.528,3.397,0.319;12.463,1.244,0.327;15.140,2.624,0.353;19.181,11.248,0.397;6.075,10.679,1.237;9.963,18.318,0.278;13.657,2.395,1.242;18.345,8.323,0.607;16.330,12.669,1.212;8.211,16.636,2.108;18.920,4.724,0.824;6.982,14.462,0.467;13.078,3.783,0.260;17.138,13.793,0.911;19.835,12.422,0.274;4.272,15.597,0.484;5.231,1.573,0.369;0.404,1.991,0.374;1.242,7.965,0.803;15.337,10.392,0.257;19.687,17.481,0.439;0.228,5.122,0.256;18.759,4.232,1.190;15.871,1.584,0.901;17.498,2.250,1.213;18.055,14.400,0.766;0.677,16.257,1.030;3.749,14.009,1.691;17.338,2.560,1.881;17.542,11.622,0.375;4.549,3.923,0.328;18.293,5.188,1.119;18.427,6.999,1.006;7.151,4.722,0.359;8.388,14.026,2.102;8.427,19.699,0.294;13.619,17.487,0.418;0.487,15.533,0.716;11.073,18.842,2.140;18.209,10.773,0.683;16.864,10.411,1.383;11.865,12.546,0.357;12.571,0.515,0.818;1.703,15.595,0.307;0.701,9.573,0.738;16.410,10.961,1.080;5.736,0.389,0.335;4.419,16.061,1.685;19.573,2.194,0.296;3.521,13.629,2.313"
4,drone_9,4.5207,9.0818,17.0000,17.0000,"14.357,12.879,0.252;9.010,15.177,1.025;19.809,4.168,0.324;10.129,14.615,2.458;8.936,6.709,0.287;4.590,13.262,2.343;6.403,11.029,1.330;6.438,19.149,0.410;6.347,16.387,2.305;7.658,6.938,1.213;18.528,3.397,0.319;12.463,1.244,0.327;15.140,2.624,0.353;19.181,11.248,0.397;6.075,10.679,1.237;9.963,18.318,0.278;13.657,2.395,1.242;18.345,8.323,0.607;16.330,12.669,1.212;8.211,16.636,2.108;18.920,4.724,0.824;6.982,14.462,0.467;13.078,3.783,0.260;17.138,13.793,0.911;19.835,12.422,0.274;4.272,15.597,0.484;5.231,1.573,0.369;0.404,1.991,0.374;1.242,7.965,0.803;15.337,10.392,0.257;19.687,17.481,0.439;0.228,5.122,0.256;18.759,4.232,1.190;15.871,1.584,0.901;17.498,2.250,1.213;18.055,14.400,0.766;0.677,16.257,1.030;3.749,14.009,1.691;17.338,2.560,1.881;17.542,11.622,0.375;4.549,3.923,0.328;18.293,5.188,1.119;18.427,6.999,1.006;7.151,4.722,0.359;8.388,14.026,2.102;8.427,19.699,0.294;13.619,17.487,0.418;0.487,15.533,0.716;11.073,18.842,2.140;18.209,10.773,0.683;16.864,10.411,1.383;11.865,12.546,0.357;12.571,0.515,0.818;1.703,15.595,0.307;0.701,9.573,0.738;16.410,10.961,1.080;5.736,0.389,0.335;4.419,16.061,1.685;19.573,2.194,0.296;3.521,13.629,2.313"
5,drone_0,10.7596,8.9449,17.0000,17.0000,"14.357,12.879,0.252;9.010,15.177,1.025;19.809,4.168,0.324;10.129,14.615,2.458;8.936,6.709,0.287;4.590,13.262,2.343;6.403,11.029,1.330;6.438,19.149,0.410;6.347,16.387,2.305;7.658,6.938,1.213;18.528,3.397,0.319;12.463,1.244,0.327;15.140,2.624,0.353;19.181,11.248,0.397;6.075,10.679,1.237;9.963,18.318,0.278;13.657,2.395,1.242;18.345,8.323,0.607;16.330,12.669,1.212;8.211,16.636,2.108;18.920,4.724,0.824;6.982,14.462,0.467;13.078,3.783,0.260;17.138,13.793,0.911;19.835,12.422,0.274;4.272,15.597,0.484;5.231,1.573,0.369;0.404,1.991,0.374;1.242,7.965,0.803;15.337,10.392,0.257;19.687,17.481,0.439;0.228,5.122,0.256;18.759,4.232,1.190;15.871,1.584,0.901;17.498,2.250,1.213;18.055,14.400,0.766;0.677,16.257,1.030;3.749,14.009,1.691;17.338,2.560,1.881;17.542,11.622,0.375;4.549,3.923,0.328;18.293,5.188,1.119;18.427,6.999,1.006;7.151,4.722,0.359;8.388,14.026,2.102;8.427,19.699,0.294;13.619,17.487,0.418;0.487,15.533,0.716;11.073,18.842,2.140;18.209,10.773,0.683;16.864,10.411,1.383;11.865,12.546,0.357;12.571,0.515,0.818;1.703,15.595,0.307;0.701,9.573,0.738;16.410,10.961,1.080;5.736,0.389,0.335;4.419,16.061,1.685;19.573,2.194,0.296;3.521,13.629,2.313"
5,drone_1,3.4019,3.2692,17.0000,17.0000,"14.357,12.879,0.252;9.010,15.177,1.025;19.809,4.168,0.324;10.129,14.615,2.458;8.936,6.709,0.287;4.590,13.262,2.343;6.403,11.029,1.330;6.438,19.149,0.410;6.347,16.387,2.305;7.658,6.938,1.213;18.528,3.397,0.319;12.463,1.244,0.327;15.140,2.624,0.353;19.181,11.248,0.397;6.075,10.679,1.237;9.963,18.318,0.278;13.657,2.395,1.242;18.345,8.323,0.607;16.330,12.669,1.212;8.211,16.636,2.108;18.920,4.724,0.824;6.982,14.462,0.467;13.078,3.783,0.260;17.138,13.793,0.911;19.835,12.422,0.274;4.272,15.597,0.484;5.231,1.573,0.369;0.404,1.991,0.374;1.242,7.965,0.803;15.337,10.392,0.257;19.687,17.481,0.439;0.228,5.122,0.256;18.759,4.232,1.190;15.871,1.584,0.901;17.498,2.250,1.213;18.055,14.400,0.766;0.677,16.257,1.030;3.749,14.009,1.691;17.338,2.560,1.881;17.542,11.622,0.375;4.549,3.923,0.328;18.293,5.188,1.119;18.427,6.999,1.006;7.151,4.722,0.359;8.388,14.026,2.102;8.427,19.699,0.294;13.619,17.487,0.418;0.487,15.533,0.716;11.073,18.842,2.140;18.209,10.773,0.683;16.864,10.411,1.383;11.865,12.546,0.357;12.571,0.515,0.818;1.703,15.595,0.307;0.701,9.573,0.738;16.410,10.961,1.080;5.736,0.389,0.335;4.419,16.061,1.685;19.573,2.194,0.296;3.521,13.629,2.313"
5,drone_2,3.2252,18.5426,17.0000,17.0000,"14.357,12.879,0.252;9.010,15.177,1.025;19.809,4.168,0.324;10.129,14.615,2.458;8.936,6.709,0.287;4.590,13.262,2.343;6.403,11.029,1.330;6.438,19.149,0.410;6.347,16.387,2.305;7.658,6.938,1.213;18.528,3.397,0.319;12.463,1.244,0.327;15.140,2.624,0.353;19.181,11.248,0.397;6.075,10.679,1.237;9.963,18.318,0.278;13.657,2.395,1.242;18.345,8.323,0.607;16.330,12.669,1.212;8.211,16.636,2.108;18.920,4.724,0.824;6.982,14.462,0.467;13.078,3.783,0.260;17.138,13.793,0.911;19.835,12.422,0.274;4.272,15.597,0.484;5.231,1.573,0.369;0.404,1.991,0.374;1.242,7.965,0.803;15.337,10.392,0.257;19.687,17.481,0.439;0.228,5.122,0.256;18.759,4.232,1.190;15.871,1.584,0.901;17.498,2.250,1.213;18.055,14.400,0.766;0.677,16.257,1.030;3.749,14.009,1.691;17.338,2.560,1.881;17.542,11.622,0.375;4.549,3.923,0.328;18.293,5.188,1.119;18.427,6.999,1.006;7.151,4.722,0.359;8.388,14.026,2.102;8.427,19.699,0.294;13.619,17.487,0.418;0.487,15.533,0.716;11.073,18.842,2.140;18.209,10.773,0.683;16.864,10.411,1.383;11.865,12.546,0.357;12.571,0.515,0.818;1.703,15.595,0.307;0.701,9.573,0.738;16.410,10.961,1.080;5.736,0.389,0.335;4.419,16.061,1.685;19.573,2.194,0.296;3.521,13.629,2.313"
5,drone_3,4.7936,7.2563,17.0000,17.0000,"14.357,12.879,0.252;9.010,15.177,1.025;19.809,4.168,0.324;10.129,14.615,2.458;8.936,6.709,0.287;4.590,13.262,2.343;6.403,11.029,1.330;6.438,19.149,0.410;6.347,16.387,2.305;7.658,6.938,1.213;18.528,3.397,0.319;12.463,1.244,0.327;15.140,2.624,0.353;19.181,11.248,0.397;6.075,10.679,1.237;9.963,18.318,0.278;13.657,2.395,1.242;18.345,8.323,0.607;16.330,12.669,1.212;8.211,16.636,2.108;18.920,4.724,0.824;6.982,14.462,0.467;13.078,3.783,0.260;17.138,13.793,0.911;19.835,12.422,0.274;4.272,15.597,0.484;5.231,1.573,0.369;0.404,1.991,0.374;1.242,7.965,0.803;15.337,10.392,0.257;19.687,17.481,0.439;0.228,5.122,0.256;18.759,4.232,1.190;15.871,1.584,0.901;17.498,2.250,1.213;18.055,14.400,0.766;0.677,16.257,1.030;3.749,14.009,1.691;17.338,2.560,1.881;17.542,11.622,0.375;4.549,3.923,0.328;18.293,5.188,1.119;18.427,6.999,1.006;7.151,4.722,0.359;8.388,14.026,2.102;8.427,19.699,0.294;13.619,17.487,0.418;0.487,15.533,0.716;11.073,18.842,2.140;18.209,10.773,0.683;16.864,10.411,1.383;11.865,12.546,0.357;12.571,0.515,0.818;1.703,15.595,0.307;0.701,9.573,0.738;16.410,10.961,1.080;5.736,0.389,0.335;4.419,16.061,1.685;19.573,2.194,0.296;3.521,13.629,2.313"
5,drone_4,12.0282,5.5056,17.0000,17.0000,"14.357,12.879,0.252;9.010,15.177,1.025;19.809,4.168,0.324;10.129,14.615,2.458;8.936,6.709,0.287;4.590,13.262,2.343;6.403,11.029,1.330;6.438,19.149,0.410;6.347,16.387,2.305;7.658,6.938,1.213;18.528,3.397,0.319;12.463,1.244,0.327;15.140,2.624,0.353;19.181,11.248,0.397;6.075,10.679,1.237;9.963,18.318,0.278;13.657,2.395,1.242;18.345,8.323,0.607;16.330,12.669,1.212;8.211,16.636,2.108;18.920,4.724,0.824;6.982,14.462,0.467;13.078,3.783,0.260;17.138,13.793,0.911;19.835,12.422,0.274;4.272,15.597,0.484;5.231,1.573,0.369;0.404,1.991,0.374;1.242,7.965,0.803;15.337,10.392,0.257;19.687,17.481,0.439;0.228,5.122,0.256;18.759,4.232,1.190;15.871,1.584,0.901;17.498,2.250,1.213;18.055,14.400,0.766;0.677,16.257,1.030;3.749,14.009,1.691;17.338,2.560,1.881;17.542,11.622,0.375;4.549,3.923,0.328;18.293,5.188,1.119;18.427,6.999,1.006;7.151,4.722,0.359;8.388,14.026,2.102;8.427,19.699,0.294;13.619,17.487,0.418;0.487,15.533,0.716;11.073,18.842,2.140;18.209,10.773,0.683;16.864,10.411,1.383;11.865,12.546,0.357;12.571,0.515,0.818;1.703,15.595,0.307;0.701,9.573,0.738;16.410,10.961,1.080;5.736,0.389,0.335;4.419,16.061,1.685;19.573,2.194,0.296;3.521,13.629,2.313"
5,drone_5,3.3656,6.1654,17.0000,17.0000,"14.357,12.879,0.252;9.010,15.177,1.025;19.809,4.168,0.324;10.129,14.615,2.458;8.936,6.709,0.287;4.590,13.262,2.343;6.403,11.029,1.330;6.438,19.149,0.410;6.347,16.387,2.305;7.658,6.938,1.213;18.528,3.397,0.319;12.463,1.244,0.327;15.140,2.624,0.353;19.181,11.248,0.397;6.075,10.679,1.237;9.963,18.318,0.278;13.657,2.395,1.242;18.345,8.323,0.607;16.330,12.669,1.212;8.211,16.636,2.108;18.920,4.724,0.824;6.982,14.462,0.467;13.078,3.783,0.260;17.138,13.793,0.911;19.835,12.422,0.274;4.272,15.597,0.484;5.231,1.573,0.369;0.404,1.991,0.374;1.242,7.965,0.803;15.337,10.392,0.257;19.687,17.481,0.439;0.228,5.122,0.256;18.759,4.232,1.190;15.871,1.584,0.901;17.498,2.250,1.213;18.055,14.400,0.766;0.677,16.257,1.030;3.749,14.009,1.691;17.338,2.560,1.881;17.542,11.622,0.375;4.549,3.923,0.328;18.293,5.188,1.119;18.427,6.999,1.006;7.151,4.722,0.359;8.388,14.026,2.102;8.427,19.699,0.294;13.619,17.487,0.418;0.487,15.533,0.716;11.073,18.842,2.140;18.209,10.773,0.683;16.864,10.411,1.383;11.865,12.546,0.357;12.571,0.515,0.818;1.703,15.595,0.307;0.701,9.573,0.738;16.410,10.961,1.080;5.736,0.389,0.335;4.419,16.061,1.685;19.573,2.194,0.296;3.521,13.629,2.313"
5,drone_6,9.3532,3.4764,17.0000,17.0000,"14.357,12.879,0.252;9.010,15.177,1.025;19.809,4.168,0.324;10.129,14.615,2.458;8.936,6.709,0.287;4.590,13.262,2.343;6.403,11.029,1.330;6.438,19.149,0.410;6.347,16.387,2.305;7.658,6.938,1.213;18.528,3.397,0.319;12.463,1.244,0.327;15.140,2.624,0.353;19.181,11.248,0.397;6.075,10.679,1.237;9.963,18.318,0.278;13.657,2.395,1.242;18.345,8.323,0.607;16.330,12.669,1.212;8.211,16.636,2.108;18.920,4.724,0.824;6.982,14.462,0.467;13.078,3.783,0.260;17.138,13.793,0.911;19.835,12.422,0.274;4.272,15.597,0.484;5.231,1.573,0.369;0.404,1.991,0.374;1.242,7.965,0.803;15.337,10.392,0.257;19.687,17.481,0.439;0.228,5.122,0.256;18.759,4.232,1.190;15.871,1.584,0.901;17.498,2.250,1.213;18.055,14.400,0.766;0.677,16.257,1.030;3.749,14.009,1.691;17.338,2.560,1.881;17.542,11.622,0.375;4.549,3.923,0.328;18.293,5.188,1.119;18.427,6.999,1.006;7.151,4.722,0.359;8.388,14.026,2.102;8.427,19.699,0.294;13.619,17.487,0.418;0.487,15.533,0.716;11.073,18.842,2.140;18.209,10.773,0.683;16.864,10.411,1.383;11.865,12.546,0.357;12.571,0.515,0.818;1.703,15.595,0.307;0.701,9.573,0.738;16.410,10.961,1.080;5.736,0.389,0.335;4.419,16.061,1.685;19.573,2.194,0.296;3.521,13.629,2.313"
5,drone_7,10.1324,10.0736,17.0000,17.0000,"14.357,12.879,0.252;9.010,15.177,1.025;19.809,4.168,0.324;10.129,14.615,2.458;8.936,6.709,0.287;4.590,13.262,2.343;6.403,11.029,1.330;6.438,19.149,0.410;6.347,16.387,2.305;7.658,6.938,1.213;18.528,3.397,0.319;12.463,1.244,0.327;15.140,2.624,0.353;19.181,11.248,0.397;6.075,10.679,1.237;9.963,18.318,0.278;13.657,2.395,1.242;18.345,8.323,0.607;16.330,12.669,1.212;8.211,16.636,2.108;18.920,4.724,0.824;6.982,14.462,0.467;13.078,3.783,0.260;17.138,13.793,0.911;19.835,12.422,0.274;4.272,15.597,0.484;5.231,1.573,0.369;0.404,1.991,0.374;1.242,7.965,0.803;15.337,10.392,0.257;19.687,17.481,0.439;0.228,5.122,0.256;18.759,4.232,1.190;15.871,1.584,0.901;17.498,2.250,1.213;18.055,14.400,0.766;0.677,16.257,1.030;3.749,14.009,1.691;17.338,2.560,1.881;17.542,11.622,0.375;4.549,3.923,0.328;18.293,5.188,1.119;18.427,6.999,1.006;7.151,4.722,0.359;8.388,14.026,2.102;8.427,19.699,0.294;13.619,17.487,0.418;0.487,15.533,0.716;11.073,18.842,2.140;18.209,10.773,0.683;16.864,10.411,1.383;11.865,12.546,0.357;12.571,0.515,0.818;1.703,15.595,0.307;0.701,9.573,0.738;16.410,10.961,1.080;5.736,0.389,0.335;4.419,16.061,1.685;19.573,2.194,0.296;3.521,13.629,2.313"
5,drone_8,15.1418,7.4306,17.0000,17.0000,"14.357,12.879,0.252;9.010,15.177,1.025;19.809,4.168,0.324;10.129,14.615,2.458;8.936,6.709,0.287;4.590,13.262,2.343;6.403,11.029,1.330;6.438,19.149,0.410;6.347,16.387,2.305;7.658,6.938,1.213;18.528,3.397,0.319;12.463,1.244,0.327;15.140,2.624,0.353;19.181,11.248,0.397;6.075,10.679,1.237;9.963,18.318,0.278;13.657,2.395,1.242;18.345,8.323,0.607;16.330,12.669,1.212;8.211,16.636,2.108;18.920,4.724,0.824;6.982,14.462,0.467;13.078,3.783,0.260;17.138,13.793,0.911;19.835,12.422,0.274;4.272,15.597,0.484;5.231,1.573,0.369;0.404,1.991,0.374;1.242,7.965,0.803;15.337,10.392,0.257;19.687,17.481,0.439;0.228,5.122,0.256;18.759,4.232,1.190;15.871,1.584,0.901;17.498,2.250,1.213;18.055,14.400,0.766;0.677,16.257,1.030;3.749,14.009,1.691;17.338,2.560,1.881;17.542,11.622,0.375;4.549,3.923,0.328;18.293,5.188,1.119;18.427,6.999,1.006;7.151,4.722,0.359;8.388,14.026,2.102;8.427,19.699,0.294;13.619,17.487,0.418;0.487,15.533,0.716;11.073,18.842,2.140;18.209,10.773,0.683;16.864,10.411,1.383;11.865,12.546,0.357;12.571,0.515,0.818;1.703,15.595,0.307;0.701,9.573,0.738;16.410,10.961,1.080;5.736,0.389,0.335;4.419,16.061,1.685;19.573,2.194,0.296;3.521,13.629,2.313"
5,drone_9,4.6928,9.1838,17.0000,17.0000,"14.357,12.879,0.252;9.010,15.177,1.025;19.809,4.168,0.324;10.129,14.615,2.458;8.936,6.709,0.287;4.590,13.262,2.343;6.403,11.029,1.330;6.438,19.149,0.410;6.347,16.387,2.305;7.658,6.938,1.213;18.528,3.397,0.319;12.463,1.244,0.327;15.140,2.624,0.353;19.181,11.248,0.397;6.075,10.679,1.237;9.963,18.318,0.278;13.657,2.395,1.242;18.345,8.323,0.607;16.330,12.669,1.212;8.211,16.636,2.108;18.920,4.724,0.824;6.982,14.462,0.467;13.078,3.783,0.260;17.138,13.793,0.911;19.835,12.422,0.274;4.272,15.597,0.484;5.231,1.573,0.369;0.404,1.991,0.374;1.242,7.965,0.803;15.337,10.392,0.257;19.687,17.481,0.439;0.228,5.122,0.256;18.759,4.232,1.190;15.871,1.584,0.901;17.498,2.250,1.213;18.055,14.400,0.766;0.677,16.257,1.030;3.749,14.009,1.691;17.338,2.560,1.881;17.542,11.622,0.375;4.549,3.923,0.328;18.293,5.188,1.119;18.427,6.999,1.006;7.151,4.722,0.359;8.388,14.026,2.102;8.427,19.699,0.294;13.619,17.487,0.418;0.487,15.533,0.716;11.073,18.842,2.140;18.209,10.773,0.683;16.864,10.411,1.383;11.865,12.546,0.357;12.571,0.515,0.818;1.703,15.595,0.307;0.701,9.573,0.738;16.410,10.961,1.080;5.736,0.389,0.335;4.419,16.061,1.685;19.573,2.194,0.296;3.521,13.629,2.313"
6,drone_0,10.9575,8.9739,17.0000,17.0000,"14.357,12.879,0.252;9.010,15.177,1.025;19.809,4.168,0.324;10.129,14.615,2.458;8.936,6.709,0.287;4.590,13.262,2.343;6.403,11.029,1.330;6.438,19.149,0.410;6.347,16.387,2.305;7.658,6.938,1.213;18.528,3.397,0.319;12.463,1.244,0.327;15.140,2.624,0.353;19.181,11.248,0.397;6.075,10.679,1.237;9.963,18.318,0.278;13.657,2.395,1.242;18.345,8.323,0.607;16.330,12.669,1.212;8.211,16.636,2.108;18.920,4.724,0.824;6.982,14.462,0.467;13.078,3.783,0.260;17.138,13.793,0.911;19.835,12.422,0.274;4.272,15.597,0.484;5.231,1.573,0.369;0.404,1.991,0.374;1.242,7.965,0.803;15.337,10.392,0.257;19.687,17.481,0.439;0.228,5.122,0.256;18.759,4.232,1.190;15.871,1.584,0.901;17.498,2.250,1.213;18.055,14.400,0.766;0.677,16.257,1.030;3.749,14.009,1.691;17.338,2.560,1.881;17.542,11.622,0.375;4.549,3.923,0.328;18.293,5.188,1.119;18.427,6.999,1.006;7.151,4.722,0.359;8.388,14.026,2.102;8.427,19.699,0.294;13.619,17.487,0.418;0.487,15.533,0.716;11.073,18.842,2.140;18.209,10.773,0.683;16.864,10.411,1.383;11.865,12.546,0.357;12.571,0.515,0.818;1.703,15.595,0.307;0.701,9.573,0.738;16.410,10.961,1.080;5.736,0.389,0.335;4.419,16.061,1.685;19.573,2.194,0.296;3.521,13.629,2.313"
6,drone_1,3.5953,3.3200,17.0000,17.0000,"14.357,12.879,0.252;9.010,15.177,1.025;19.809,4.168,0.324;10.129,14.615,2.458;8.936,6.709,0.287;4.590,13.262,2.343;6.403,11.029,1.330;6.438,19.149,0.410;6.347,16.387,2.305;7.658,6.938,1.213;18.528,3.397,0.319;12.463,1.244,0.327;15.140,2.624,0.353;19.181,11.248,0.397;6.075,10.679,1.237;9.963,18.318,0.278;13.657,2.395,1.242;18.345,8.323,0.607;16.330,12.669,1.212;8.211,16.636,2.108;18.920,4.724,0.824;6.982,14.462,0.467;13.078,3.783,0.260;17.138,13.793,0.911;19.835,12.422,0.274;4.272,15.597,0.484;5.231,1.573,0.369;0.404,1.991,0.374;1.242,7.965,0.803;15.337,10.392,0.257;19.687,17.481,0.439;0.228,5.122,0.256;18.759,4.232,1.190;15.871,1.584,0.901;17.498,2.250,1.213;18.055,14.400,0.766;0.677,16.257,1.030;3.749,14.009,1.691;17.338,2.560,1.881;17.542,11.622,0.375;4.549,3.923,0.328;18.293,5.188,1.119;18.427,6.999,1.006;7.151,4.722,0.359;8.388,14.026,2.102;8.427,19.699,0.294;13.619,17.487,0.418;0.487,15.533,0.716;11.073,18.842,2.140;18.209,10.773,0.683;16.864,10.411,1.383;11.865,12.546,0.357;12.571,0.515,0.818;1.703,15.595,0.307;0.701,9.573,0.738;16.410,10.961,1.080;5.736,0.389,0.335;4.419,16.061,1.685;19.573,2.194,0.296;3.521,13.629,2.313"
6,drone_2,3.4205,18.5858,17.0000,17.0000,"14.357,12.879,0.252;9.010,15.177,1.025;19.809,4.168,0.324;10.129,14.615,2.458;8.936,6.709,0.287;4.590,13.262,2.343;6.403,11.029,1.330;6.438,19.149,0.410;6.347,16.387,2.305;7.658,6.938,1.213;18.528,3.397,0.319;12.463,1.244,0.327;15.140,2.624,0.353;19.181,11.248,0.397;6.075,10.679,1.237;9.963,18.318,0.278;13.657,2.395,1.242;18.345,8.323,0.607;16.330,12.669,1.212;8.211,16.636,2.108;18.920,4.724,0.824;6.982,14.462,0.467;13.078,3.783,0.260;17.138,13.793,0.911;19.835,12.422,0.274;4.272,15.597,0.484;5.231,1.573,0.369;0.404,1.991,0.374;1.242,7.965,0.803;15.337,10.392,0.257;19.687,17.481,0.439;0.228,5.122,0.256;18.759,4.232,1.190;15.871,1.584,0.901;17.498,2.250,1.213;18.055,14.400,0.766;0.677,16.257,1.030;3.749,14.009,1.691;17.338,2.560,1.881;17.542,11.622,0.375;4.549,3.923,0.328;18.293,5.188,1.119;18.427,6.999,1.006;7.151,4.722,0.359;8.388,14.026,2.102;8.427,19.699,0.294;13.619,17.487,0.418;0.487,15.533,0.716;11.073,18.842,2.140;18.209,10.773,0.683;16.864,10.411,1.383;11.865,12.546,0.357;12.571,0.515,0.818;1.703,15.595,0.307;0.701,9.573,0.738;16.410,10.961,1.080;5.736,0.389,0.335;4.419,16.061,1.685;19.573,2.194,0.296;3.521,13.629,2.313"
6,drone_3,4.9561,7.3729,17.0000,17.0000,"14.357,12.879,0.252;9.010,15.177,1.025;19.809,4.168,0.324;10.129,14.615,2.458;8.936,6.709,0.287;4.590,13.262,2.343;6.403,11.029,1.330;6.438,19.149,0.410;6.347,16.387,2.305;7.658,6.938,1.213;18.528,3.397,0.319;12.463,1.244,0.327;15.140,2.624,0.353;19.181,11.248,0.397;6.075,10.679,1.237;9.963,18.318,0.278;13.657,2.395,1.242;18.345,8.323,0.607;16.330,12.669,1.212;8.211,16.636,2.108;18.920,4.724,0.824;6.982,14.462,0.467;13.078,3.783,0.260;17.138,13.793,0.911;19.835,12.422,0.274;4.272,15.597,0.484;5.231,1.573,0.369;0.404,1.991,0.374;1.242,7.965,0.803;15.337,10.392,0.257;19.687,17.481,0.439;0.228,5.122,0.256;18.759,4.232,1.190;15.871,1.584,0.901;17.498,2.250,1.213;18.055,14.400,0.766;0.677,16.257,1.030;3.749,14.009,1.691;17.338,2.560,1.881;17.542,11.622,0.375;4.549,3.923,0.328;18.293,5.188,1.119;18.427,6.999,1.006;7.151,4.722,0.359;8.388,14.026,2.102;8.427,19.699,0.294;13.619,17.487,0.418;0.487,15.533,0.716;11.073,18.842,2.140;18.209,10.773,0.683;16.864,10.411,1.383;11.865,12.546,0.357;12.571,0.515,0.818;1.703,15.595,0.307;0.701,9.573,0.738;16.410,10.961,1.080;5.736,0.389,0.335;4.419,16.061,1.685;19.573,2.194,0.296;3.521,13.629,2.313"
6,drone_4,12.2268,5.5296,17.0000,17.0000,"14.357,12.879,0.252;9.010,15.177,1.025;19.809,4.168,0.324;10.129,14.615,2.458;8.936,6.709,0.287;4.590,13.262,2.343;6.403,11.029,1.330;6.438,19.149,0.410;6.347,16.387,2.305;7.658,6.938,1.213;18.528,3.397,0.319;12.463,1.244,0.327;15.140,2.624,0.353;19.181,11.248,0.397;6.075,10.679,1.237;9.963,18.318,0.278;13.657,2.395,1.242;18.345,8.323,0.607;16.330,12.669,1.212;8.211,16.636,2.108;18.920,4.724,0.824;6.982,14.462,0.467;13.078,3.783,0.260;17.138,13.793,0.911;19.835,12.422,0.274;4.272,15.597,0.484;5.231,1.573,0.369;0.404,1.991,0.374;1.242,7.965,0.803;15.337,10.392,0.257;19.687,17.481,0.439;0.228,5.122,0.256;18.759,4.232,1.190;15.871,1.584,0.901;17.498,2.250,1.213;18.055,14.400,0.766;0.677,16.257,1.030;3.749,14.009,1.691;17.338,2.560,1.881;17.542,11.622,0.375;4.549,3.923,0.328;18.293,5.188,1.119;18.427,6.999,1.006;7.151,4.722,0.359;8.388,14.026,2.102;8.427,19.699,0.294;13.619,17.487,0.418;0.487,15.533,0.716;11.073,18.842,2.140;18.209,10.773,0.683;16.864,10.411,1.383;11.865,12.546,0.357;12.571,0.515,0.818;1.703,15.595,0.307;0.701,9.573,0.738;16.410,10.961,1.080;5.736,0.389,0.335;4.419,16.061,1.685;19.573,2.194,0.296;3.521,13.629,2.313"
6,drone_5,3.5322,6.2760,17.0000,17.0000,"14.357,12.879,0.252;9.010,15.177,1.025;19.809,4.168,0.324;10.129,14.615,2.458;8.936,6.709,0.287;4.590,13.262,2.343;6.403,11.029,1.330;6.438,19.149,0.410;6.347,16.387,2.305;7.658,6.938,1.213;18.528,3.397,0.319;12.463,1.244,0.327;15.140,2.624,0.353;19.181,11.248,0.397;6.075,10.679,1.237;9.963,18.318,0.278;13.657,2.395,1.242;18.345,8.323,0.607;16.330,12.669,1.212;8.211,16.636,2.108;18.920,4.724,0.824;6.982,14.462,0.467;13.078,3.783,0.260;17.138,13.793,0.911;19.835,12.422,0.274;4.272,15.597,0.484;5.231,1.573,0.369;0.404,1.991,0.374;1.242,7.965,0.803;15.337,10.392,0.257;19.687,17.481,0.439;0.228,5.122,0.256;18.759,4.232,1.190;15.871,1.584,0.901;17.498,2.250,1.213;18.055,14.400,0.766;0.677,16.257,1.030;3.749,14.009,1.691;17.338,2.560,1.881;17.542,11.622,0.375;4.549,3.923,0.328;18.293,5.188,1.119;18.427,6.999,1.006;7.151,4.722,0.359;8.388,14.026,2.102;8.427,19.699,0.294;13.619,17.487,0.418;0.487,15.533,0.716;11.073,18.842,2.140;18.209,10.773,0.683;16.864,10.411,1.383;11.865,12.546,0.357;12.571,0.515,0.818;1.703,15.595,0.307;0.701,9.573,0.738;16.410,10.961,1.080;5.736,0.389,0.335;4.419,16.061,1.685;19.573,2.194,0.296;3.521,13.629,2.313"
6,drone_6,9.5494,3.5153,17.0000,17.0000,"14.357,12.879,0.252;9.010,15.177,1.025;19.809,4.168,0.324;10.129,14.615,2.458;8.936,6.709,0.287;4.590,13.262,2.343;6.403,11.029,1.330;6.438,19.149,0.410;6.347,16.387,2.305;7.658,6.938,1.213;18.528,3.397,0.319;12.463,1.244,0.327;15.140,2.624,0.353;19.181,11.248,0.397;6.075,10.679,1.237;9.963,18.318,0.278;13.657,2.395,1.242;18.345,8.323,0.607;16.330,12.669,1.212;8.211,16.636,2.108;18.920,4.724,0.824;6.982,14.462,0.467;13.078,3.783,0.260;17.138,13.793,0.911;19.835,12.422,0.274;4.272,15.597,0.484;5.231,1.573,0.369;0.404,1.991,0.374;1.242,7.965,0.803;15.337,10.392,0.257;19.687,17.481,0.439;0.228,5.122,0.256;18.759,4.232,1.190;15.871,1.584,0.901;17.498,2.250,1.213;18.055,14.400,0.766;0.677,16.257,1.030;3.749,14.009,1.691;17.338,2.560,1.881;17.542,11.622,0.375;4.549,3.923,0.328;18.293,5.188,1.119;18.427,6.999,1.006;7.151,4.722,0.359;8.388,14.026,2.102;8.427,19.699,0.294;13.619,17.487,0.418;0.487,15.533,0.716;11.073,18.842,2.140;18.209,10.773,0.683;16.864,10.411,1.383;11.865,12.546,0.357;12.571,0.515,0.818;1.703,15.595,0.307;0.701,9.573,0.738;16.410,10.961,1.080;5.736,0.389,0.335;4.419,16.061,1.685;19.573,2.194,0.296;3.521,13.629,2.313"
6,drone_7,10.3318,10.0882,17.0000,17.0000,"14.357,12.879,0.252;9.010,15.177,1.025;19.809,4.168,0.324;10.129,14.615,2.458;8.936,6.709,0.287;4.590,13.262,2.343;6.403,11.029,1.330;6.438,19.149,0.410;6.347,16.387,2.305;7.658,6.938,1.213;18.528,3.397,0.319;12.463,1.244,0.327;15.140,2.624,0.353;19.181,11.248,0.397;6.075,10.679,1.237;9.963,18.318,0.278;13.657,2.395,1.242;18.345,8.323,0.607;16.330,12.669,1.212;8.211,16.636,2.108;18.920,4.724,0.824;6.982,14.462,0.467;13.078,3.783,0.260;17.138,13.793,0.911;19.835,12.422,0.274;4.272,15.597,0.484;5.231,1.573,0.369;0.404,1.991,0.374;1.242,7.965,0.803;15.337,10.392,0.257;19.687,17.481,0.439;0.228,5.122,0.256;18.759,4.232,1.190;15.871,1.584,0.901;17.498,2.250,1.213;18.055,14.400,0.766;0.677,16.257,1.030;3.749,14.009,1.691;17.338,2.560,1.881;17.542,11.622,0.375;4.549,3.923,0.328;18.293,5.188,1.119;18.427,6.999,1.006;7.151,4.722,0.359;8.388,14.026,2.102;8.427,19.699,0.294;13.619,17.487,0.418;0.487,15.533,0.716;11.073,18.842,2.140;18.209,10.773,0.683;16.864,10.411,1.383;11.865,12.546,0.357;12.571,0.515,0.818;1.703,15.595,0.307;0.701,9.573,0.738;16.410,10.961,1.080;5.736,0.389,0.335;4.419,16.061,1.685;19.573,2.194,0.296;3.521,13.629,2.313"
6,drone_8,15.1950,7.6234,17.0000,17.0000,"14.357,12.879,0.252;9.010,15.177,1.025;19.809,4.168,0.324;10.129,14.615,2.458;8.936,6.709,0.287;4.590,13.262,2.343;6.403,11.029,1.330;6.438,19.149,0.410;6.347,16.387,2.305;7.658,6.938,1.213;18.528,3.397,0.319;12.463,1.244,0.327;15.140,2.624,0.353;19.181,11.248,0.397;6.075,10.679,1.237;9.963,18.318,0.278;13.657,2.395,1.242;18.345,8.323,0.607;16.330,12.669,1.212;8.211,16.636,2.108;18.920,4.724,0.824;6.982,14.462,0.467;13.078,3.783,0.260;17.138,13.793,0.911;19.835,12.422,0.274;4.272,15.597,0.484;5.231,1.573,0.369;0.404,1.991,0.374;1.242,7.965,0.803;15.337,10.392,0.257;19.687,17.481,0.439;0.228,5.122,0.256;18.759,4.232,1.190;15.871,1.584,0.901;17.498,2.250,1.213;18.055,14.400,0.766;0.677,16.257,1.030;3.749,14.009,1.691;17.338,2.560,1.881;17.542,11.622,0.375;4.549,3.923,0.328;18.293,5.188,1.119;18.427,6.999,1.006;7.151,4.722,0.359;8.388,14.026,2.102;8.427,19.699,0.294;13.619,17.487,0.418;0.487,15.533,0.716;11.073,18.842,2.140;18.209,10.773,0.683;16.864,10.411,1.383;11.865,12.546,0.357;12.571,0.515,0.818;1.703,15.595,0.307;0.701,9.573,0.738;16.410,10.961,1.080;5.736,0.389,0.335;4.419,16.061,1.685;19.573,2.194,0.296;3.521,13.629,2.313"
6,drone_9,4.8666,9.2827,17.0000,17.0000,"14.357,12.879,0.252;9.010,15.177,1.025;19.809,4.168,0.324;10.129,14.615,2.458;8.936,6.709,0.287;4.590,13.262,2.343;6.403,11.029,1.330;6.438,19.149,0.410;6.347,16.387,2.305;7.658,6.938,1.213;18.528,3.397,0.319;12.463,1.244,0.327;15.140,2.624,0.353;19.181,11.248,0.397;6.075,10.679,1.237;9.963,18.318,0.278;13.657,2.395,1.242;18.345,8.323,0.607;16.330,12.669,1.212;8.211,16.636,2.108;18.920,4.724,0.824;6.982,14.462,0.467;13.078,3.783,0.260;17.138,13.793,0.911;19.835,12.422,0.274;4.272,15.597,0.484;5.231,1.573,0.369;0.404,1.991,0.374;1.242,7.965,0.803;15.337,10.392,0.257;19.687,17.481,0.439;0.228,5.122,0.256;18.759,4.232,1.190;15.871,1.584,0.901;17.498,2.250,1.213;18.055,14.400,0.766;0.677,16.257,1.030;3.749,14.009,1.691;17.338,2.560,1.881;17.542,11.622,0.375;4.549,3.923,0.328;18.293,5.188,1.119;18.427,6.999,1.006;7.151,4.722,0.359;8.388,14.026,2.102;8.427,19.699,0.294;13.619,17.487,0.418;0.487,15.533,0.716;11.073,18.842,2.140;18.209,10.773,0.683;16.864,10.411,1.383;11.865,12.546,0.357;12.571,0.515,0.818;1.703,15.595,0.307;0.701,9.573,0.738;16.410,10.961,1.080;5.736,0.389,0.335;4.419,16.061,1.685;19.573,2.194,0.296;3.521,13.629,2.313"
7,drone_0,11.1553,9.0037,17.0000,17.0000,"14.357,12.879,0.252;9.010,15.177,1.025;19.809,4.168,0.324;10.129,14.615,2.458;8.936,6.709,0.287;4.590,13.262,2.343;6.403,11.029,1.330;6.438,19.149,0.410;6.347,16.387,2.305;7.658,6.938,1.213;18.528,3.397,0.319;12.463,1.244,0.327;15.140,2.624,0.353;19.181,11.248,0.397;6.075,10.679,1.237;9.963,18.318,0.278;13.657,2.395,1.242;18.345,8.323,0.607;16.330,12.669,1.212;8.211,16.636,2.108;18.920,4.724,0.824;6.982,14.462,0.467;13.078,3.783,0.260;17.138,13.793,0.911;19.835,12.422,0.274;4.272,15.597,0.484;5.231,1.573,0.369;0.404,1.991,0.374;1.242,7.965,0.803;15.337,10.392,0.257;19.687,17.481,0.439;0.228,5.122,0.256;18.759,4.232,1.190;15.871,1.584,0.901;17.498,2.250,1.213;18.055,14.400,0.766;0.677,16.257,1.030;3.749,14.009,1.691;17.338,2.560,1.881;17.542,11.622,0.375;4.549,3.923,0.328;18.293,5.188,1.119;18.427,6.999,1.006;7.151,4.722,0.359;8.388,14.026,2.102;8.427,19.699,0.294;13.619,17.487,0.418;0.487,15.533,0.716;11.073,18.842,2.140;18.209,10.773,0.683;16.864,10.411,1.383;11.865,12.546,0.357;12.571,0.515,0.818;1.703,15.595,0.307;0.701,9.573,0.738;16.410,10.961,1.080;5.736,0.389,0.335;4.419,16.061,1.685;19.573,2.194,0.296;3.521,13.629,2.313"
7,drone_1,3.7812,3.3938,17.0000,17.0000,"14.357,12.879,0.252;9.010,15.177,1.025;19.809,4.168,0.324;10.129,14.615,2.458;8.936,6.709,0.287;4.590,13.262,2.343;6.403,11.029,1.330;6.438,19.149,0.410;6.347,16.387,2.305;7.658,6.938,1.213;18.528,3.397,0.319;12.463,1.244,0.327;15.140,2.624,0.353;19.181,11.248,0.397;6.075,10.679,1.237;9.963,18.318,0.278;13.657,2.395,1.242;18.345,8.323,0.607;16.330,12.669,1.212;8.211,16.636,2.108;18.920,4.724,0.824;6.982,14.462,0.467;13.078,3.783,0.260;17.138,13.793,0.911;19.835,12.422,0.274;4.272,15.597,0.484;5.231,1.573,0.369;0.404,1.991,0.374;1.242,7.965,0.803;15.337,10.392,0.257;19.687,17.481,0.439;0.228,5.122,0.256;18.759,4.232,1.190;15.871,1.584,0.901;17.498,2.250,1.213;18.055,14.400,0.766;0.677,16.257,1.030;3.749,14.009,1.691;17.338,2.560,1.881;17.542,11.622,0.375;4.549,3.923,0.328;18.293,5.188,1.119;18.427,6.999,1.006;7.151,4.722,0.359;8.388,14.026,2.102;8.427,19.699,0.294;13.619,17.487,0.418;0.487,15.533,0.716;11.073,18.842,2.140;18.209,10.773,0.683;16.864,10.411,1.383;11.865,12.546,0.357;12.571,0.515,0.818;1.703,15.595,0.307;0.701,9.573,0.738;16.410,10.961,1.080;5.736,0.389,0.335;4.419,16.061,1.685;19.573,2.194,0.296;3.521,13.629,2.313"
7,drone_2,3.6147,18.6336,17.0000,17.0000,"14.357,12.879,0.252;9.010,15.177,1.025;19.809,4.168,0.324;10.129,14.615,2.458;8.936,6.709,0.287;4.590,13.262,2.343;6.403,11.029,1.330;6.438,19.149,0.410;6.347,16.387,2.305;7.658,6.938,1.213;18.528,3.397,0.319;12.463,1.244,0.327;15.140,2.624,0.353;19.181,11.248,0.397;6.075,10.679,1.237;9.963,18.318,0.278;13.657,2.395,1.242;18.345,8.323,0.607;16.330,12.669,1.212;8.211,16.636,2.108;18.920,4.724,0.824;6.982,14.462,0.467;13.078,3.783,0.260;17.138,13.793,0.911;19.835,12.422,0.274;4.272,15.597,0.484;5.231,1.573,0.369;0.404,1.991,0.374;1.242,7.965,0.803;15.337,10.392,0.257;19.687,17.481,0.439;0.228,5.122,0.256;18.759,4.232,1.190;15.871,1.584,0.901;17.498,2.250,1.213;18.055,14.400,0.766;0.677,16.257,1.030;3.749,14.009,1.691;17.338,2.560,1.881;17.542,11.622,0.375;4.549,3.923,0.328;18.293,5.188,1.119;18.427,6.999,1.006;7.151,4.722,0.359;8.388,14.026,2.102;8.427,19.699,0.294;13.619,17.487,0.418;0.487,15.533,0.716;11.073,18.842,2.140;18.209,10.773,0.683;16.864,10.411,1.383;11.865,12.546,0.357;12.571,0.515,0.818;1.703,15.595,0.307;0.701,9.573,0.738;16.410,10.961,1.080;5.736,0.389,0.335;4.419,16.061,1.685;19.573,2.194,0.296;3.521,13.629,2.313"
7,drone_3,5.1264,7.4777,17.0000,17.0000,"14.357,12.879,0.252;9.010,15.177,1.025;19.809,4.168,0.324;10.129,14.615,2.458;8.936,6.709,0.287;4.590,13.262,2.343;6.403,11.029,1.330;6.438,19.149,0.410;6.347,16.387,2.305;7.658,6.938,1.213;18.528,3.397,0.319;12.463,1.244,0.327;15.140,2.624,0.353;19.181,11.248,0.397;6.075,10.679,1.237;9.963,18.318,0.278;13.657,2.395,1.242;18.345,8.323,0.607;16.330,12.669,1.212;8.211,16.636,2.108;18.920,4.724,0.824;6.982,14.462,0.467;13.078,3.783,0.260;17.138,13.793,0.911;19.835,12.422,0.274;4.272,15.597,0.484;5.231,1.573,0.369;0.404,1.991,0.374;1.242,7.965,0.803;15.337,10.392,0.257;19.687,17.481,0.439;0.228,5.122,0.256;18.759,4.232,1.190;15.871,1.584,0.901;17.498,2.250,1.213;18.055,14.400,0.766;0.677,16.257,1.030;3.749,14.009,1.691;17.338,2.560,1.881;17.542,11.622,0.375;4.549,3.923,0.328;18.293,5.188,1.119;18.427,6.999,1.006;7.151,4.722,0.359;8.388,14.026,2.102;8.427,19.699,0.294;13.619,17.487,0.418;0.487,15.533,0.716;11.073,18.842,2.140;18.209,10.773,0.683;16.864,10.411,1.383;11.865,12.546,0.357;12.571,0.515,0.818;1.703,15.595,0.307;0.701,9.573,0.738;16.410,10.961,1.080;5.736,0.389,0.335;4.419,16.061,1.685;19.573,2.194,0.296;3.521,13.629,2.313"
7,drone_4,12.4226,5.5704,17.0000,17.0000,"14.357,12.879,0.252;9.010,15.177,1.025;19.809,4.168,0.324;10.129,14.615,2.458;8.936,6.709,0.287;4.590,13.262,2.343;6.403,11.029,1.330;6.438,19.149,0.410;6.347,16.387,2.305;7.658,6.938,1.213;18.528,3.397,0.319;12.463,1.244,0.327;15.140,2.624,0.353;19.181,11.248,0.397;6.075,10.679,1.237;9.963,18.318,0.278;13.657,2.395,1.242;18.345,8.323,0.607;16.330,12.669,1.212;8.211,16.636,2.108;18.920,4.724,0.824;6.982,14.462,0.467;13.078,3.783,0.260;17.138,13.793,0.911;19.835,12.422,0.274;4.272,15.597,0.484;5.231,1.573,0.369;0.404,1.991,0.374;1.242,7.965,0.803;15.337,10.392,0.257;19.687,17.481,0.439;0.228,5.122,0.256;18.759,4.232,1.190;15.871,1.584,0.901;17.498,2.250,1.213;18.055,14.400,0.766;0.677,16.257,1.030;3.749,14.009,1.691;17.338,2.560,1.881;17.542,11.622,0.375;4.549,3.923,0.328;18.293,5.188,1.119;18.427,6.999,1.006;7.151,4.722,0.359;8.388,14.026,2.102;8.427,19.699,0.294;13.619,17.487,0.418;0.487,15.533,0.716;11.073,18.842,2.140;18.209,10.773,0.683;16.864,10.411,1.383;11.865,12.546,0.357;12.571,0.515,0.818;1.703,15.595,0.307;0.701,9.573,0.738;16.410,10.961,1.080;5.736,0.389,0.335;4.419,16.061,1.685;19.573,2.194,0.296;3.521,13.629,2.313"
7,drone_5,3.6938,6.3939,17.0000,17.0000,"14.357,12.879,0.252;9.010,15.177,1.025;19.809,4.168,0.324;10.129,14.615,2.458;8.936,6.709,0.287;4.590,13.262,2.343;6.403,11.029,1.330;6.438,19.149,0.410;6.347,16.387,2.305;7.658,6.938,1.213;18.528,3.397,0.319;12.463,1.244,0.327;15.140,2.624,0.353;19.181,11.248,0.397;6.075,10.679,1.237;9.963,18.318,0.278;13.657,2.395,1.242;18.345,8.323,0.607;16.330,12.669,1.212;8.211,16.636,2.108;18.920,4.724,0.824;6.982,14.462,0.467;13.078,3.783,0.260;17.138,13.793,0.911;19.835,12.422,0.274;4.272,15.597,0.484;5.231,1.573,0.369;0.404,1.991,0.374;1.242,7.965,0.803;15.337,10.392,0.257;19.687,17.481,0.439;0.228,5.122,0.256;18.759,4.232,1.190;15.871,1.584,0.901;17.498,2.250,1.213;18.055,14.400,0.766;0.677,16.257,1.030;3.749,14.009,1.691;17.338,2.560,1.881;17.542,11.622,0.375;4.549,3.923,0.328;18.293,5.188,1.119;18.427,6.999,1.006;7.151,4.722,0.359;8.388,14.026,2.102;8.427,19.699,0.294;13.619,17.487,0.418;0.487,15.533,0.716;11.073,18.842,2.140;18.209,10.773,0.683;16.864,10.411,1.383;11.865,12.546,0.357;12.571,0.515,0.818;1.703,15.595,0.307;0.701,9.573,0.738;16.410,10.961,1.080;5.736,0.389,0.335;4.419,16.061,1.685;19.573,2.194,0.296;3.521,13.629,2.313"
7,drone_6,9.7460,3.5520,17.0000,17.0000,"14.357,12.879,0.252;9.010,15.177,1.025;19.809,4.168,0.324;10.129,14.615,2.458;8.936,6.709,0.287;4.590,13.262,2.343;6.403,11.029,1.330;6.438,19.149,0.410;6.347,16.387,2.305;7.658,6.938,1.213;18.528,3.397,0.319;12.463,1.244,0.327;15.140,2.624,0.353;19.181,11.248,0.397;6.075,10.679,1.237;9.963,18.318,0.278;13.657,2.395,1.242;18.345,8.323,0.607;16.330,12.669,1.212;8.211,16.636,2.108;18.920,4.724,0.824;6.982,14.462,0.467;13.078,3.783,0.260;17.138,13.793,0.911;19.835,12.422,0.274;4.272,15.597,0.484;5.231,1.573,0.369;0.404,1.991,0.374;1.242,7.965,0.803;15.337,10.392,0.257;19.687,17.481,0.439;0.228,5.122,0.256;18.759,4.232,1.190;15.871,1.584,0.901;17.498,2.250,1.213;18.055,14.400,0.766;0.677,16.257,1.030;3.749,14.009,1.691;17.338,2.560,1.881;17.542,11.622,0.375;4.549,3.923,0.328;18.293,5.188,1.119;18.427,6.999,1.006;7.151,4.722,0.359;8.388,14.026,2.102;8.427,19.699,0.294;13.619,17.487,0.418;0.487,15.533,0.716;11.073,18.842,2.140;18.209,10.773,0.683;16.864,10.411,1.383;11.865,12.546,0.357;12.571,0.515,0.818;1.703,15.595,0.307;0.701,9.573,0.738;16.410,10.961,1.080;5.736,0.389,0.335;4.419,16.061,1.685;19.573,2.194,0.296;3.521,13.629,2.313"
7,drone_7,10.5315,10.0996,17.0000,17.0000,"14.357,12.879,0.252;9.010,15.177,1.025;19.809,4.168,0.324;10.129,14.615,2.458;8.936,6.709,0.287;4.590,13.262,2.343;6.403,11.029,1.330;6.438,19.149,0.410;6.347,16.387,2.305;7.658,6.938,1.213;18.528,3.397,0.319;12.463,1.244,0.327;15.140,2.624,0.353;19.181,11.248,0.397;6.075,10.679,1.237;9.963,18.318,0.278;13.657,2.395,1.242;18.345,8.323,0.607;16.330,12.669,1.212;8.211,16.636,2.108;18.920,4.724,0.824;6.982,14.462,0.467;13.078,3.783,0.260;17.138,13.793,0.911;19.835,12.422,0.274;4.272,15.597,0.484;5.231,1.573,0.369;0.404,1.991,0.374;1.242,7.965,0.803;15.337,10.392,0.257;19.687,17.481,0.439;0.228,5.122,0.256;18.759,4.232,1.190;15.871,1.584,0.901;17.498,2.250,1.213;18.055,14.400,0.766;0.677,16.257,1.030;3.749,14.009,1.691;17.338,2.560,1.881;17.542,11.622,0.375;4.549,3.923,0.328;18.293,5.188,1.119;18.427,6.999,1.006;7.151,4.722,0.359;8.388,14.026,2.102;8.427,19.699,0.294;13.619,17.487,0.418;0.487,15.533,0.716;11.073,18.842,2.140;18.209,10.773,0.683;16.864,10.411,1.383;11.865,12.546,0.357;12.571,0.515,0.818;1.703,15.595,0.307;0.701,9.573,0.738;16.410,10.961,1.080;5.736,0.389,0.335;4.419,16.061,1.685;19.573,2.194,0.296;3.521,13.629,2.313"
7,drone_8,15.2523,7.8150,17.0000,17.0000,"14.357,12.879,0.252;9.010,15.177,1.025;19.809,4.168,0.324;10.129,14.615,2.458;8.936,6.709,0.287;4.590,13.262,2.343;6.403,11.029,1.330;6.438,19.149,0.410;6.347,16.387,2.305;7.658,6.938,1.213;18.528,3.397,0.319;12.463,1.244,0.327;15.140,2.624,0.353;19.181,11.248,0.397;6.075,10.679,1.237;9.963,18.318,0.278;13.657,2.395,1.242;18.345,8.323,0.607;16.330,12.669,1.212;8.211,16.636,2.108;18.920,4.724,0.824;6.982,14.462,0.467;13.078,3.783,0.260;17.138,13.793,0.911;19.835,12.422,0.274;4.272,15.597,0.484;5.231,1.573,0.369;0.404,1.991,0.374;1.242,7.965,0.803;15.337,10.392,0.257;19.687,17.481,0.439;0.228,5.122,0.256;18.759,4.232,1.190;15.871,1.584,0.901;17.498,2.250,1.213;18.055,14.400,0.766;0.677,16.257,1.030;3.749,14.009,1.691;17.338,2.560,1.881;17.542,11.622,0.375;4.549,3.923,0.328;18.293,5.188,1.119;18.427,6.999,1.006;7.151,4.722,0.359;8.388,14.026,2.102;8.427,19.699,0.294;13.619,17.487,0.418;0.487,15.533,0.716;11.073,18.842,2.140;18.209,10.773,0.683;16.864,10.411,1.383;11.865,12.546,0.357;12.571,0.515,0.818;1.703,15.595,0.307;0.701,9.573,0.738;16.410,10.961,1.080;5.736,0.389,0.335;4.419,16.061,1.685;19.573,2.194,0.296;3.521,13.629,2.313"
7,drone_9,5.0419,9.3791,17.0000,17.0000,"14.357,12.879,0.252;9.010,15.177,1.025;19.809,4.168,0.324;10.129,14.615,2.458;8.936,6.709,0.287;4.590,13.262,2.343;6.403,11.029,1.330;6.438,19.149,0.410;6.347,16.387,2.305;7.658,6.938,1.213;18.528,3.397,0.319;12.463,1.244,0.327;15.140,2.624,0.353;19.181,11.248,0.397;6.075,10.679,1.237;9.963,18.318,0.278;13.657,2.395,1.242;18.345,8.323,0.607;16.330,12.669,1.212;8.211,16.636,2.108;18.920,4.724,0.824;6.982,14.462,0.467;13.078,3.783,0.260;17.138,13.793,0.911;19.835,12.422,0.274;4.272,15.597,0.484;5.231,1.573,0.369;0.404,1.991,0.374;1.242,7.965,0.803;15.337,10.392,0.257;19.687,17.481,0.439;0.228,5.122,0.256;18.759,4.232,1.190;15.871,1.584,0.901;17.498,2.250,1.213;18.055,14.400,0.766;0.677,16.257,1.030;3.749,14.009,1.691;17.338,2.560,1.881;17.542,11.622,0.375;4.549,3.923,0.328;18.293,5.188,1.119;18.427,6.999,1.006;7.151,4.722,0.359;8.388,14.026,2.102;8.427,19.699,0.294;13.619,17.487,0.418;0.487,15.533,0.716;11.073,18.842,2.140;18.209,10.773,0.683;16.864,10.411,1.383;11.865,12.546,0.357;12.571,0.515,0.818;1.703,15.595,0.307;0.701,9.573,0.738;16.410,10.961,1.080;5.736,0.389,0.335;4.419,16.061,1.685;19.573,2.194,0.296;3.521,13.629,2.313"
8,drone_0,11.3521,9.0393,17.0000,17.0000,"14.357,12.879,0.252;9.010,15.177,1.025;19.809,4.168,0.324;10.129,14.615,2.458;8.936,6.709,0.287;4.590,13.262,2.343;6.403,11.029,1.330;6.438,19.149,0.410;6.347,16.387,2.305;7.658,6.938,1.213;18.528,3.397,0.319;12.463,1.244,0.327;15.140,2.624,0.353;19.181,11.248,0.397;6.075,10.679,1.237;9.963,18.318,0.278;13.657,2.395,1.242;18.345,8.323,0.607;16.330,12.669,1.212;8.211,16.636,2.108;18.920,4.724,0.824;6.982,14.462,0.467;13.078,3.783,0.260;17.138,13.793,0.911;19.835,12.422,0.274;4.272,15.597,0.484;5.231,1.573,0.369;0.404,1.991,0.374;1.242,7.965,0.803;15.337,10.392,0.257;19.687,17.481,0.439;0.228,5.122,0.256;18.759,4.232,1.190;15.871,1.584,0.901;17.498,2.250,1.213;18.055,14.400,0.766;0.677,16.257,1.030;3.749,14.009,1.691;17.338,2.560,1.881;17.542,11.622,0.375;4.549,3.923,0.328;18.293,5.188,1.119;18.427,6.999,1.006;7.151,4.722,0.359;8.388,14.026,2.102;8.427,19.699,0.294;13.619,17.487,0.418;0.487,15.533,0.716;11.073,18.842,2.140;18.209,10.773,0.683;16.864,10.411,1.383;11.865,12.546,0.357;12.571,0.515,0.818;1.703,15.595,0.307;0.701,9.573,0.738;16.410,10.961,1.080;5.736,0.389,0.335;4.419,16.061,1.685;19.573,2.194,0.296;3.521,13.629,2.313"
8,drone_1,3.9551,3.4926,17.0000,17.0000,"14.357,12.879,0.252;9.010,15.177,1.025;19.809,4.168,0.324;10.129,14.615,2.458;8.936,6.709,0.287;4.590,13.262,2.343;6.403,11.029,1.330;6.438,19.149,0.410;6.347,16.387,2.305;7.658,6.938,1.213;18.528,3.397,0.319;12.463,1.244,0.327;15.140,2.624,0.353;19.181,11.248,0.397;6.075,10.679,1.237;9.963,18.318,0.278;13.657,2.395,1.242;18.345,8.323,0.607;16.330,12.669,1.212;8.211,16.636,2.108;18.920,4.724,0.824;6.982,14.462,0.467;13.078,3.783,0.260;17.138,13.793,0.911;19.835,12.422,0.274;4.272,15.597,0.484;5.231,1.573,0.369;0.404,1.991,0.374;1.242,7.965,0.803;15.337,10.392,0.257;19.687,17.481,0.439;0.228,5.122,0.256;18.759,4.232,1.190;15.871,1.584,0.901;17.498,2.250,1.213;18.055,14.400,0.766;0.677,16.257,1.030;3.749,14.009,1.691;17.338,2.560,1.881;17.542,11.622,0.375;4.549,3.923,0.328;18.293,5.188,1.119;18.427,6.999,1.006;7.151,4.722,0.359;8.388,14.026,2.102;8.427,19.699,0.294;13.619,17.487,0.418;0.487,15.533,0.716;11.073,18.842,2.140;18.209,10.773,0.683;16.864,10.411,1.383;11.865,12.546,0.357;12.571,0.515,0.818;1.703,15.595,0.307;0.701,9.573,0.738;16.410,10.961,1.080;5.736,0.389,0.335;4.419,16.061,1.685;19.573,2.194,0.296;3.521,13.629,2.313"
8,drone_2,3.8096,18.6786,17.0000,17.0000,"14.357,12.879,0.252;9.010,15.177,1.025;19.809,4.168,0.324;10.129,14.615,2.458;8.936,6.709,0.287;4.590,13.262,2.343;6.403,11.029,1.330;6.438,19.149,0.410;6.347,16.387,2.305;7.658,6.938,1.213;18.528,3.397,0.319;12.463,1.244,0.327;15.140,2.624,0.353;19.181,11.248,0.397;6.075,10.679,1.237;9.963,18.318,0.278;13.657,2.395,1.242;18.345,8.323,0.607;16.330,12.669,1.212;8.211,16.636,2.108;18.920,4.724,0.824;6.982,14.462,0.467;13.078,3.783,0.260;17.138,13.793,0.911;19.835,12.422,0.274;4.272,15.597,0.484;5.231,1.573,0.369;0.404,1.991,0.374;1.242,7.965,0.803;15.337,10.392,0.257;19.687,17.481,0.439;0.228,5.122,0.256;18.759,4.232,1.190;15.871,1.584,0.901;17.498,2.250,1.213;18.055,14.400,0.766;0.677,16.257,1.030;3.749,14.009,1.691;17.338,2.560,1.881;17.542,11.622,0.375;4.549,3.923,0.328;18.293,5.188,1.119;18.427,6.999,1.006;7.151,4.722,0.359;8.388,14.026,2.102;8.427,19.699,0.294;13.619,17.487,0.418;0.487,15.533,0.716;11.073,18.842,2.140;18.209,10.773,0.683;16.864,10.411,1.383;11.865,12.546,0.357;12.571,0.515,0.818;1.703,15.595,0.307;0.701,9.573,0.738;16.410,10.961,1.080;5.736,0.389,0.335;4.419,16.061,1.685;19.573,2.194,0.296;3.521,13.629,2.313"
8,drone_3,5.2943,7.5864,17.0000,17.0000,"14.357,12.879,0.252;9.010,15.177,1.025;19.809,4.168,0.324;10.129,14.615,2.458;8.936,6.709,0.287;4.590,13.262,2.343;6.403,11.029,1.330;6.438,19.149,0.410;6.347,16.387,2.305;7.658,6.938,1.213;18.528,3.397,0.319;12.463,1.244,0.327;15.140,2.624,0.353;19.181,11.248,0.397;6.075,10.679,1.237;9.963,18.318,0.278;13.657,2.395,1.242;18.345,8.323,0.607;16.330,12.669,1.212;8.211,16.636,2.108;18.920,4.724,0.824;6.982,14.462,0.467;13.078,3.783,0.260;17.138,13.793,0.911;19.835,12.422,0.274;4.272,15.597,0.484;5.231,1.573,0.369;0.404,1.991,0.374;1.242,7.965,0.803;15.337,10.392,0.257;19.687,17.481,0.439;0.228,5.122,0.256;18.759,4.232,1.190;15.871,1.584,0.901;17.498,2.250,1.213;18.055,14.400,0.766;0.677,16.257,1.030;3.749,14.009,1.691;17.338,2.560,1.881;17.542,11.622,0.375;4.549,3.923,0.328;18.293,5.188,1.119;18.427,6.999,1.006;7.151,4.722,0.359;8.388,14.026,2.102;8.427,19.699,0.294;13.619,17.487,0.418;0.487,15.533,0.716;11.073,18.842,2.140;18.209,10.773,0.683;16.864,10.411,1.383;11.865,12.546,0.357;12.571,0.515,0.818;1.703,15.595,0.307;0.701,9.573,0.738;16.410,10.961,1.080;5.736,0.389,0.335;4.419,16.061,1.685;19.573,2.194,0.296;3.521,13.629,2.313"
8,drone_4,12.6159,5.6216,17.0000,17.0000,"14.357,12.879,0.252;9.010,15.177,1.025;19.809,4.168,0.324;10.129,14.615,2.458;8.936,6.709,0.287;4.590,13.262,2.343;6.403,11.029,1.330;6.438,19.149,0.410;6.347,16.387,2.305;7.658,6.938,1.213;18.528,3.397,0.319;12.463,1.244,0.327;15.140,2.624,0.353;19.181,11.248,0.397;6.075,10.679,1.237;9.963,18.318,0.278;13.657,2.395,1.242;18.345,8.323,0.607;16.330,12.669,1.212;8.211,16.636,2.108;18.920,4.724,0.824;6.982,14.462,0.467;13.078,3.783,0.260;17.138,13.793,0.911;19.835,12.422,0.274;4.272,15.597,0.484;5.231,1.573,0.369;0.404,1.991,0.374;1.242,7.965,0.803;15.337,10.392,0.257;19.687,17.481,0.439;0.228,5.122,0.256;18.759,4.232,1.190;15.871,1.584,0.901;17.498,2.250,1.213;18.055,14.400,0.766;0.677,16.257,1.030;3.749,14.009,1.691;17.338,2.560,1.881;17.542,11.622,0.375;4.549,3.923,0.328;18.293,5.188,1.119;18.427,6.999,1.006;7.151,4.722,0.359;8.388,14.026,2.102;8.427,19.699,0.294;13.619,17.487,0.418;0.487,15.533,0.716;11.073,18.842,2.140;18.209,10.773,0.683;16.864,10.411,1.383;11.865,12.546,0.357;12.571,0.515,0.818;1.703,15.595,0.307;0.701,9.573,0.738;16.410,10.961,1.080;5.736,0.389,0.335;4.419,16.061,1.685;19.573,2.194,0.296;3.521,13.629,2.313"
8,drone_5,3.8530,6.5150,17.0000,17.0000,"14.357,12.879,0.252;9.010,15.177,1.025;19.809,4.168,0.324;10.129,14.615,2.458;8.936,6.709,0.287;4.590,13.262,2.343;6.403,11.029,1.330;6.438,19.149,0.410;6.347,16.387,2.305;7.658,6.938,1.213;18.528,3.397,0.319;12.463,1.244,0.327;15.140,2.624,0.353;19.181,11.248,0.397;6.075,10.679,1.237;9.963,18.318,0.278;13.657,2.395,1.242;18.345,8.323,0.607;16.330,12.669,1.212;8.211,16.636,2.108;18.920,4.724,0.824;6.982,14.462,0.467;13.078,3.783,0.260;17.138,13.793,0.911;19.835,12.422,0.274;4.272,15.597,0.484;5.231,1.573,0.369;0.404,1.991,0.374;1.242,7.965,0.803;15.337,10.392,0.257;19.687,17.481,0.439;0.228,5.122,0.256;18.759,4.232,1.190;15.871,1.584,0.901;17.498,2.250,1.213;18.055,14.400,0.766;0.677,16.257,1.030;3.749,14.009,1.691;17.338,2.560,1.881;17.542,11.622,0.375;4.549,3.923,0.328;18.293,5.188,1.119;18.427,6.999,1.006;7.151,4.722,0.359;8.388,14.026,2.102;8.427,19.699,0.294;13.619,17.487,0.418;0.487,15.533,0.716;11.073,18.842,2.140;18.209,10.773,0.683;16.864,10.411,1.383;11.865,12.546,0.357;12.571,0.515,0.818;1.703,15.595,0.307;0.701,9.573,0.738;16.410,10.961,1.080;5.736,0.389,0.335;4.419,16.061,1.685;19.573,2.194,0.296;3.521,13.629,2.313"
8,drone_6,9.9427,3.5879,17.0000,17.0000,"14.357,12.879,0.252;9.010,15.177,1.025;19.809,4.168,0.324;10.129,14.615,2.458;8.936,6.709,0.287;4.590,13.262,2.343;6.403,11.029,1.330;6.438,19.149,0.410;6.347,16.387,2.305;7.658,6.938,1.213;18.528,3.397,0.319;12.463,1.244,0.327;15.140,2.624,0.353;19.181,11.248,0.397;6.075,10.679,1.237;9.963,18.318,0.278;13.657,2.395,1.242;18.345,8.323,0.607;16.330,12.669,1.212;8.211,16.636,2.108;18.920,4.724,0.824;6.982,14.462,0.467;13.078,3.783,0.260;17.138,13.793,0.911;19.835,12.422,0.274;4.272,15.597,0.484;5.231,1.573,0.369;0.404,1.991,0.374;1.242,7.965,0.803;15.337,10.392,0.257;19.687,17.481,0.439;0.228,5.122,0.256;18.759,4.232,1.190;15.871,1.584,0.901;17.498,2.250,1.213;18.055,14.400,0.766;0.677,16.257,1.030;3.749,14.009,1.691;17.338,2.560,1.881;17.542,11.622,0.375;4.549,3.923,0.328;18.293,5.188,1.119;18.427,6.999,1.006;7.151,4.722,0.359;8.388,14.026,2.102;8.427,19.699,0.294;13.619,17.487,0.418;0.487,15.533,0.716;11.073,18.842,2.140;18.209,10.773,0.683;16.864,10.411,1.383;11.865,12.546,0.357;12.571,0.515,0.818;1.703,15.595,0.307;0.701,9.573,0.738;16.410,10.961,1.080;5.736,0.389,0.335;4.419,16.061,1.685;19.573,2.194,0.296;3.521,13.629,2.313"
8,drone_7,10.7310,10.1145,17.0000,17.0000,"14.357,12.879,0.252;9.010,15.177,1.025;19.809,4.168,0.324;10.129,14.615,2.458;8.936,6.709,0.287;4.590,13.262,2.343;6.403,11.029,1.330;6.438,19.149,0.410;6.347,16.387,2.305;7.658,6.938,1.213;18.528,3.397,0.319;12.463,1.244,0.327;15.140,2.624,0.353;19.181,11.248,0.397;6.075,10.679,1.237;9.963,18.318,0.278;13.657,2.395,1.242;18.345,8.323,0.607;16.330,12.669,1.212;8.211,16.636,2.108;18.920,4.724,0.824;6.982,14.462,0.467;13.078,3.783,0.260;17.138,13.793,0.911;19.835,12.422,0.274;4.272,15.597,0.484;5.231,1.573,0.369;0.404,1.991,0.374;1.242,7.965,0.803;15.337,10.392,0.257;19.687,17.481,0.439;0.228,5.122,0.256;18.759,4.232,1.190;15.871,1.584,0.901;17.498,2.250,1.213;18.055,14.400,0.766;0.677,16.257,1.030;3.749,14.009,1.691;17.338,2.560,1.881;17.542,11.622,0.375;4.549,3.923,0.328;18.293,5.188,1.119;18.427,6.999,1.006;7.151,4.722,0.359;8.388,14.026,2.102;8.427,19.699,0.294;13.619,17.487,0.418;0.487,15.533,0.716;11.073,18.842,2.140;18.209,10.773,0.683;16.864,10.411,1.383;11.865,12.546,0.357;12.571,0.515,0.818;1.703,15.595,0.307;0.701,9.573,0.738;16.410,10.961,1.080;5.736,0.389,0.335;4.419,16.061,1.685;19.573,2.194,0.296;3.521,13.629,2.313"
8,drone_8,15.3094,8.0066,17.0000,17.0000,"14.357,12.879,0.252;9.010,15.177,1.025;19.809,4.168,0.324;10.129,14.615,2.458;8.936,6.709,0.287;4.590,13.262,2.343;6.403,11.029,1.330;6.438,19.149,0.410;6.347,16.387,2.305;7.658,6.938,1.213;18.528,3.397,0.319;12.463,1.244,0.327;15.140,2.624,0.353;19.181,11.248,0.397;6.075,10.679,1.237;9.963,18.318,0.278;13.657,2.395,1.242;18.345,8.323,0.607;16.330,12.669,1.212;8.211,16.636,2.108;18.920,4.724,0.824;6.982,14.462,0.467;13.078,3.783,0.260;17.138,13.793,0.911;19.835,12.422,0.274;4.272,15.597,0.484;5.231,1.573,0.369;0.404,1.991,0.374;1.242,7.965,0.803;15.337,10.392,0.257;19.687,17.481,0.439;0.228,5.122,0.256;18.759,4.232,1.190;15.871,1.584,0.901;17.498,2.250,1.213;18.055,14.400,0.766;0.677,16.257,1.030;3.749,14.009,1.691;17.338,2.560,1.881;17.542,11.622,0.375;4.549,3.923,0.328;18.293,5.188,1.119;18.427,6.999,1.006;7.151,4.722,0.359;8.388,14.026,2.102;8.427,19.699,0.294;13.619,17.487,0.418;0.487,15.533,0.716;11.073,18.842,2.140;18.209,10.773,0.683;16.864,10.411,1.383;11.865,12.546,0.357;12.571,0.515,0.818;1.703,15.595,0.307;0.701,9.573,0.738;16.410,10.961,1.080;5.736,0.389,0.335;4.419,16.061,1.685;19.573,2.194,0.296;3.521,13.629,2.313"
8,drone_9,5.2191,9.4718,17.0000,17.0000,"14.357,12.879,0.252;9.010,15.177,1.025;19.809,4.168,0.324;10.129,14.615,2.458;8.936,6.709,0.287;4.590,13.262,2.343;6.403,11.029,1.330;6.438,19.149,0.410;6.347,16.387,2.305;7.658,6.938,1.213;18.528,3.397,0.319;12.463,1.244,0.327;15.140,2.624,0.353;19.181,11.248,0.397;6.075,10.679,1.237;9.963,18.318,0.278;13.657,2.395,1.242;18.345,8.323,0.607;16.330,12.669,1.212;8.211,16.636,2.108;18.920,4.724,0.824;6.982,14.462,0.467;13.078,3.783,0.260;17.138,13.793,0.911;19.835,12.422,0.274;4.272,15.597,0.484;5.231,1.573,0.369;0.404,1.991,0.374;1.242,7.965,0.803;15.337,10.392,0.257;19.687,17.481,0.439;0.228,5.122,0.256;18.759,4.232,1.190;15.871,1.584,0.901;17.498,2.250,1.213;18.055,14.400,0.766;0.677,16.257,1.030;3.749,14.009,1.691;17.338,2.560,1.881;17.542,11.622,0.375;4.549,3.923,0.328;18.293,5.188,1.119;18.427,6.999,1.006;7.151,4.722,0.359;8.388,14.026,2.102;8.427,19.699,0.294;13.619,17.487,0.418;0.487,15.533,0.716;11.073,18.842,2.140;18.209,10.773,0.683;16.864,10.411,1.383;11.865,12.546,0.357;12.571,0.515,0.818;1.703,15.595,0.307;0.701,9.573,0.738;16.410,10.961,1.080;5.736,0.389,0.335;4.419,16.061,1.685;19.573,2.194,0.296;3.521,13.629,2.313"
9,drone_0,11.5512,9.0580,17.0000,17.0000,"14.357,12.879,0.252;9.010,15.177,1.025;19.809,4.168,0.324;10.129,14.615,2.458;8.936,6.709,0.287;4.590,13.262,2.343;6.403,11.029,1.330;6.438,19.149,0.410;6.347,16.387,2.305;7.658,6.938,1.213;18.528,3.397,0.319;12.463,1.244,0.327;15.140,2.624,0.353;19.181,11.248,0.397;6.075,10.679,1.237;9.963,18.318,0.278;13.657,2.395,1.242;18.345,8.323,0.607;16.330,12.669,1.212;8.211,16.636,2.108;18.920,4.724,0.824;6.982,14.462,0.467;13.078,3.783,0.260;17.138,13.793,0.911;19.835,12.422,0.274;4.272,15.597,0.484;5.231,1.573,0.369;0.404,1.991,0.374;1.242,7.965,0.803;15.337,10.392,0.257;19.687,17.481,0.439;0.228,5.122,0.256;18.759,4.232,1.190;15.871,1.584,0.901;17.498,2.250,1.213;18.055,14.400,0.766;0.677,16.257,1.030;3.749,14.009,1.691;17.338,2.560,1.881;17.542,11.622,0.375;4.549,3.923,0.328;18.293,5.188,1.119;18.427,6.999,1.006;7.151,4.722,0.359;8.388,14.026,2.102;8.427,19.699,0.294;13.619,17.487,0.418;0.487,15.533,0.716;11.073,18.842,2.140;18.209,10.773,0.683;16.864,10.411,1.383;11.865,12.546,0.357;12.571,0.515,0.818;1.703,15.595,0.307;0.701,9.573,0.738;16.410,10.961,1.080;5.736,0.389,0.335;4.419,16.061,1.685;19.573,2.194,0.296;3.521,13.629,2.313"
9,drone_1,4.1253,3.5976,17.0000,17.0000,"14.357,12.879,0.252;9.010,15.177,1.025;19.809,4.168,0.324;10.129,14.615,2.458;8.936,6.709,0.287;4.590,13.262,2.343;6.403,11.029,1.330;6.438,19.149,0.410;6.347,16.387,2.305;7.658,6.938,1.213;18.528,3.397,0.319;12.463,1.244,0.327;15.140,2.624,0.353;19.181,11.248,0.397;6.075,10.679,1.237;9.963,18.318,0.278;13.657,2.395,1.242;18.345,8.323,0.607;16.330,12.669,1.212;8.211,16.636,2.108;18.920,4.724,0.824;6.982,14.462,0.467;13.078,3.783,0.260;17.138,13.793,0.911;19.835,12.422,0.274;4.272,15.597,0.484;5.231,1.573,0.369;0.404,1.991,0.374;1.242,7.965,0.803;15.337,10.392,0.257;19.687,17.481,0.439;0.228,5.122,0.256;18.759,4.232,1.190;15.871,1.584,0.901;17.498,2.250,1.213;18.055,14.400,0.766;0.677,16.257,1.030;3.749,14.009,1.691;17.338,2.560,1.881;17.542,11.622,0.375;4.549,3.923,0.328;18.293,5.188,1.119;18.427,6.999,1.006;7.151,4.722,0.359;8.388,14.026,2.102;8.427,19.699,0.294;13.619,17.487,0.418;0.487,15.533,0.716;11.073,18.842,2.140;18.209,10.773,0.683;16.864,10.411,1.383;11.865,12.546,0.357;12.571,0.515,0.818;1.703,15.595,0.307;0.701,9.573,0.738;16.410,10.961,1.080;5.736,0.389,0.335;4.419,16.061,1.685;19.573,2.194,0.296;3.521,13.629,2.313"
9,drone_2,4.0062,18.7153,17.0000,17.0000,"14.357,12.879,0.252;9.010,15.177,1.025;19.809,4.168,0.324;10.129,14.615,2.458;8.936,6.709,0.287;4.590,13.262,2.343;6.403,11.029,1.330;6.438,19.149,0.410;6.347,16.387,2.305;7.658,6.938,1.213;18.528,3.397,0.319;12.463,1.244,0.327;15.140,2.624,0.353;19.181,11.248,0.397;6.075,10.679,1.237;9.963,18.318,0.278;13.657,2.395,1.242;18.345,8.323,0.607;16.330,12.669,1.212;8.211,16.636,2.108;18.920,4.724,0.824;6.982,14.462,0.467;13.078,3.783,0.260;17.138,13.793,0.911;19.835,12.422,0.274;4.272,15.597,0.484;5.231,1.573,0.369;0.404,1.991,0.374;1.242,7.965,0.803;15.337,10.392,0.257;19.687,17.481,0.439;0.228,5.122,0.256;18.759,4.232,1.190;15.871,1.584,0.901;17.498,2.250,1.213;18.055,14.400,0.766;0.677,16.257,1.030;3.749,14.009,1.691;17.338,2.560,1.881;17.542,11.622,0.375;4.549,3.923,0.328;18.293,5.188,1.119;18.427,6.999,1.006;7.151,4.722,0.359;8.388,14.026,2.102;8.427,19.699,0.294;13.619,17.487,0.418;0.487,15.533,0.716;11.073,18.842,2.140;18.209,10.773,0.683;16.864,10.411,1.383;11.865,12.546,0.357;12.571,0.515,0.818;1.703,15.595,0.307;0.701,9.573,0.738;16.410,10.961,1.080;5.736,0.389,0.335;4.419,16.061,1.685;19.573,2.194,0.296;3.521,13.629,2.313"
9,drone_3,5.4606,7.6975,17.0000,17.0000,"14.357,12.879,0.252;9.010,15.177,1.025;19.809,4.168,0.324;10.129,14.615,2.458;8.936,6.709,0.287;4.590,13.262,2.343;6.403,11.029,1.330;6.438,19.149,0.410;6.347,16.387,2.305;7.658,6.938,1.213;18.528,3.397,0.319;12.463,1.244,0.327;15.140,2.624,0.353;19.181,11.248,0.397;6.075,10.679,1.237;9.963,18.318,0.278;13.657,2.395,1.242;18.345,8.323,0.607;16.330,12.669,1.212;8.211,16.636,2.108;18.920,4.724,0.824;6.982,14.462,0.467;13.078,3.783,0.260;17.138,13.793,0.911;19.835,12.422,0.274;4.272,15.597,0.484;5.231,1.573,0.369;0.404,1.991,0.374;1.242,7.965,0.803;15.337,10.392,0.257;19.687,17.481,0.439;0.228,5.122,0.256;18.759,4.232,1.190;15.871,1.584,0.901;17.498,2.250,1.213;18.055,14.400,0.766;0.677,16.257,1.030;3.749,14.009,1.691;17.338,2.560,1.881;17.542,11.622,0.375;4.549,3.923,0.328;18.293,5.188,1.119;18.427,6.999,1.006;7.151,4.722,0.359;8.388,14.026,2.102;8.427,19.699,0.294;13.619,17.487,0.418;0.487,15.533,0.716;11.073,18.842,2.140;18.209,10.773,0.683;16.864,10.411,1.383;11.865,12.546,0.357;12.571,0.515,0.818;1.703,15.595,0.307;0.701,9.573,0.738;16.410,10.961,1.080;5.736,0.389,0.335;4.419,16.061,1.685;19.573,2.194,0.296;3.521,13.629,2.313"
9,drone_4,12.8055,5.6854,17.0000,17.0000,"14.357,12.879,0.252;9.010,15.177,1.025;19.809,4.168,0.324;10.129,14.615,2.458;8.936,6.709,0.287;4.590,13.262,2.343;6.403,11.029,1.330;6.438,19.149,0.410;6.347,16.387,2.305;7.658,6.938,1.213;18.528,3.397,0.319;12.463,1.244,0.327;15.140,2.624,0.353;19.181,11.248,0.397;6.075,10.679,1.237;9.963,18.318,0.278;13.657,2.395,1.242;18.345,8.323,0.607;16.330,12.669,1.212;8.211,16.636,2.108;18.920,4.724,0.824;6.982,14.462,0.467;13.078,3.783,0.260;17.138,13.793,0.911;19.835,12.422,0.274;4.272,15.597,0.484;5.231,1.573,0.369;0.404,1.991,0.374;1.242,7.965,0.803;15.337,10.392,0.257;19.687,17.481,0.439;0.228,5.122,0.256;18.759,4.232,1.190;15.871,1.584,0.901;17.498,2.250,1.213;18.055,14.400,0.766;0.677,16.257,1.030;3.749,14.009,1.691;17.338,2.560,1.881;17.542,11.622,0.375;4.549,3.923,0.328;18.293,5.188,1.119;18.427,6.999,1.006;7.151,4.722,0.359;8.388,14.026,2.102;8.427,19.699,0.294;13.619,17.487,0.418;0.487,15.533,0.716;11.073,18.842,2.140;18.209,10.773,0.683;16.864,10.411,1.383;11.865,12.546,0.357;12.571,0.515,0.818;1.703,15.595,0.307;0.701,9.573,0.738;16.410,10.961,1.080;5.736,0.389,0.335;4.419,16.061,1.685;19.573,2.194,0.296;3.521,13.629,2.313"
9,drone_5,4.0109,6.6376,17.0000,17.0000,"14.357,12.879,0.252;9.010,15.177,1.025;19.809,4.168,0.324;10.129,14.615,2.458;8.936,6.709,0.287;4.590,13.262,2.343;6.403,11.029,1.330;6.438,19.149,0.410;6.347,16.387,2.305;7.658,6.938,1.213;18.528,3.397,0.319;12.463,1.244,0.327;15.140,2.624,0.353;19.181,11.248,0.397;6.075,10.679,1.237;9.963,18.318,0.278;13.657,2.395,1.242;18.345,8.323,0.607;16.330,12.669,1.212;8.211,16.636,2.108;18.920,4.724,0.824;6.982,14.462,0.467;13.078,3.783,0.260;17.138,13.793,0.911;19.835,12.422,0.274;4.272,15.597,0.484;5.231,1.573,0.369;0.404,1.991,0.374;1.242,7.965,0.803;15.337,10.392,0.257;19.687,17.481,0.439;0.228,5.122,0.256;18.759,4.232,1.190;15.871,1.584,0.901;17.498,2.250,1.213;18.055,14.400,0.766;0.677,16.257,1.030;3.749,14.009,1.691;17.338,2.560,1.881;17.542,11.622,0.375;4.549,3.923,0.328;18.293,5.188,1.119;18.427,6.999,1.006;7.151,4.722,0.359;8.388,14.026,2.102;8.427,19.699,0.294;13.619,17.487,0.418;0.487,15.533,0.716;11.073,18.842,2.140;18.209,10.773,0.683;16.864,10.411,1.383;11.865,12.546,0.357;12.571,0.515,0.818;1.703,15.595,0.307;0.701,9.573,0.738;16.410,10.961,1.080;5.736,0.389,0.335;4.419,16.061,1.685;19.573,2.194,0.296;3.521,13.629,2.313"
9,drone_6,10.1425,3.5789,17.0000,17.0000,"14.357,12.879,0.252;9.010,15.177,1.025;19.809,4.168,0.324;10.129,14.615,2.458;8.936,6.709,0.287;4.590,13.262,2.343;6.403,11.029,1.330;6.438,19.149,0.410;6.347,16.387,2.305;7.658,6.938,1.213;18.528,3.397,0.319;12.463,1.244,0.327;15.140,2.624,0.353;19.181,11.248,0.397;6.075,10.679,1.237;9.963,18.318,0.278;13.657,2.395,1.242;18.345,8.323,0.607;16.330,12.669,1.212;8.211,16.636,2.108;18.920,4.724,0.824;6.982,14.462,0.467;13.078,3.783,0.260;17.138,13.793,0.911;19.835,12.422,0.274;4.272,15.597,0.484;5.231,1.573,0.369;0.404,1.991,0.374;1.242,7.965,0.803;15.337,10.392,0.257;19.687,17.481,0.439;0.228,5.122,0.256;18.759,4.232,1.190;15.871,1.584,0.901;17.498,2.250,1.213;18.055,14.400,0.766;0.677,16.257,1.030;3.749,14.009,1.691;17.338,2.560,1.881;17.542,11.622,0.375;4.549,3.923,0.328;18.293,5.188,1.119;18.427,6.999,1.006;7.151,4.722,0.359;8.388,14.026,2.102;8.427,19.699,0.294;13.619,17.487,0.418;0.487,15.533,0.716;11.073,18.842,2.140;18.209,10.773,0.683;16.864,10.411,1.383;11.865,12.546,0.357;12.571,0.515,0.818;1.703,15.595,0.307;0.701,9.573,0.738;16.410,10.961,1.080;5.736,0.389,0.335;4.419,16.061,1.685;19.573,2.194,0.296;3.521,13.629,2.313"
9,drone_7,10.9298,10.1357,17.0000,17.0000,"14.357,12.879,0.252;9.010,15.177,1.025;19.809,4.168,0.324;10.129,14.615,2.458;8.936,6.709,0.287;4.590,13.262,2.343;6.403,11.029,1.330;6.438,19.149,0.410;6.347,16.387,2.305;7.658,6.938,1.213;18.528,3.397,0.319;12.463,1.244,0.327;15.140,2.624,0.353;19.181,11.248,0.397;6.075,10.679,1.237;9.963,18.318,0.278;13.657,2.395,1.242;18.345,8.323,0.607;16.330,12.669,1.212;8.211,16.636,2.108;18.920,4.724,0.824;6.982,14.462,0.467;13.078,3.783,0.260;17.138,13.793,0.911;19.835,12.422,0.274;4.272,15.597,0.484;5.231,1.573,0.369;0.404,1.991,0.374;1.242,7.965,0.803;15.337,10.392,0.257;19.687,17.481,0.439;0.228,5.122,0.256;18.759,4.232,1.190;15.871,1.584,0.901;17.498,2.250,1.213;18.055,14.400,0.766;0.677,16.257,1.030;3.749,14.009,1.691;17.338,2.560,1.881;17.542,11.622,0.375;4.549,3.923,0.328;18.293,5.188,1.119;18.427,6.999,1.006;7.151,4.722,0.359;8.388,14.026,2.102;8.427,19.699,0.294;13.619,17.487,0.418;0.487,15.533,0.716;11.073,18.842,2.140;18.209,10.773,0.683;16.864,10.411,1.383;11.865,12.546,0.357;12.571,0.515,0.818;1.703,15.595,0.307;0.701,9.573,0.738;16.410,10.961,1.080;5.736,0.389,0.335;4.419,16.061,1.685;19.573,2.194,0.296;3.521,13.629,2.313"
9,drone_8,15.3577,8.2007,17.0000,17.0000,"14.357,12.879,0.252;9.010,15.177,1.025;19.809,4.168,0.324;10.129,14.615,2.458;8.936,6.709,0.287;4.590,13.262,2.343;6.403,11.029,1.330;6.438,19.149,0.410;6.347,16.387,2.305;7.658,6.938,1.213;18.528,3.397,0.319;12.463,1.244,0.327;15.140,2.624,0.353;19.181,11.248,0.397;6.075,10.679,1.237;9.963,18.318,0.278;13.657,2.395,1.242;18.345,8.323,0.607;16.330,12.669,1.212;8.211,16.636,2.108;18.920,4.724,0.824;6.982,14.462,0.467;13.078,3.783,0.260;17.138,13.793,0.911;19.835,12.422,0.274;4.272,15.597,0.484;5.231,1.573,0.369;0.404,1.991,0.374;1.242,7.965,0.803;15.337,10.392,0.257;19.687,17.481,0.439;0.228,5.122,0.256;18.759,4.232,1.190;15.871,1.584,0.901;17.498,2.250,1.213;18.055,14.400,0.766;0.677,16.257,1.030;3.749,14.009,1.691;17.338,2.560,1.881;17.542,11.622,0.375;4.549,3.923,0.328;18.293,5.188,1.119;18.427,6.999,1.006;7.151,4.722,0.359;8.388,14.026,2.102;8.427,19.699,0.294;13.619,17.487,0.418;0.487,15.533,0.716;11.073,18.842,2.140;18.209,10.773,0.683;16.864,10.411,1.383;11.865,12.546,0.357;12.571,0.515,0.818;1.703,15.595,0.307;0.701,9.573,0.738;16.410,10.961,1.080;5.736,0.389,0.335;4.419,16.061,1.685;19.573,2.194,0.296;3.521,13.629,2.313"
9,drone_9,-100.0000,-100.0000,17.0000,17.0000,"14.357,12.879,0.252;9.010,15.177,1.025;19.809,4.168,0.324;10.129,14.615,2.458;8.936,6.709,0.287;4.590,13.262,2.343;6.403,11.029,1.330;6.438,19.149,0.410;6.347,16.387,2.305;7.658,6.938,1.213;18.528,3.397,0.319;12.463,1.244,0.327;15.140,2.624,0.353;19.181,11.248,0.397;6.075,10.679,1.237;9.963,18.318,0.278;13.657,2.395,1.242;18.345,8.323,0.607;16.330,12.669,1.212;8.211,16.636,2.108;18.920,4.724,0.824;6.982,14.462,0.467;13.078,3.783,0.260;17.138,13.793,0.911;19.835,12.422,0.274;4.272,15.597,0.484;5.231,1.573,0.369;0.404,1.991,0.374;1.242,7.965,0.803;15.337,10.392,0.257;19.687,17.481,0.439;0.228,5.122,0.256;18.759,4.232,1.190;15.871,1.584,0.901;17.498,2.250,1.213;18.055,14.400,0.766;0.677,16.257,1.030;3.749,14.009,1.691;17.338,2.560,1.881;17.542,11.622,0.375;4.549,3.923,0.328;18.293,5.188,1.119;18.427,6.999,1.006;7.151,4.722,0.359;8.388,14.026,2.102;8.427,19.699,0.294;13.619,17.487,0.418;0.487,15.533,0.716;11.073,18.842,2.140;18.209,10.773,0.683;16.864,10.411,1.383;11.865,12.546,0.357;12.571,0.515,0.818;1.703,15.595,0.307;0.701,9.573,0.738;16.410,10.961,1.080;5.736,0.389,0.335;4.419,16.061,1.685;19.573,2.194,0.296;3.521,13.629,2.313"
10,drone_0,11.7512,9.0601,17.0000,17.0000,"14.357,12.879,0.252;9.010,15.177,1.025;19.809,4.168,0.324;10.129,14.615,2.458;8.936,6.709,0.287;4.590,13.262,2.343;6.403,11.029,1.330;6.438,19.149,0.410;6.347,16.387,2.305;7.658,6.938,1.213;18.528,3.397,0.319;12.463,1.244,0.327;15.140,2.624,0.353;19.181,11.248,0.397;6.075,10.679,1.237;9.963,18.318,0.278;13.657,2.395,1.242;18.345,8.323,0.607;16.330,12.669,1.212;8.211,16.636,2.108;18.920,4.724,0.824;6.982,14.462,0.467;13.078,3.783,0.260;17.138,13.793,0.911;19.835,12.422,0.274;4.272,15.597,0.484;5.231,1.573,0.369;0.404,1.991,0.374;1.242,7.965,0.803;15.337,10.392,0.257;19.687,17.481,0.439;0.228,5.122,0.256;18.759,4.232,1.190;15.871,1.584,0.901;17.498,2.250,1.213;18.055,14.400,0.766;0.677,16.257,1.030;3.749,14.009,1.691;17.338,2.560,1.881;17.542,11.622,0.375;4.549,3.923,0.328;18.293,5.188,1.119;18.427,6.999,1.006;7.151,4.722,0.359;8.388,14.026,2.102;8.427,19.699,0.294;13.619,17.487,0.418;0.487,15.533,0.716;11.073,18.842,2.140;18.209,10.773,0.683;16.864,10.411,1.383;11.865,12.546,0.357;12.571,0.515,0.818;1.703,15.595,0.307;0.701,9.573,0.738;16.410,10.961,1.080;5.736,0.389,0.335;4.419,16.061,1.685;19.573,2.194,0.296;3.521,13.629,2.313"
10,drone_1,-100.0000,-100.0000,17.0000,17.0000,"14.357,12.879,0.252;9.010,15.177,1.025;19.809,4.168,0.324;10.129,14.615,2.458;8.936,6.709,0.287;4.590,13.262,2.343;6.403,11.029,1.330;6.438,19.149,0.410;6.347,16.387,2.305;7.658,6.938,1.213;18.528,3.397,0.319;12.463,1.244,0.327;15.140,2.624,0.353;19.181,11.248,0.397;6.075,10.679,1.237;9.963,18.318,0.278;13.657,2.395,1.242;18.345,8.323,0.607;16.330,12.669,1.212;8.211,16.636,2.108;18.920,4.724,0.824;6.982,14.462,0.467;13.078,3.783,0.260;17.138,13.793,0.911;19.835,12.422,0.274;4.272,15.597,0.484;5.231,1.573,0.369;0.404,1.991,0.374;1.242,7.965,0.803;15.337,10.392,0.257;19.687,17.481,0.439;0.228,5.122,0.256;18.759,4.232,1.190;15.871,1.584,0.901;17.498,2.250,1.213;18.055,14.400,0.766;0.677,16.257,1.030;3.749,14.009,1.691;17.338,2.560,1.881;17.542,11.622,0.375;4.549,3.923,0.328;18.293,5.188,1.119;18.427,6.999,1.006;7.151,4.722,0.359;8.388,14.026,2.102;8.427,19.699,0.294;13.619,17.487,0.418;0.487,15.533,0.716;11.073,18.842,2.140;18.209,10.773,0.683;16.864,10.411,1.383;11.865,12.546,0.357;12.571,0.515,0.818;1.703,15.595,0.307;0.701,9.573,0.738;16.410,10.961,1.080;5.736,0.389,0.335;4.419,16.061,1.685;19.573,2.194,0.296;3.521,13.629,2.313"
10,drone_2,4.2041,18.7442,17.0000,17.0000,"14.357,12.879,0.252;9.010,15.177,1.025;19.809,4.168,0.324;10.129,14.615,2.458;8.936,6.709,0.287;4.590,13.262,2.343;6.403,11.029,1.330;6.438,19.149,0.410;6.347,16.387,2.305;7.658,6.938,1.213;18.528,3.397,0.319;12.463,1.244,0.327;15.140,2.624,0.353;19.181,11.248,0.397;6.075,10.679,1.237;9.963,18.318,0.278;13.657,2.395,1.242;18.345,8.323,0.607;16.330,12.669,1.212;8.211,16.636,2.108;18.920,4.724,0.824;6.982,14.462,0.467;13.078,3.783,0.260;17.138,13.793,0.911;19.835,12.422,0.274;4.272,15.597,0.484;5.231,1.573,0.369;0.404,1.991,0.374;1.242,7.965,0.803;15.337,10.392,0.257;19.687,17.481,0.439;0.228,5.122,0.256;18.759,4.232,1.190;15.871,1.584,0.901;17.498,2.250,1.213;18.055,14.400,0.766;0.677,16.257,1.030;3.749,14.009,1.691;17.338,2.560,1.881;17.542,11.622,0.375;4.549,3.923,0.328;18.293,5.188,1.119;18.427,6.999,1.006;7.151,4.722,0.359;8.388,14.026,2.102;8.427,19.699,0.294;13.619,17.487,0.418;0.487,15.533,0.716;11.073,18.842,2.140;18.209,10.773,0.683;16.864,10.411,1.383;11.865,12.546,0.357;12.571,0.515,0.818;1.703,15.595,0.307;0.701,9.573,0.738;16.410,10.961,1.080;5.736,0.389,0.335;4.419,16.061,1.685;19.573,2.194,0.296;3.521,13.629,2.313"
10,drone_3,5.6236,7.8134,17.0000,17.0000,"14.357,12.879,0.252;9.010,15.177,1.025;19.809,4.168,0.324;10.129,14.615,2.458;8.936,6.709,0.287;4.590,13.262,2.343;6.403,11.029,1.330;6.438,19.149,0.410;6.347,16.387,2.305;7.658,6.938,1.213;18.528,3.397,0.319;12.463,1.244,0.327;15.140,2.624,0.353;19.181,11.248,0.397;6.075,10.679,1.237;9.963,18.318,0.278;13.657,2.395,1.242;18.345,8.323,0.607;16.330,12.669,1.212;8.211,16.636,2.108;18.920,4.724,0.824;6.982,14.462,0.467;13.078,3.783,0.260;17.138,13.793,0.911;19.835,12.422,0.274;4.272,15.597,0.484;5.231,1.573,0.369;0.404,1.991,0.374;1.242,7.965,0.803;15.337,10.392,0.257;19.687,17.481,0.439;0.228,5.122,0.256;18.759,4.232,1.190;15.871,1.584,0.901;17.498,2.250,1.213;18.055,14.400,0.766;0.677,16.257,1.030;3.749,14.009,1.691;17.338,2.560,1.881;17.542,11.622,0.375;4.549,3.923,0.328;18.293,5.188,1.119;18.427,6.999,1.006;7.151,4.722,0.359;8.388,14.026,2.102;8.427,19.699,0.294;13.619,17.487,0.418;0.487,15.533,0.716;11.073,18.842,2.140;18.209,10.773,0.683;16.864,10.411,1.383;11.865,12.546,0.357;12.571,0.515,0.818;1.703,15.595,0.307;0.701,9.573,0.738;16.410,10.961,1.080;5.736,0.389,0.335;4.419,16.061,1.685;19.573,2.194,0.296;3.521,13.629,2.313"
10,drone_4,12.9903,5.7619,17.0000,17.0000,"14.357,12.879,0.252;9.010,15.177,1.025;19.809,4.168,0.324;10.129,14.615,2.458;8.936,6.709,0.287;4.590,13.262,2.343;6.403,11.029,1.330;6.438,19.149,0.410;6.347,16.387,2.305;7.658,6.938,1.213;18.528,3.397,0.319;12.463,1.244,0.327;15.140,2.624,0.353;19.181,11.248,0.397;6.075,10.679,1.237;9.963,18.318,0.278;13.657,2.395,1.242;18.345,8.323,0.607;16.330,12.669,1.212;8.211,16.636,2.108;18.920,4.724,0.824;6.982,14.462,0.467;13.078,3.783,0.260;17.138,13.793,0.911;19.835,12.422,0.274;4.272,15.597,0.484;5.231,1.573,0.369;0.404,1.991,0.374;1.242,7.965,0.803;15.337,10.392,0.257;19.687,17.481,0.439;0.228,5.122,0.256;18.759,4.232,1.190;15.871,1.584,0.901;17.498,2.250,1.213;18.055,14.400,0.766;0.677,16.257,1.030;3.749,14.009,1.691;17.338,2.560,1.881;17.542,11.622,0.375;4.549,3.923,0.328;18.293,5.188,1.119;18.427,6.999,1.006;7.151,4.722,0.359;8.388,14.026,2.102;8.427,19.699,0.294;13.619,17.487,0.418;0.487,15.533,0.716;11.073,18.842,2.140;18.209,10.773,0.683;16.864,10.411,1.383;11.865,12.546,0.357;12.571,0.515,0.818;1.703,15.595,0.307;0.701,9.573,0.738;16.410,10.961,1.080;5.736,0.389,0.335;4.419,16.061,1.685;19.573,2.194,0.296;3.521,13.629,2.313"
10,drone_5,4.1712,6.7573,17.0000,17.0000,"14.357,12.879,0.252;9.010,15.177,1.025;19.809,4.168,0.324;10.129,14.615,2.458;8.936,6.709,0.287;4.590,13.262,2.343;6.403,11.029,1.330;6.438,19.149,0.410;6.347,16.387,2.305;7.658,6.938,1.213;18.528,3.397,0.319;12.463,1.244,0.327;15.140,2.624,0.353;19.181,11.248,0.397;6.075,10.679,1.237;9.963,18.318,0.278;13.657,2.395,1.242;18.345,8.323,0.607;16.330,12.669,1.212;8.211,16.636,2.108;18.920,4.724,0.824;6.982,14.462,0.467;13.078,3.783,0.260;17.138,13.793,0.911;19.835,12.422,0.274;4.272,15.597,0.484;5.231,1.573,0.369;0.404,1.991,0.374;1.242,7.965,0.803;15.337,10.392,0.257;19.687,17.481,0.439;0.228,5.122,0.256;18.759,4.232,1.190;15.871,1.584,0.901;17.498,2.250,1.213;18.055,14.400,0.766;0.677,16.257,1.030;3.749,14.009,1.691;17.338,2.560,1.881;17.542,11.622,0.375;4.549,3.923,0.328;18.293,5.188,1.119;18.427,6.999,1.006;7.151,4.722,0.359;8.388,14.026,2.102;8.427,19.699,0.294;13.619,17.487,0.418;0.487,15.533,0.716;11.073,18.842,2.140;18.209,10.773,0.683;16.864,10.411,1.383;11.865,12.546,0.357;12.571,0.515,0.818;1.703,15.595,0.307;0.701,9.573,0.738;16.410,10.961,1.080;5.736,0.389,0.335;4.419,16.061,1.685;19.573,2.194,0.296;3.521,13.629,2.313"
10,drone_6,10.3425,3.5809,17.0000,17.0000,"14.357,12.879,0.252;9.010,15.177,1.025;19.809,4.168,0.324;10.129,14.615,2.458;8.936,6.709,0.287;4.590,13.262,2.343;6.403,11.029,1.330;6.438,19.149,0.410;6.347,16.387,2.305;7.658,6.938,1.213;18.528,3.397,0.319;12.463,1.244,0.327;15.140,2.624,0.353;19.181,11.248,0.397;6.075,10.679,1.237;9.963,18.318,0.278;13.657,2.395,1.242;18.345,8.323,0.607;16.330,12.669,1.212;8.211,16.636,2.108;18.920,4.724,0.824;6.982,14.462,0.467;13.078,3.783,0.260;17.138,13.793,0.911;19.835,12.422,0.274;4.272,15.597,0.484;5.231,1.573,0.369;0.404,1.991,0.374;1.242,7.965,0.803;15.337,10.392,0.257;19.687,17.481,0.439;0.228,5.122,0.256;18.759,4.232,1.190;15.871,1.584,0.901;17.498,2.250,1.213;18.055,14.400,0.766;0.677,16.257,1.030;3.749,14.009,1.691;17.338,2.560,1.881;17.542,11.622,0.375;4.549,3.923,0.328;18.293,5.188,1.119;18.427,6.999,1.006;7.151,4.722,0.359;8.388,14.026,2.102;8.427,19.699,0.294;13.619,17.487,0.418;0.487,15.533,0.716;11.073,18.842,2.140;18.209,10.773,0.683;16.864,10.411,1.383;11.865,12.546,0.357;12.571,0.515,0.818;1.703,15.595,0.307;0.701,9.573,0.738;16.410,10.961,1.080;5.736,0.389,0.335;4.419,16.061,1.685;19.573,2.194,0.296;3.521,13.629,2.313"
10,drone_7,11.1281,10.1623,17.0000,17.0000,"14.357,12.879,0.252;9.010,15.177,1.025;19.809,4.168,0.324;10.129,14.615,2.458;8.936,6.709,0.287;4.590,13.262,2.343;6.403,11.029,1.330;6.438,19.149,0.410;6.347,16.387,2.305;7.658,6.938,1.213;18.528,3.397,0.319;12.463,1.244,0.327;15.140,2.624,0.353;19.181,11.248,0.397;6.075,10.679,1.237;9.963,18.318,0.278;13.657,2.395,1.242;18.345,8.323,0.607;16.330,12.669,1.212;8.211,16.636,2.108;18.920,4.724,0.824;6.982,14.462,0.467;13.078,3.783,0.260;17.138,13.793,0.911;19.835,12.422,0.274;4.272,15.597,0.484;5.231,1.573,0.369;0.404,1.991,0.374;1.242,7.965,0.803;15.337,10.392,0.257;19.687,17.481,0.439;0.228,5.122,0.256;18.759,4.232,1.190;15.871,1.584,0.901;17.498,2.250,1.213;18.055,14.400,0.766;0.677,16.257,1.030;3.749,14.009,1.691;17.338,2.560,1.881;17.542,11.622,0.375;4.549,3.923,0.328;18.293,5.188,1.119;18.427,6.999,1.006;7.151,4.722,0.359;8.388,14.026,2.102;8.427,19.699,0.294;13.619,17.487,0.418;0.487,15.533,0.716;11.073,18.842,2.140;18.209,10.773,0.683;16.864,10.411,1.383;11.865,12.546,0.357;12.571,0.515,0.818;1.703,15.595,0.307;0.701,9.573,0.738;16.410,10.961,1.080;5.736,0.389,0.335;4.419,16.061,1.685;19.573,2.194,0.296;3.521,13.629,2.313"
10,drone_8,15.4257,8.3888,17.0000,17.0000,"14.357,12.879,0.252;9.010,15.177,1.025;19.809,4.168,0.324;10.129,14.615,2.458;8.936,6.709,0.287;4.590,13.262,2.343;6.403,11.029,1.330;6.438,19.149,0.410;6.347,16.387,2.305;7.658,6.938,1.213;18.528,3.397,0.319;12.463,1.244,0.327;15.140,2.624,0.353;19.181,11.248,0.397;6.075,10.679,1.237;9.963,18.318,0.278;13.657,2.395,1.242;18.345,8.323,0.607;16.330,12.669,1.212;8.211,16.636,2.108;18.920,4.724,0.824;6.982,14.462,0.467;13.078,3.783,0.260;17.138,13.793,0.911;19.835,12.422,0.274;4.272,15.597,0.484;5.231,1.573,0.369;0.404,1.991,0.374;1.242,7.965,0.803;15.337,10.392,0.257;19.687,17.481,0.439;0.228,5.122,0.256;18.759,4.232,1.190;15.871,1.584,0.901;17.498,2.250,1.213;18.055,14.400,0.766;0.677,16.257,1.030;3.749,14.009,1.691;17.338,2.560,1.881;17.542,11.622,0.375;4.549,3.923,0.328;18.293,5.188,1.119;18.427,6.999,1.006;7.151,4.722,0.359;8.388,14.026,2.102;8.427,19.699,0.294;13.619,17.487,0.418;0.487,15.533,0.716;11.073,18.842,2.140;18.209,10.773,0.683;16.864,10.411,1.383;11.865,12.546,0.357;12.571,0.515,0.818;1.703,15.595,0.307;0.701,9.573,0.738;16.410,10.961,1.080;5.736,0.389,0.335;4.419,16.061,1.685;19.573,2.194,0.296;3.521,13.629,2.313"
11,drone_0,11.9420,9.0414,17.0000,17.0000,"14.357,12.879,0.252;9.010,15.177,1.025;19.809,4.168,0.324;10.129,14.615,2.458;8.936,6.709,0.287;4.590,13.262,2.343;6.403,11.029,1.330;6.438,19.149,0.410;6.347,16.387,2.305;7.658,6.938,1.213;18.528,3.397,0.319;12.463,1.244,0.327;15.140,2.624,0.353;19.181,11.248,0.397;6.075,10.679,1.237;9.963,18.318,0.278;13.657,2.395,1.242;18.345,8.323,0.607;16.330,12.669,1.212;8.211,16.636,2.108;18.920,4.724,0.824;6.982,14.462,0.467;13.078,3.783,0.260;17.138,13.793,0.911;19.835,12.422,0.274;4.272,15.597,0.484;5.231,1.573,0.369;0.404,1.991,0.374;1.242,7.965,0.803;15.337,10.392,0.257;19.687,17.481,0.439;0.228,5.122,0.256;18.759,4.232,1.190;15.871,1.584,0.901;17.498,2.250,1.213;18.055,14.400,0.766;0.677,16.257,1.030;3.749,14.009,1.691;17.338,2.560,1.881;17.542,11.622,0.375;4.549,3.923,0.328;18.293,5.188,1.119;18.427,6.999,1.006;7.151,4.722,0.359;8.388,14.026,2.102;8.427,19.699,0.294;13.619,17.487,0.418;0.487,15.533,0.716;11.073,18.842,2.140;18.209,10.773,0.683;16.864,10.411,1.383;11.865,12.546,0.357;12.571,0.515,0.818;1.703,15.595,0.307;0.701,9.573,0.738;16.410,10.961,1.080;5.736,0.389,0.335;4.419,16.061,1.685;19.573,2.194,0.296;3.521,13.629,2.313"
11,drone_2,4.4036,18.7296,17.0000,17.0000,"14.357,12.879,0.252;9.010,15.177,1.025;19.809,4.168,0.324;10.129,14.615,2.458;8.936,6.709,0.287;4.590,13.262,2.343;6.403,11.029,1.330;6.438,19.149,0.410;6.347,16.387,2.305;7.658,6.938,1.213;18.528,3.397,0.319;12.463,1.244,0.327;15.140,2.624,0.353;19.181,11.248,0.397;6.075,10.679,1.237;9.963,18.318,0.278;13.657,2.395,1.242;18.345,8.323,0.607;16.330,12.669,1.212;8.211,16.636,2.108;18.920,4.724,0.824;6.982,14.462,0.467;13.078,3.783,0.260;17.138,13.793,0.911;19.835,12.422,0.274;4.272,15.597,0.484;5.231,1.573,0.369;0.404,1.991,0.374;1.242,7.965,0.803;15.337,10.392,0.257;19.687,17.481,0.439;0.228,5.122,0.256;18.759,4.232,1.190;15.871,1.584,0.901;17.498,2.250,1.213;18.055,14.400,0.766;0.677,16.257,1.030;3.749,14.009,1.691;17.338,2.560,1.881;17.542,11.622,0.375;4.549,3.923,0.328;18.293,5.188,1.119;18.427,6.999,1.006;7.151,4.722,0.359;8.388,14.026,2.102;8.427,19.699,0.294;13.619,17.487,0.418;0.487,15.533,0.716;11.073,18.842,2.140;18.209,10.773,0.683;16.864,10.411,1.383;11.865,12.546,0.357;12.571,0.515,0.818;1.703,15.595,0.307;0.701,9.573,0.738;16.410,10.961,1.080;5.736,0.389,0.335;4.419,16.061,1.685;19.573,2.194,0.296;3.521,13.629,2.313"
11,drone_3,5.8011,7.9055,17.0000,17.0000,"14.357,12.879,0.252;9.010,15.177,1.025;19.809,4.168,0.324;10.129,14.615,2.458;8.936,6.709,0.287;4.590,13.262,2.343;6.403,11.029,1.330;6.438,19.149,0.410;6.347,16.387,2.305;7.658,6.938,1.213;18.528,3.397,0.319;12.463,1.244,0.327;15.140,2.624,0.353;19.181,11.248,0.397;6.075,10.679,1.237;9.963,18.318,0.278;13.657,2.395,1.242;18.345,8.323,0.607;16.330,12.669,1.212;8.211,16.636,2.108;18.920,4.724,0.824;6.982,14.462,0.467;13.078,3.783,0.260;17.138,13.793,0.911;19.835,12.422,0.274;4.272,15.597,0.484;5.231,1.573,0.369;0.404,1.991,0.374;1.242,7.965,0.803;15.337,10.392,0.257;19.687,17.481,0.439;0.228,5.122,0.256;18.759,4.232,1.190;15.871,1.584,0.901;17.498,2.250,1.213;18.055,14.400,0.766;0.677,16.257,1.030;3.749,14.009,1.691;17.338,2.560,1.881;17.542,11.622,0.375;4.549,3.923,0.328;18.293,5.188,1.119;18.427,6.999,1.006;7.151,4.722,0.359;8.388,14.026,2.102;8.427,19.699,0.294;13.619,17.487,0.418;0.487,15.533,0.716;11.073,18.842,2.140;18.209,10.773,0.683;16.864,10.411,1.383;11.865,12.546,0.357;12.571,0.515,0.818;1.703,15.595,0.307;0.701,9.573,0.738;16.410,10.961,1.080;5.736,0.389,0.335;4.419,16.061,1.685;19.573,2.194,0.296;3.521,13.629,2.313"
11,drone_4,13.1554,5.8747,17.0000,17.0000,"14.357,12.879,0.252;9.010,15.177,1.025;19.809,4.168,0.324;10.129,14.615,2.458;8.936,6.709,0.287;4.590,13.262,2.343;6.403,11.029,1.330;6.438,19.149,0.410;6.347,16.387,2.305;7.658,6.938,1.213;18.528,3.397,0.319;12.463,1.244,0.327;15.140,2.624,0.353;19.181,11.248,0.397;6.075,10.679,1.237;9.963,18.318,0.278;13.657,2.395,1.242;18.345,8.323,0.607;16.330,12.669,1.212;8.211,16.636,2.108;18.920,4.724,0.824;6.982,14.462,0.467;13.078,3.783,0.260;17.138,13.793,0.911;19.835,12.422,0.274;4.272,15.597,0.484;5.231,1.573,0.369;0.404,1.991,0.374;1.242,7.965,0.803;15.337,10.392,0.257;19.687,17.481,0.439;0.228,5.122,0.256;18.759,4.232,1.190;15.871,1.584,0.901;17.498,2.250,1.213;18.055,14.400,0.766;0.677,16.257,1.030;3.749,14.009,1.691;17.338,2.560,1.881;17.542,11.622,0.375;4.549,3.923,0.328;18.293,5.188,1.119;18.427,6.999,1.006;7.151,4.722,0.359;8.388,14.026,2.102;8.427,19.699,0.294;13.619,17.487,0.418;0.487,15.533,0.716;11.073,18.842,2.140;18.209,10.773,0.683;16.864,10.411,1.383;11.865,12.546,0.357;12.571,0.515,0.818;1.703,15.595,0.307;0.701,9.573,0.738;16.410,10.961,1.080;5.736,0.389,0.335;4.419,16.061,1.685;19.573,2.194,0.296;3.521,13.629,2.313"
11,drone_5,4.3350,6.8720,17.0000,17.0000,"14.357,12.879,0.252;9.010,15.177,1.025;19.809,4.168,0.324;10.129,14.615,2.458;8.936,6.709,0.287;4.590,13.262,2.343;6.403,11.029,1.330;6.438,19.149,0.410;6.347,16.387,2.305;7.658,6.938,1.213;18.528,3.397,0.319;12.463,1.244,0.327;15.140,2.624,0.353;19.181,11.248,0.397;6.075,10.679,1.237;9.963,18.318,0.278;13.657,2.395,1.242;18.345,8.323,0.607;16.330,12.669,1.212;8.211,16.636,2.108;18.920,4.724,0.824;6.982,14.462,0.467;13.078,3.783,0.260;17.138,13.793,0.911;19.835,12.422,0.274;4.272,15.597,0.484;5.231,1.573,0.369;0.404,1.991,0.374;1.242,7.965,0.803;15.337,10.392,0.257;19.687,17.481,0.439;0.228,5.122,0.256;18.759,4.232,1.190;15.871,1.584,0.901;17.498,2.250,1.213;18.055,14.400,0.766;0.677,16.257,1.030;3.749,14.009,1.691;17.338,2.560,1.881;17.542,11.622,0.375;4.549,3.923,0.328;18.293,5.188,1.119;18.427,6.999,1.006;7.151,4.722,0.359;8.388,14.026,2.102;8.427,19.699,0.294;13.619,17.487,0.418;0.487,15.533,0.716;11.073,18.842,2.140;18.209,10.773,0.683;16.864,10.411,1.383;11.865,12.546,0.357;12.571,0.515,0.818;1.703,15.595,0.307;0.701,9.573,0.738;16.410,10.961,1.080;5.736,0.389,0.335;4.419,16.061,1.685;19.573,2.194,0.296;3.521,13.629,2.313"
11,drone_6,10.5414,3.5597,17.0000,17.0000,"14.357,12.879,0.252;9.010,15.177,1.025;19.809,4.168,0.324;10.129,14.615,2.458;8.936,6.709,0.287;4.590,13.262,2.343;6.403,11.029,1.330;6.438,19.149,0.410;6.347,16.387,2.305;7.658,6.938,1.213;18.528,3.397,0.319;12.463,1.244,0.327;15.140,2.624,0.353;19.181,11.248,0.397;6.075,10.679,1.237;9.963,18.318,0.278;13.657,2.395,1.242;18.345,8.323,0.607;16.330,12.669,1.212;8.211,16.636,2.108;18.920,4.724,0.824;6.982,14.462,0.467;13.078,3.783,0.260;17.138,13.793,0.911;19.835,12.422,0.274;4.272,15.597,0.484;5.231,1.573,0.369;0.404,1.991,0.374;1.242,7.965,0.803;15.337,10.392,0.257;19.687,17.481,0.439;0.228,5.122,0.256;18.759,4.232,1.190;15.871,1.584,0.901;17.498,2.250,1.213;18.055,14.400,0.766;0.677,16.257,1.030;3.749,14.009,1.691;17.338,2.560,1.881;17.542,11.622,0.375;4.549,3.923,0.328;18.293,5.188,1.119;18.427,6.999,1.006;7.151,4.722,0.359;8.388,14.026,2.102;8.427,19.699,0.294;13.619,17.487,0.418;0.487,15.533,0.716;11.073,18.842,2.140;18.209,10.773,0.683;16.864,10.411,1.383;11.865,12.546,0.357;12.571,0.515,0.818;1.703,15.595,0.307;0.701,9.573,0.738;16.410,10.961,1.080;5.736,0.389,0.335;4.419,16.061,1.685;19.573,2.194,0.296;3.521,13.629,2.313"
11,drone_7,11.3253,10.1954,17.0000,17.0000,"14.357,12.879,0.252;9.010,15.177,1.025;19.809,4.168,0.324;10.129,14.615,2.458;8.936,6.709,0.287;4.590,13.262,2.343;6.403,11.029,1.330;6.438,19.149,0.410;6.347,16.387,2.305;7.658,6.938,1.213;18.528,3.397,0.319;12.463,1.244,0.327;15.140,2.624,0.353;19.181,11.248,0.397;6.075,10.679,1.237;9.963,18.318,0.278;13.657,2.395,1.242;18.345,8.323,0.607;16.330,12.669,1.212;8.211,16.636,2.108;18.920,4.724,0.824;6.982,14.462,0.467;13.078,3.783,0.260;17.138,13.793,0.911;19.835,12.422,0.274;4.272,15.597,0.484;5.231,1.573,0.369;0.404,1.991,0.374;1.242,7.965,0.803;15.337,10.392,0.257;19.687,17.481,0.439;0.228,5.122,0.256;18.759,4.232,1.190;15.871,1.584,0.901;17.498,2.250,1.213;18.055,14.400,0.766;0.677,16.257,1.030;3.749,14.009,1.691;17.338,2.560,1.881;17.542,11.622,0.375;4.549,3.923,0.328;18.293,5.188,1.119;18.427,6.999,1.006;7.151,4.722,0.359;8.388,14.026,2.102;8.427,19.699,0.294;13.619,17.487,0.418;0.487,15.533,0.716;11.073,18.842,2.140;18.209,10.773,0.683;16.864,10.411,1.383;11.865,12.546,0.357;12.571,0.515,0.818;1.703,15.595,0.307;0.701,9.573,0.738;16.410,10.961,1.080;5.736,0.389,0.335;4.419,16.061,1.685;19.573,2.194,0.296;3.521,13.629,2.313"
11,drone_8,15.4997,8.5746,17.0000,17.0000,"14.357,12.879,0.252;9.010,15.177,1.025;19.809,4.168,0.324;10.129,14.615,2.458;8.936,6.709,0.287;4.590,13.262,2.343;6.403,11.029,1.330;6.438,19.149,0.410;6.347,16.387,2.305;7.658,6.938,1.213;18.528,3.397,0.319;12.463,1.244,0.327;15.140,2.624,0.353;19.181,11.248,0.397;6.075,10.679,1.237;9.963,18.318,0.278;13.657,2.395,1.242;18.345,8.323,0.607;16.330,12.669,1.212;8.211,16.636,2.108;18.920,4.724,0.824;6.982,14.462,0.467;13.078,3.783,0.260;17.138,13.793,0.911;19.835,12.422,0.274;4.272,15.597,0.484;5.231,1.573,0.369;0.404,1.991,0.374;1.242,7.965,0.803;15.337,10.392,0.257;19.687,17.481,0.439;0.228,5.122,0.256;18.759,4.232,1.190;15.871,1.584,0.901;17.498,2.250,1.213;18.055,14.400,0.766;0.677,16.257,1.030;3.749,14.009,1.691;17.338,2.560,1.881;17.542,11.622,0.375;4.549,3.923,0.328;18.293,5.188,1.119;18.427,6.999,1.006;7.151,4.722,0.359;8.388,14.026,2.102;8.427,19.699,0.294;13.619,17.487,0.418;0.487,15.533,0.716;11.073,18.842,2.140;18.209,10.773,0.683;16.864,10.411,1.383;11.865,12.546,0.357;12.571,0.515,0.818;1.703,15.595,0.307;0.701,9.573,0.738;16.410,10.961,1.080;5.736,0.389,0.335;4.419,16.061,1.685;19.573,2.194,0.296;3.521,13.629,2.313"
12,drone_0,12.1069,9.0387,17.0000,17.0000,"14.357,12.879,0.252;9.010,15.177,1.025;19.809,4.168,0.324;10.129,14.615,2.458;8.936,6.709,0.287;4.590,13.262,2.343;6.403,11.029,1.330;6.438,19.149,0.410;6.347,16.387,2.305;7.658,6.938,1.213;18.528,3.397,0.319;12.463,1.244,0.327;15.140,2.624,0.353;19.181,11.248,0.397;6.075,10.679,1.237;9.963,18.318,0.278;13.657,2.395,1.242;18.345,8.323,0.607;16.330,12.669,1.212;8.211,16.636,2.108;18.920,4.724,0.824;6.982,14.462,0.467;13.078,3.783,0.260;17.138,13.793,0.911;19.835,12.422,0.274;4.272,15.597,0.484;5.231,1.573,0.369;0.404,1.991,0.374;1.242,7.965,0.803;15.337,10.392,0.257;19.687,17.481,0.439;0.228,5.122,0.256;18.759,4.232,1.190;15.871,1.584,0.901;17.498,2.250,1.213;18.055,14.400,0.766;0.677,16.257,1.030;3.749,14.009,1.691;17.338,2.560,1.881;17.542,11.622,0.375;4.549,3.923,0.328;18.293,5.188,1.119;18.427,6.999,1.006;7.151,4.722,0.359;8.388,14.026,2.102;8.427,19.699,0.294;13.619,17.487,0.418;0.487,15.533,0.716;11.073,18.842,2.140;18.209,10.773,0.683;16.864,10.411,1.383;11.865,12.546,0.357;12.571,0.515,0.818;1.703,15.595,0.307;0.701,9.573,0.738;16.410,10.961,1.080;5.736,0.389,0.335;4.419,16.061,1.685;19.573,2.194,0.296;3.521,13.629,2.313"
12,drone_2,4.6018,18.7034,17.0000,17.0000,"14.357,12.879,0.252;9.010,15.177,1.025;19.809,4.168,0.324;10.129,14.615,2.458;8.936,6.709,0.287;4.590,13.262,2.343;6.403,11.029,1.330;6.438,19.149,0.410;6.347,16.387,2.305;7.658,6.938,1.213;18.528,3.397,0.319;12.463,1.244,0.327;15.140,2.624,0.353;19.181,11.248,0.397;6.075,10.679,1.237;9.963,18.318,0.278;13.657,2.395,1.242;18.345,8.323,0.607;16.330,12.669,1.212;8.211,16.636,2.108;18.920,4.724,0.824;6.982,14.462,0.467;13.078,3.783,0.260;17.138,13.793,0.911;19.835,12.422,0.274;4.272,15.597,0.484;5.231,1.573,0.369;0.404,1.991,0.374;1.242,7.965,0.803;15.337,10.392,0.257;19.687,17.481,0.439;0.228,5.122,0.256;18.759,4.232,1.190;15.871,1.584,0.901;17.498,2.250,1.213;18.055,14.400,0.766;0.677,16.257,1.030;3.749,14.009,1.691;17.338,2.560,1.881;17.542,11.622,0.375;4.549,3.923,0.328;18.293,5.188,1.119;18.427,6.999,1.006;7.151,4.722,0.359;8.388,14.026,2.102;8.427,19.699,0.294;13.619,17.487,0.418;0.487,15.533,0.716;11.073,18.842,2.140;18.209,10.773,0.683;16.864,10.411,1.383;11.865,12.546,0.357;12.571,0.515,0.818;1.703,15.595,0.307;0.701,9.573,0.738;16.410,10.961,1.080;5.736,0.389,0.335;4.419,16.061,1.685;19.573,2.194,0.296;3.521,13.629,2.313"
12,drone_3,5.9721,8.0092,17.0000,17.0000,"14.357,12.879,0.252;9.010,15.177,1.025;19.809,4.168,0.324;10.129,14.615,2.458;8.936,6.709,0.287;4.590,13.262,2.343;6.403,11.029,1.330;6.438,19.149,0.410;6.347,16.387,2.305;7.658,6.938,1.213;18.528,3.397,0.319;12.463,1.244,0.327;15.140,2.624,0.353;19.181,11.248,0.397;6.075,10.679,1.237;9.963,18.318,0.278;13.657,2.395,1.242;18.345,8.323,0.607;16.330,12.669,1.212;8.211,16.636,2.108;18.920,4.724,0.824;6.982,14.462,0.467;13.078,3.783,0.260;17.138,13.793,0.911;19.835,12.422,0.274;4.272,15.597,0.484;5.231,1.573,0.369;0.404,1.991,0.374;1.242,7.965,0.803;15.337,10.392,0.257;19.687,17.481,0.439;0.228,5.122,0.256;18.759,4.232,1.190;15.871,1.584,0.901;17.498,2.250,1.213;18.055,14.400,0.766;0.677,16.257,1.030;3.749,14.009,1.691;17.338,2.560,1.881;17.542,11.622,0.375;4.549,3.923,0.328;18.293,5.188,1.119;18.427,6.999,1.006;7.151,4.722,0.359;8.388,14.026,2.102;8.427,19.699,0.294;13.619,17.487,0.418;0.487,15.533,0.716;11.073,18.842,2.140;18.209,10.773,0.683;16.864,10.411,1.383;11.865,12.546,0.357;12.571,0.515,0.818;1.703,15.595,0.307;0.701,9.573,0.738;16.410,10.961,1.080;5.736,0.389,0.335;4.419,16.061,1.685;19.573,2.194,0.296;3.521,13.629,2.313"
12,drone_4,13.3093,6.0025,17.0000,17.0000,"14.357,12.879,0.252;9.010,15.177,1.025;19.809,4.168,0.324;10.129,14.615,2.458;8.936,6.709,0.287;4.590,13.262,2.343;6.403,11.029,1.330;6.438,19.149,0.410;6.347,16.387,2.305;7.658,6.938,1.213;18.528,3.397,0.319;12.463,1.244,0.327;15.140,2.624,0.353;19.181,11.248,0.397;6.075,10.679,1.237;9.963,18.318,0.278;13.657,2.395,1.242;18.345,8.323,0.607;16.330,12.669,1.212;8.211,16.636,2.108;18.920,4.724,0.824;6.982,14.462,0.467;13.078,3.783,0.260;17.138,13.793,0.911;19.835,12.422,0.274;4.272,15.597,0.484;5.231,1.573,0.369;0.404,1.991,0.374;1.242,7.965,0.803;15.337,10.392,0.257;19.687,17.481,0.439;0.228,5.122,0.256;18.759,4.232,1.190;15.871,1.584,0.901;17.498,2.250,1.213;18.055,14.400,0.766;0.677,16.257,1.030;3.749,14.009,1.691;17.338,2.560,1.881;17.542,11.622,0.375;4.549,3.923,0.328;18.293,5.188,1.119;18.427,6.999,1.006;7.151,4.722,0.359;8.388,14.026,2.102;8.427,19.699,0.294;13.619,17.487,0.418;0.487,15.533,0.716;11.073,18.842,2.140;18.209,10.773,0.683;16.864,10.411,1.383;11.865,12.546,0.357;12.571,0.515,0.818;1.703,15.595,0.307;0.701,9.573,0.738;16.410,10.961,1.080;5.736,0.389,0.335;4.419,16.061,1.685;19.573,2.194,0.296;3.521,13.629,2.313"
12,drone_5,4.4814,7.0083,17.0000,17.0000,"14.357,12.879,0.252;9.010,15.177,1.025;19.809,4.168,0.324;10.129,14.615,2.458;8.936,6.709,0.287;4.590,13.262,2.343;6.403,11.029,1.330;6.438,19.149,0.410;6.347,16.387,2.305;7.658,6.938,1.213;18.528,3.397,0.319;12.463,1.244,0.327;15.140,2.624,0.353;19.181,11.248,0.397;6.075,10.679,1.237;9.963,18.318,0.278;13.657,2.395,1.242;18.345,8.323,0.607;16.330,12.669,1.212;8.211,16.636,2.108;18.920,4.724,0.824;6.982,14.462,0.467;13.078,3.783,0.260;17.138,13.793,0.911;19.835,12.422,0.274;4.272,15.597,0.484;5.231,1.573,0.369;0.404,1.991,0.374;1.242,7.965,0.803;15.337,10.392,0.257;19.687,17.481,0.439;0.228,5.122,0.256;18.759,4.232,1.190;15.871,1.584,0.901;17.498,2.250,1.213;18.055,14.400,0.766;0.677,16.257,1.030;3.749,14.009,1.691;17.338,2.560,1.881;17.542,11.622,0.375;4.549,3.923,0.328;18.293,5.188,1.119;18.427,6.999,1.006;7.151,4.722,0.359;8.388,14.026,2.102;8.427,19.699,0.294;13.619,17.487,0.418;0.487,15.533,0.716;11.073,18.842,2.140;18.209,10.773,0.683;16.864,10.411,1.383;11.865,12.546,0.357;12.571,0.515,0.818;1.703,15.595,0.307;0.701,9.573,0.738;16.410,10.961,1.080;5.736,0.389,0.335;4.419,16.061,1.685;19.573,2.194,0.296;3.521,13.629,2.313"
12,drone_6,10.7329,3.6175,17.0000,17.0000,"14.357,12.879,0.252;9.010,15.177,1.025;19.809,4.168,0.324;10.129,14.615,2.458;8.936,6.709,0.287;4.590,13.262,2.343;6.403,11.029,1.330;6.438,19.149,0.410;6.347,16.387,2.305;7.658,6.938,1.213;18.528,3.397,0.319;12.463,1.244,0.327;15.140,2.624,0.353;19.181,11.248,0.397;6.075,10.679,1.237;9.963,18.318,0.278;13.657,2.395,1.242;18.345,8.323,0.607;16.330,12.669,1.212;8.211,16.636,2.108;18.920,4.724,0.824;6.982,14.462,0.467;13.078,3.783,0.260;17.138,13.793,0.911;19.835,12.422,0.274;4.272,15.597,0.484;5.231,1.573,0.369;0.404,1.991,0.374;1.242,7.965,0.803;15.337,10.392,0.257;19.687,17.481,0.439;0.228,5.122,0.256;18.759,4.232,1.190;15.871,1.584,0.901;17.498,2.250,1.213;18.055,14.400,0.766;0.677,16.257,1.030;3.749,14.009,1.691;17.338,2.560,1.881;17.542,11.622,0.375;4.549,3.923,0.328;18.293,5.188,1.119;18.427,6.999,1.006;7.151,4.722,0.359;8.388,14.026,2.102;8.427,19.699,0.294;13.619,17.487,0.418;0.487,15.533,0.716;11.073,18.842,2.140;18.209,10.773,0.683;16.864,10.411,1.383;11.865,12.546,0.357;12.571,0.515,0.818;1.703,15.595,0.307;0.701,9.573,0.738;16.410,10.961,1.080;5.736,0.389,0.335;4.419,16.061,1.685;19.573,2.194,0.296;3.521,13.629,2.313"
12,drone_7,11.5156,10.2570,17.0000,17.0000,"14.357,12.879,0.252;9.010,15.177,1.025;19.809,4.168,0.324;10.129,14.615,2.458;8.936,6.709,0.287;4.590,13.262,2.343;6.403,11.029,1.330;6.438,19.149,0.410;6.347,16.387,2.305;7.658,6.938,1.213;18.528,3.397,0.319;12.463,1.244,0.327;15.140,2.624,0.353;19.181,11.248,0.397;6.075,10.679,1.237;9.963,18.318,0.278;13.657,2.395,1.242;18.345,8.323,0.607;16.330,12.669,1.212;8.211,16.636,2.108;18.920,4.724,0.824;6.982,14.462,0.467;13.078,3.783,0.260;17.138,13.793,0.911;19.835,12.422,0.274;4.272,15.597,0.484;5.231,1.573,0.369;0.404,1.991,0.374;1.242,7.965,0.803;15.337,10.392,0.257;19.687,17.481,0.439;0.228,5.122,0.256;18.759,4.232,1.190;15.871,1.584,0.901;17.498,2.250,1.213;18.055,14.400,0.766;0.677,16.257,1.030;3.749,14.009,1.691;17.338,2.560,1.881;17.542,11.622,0.375;4.549,3.923,0.328;18.293,5.188,1.119;18.427,6.999,1.006;7.151,4.722,0.359;8.388,14.026,2.102;8.427,19.699,0.294;13.619,17.487,0.418;0.487,15.533,0.716;11.073,18.842,2.140;18.209,10.773,0.683;16.864,10.411,1.383;11.865,12.546,0.357;12.571,0.515,0.818;1.703,15.595,0.307;0.701,9.573,0.738;16.410,10.961,1.080;5.736,0.389,0.335;4.419,16.061,1.685;19.573,2.194,0.296;3.521,13.629,2.313"
12,drone_8,15.5659,8.7634,17.0000,17.0000,"14.357,12.879,0.252;9.010,15.177,1.025;19.809,4.168,0.324;10.129,14.615,2.458;8.936,6.709,0.287;4.590,13.262,2.343;6.403,11.029,1.330;6.438,19.149,0.410;6.347,16.387,2.305;7.658,6.938,1.213;18.528,3.397,0.319;12.463,1.244,0.327;15.140,2.624,0.353;19.181,11.248,0.397;6.075,10.679,1.237;9.963,18.318,0.278;13.657,2.395,1.242;18.345,8.323,0.607;16.330,12.669,1.212;8.211,16.636,2.108;18.920,4.724,0.824;6.982,14.462,0.467;13.078,3.783,0.260;17.138,13.793,0.911;19.835,12.422,0.274;4.272,15.597,0.484;5.231,1.573,0.369;0.404,1.991,0.374;1.242,7.965,0.803;15.337,10.392,0.257;19.687,17.481,0.439;0.228,5.122,0.256;18.759,4.232,1.190;15.871,1.584,0.901;17.498,2.250,1.213;18.055,14.400,0.766;0.677,16.257,1.030;3.749,14.009,1.691;17.338,2.560,1.881;17.542,11.622,0.375;4.549,3.923,0.328;18.293,5.188,1.119;18.427,6.999,1.006;7.151,4.722,0.359;8.388,14.026,2.102;8.427,19.699,0.294;13.619,17.487,0.418;0.487,15.533,0.716;11.073,18.842,2.140;18.209,10.773,0.683;16.864,10.411,1.383;11.865,12.546,0.357;12.571,0.515,0.818;1.703,15.595,0.307;0.701,9.573,0.738;16.410,10.961,1.080;5.736,0.389,0.335;4.419,16.061,1.685;19.573,2.194,0.296;3.521,13.629,2.313"
13,drone_0,12.2823,9.0283,17.0000,17.0000,"14.357,12.879,0.252;9.010,15.177,1.025;19.809,4.168,0.324;10.129,14.615,2.458;8.936,6.709,0.287;4.590,13.262,2.343;6.403,11.029,1.330;6.438,19.149,0.410;6.347,16.387,2.305;7.658,6.938,1.213;18.528,3.397,0.319;12.463,1.244,0.327;15.140,2.624,0.353;19.181,11.248,0.397;6.075,10.679,1.237;9.963,18.318,0.278;13.657,2.395,1.242;18.345,8.323,0.607;16.330,12.669,1.212;8.211,16.636,2.108;18.920,4.724,0.824;6.982,14.462,0.467;13.078,3.783,0.260;17.138,13.793,0.911;19.835,12.422,0.274;4.272,15.597,0.484;5.231,1.573,0.369;0.404,1.991,0.374;1.242,7.965,0.803;15.337,10.392,0.257;19.687,17.481,0.439;0.228,5.122,0.256;18.759,4.232,1.190;15.871,1.584,0.901;17.498,2.250,1.213;18.055,14.400,0.766;0.677,16.257,1.030;3.749,14.009,1.691;17.338,2.560,1.881;17.542,11.622,0.375;4.549,3.923,0.328;18.293,5.188,1.119;18.427,6.999,1.006;7.151,4.722,0.359;8.388,14.026,2.102;8.427,19.699,0.294;13.619,17.487,0.418;0.487,15.533,0.716;11.073,18.842,2.140;18.209,10.773,0.683;16.864,10.411,1.383;11.865,12.546,0.357;12.571,0.515,0.818;1.703,15.595,0.307;0.701,9.573,0.738;16.410,10.961,1.080;5.736,0.389,0.335;4.419,16.061,1.685;19.573,2.194,0.296;3.521,13.629,2.313"
13,drone_2,4.8008,18.6831,17.0000,17.0000,"14.357,12.879,0.252;9.010,15.177,1.025;19.809,4.168,0.324;10.129,14.615,2.458;8.936,6.709,0.287;4.590,13.262,2.343;6.403,11.029,1.330;6.438,19.149,0.410;6.347,16.387,2.305;7.658,6.938,1.213;18.528,3.397,0.319;12.463,1.244,0.327;15.140,2.624,0.353;19.181,11.248,0.397;6.075,10.679,1.237;9.963,18.318,0.278;13.657,2.395,1.242;18.345,8.323,0.607;16.330,12.669,1.212;8.211,16.636,2.108;18.920,4.724,0.824;6.982,14.462,0.467;13.078,3.783,0.260;17.138,13.793,0.911;19.835,12.422,0.274;4.272,15.597,0.484;5.231,1.573,0.369;0.404,1.991,0.374;1.242,7.965,0.803;15.337,10.392,0.257;19.687,17.481,0.439;0.228,5.122,0.256;18.759,4.232,1.190;15.871,1.584,0.901;17.498,2.250,1.213;18.055,14.400,0.766;0.677,16.257,1.030;3.749,14.009,1.691;17.338,2.560,1.881;17.542,11.622,0.375;4.549,3.923,0.328;18.293,5.188,1.119;18.427,6.999,1.006;7.151,4.722,0.359;8.388,14.026,2.102;8.427,19.699,0.294;13.619,17.487,0.418;0.487,15.533,0.716;11.073,18.842,2.140;18.209,10.773,0.683;16.864,10.411,1.383;11.865,12.546,0.357;12.571,0.515,0.818;1.703,15.595,0.307;0.701,9.573,0.738;16.410,10.961,1.080;5.736,0.389,0.335;4.419,16.061,1.685;19.573,2.194,0.296;3.521,13.629,2.313"
13,drone_3,6.1458,8.1084,17.0000,17.0000,"14.357,12.879,0.252;9.010,15.177,1.025;19.809,4.168,0.324;10.129,14.615,2.458;8.936,6.709,0.287;4.590,13.262,2.343;6.403,11.029,1.330;6.438,19.149,0.410;6.347,16.387,2.305;7.658,6.938,1.213;18.528,3.397,0.319;12.463,1.244,0.327;15.140,2.624,0.353;19.181,11.248,0.397;6.075,10.679,1.237;9.963,18.318,0.278;13.657,2.395,1.242;18.345,8.323,0.607;16.330,12.669,1.212;8.211,16.636,2.108;18.920,4.724,0.824;6.982,14.462,0.467;13.078,3.783,0.260;17.138,13.793,0.911;19.835,12.422,0.274;4.272,15.597,0.484;5.231,1.573,0.369;0.404,1.991,0.374;1.242,7.965,0.803;15.337,10.392,0.257;19.687,17.481,0.439;0.228,5.122,0.256;18.759,4.232,1.190;15.871,1.584,0.901;17.498,2.250,1.213;18.055,14.400,0.766;0.677,16.257,1.030;3.749,14.009,1.691;17.338,2.560,1.881;17.542,11.622,0.375;4.549,3.923,0.328;18.293,5.188,1.119;18.427,6.999,1.006;7.151,4.722,0.359;8.388,14.026,2.102;8.427,19.699,0.294;13.619,17.487,0.418;0.487,15.533,0.716;11.073,18.842,2.140;18.209,10.773,0.683;16.864,10.411,1.383;11.865,12.546,0.357;12.571,0.515,0.818;1.703,15.595,0.307;0.701,9.573,0.738;16.410,10.961,1.080;5.736,0.389,0.335;4.419,16.061,1.685;19.573,2.194,0.296;3.521,13.629,2.313"
13,drone_4,13.4545,6.1400,17.0000,17.0000,"14.357,12.879,0.252;9.010,15.177,1.025;19.809,4.168,0.324;10.129,14.615,2.458;8.936,6.709,0.287;4.590,13.262,2.343;6.403,11.029,1.330;6.438,19.149,0.410;6.347,16.387,2.305;7.658,6.938,1.213;18.528,3.397,0.319;12.463,1.244,0.327;15.140,2.624,0.353;19.181,11.248,0.397;6.075,10.679,1.237;9.963,18.318,0.278;13.657,2.395,1.242;18.345,8.323,0.607;16.330,12.669,1.212;8.211,16.636,2.108;18.920,4.724,0.824;6.982,14.462,0.467;13.078,3.783,0.260;17.138,13.793,0.911;19.835,12.422,0.274;4.272,15.597,0.484;5.231,1.573,0.369;0.404,1.991,0.374;1.242,7.965,0.803;15.337,10.392,0.257;19.687,17.481,0.439;0.228,5.122,0.256;18.759,4.232,1.190;15.871,1.584,0.901;17.498,2.250,1.213;18.055,14.400,0.766;0.677,16.257,1.030;3.749,14.009,1.691;17.338,2.560,1.881;17.542,11.622,0.375;4.549,3.923,0.328;18.293,5.188,1.119;18.427,6.999,1.006;7.151,4.722,0.359;8.388,14.026,2.102;8.427,19.699,0.294;13.619,17.487,0.418;0.487,15.533,0.716;11.073,18.842,2.140;18.209,10.773,0.683;16.864,10.411,1.383;11.865,12.546,0.357;12.571,0.515,0.818;1.703,15.595,0.307;0.701,9.573,0.738;16.410,10.961,1.080;5.736,0.389,0.335;4.419,16.061,1.685;19.573,2.194,0.296;3.521,13.629,2.313"
13,drone_5,4.6166,7.1557,17.0000,17.0000,"14.357,12.879,0.252;9.010,15.177,1.025;19.809,4.168,0.324;10.129,14.615,2.458;8.936,6.709,0.287;4.590,13.262,2.343;6.403,11.029,1.330;6.438,19.149,0.410;6.347,16.387,2.305;7.658,6.938,1.213;18.528,3.397,0.319;12.463,1.244,0.327;15.140,2.624,0.353;19.181,11.248,0.397;6.075,10.679,1.237;9.963,18.318,0.278;13.657,2.395,1.242;18.345,8.323,0.607;16.330,12.669,1.212;8.211,16.636,2.108;18.920,4.724,0.824;6.982,14.462,0.467;13.078,3.783,0.260;17.138,13.793,0.911;19.835,12.422,0.274;4.272,15.597,0.484;5.231,1.573,0.369;0.404,1.991,0.374;1.242,7.965,0.803;15.337,10.392,0.257;19.687,17.481,0.439;0.228,5.122,0.256;18.759,4.232,1.190;15.871,1.584,0.901;17.498,2.250,1.213;18.055,14.400,0.766;0.677,16.257,1.030;3.749,14.009,1.691;17.338,2.560,1.881;17.542,11.622,0.375;4.549,3.923,0.328;18.293,5.188,1.119;18.427,6.999,1.006;7.151,4.722,0.359;8.388,14.026,2.102;8.427,19.699,0.294;13.619,17.487,0.418;0.487,15.533,0.716;11.073,18.842,2.140;18.209,10.773,0.683;16.864,10.411,1.383;11.865,12.546,0.357;12.571,0.515,0.818;1.703,15.595,0.307;0.701,9.573,0.738;16.410,10.961,1.080;5.736,0.389,0.335;4.419,16.061,1.685;19.573,2.194,0.296;3.521,13.629,2.313"
13,drone_6,10.9062,3.7173,17.0000,17.0000,"14.357,12.879,0.252;9.010,15.177,1.025;19.809,4.168,0.324;10.129,14.615,2.458;8.936,6.709,0.287;4.590,13.262,2.343;6.403,11.029,1.330;6.438,19.149,0.410;6.347,16.387,2.305;7.658,6.938,1.213;18.528,3.397,0.319;12.463,1.244,0.327;15.140,2.624,0.353;19.181,11.248,0.397;6.075,10.679,1.237;9.963,18.318,0.278;13.657,2.395,1.242;18.345,8.323,0.607;16.330,12.669,1.212;8.211,16.636,2.108;18.920,4.724,0.824;6.982,14.462,0.467;13.078,3.783,0.260;17.138,13.793,0.911;19.835,12.422,0.274;4.272,15.597,0.484;5.231,1.573,0.369;0.404,1.991,0.374;1.242,7.965,0.803;15.337,10.392,0.257;19.687,17.481,0.439;0.228,5.122,0.256;18.759,4.232,1.190;15.871,1.584,0.901;17.498,2.250,1.213;18.055,14.400,0.766;0.677,16.257,1.030;3.749,14.009,1.691;17.338,2.560,1.881;17.542,11.622,0.375;4.549,3.923,0.328;18.293,5.188,1.119;18.427,6.999,1.006;7.151,4.722,0.359;8.388,14.026,2.102;8.427,19.699,0.294;13.619,17.487,0.418;0.487,15.533,0.716;11.073,18.842,2.140;18.209,10.773,0.683;16.864,10.411,1.383;11.865,12.546,0.357;12.571,0.515,0.818;1.703,15.595,0.307;0.701,9.573,0.738;16.410,10.961,1.080;5.736,0.389,0.335;4.419,16.061,1.685;19.573,2.194,0.296;3.521,13.629,2.313"
13,drone_7,11.6991,10.3366,17.0000,17.0000,"14.357,12.879,0.252;9.010,15.177,1.025;19.809,4.168,0.324;10.129,14.615,2.458;8.936,6.709,0.287;4.590,13.262,2.343;6.403,11.029,1.330;6.438,19.149,0.410;6.347,16.387,2.305;7.658,6.938,1.213;18.528,3.397,0.319;12.463,1.244,0.327;15.140,2.624,0.353;19.181,11.248,0.397;6.075,10.679,1.237;9.963,18.318,0.278;13.657,2.395,1.242;18.345,8.323,0.607;16.330,12.669,1.212;8.211,16.636,2.108;18.920,4.724,0.824;6.982,14.462,0.467;13.078,3.783,0.260;17.138,13.793,0.911;19.835,12.422,0.274;4.272,15.597,0.484;5.231,1.573,0.369;0.404,1.991,0.374;1.242,7.965,0.803;15.337,10.392,0.257;19.687,17.481,0.439;0.228,5.122,0.256;18.759,4.232,1.190;15.871,1.584,0.901;17.498,2.250,1.213;18.055,14.400,0.766;0.677,16.257,1.030;3.749,14.009,1.691;17.338,2.560,1.881;17.542,11.622,0.375;4.549,3.923,0.328;18.293,5.188,1.119;18.427,6.999,1.006;7.151,4.722,0.359;8.388,14.026,2.102;8.427,19.699,0.294;13.619,17.487,0.418;0.487,15.533,0.716;11.073,18.842,2.140;18.209,10.773,0.683;16.864,10.411,1.383;11.865,12.546,0.357;12.571,0.515,0.818;1.703,15.595,0.307;0.701,9.573,0.738;16.410,10.961,1.080;5.736,0.389,0.335;4.419,16.061,1.685;19.573,2.194,0.296;3.521,13.629,2.313"
13,drone_8,15.6244,8.9546,17.0000,17.0000,"14.357,12.879,0.252;9.010,15.177,1.025;19.809,4.168,0.324;10.129,14.615,2.458;8.936,6.709,0.287;4.590,13.262,2.343;6.403,11.029,1.330;6.438,19.149,0.410;6.347,16.387,2.305;7.658,6.938,1.213;18.528,3.397,0.319;12.463,1.244,0.327;15.140,2.624,0.353;19.181,11.248,0.397;6.075,10.679,1.237;9.963,18.318,0.278;13.657,2.395,1.242;18.345,8.323,0.607;16.330,12.669,1.212;8.211,16.636,2.108;18.920,4.724,0.824;6.982,14.462,0.467;13.078,3.783,0.260;17.138,13.793,0.911;19.835,12.422,0.274;4.272,15.597,0.484;5.231,1.573,0.369;0.404,1.991,0.374;1.242,7.965,0.803;15.337,10.392,0.257;19.687,17.481,0.439;0.228,5.122,0.256;18.759,4.232,1.190;15.871,1.584,0.901;17.498,2.250,1.213;18.055,14.400,0.766;0.677,16.257,1.030;3.749,14.009,1.691;17.338,2.560,1.881;17.542,11.622,0.375;4.549,3.923,0.328;18.293,5.188,1.119;18.427,6.999,1.006;7.151,4.722,0.359;8.388,14.026,2.102;8.427,19.699,0.294;13.619,17.487,0.418;0.487,15.533,0.716;11.073,18.842,2.140;18.209,10.773,0.683;16.864,10.411,1.383;11.865,12.546,0.357;12.571,0.515,0.818;1.703,15.595,0.307;0.701,9.573,0.738;16.410,10.961,1.080;5.736,0.389,0.335;4.419,16.061,1.685;19.573,2.194,0.296;3.521,13.629,2.313"
14,drone_0,12.4773,9.0128,17.0000,17.0000,"14.357,12.879,0.252;9.010,15.177,1.025;19.809,4.168,0.324;10.129,14.615,2.458;8.936,6.709,0.287;4.590,13.262,2.343;6.403,11.029,1.330;6.438,19.149,0.410;6.347,16.387,2.305;7.658,6.938,1.213;18.528,3.397,0.319;12.463,1.244,0.327;15.140,2.624,0.353;19.181,11.248,0.397;6.075,10.679,1.237;9.963,18.318,0.278;13.657,2.395,1.242;18.345,8.323,0.607;16.330,12.669,1.212;8.211,16.636,2.108;18.920,4.724,0.824;6.982,14.462,0.467;13.078,3.783,0.260;17.138,13.793,0.911;19.835,12.422,0.274;4.272,15.597,0.484;5.231,1.573,0.369;0.404,1.991,0.374;1.242,7.965,0.803;15.337,10.392,0.257;19.687,17.481,0.439;0.228,5.122,0.256;18.759,4.232,1.190;15.871,1.584,0.901;17.498,2.250,1.213;18.055,14.400,0.766;0.677,16.257,1.030;3.749,14.009,1.691;17.338,2.560,1.881;17.542,11.622,0.375;4.549,3.923,0.328;18.293,5.188,1.119;18.427,6.999,1.006;7.151,4.722,0.359;8.388,14.026,2.102;8.427,19.699,0.294;13.619,17.487,0.418;0.487,15.533,0.716;11.073,18.842,2.140;18.209,10.773,0.683;16.864,10.411,1.383;11.865,12.546,0.357;12.571,0.515,0.818;1.703,15.595,0.307;0.701,9.573,0.738;16.410,10.961,1.080;5.736,0.389,0.335;4.419,16.061,1.685;19.573,2.194,0.296;3.521,13.629,2.313"
14,drone_2,5.0008,18.6826,17.0000,17.0000,"14.357,12.879,0.252;9.010,15.177,1.025;19.809,4.168,0.324;10.129,14.615,2.458;8.936,6.709,0.287;4.590,13.262,2.343;6.403,11.029,1.330;6.438,19.149,0.410;6.347,16.387,2.305;7.658,6.938,1.213;18.528,3.397,0.319;12.463,1.244,0.327;15.140,2.624,0.353;19.181,11.248,0.397;6.075,10.679,1.237;9.963,18.318,0.278;13.657,2.395,1.242;18.345,8.323,0.607;16.330,12.669,1.212;8.211,16.636,2.108;18.920,4.724,0.824;6.982,14.462,0.467;13.078,3.783,0.260;17.138,13.793,0.911;19.835,12.422,0.274;4.272,15.597,0.484;5.231,1.573,0.369;0.404,1.991,0.374;1.242,7.965,0.803;15.337,10.392,0.257;19.687,17.481,0.439;0.228,5.122,0.256;18.759,4.232,1.190;15.871,1.584,0.901;17.498,2.250,1.213;18.055,14.400,0.766;0.677,16.257,1.030;3.749,14.009,1.691;17.338,2.560,1.881;17.542,11.622,0.375;4.549,3.923,0.328;18.293,5.188,1.119;18.427,6.999,1.006;7.151,4.722,0.359;8.388,14.026,2.102;8.427,19.699,0.294;13.619,17.487,0.418;0.487,15.533,0.716;11.073,18.842,2.140;18.209,10.773,0.683;16.864,10.411,1.383;11.865,12.546,0.357;12.571,0.515,0.818;1.703,15.595,0.307;0.701,9.573,0.738;16.410,10.961,1.080;5.736,0.389,0.335;4.419,16.061,1.685;19.573,2.194,0.296;3.521,13.629,2.313"
14,drone_3,6.3270,8.1931,17.0000,17.0000,"14.357,12.879,0.252;9.010,15.177,1.025;19.809,4.168,0.324;10.129,14.615,2.458;8.936,6.709,0.287;4.590,13.262,2.343;6.403,11.029,1.330;6.438,19.149,0.410;6.347,16.387,2.305;7.658,6.938,1.213;18.528,3.397,0.319;12.463,1.244,0.327;15.140,2.624,0.353;19.181,11.248,0.397;6.075,10.679,1.237;9.963,18.318,0.278;13.657,2.395,1.242;18.345,8.323,0.607;16.330,12.669,1.212;8.211,16.636,2.108;18.920,4.724,0.824;6.982,14.462,0.467;13.078,3.783,0.260;17.138,13.793,0.911;19.835,12.422,0.274;4.272,15.597,0.484;5.231,1.573,0.369;0.404,1.991,0.374;1.242,7.965,0.803;15.337,10.392,0.257;19.687,17.481,0.439;0.228,5.122,0.256;18.759,4.232,1.190;15.871,1.584,0.901;17.498,2.250,1.213;18.055,14.400,0.766;0.677,16.257,1.030;3.749,14.009,1.691;17.338,2.560,1.881;17.542,11.622,0.375;4.549,3.923,0.328;18.293,5.188,1.119;18.427,6.999,1.006;7.151,4.722,0.359;8.388,14.026,2.102;8.427,19.699,0.294;13.619,17.487,0.418;0.487,15.533,0.716;11.073,18.842,2.140;18.209,10.773,0.683;16.864,10.411,1.383;11.865,12.546,0.357;12.571,0.515,0.818;1.703,15.595,0.307;0.701,9.573,0.738;16.410,10.961,1.080;5.736,0.389,0.335;4.419,16.061,1.685;19.573,2.194,0.296;3.521,13.629,2.313"
14,drone_4,13.5937,6.2836,17.0000,17.0000,"14.357,12.879,0.252;9.010,15.177,1.025;19.809,4.168,0.324;10.129,14.615,2.458;8.936,6.709,0.287;4.590,13.262,2.343;6.403,11.029,1.330;6.438,19.149,0.410;6.347,16.387,2.305;7.658,6.938,1.213;18.528,3.397,0.319;12.463,1.244,0.327;15.140,2.624,0.353;19.181,11.248,0.397;6.075,10.679,1.237;9.963,18.318,0.278;13.657,2.395,1.242;18.345,8.323,0.607;16.330,12.669,1.212;8.211,16.636,2.108;18.920,4.724,0.824;6.982,14.462,0.467;13.078,3.783,0.260;17.138,13.793,0.911;19.835,12.422,0.274;4.272,15.597,0.484;5.231,1.573,0.369;0.404,1.991,0.374;1.242,7.965,0.803;15.337,10.392,0.257;19.687,17.481,0.439;0.228,5.122,0.256;18.759,4.232,1.190;15.871,1.584,0.901;17.498,2.250,1.213;18.055,14.400,0.766;0.677,16.257,1.030;3.749,14.009,1.691;17.338,2.560,1.881;17.542,11.622,0.375;4.549,3.923,0.328;18.293,5.188,1.119;18.427,6.999,1.006;7.151,4.722,0.359;8.388,14.026,2.102;8.427,19.699,0.294;13.619,17.487,0.418;0.487,15.533,0.716;11.073,18.842,2.140;18.209,10.773,0.683;16.864,10.411,1.383;11.865,12.546,0.357;12.571,0.515,0.818;1.703,15.595,0.307;0.701,9.573,0.738;16.410,10.961,1.080;5.736,0.389,0.335;4.419,16.061,1.685;19.573,2.194,0.296;3.521,13.629,2.313"
14,drone_5,4.7357,7.3163,17.0000,17.0000,"14.357,12.879,0.252;9.010,15.177,1.025;19.809,4.168,0.324;10.129,14.615,2.458;8.936,6.709,0.287;4.590,13.262,2.343;6.403,11.029,1.330;6.438,19.149,0.410;6.347,16.387,2.305;7.658,6.938,1.213;18.528,3.397,0.319;12.463,1.244,0.327;15.140,2.624,0.353;19.181,11.248,0.397;6.075,10.679,1.237;9.963,18.318,0.278;13.657,2.395,1.242;18.345,8.323,0.607;16.330,12.669,1.212;8.211,16.636,2.108;18.920,4.724,0.824;6.982,14.462,0.467;13.078,3.783,0.260;17.138,13.793,0.911;19.835,12.422,0.274;4.272,15.597,0.484;5.231,1.573,0.369;0.404,1.991,0.374;1.242,7.965,0.803;15.337,10.392,0.257;19.687,17.481,0.439;0.228,5.122,0.256;18.759,4.232,1.190;15.871,1.584,0.901;17.498,2.250,1.213;18.055,14.400,0.766;0.677,16.257,1.030;3.749,14.009,1.691;17.338,2.560,1.881;17.542,11.622,0.375;4.549,3.923,0.328;18.293,5.188,1.119;18.427,6.999,1.006;7.151,4.722,0.359;8.388,14.026,2.102;8.427,19.699,0.294;13.619,17.487,0.418;0.487,15.533,0.716;11.073,18.842,2.140;18.209,10.773,0.683;16.864,10.411,1.383;11.865,12.546,0.357;12.571,0.515,0.818;1.703,15.595,0.307;0.701,9.573,0.738;16.410,10.961,1.080;5.736,0.389,0.335;4.419,16.061,1.685;19.573,2.194,0.296;3.521,13.629,2.313"
14,drone_6,11.0694,3.8330,17.0000,17.0000,"14.357,12.879,0.252;9.010,15.177,1.025;19.809,4.168,0.324;10.129,14.615,2.458;8.936,6.709,0.287;4.590,13.262,2.343;6.403,11.029,1.330;6.438,19.149,0.410;6.347,16.387,2.305;7.658,6.938,1.213;18.528,3.397,0.319;12.463,1.244,0.327;15.140,2.624,0.353;19.181,11.248,0.397;6.075,10.679,1.237;9.963,18.318,0.278;13.657,2.395,1.242;18.345,8.323,0.607;16.330,12.669,1.212;8.211,16.636,2.108;18.920,4.724,0.824;6.982,14.462,0.467;13.078,3.783,0.260;17.138,13.793,0.911;19.835,12.422,0.274;4.272,15.597,0.484;5.231,1.573,0.369;0.404,1.991,0.374;1.242,7.965,0.803;15.337,10.392,0.257;19.687,17.481,0.439;0.228,5.122,0.256;18.759,4.232,1.190;15.871,1.584,0.901;17.498,2.250,1.213;18.055,14.400,0.766;0.677,16.257,1.030;3.749,14.009,1.691;17.338,2.560,1.881;17.542,11.622,0.375;4.549,3.923,0.328;18.293,5.188,1.119;18.427,6.999,1.006;7.151,4.722,0.359;8.388,14.026,2.102;8.427,19.699,0.294;13.619,17.487,0.418;0.487,15.533,0.716;11.073,18.842,2.140;18.209,10.773,0.683;16.864,10.411,1.383;11.865,12.546,0.357;12.571,0.515,0.818;1.703,15.595,0.307;0.701,9.573,0.738;16.410,10.961,1.080;5.736,0.389,0.335;4.419,16.061,1.685;19.573,2.194,0.296;3.521,13.629,2.313"
14,drone_7,11.8775,10.4269,17.0000,17.0000,"14.357,12.879,0.252;9.010,15.177,1.025;19.809,4.168,0.324;10.129,14.615,2.458;8.936,6.709,0.287;4.590,13.262,2.343;6.403,11.029,1.330;6.438,19.149,0.410;6.347,16.387,2.305;7.658,6.938,1.213;18.528,3.397,0.319;12.463,1.244,0.327;15.140,2.624,0.353;19.181,11.248,0.397;6.075,10.679,1.237;9.963,18.318,0.278;13.657,2.395,1.242;18.345,8.323,0.607;16.330,12.669,1.212;8.211,16.636,2.108;18.920,4.724,0.824;6.982,14.462,0.467;13.078,3.783,0.260;17.138,13.793,0.911;19.835,12.422,0.274;4.272,15.597,0.484;5.231,1.573,0.369;0.404,1.991,0.374;1.242,7.965,0.803;15.337,10.392,0.257;19.687,17.481,0.439;0.228,5.122,0.256;18.759,4.232,1.190;15.871,1.584,0.901;17.498,2.250,1.213;18.055,14.400,0.766;0.677,16.257,1.030;3.749,14.009,1.691;17.338,2.560,1.881;17.542,11.622,0.375;4.549,3.923,0.328;18.293,5.188,1.119;18.427,6.999,1.006;7.151,4.722,0.359;8.388,14.026,2.102;8.427,19.699,0.294;13.619,17.487,0.418;0.487,15.533,0.716;11.073,18.842,2.140;18.209,10.773,0.683;16.864,10.411,1.383;11.865,12.546,0.357;12.571,0.515,0.818;1.703,15.595,0.307;0.701,9.573,0.738;16.410,10.961,1.080;5.736,0.389,0.335;4.419,16.061,1.685;19.573,2.194,0.296;3.521,13.629,2.313"
14,drone_8,15.6760,9.1478,17.0000,17.0000,"14.357,12.879,0.252;9.010,15.177,1.025;19.809,4.168,0.324;10.129,14.615,2.458;8.936,6.709,0.287;4.590,13.262,2.343;6.403,11.029,1.330;6.438,19.149,0.410;6.347,16.387,2.305;7.658,6.938,1.213;18.528,3.397,0.319;12.463,1.244,0.327;15.140,2.624,0.353;19.181,11.248,0.397;6.075,10.679,1.237;9.963,18.318,0.278;13.657,2.395,1.242;18.345,8.323,0.607;16.330,12.669,1.212;8.211,16.636,2.108;18.920,4.724,0.824;6.982,14.462,0.467;13.078,3.783,0.260;17.138,13.793,0.911;19.835,12.422,0.274;4.272,15.597,0.484;5.231,1.573,0.369;0.404,1.991,0.374;1.242,7.965,0.803;15.337,10.392,0.257;19.687,17.481,0.439;0.228,5.122,0.256;18.759,4.232,1.190;15.871,1.584,0.901;17.498,2.250,1.213;18.055,14.400,0.766;0.677,16.257,1.030;3.749,14.009,1.691;17.338,2.560,1.881;17.542,11.622,0.375;4.549,3.923,0.328;18.293,5.188,1.119;18.427,6.999,1.006;7.151,4.722,0.359;8.388,14.026,2.102;8.427,19.699,0.294;13.619,17.487,0.418;0.487,15.533,0.716;11.073,18.842,2.140;18.209,10.773,0.683;16.864,10.411,1.383;11.865,12.546,0.357;12.571,0.515,0.818;1.703,15.595,0.307;0.701,9.573,0.738;16.410,10.961,1.080;5.736,0.389,0.335;4.419,16.061,1.685;19.573,2.194,0.296;3.521,13.629,2.313"
15,drone_0,12.6769,8.9995,17.0000,17.0000,"14.357,12.879,0.252;9.010,15.177,1.025;19.809,4.168,0.324;10.129,14.615,2.458;8.936,6.709,0.287;4.590,13.262,2.343;6.403,11.029,1.330;6.438,19.149,0.410;6.347,16.387,2.305;7.658,6.938,1.213;18.528,3.397,0.319;12.463,1.244,0.327;15.140,2.624,0.353;19.181,11.248,0.397;6.075,10.679,1.237;9.963,18.318,0.278;13.657,2.395,1.242;18.345,8.323,0.607;16.330,12.669,1.212;8.211,16.636,2.108;18.920,4.724,0.824;6.982,14.462,0.467;13.078,3.783,0.260;17.138,13.793,0.911;19.835,12.422,0.274;4.272,15.597,0.484;5.231,1.573,0.369;0.404,1.991,0.374;1.242,7.965,0.803;15.337,10.392,0.257;19.687,17.481,0.439;0.228,5.122,0.256;18.759,4.232,1.190;15.871,1.584,0.901;17.498,2.250,1.213;18.055,14.400,0.766;0.677,16.257,1.030;3.749,14.009,1.691;17.338,2.560,1.881;17.542,11.622,0.375;4.549,3.923,0.328;18.293,5.188,1.119;18.427,6.999,1.006;7.151,4.722,0.359;8.388,14.026,2.102;8.427,19.699,0.294;13.619,17.487,0.418;0.487,15.533,0.716;11.073,18.842,2.140;18.209,10.773,0.683;16.864,10.411,1.383;11.865,12.546,0.357;12.571,0.515,0.818;1.703,15.595,0.307;0.701,9.573,0.738;16.410,10.961,1.080;5.736,0.389,0.335;4.419,16.061,1.685;19.573,2.194,0.296;3.521,13.629,2.313"
15,drone_2,5.1987,18.7117,17.0000,17.0000,"14.357,12.879,0.252;9.010,15.177,1.025;19.809,4.168,0.324;10.129,14.615,2.458;8.936,6.709,0.287;4.590,13.262,2.343;6.403,11.029,1.330;6.438,19.149,0.410;6.347,16.387,2.305;7.658,6.938,1.213;18.528,3.397,0.319;12.463,1.244,0.327;15.140,2.624,0.353;19.181,11.248,0.397;6.075,10.679,1.237;9.963,18.318,0.278;13.657,2.395,1.242;18.345,8.323,0.607;16.330,12.669,1.212;8.211,16.636,2.108;18.920,4.724,0.824;6.982,14.462,0.467;13.078,3.783,0.260;17.138,13.793,0.911;19.835,12.422,0.274;4.272,15.597,0.484;5.231,1.573,0.369;0.404,1.991,0.374;1.242,7.965,0.803;15.337,10.392,0.257;19.687,17.481,0.439;0.228,5.122,0.256;18.759,4.232,1.190;15.871,1.584,0.901;17.498,2.250,1.213;18.055,14.400,0.766;0.677,16.257,1.030;3.749,14.009,1.691;17.338,2.560,1.881;17.542,11.622,0.375;4.549,3.923,0.328;18.293,5.188,1.119;18.427,6.999,1.006;7.151,4.722,0.359;8.388,14.026,2.102;8.427,19.699,0.294;13.619,17.487,0.418;0.487,15.533,0.716;11.073,18.842,2.140;18.209,10.773,0.683;16.864,10.411,1.383;11.865,12.546,0.357;12.571,0.515,0.818;1.703,15.595,0.307;0.701,9.573,0.738;16.410,10.961,1.080;5.736,0.389,0.335;4.419,16.061,1.685;19.573,2.194,0.296;3.521,13.629,2.313"
15,drone_3,6.5119,8.2694,17.0000,17.0000,"14.357,12.879,0.252;9.010,15.177,1.025;19.809,4.168,0.324;10.129,14.615,2.458;8.936,6.709,0.287;4.590,13.262,2.343;6.403,11.029,1.330;6.438,19.149,0.410;6.347,16.387,2.305;7.658,6.938,1.213;18.528,3.397,0.319;12.463,1.244,0.327;15.140,2.624,0.353;19.181,11.248,0.397;6.075,10.679,1.237;9.963,18.318,0.278;13.657,2.395,1.242;18.345,8.323,0.607;16.330,12.669,1.212;8.211,16.636,2.108;18.920,4.724,0.824;6.982,14.462,0.467;13.078,3.783,0.260;17.138,13.793,0.911;19.835,12.422,0.274;4.272,15.597,0.484;5.231,1.573,0.369;0.404,1.991,0.374;1.242,7.965,0.803;15.337,10.392,0.257;19.687,17.481,0.439;0.228,5.122,0.256;18.759,4.232,1.190;15.871,1.584,0.901;17.498,2.250,1.213;18.055,14.400,0.766;0.677,16.257,1.030;3.749,14.009,1.691;17.338,2.560,1.881;17.542,11.622,0.375;4.549,3.923,0.328;18.293,5.188,1.119;18.427,6.999,1.006;7.151,4.722,0.359;8.388,14.026,2.102;8.427,19.699,0.294;13.619,17.487,0.418;0.487,15.533,0.716;11.073,18.842,2.140;18.209,10.773,0.683;16.864,10.411,1.383;11.865,12.546,0.357;12.571,0.515,0.818;1.703,15.595,0.307;0.701,9.573,0.738;16.410,10.961,1.080;5.736,0.389,0.335;4.419,16.061,1.685;19.573,2.194,0.296;3.521,13.629,2.313"
15,drone_4,13.7310,6.4290,17.0000,17.0000,"14.357,12.879,0.252;9.010,15.177,1.025;19.809,4.168,0.324;10.129,14.615,2.458;8.936,6.709,0.287;4.590,13.262,2.343;6.403,11.029,1.330;6.438,19.149,0.410;6.347,16.387,2.305;7.658,6.938,1.213;18.528,3.397,0.319;12.463,1.244,0.327;15.140,2.624,0.353;19.181,11.248,0.397;6.075,10.679,1.237;9.963,18.318,0.278;13.657,2.395,1.242;18.345,8.323,0.607;16.330,12.669,1.212;8.211,16.636,2.108;18.920,4.724,0.824;6.982,14.462,0.467;13.078,3.783,0.260;17.138,13.793,0.911;19.835,12.422,0.274;4.272,15.597,0.484;5.231,1.573,0.369;0.404,1.991,0.374;1.242,7.965,0.803;15.337,10.392,0.257;19.687,17.481,0.439;0.228,5.122,0.256;18.759,4.232,1.190;15.871,1.584,0.901;17.498,2.250,1.213;18.055,14.400,0.766;0.677,16.257,1.030;3.749,14.009,1.691;17.338,2.560,1.881;17.542,11.622,0.375;4.549,3.923,0.328;18.293,5.188,1.119;18.427,6.999,1.006;7.151,4.722,0.359;8.388,14.026,2.102;8.427,19.699,0.294;13.619,17.487,0.418;0.487,15.533,0.716;11.073,18.842,2.140;18.209,10.773,0.683;16.864,10.411,1.383;11.865,12.546,0.357;12.571,0.515,0.818;1.703,15.595,0.307;0.701,9.573,0.738;16.410,10.961,1.080;5.736,0.389,0.335;4.419,16.061,1.685;19.573,2.194,0.296;3.521,13.629,2.313"
15,drone_5,4.8422,7.4856,17.0000,17.0000,"14.357,12.879,0.252;9.010,15.177,1.025;19.809,4.168,0.324;10.129,14.615,2.458;8.936,6.709,0.287;4.590,13.262,2.343;6.403,11.029,1.330;6.438,19.149,0.410;6.347,16.387,2.305;7.658,6.938,1.213;18.528,3.397,0.319;12.463,1.244,0.327;15.140,2.624,0.353;19.181,11.248,0.397;6.075,10.679,1.237;9.963,18.318,0.278;13.657,2.395,1.242;18.345,8.323,0.607;16.330,12.669,1.212;8.211,16.636,2.108;18.920,4.724,0.824;6.982,14.462,0.467;13.078,3.783,0.260;17.138,13.793,0.911;19.835,12.422,0.274;4.272,15.597,0.484;5.231,1.573,0.369;0.404,1.991,0.374;1.242,7.965,0.803;15.337,10.392,0.257;19.687,17.481,0.439;0.228,5.122,0.256;18.759,4.232,1.190;15.871,1.584,0.901;17.498,2.250,1.213;18.055,14.400,0.766;0.677,16.257,1.030;3.749,14.009,1.691;17.338,2.560,1.881;17.542,11.622,0.375;4.549,3.923,0.328;18.293,5.188,1.119;18.427,6.999,1.006;7.151,4.722,0.359;8.388,14.026,2.102;8.427,19.699,0.294;13.619,17.487,0.418;0.487,15.533,0.716;11.073,18.842,2.140;18.209,10.773,0.683;16.864,10.411,1.383;11.865,12.546,0.357;12.571,0.515,0.818;1.703,15.595,0.307;0.701,9.573,0.738;16.410,10.961,1.080;5.736,0.389,0.335;4.419,16.061,1.685;19.573,2.194,0.296;3.521,13.629,2.313"
15,drone_6,11.2410,3.9357,17.0000,17.0000,"14.357,12.879,0.252;9.010,15.177,1.025;19.809,4.168,0.324;10.129,14.615,2.458;8.936,6.709,0.287;4.590,13.262,2.343;6.403,11.029,1.330;6.438,19.149,0.410;6.347,16.387,2.305;7.658,6.938,1.213;18.528,3.397,0.319;12.463,1.244,0.327;15.140,2.624,0.353;19.181,11.248,0.397;6.075,10.679,1.237;9.963,18.318,0.278;13.657,2.395,1.242;18.345,8.323,0.607;16.330,12.669,1.212;8.211,16.636,2.108;18.920,4.724,0.824;6.982,14.462,0.467;13.078,3.783,0.260;17.138,13.793,0.911;19.835,12.422,0.274;4.272,15.597,0.484;5.231,1.573,0.369;0.404,1.991,0.374;1.242,7.965,0.803;15.337,10.392,0.257;19.687,17.481,0.439;0.228,5.122,0.256;18.759,4.232,1.190;15.871,1.584,0.901;17.498,2.250,1.213;18.055,14.400,0.766;0.677,16.257,1.030;3.749,14.009,1.691;17.338,2.560,1.881;17.542,11.622,0.375;4.549,3.923,0.328;18.293,5.188,1.119;18.427,6.999,1.006;7.151,4.722,0.359;8.388,14.026,2.102;8.427,19.699,0.294;13.619,17.487,0.418;0.487,15.533,0.716;11.073,18.842,2.140;18.209,10.773,0.683;16.864,10.411,1.383;11.865,12.546,0.357;12.571,0.515,0.818;1.703,15.595,0.307;0.701,9.573,0.738;16.410,10.961,1.080;5.736,0.389,0.335;4.419,16.061,1.685;19.573,2.194,0.296;3.521,13.629,2.313"
15,drone_7,12.0525,10.5238,17.0000,17.0000,"14.357,12.879,0.252;9.010,15.177,1.025;19.809,4.168,0.324;10.129,14.615,2.458;8.936,6.709,0.287;4.590,13.262,2.343;6.403,11.029,1.330;6.438,19.149,0.410;6.347,16.387,2.305;7.658,6.938,1.213;18.528,3.397,0.319;12.463,1.244,0.327;15.140,2.624,0.353;19.181,11.248,0.397;6.075,10.679,1.237;9.963,18.318,0.278;13.657,2.395,1.242;18.345,8.323,0.607;16.330,12.669,1.212;8.211,16.636,2.108;18.920,4.724,0.824;6.982,14.462,0.467;13.078,3.783,0.260;17.138,13.793,0.911;19.835,12.422,0.274;4.272,15.597,0.484;5.231,1.573,0.369;0.404,1.991,0.374;1.242,7.965,0.803;15.337,10.392,0.257;19.687,17.481,0.439;0.228,5.122,0.256;18.759,4.232,1.190;15.871,1.584,0.901;17.498,2.250,1.213;18.055,14.400,0.766;0.677,16.257,1.030;3.749,14.009,1.691;17.338,2.560,1.881;17.542,11.622,0.375;4.549,3.923,0.328;18.293,5.188,1.119;18.427,6.999,1.006;7.151,4.722,0.359;8.388,14.026,2.102;8.427,19.699,0.294;13.619,17.487,0.418;0.487,15.533,0.716;11.073,18.842,2.140;18.209,10.773,0.683;16.864,10.411,1.383;11.865,12.546,0.357;12.571,0.515,0.818;1.703,15.595,0.307;0.701,9.573,0.738;16.410,10.961,1.080;5.736,0.389,0.335;4.419,16.061,1.685;19.573,2.194,0.296;3.521,13.629,2.313"
15,drone_8,15.7118,9.3446,17.0000,17.0000,"14.357,12.879,0.252;9.010,15.177,1.025;19.809,4.168,0.324;10.129,14.615,2.458;8.936,6.709,0.287;4.590,13.262,2.343;6.403,11.029,1.330;6.438,19.149,0.410;6.347,16.387,2.305;7.658,6.938,1.213;18.528,3.397,0.319;12.463,1.244,0.327;15.140,2.624,0.353;19.181,11.248,0.397;6.075,10.679,1.237;9.963,18.318,0.278;13.657,2.395,1.242;18.345,8.323,0.607;16.330,12.669,1.212;8.211,16.636,2.108;18.920,4.724,0.824;6.982,14.462,0.467;13.078,3.783,0.260;17.138,13.793,0.911;19.835,12.422,0.274;4.272,15.597,0.484;5.231,1.573,0.369;0.404,1.991,0.374;1.242,7.965,0.803;15.337,10.392,0.257;19.687,17.481,0.439;0.228,5.122,0.256;18.759,4.232,1.190;15.871,1.584,0.901;17.498,2.250,1.213;18.055,14.400,0.766;0.677,16.257,1.030;3.749,14.009,1.691;17.338,2.560,1.881;17.542,11.622,0.375;4.549,3.923,0.328;18.293,5.188,1.119;18.427,6.999,1.006;7.151,4.722,0.359;8.388,14.026,2.102;8.427,19.699,0.294;13.619,17.487,0.418;0.487,15.533,0.716;11.073,18.842,2.140;18.209,10.773,0.683;16.864,10.411,1.383;11.865,12.546,0.357;12.571,0.515,0.818;1.703,15.595,0.307;0.701,9.573,0.738;16.410,10.961,1.080;5.736,0.389,0.335;4.419,16.061,1.685;19.573,2.194,0.296;3.521,13.629,2.313"
16,drone_0,12.8768,9.0024,17.0000,17.0000,"14.357,12.879,0.252;9.010,15.177,1.025;19.809,4.168,0.324;10.129,14.615,2.458;8.936,6.709,0.287;4.590,13.262,2.343;6.403,11.029,1.330;6.438,19.149,0.410;6.347,16.387,2.305;7.658,6.938,1.213;18.528,3.397,0.319;12.463,1.244,0.327;15.140,2.624,0.353;19.181,11.248,0.397;6.075,10.679,1.237;9.963,18.318,0.278;13.657,2.395,1.242;18.345,8.323,0.607;16.330,12.669,1.212;8.211,16.636,2.108;18.920,4.724,0.824;6.982,14.462,0.467;13.078,3.783,0.260;17.138,13.793,0.911;19.835,12.422,0.274;4.272,15.597,0.484;5.231,1.573,0.369;0.404,1.991,0.374;1.242,7.965,0.803;15.337,10.392,0.257;19.687,17.481,0.439;0.228,5.122,0.256;18.759,4.232,1.190;15.871,1.584,0.901;17.498,2.250,1.213;18.055,14.400,0.766;0.677,16.257,1.030;3.749,14.009,1.691;17.338,2.560,1.881;17.542,11.622,0.375;4.549,3.923,0.328;18.293,5.188,1.119;18.427,6.999,1.006;7.151,4.722,0.359;8.388,14.026,2.102;8.427,19.699,0.294;13.619,17.487,0.418;0.487,15.533,0.716;11.073,18.842,2.140;18.209,10.773,0.683;16.864,10.411,1.383;11.865,12.546,0.357;12.571,0.515,0.818;1.703,15.595,0.307;0.701,9.573,0.738;16.410,10.961,1.080;5.736,0.389,0.335;4.419,16.061,1.685;19.573,2.194,0.296;3.521,13.629,2.313"
16,drone_2,5.3891,18.7728,17.0000,17.0000,"14.357,12.879,0.252;9.010,15.177,1.025;19.809,4.168,0.324;10.129,14.615,2.458;8.936,6.709,0.287;4.590,13.262,2.343;6.403,11.029,1.330;6.438,19.149,0.410;6.347,16.387,2.305;7.658,6.938,1.213;18.528,3.397,0.319;12.463,1.244,0.327;15.140,2.624,0.353;19.181,11.248,0.397;6.075,10.679,1.237;9.963,18.318,0.278;13.657,2.395,1.242;18.345,8.323,0.607;16.330,12.669,1.212;8.211,16.636,2.108;18.920,4.724,0.824;6.982,14.462,0.467;13.078,3.783,0.260;17.138,13.793,0.911;19.835,12.422,0.274;4.272,15.597,0.484;5.231,1.573,0.369;0.404,1.991,0.374;1.242,7.965,0.803;15.337,10.392,0.257;19.687,17.481,0.439;0.228,5.122,0.256;18.759,4.232,1.190;15.871,1.584,0.901;17.498,2.250,1.213;18.055,14.400,0.766;0.677,16.257,1.030;3.749,14.009,1.691;17.338,2.560,1.881;17.542,11.622,0.375;4.549,3.923,0.328;18.293,5.188,1.119;18.427,6.999,1.006;7.151,4.722,0.359;8.388,14.026,2.102;8.427,19.699,0.294;13.619,17.487,0.418;0.487,15.533,0.716;11.073,18.842,2.140;18.209,10.773,0.683;16.864,10.411,1.383;11.865,12.546,0.357;12.571,0.515,0.818;1.703,15.595,0.307;0.701,9.573,0.738;16.410,10.961,1.080;5.736,0.389,0.335;4.419,16.061,1.685;19.573,2.194,0.296;3.521,13.629,2.313"
16,drone_3,6.6989,8.3402,17.0000,17.0000,"14.357,12.879,0.252;9.010,15.177,1.025;19.809,4.168,0.324;10.129,14.615,2.458;8.936,6.709,0.287;4.590,13.262,2.343;6.403,11.029,1.330;6.438,19.149,0.410;6.347,16.387,2.305;7.658,6.938,1.213;18.528,3.397,0.319;12.463,1.244,0.327;15.140,2.624,0.353;19.181,11.248,0.397;6.075,10.679,1.237;9.963,18.318,0.278;13.657,2.395,1.242;18.345,8.323,0.607;16.330,12.669,1.212;8.211,16.636,2.108;18.920,4.724,0.824;6.982,14.462,0.467;13.078,3.783,0.260;17.138,13.793,0.911;19.835,12.422,0.274;4.272,15.597,0.484;5.231,1.573,0.369;0.404,1.991,0.374;1.242,7.965,0.803;15.337,10.392,0.257;19.687,17.481,0.439;0.228,5.122,0.256;18.759,4.232,1.190;15.871,1.584,0.901;17.498,2.250,1.213;18.055,14.400,0.766;0.677,16.257,1.030;3.749,14.009,1.691;17.338,2.560,1.881;17.542,11.622,0.375;4.549,3.923,0.328;18.293,5.188,1.119;18.427,6.999,1.006;7.151,4.722,0.359;8.388,14.026,2.102;8.427,19.699,0.294;13.619,17.487,0.418;0.487,15.533,0.716;11.073,18.842,2.140;18.209,10.773,0.683;16.864,10.411,1.383;11.865,12.546,0.357;12.571,0.515,0.818;1.703,15.595,0.307;0.701,9.573,0.738;16.410,10.961,1.080;5.736,0.389,0.335;4.419,16.061,1.685;19.573,2.194,0.296;3.521,13.629,2.313"
16,drone_4,13.8687,6.5741,17.0000,17.0000,"14.357,12.879,0.252;9.010,15.177,1.025;19.809,4.168,0.324;10.129,14.615,2.458;8.936,6.709,0.287;4.590,13.262,2.343;6.403,11.029,1.330;6.438,19.149,0.410;6.347,16.387,2.305;7.658,6.938,1.213;18.528,3.397,0.319;12.463,1.244,0.327;15.140,2.624,0.353;19.181,11.248,0.397;6.075,10.679,1.237;9.963,18.318,0.278;13.657,2.395,1.242;18.345,8.323,0.607;16.330,12.669,1.212;8.211,16.636,2.108;18.920,4.724,0.824;6.982,14.462,0.467;13.078,3.783,0.260;17.138,13.793,0.911;19.835,12.422,0.274;4.272,15.597,0.484;5.231,1.573,0.369;0.404,1.991,0.374;1.242,7.965,0.803;15.337,10.392,0.257;19.687,17.481,0.439;0.228,5.122,0.256;18.759,4.232,1.190;15.871,1.584,0.901;17.498,2.250,1.213;18.055,14.400,0.766;0.677,16.257,1.030;3.749,14.009,1.691;17.338,2.560,1.881;17.542,11.622,0.375;4.549,3.923,0.328;18.293,5.188,1.119;18.427,6.999,1.006;7.151,4.722,0.359;8.388,14.026,2.102;8.427,19.699,0.294;13.619,17.487,0.418;0.487,15.533,0.716;11.073,18.842,2.140;18.209,10.773,0.683;16.864,10.411,1.383;11.865,12.546,0.357;12.571,0.515,0.818;1.703,15.595,0.307;0.701,9.573,0.738;16.410,10.961,1.080;5.736,0.389,0.335;4.419,16.061,1.685;19.573,2.194,0.296;3.521,13.629,2.313"
16,drone_5,4.9353,7.6626,17.0000,17.0000,"14.357,12.879,0.252;9.010,15.177,1.025;19.809,4.168,0.324;10.129,14.615,2.458;8.936,6.709,0.287;4.590,13.262,2.343;6.403,11.029,1.330;6.438,19.149,0.410;6.347,16.387,2.305;7.658,6.938,1.213;18.528,3.397,0.319;12.463,1.244,0.327;15.140,2.624,0.353;19.181,11.248,0.397;6.075,10.679,1.237;9.963,18.318,0.278;13.657,2.395,1.242;18.345,8.323,0.607;16.330,12.669,1.212;8.211,16.636,2.108;18.920,4.724,0.824;6.982,14.462,0.467;13.078,3.783,0.260;17.138,13.793,0.911;19.835,12.422,0.274;4.272,15.597,0.484;5.231,1.573,0.369;0.404,1.991,0.374;1.242,7.965,0.803;15.337,10.392,0.257;19.687,17.481,0.439;0.228,5.122,0.256;18.759,4.232,1.190;15.871,1.584,0.901;17.498,2.250,1.213;18.055,14.400,0.766;0.677,16.257,1.030;3.749,14.009,1.691;17.338,2.560,1.881;17.542,11.622,0.375;4.549,3.923,0.328;18.293,5.188,1.119;18.427,6.999,1.006;7.151,4.722,0.359;8.388,14.026,2.102;8.427,19.699,0.294;13.619,17.487,0.418;0.487,15.533,0.716;11.073,18.842,2.140;18.209,10.773,0.683;16.864,10.411,1.383;11.865,12.546,0.357;12.571,0.515,0.818;1.703,15.595,0.307;0.701,9.573,0.738;16.410,10.961,1.080;5.736,0.389,0.335;4.419,16.061,1.685;19.573,2.194,0.296;3.521,13.629,2.313"
16,drone_6,11.4053,4.0497,17.0000,17.0000,"14.357,12.879,0.252;9.010,15.177,1.025;19.809,4.168,0.324;10.129,14.615,2.458;8.936,6.709,0.287;4.590,13.262,2.343;6.403,11.029,1.330;6.438,19.149,0.410;6.347,16.387,2.305;7.658,6.938,1.213;18.528,3.397,0.319;12.463,1.244,0.327;15.140,2.624,0.353;19.181,11.248,0.397;6.075,10.679,1.237;9.963,18.318,0.278;13.657,2.395,1.242;18.345,8.323,0.607;16.330,12.669,1.212;8.211,16.636,2.108;18.920,4.724,0.824;6.982,14.462,0.467;13.078,3.783,0.260;17.138,13.793,0.911;19.835,12.422,0.274;4.272,15.597,0.484;5.231,1.573,0.369;0.404,1.991,0.374;1.242,7.965,0.803;15.337,10.392,0.257;19.687,17.481,0.439;0.228,5.122,0.256;18.759,4.232,1.190;15.871,1.584,0.901;17.498,2.250,1.213;18.055,14.400,0.766;0.677,16.257,1.030;3.749,14.009,1.691;17.338,2.560,1.881;17.542,11.622,0.375;4.549,3.923,0.328;18.293,5.188,1.119;18.427,6.999,1.006;7.151,4.722,0.359;8.388,14.026,2.102;8.427,19.699,0.294;13.619,17.487,0.418;0.487,15.533,0.716;11.073,18.842,2.140;18.209,10.773,0.683;16.864,10.411,1.383;11.865,12.546,0.357;12.571,0.515,0.818;1.703,15.595,0.307;0.701,9.573,0.738;16.410,10.961,1.080;5.736,0.389,0.335;4.419,16.061,1.685;19.573,2.194,0.296;3.521,13.629,2.313"
16,drone_7,12.2287,10.6185,17.0000,17.0000,"14.357,12.879,0.252;9.010,15.177,1.025;19.809,4.168,0.324;10.129,14.615,2.458;8.936,6.709,0.287;4.590,13.262,2.343;6.403,11.029,1.330;6.438,19.149,0.410;6.347,16.387,2.305;7.658,6.938,1.213;18.528,3.397,0.319;12.463,1.244,0.327;15.140,2.624,0.353;19.181,11.248,0.397;6.075,10.679,1.237;9.963,18.318,0.278;13.657,2.395,1.242;18.345,8.323,0.607;16.330,12.669,1.212;8.211,16.636,2.108;18.920,4.724,0.824;6.982,14.462,0.467;13.078,3.783,0.260;17.138,13.793,0.911;19.835,12.422,0.274;4.272,15.597,0.484;5.231,1.573,0.369;0.404,1.991,0.374;1.242,7.965,0.803;15.337,10.392,0.257;19.687,17.481,0.439;0.228,5.122,0.256;18.759,4.232,1.190;15.871,1.584,0.901;17.498,2.250,1.213;18.055,14.400,0.766;0.677,16.257,1.030;3.749,14.009,1.691;17.338,2.560,1.881;17.542,11.622,0.375;4.549,3.923,0.328;18.293,5.188,1.119;18.427,6.999,1.006;7.151,4.722,0.359;8.388,14.026,2.102;8.427,19.699,0.294;13.619,17.487,0.418;0.487,15.533,0.716;11.073,18.842,2.140;18.209,10.773,0.683;16.864,10.411,1.383;11.865,12.546,0.357;12.571,0.515,0.818;1.703,15.595,0.307;0.701,9.573,0.738;16.410,10.961,1.080;5.736,0.389,0.335;4.419,16.061,1.685;19.573,2.194,0.296;3.521,13.629,2.313"
16,drone_8,-100.0000,-100.0000,17.0000,17.0000,"14.357,12.879,0.252;9.010,15.177,1.025;19.809,4.168,0.324;10.129,14.615,2.458;8.936,6.709,0.287;4.590,13.262,2.343;6.403,11.029,1.330;6.438,19.149,0.410;6.347,16.387,2.305;7.658,6.938,1.213;18.528,3.397,0.319;12.463,1.244,0.327;15.140,2.624,0.353;19.181,11.248,0.397;6.075,10.679,1.237;9.963,18.318,0.278;13.657,2.395,1.242;18.345,8.323,0.607;16.330,12.669,1.212;8.211,16.636,2.108;18.920,4.724,0.824;6.982,14.462,0.467;13.078,3.783,0.260;17.138,13.793,0.911;19.835,12.422,0.274;4.272,15.597,0.484;5.231,1.573,0.369;0.404,1.991,0.374;1.242,7.965,0.803;15.337,10.392,0.257;19.687,17.481,0.439;0.228,5.122,0.256;18.759,4.232,1.190;15.871,1.584,0.901;17.498,2.250,1.213;18.055,14.400,0.766;0.677,16.257,1.030;3.749,14.009,1.691;17.338,2.560,1.881;17.542,11.622,0.375;4.549,3.923,0.328;18.293,5.188,1.119;18.427,6.999,1.006;7.151,4.722,0.359;8.388,14.026,2.102;8.427,19.699,0.294;13.619,17.487,0.418;0.487,15.533,0.716;11.073,18.842,2.140;18.209,10.773,0.683;16.864,10.411,1.383;11.865,12.546,0.357;12.571,0.515,0.818;1.703,15.595,0.307;0.701,9.573,0.738;16.410,10.961,1.080;5.736,0.389,0.335;4.419,16.061,1.685;19.573,2.194,0.296;3.521,13.629,2.313"
17,drone_0,13.0737,9.0374,17.0000,17.0000,"14.357,12.879,0.252;9.010,15.177,1.025;19.809,4.168,0.324;10.129,14.615,2.458;8.936,6.709,0.287;4.590,13.262,2.343;6.403,11.029,1.330;6.438,19.149,0.410;6.347,16.387,2.305;7.658,6.938,1.213;18.528,3.397,0.319;12.463,1.244,0.327;15.140,2.624,0.353;19.181,11.248,0.397;6.075,10.679,1.237;9.963,18.318,0.278;13.657,2.395,1.242;18.345,8.323,0.607;16.330,12.669,1.212;8.211,16.636,2.108;18.920,4.724,0.824;6.982,14.462,0.467;13.078,3.783,0.260;17.138,13.793,0.911;19.835,12.422,0.274;4.272,15.597,0.484;5.231,1.573,0.369;0.404,1.991,0.374;1.242,7.965,0.803;15.337,10.392,0.257;19.687,17.481,0.439;0.228,5.122,0.256;18.759,4.232,1.190;15.871,1.584,0.901;17.498,2.250,1.213;18.055,14.400,0.766;0.677,16.257,1.030;3.749,14.009,1.691;17.338,2.560,1.881;17.542,11.622,0.375;4.549,3.923,0.328;18.293,5.188,1.119;18.427,6.999,1.006;7.151,4.722,0.359;8.388,14.026,2.102;8.427,19.699,0.294;13.619,17.487,0.418;0.487,15.533,0.716;11.073,18.842,2.140;18.209,10.773,0.683;16.864,10.411,1.383;11.865,12.546,0.357;12.571,0.515,0.818;1.703,15.595,0.307;0.701,9.573,0.738;16.410,10.961,1.080;5.736,0.389,0.335;4.419,16.061,1.685;19.573,2.194,0.296;3.521,13.629,2.313"
17,drone_2,5.5694,18.8594,17.0000,17.0000,"14.357,12.879,0.252;9.010,15.177,1.025;19.809,4.168,0.324;10.129,14.615,2.458;8.936,6.709,0.287;4.590,13.262,2.343;6.403,11.029,1.330;6.438,19.149,0.410;6.347,16.387,2.305;7.658,6.938,1.213;18.528,3.397,0.319;12.463,1.244,0.327;15.140,2.624,0.353;19.181,11.248,0.397;6.075,10.679,1.237;9.963,18.318,0.278;13.657,2.395,1.242;18.345,8.323,0.607;16.330,12.669,1.212;8.211,16.636,2.108;18.920,4.724,0.824;6.982,14.462,0.467;13.078,3.783,0.260;17.138,13.793,0.911;19.835,12.422,0.274;4.272,15.597,0.484;5.231,1.573,0.369;0.404,1.991,0.374;1.242,7.965,0.803;15.337,10.392,0.257;19.687,17.481,0.439;0.228,5.122,0.256;18.759,4.232,1.190;15.871,1.584,0.901;17.498,2.250,1.213;18.055,14.400,0.766;0.677,16.257,1.030;3.749,14.009,1.691;17.338,2.560,1.881;17.542,11.622,0.375;4.549,3.923,0.328;18.293,5.188,1.119;18.427,6.999,1.006;7.151,4.722,0.359;8.388,14.026,2.102;8.427,19.699,0.294;13.619,17.487,0.418;0.487,15.533,0.716;11.073,18.842,2.140;18.209,10.773,0.683;16.864,10.411,1.383;11.865,12.546,0.357;12.571,0.515,0.818;1.703,15.595,0.307;0.701,9.573,0.738;16.410,10.961,1.080;5.736,0.389,0.335;4.419,16.061,1.685;19.573,2.194,0.296;3.521,13.629,2.313"
17,drone_3,6.8794,8.4264,17.0000,17.0000,"14.357,12.879,0.252;9.010,15.177,1.025;19.809,4.168,0.324;10.129,14.615,2.458;8.936,6.709,0.287;4.590,13.262,2.343;6.403,11.029,1.330;6.438,19.149,0.410;6.347,16.387,2.305;7.658,6.938,1.213;18.528,3.397,0.319;12.463,1.244,0.327;15.140,2.624,0.353;19.181,11.248,0.397;6.075,10.679,1.237;9.963,18.318,0.278;13.657,2.395,1.242;18.345,8.323,0.607;16.330,12.669,1.212;8.211,16.636,2.108;18.920,4.724,0.824;6.982,14.462,0.467;13.078,3.783,0.260;17.138,13.793,0.911;19.835,12.422,0.274;4.272,15.597,0.484;5.231,1.573,0.369;0.404,1.991,0.374;1.242,7.965,0.803;15.337,10.392,0.257;19.687,17.481,0.439;0.228,5.122,0.256;18.759,4.232,1.190;15.871,1.584,0.901;17.498,2.250,1.213;18.055,14.400,0.766;0.677,16.257,1.030;3.749,14.009,1.691;17.338,2.560,1.881;17.542,11.622,0.375;4.549,3.923,0.328;18.293,5.188,1.119;18.427,6.999,1.006;7.151,4.722,0.359;8.388,14.026,2.102;8.427,19.699,0.294;13.619,17.487,0.418;0.487,15.533,0.716;11.073,18.842,2.140;18.209,10.773,0.683;16.864,10.411,1.383;11.865,12.546,0.357;12.571,0.515,0.818;1.703,15.595,0.307;0.701,9.573,0.738;16.410,10.961,1.080;5.736,0.389,0.335;4.419,16.061,1.685;19.573,2.194,0.296;3.521,13.629,2.313"
17,drone_4,14.0059,6.7196,17.0000,17.0000,"14.357,12.879,0.252;9.010,15.177,1.025;19.809,4.168,0.324;10.129,14.615,2.458;8.936,6.709,0.287;4.590,13.262,2.343;6.403,11.029,1.330;6.438,19.149,0.410;6.347,16.387,2.305;7.658,6.938,1.213;18.528,3.397,0.319;12.463,1.244,0.327;15.140,2.624,0.353;19.181,11.248,0.397;6.075,10.679,1.237;9.963,18.318,0.278;13.657,2.395,1.242;18.345,8.323,0.607;16.330,12.669,1.212;8.211,16.636,2.108;18.920,4.724,0.824;6.982,14.462,0.467;13.078,3.783,0.260;17.138,13.793,0.911;19.835,12.422,0.274;4.272,15.597,0.484;5.231,1.573,0.369;0.404,1.991,0.374;1.242,7.965,0.803;15.337,10.392,0.257;19.687,17.481,0.439;0.228,5.122,0.256;18.759,4.232,1.190;15.871,1.584,0.901;17.498,2.250,1.213;18.055,14.400,0.766;0.677,16.257,1.030;3.749,14.009,1.691;17.338,2.560,1.881;17.542,11.622,0.375;4.549,3.923,0.328;18.293,5.188,1.119;18.427,6.999,1.006;7.151,4.722,0.359;8.388,14.026,2.102;8.427,19.699,0.294;13.619,17.487,0.418;0.487,15.533,0.716;11.073,18.842,2.140;18.209,10.773,0.683;16.864,10.411,1.383;11.865,12.546,0.357;12.571,0.515,0.818;1.703,15.595,0.307;0.701,9.573,0.738;16.410,10.961,1.080;5.736,0.389,0.335;4.419,16.061,1.685;19.573,2.194,0.296;3.521,13.629,2.313"
17,drone_5,5.0191,7.8442,17.0000,17.0000,"14.357,12.879,0.252;9.010,15.177,1.025;19.809,4.168,0.324;10.129,14.615,2.458;8.936,6.709,0.287;4.590,13.262,2.343;6.403,11.029,1.330;6.438,19.149,0.410;6.347,16.387,2.305;7.658,6.938,1.213;18.528,3.397,0.319;12.463,1.244,0.327;15.140,2.624,0.353;19.181,11.248,0.397;6.075,10.679,1.237;9.963,18.318,0.278;13.657,2.395,1.242;18.345,8.323,0.607;16.330,12.669,1.212;8.211,16.636,2.108;18.920,4.724,0.824;6.982,14.462,0.467;13.078,3.783,0.260;17.138,13.793,0.911;19.835,12.422,0.274;4.272,15.597,0.484;5.231,1.573,0.369;0.404,1.991,0.374;1.242,7.965,0.803;15.337,10.392,0.257;19.687,17.481,0.439;0.228,5.122,0.256;18.759,4.232,1.190;15.871,1.584,0.901;17.498,2.250,1.213;18.055,14.400,0.766;0.677,16.257,1.030;3.749,14.009,1.691;17.338,2.560,1.881;17.542,11.622,0.375;4.549,3.923,0.328;18.293,5.188,1.119;18.427,6.999,1.006;7.151,4.722,0.359;8.388,14.026,2.102;8.427,19.699,0.294;13.619,17.487,0.418;0.487,15.533,0.716;11.073,18.842,2.140;18.209,10.773,0.683;16.864,10.411,1.383;11.865,12.546,0.357;12.571,0.515,0.818;1.703,15.595,0.307;0.701,9.573,0.738;16.410,10.961,1.080;5.736,0.389,0.335;4.419,16.061,1.685;19.573,2.194,0.296;3.521,13.629,2.313"
17,drone_6,11.5643,4.1710,17.0000,17.0000,"14.357,12.879,0.252;9.010,15.177,1.025;19.809,4.168,0.324;10.129,14.615,2.458;8.936,6.709,0.287;4.590,13.262,2.343;6.403,11.029,1.330;6.438,19.149,0.410;6.347,16.387,2.305;7.658,6.938,1.213;18.528,3.397,0.319;12.463,1.244,0.327;15.140,2.624,0.353;19.181,11.248,0.397;6.075,10.679,1.237;9.963,18.318,0.278;13.657,2.395,1.242;18.345,8.323,0.607;16.330,12.669,1.212;8.211,16.636,2.108;18.920,4.724,0.824;6.982,14.462,0.467;13.078,3.783,0.260;17.138,13.793,0.911;19.835,12.422,0.274;4.272,15.597,0.484;5.231,1.573,0.369;0.404,1.991,0.374;1.242,7.965,0.803;15.337,10.392,0.257;19.687,17.481,0.439;0.228,5.122,0.256;18.759,4.232,1.190;15.871,1.584,0.901;17.498,2.250,1.213;18.055,14.400,0.766;0.677,16.257,1.030;3.749,14.009,1.691;17.338,2.560,1.881;17.542,11.622,0.375;4.549,3.923,0.328;18.293,5.188,1.119;18.427,6.999,1.006;7.151,4.722,0.359;8.388,14.026,2.102;8.427,19.699,0.294;13.619,17.487,0.418;0.487,15.533,0.716;11.073,18.842,2.140;18.209,10.773,0.683;16.864,10.411,1.383;11.865,12.546,0.357;12.571,0.515,0.818;1.703,15.595,0.307;0.701,9.573,0.738;16.410,10.961,1.080;5.736,0.389,0.335;4.419,16.061,1.685;19.573,2.194,0.296;3.521,13.629,2.313"
17,drone_7,12.4043,10.7141,17.0000,17.0000,"14.357,12.879,0.252;9.010,15.177,1.025;19.809,4.168,0.324;10.129,14.615,2.458;8.936,6.709,0.287;4.590,13.262,2.343;6.403,11.029,1.330;6.438,19.149,0.410;6.347,16.387,2.305;7.658,6.938,1.213;18.528,3.397,0.319;12.463,1.244,0.327;15.140,2.624,0.353;19.181,11.248,0.397;6.075,10.679,1.237;9.963,18.318,0.278;13.657,2.395,1.242;18.345,8.323,0.607;16.330,12.669,1.212;8.211,16.636,2.108;18.920,4.724,0.824;6.982,14.462,0.467;13.078,3.783,0.260;17.138,13.793,0.911;19.835,12.422,0.274;4.272,15.597,0.484;5.231,1.573,0.369;0.404,1.991,0.374;1.242,7.965,0.803;15.337,10.392,0.257;19.687,17.481,0.439;0.228,5.122,0.256;18.759,4.232,1.190;15.871,1.584,0.901;17.498,2.250,1.213;18.055,14.400,0.766;0.677,16.257,1.030;3.749,14.009,1.691;17.338,2.560,1.881;17.542,11.622,0.375;4.549,3.923,0.328;18.293,5.188,1.119;18.427,6.999,1.006;7.151,4.722,0.359;8.388,14.026,2.102;8.427,19.699,0.294;13.619,17.487,0.418;0.487,15.533,0.716;11.073,18.842,2.140;18.209,10.773,0.683;16.864,10.411,1.383;11.865,12.546,0.357;12.571,0.515,0.818;1.703,15.595,0.307;0.701,9.573,0.738;16.410,10.961,1.080;5.736,0.389,0.335;4.419,16.061,1.685;19.573,2.194,0.296;3.521,13.629,2.313"
18,drone_0,13.2440,9.1424,17.0000,17.0000,"14.357,12.879,0.252;9.010,15.177,1.025;19.809,4.168,0.324;10.129,14.615,2.458;8.936,6.709,0.287;4.590,13.262,2.343;6.403,11.029,1.330;6.438,19.149,0.410;6.347,16.387,2.305;7.658,6.938,1.213;18.528,3.397,0.319;12.463,1.244,0.327;15.140,2.624,0.353;19.181,11.248,0.397;6.075,10.679,1.237;9.963,18.318,0.278;13.657,2.395,1.242;18.345,8.323,0.607;16.330,12.669,1.212;8.211,16.636,2.108;18.920,4.724,0.824;6.982,14.462,0.467;13.078,3.783,0.260;17.138,13.793,0.911;19.835,12.422,0.274;4.272,15.597,0.484;5.231,1.573,0.369;0.404,1.991,0.374;1.242,7.965,0.803;15.337,10.392,0.257;19.687,17.481,0.439;0.228,5.122,0.256;18.759,4.232,1.190;15.871,1.584,0.901;17.498,2.250,1.213;18.055,14.400,0.766;0.677,16.257,1.030;3.749,14.009,1.691;17.338,2.560,1.881;17.542,11.622,0.375;4.549,3.923,0.328;18.293,5.188,1.119;18.427,6.999,1.006;7.151,4.722,0.359;8.388,14.026,2.102;8.427,19.699,0.294;13.619,17.487,0.418;0.487,15.533,0.716;11.073,18.842,2.140;18.209,10.773,0.683;16.864,10.411,1.383;11.865,12.546,0.357;12.571,0.515,0.818;1.703,15.595,0.307;0.701,9.573,0.738;16.410,10.961,1.080;5.736,0.389,0.335;4.419,16.061,1.685;19.573,2.194,0.296;3.521,13.629,2.313"
18,drone_2,5.7587,18.9240,17.0000,17.0000,"14.357,12.879,0.252;9.010,15.177,1.025;19.809,4.168,0.324;10.129,14.615,2.458;8.936,6.709,0.287;4.590,13.262,2.343;6.403,11.029,1.330;6.438,19.149,0.410;6.347,16.387,2.305;7.658,6.938,1.213;18.528,3.397,0.319;12.463,1.244,0.327;15.140,2.624,0.353;19.181,11.248,0.397;6.075,10.679,1.237;9.963,18.318,0.278;13.657,2.395,1.242;18.345,8.323,0.607;16.330,12.669,1.212;8.211,16.636,2.108;18.920,4.724,0.824;6.982,14.462,0.467;13.078,3.783,0.260;17.138,13.793,0.911;19.835,12.422,0.274;4.272,15.597,0.484;5.231,1.573,0.369;0.404,1.991,0.374;1.242,7.965,0.803;15.337,10.392,0.257;19.687,17.481,0.439;0.228,5.122,0.256;18.759,4.232,1.190;15.871,1.584,0.901;17.498,2.250,1.213;18.055,14.400,0.766;0.677,16.257,1.030;3.749,14.009,1.691;17.338,2.560,1.881;17.542,11.622,0.375;4.549,3.923,0.328;18.293,5.188,1.119;18.427,6.999,1.006;7.151,4.722,0.359;8.388,14.026,2.102;8.427,19.699,0.294;13.619,17.487,0.418;0.487,15.533,0.716;11.073,18.842,2.140;18.209,10.773,0.683;16.864,10.411,1.383;11.865,12.546,0.357;12.571,0.515,0.818;1.703,15.595,0.307;0.701,9.573,0.738;16.410,10.961,1.080;5.736,0.389,0.335;4.419,16.061,1.685;19.573,2.194,0.296;3.521,13.629,2.313"
18,drone_3,7.0524,8.5268,17.0000,17.0000,"14.357,12.879,0.252;9.010,15.177,1.025;19.809,4.168,0.324;10.129,14.615,2.458;8.936,6.709,0.287;4.590,13.262,2.343;6.403,11.029,1.330;6.438,19.149,0.410;6.347,16.387,2.305;7.658,6.938,1.213;18.528,3.397,0.319;12.463,1.244,0.327;15.140,2.624,0.353;19.181,11.248,0.397;6.075,10.679,1.237;9.963,18.318,0.278;13.657,2.395,1.242;18.345,8.323,0.607;16.330,12.669,1.212;8.211,16.636,2.108;18.920,4.724,0.824;6.982,14.462,0.467;13.078,3.783,0.260;17.138,13.793,0.911;19.835,12.422,0.274;4.272,15.597,0.484;5.231,1.573,0.369;0.404,1.991,0.374;1.242,7.965,0.803;15.337,10.392,0.257;19.687,17.481,0.439;0.228,5.122,0.256;18.759,4.232,1.190;15.871,1.584,0.901;17.498,2.250,1.213;18.055,14.400,0.766;0.677,16.257,1.030;3.749,14.009,1.691;17.338,2.560,1.881;17.542,11.622,0.375;4.549,3.923,0.328;18.293,5.188,1.119;18.427,6.999,1.006;7.151,4.722,0.359;8.388,14.026,2.102;8.427,19.699,0.294;13.619,17.487,0.418;0.487,15.533,0.716;11.073,18.842,2.140;18.209,10.773,0.683;16.864,10.411,1.383;11.865,12.546,0.357;12.571,0.515,0.818;1.703,15.595,0.307;0.701,9.573,0.738;16.410,10.961,1.080;5.736,0.389,0.335;4.419,16.061,1.685;19.573,2.194,0.296;3.521,13.629,2.313"
18,drone_4,14.1517,6.8565,17.0000,17.0000,"14.357,12.879,0.252;9.010,15.177,1.025;19.809,4.168,0.324;10.129,14.615,2.458;8.936,6.709,0.287;4.590,13.262,2.343;6.403,11.029,1.330;6.438,19.149,0.410;6.347,16.387,2.305;7.658,6.938,1.213;18.528,3.397,0.319;12.463,1.244,0.327;15.140,2.624,0.353;19.181,11.248,0.397;6.075,10.679,1.237;9.963,18.318,0.278;13.657,2.395,1.242;18.345,8.323,0.607;16.330,12.669,1.212;8.211,16.636,2.108;18.920,4.724,0.824;6.982,14.462,0.467;13.078,3.783,0.260;17.138,13.793,0.911;19.835,12.422,0.274;4.272,15.597,0.484;5.231,1.573,0.369;0.404,1.991,0.374;1.242,7.965,0.803;15.337,10.392,0.257;19.687,17.481,0.439;0.228,5.122,0.256;18.759,4.232,1.190;15.871,1.584,0.901;17.498,2.250,1.213;18.055,14.400,0.766;0.677,16.257,1.030;3.749,14.009,1.691;17.338,2.560,1.881;17.542,11.622,0.375;4.549,3.923,0.328;18.293,5.188,1.119;18.427,6.999,1.006;7.151,4.722,0.359;8.388,14.026,2.102;8.427,19.699,0.294;13.619,17.487,0.418;0.487,15.533,0.716;11.073,18.842,2.140;18.209,10.773,0.683;16.864,10.411,1.383;11.865,12.546,0.357;12.571,0.515,0.818;1.703,15.595,0.307;0.701,9.573,0.738;16.410,10.961,1.080;5.736,0.389,0.335;4.419,16.061,1.685;19.573,2.194,0.296;3.521,13.629,2.313"
18,drone_5,5.1065,8.0241,17.0000,17.0000,"14.357,12.879,0.252;9.010,15.177,1.025;19.809,4.168,0.324;10.129,14.615,2.458;8.936,6.709,0.287;4.590,13.262,2.343;6.403,11.029,1.330;6.438,19.149,0.410;6.347,16.387,2.305;7.658,6.938,1.213;18.528,3.397,0.319;12.463,1.244,0.327;15.140,2.624,0.353;19.181,11.248,0.397;6.075,10.679,1.237;9.963,18.318,0.278;13.657,2.395,1.242;18.345,8.323,0.607;16.330,12.669,1.212;8.211,16.636,2.108;18.920,4.724,0.824;6.982,14.462,0.467;13.078,3.783,0.260;17.138,13.793,0.911;19.835,12.422,0.274;4.272,15.597,0.484;5.231,1.573,0.369;0.404,1.991,0.374;1.242,7.965,0.803;15.337,10.392,0.257;19.687,17.481,0.439;0.228,5.122,0.256;18.759,4.232,1.190;15.871,1.584,0.901;17.498,2.250,1.213;18.055,14.400,0.766;0.677,16.257,1.030;3.749,14.009,1.691;17.338,2.560,1.881;17.542,11.622,0.375;4.549,3.923,0.328;18.293,5.188,1.119;18.427,6.999,1.006;7.151,4.722,0.359;8.388,14.026,2.102;8.427,19.699,0.294;13.619,17.487,0.418;0.487,15.533,0.716;11.073,18.842,2.140;18.209,10.773,0.683;16.864,10.411,1.383;11.865,12.546,0.357;12.571,0.515,0.818;1.703,15.595,0.307;0.701,9.573,0.738;16.410,10.961,1.080;5.736,0.389,0.335;4.419,16.061,1.685;19.573,2.194,0.296;3.521,13.629,2.313"
18,drone_6,11.7003,4.3177,17.0000,17.0000,"14.357,12.879,0.252;9.010,15.177,1.025;19.809,4.168,0.324;10.129,14.615,2.458;8.936,6.709,0.287;4.590,13.262,2.343;6.403,11.029,1.330;6.438,19.149,0.410;6.347,16.387,2.305;7.658,6.938,1.213;18.528,3.397,0.319;12.463,1.244,0.327;15.140,2.624,0.353;19.181,11.248,0.397;6.075,10.679,1.237;9.963,18.318,0.278;13.657,2.395,1.242;18.345,8.323,0.607;16.330,12.669,1.212;8.211,16.636,2.108;18.920,4.724,0.824;6.982,14.462,0.467;13.078,3.783,0.260;17.138,13.793,0.911;19.835,12.422,0.274;4.272,15.597,0.484;5.231,1.573,0.369;0.404,1.991,0.374;1.242,7.965,0.803;15.337,10.392,0.257;19.687,17.481,0.439;0.228,5.122,0.256;18.759,4.232,1.190;15.871,1.584,0.901;17.498,2.250,1.213;18.055,14.400,0.766;0.677,16.257,1.030;3.749,14.009,1.691;17.338,2.560,1.881;17.542,11.622,0.375;4.549,3.923,0.328;18.293,5.188,1.119;18.427,6.999,1.006;7.151,4.722,0.359;8.388,14.026,2.102;8.427,19.699,0.294;13.619,17.487,0.418;0.487,15.533,0.716;11.073,18.842,2.140;18.209,10.773,0.683;16.864,10.411,1.383;11.865,12.546,0.357;12.571,0.515,0.818;1.703,15.595,0.307;0.701,9.573,0.738;16.410,10.961,1.080;5.736,0.389,0.335;4.419,16.061,1.685;19.573,2.194,0.296;3.521,13.629,2.313"
18,drone_7,12.5766,10.8156,17.0000,17.0000,"14.357,12.879,0.252;9.010,15.177,1.025;19.809,4.168,0.324;10.129,14.615,2.458;8.936,6.709,0.287;4.590,13.262,2.343;6.403,11.029,1.330;6.438,19.149,0.410;6.347,16.387,2.305;7.658,6.938,1.213;18.528,3.397,0.319;12.463,1.244,0.327;15.140,2.624,0.353;19.181,11.248,0.397;6.075,10.679,1.237;9.963,18.318,0.278;13.657,2.395,1.242;18.345,8.323,0.607;16.330,12.669,1.212;8.211,16.636,2.108;18.920,4.724,0.824;6.982,14.462,0.467;13.078,3.783,0.260;17.138,13.793,0.911;19.835,12.422,0.274;4.272,15.597,0.484;5.231,1.573,0.369;0.404,1.991,0.374;1.242,7.965,0.803;15.337,10.392,0.257;19.687,17.481,0.439;0.228,5.122,0.256;18.759,4.232,1.190;15.871,1.584,0.901;17.498,2.250,1.213;18.055,14.400,0.766;0.677,16.257,1.030;3.749,14.009,1.691;17.338,2.560,1.881;17.542,11.622,0.375;4.549,3.923,0.328;18.293,5.188,1.119;18.427,6.999,1.006;7.151,4.722,0.359;8.388,14.026,2.102;8.427,19.699,0.294;13.619,17.487,0.418;0.487,15.533,0.716;11.073,18.842,2.140;18.209,10.773,0.683;16.864,10.411,1.383;11.865,12.546,0.357;12.571,0.515,0.818;1.703,15.595,0.307;0.701,9.573,0.738;16.410,10.961,1.080;5.736,0.389,0.335;4.419,16.061,1.685;19.573,2.194,0.296;3.521,13.629,2.313"
19,drone_0,13.3903,9.2787,17.0000,17.0000,"14.357,12.879,0.252;9.010,15.177,1.025;19.809,4.168,0.324;10.129,14.615,2.458;8.936,6.709,0.287;4.590,13.262,2.343;6.403,11.029,1.330;6.438,19.149,0.410;6.347,16.387,2.305;7.658,6.938,1.213;18.528,3.397,0.319;12.463,1.244,0.327;15.140,2.624,0.353;19.181,11.248,0.397;6.075,10.679,1.237;9.963,18.318,0.278;13.657,2.395,1.242;18.345,8.323,0.607;16.330,12.669,1.212;8.211,16.636,2.108;18.920,4.724,0.824;6.982,14.462,0.467;13.078,3.783,0.260;17.138,13.793,0.911;19.835,12.422,0.274;4.272,15.597,0.484;5.231,1.573,0.369;0.404,1.991,0.374;1.242,7.965,0.803;15.337,10.392,0.257;19.687,17.481,0.439;0.228,5.122,0.256;18.759,4.232,1.190;15.871,1.584,0.901;17.498,2.250,1.213;18.055,14.400,0.766;0.677,16.257,1.030;3.749,14.009,1.691;17.338,2.560,1.881;17.542,11.622,0.375;4.549,3.923,0.328;18.293,5.188,1.119;18.427,6.999,1.006;7.151,4.722,0.359;8.388,14.026,2.102;8.427,19.699,0.294;13.619,17.487,0.418;0.487,15.533,0.716;11.073,18.842,2.140;18.209,10.773,0.683;16.864,10.411,1.383;11.865,12.546,0.357;12.571,0.515,0.818;1.703,15.595,0.307;0.701,9.573,0.738;16.410,10.961,1.080;5.736,0.389,0.335;4.419,16.061,1.685;19.573,2.194,0.296;3.521,13.629,2.313"
19,drone_2,-100.0000,-100.0000,17.0000,17.0000,"14.357,12.879,0.252;9.010,15.177,1.025;19.809,4.168,0.324;10.129,14.615,2.458;8.936,6.709,0.287;4.590,13.262,2.343;6.403,11.029,1.330;6.438,19.149,0.410;6.347,16.387,2.305;7.658,6.938,1.213;18.528,3.397,0.319;12.463,1.244,0.327;15.140,2.624,0.353;19.181,11.248,0.397;6.075,10.679,1.237;9.963,18.318,0.278;13.657,2.395,1.242;18.345,8.323,0.607;16.330,12.669,1.212;8.211,16.636,2.108;18.920,4.724,0.824;6.982,14.462,0.467;13.078,3.783,0.260;17.138,13.793,0.911;19.835,12.422,0.274;4.272,15.597,0.484;5.231,1.573,0.369;0.404,1.991,0.374;1.242,7.965,0.803;15.337,10.392,0.257;19.687,17.481,0.439;0.228,5.122,0.256;18.759,4.232,1.190;15.871,1.584,0.901;17.498,2.250,1.213;18.055,14.400,0.766;0.677,16.257,1.030;3.749,14.009,1.691;17.338,2.560,1.881;17.542,11.622,0.375;4.549,3.923,0.328;18.293,5.188,1.119;18.427,6.999,1.006;7.151,4.722,0.359;8.388,14.026,2.102;8.427,19.699,0.294;13.619,17.487,0.418;0.487,15.533,0.716;11.073,18.842,2.140;18.209,10.773,0.683;16.864,10.411,1.383;11.865,12.546,0.357;12.571,0.515,0.818;1.703,15.595,0.307;0.701,9.573,0.738;16.410,10.961,1.080;5.736,0.389,0.335;4.419,16.061,1.685;19.573,2.194,0.296;3.521,13.629,2.313"
19,drone_3,7.2257,8.6265,17.0000,17.0000,"14.357,12.879,0.252;9.010,15.177,1.025;19.809,4.168,0.324;10.129,14.615,2.458;8.936,6.709,0.287;4.590,13.262,2.343;6.403,11.029,1.330;6.438,19.149,0.410;6.347,16.387,2.305;7.658,6.938,1.213;18.528,3.397,0.319;12.463,1.244,0.327;15.140,2.624,0.353;19.181,11.248,0.397;6.075,10.679,1.237;9.963,18.318,0.278;13.657,2.395,1.242;18.345,8.323,0.607;16.330,12.669,1.212;8.211,16.636,2.108;18.920,4.724,0.824;6.982,14.462,0.467;13.078,3.783,0.260;17.138,13.793,0.911;19.835,12.422,0.274;4.272,15.597,0.484;5.231,1.573,0.369;0.404,1.991,0.374;1.242,7.965,0.803;15.337,10.392,0.257;19.687,17.481,0.439;0.228,5.122,0.256;18.759,4.232,1.190;15.871,1.584,0.901;17.498,2.250,1.213;18.055,14.400,0.766;0.677,16.257,1.030;3.749,14.009,1.691;17.338,2.560,1.881;17.542,11.622,0.375;4.549,3.923,0.328;18.293,5.188,1.119;18.427,6.999,1.006;7.151,4.722,0.359;8.388,14.026,2.102;8.427,19.699,0.294;13.619,17.487,0.418;0.487,15.533,0.716;11.073,18.842,2.140;18.209,10.773,0.683;16.864,10.411,1.383;11.865,12.546,0.357;12.571,0.515,0.818;1.703,15.595,0.307;0.701,9.573,0.738;16.410,10.961,1.080;5.736,0.389,0.335;4.419,16.061,1.685;19.573,2.194,0.296;3.521,13.629,2.313"
19,drone_4,14.2981,6.9927,17.0000,17.0000,"14.357,12.879,0.252;9.010,15.177,1.025;19.809,4.168,0.324;10.129,14.615,2.458;8.936,6.709,0.287;4.590,13.262,2.343;6.403,11.029,1.330;6.438,19.149,0.410;6.347,16.387,2.305;7.658,6.938,1.213;18.528,3.397,0.319;12.463,1.244,0.327;15.140,2.624,0.353;19.181,11.248,0.397;6.075,10.679,1.237;9.963,18.318,0.278;13.657,2.395,1.242;18.345,8.323,0.607;16.330,12.669,1.212;8.211,16.636,2.108;18.920,4.724,0.824;6.982,14.462,0.467;13.078,3.783,0.260;17.138,13.793,0.911;19.835,12.422,0.274;4.272,15.597,0.484;5.231,1.573,0.369;0.404,1.991,0.374;1.242,7.965,0.803;15.337,10.392,0.257;19.687,17.481,0.439;0.228,5.122,0.256;18.759,4.232,1.190;15.871,1.584,0.901;17.498,2.250,1.213;18.055,14.400,0.766;0.677,16.257,1.030;3.749,14.009,1.691;17.338,2.560,1.881;17.542,11.622,0.375;4.549,3.923,0.328;18.293,5.188,1.119;18.427,6.999,1.006;7.151,4.722,0.359;8.388,14.026,2.102;8.427,19.699,0.294;13.619,17.487,0.418;0.487,15.533,0.716;11.073,18.842,2.140;18.209,10.773,0.683;16.864,10.411,1.383;11.865,12.546,0.357;12.571,0.515,0.818;1.703,15.595,0.307;0.701,9.573,0.738;16.410,10.961,1.080;5.736,0.389,0.335;4.419,16.061,1.685;19.573,2.194,0.296;3.521,13.629,2.313"
19,drone_5,5.2121,8.1940,17.0000,17.0000,"14.357,12.879,0.252;9.010,15.177,1.025;19.809,4.168,0.324;10.129,14.615,2.458;8.936,6.709,0.287;4.590,13.262,2.343;6.403,11.029,1.330;6.438,19.149,0.410;6.347,16.387,2.305;7.658,6.938,1.213;18.528,3.397,0.319;12.463,1.244,0.327;15.140,2.624,0.353;19.181,11.248,0.397;6.075,10.679,1.237;9.963,18.318,0.278;13.657,2.395,1.242;18.345,8.323,0.607;16.330,12.669,1.212;8.211,16.636,2.108;18.920,4.724,0.824;6.982,14.462,0.467;13.078,3.783,0.260;17.138,13.793,0.911;19.835,12.422,0.274;4.272,15.597,0.484;5.231,1.573,0.369;0.404,1.991,0.374;1.242,7.965,0.803;15.337,10.392,0.257;19.687,17.481,0.439;0.228,5.122,0.256;18.759,4.232,1.190;15.871,1.584,0.901;17.498,2.250,1.213;18.055,14.400,0.766;0.677,16.257,1.030;3.749,14.009,1.691;17.338,2.560,1.881;17.542,11.622,0.375;4.549,3.923,0.328;18.293,5.188,1.119;18.427,6.999,1.006;7.151,4.722,0.359;8.388,14.026,2.102;8.427,19.699,0.294;13.619,17.487,0.418;0.487,15.533,0.716;11.073,18.842,2.140;18.209,10.773,0.683;16.864,10.411,1.383;11.865,12.546,0.357;12.571,0.515,0.818;1.703,15.595,0.307;0.701,9.573,0.738;16.410,10.961,1.080;5.736,0.389,0.335;4.419,16.061,1.685;19.573,2.194,0.296;3.521,13.629,2.313"
19,drone_6,11.8225,4.4760,17.0000,17.0000,"14.357,12.879,0.252;9.010,15.177,1.025;19.809,4.168,0.324;10.129,14.615,2.458;8.936,6.709,0.287;4.590,13.262,2.343;6.403,11.029,1.330;6.438,19.149,0.410;6.347,16.387,2.305;7.658,6.938,1.213;18.528,3.397,0.319;12.463,1.244,0.327;15.140,2.624,0.353;19.181,11.248,0.397;6.075,10.679,1.237;9.963,18.318,0.278;13.657,2.395,1.242;18.345,8.323,0.607;16.330,12.669,1.212;8.211,16.636,2.108;18.920,4.724,0.824;6.982,14.462,0.467;13.078,3.783,0.260;17.138,13.793,0.911;19.835,12.422,0.274;4.272,15.597,0.484;5.231,1.573,0.369;0.404,1.991,0.374;1.242,7.965,0.803;15.337,10.392,0.257;19.687,17.481,0.439;0.228,5.122,0.256;18.759,4.232,1.190;15.871,1.584,0.901;17.498,2.250,1.213;18.055,14.400,0.766;0.677,16.257,1.030;3.749,14.009,1.691;17.338,2.560,1.881;17.542,11.622,0.375;4.549,3.923,0.328;18.293,5.188,1.119;18.427,6.999,1.006;7.151,4.722,0.359;8.388,14.026,2.102;8.427,19.699,0.294;13.619,17.487,0.418;0.487,15.533,0.716;11.073,18.842,2.140;18.209,10.773,0.683;16.864,10.411,1.383;11.865,12.546,0.357;12.571,0.515,0.818;1.703,15.595,0.307;0.701,9.573,0.738;16.410,10.961,1.080;5.736,0.389,0.335;4.419,16.061,1.685;19.573,2.194,0.296;3.521,13.629,2.313"
19,drone_7,12.7450,10.9235,17.0000,17.0000,"14.357,12.879,0.252;9.010,15.177,1.025;19.809,4.168,0.324;10.129,14.615,2.458;8.936,6.709,0.287;4.590,13.262,2.343;6.403,11.029,1.330;6.438,19.149,0.410;6.347,16.387,2.305;7.658,6.938,1.213;18.528,3.397,0.319;12.463,1.244,0.327;15.140,2.624,0.353;19.181,11.248,0.397;6.075,10.679,1.237;9.963,18.318,0.278;13.657,2.395,1.242;18.345,8.323,0.607;16.330,12.669,1.212;8.211,16.636,2.108;18.920,4.724,0.824;6.982,14.462,0.467;13.078,3.783,0.260;17.138,13.793,0.911;19.835,12.422,0.274;4.272,15.597,0.484;5.231,1.573,0.369;0.404,1.991,0.374;1.242,7.965,0.803;15.337,10.392,0.257;19.687,17.481,0.439;0.228,5.122,0.256;18.759,4.232,1.190;15.871,1.584,0.901;17.498,2.250,1.213;18.055,14.400,0.766;0.677,16.257,1.030;3.749,14.009,1.691;17.338,2.560,1.881;17.542,11.622,0.375;4.549,3.923,0.328;18.293,5.188,1.119;18.427,6.999,1.006;7.151,4.722,0.359;8.388,14.026,2.102;8.427,19.699,0.294;13.619,17.487,0.418;0.487,15.533,0.716;11.073,18.842,2.140;18.209,10.773,0.683;16.864,10.411,1.383;11.865,12.546,0.357;12.571,0.515,0.818;1.703,15.595,0.307;0.701,9.573,0.738;16.410,10.961,1.080;5.736,0.389,0.335;4.419,16.061,1.685;19.573,2.194,0.296;3.521,13.629,2.313"
20,drone_0,13.5246,9.4269,17.0000,17.0000,"14.357,12.879,0.252;9.010,15.177,1.025;19.809,4.168,0.324;10.129,14.615,2.458;8.936,6.709,0.287;4.590,13.262,2.343;6.403,11.029,1.330;6.438,19.149,0.410;6.347,16.387,2.305;7.658,6.938,1.213;18.528,3.397,0.319;12.463,1.244,0.327;15.140,2.624,0.353;19.181,11.248,0.397;6.075,10.679,1.237;9.963,18.318,0.278;13.657,2.395,1.242;18.345,8.323,0.607;16.330,12.669,1.212;8.211,16.636,2.108;18.920,4.724,0.824;6.982,14.462,0.467;13.078,3.783,0.260;17.138,13.793,0.911;19.835,12.422,0.274;4.272,15.597,0.484;5.231,1.573,0.369;0.404,1.991,0.374;1.242,7.965,0.803;15.337,10.392,0.257;19.687,17.481,0.439;0.228,5.122,0.256;18.759,4.232,1.190;15.871,1.584,0.901;17.498,2.250,1.213;18.055,14.400,0.766;0.677,16.257,1.030;3.749,14.009,1.691;17.338,2.560,1.881;17.542,11.622,0.375;4.549,3.923,0.328;18.293,5.188,1.119;18.427,6.999,1.006;7.151,4.722,0.359;8.388,14.026,2.102;8.427,19.699,0.294;13.619,17.487,0.418;0.487,15.533,0.716;11.073,18.842,2.140;18.209,10.773,0.683;16.864,10.411,1.383;11.865,12.546,0.357;12.571,0.515,0.818;1.703,15.595,0.307;0.701,9.573,0.738;16.410,10.961,1.080;5.736,0.389,0.335;4.419,16.061,1.685;19.573,2.194,0.296;3.521,13.629,2.313"
20,drone_3,7.3967,8.7302,17.0000,17.0000,"14.357,12.879,0.252;9.010,15.177,1.025;19.809,4.168,0.324;10.129,14.615,2.458;8.936,6.709,0.287;4.590,13.262,2.343;6.403,11.029,1.330;6.438,19.149,0.410;6.347,16.387,2.305;7.658,6.938,1.213;18.528,3.397,0.319;12.463,1.244,0.327;15.140,2.624,0.353;19.181,11.248,0.397;6.075,10.679,1.237;9.963,18.318,0.278;13.657,2.395,1.242;18.345,8.323,0.607;16.330,12.669,1.212;8.211,16.636,2.108;18.920,4.724,0.824;6.982,14.462,0.467;13.078,3.783,0.260;17.138,13.793,0.911;19.835,12.422,0.274;4.272,15.597,0.484;5.231,1.573,0.369;0.404,1.991,0.374;1.242,7.965,0.803;15.337,10.392,0.257;19.687,17.481,0.439;0.228,5.122,0.256;18.759,4.232,1.190;15.871,1.584,0.901;17.498,2.250,1.213;18.055,14.400,0.766;0.677,16.257,1.030;3.749,14.009,1.691;17.338,2.560,1.881;17.542,11.622,0.375;4.549,3.923,0.328;18.293,5.188,1.119;18.427,6.999,1.006;7.151,4.722,0.359;8.388,14.026,2.102;8.427,19.699,0.294;13.619,17.487,0.418;0.487,15.533,0.716;11.073,18.842,2.140;18.209,10.773,0.683;16.864,10.411,1.383;11.865,12.546,0.357;12.571,0.515,0.818;1.703,15.595,0.307;0.701,9.573,0.738;16.410,10.961,1.080;5.736,0.389,0.335;4.419,16.061,1.685;19.573,2.194,0.296;3.521,13.629,2.313"
20,drone_4,14.4446,7.1289,17.0000,17.0000,"14.357,12.879,0.252;9.010,15.177,1.025;19.809,4.168,0.324;10.129,14.615,2.458;8.936,6.709,0.287;4.590,13.262,2.343;6.403,11.029,1.330;6.438,19.149,0.410;6.347,16.387,2.305;7.658,6.938,1.213;18.528,3.397,0.319;12.463,1.244,0.327;15.140,2.624,0.353;19.181,11.248,0.397;6.075,10.679,1.237;9.963,18.318,0.278;13.657,2.395,1.242;18.345,8.323,0.607;16.330,12.669,1.212;8.211,16.636,2.108;18.920,4.724,0.824;6.982,14.462,0.467;13.078,3.783,0.260;17.138,13.793,0.911;19.835,12.422,0.274;4.272,15.597,0.484;5.231,1.573,0.369;0.404,1.991,0.374;1.242,7.965,0.803;15.337,10.392,0.257;19.687,17.481,0.439;0.228,5.122,0.256;18.759,4.232,1.190;15.871,1.584,0.901;17.498,2.250,1.213;18.055,14.400,0.766;0.677,16.257,1.030;3.749,14.009,1.691;17.338,2.560,1.881;17.542,11.622,0.375;4.549,3.923,0.328;18.293,5.188,1.119;18.427,6.999,1.006;7.151,4.722,0.359;8.388,14.026,2.102;8.427,19.699,0.294;13.619,17.487,0.418;0.487,15.533,0.716;11.073,18.842,2.140;18.209,10.773,0.683;16.864,10.411,1.383;11.865,12.546,0.357;12.571,0.515,0.818;1.703,15.595,0.307;0.701,9.573,0.738;16.410,10.961,1.080;5.736,0.389,0.335;4.419,16.061,1.685;19.573,2.194,0.296;3.521,13.629,2.313"
20,drone_5,5.3333,8.3531,17.0000,17.0000,"14.357,12.879,0.252;9.010,15.177,1.025;19.809,4.168,0.324;10.129,14.615,2.458;8.936,6.709,0.287;4.590,13.262,2.343;6.403,11.029,1.330;6.438,19.149,0.410;6.347,16.387,2.305;7.658,6.938,1.213;18.528,3.397,0.319;12.463,1.244,0.327;15.140,2.624,0.353;19.181,11.248,0.397;6.075,10.679,1.237;9.963,18.318,0.278;13.657,2.395,1.242;18.345,8.323,0.607;16.330,12.669,1.212;8.211,16.636,2.108;18.920,4.724,0.824;6.982,14.462,0.467;13.078,3.783,0.260;17.138,13.793,0.911;19.835,12.422,0.274;4.272,15.597,0.484;5.231,1.573,0.369;0.404,1.991,0.374;1.242,7.965,0.803;15.337,10.392,0.257;19.687,17.481,0.439;0.228,5.122,0.256;18.759,4.232,1.190;15.871,1.584,0.901;17.498,2.250,1.213;18.055,14.400,0.766;0.677,16.257,1.030;3.749,14.009,1.691;17.338,2.560,1.881;17.542,11.622,0.375;4.549,3.923,0.328;18.293,5.188,1.119;18.427,6.999,1.006;7.151,4.722,0.359;8.388,14.026,2.102;8.427,19.699,0.294;13.619,17.487,0.418;0.487,15.533,0.716;11.073,18.842,2.140;18.209,10.773,0.683;16.864,10.411,1.383;11.865,12.546,0.357;12.571,0.515,0.818;1.703,15.595,0.307;0.701,9.573,0.738;16.410,10.961,1.080;5.736,0.389,0.335;4.419,16.061,1.685;19.573,2.194,0.296;3.521,13.629,2.313"
20,drone_6,11.9506,4.6295,17.0000,17.0000,"14.357,12.879,0.252;9.010,15.177,1.025;19.809,4.168,0.324;10.129,14.615,2.458;8.936,6.709,0.287;4.590,13.262,2.343;6.403,11.029,1.330;6.438,19.149,0.410;6.347,16.387,2.305;7.658,6.938,1.213;18.528,3.397,0.319;12.463,1.244,0.327;15.140,2.624,0.353;19.181,11.248,0.397;6.075,10.679,1.237;9.963,18.318,0.278;13.657,2.395,1.242;18.345,8.323,0.607;16.330,12.669,1.212;8.211,16.636,2.108;18.920,4.724,0.824;6.982,14.462,0.467;13.078,3.783,0.260;17.138,13.793,0.911;19.835,12.422,0.274;4.272,15.597,0.484;5.231,1.573,0.369;0.404,1.991,0.374;1.242,7.965,0.803;15.337,10.392,0.257;19.687,17.481,0.439;0.228,5.122,0.256;18.759,4.232,1.190;15.871,1.584,0.901;17.498,2.250,1.213;18.055,14.400,0.766;0.677,16.257,1.030;3.749,14.009,1.691;17.338,2.560,1.881;17.542,11.622,0.375;4.549,3.923,0.328;18.293,5.188,1.119;18.427,6.999,1.006;7.151,4.722,0.359;8.388,14.026,2.102;8.427,19.699,0.294;13.619,17.487,0.418;0.487,15.533,0.716;11.073,18.842,2.140;18.209,10.773,0.683;16.864,10.411,1.383;11.865,12.546,0.357;12.571,0.515,0.818;1.703,15.595,0.307;0.701,9.573,0.738;16.410,10.961,1.080;5.736,0.389,0.335;4.419,16.061,1.685;19.573,2.194,0.296;3.521,13.629,2.313"
20,drone_7,12.9180,11.0240,17.0000,17.0000,"14.357,12.879,0.252;9.010,15.177,1.025;19.809,4.168,0.324;10.129,14.615,2.458;8.936,6.709,0.287;4.590,13.262,2.343;6.403,11.029,1.330;6.438,19.149,0.410;6.347,16.387,2.305;7.658,6.938,1.213;18.528,3.397,0.319;12.463,1.244,0.327;15.140,2.624,0.353;19.181,11.248,0.397;6.075,10.679,1.237;9.963,18.318,0.278;13.657,2.395,1.242;18.345,8.323,0.607;16.330,12.669,1.212;8.211,16.636,2.108;18.920,4.724,0.824;6.982,14.462,0.467;13.078,3.783,0.260;17.138,13.793,0.911;19.835,12.422,0.274;4.272,15.597,0.484;5.231,1.573,0.369;0.404,1.991,0.374;1.242,7.965,0.803;15.337,10.392,0.257;19.687,17.481,0.439;0.228,5.122,0.256;18.759,4.232,1.190;15.871,1.584,0.901;17.498,2.250,1.213;18.055,14.400,0.766;0.677,16.257,1.030;3.749,14.009,1.691;17.338,2.560,1.881;17.542,11.622,0.375;4.549,3.923,0.328;18.293,5.188,1.119;18.427,6.999,1.006;7.151,4.722,0.359;8.388,14.026,2.102;8.427,19.699,0.294;13.619,17.487,0.418;0.487,15.533,0.716;11.073,18.842,2.140;18.209,10.773,0.683;16.864,10.411,1.383;11.865,12.546,0.357;12.571,0.515,0.818;1.703,15.595,0.307;0.701,9.573,0.738;16.410,10.961,1.080;5.736,0.389,0.335;4.419,16.061,1.685;19.573,2.194,0.296;3.521,13.629,2.313"
21,drone_0,13.6574,9.5764,17.0000,17.0000,"14.357,12.879,0.252;9.010,15.177,1.025;19.809,4.168,0.324;10.129,14.615,2.458;8.936,6.709,0.287;4.590,13.262,2.343;6.403,11.029,1.330;6.438,19.149,0.410;6.347,16.387,2.305;7.658,6.938,1.213;18.528,3.397,0.319;12.463,1.244,0.327;15.140,2.624,0.353;19.181,11.248,0.397;6.075,10.679,1.237;9.963,18.318,0.278;13.657,2.395,1.242;18.345,8.323,0.607;16.330,12.669,1.212;8.211,16.636,2.108;18.920,4.724,0.824;6.982,14.462,0.467;13.078,3.783,0.260;17.138,13.793,0.911;19.835,12.422,0.274;4.272,15.597,0.484;5.231,1.573,0.369;0.404,1.991,0.374;1.242,7.965,0.803;15.337,10.392,0.257;19.687,17.481,0.439;0.228,5.122,0.256;18.759,4.232,1.190;15.871,1.584,0.901;17.498,2.250,1.213;18.055,14.400,0.766;0.677,16.257,1.030;3.749,14.009,1.691;17.338,2.560,1.881;17.542,11.622,0.375;4.549,3.923,0.328;18.293,5.188,1.119;18.427,6.999,1.006;7.151,4.722,0.359;8.388,14.026,2.102;8.427,19.699,0.294;13.619,17.487,0.418;0.487,15.533,0.716;11.073,18.842,2.140;18.209,10.773,0.683;16.864,10.411,1.383;11.865,12.546,0.357;12.571,0.515,0.818;1.703,15.595,0.307;0.701,9.573,0.738;16.410,10.961,1.080;5.736,0.389,0.335;4.419,16.061,1.685;19.573,2.194,0.296;3.521,13.629,2.313"
21,drone_3,7.5621,8.8427,17.0000,17.0000,"14.357,12.879,0.252;9.010,15.177,1.025;19.809,4.168,0.324;10.129,14.615,2.458;8.936,6.709,0.287;4.590,13.262,2.343;6.403,11.029,1.330;6.438,19.149,0.410;6.347,16.387,2.305;7.658,6.938,1.213;18.528,3.397,0.319;12.463,1.244,0.327;15.140,2.624,0.353;19.181,11.248,0.397;6.075,10.679,1.237;9.963,18.318,0.278;13.657,2.395,1.242;18.345,8.323,0.607;16.330,12.669,1.212;8.211,16.636,2.108;18.920,4.724,0.824;6.982,14.462,0.467;13.078,3.783,0.260;17.138,13.793,0.911;19.835,12.422,0.274;4.272,15.597,0.484;5.231,1.573,0.369;0.404,1.991,0.374;1.242,7.965,0.803;15.337,10.392,0.257;19.687,17.481,0.439;0.228,5.122,0.256;18.759,4.232,1.190;15.871,1.584,0.901;17.498,2.250,1.213;18.055,14.400,0.766;0.677,16.257,1.030;3.749,14.009,1.691;17.338,2.560,1.881;17.542,11.622,0.375;4.549,3.923,0.328;18.293,5.188,1.119;18.427,6.999,1.006;7.151,4.722,0.359;8.388,14.026,2.102;8.427,19.699,0.294;13.619,17.487,0.418;0.487,15.533,0.716;11.073,18.842,2.140;18.209,10.773,0.683;16.864,10.411,1.383;11.865,12.546,0.357;12.571,0.515,0.818;1.703,15.595,0.307;0.701,9.573,0.738;16.410,10.961,1.080;5.736,0.389,0.335;4.419,16.061,1.685;19.573,2.194,0.296;3.521,13.629,2.313"
21,drone_4,14.5948,7.2609,17.0000,17.0000,"14.357,12.879,0.252;9.010,15.177,1.025;19.809,4.168,0.324;10.129,14.615,2.458;8.936,6.709,0.287;4.590,13.262,2.343;6.403,11.029,1.330;6.438,19.149,0.410;6.347,16.387,2.305;7.658,6.938,1.213;18.528,3.397,0.319;12.463,1.244,0.327;15.140,2.624,0.353;19.181,11.248,0.397;6.075,10.679,1.237;9.963,18.318,0.278;13.657,2.395,1.242;18.345,8.323,0.607;16.330,12.669,1.212;8.211,16.636,2.108;18.920,4.724,0.824;6.982,14.462,0.467;13.078,3.783,0.260;17.138,13.793,0.911;19.835,12.422,0.274;4.272,15.597,0.484;5.231,1.573,0.369;0.404,1.991,0.374;1.242,7.965,0.803;15.337,10.392,0.257;19.687,17.481,0.439;0.228,5.122,0.256;18.759,4.232,1.190;15.871,1.584,0.901;17.498,2.250,1.213;18.055,14.400,0.766;0.677,16.257,1.030;3.749,14.009,1.691;17.338,2.560,1.881;17.542,11.622,0.375;4.549,3.923,0.328;18.293,5.188,1.119;18.427,6.999,1.006;7.151,4.722,0.359;8.388,14.026,2.102;8.427,19.699,0.294;13.619,17.487,0.418;0.487,15.533,0.716;11.073,18.842,2.140;18.209,10.773,0.683;16.864,10.411,1.383;11.865,12.546,0.357;12.571,0.515,0.818;1.703,15.595,0.307;0.701,9.573,0.738;16.410,10.961,1.080;5.736,0.389,0.335;4.419,16.061,1.685;19.573,2.194,0.296;3.521,13.629,2.313"
21,drone_5,5.4694,8.4996,17.0000,17.0000,"14.357,12.879,0.252;9.010,15.177,1.025;19.809,4.168,0.324;10.129,14.615,2.458;8.936,6.709,0.287;4.590,13.262,2.343;6.403,11.029,1.330;6.438,19.149,0.410;6.347,16.387,2.305;7.658,6.938,1.213;18.528,3.397,0.319;12.463,1.244,0.327;15.140,2.624,0.353;19.181,11.248,0.397;6.075,10.679,1.237;9.963,18.318,0.278;13.657,2.395,1.242;18.345,8.323,0.607;16.330,12.669,1.212;8.211,16.636,2.108;18.920,4.724,0.824;6.982,14.462,0.467;13.078,3.783,0.260;17.138,13.793,0.911;19.835,12.422,0.274;4.272,15.597,0.484;5.231,1.573,0.369;0.404,1.991,0.374;1.242,7.965,0.803;15.337,10.392,0.257;19.687,17.481,0.439;0.228,5.122,0.256;18.759,4.232,1.190;15.871,1.584,0.901;17.498,2.250,1.213;18.055,14.400,0.766;0.677,16.257,1.030;3.749,14.009,1.691;17.338,2.560,1.881;17.542,11.622,0.375;4.549,3.923,0.328;18.293,5.188,1.119;18.427,6.999,1.006;7.151,4.722,0.359;8.388,14.026,2.102;8.427,19.699,0.294;13.619,17.487,0.418;0.487,15.533,0.716;11.073,18.842,2.140;18.209,10.773,0.683;16.864,10.411,1.383;11.865,12.546,0.357;12.571,0.515,0.818;1.703,15.595,0.307;0.701,9.573,0.738;16.410,10.961,1.080;5.736,0.389,0.335;4.419,16.061,1.685;19.573,2.194,0.296;3.521,13.629,2.313"
21,drone_6,12.0883,4.7746,17.0000,17.0000,"14.357,12.879,0.252;9.010,15.177,1.025;19.809,4.168,0.324;10.129,14.615,2.458;8.936,6.709,0.287;4.590,13.262,2.343;6.403,11.029,1.330;6.438,19.149,0.410;6.347,16.387,2.305;7.658,6.938,1.213;18.528,3.397,0.319;12.463,1.244,0.327;15.140,2.624,0.353;19.181,11.248,0.397;6.075,10.679,1.237;9.963,18.318,0.278;13.657,2.395,1.242;18.345,8.323,0.607;16.330,12.669,1.212;8.211,16.636,2.108;18.920,4.724,0.824;6.982,14.462,0.467;13.078,3.783,0.260;17.138,13.793,0.911;19.835,12.422,0.274;4.272,15.597,0.484;5.231,1.573,0.369;0.404,1.991,0.374;1.242,7.965,0.803;15.337,10.392,0.257;19.687,17.481,0.439;0.228,5.122,0.256;18.759,4.232,1.190;15.871,1.584,0.901;17.498,2.250,1.213;18.055,14.400,0.766;0.677,16.257,1.030;3.749,14.009,1.691;17.338,2.560,1.881;17.542,11.622,0.375;4.549,3.923,0.328;18.293,5.188,1.119;18.427,6.999,1.006;7.151,4.722,0.359;8.388,14.026,2.102;8.427,19.699,0.294;13.619,17.487,0.418;0.487,15.533,0.716;11.073,18.842,2.140;18.209,10.773,0.683;16.864,10.411,1.383;11.865,12.546,0.357;12.571,0.515,0.818;1.703,15.595,0.307;0.701,9.573,0.738;16.410,10.961,1.080;5.736,0.389,0.335;4.419,16.061,1.685;19.573,2.194,0.296;3.521,13.629,2.313"
21,drone_7,13.0969,11.1134,17.0000,17.0000,"14.357,12.879,0.252;9.010,15.177,1.025;19.809,4.168,0.324;10.129,14.615,2.458;8.936,6.709,0.287;4.590,13.262,2.343;6.403,11.029,1.330;6.438,19.149,0.410;6.347,16.387,2.305;7.658,6.938,1.213;18.528,3.397,0.319;12.463,1.244,0.327;15.140,2.624,0.353;19.181,11.248,0.397;6.075,10.679,1.237;9.963,18.318,0.278;13.657,2.395,1.242;18.345,8.323,0.607;16.330,12.669,1.212;8.211,16.636,2.108;18.920,4.724,0.824;6.982,14.462,0.467;13.078,3.783,0.260;17.138,13.793,0.911;19.835,12.422,0.274;4.272,15.597,0.484;5.231,1.573,0.369;0.404,1.991,0.374;1.242,7.965,0.803;15.337,10.392,0.257;19.687,17.481,0.439;0.228,5.122,0.256;18.759,4.232,1.190;15.871,1.584,0.901;17.498,2.250,1.213;18.055,14.400,0.766;0.677,16.257,1.030;3.749,14.009,1.691;17.338,2.560,1.881;17.542,11.622,0.375;4.549,3.923,0.328;18.293,5.188,1.119;18.427,6.999,1.006;7.151,4.722,0.359;8.388,14.026,2.102;8.427,19.699,0.294;13.619,17.487,0.418;0.487,15.533,0.716;11.073,18.842,2.140;18.209,10.773,0.683;16.864,10.411,1.383;11.865,12.546,0.357;12.571,0.515,0.818;1.703,15.595,0.307;0.701,9.573,0.738;16.410,10.961,1.080;5.736,0.389,0.335;4.419,16.061,1.685;19.573,2.194,0.296;3.521,13.629,2.313"
22,drone_0,13.7880,9.7279,17.0000,17.0000,"14.357,12.879,0.252;9.010,15.177,1.025;19.809,4.168,0.324;10.129,14.615,2.458;8.936,6.709,0.287;4.590,13.262,2.343;6.403,11.029,1.330;6.438,19.149,0.410;6.347,16.387,2.305;7.658,6.938,1.213;18.528,3.397,0.319;12.463,1.244,0.327;15.140,2.624,0.353;19.181,11.248,0.397;6.075,10.679,1.237;9.963,18.318,0.278;13.657,2.395,1.242;18.345,8.323,0.607;16.330,12.669,1.212;8.211,16.636,2.108;18.920,4.724,0.824;6.982,14.462,0.467;13.078,3.783,0.260;17.138,13.793,0.911;19.835,12.422,0.274;4.272,15.597,0.484;5.231,1.573,0.369;0.404,1.991,0.374;1.242,7.965,0.803;15.337,10.392,0.257;19.687,17.481,0.439;0.228,5.122,0.256;18.759,4.232,1.190;15.871,1.584,0.901;17.498,2.250,1.213;18.055,14.400,0.766;0.677,16.257,1.030;3.749,14.009,1.691;17.338,2.560,1.881;17.542,11.622,0.375;4.549,3.923,0.328;18.293,5.188,1.119;18.427,6.999,1.006;7.151,4.722,0.359;8.388,14.026,2.102;8.427,19.699,0.294;13.619,17.487,0.418;0.487,15.533,0.716;11.073,18.842,2.140;18.209,10.773,0.683;16.864,10.411,1.383;11.865,12.546,0.357;12.571,0.515,0.818;1.703,15.595,0.307;0.701,9.573,0.738;16.410,10.961,1.080;5.736,0.389,0.335;4.419,16.061,1.685;19.573,2.194,0.296;3.521,13.629,2.313"
22,drone_3,7.7282,8.9541,17.0000,17.0000,"14.357,12.879,0.252;9.010,15.177,1.025;19.809,4.168,0.324;10.129,14.615,2.458;8.936,6.709,0.287;4.590,13.262,2.343;6.403,11.029,1.330;6.438,19.149,0.410;6.347,16.387,2.305;7.658,6.938,1.213;18.528,3.397,0.319;12.463,1.244,0.327;15.140,2.624,0.353;19.181,11.248,0.397;6.075,10.679,1.237;9.963,18.318,0.278;13.657,2.395,1.242;18.345,8.323,0.607;16.330,12.669,1.212;8.211,16.636,2.108;18.920,4.724,0.824;6.982,14.462,0.467;13.078,3.783,0.260;17.138,13.793,0.911;19.835,12.422,0.274;4.272,15.597,0.484;5.231,1.573,0.369;0.404,1.991,0.374;1.242,7.965,0.803;15.337,10.392,0.257;19.687,17.481,0.439;0.228,5.122,0.256;18.759,4.232,1.190;15.871,1.584,0.901;17.498,2.250,1.213;18.055,14.400,0.766;0.677,16.257,1.030;3.749,14.009,1.691;17.338,2.560,1.881;17.542,11.622,0.375;4.549,3.923,0.328;18.293,5.188,1.119;18.427,6.999,1.006;7.151,4.722,0.359;8.388,14.026,2.102;8.427,19.699,0.294;13.619,17.487,0.418;0.487,15.533,0.716;11.073,18.842,2.140;18.209,10.773,0.683;16.864,10.411,1.383;11.865,12.546,0.357;12.571,0.515,0.818;1.703,15.595,0.307;0.701,9.573,0.738;16.410,10.961,1.080;5.736,0.389,0.335;4.419,16.061,1.685;19.573,2.194,0.296;3.521,13.629,2.313"
22,drone_4,14.7469,7.3908,17.0000,17.0000,"14.357,12.879,0.252;9.010,15.177,1.025;19.809,4.168,0.324;10.129,14.615,2.458;8.936,6.709,0.287;4.590,13.262,2.343;6.403,11.029,1.330;6.438,19.149,0.410;6.347,16.387,2.305;7.658,6.938,1.213;18.528,3.397,0.319;12.463,1.244,0.327;15.140,2.624,0.353;19.181,11.248,0.397;6.075,10.679,1.237;9.963,18.318,0.278;13.657,2.395,1.242;18.345,8.323,0.607;16.330,12.669,1.212;8.211,16.636,2.108;18.920,4.724,0.824;6.982,14.462,0.467;13.078,3.783,0.260;17.138,13.793,0.911;19.835,12.422,0.274;4.272,15.597,0.484;5.231,1.573,0.369;0.404,1.991,0.374;1.242,7.965,0.803;15.337,10.392,0.257;19.687,17.481,0.439;0.228,5.122,0.256;18.759,4.232,1.190;15.871,1.584,0.901;17.498,2.250,1.213;18.055,14.400,0.766;0.677,16.257,1.030;3.749,14.009,1.691;17.338,2.560,1.881;17.542,11.622,0.375;4.549,3.923,0.328;18.293,5.188,1.119;18.427,6.999,1.006;7.151,4.722,0.359;8.388,14.026,2.102;8.427,19.699,0.294;13.619,17.487,0.418;0.487,15.533,0.716;11.073,18.842,2.140;18.209,10.773,0.683;16.864,10.411,1.383;11.865,12.546,0.357;12.571,0.515,0.818;1.703,15.595,0.307;0.701,9.573,0.738;16.410,10.961,1.080;5.736,0.389,0.335;4.419,16.061,1.685;19.573,2.194,0.296;3.521,13.629,2.313"
22,drone_5,5.6134,8.6384,17.0000,17.0000,"14.357,12.879,0.252;9.010,15.177,1.025;19.809,4.168,0.324;10.129,14.615,2.458;8.936,6.709,0.287;4.590,13.262,2.343;6.403,11.029,1.330;6.438,19.149,0.410;6.347,16.387,2.305;7.658,6.938,1.213;18.528,3.397,0.319;12.463,1.244,0.327;15.140,2.624,0.353;19.181,11.248,0.397;6.075,10.679,1.237;9.963,18.318,0.278;13.657,2.395,1.242;18.345,8.323,0.607;16.330,12.669,1.212;8.211,16.636,2.108;18.920,4.724,0.824;6.982,14.462,0.467;13.078,3.783,0.260;17.138,13.793,0.911;19.835,12.422,0.274;4.272,15.597,0.484;5.231,1.573,0.369;0.404,1.991,0.374;1.242,7.965,0.803;15.337,10.392,0.257;19.687,17.481,0.439;0.228,5.122,0.256;18.759,4.232,1.190;15.871,1.584,0.901;17.498,2.250,1.213;18.055,14.400,0.766;0.677,16.257,1.030;3.749,14.009,1.691;17.338,2.560,1.881;17.542,11.622,0.375;4.549,3.923,0.328;18.293,5.188,1.119;18.427,6.999,1.006;7.151,4.722,0.359;8.388,14.026,2.102;8.427,19.699,0.294;13.619,17.487,0.418;0.487,15.533,0.716;11.073,18.842,2.140;18.209,10.773,0.683;16.864,10.411,1.383;11.865,12.546,0.357;12.571,0.515,0.818;1.703,15.595,0.307;0.701,9.573,0.738;16.410,10.961,1.080;5.736,0.389,0.335;4.419,16.061,1.685;19.573,2.194,0.296;3.521,13.629,2.313"
22,drone_6,12.2308,4.9150,17.0000,17.0000,"14.357,12.879,0.252;9.010,15.177,1.025;19.809,4.168,0.324;10.129,14.615,2.458;8.936,6.709,0.287;4.590,13.262,2.343;6.403,11.029,1.330;6.438,19.149,0.410;6.347,16.387,2.305;7.658,6.938,1.213;18.528,3.397,0.319;12.463,1.244,0.327;15.140,2.624,0.353;19.181,11.248,0.397;6.075,10.679,1.237;9.963,18.318,0.278;13.657,2.395,1.242;18.345,8.323,0.607;16.330,12.669,1.212;8.211,16.636,2.108;18.920,4.724,0.824;6.982,14.462,0.467;13.078,3.783,0.260;17.138,13.793,0.911;19.835,12.422,0.274;4.272,15.597,0.484;5.231,1.573,0.369;0.404,1.991,0.374;1.242,7.965,0.803;15.337,10.392,0.257;19.687,17.481,0.439;0.228,5.122,0.256;18.759,4.232,1.190;15.871,1.584,0.901;17.498,2.250,1.213;18.055,14.400,0.766;0.677,16.257,1.030;3.749,14.009,1.691;17.338,2.560,1.881;17.542,11.622,0.375;4.549,3.923,0.328;18.293,5.188,1.119;18.427,6.999,1.006;7.151,4.722,0.359;8.388,14.026,2.102;8.427,19.699,0.294;13.619,17.487,0.418;0.487,15.533,0.716;11.073,18.842,2.140;18.209,10.773,0.683;16.864,10.411,1.383;11.865,12.546,0.357;12.571,0.515,0.818;1.703,15.595,0.307;0.701,9.573,0.738;16.410,10.961,1.080;5.736,0.389,0.335;4.419,16.061,1.685;19.573,2.194,0.296;3.521,13.629,2.313"
22,drone_7,13.2797,11.1944,17.0000,17.0000,"14.357,12.879,0.252;9.010,15.177,1.025;19.809,4.168,0.324;10.129,14.615,2.458;8.936,6.709,0.287;4.590,13.262,2.343;6.403,11.029,1.330;6.438,19.149,0.410;6.347,16.387,2.305;7.658,6.938,1.213;18.528,3.397,0.319;12.463,1.244,0.327;15.140,2.624,0.353;19.181,11.248,0.397;6.075,10.679,1.237;9.963,18.318,0.278;13.657,2.395,1.242;18.345,8.323,0.607;16.330,12.669,1.212;8.211,16.636,2.108;18.920,4.724,0.824;6.982,14.462,0.467;13.078,3.783,0.260;17.138,13.793,0.911;19.835,12.422,0.274;4.272,15.597,0.484;5.231,1.573,0.369;0.404,1.991,0.374;1.242,7.965,0.803;15.337,10.392,0.257;19.687,17.481,0.439;0.228,5.122,0.256;18.759,4.232,1.190;15.871,1.584,0.901;17.498,2.250,1.213;18.055,14.400,0.766;0.677,16.257,1.030;3.749,14.009,1.691;17.338,2.560,1.881;17.542,11.622,0.375;4.549,3.923,0.328;18.293,5.188,1.119;18.427,6.999,1.006;7.151,4.722,0.359;8.388,14.026,2.102;8.427,19.699,0.294;13.619,17.487,0.418;0.487,15.533,0.716;11.073,18.842,2.140;18.209,10.773,0.683;16.864,10.411,1.383;11.865,12.546,0.357;12.571,0.515,0.818;1.703,15.595,0.307;0.701,9.573,0.738;16.410,10.961,1.080;5.736,0.389,0.335;4.419,16.061,1.685;19.573,2.194,0.296;3.521,13.629,2.313"
23,drone_0,13.9183,9.8797,17.0000,17.0000,"14.357,12.879,0.252;9.010,15.177,1.025;19.809,4.168,0.324;10.129,14.615,2.458;8.936,6.709,0.287;4.590,13.262,2.343;6.403,11.029,1.330;6.438,19.149,0.410;6.347,16.387,2.305;7.658,6.938,1.213;18.528,3.397,0.319;12.463,1.244,0.327;15.140,2.624,0.353;19.181,11.248,0.397;6.075,10.679,1.237;9.963,18.318,0.278;13.657,2.395,1.242;18.345,8.323,0.607;16.330,12.669,1.212;8.211,16.636,2.108;18.920,4.724,0.824;6.982,14.462,0.467;13.078,3.783,0.260;17.138,13.793,0.911;19.835,12.422,0.274;4.272,15.597,0.484;5.231,1.573,0.369;0.404,1.991,0.374;1.242,7.965,0.803;15.337,10.392,0.257;19.687,17.481,0.439;0.228,5.122,0.256;18.759,4.232,1.190;15.871,1.584,0.901;17.498,2.250,1.213;18.055,14.400,0.766;0.677,16.257,1.030;3.749,14.009,1.691;17.338,2.560,1.881;17.542,11.622,0.375;4.549,3.923,0.328;18.293,5.188,1.119;18.427,6.999,1.006;7.151,4.722,0.359;8.388,14.026,2.102;8.427,19.699,0.294;13.619,17.487,0.418;0.487,15.533,0.716;11.073,18.842,2.140;18.209,10.773,0.683;16.864,10.411,1.383;11.865,12.546,0.357;12.571,0.515,0.818;1.703,15.595,0.307;0.701,9.573,0.738;16.410,10.961,1.080;5.736,0.389,0.335;4.419,16.061,1.685;19.573,2.194,0.296;3.521,13.629,2.313"
23,drone_3,7.8960,9.0629,17.0000,17.0000,"14.357,12.879,0.252;9.010,15.177,1.025;19.809,4.168,0.324;10.129,14.615,2.458;8.936,6.709,0.287;4.590,13.262,2.343;6.403,11.029,1.330;6.438,19.149,0.410;6.347,16.387,2.305;7.658,6.938,1.213;18.528,3.397,0.319;12.463,1.244,0.327;15.140,2.624,0.353;19.181,11.248,0.397;6.075,10.679,1.237;9.963,18.318,0.278;13.657,2.395,1.242;18.345,8.323,0.607;16.330,12.669,1.212;8.211,16.636,2.108;18.920,4.724,0.824;6.982,14.462,0.467;13.078,3.783,0.260;17.138,13.793,0.911;19.835,12.422,0.274;4.272,15.597,0.484;5.231,1.573,0.369;0.404,1.991,0.374;1.242,7.965,0.803;15.337,10.392,0.257;19.687,17.481,0.439;0.228,5.122,0.256;18.759,4.232,1.190;15.871,1.584,0.901;17.498,2.250,1.213;18.055,14.400,0.766;0.677,16.257,1.030;3.749,14.009,1.691;17.338,2.560,1.881;17.542,11.622,0.375;4.549,3.923,0.328;18.293,5.188,1.119;18.427,6.999,1.006;7.151,4.722,0.359;8.388,14.026,2.102;8.427,19.699,0.294;13.619,17.487,0.418;0.487,15.533,0.716;11.073,18.842,2.140;18.209,10.773,0.683;16.864,10.411,1.383;11.865,12.546,0.357;12.571,0.515,0.818;1.703,15.595,0.307;0.701,9.573,0.738;16.410,10.961,1.080;5.736,0.389,0.335;4.419,16.061,1.685;19.573,2.194,0.296;3.521,13.629,2.313"
23,drone_4,14.8994,7.5202,17.0000,17.0000,"14.357,12.879,0.252;9.010,15.177,1.025;19.809,4.168,0.324;10.129,14.615,2.458;8.936,6.709,0.287;4.590,13.262,2.343;6.403,11.029,1.330;6.438,19.149,0.410;6.347,16.387,2.305;7.658,6.938,1.213;18.528,3.397,0.319;12.463,1.244,0.327;15.140,2.624,0.353;19.181,11.248,0.397;6.075,10.679,1.237;9.963,18.318,0.278;13.657,2.395,1.242;18.345,8.323,0.607;16.330,12.669,1.212;8.211,16.636,2.108;18.920,4.724,0.824;6.982,14.462,0.467;13.078,3.783,0.260;17.138,13.793,0.911;19.835,12.422,0.274;4.272,15.597,0.484;5.231,1.573,0.369;0.404,1.991,0.374;1.242,7.965,0.803;15.337,10.392,0.257;19.687,17.481,0.439;0.228,5.122,0.256;18.759,4.232,1.190;15.871,1.584,0.901;17.498,2.250,1.213;18.055,14.400,0.766;0.677,16.257,1.030;3.749,14.009,1.691;17.338,2.560,1.881;17.542,11.622,0.375;4.549,3.923,0.328;18.293,5.188,1.119;18.427,6.999,1.006;7.151,4.722,0.359;8.388,14.026,2.102;8.427,19.699,0.294;13.619,17.487,0.418;0.487,15.533,0.716;11.073,18.842,2.140;18.209,10.773,0.683;16.864,10.411,1.383;11.865,12.546,0.357;12.571,0.515,0.818;1.703,15.595,0.307;0.701,9.573,0.738;16.410,10.961,1.080;5.736,0.389,0.335;4.419,16.061,1.685;19.573,2.194,0.296;3.521,13.629,2.313"
23,drone_5,5.7613,8.7730,17.0000,17.0000,"14.357,12.879,0.252;9.010,15.177,1.025;19.809,4.168,0.324;10.129,14.615,2.458;8.936,6.709,0.287;4.590,13.262,2.343;6.403,11.029,1.330;6.438,19.149,0.410;6.347,16.387,2.305;7.658,6.938,1.213;18.528,3.397,0.319;12.463,1.244,0.327;15.140,2.624,0.353;19.181,11.248,0.397;6.075,10.679,1.237;9.963,18.318,0.278;13.657,2.395,1.242;18.345,8.323,0.607;16.330,12.669,1.212;8.211,16.636,2.108;18.920,4.724,0.824;6.982,14.462,0.467;13.078,3.783,0.260;17.138,13.793,0.911;19.835,12.422,0.274;4.272,15.597,0.484;5.231,1.573,0.369;0.404,1.991,0.374;1.242,7.965,0.803;15.337,10.392,0.257;19.687,17.481,0.439;0.228,5.122,0.256;18.759,4.232,1.190;15.871,1.584,0.901;17.498,2.250,1.213;18.055,14.400,0.766;0.677,16.257,1.030;3.749,14.009,1.691;17.338,2.560,1.881;17.542,11.622,0.375;4.549,3.923,0.328;18.293,5.188,1.119;18.427,6.999,1.006;7.151,4.722,0.359;8.388,14.026,2.102;8.427,19.699,0.294;13.619,17.487,0.418;0.487,15.533,0.716;11.073,18.842,2.140;18.209,10.773,0.683;16.864,10.411,1.383;11.865,12.546,0.357;12.571,0.515,0.818;1.703,15.595,0.307;0.701,9.573,0.738;16.410,10.961,1.080;5.736,0.389,0.335;4.419,16.061,1.685;19.573,2.194,0.296;3.521,13.629,2.313"
23,drone_6,12.3716,5.0570,17.0000,17.0000,"14.357,12.879,0.252;9.010,15.177,1.025;19.809,4.168,0.324;10.129,14.615,2.458;8.936,6.709,0.287;4.590,13.262,2.343;6.403,11.029,1.330;6.438,19.149,0.410;6.347,16.387,2.305;7.658,6.938,1.213;18.528,3.397,0.319;12.463,1.244,0.327;15.140,2.624,0.353;19.181,11.248,0.397;6.075,10.679,1.237;9.963,18.318,0.278;13.657,2.395,1.242;18.345,8.323,0.607;16.330,12.669,1.212;8.211,16.636,2.108;18.920,4.724,0.824;6.982,14.462,0.467;13.078,3.783,0.260;17.138,13.793,0.911;19.835,12.422,0.274;4.272,15.597,0.484;5.231,1.573,0.369;0.404,1.991,0.374;1.242,7.965,0.803;15.337,10.392,0.257;19.687,17.481,0.439;0.228,5.122,0.256;18.759,4.232,1.190;15.871,1.584,0.901;17.498,2.250,1.213;18.055,14.400,0.766;0.677,16.257,1.030;3.749,14.009,1.691;17.338,2.560,1.881;17.542,11.622,0.375;4.549,3.923,0.328;18.293,5.188,1.119;18.427,6.999,1.006;7.151,4.722,0.359;8.388,14.026,2.102;8.427,19.699,0.294;13.619,17.487,0.418;0.487,15.533,0.716;11.073,18.842,2.140;18.209,10.773,0.683;16.864,10.411,1.383;11.865,12.546,0.357;12.571,0.515,0.818;1.703,15.595,0.307;0.701,9.573,0.738;16.410,10.961,1.080;5.736,0.389,0.335;4.419,16.061,1.685;19.573,2.194,0.296;3.521,13.629,2.313"
23,drone_7,13.4661,11.2670,17.0000,17.0000,"14.357,12.879,0.252;9.010,15.177,1.025;19.809,4.168,0.324;10.129,14.615,2.458;8.936,6.709,0.287;4.590,13.262,2.343;6.403,11.029,1.330;6.438,19.149,0.410;6.347,16.387,2.305;7.658,6.938,1.213;18.528,3.397,0.319;12.463,1.244,0.327;15.140,2.624,0.353;19.181,11.248,0.397;6.075,10.679,1.237;9.963,18.318,0.278;13.657,2.395,1.242;18.345,8.323,0.607;16.330,12.669,1.212;8.211,16.636,2.108;18.920,4.724,0.824;6.982,14.462,0.467;13.078,3.783,0.260;17.138,13.793,0.911;19.835,12.422,0.274;4.272,15.597,0.484;5.231,1.573,0.369;0.404,1.991,0.374;1.242,7.965,0.803;15.337,10.392,0.257;19.687,17.481,0.439;0.228,5.122,0.256;18.759,4.232,1.190;15.871,1.584,0.901;17.498,2.250,1.213;18.055,14.400,0.766;0.677,16.257,1.030;3.749,14.009,1.691;17.338,2.560,1.881;17.542,11.622,0.375;4.549,3.923,0.328;18.293,5.188,1.119;18.427,6.999,1.006;7.151,4.722,0.359;8.388,14.026,2.102;8.427,19.699,0.294;13.619,17.487,0.418;0.487,15.533,0.716;11.073,18.842,2.140;18.209,10.773,0.683;16.864,10.411,1.383;11.865,12.546,0.357;12.571,0.515,0.818;1.703,15.595,0.307;0.701,9.573,0.738;16.410,10.961,1.080;5.736,0.389,0.335;4.419,16.061,1.685;19.573,2.194,0.296;3.521,13.629,2.313"
24,drone_0,14.0468,10.0330,17.0000,17.0000,"14.357,12.879,0.252;9.010,15.177,1.025;19.809,4.168,0.324;10.129,14.615,2.458;8.936,6.709,0.287;4.590,13.262,2.343;6.403,11.029,1.330;6.438,19.149,0.410;6.347,16.387,2.305;7.658,6.938,1.213;18.528,3.397,0.319;12.463,1.244,0.327;15.140,2.624,0.353;19.181,11.248,0.397;6.075,10.679,1.237;9.963,18.318,0.278;13.657,2.395,1.242;18.345,8.323,0.607;16.330,12.669,1.212;8.211,16.636,2.108;18.920,4.724,0.824;6.982,14.462,0.467;13.078,3.783,0.260;17.138,13.793,0.911;19.835,12.422,0.274;4.272,15.597,0.484;5.231,1.573,0.369;0.404,1.991,0.374;1.242,7.965,0.803;15.337,10.392,0.257;19.687,17.481,0.439;0.228,5.122,0.256;18.759,4.232,1.190;15.871,1.584,0.901;17.498,2.250,1.213;18.055,14.400,0.766;0.677,16.257,1.030;3.749,14.009,1.691;17.338,2.560,1.881;17.542,11.622,0.375;4.549,3.923,0.328;18.293,5.188,1.119;18.427,6.999,1.006;7.151,4.722,0.359;8.388,14.026,2.102;8.427,19.699,0.294;13.619,17.487,0.418;0.487,15.533,0.716;11.073,18.842,2.140;18.209,10.773,0.683;16.864,10.411,1.383;11.865,12.546,0.357;12.571,0.515,0.818;1.703,15.595,0.307;0.701,9.573,0.738;16.410,10.961,1.080;5.736,0.389,0.335;4.419,16.061,1.685;19.573,2.194,0.296;3.521,13.629,2.313"
24,drone_3,8.0797,9.1422,17.0000,17.0000,"14.357,12.879,0.252;9.010,15.177,1.025;19.809,4.168,0.324;10.129,14.615,2.458;8.936,6.709,0.287;4.590,13.262,2.343;6.403,11.029,1.330;6.438,19.149,0.410;6.347,16.387,2.305;7.658,6.938,1.213;18.528,3.397,0.319;12.463,1.244,0.327;15.140,2.624,0.353;19.181,11.248,0.397;6.075,10.679,1.237;9.963,18.318,0.278;13.657,2.395,1.242;18.345,8.323,0.607;16.330,12.669,1.212;8.211,16.636,2.108;18.920,4.724,0.824;6.982,14.462,0.467;13.078,3.783,0.260;17.138,13.793,0.911;19.835,12.422,0.274;4.272,15.597,0.484;5.231,1.573,0.369;0.404,1.991,0.374;1.242,7.965,0.803;15.337,10.392,0.257;19.687,17.481,0.439;0.228,5.122,0.256;18.759,4.232,1.190;15.871,1.584,0.901;17.498,2.250,1.213;18.055,14.400,0.766;0.677,16.257,1.030;3.749,14.009,1.691;17.338,2.560,1.881;17.542,11.622,0.375;4.549,3.923,0.328;18.293,5.188,1.119;18.427,6.999,1.006;7.151,4.722,0.359;8.388,14.026,2.102;8.427,19.699,0.294;13.619,17.487,0.418;0.487,15.533,0.716;11.073,18.842,2.140;18.209,10.773,0.683;16.864,10.411,1.383;11.865,12.546,0.357;12.571,0.515,0.818;1.703,15.595,0.307;0.701,9.573,0.738;16.410,10.961,1.080;5.736,0.389,0.335;4.419,16.061,1.685;19.573,2.194,0.296;3.521,13.629,2.313"
24,drone_4,15.0513,7.6503,17.0000,17.0000,"14.357,12.879,0.252;9.010,15.177,1.025;19.809,4.168,0.324;10.129,14.615,2.458;8.936,6.709,0.287;4.590,13.262,2.343;6.403,11.029,1.330;6.438,19.149,0.410;6.347,16.387,2.305;7.658,6.938,1.213;18.528,3.397,0.319;12.463,1.244,0.327;15.140,2.624,0.353;19.181,11.248,0.397;6.075,10.679,1.237;9.963,18.318,0.278;13.657,2.395,1.242;18.345,8.323,0.607;16.330,12.669,1.212;8.211,16.636,2.108;18.920,4.724,0.824;6.982,14.462,0.467;13.078,3.783,0.260;17.138,13.793,0.911;19.835,12.422,0.274;4.272,15.597,0.484;5.231,1.573,0.369;0.404,1.991,0.374;1.242,7.965,0.803;15.337,10.392,0.257;19.687,17.481,0.439;0.228,5.122,0.256;18.759,4.232,1.190;15.871,1.584,0.901;17.498,2.250,1.213;18.055,14.400,0.766;0.677,16.257,1.030;3.749,14.009,1.691;17.338,2.560,1.881;17.542,11.622,0.375;4.549,3.923,0.328;18.293,5.188,1.119;18.427,6.999,1.006;7.151,4.722,0.359;8.388,14.026,2.102;8.427,19.699,0.294;13.619,17.487,0.418;0.487,15.533,0.716;11.073,18.842,2.140;18.209,10.773,0.683;16.864,10.411,1.383;11.865,12.546,0.357;12.571,0.515,0.818;1.703,15.595,0.307;0.701,9.573,0.738;16.410,10.961,1.080;5.736,0.389,0.335;4.419,16.061,1.685;19.573,2.194,0.296;3.521,13.629,2.313"
24,drone_5,5.9131,8.9032,17.0000,17.0000,"14.357,12.879,0.252;9.010,15.177,1.025;19.809,4.168,0.324;10.129,14.615,2.458;8.936,6.709,0.287;4.590,13.262,2.343;6.403,11.029,1.330;6.438,19.149,0.410;6.347,16.387,2.305;7.658,6.938,1.213;18.528,3.397,0.319;12.463,1.244,0.327;15.140,2.624,0.353;19.181,11.248,0.397;6.075,10.679,1.237;9.963,18.318,0.278;13.657,2.395,1.242;18.345,8.323,0.607;16.330,12.669,1.212;8.211,16.636,2.108;18.920,4.724,0.824;6.982,14.462,0.467;13.078,3.783,0.260;17.138,13.793,0.911;19.835,12.422,0.274;4.272,15.597,0.484;5.231,1.573,0.369;0.404,1.991,0.374;1.242,7.965,0.803;15.337,10.392,0.257;19.687,17.481,0.439;0.228,5.122,0.256;18.759,4.232,1.190;15.871,1.584,0.901;17.498,2.250,1.213;18.055,14.400,0.766;0.677,16.257,1.030;3.749,14.009,1.691;17.338,2.560,1.881;17.542,11.622,0.375;4.549,3.923,0.328;18.293,5.188,1.119;18.427,6.999,1.006;7.151,4.722,0.359;8.388,14.026,2.102;8.427,19.699,0.294;13.619,17.487,0.418;0.487,15.533,0.716;11.073,18.842,2.140;18.209,10.773,0.683;16.864,10.411,1.383;11.865,12.546,0.357;12.571,0.515,0.818;1.703,15.595,0.307;0.701,9.573,0.738;16.410,10.961,1.080;5.736,0.389,0.335;4.419,16.061,1.685;19.573,2.194,0.296;3.521,13.629,2.313"
24,drone_6,12.5065,5.2046,17.0000,17.0000,"14.357,12.879,0.252;9.010,15.177,1.025;19.809,4.168,0.324;10.129,14.615,2.458;8.936,6.709,0.287;4.590,13.262,2.343;6.403,11.029,1.330;6.438,19.149,0.410;6.347,16.387,2.305;7.658,6.938,1.213;18.528,3.397,0.319;12.463,1.244,0.327;15.140,2.624,0.353;19.181,11.248,0.397;6.075,10.679,1.237;9.963,18.318,0.278;13.657,2.395,1.242;18.345,8.323,0.607;16.330,12.669,1.212;8.211,16.636,2.108;18.920,4.724,0.824;6.982,14.462,0.467;13.078,3.783,0.260;17.138,13.793,0.911;19.835,12.422,0.274;4.272,15.597,0.484;5.231,1.573,0.369;0.404,1.991,0.374;1.242,7.965,0.803;15.337,10.392,0.257;19.687,17.481,0.439;0.228,5.122,0.256;18.759,4.232,1.190;15.871,1.584,0.901;17.498,2.250,1.213;18.055,14.400,0.766;0.677,16.257,1.030;3.749,14.009,1.691;17.338,2.560,1.881;17.542,11.622,0.375;4.549,3.923,0.328;18.293,5.188,1.119;18.427,6.999,1.006;7.151,4.722,0.359;8.388,14.026,2.102;8.427,19.699,0.294;13.619,17.487,0.418;0.487,15.533,0.716;11.073,18.842,2.140;18.209,10.773,0.683;16.864,10.411,1.383;11.865,12.546,0.357;12.571,0.515,0.818;1.703,15.595,0.307;0.701,9.573,0.738;16.410,10.961,1.080;5.736,0.389,0.335;4.419,16.061,1.685;19.573,2.194,0.296;3.521,13.629,2.313"
24,drone_7,13.6489,11.3482,17.0000,17.0000,"14.357,12.879,0.252;9.010,15.177,1.025;19.809,4.168,0.324;10.129,14.615,2.458;8.936,6.709,0.287;4.590,13.262,2.343;6.403,11.029,1.330;6.438,19.149,0.410;6.347,16.387,2.305;7.658,6.938,1.213;18.528,3.397,0.319;12.463,1.244,0.327;15.140,2.624,0.353;19.181,11.248,0.397;6.075,10.679,1.237;9.963,18.318,0.278;13.657,2.395,1.242;18.345,8.323,0.607;16.330,12.669,1.212;8.211,16.636,2.108;18.920,4.724,0.824;6.982,14.462,0.467;13.078,3.783,0.260;17.138,13.793,0.911;19.835,12.422,0.274;4.272,15.597,0.484;5.231,1.573,0.369;0.404,1.991,0.374;1.242,7.965,0.803;15.337,10.392,0.257;19.687,17.481,0.439;0.228,5.122,0.256;18.759,4.232,1.190;15.871,1.584,0.901;17.498,2.250,1.213;18.055,14.400,0.766;0.677,16.257,1.030;3.749,14.009,1.691;17.338,2.560,1.881;17.542,11.622,0.375;4.549,3.923,0.328;18.293,5.188,1.119;18.427,6.999,1.006;7.151,4.722,0.359;8.388,14.026,2.102;8.427,19.699,0.294;13.619,17.487,0.418;0.487,15.533,0.716;11.073,18.842,2.140;18.209,10.773,0.683;16.864,10.411,1.383;11.865,12.546,0.357;12.571,0.515,0.818;1.703,15.595,0.307;0.701,9.573,0.738;16.410,10.961,1.080;5.736,0.389,0.335;4.419,16.061,1.685;19.573,2.194,0.296;3.521,13.629,2.313"
25,drone_0,14.1725,10.1885,17.0000,17.0000,"14.357,12.879,0.252;9.010,15.177,1.025;19.809,4.168,0.324;10.129,14.615,2.458;8.936,6.709,0.287;4.590,13.262,2.343;6.403,11.029,1.330;6.438,19.149,0.410;6.347,16.387,2.305;7.658,6.938,1.213;18.528,3.397,0.319;12.463,1.244,0.327;15.140,2.624,0.353;19.181,11.248,0.397;6.075,10.679,1.237;9.963,18.318,0.278;13.657,2.395,1.242;18.345,8.323,0.607;16.330,12.669,1.212;8.211,16.636,2.108;18.920,4.724,0.824;6.982,14.462,0.467;13.078,3.783,0.260;17.138,13.793,0.911;19.835,12.422,0.274;4.272,15.597,0.484;5.231,1.573,0.369;0.404,1.991,0.374;1.242,7.965,0.803;15.337,10.392,0.257;19.687,17.481,0.439;0.228,5.122,0.256;18.759,4.232,1.190;15.871,1.584,0.901;17.498,2.250,1.213;18.055,14.400,0.766;0.677,16.257,1.030;3.749,14.009,1.691;17.338,2.560,1.881;17.542,11.622,0.375;4.549,3.923,0.328;18.293,5.188,1.119;18.427,6.999,1.006;7.151,4.722,0.359;8.388,14.026,2.102;8.427,19.699,0.294;13.619,17.487,0.418;0.487,15.533,0.716;11.073,18.842,2.140;18.209,10.773,0.683;16.864,10.411,1.383;11.865,12.546,0.357;12.571,0.515,0.818;1.703,15.595,0.307;0.701,9.573,0.738;16.410,10.961,1.080;5.736,0.389,0.335;4.419,16.061,1.685;19.573,2.194,0.296;3.521,13.629,2.313"
25,drone_3,8.2691,9.2062,17.0000,17.0000,"14.357,12.879,0.252;9.010,15.177,1.025;19.809,4.168,0.324;10.129,14.615,2.458;8.936,6.709,0.287;4.590,13.262,2.343;6.403,11.029,1.330;6.438,19.149,0.410;6.347,16.387,2.305;7.658,6.938,1.213;18.528,3.397,0.319;12.463,1.244,0.327;15.140,2.624,0.353;19.181,11.248,0.397;6.075,10.679,1.237;9.963,18.318,0.278;13.657,2.395,1.242;18.345,8.323,0.607;16.330,12.669,1.212;8.211,16.636,2.108;18.920,4.724,0.824;6.982,14.462,0.467;13.078,3.783,0.260;17.138,13.793,0.911;19.835,12.422,0.274;4.272,15.597,0.484;5.231,1.573,0.369;0.404,1.991,0.374;1.242,7.965,0.803;15.337,10.392,0.257;19.687,17.481,0.439;0.228,5.122,0.256;18.759,4.232,1.190;15.871,1.584,0.901;17.498,2.250,1.213;18.055,14.400,0.766;0.677,16.257,1.030;3.749,14.009,1.691;17.338,2.560,1.881;17.542,11.622,0.375;4.549,3.923,0.328;18.293,5.188,1.119;18.427,6.999,1.006;7.151,4.722,0.359;8.388,14.026,2.102;8.427,19.699,0.294;13.619,17.487,0.418;0.487,15.533,0.716;11.073,18.842,2.140;18.209,10.773,0.683;16.864,10.411,1.383;11.865,12.546,0.357;12.571,0.515,0.818;1.703,15.595,0.307;0.701,9.573,0.738;16.410,10.961,1.080;5.736,0.389,0.335;4.419,16.061,1.685;19.573,2.194,0.296;3.521,13.629,2.313"
25,drone_4,15.2014,7.7826,17.0000,17.0000,"14.357,12.879,0.252;9.010,15.177,1.025;19.809,4.168,0.324;10.129,14.615,2.458;8.936,6.709,0.287;4.590,13.262,2.343;6.403,11.029,1.330;6.438,19.149,0.410;6.347,16.387,2.305;7.658,6.938,1.213;18.528,3.397,0.319;12.463,1.244,0.327;15.140,2.624,0.353;19.181,11.248,0.397;6.075,10.679,1.237;9.963,18.318,0.278;13.657,2.395,1.242;18.345,8.323,0.607;16.330,12.669,1.212;8.211,16.636,2.108;18.920,4.724,0.824;6.982,14.462,0.467;13.078,3.783,0.260;17.138,13.793,0.911;19.835,12.422,0.274;4.272,15.597,0.484;5.231,1.573,0.369;0.404,1.991,0.374;1.242,7.965,0.803;15.337,10.392,0.257;19.687,17.481,0.439;0.228,5.122,0.256;18.759,4.232,1.190;15.871,1.584,0.901;17.498,2.250,1.213;18.055,14.400,0.766;0.677,16.257,1.030;3.749,14.009,1.691;17.338,2.560,1.881;17.542,11.622,0.375;4.549,3.923,0.328;18.293,5.188,1.119;18.427,6.999,1.006;7.151,4.722,0.359;8.388,14.026,2.102;8.427,19.699,0.294;13.619,17.487,0.418;0.487,15.533,0.716;11.073,18.842,2.140;18.209,10.773,0.683;16.864,10.411,1.383;11.865,12.546,0.357;12.571,0.515,0.818;1.703,15.595,0.307;0.701,9.573,0.738;16.410,10.961,1.080;5.736,0.389,0.335;4.419,16.061,1.685;19.573,2.194,0.296;3.521,13.629,2.313"
25,drone_5,6.0650,9.0333,17.0000,17.0000,"14.357,12.879,0.252;9.010,15.177,1.025;19.809,4.168,0.324;10.129,14.615,2.458;8.936,6.709,0.287;4.590,13.262,2.343;6.403,11.029,1.330;6.438,19.149,0.410;6.347,16.387,2.305;7.658,6.938,1.213;18.528,3.397,0.319;12.463,1.244,0.327;15.140,2.624,0.353;19.181,11.248,0.397;6.075,10.679,1.237;9.963,18.318,0.278;13.657,2.395,1.242;18.345,8.323,0.607;16.330,12.669,1.212;8.211,16.636,2.108;18.920,4.724,0.824;6.982,14.462,0.467;13.078,3.783,0.260;17.138,13.793,0.911;19.835,12.422,0.274;4.272,15.597,0.484;5.231,1.573,0.369;0.404,1.991,0.374;1.242,7.965,0.803;15.337,10.392,0.257;19.687,17.481,0.439;0.228,5.122,0.256;18.759,4.232,1.190;15.871,1.584,0.901;17.498,2.250,1.213;18.055,14.400,0.766;0.677,16.257,1.030;3.749,14.009,1.691;17.338,2.560,1.881;17.542,11.622,0.375;4.549,3.923,0.328;18.293,5.188,1.119;18.427,6.999,1.006;7.151,4.722,0.359;8.388,14.026,2.102;8.427,19.699,0.294;13.619,17.487,0.418;0.487,15.533,0.716;11.073,18.842,2.140;18.209,10.773,0.683;16.864,10.411,1.383;11.865,12.546,0.357;12.571,0.515,0.818;1.703,15.595,0.307;0.701,9.573,0.738;16.410,10.961,1.080;5.736,0.389,0.335;4.419,16.061,1.685;19.573,2.194,0.296;3.521,13.629,2.313"
25,drone_6,12.6366,5.3565,17.0000,17.0000,"14.357,12.879,0.252;9.010,15.177,1.025;19.809,4.168,0.324;10.129,14.615,2.458;8.936,6.709,0.287;4.590,13.262,2.343;6.403,11.029,1.330;6.438,19.149,0.410;6.347,16.387,2.305;7.658,6.938,1.213;18.528,3.397,0.319;12.463,1.244,0.327;15.140,2.624,0.353;19.181,11.248,0.397;6.075,10.679,1.237;9.963,18.318,0.278;13.657,2.395,1.242;18.345,8.323,0.607;16.330,12.669,1.212;8.211,16.636,2.108;18.920,4.724,0.824;6.982,14.462,0.467;13.078,3.783,0.260;17.138,13.793,0.911;19.835,12.422,0.274;4.272,15.597,0.484;5.231,1.573,0.369;0.404,1.991,0.374;1.242,7.965,0.803;15.337,10.392,0.257;19.687,17.481,0.439;0.228,5.122,0.256;18.759,4.232,1.190;15.871,1.584,0.901;17.498,2.250,1.213;18.055,14.400,0.766;0.677,16.257,1.030;3.749,14.009,1.691;17.338,2.560,1.881;17.542,11.622,0.375;4.549,3.923,0.328;18.293,5.188,1.119;18.427,6.999,1.006;7.151,4.722,0.359;8.388,14.026,2.102;8.427,19.699,0.294;13.619,17.487,0.418;0.487,15.533,0.716;11.073,18.842,2.140;18.209,10.773,0.683;16.864,10.411,1.383;11.865,12.546,0.357;12.571,0.515,0.818;1.703,15.595,0.307;0.701,9.573,0.738;16.410,10.961,1.080;5.736,0.389,0.335;4.419,16.061,1.685;19.573,2.194,0.296;3.521,13.629,2.313"
25,drone_7,13.8191,11.4532,17.0000,17.0000,"14.357,12.879,0.252;9.010,15.177,1.025;19.809,4.168,0.324;10.129,14.615,2.458;8.936,6.709,0.287;4.590,13.262,2.343;6.403,11.029,1.330;6.438,19.149,0.410;6.347,16.387,2.305;7.658,6.938,1.213;18.528,3.397,0.319;12.463,1.244,0.327;15.140,2.624,0.353;19.181,11.248,0.397;6.075,10.679,1.237;9.963,18.318,0.278;13.657,2.395,1.242;18.345,8.323,0.607;16.330,12.669,1.212;8.211,16.636,2.108;18.920,4.724,0.824;6.982,14.462,0.467;13.078,3.783,0.260;17.138,13.793,0.911;19.835,12.422,0.274;4.272,15.597,0.484;5.231,1.573,0.369;0.404,1.991,0.374;1.242,7.965,0.803;15.337,10.392,0.257;19.687,17.481,0.439;0.228,5.122,0.256;18.759,4.232,1.190;15.871,1.584,0.901;17.498,2.250,1.213;18.055,14.400,0.766;0.677,16.257,1.030;3.749,14.009,1.691;17.338,2.560,1.881;17.542,11.622,0.375;4.549,3.923,0.328;18.293,5.188,1.119;18.427,6.999,1.006;7.151,4.722,0.359;8.388,14.026,2.102;8.427,19.699,0.294;13.619,17.487,0.418;0.487,15.533,0.716;11.073,18.842,2.140;18.209,10.773,0.683;16.864,10.411,1.383;11.865,12.546,0.357;12.571,0.515,0.818;1.703,15.595,0.307;0.701,9.573,0.738;16.410,10.961,1.080;5.736,0.389,0.335;4.419,16.061,1.685;19.573,2.194,0.296;3.521,13.629,2.313"
26,drone_0,14.2947,10.3469,17.0000,17.0000,"14.357,12.879,0.252;9.010,15.177,1.025;19.809,4.168,0.324;10.129,14.615,2.458;8.936,6.709,0.287;4.590,13.262,2.343;6.403,11.029,1.330;6.438,19.149,0.410;6.347,16.387,2.305;7.658,6.938,1.213;18.528,3.397,0.319;12.463,1.244,0.327;15.140,2.624,0.353;19.181,11.248,0.397;6.075,10.679,1.237;9.963,18.318,0.278;13.657,2.395,1.242;18.345,8.323,0.607;16.330,12.669,1.212;8.211,16.636,2.108;18.920,4.724,0.824;6.982,14.462,0.467;13.078,3.783,0.260;17.138,13.793,0.911;19.835,12.422,0.274;4.272,15.597,0.484;5.231,1.573,0.369;0.404,1.991,0.374;1.242,7.965,0.803;15.337,10.392,0.257;19.687,17.481,0.439;0.228,5.122,0.256;18.759,4.232,1.190;15.871,1.584,0.901;17.498,2.250,1.213;18.055,14.400,0.766;0.677,16.257,1.030;3.749,14.009,1.691;17.338,2.560,1.881;17.542,11.622,0.375;4.549,3.923,0.328;18.293,5.188,1.119;18.427,6.999,1.006;7.151,4.722,0.359;8.388,14.026,2.102;8.427,19.699,0.294;13.619,17.487,0.418;0.487,15.533,0.716;11.073,18.842,2.140;18.209,10.773,0.683;16.864,10.411,1.383;11.865,12.546,0.357;12.571,0.515,0.818;1.703,15.595,0.307;0.701,9.573,0.738;16.410,10.961,1.080;5.736,0.389,0.335;4.419,16.061,1.685;19.573,2.194,0.296;3.521,13.629,2.313"
26,drone_3,8.4612,9.2619,17.0000,17.0000,"14.357,12.879,0.252;9.010,15.177,1.025;19.809,4.168,0.324;10.129,14.615,2.458;8.936,6.709,0.287;4.590,13.262,2.343;6.403,11.029,1.330;6.438,19.149,0.410;6.347,16.387,2.305;7.658,6.938,1.213;18.528,3.397,0.319;12.463,1.244,0.327;15.140,2.624,0.353;19.181,11.248,0.397;6.075,10.679,1.237;9.963,18.318,0.278;13.657,2.395,1.242;18.345,8.323,0.607;16.330,12.669,1.212;8.211,16.636,2.108;18.920,4.724,0.824;6.982,14.462,0.467;13.078,3.783,0.260;17.138,13.793,0.911;19.835,12.422,0.274;4.272,15.597,0.484;5.231,1.573,0.369;0.404,1.991,0.374;1.242,7.965,0.803;15.337,10.392,0.257;19.687,17.481,0.439;0.228,5.122,0.256;18.759,4.232,1.190;15.871,1.584,0.901;17.498,2.250,1.213;18.055,14.400,0.766;0.677,16.257,1.030;3.749,14.009,1.691;17.338,2.560,1.881;17.542,11.622,0.375;4.549,3.923,0.328;18.293,5.188,1.119;18.427,6.999,1.006;7.151,4.722,0.359;8.388,14.026,2.102;8.427,19.699,0.294;13.619,17.487,0.418;0.487,15.533,0.716;11.073,18.842,2.140;18.209,10.773,0.683;16.864,10.411,1.383;11.865,12.546,0.357;12.571,0.515,0.818;1.703,15.595,0.307;0.701,9.573,0.738;16.410,10.961,1.080;5.736,0.389,0.335;4.419,16.061,1.685;19.573,2.194,0.296;3.521,13.629,2.313"
26,drone_4,15.3470,7.9196,17.0000,17.0000,"14.357,12.879,0.252;9.010,15.177,1.025;19.809,4.168,0.324;10.129,14.615,2.458;8.936,6.709,0.287;4.590,13.262,2.343;6.403,11.029,1.330;6.438,19.149,0.410;6.347,16.387,2.305;7.658,6.938,1.213;18.528,3.397,0.319;12.463,1.244,0.327;15.140,2.624,0.353;19.181,11.248,0.397;6.075,10.679,1.237;9.963,18.318,0.278;13.657,2.395,1.242;18.345,8.323,0.607;16.330,12.669,1.212;8.211,16.636,2.108;18.920,4.724,0.824;6.982,14.462,0.467;13.078,3.783,0.260;17.138,13.793,0.911;19.835,12.422,0.274;4.272,15.597,0.484;5.231,1.573,0.369;0.404,1.991,0.374;1.242,7.965,0.803;15.337,10.392,0.257;19.687,17.481,0.439;0.228,5.122,0.256;18.759,4.232,1.190;15.871,1.584,0.901;17.498,2.250,1.213;18.055,14.400,0.766;0.677,16.257,1.030;3.749,14.009,1.691;17.338,2.560,1.881;17.542,11.622,0.375;4.549,3.923,0.328;18.293,5.188,1.119;18.427,6.999,1.006;7.151,4.722,0.359;8.388,14.026,2.102;8.427,19.699,0.294;13.619,17.487,0.418;0.487,15.533,0.716;11.073,18.842,2.140;18.209,10.773,0.683;16.864,10.411,1.383;11.865,12.546,0.357;12.571,0.515,0.818;1.703,15.595,0.307;0.701,9.573,0.738;16.410,10.961,1.080;5.736,0.389,0.335;4.419,16.061,1.685;19.573,2.194,0.296;3.521,13.629,2.313"
26,drone_5,6.2308,9.1451,17.0000,17.0000,"14.357,12.879,0.252;9.010,15.177,1.025;19.809,4.168,0.324;10.129,14.615,2.458;8.936,6.709,0.287;4.590,13.262,2.343;6.403,11.029,1.330;6.438,19.149,0.410;6.347,16.387,2.305;7.658,6.938,1.213;18.528,3.397,0.319;12.463,1.244,0.327;15.140,2.624,0.353;19.181,11.248,0.397;6.075,10.679,1.237;9.963,18.318,0.278;13.657,2.395,1.242;18.345,8.323,0.607;16.330,12.669,1.212;8.211,16.636,2.108;18.920,4.724,0.824;6.982,14.462,0.467;13.078,3.783,0.260;17.138,13.793,0.911;19.835,12.422,0.274;4.272,15.597,0.484;5.231,1.573,0.369;0.404,1.991,0.374;1.242,7.965,0.803;15.337,10.392,0.257;19.687,17.481,0.439;0.228,5.122,0.256;18.759,4.232,1.190;15.871,1.584,0.901;17.498,2.250,1.213;18.055,14.400,0.766;0.677,16.257,1.030;3.749,14.009,1.691;17.338,2.560,1.881;17.542,11.622,0.375;4.549,3.923,0.328;18.293,5.188,1.119;18.427,6.999,1.006;7.151,4.722,0.359;8.388,14.026,2.102;8.427,19.699,0.294;13.619,17.487,0.418;0.487,15.533,0.716;11.073,18.842,2.140;18.209,10.773,0.683;16.864,10.411,1.383;11.865,12.546,0.357;12.571,0.515,0.818;1.703,15.595,0.307;0.701,9.573,0.738;16.410,10.961,1.080;5.736,0.389,0.335;4.419,16.061,1.685;19.573,2.194,0.296;3.521,13.629,2.313"
26,drone_6,12.7679,5.5074,17.0000,17.0000,"14.357,12.879,0.252;9.010,15.177,1.025;19.809,4.168,0.324;10.129,14.615,2.458;8.936,6.709,0.287;4.590,13.262,2.343;6.403,11.029,1.330;6.438,19.149,0.410;6.347,16.387,2.305;7.658,6.938,1.213;18.528,3.397,0.319;12.463,1.244,0.327;15.140,2.624,0.353;19.181,11.248,0.397;6.075,10.679,1.237;9.963,18.318,0.278;13.657,2.395,1.242;18.345,8.323,0.607;16.330,12.669,1.212;8.211,16.636,2.108;18.920,4.724,0.824;6.982,14.462,0.467;13.078,3.783,0.260;17.138,13.793,0.911;19.835,12.422,0.274;4.272,15.597,0.484;5.231,1.573,0.369;0.404,1.991,0.374;1.242,7.965,0.803;15.337,10.392,0.257;19.687,17.481,0.439;0.228,5.122,0.256;18.759,4.232,1.190;15.871,1.584,0.901;17.498,2.250,1.213;18.055,14.400,0.766;0.677,16.257,1.030;3.749,14.009,1.691;17.338,2.560,1.881;17.542,11.622,0.375;4.549,3.923,0.328;18.293,5.188,1.119;18.427,6.999,1.006;7.151,4.722,0.359;8.388,14.026,2.102;8.427,19.699,0.294;13.619,17.487,0.418;0.487,15.533,0.716;11.073,18.842,2.140;18.209,10.773,0.683;16.864,10.411,1.383;11.865,12.546,0.357;12.571,0.515,0.818;1.703,15.595,0.307;0.701,9.573,0.738;16.410,10.961,1.080;5.736,0.389,0.335;4.419,16.061,1.685;19.573,2.194,0.296;3.521,13.629,2.313"
26,drone_7,13.9771,11.5758,17.0000,17.0000,"14.357,12.879,0.252;9.010,15.177,1.025;19.809,4.168,0.324;10.129,14.615,2.458;8.936,6.709,0.287;4.590,13.262,2.343;6.403,11.029,1.330;6.438,19.149,0.410;6.347,16.387,2.305;7.658,6.938,1.213;18.528,3.397,0.319;12.463,1.244,0.327;15.140,2.624,0.353;19.181,11.248,0.397;6.075,10.679,1.237;9.963,18.318,0.278;13.657,2.395,1.242;18.345,8.323,0.607;16.330,12.669,1.212;8.211,16.636,2.108;18.920,4.724,0.824;6.982,14.462,0.467;13.078,3.783,0.260;17.138,13.793,0.911;19.835,12.422,0.274;4.272,15.597,0.484;5.231,1.573,0.369;0.404,1.991,0.374;1.242,7.965,0.803;15.337,10.392,0.257;19.687,17.481,0.439;0.228,5.122,0.256;18.759,4.232,1.190;15.871,1.584,0.901;17.498,2.250,1.213;18.055,14.400,0.766;0.677,16.257,1.030;3.749,14.009,1.691;17.338,2.560,1.881;17.542,11.622,0.375;4.549,3.923,0.328;18.293,5.188,1.119;18.427,6.999,1.006;7.151,4.722,0.359;8.388,14.026,2.102;8.427,19.699,0.294;13.619,17.487,0.418;0.487,15.533,0.716;11.073,18.842,2.140;18.209,10.773,0.683;16.864,10.411,1.383;11.865,12.546,0.357;12.571,0.515,0.818;1.703,15.595,0.307;0.701,9.573,0.738;16.410,10.961,1.080;5.736,0.389,0.335;4.419,16.061,1.685;19.573,2.194,0.296;3.521,13.629,2.313"
27,drone_0,14.4122,10.5087,17.0000,17.0000,"14.357,12.879,0.252;9.010,15.177,1.025;19.809,4.168,0.324;10.129,14.615,2.458;8.936,6.709,0.287;4.590,13.262,2.343;6.403,11.029,1.330;6.438,19.149,0.410;6.347,16.387,2.305;7.658,6.938,1.213;18.528,3.397,0.319;12.463,1.244,0.327;15.140,2.624,0.353;19.181,11.248,0.397;6.075,10.679,1.237;9.963,18.318,0.278;13.657,2.395,1.242;18.345,8.323,0.607;16.330,12.669,1.212;8.211,16.636,2.108;18.920,4.724,0.824;6.982,14.462,0.467;13.078,3.783,0.260;17.138,13.793,0.911;19.835,12.422,0.274;4.272,15.597,0.484;5.231,1.573,0.369;0.404,1.991,0.374;1.242,7.965,0.803;15.337,10.392,0.257;19.687,17.481,0.439;0.228,5.122,0.256;18.759,4.232,1.190;15.871,1.584,0.901;17.498,2.250,1.213;18.055,14.400,0.766;0.677,16.257,1.030;3.749,14.009,1.691;17.338,2.560,1.881;17.542,11.622,0.375;4.549,3.923,0.328;18.293,5.188,1.119;18.427,6.999,1.006;7.151,4.722,0.359;8.388,14.026,2.102;8.427,19.699,0.294;13.619,17.487,0.418;0.487,15.533,0.716;11.073,18.842,2.140;18.209,10.773,0.683;16.864,10.411,1.383;11.865,12.546,0.357;12.571,0.515,0.818;1.703,15.595,0.307;0.701,9.573,0.738;16.410,10.961,1.080;5.736,0.389,0.335;4.419,16.061,1.685;19.573,2.194,0.296;3.521,13.629,2.313"
27,drone_3,8.6529,9.3189,17.0000,17.0000,"14.357,12.879,0.252;9.010,15.177,1.025;19.809,4.168,0.324;10.129,14.615,2.458;8.936,6.709,0.287;4.590,13.262,2.343;6.403,11.029,1.330;6.438,19.149,0.410;6.347,16.387,2.305;7.658,6.938,1.213;18.528,3.397,0.319;12.463,1.244,0.327;15.140,2.624,0.353;19.181,11.248,0.397;6.075,10.679,1.237;9.963,18.318,0.278;13.657,2.395,1.242;18.345,8.323,0.607;16.330,12.669,1.212;8.211,16.636,2.108;18.920,4.724,0.824;6.982,14.462,0.467;13.078,3.783,0.260;17.138,13.793,0.911;19.835,12.422,0.274;4.272,15.597,0.484;5.231,1.573,0.369;0.404,1.991,0.374;1.242,7.965,0.803;15.337,10.392,0.257;19.687,17.481,0.439;0.228,5.122,0.256;18.759,4.232,1.190;15.871,1.584,0.901;17.498,2.250,1.213;18.055,14.400,0.766;0.677,16.257,1.030;3.749,14.009,1.691;17.338,2.560,1.881;17.542,11.622,0.375;4.549,3.923,0.328;18.293,5.188,1.119;18.427,6.999,1.006;7.151,4.722,0.359;8.388,14.026,2.102;8.427,19.699,0.294;13.619,17.487,0.418;0.487,15.533,0.716;11.073,18.842,2.140;18.209,10.773,0.683;16.864,10.411,1.383;11.865,12.546,0.357;12.571,0.515,0.818;1.703,15.595,0.307;0.701,9.573,0.738;16.410,10.961,1.080;5.736,0.389,0.335;4.419,16.061,1.685;19.573,2.194,0.296;3.521,13.629,2.313"
27,drone_4,15.4885,8.0610,17.0000,17.0000,"14.357,12.879,0.252;9.010,15.177,1.025;19.809,4.168,0.324;10.129,14.615,2.458;8.936,6.709,0.287;4.590,13.262,2.343;6.403,11.029,1.330;6.438,19.149,0.410;6.347,16.387,2.305;7.658,6.938,1.213;18.528,3.397,0.319;12.463,1.244,0.327;15.140,2.624,0.353;19.181,11.248,0.397;6.075,10.679,1.237;9.963,18.318,0.278;13.657,2.395,1.242;18.345,8.323,0.607;16.330,12.669,1.212;8.211,16.636,2.108;18.920,4.724,0.824;6.982,14.462,0.467;13.078,3.783,0.260;17.138,13.793,0.911;19.835,12.422,0.274;4.272,15.597,0.484;5.231,1.573,0.369;0.404,1.991,0.374;1.242,7.965,0.803;15.337,10.392,0.257;19.687,17.481,0.439;0.228,5.122,0.256;18.759,4.232,1.190;15.871,1.584,0.901;17.498,2.250,1.213;18.055,14.400,0.766;0.677,16.257,1.030;3.749,14.009,1.691;17.338,2.560,1.881;17.542,11.622,0.375;4.549,3.923,0.328;18.293,5.188,1.119;18.427,6.999,1.006;7.151,4.722,0.359;8.388,14.026,2.102;8.427,19.699,0.294;13.619,17.487,0.418;0.487,15.533,0.716;11.073,18.842,2.140;18.209,10.773,0.683;16.864,10.411,1.383;11.865,12.546,0.357;12.571,0.515,0.818;1.703,15.595,0.307;0.701,9.573,0.738;16.410,10.961,1.080;5.736,0.389,0.335;4.419,16.061,1.685;19.573,2.194,0.296;3.521,13.629,2.313"
27,drone_5,6.4087,9.2367,17.0000,17.0000,"14.357,12.879,0.252;9.010,15.177,1.025;19.809,4.168,0.324;10.129,14.615,2.458;8.936,6.709,0.287;4.590,13.262,2.343;6.403,11.029,1.330;6.438,19.149,0.410;6.347,16.387,2.305;7.658,6.938,1.213;18.528,3.397,0.319;12.463,1.244,0.327;15.140,2.624,0.353;19.181,11.248,0.397;6.075,10.679,1.237;9.963,18.318,0.278;13.657,2.395,1.242;18.345,8.323,0.607;16.330,12.669,1.212;8.211,16.636,2.108;18.920,4.724,0.824;6.982,14.462,0.467;13.078,3.783,0.260;17.138,13.793,0.911;19.835,12.422,0.274;4.272,15.597,0.484;5.231,1.573,0.369;0.404,1.991,0.374;1.242,7.965,0.803;15.337,10.392,0.257;19.687,17.481,0.439;0.228,5.122,0.256;18.759,4.232,1.190;15.871,1.584,0.901;17.498,2.250,1.213;18.055,14.400,0.766;0.677,16.257,1.030;3.749,14.009,1.691;17.338,2.560,1.881;17.542,11.622,0.375;4.549,3.923,0.328;18.293,5.188,1.119;18.427,6.999,1.006;7.151,4.722,0.359;8.388,14.026,2.102;8.427,19.699,0.294;13.619,17.487,0.418;0.487,15.533,0.716;11.073,18.842,2.140;18.209,10.773,0.683;16.864,10.411,1.383;11.865,12.546,0.357;12.571,0.515,0.818;1.703,15.595,0.307;0.701,9.573,0.738;16.410,10.961,1.080;5.736,0.389,0.335;4.419,16.061,1.685;19.573,2.194,0.296;3.521,13.629,2.313"
27,drone_6,12.8987,5.6587,17.0000,17.0000,"14.357,12.879,0.252;9.010,15.177,1.025;19.809,4.168,0.324;10.129,14.615,2.458;8.936,6.709,0.287;4.590,13.262,2.343;6.403,11.029,1.330;6.438,19.149,0.410;6.347,16.387,2.305;7.658,6.938,1.213;18.528,3.397,0.319;12.463,1.244,0.327;15.140,2.624,0.353;19.181,11.248,0.397;6.075,10.679,1.237;9.963,18.318,0.278;13.657,2.395,1.242;18.345,8.323,0.607;16.330,12.669,1.212;8.211,16.636,2.108;18.920,4.724,0.824;6.982,14.462,0.467;13.078,3.783,0.260;17.138,13.793,0.911;19.835,12.422,0.274;4.272,15.597,0.484;5.231,1.573,0.369;0.404,1.991,0.374;1.242,7.965,0.803;15.337,10.392,0.257;19.687,17.481,0.439;0.228,5.122,0.256;18.759,4.232,1.190;15.871,1.584,0.901;17.498,2.250,1.213;18.055,14.400,0.766;0.677,16.257,1.030;3.749,14.009,1.691;17.338,2.560,1.881;17.542,11.622,0.375;4.549,3.923,0.328;18.293,5.188,1.119;18.427,6.999,1.006;7.151,4.722,0.359;8.388,14.026,2.102;8.427,19.699,0.294;13.619,17.487,0.418;0.487,15.533,0.716;11.073,18.842,2.140;18.209,10.773,0.683;16.864,10.411,1.383;11.865,12.546,0.357;12.571,0.515,0.818;1.703,15.595,0.307;0.701,9.573,0.738;16.410,10.961,1.080;5.736,0.389,0.335;4.419,16.061,1.685;19.573,2.194,0.296;3.521,13.629,2.313"
27,drone_7,14.1236,11.7119,17.0000,17.0000,"14.357,12.879,0.252;9.010,15.177,1.025;19.809,4.168,0.324;10.129,14.615,2.458;8.936,6.709,0.287;4.590,13.262,2.343;6.403,11.029,1.330;6.438,19.149,0.410;6.347,16.387,2.305;7.658,6.938,1.213;18.528,3.397,0.319;12.463,1.244,0.327;15.140,2.624,0.353;19.181,11.248,0.397;6.075,10.679,1.237;9.963,18.318,0.278;13.657,2.395,1.242;18.345,8.323,0.607;16.330,12.669,1.212;8.211,16.636,2.108;18.920,4.724,0.824;6.982,14.462,0.467;13.078,3.783,0.260;17.138,13.793,0.911;19.835,12.422,0.274;4.272,15.597,0.484;5.231,1.573,0.369;0.404,1.991,0.374;1.242,7.965,0.803;15.337,10.392,0.257;19.687,17.481,0.439;0.228,5.122,0.256;18.759,4.232,1.190;15.871,1.584,0.901;17.498,2.250,1.213;18.055,14.400,0.766;0.677,16.257,1.030;3.749,14.009,1.691;17.338,2.560,1.881;17.542,11.622,0.375;4.549,3.923,0.328;18.293,5.188,1.119;18.427,6.999,1.006;7.151,4.722,0.359;8.388,14.026,2.102;8.427,19.699,0.294;13.619,17.487,0.418;0.487,15.533,0.716;11.073,18.842,2.140;18.209,10.773,0.683;16.864,10.411,1.383;11.865,12.546,0.357;12.571,0.515,0.818;1.703,15.595,0.307;0.701,9.573,0.738;16.410,10.961,1.080;5.736,0.389,0.335;4.419,16.061,1.685;19.573,2.194,0.296;3.521,13.629,2.313"
28,drone_0,14.5206,10.6768,17.0000,17.0000,"14.357,12.879,0.252;9.010,15.177,1.025;19.809,4.168,0.324;10.129,14.615,2.458;8.936,6.709,0.287;4.590,13.262,2.343;6.403,11.029,1.330;6.438,19.149,0.410;6.347,16.387,2.305;7.658,6.938,1.213;18.528,3.397,0.319;12.463,1.244,0.327;15.140,2.624,0.353;19.181,11.248,0.397;6.075,10.679,1.237;9.963,18.318,0.278;13.657,2.395,1.242;18.345,8.323,0.607;16.330,12.669,1.212;8.211,16.636,2.108;18.920,4.724,0.824;6.982,14.462,0.467;13.078,3.783,0.260;17.138,13.793,0.911;19.835,12.422,0.274;4.272,15.597,0.484;5.231,1.573,0.369;0.404,1.991,0.374;1.242,7.965,0.803;15.337,10.392,0.257;19.687,17.481,0.439;0.228,5.122,0.256;18.759,4.232,1.190;15.871,1.584,0.901;17.498,2.250,1.213;18.055,14.400,0.766;0.677,16.257,1.030;3.749,14.009,1.691;17.338,2.560,1.881;17.542,11.622,0.375;4.549,3.923,0.328;18.293,5.188,1.119;18.427,6.999,1.006;7.151,4.722,0.359;8.388,14.026,2.102;8.427,19.699,0.294;13.619,17.487,0.418;0.487,15.533,0.716;11.073,18.842,2.140;18.209,10.773,0.683;16.864,10.411,1.383;11.865,12.546,0.357;12.571,0.515,0.818;1.703,15.595,0.307;0.701,9.573,0.738;16.410,10.961,1.080;5.736,0.389,0.335;4.419,16.061,1.685;19.573,2.194,0.296;3.521,13.629,2.313"
28,drone_3,8.8449,9.3748,17.0000,17.0000,"14.357,12.879,0.252;9.010,15.177,1.025;19.809,4.168,0.324;10.129,14.615,2.458;8.936,6.709,0.287;4.590,13.262,2.343;6.403,11.029,1.330;6.438,19.149,0.410;6.347,16.387,2.305;7.658,6.938,1.213;18.528,3.397,0.319;12.463,1.244,0.327;15.140,2.624,0.353;19.181,11.248,0.397;6.075,10.679,1.237;9.963,18.318,0.278;13.657,2.395,1.242;18.345,8.323,0.607;16.330,12.669,1.212;8.211,16.636,2.108;18.920,4.724,0.824;6.982,14.462,0.467;13.078,3.783,0.260;17.138,13.793,0.911;19.835,12.422,0.274;4.272,15.597,0.484;5.231,1.573,0.369;0.404,1.991,0.374;1.242,7.965,0.803;15.337,10.392,0.257;19.687,17.481,0.439;0.228,5.122,0.256;18.759,4.232,1.190;15.871,1.584,0.901;17.498,2.250,1.213;18.055,14.400,0.766;0.677,16.257,1.030;3.749,14.009,1.691;17.338,2.560,1.881;17.542,11.622,0.375;4.549,3.923,0.328;18.293,5.188,1.119;18.427,6.999,1.006;7.151,4.722,0.359;8.388,14.026,2.102;8.427,19.699,0.294;13.619,17.487,0.418;0.487,15.533,0.716;11.073,18.842,2.140;18.209,10.773,0.683;16.864,10.411,1.383;11.865,12.546,0.357;12.571,0.515,0.818;1.703,15.595,0.307;0.701,9.573,0.738;16.410,10.961,1.080;5.736,0.389,0.335;4.419,16.061,1.685;19.573,2.194,0.296;3.521,13.629,2.313"
28,drone_4,15.6269,8.2054,17.0000,17.0000,"14.357,12.879,0.252;9.010,15.177,1.025;19.809,4.168,0.324;10.129,14.615,2.458;8.936,6.709,0.287;4.590,13.262,2.343;6.403,11.029,1.330;6.438,19.149,0.410;6.347,16.387,2.305;7.658,6.938,1.213;18.528,3.397,0.319;12.463,1.244,0.327;15.140,2.624,0.353;19.181,11.248,0.397;6.075,10.679,1.237;9.963,18.318,0.278;13.657,2.395,1.242;18.345,8.323,0.607;16.330,12.669,1.212;8.211,16.636,2.108;18.920,4.724,0.824;6.982,14.462,0.467;13.078,3.783,0.260;17.138,13.793,0.911;19.835,12.422,0.274;4.272,15.597,0.484;5.231,1.573,0.369;0.404,1.991,0.374;1.242,7.965,0.803;15.337,10.392,0.257;19.687,17.481,0.439;0.228,5.122,0.256;18.759,4.232,1.190;15.871,1.584,0.901;17.498,2.250,1.213;18.055,14.400,0.766;0.677,16.257,1.030;3.749,14.009,1.691;17.338,2.560,1.881;17.542,11.622,0.375;4.549,3.923,0.328;18.293,5.188,1.119;18.427,6.999,1.006;7.151,4.722,0.359;8.388,14.026,2.102;8.427,19.699,0.294;13.619,17.487,0.418;0.487,15.533,0.716;11.073,18.842,2.140;18.209,10.773,0.683;16.864,10.411,1.383;11.865,12.546,0.357;12.571,0.515,0.818;1.703,15.595,0.307;0.701,9.573,0.738;16.410,10.961,1.080;5.736,0.389,0.335;4.419,16.061,1.685;19.573,2.194,0.296;3.521,13.629,2.313"
28,drone_5,6.5897,9.3216,17.0000,17.0000,"14.357,12.879,0.252;9.010,15.177,1.025;19.809,4.168,0.324;10.129,14.615,2.458;8.936,6.709,0.287;4.590,13.262,2.343;6.403,11.029,1.330;6.438,19.149,0.410;6.347,16.387,2.305;7.658,6.938,1.213;18.528,3.397,0.319;12.463,1.244,0.327;15.140,2.624,0.353;19.181,11.248,0.397;6.075,10.679,1.237;9.963,18.318,0.278;13.657,2.395,1.242;18.345,8.323,0.607;16.330,12.669,1.212;8.211,16.636,2.108;18.920,4.724,0.824;6.982,14.462,0.467;13.078,3.783,0.260;17.138,13.793,0.911;19.835,12.422,0.274;4.272,15.597,0.484;5.231,1.573,0.369;0.404,1.991,0.374;1.242,7.965,0.803;15.337,10.392,0.257;19.687,17.481,0.439;0.228,5.122,0.256;18.759,4.232,1.190;15.871,1.584,0.901;17.498,2.250,1.213;18.055,14.400,0.766;0.677,16.257,1.030;3.749,14.009,1.691;17.338,2.560,1.881;17.542,11.622,0.375;4.549,3.923,0.328;18.293,5.188,1.119;18.427,6.999,1.006;7.151,4.722,0.359;8.388,14.026,2.102;8.427,19.699,0.294;13.619,17.487,0.418;0.487,15.533,0.716;11.073,18.842,2.140;18.209,10.773,0.683;16.864,10.411,1.383;11.865,12.546,0.357;12.571,0.515,0.818;1.703,15.595,0.307;0.701,9.573,0.738;16.410,10.961,1.080;5.736,0.389,0.335;4.419,16.061,1.685;19.573,2.194,0.296;3.521,13.629,2.313"
28,drone_6,13.0196,5.8180,17.0000,17.0000,"14.357,12.879,0.252;9.010,15.177,1.025;19.809,4.168,0.324;10.129,14.615,2.458;8.936,6.709,0.287;4.590,13.262,2.343;6.403,11.029,1.330;6.438,19.149,0.410;6.347,16.387,2.305;7.658,6.938,1.213;18.528,3.397,0.319;12.463,1.244,0.327;15.140,2.624,0.353;19.181,11.248,0.397;6.075,10.679,1.237;9.963,18.318,0.278;13.657,2.395,1.242;18.345,8.323,0.607;16.330,12.669,1.212;8.211,16.636,2.108;18.920,4.724,0.824;6.982,14.462,0.467;13.078,3.783,0.260;17.138,13.793,0.911;19.835,12.422,0.274;4.272,15.597,0.484;5.231,1.573,0.369;0.404,1.991,0.374;1.242,7.965,0.803;15.337,10.392,0.257;19.687,17.481,0.439;0.228,5.122,0.256;18.759,4.232,1.190;15.871,1.584,0.901;17.498,2.250,1.213;18.055,14.400,0.766;0.677,16.257,1.030;3.749,14.009,1.691;17.338,2.560,1.881;17.542,11.622,0.375;4.549,3.923,0.328;18.293,5.188,1.119;18.427,6.999,1.006;7.151,4.722,0.359;8.388,14.026,2.102;8.427,19.699,0.294;13.619,17.487,0.418;0.487,15.533,0.716;11.073,18.842,2.140;18.209,10.773,0.683;16.864,10.411,1.383;11.865,12.546,0.357;12.571,0.515,0.818;1.703,15.595,0.307;0.701,9.573,0.738;16.410,10.961,1.080;5.736,0.389,0.335;4.419,16.061,1.685;19.573,2.194,0.296;3.521,13.629,2.313"
28,drone_7,14.2573,11.8606,17.0000,17.0000,"14.357,12.879,0.252;9.010,15.177,1.025;19.809,4.168,0.324;10.129,14.615,2.458;8.936,6.709,0.287;4.590,13.262,2.343;6.403,11.029,1.330;6.438,19.149,0.410;6.347,16.387,2.305;7.658,6.938,1.213;18.528,3.397,0.319;12.463,1.244,0.327;15.140,2.624,0.353;19.181,11.248,0.397;6.075,10.679,1.237;9.963,18.318,0.278;13.657,2.395,1.242;18.345,8.323,0.607;16.330,12.669,1.212;8.211,16.636,2.108;18.920,4.724,0.824;6.982,14.462,0.467;13.078,3.783,0.260;17.138,13.793,0.911;19.835,12.422,0.274;4.272,15.597,0.484;5.231,1.573,0.369;0.404,1.991,0.374;1.242,7.965,0.803;15.337,10.392,0.257;19.687,17.481,0.439;0.228,5.122,0.256;18.759,4.232,1.190;15.871,1.584,0.901;17.498,2.250,1.213;18.055,14.400,0.766;0.677,16.257,1.030;3.749,14.009,1.691;17.338,2.560,1.881;17.542,11.622,0.375;4.549,3.923,0.328;18.293,5.188,1.119;18.427,6.999,1.006;7.151,4.722,0.359;8.388,14.026,2.102;8.427,19.699,0.294;13.619,17.487,0.418;0.487,15.533,0.716;11.073,18.842,2.140;18.209,10.773,0.683;16.864,10.411,1.383;11.865,12.546,0.357;12.571,0.515,0.818;1.703,15.595,0.307;0.701,9.573,0.738;16.410,10.961,1.080;5.736,0.389,0.335;4.419,16.061,1.685;19.573,2.194,0.296;3.521,13.629,2.313"
29,drone_0,14.6207,10.8499,17.0000,17.0000,"14.357,12.879,0.252;9.010,15.177,1.025;19.809,4.168,0.324;10.129,14.615,2.458;8.936,6.709,0.287;4.590,13.262,2.343;6.403,11.029,1.330;6.438,19.149,0.410;6.347,16.387,2.305;7.658,6.938,1.213;18.528,3.397,0.319;12.463,1.244,0.327;15.140,2.624,0.353;19.181,11.248,0.397;6.075,10.679,1.237;9.963,18.318,0.278;13.657,2.395,1.242;18.345,8.323,0.607;16.330,12.669,1.212;8.211,16.636,2.108;18.920,4.724,0.824;6.982,14.462,0.467;13.078,3.783,0.260;17.138,13.793,0.911;19.835,12.422,0.274;4.272,15.597,0.484;5.231,1.573,0.369;0.404,1.991,0.374;1.242,7.965,0.803;15.337,10.392,0.257;19.687,17.481,0.439;0.228,5.122,0.256;18.759,4.232,1.190;15.871,1.584,0.901;17.498,2.250,1.213;18.055,14.400,0.766;0.677,16.257,1.030;3.749,14.009,1.691;17.338,2.560,1.881;17.542,11.622,0.375;4.549,3.923,0.328;18.293,5.188,1.119;18.427,6.999,1.006;7.151,4.722,0.359;8.388,14.026,2.102;8.427,19.699,0.294;13.619,17.487,0.418;0.487,15.533,0.716;11.073,18.842,2.140;18.209,10.773,0.683;16.864,10.411,1.383;11.865,12.546,0.357;12.571,0.515,0.818;1.703,15.595,0.307;0.701,9.573,0.738;16.410,10.961,1.080;5.736,0.389,0.335;4.419,16.061,1.685;19.573,2.194,0.296;3.521,13.629,2.313"
29,drone_3,9.0361,9.4336,17.0000,17.0000,"14.357,12.879,0.252;9.010,15.177,1.025;19.809,4.168,0.324;10.129,14.615,2.458;8.936,6.709,0.287;4.590,13.262,2.343;6.403,11.029,1.330;6.438,19.149,0.410;6.347,16.387,2.305;7.658,6.938,1.213;18.528,3.397,0.319;12.463,1.244,0.327;15.140,2.624,0.353;19.181,11.248,0.397;6.075,10.679,1.237;9.963,18.318,0.278;13.657,2.395,1.242;18.345,8.323,0.607;16.330,12.669,1.212;8.211,16.636,2.108;18.920,4.724,0.824;6.982,14.462,0.467;13.078,3.783,0.260;17.138,13.793,0.911;19.835,12.422,0.274;4.272,15.597,0.484;5.231,1.573,0.369;0.404,1.991,0.374;1.242,7.965,0.803;15.337,10.392,0.257;19.687,17.481,0.439;0.228,5.122,0.256;18.759,4.232,1.190;15.871,1.584,0.901;17.498,2.250,1.213;18.055,14.400,0.766;0.677,16.257,1.030;3.749,14.009,1.691;17.338,2.560,1.881;17.542,11.622,0.375;4.549,3.923,0.328;18.293,5.188,1.119;18.427,6.999,1.006;7.151,4.722,0.359;8.388,14.026,2.102;8.427,19.699,0.294;13.619,17.487,0.418;0.487,15.533,0.716;11.073,18.842,2.140;18.209,10.773,0.683;16.864,10.411,1.383;11.865,12.546,0.357;12.571,0.515,0.818;1.703,15.595,0.307;0.701,9.573,0.738;16.410,10.961,1.080;5.736,0.389,0.335;4.419,16.061,1.685;19.573,2.194,0.296;3.521,13.629,2.313"
29,drone_4,15.7619,8.3529,17.0000,17.0000,"14.357,12.879,0.252;9.010,15.177,1.025;19.809,4.168,0.324;10.129,14.615,2.458;8.936,6.709,0.287;4.590,13.262,2.343;6.403,11.029,1.330;6.438,19.149,0.410;6.347,16.387,2.305;7.658,6.938,1.213;18.528,3.397,0.319;12.463,1.244,0.327;15.140,2.624,0.353;19.181,11.248,0.397;6.075,10.679,1.237;9.963,18.318,0.278;13.657,2.395,1.242;18.345,8.323,0.607;16.330,12.669,1.212;8.211,16.636,2.108;18.920,4.724,0.824;6.982,14.462,0.467;13.078,3.783,0.260;17.138,13.793,0.911;19.835,12.422,0.274;4.272,15.597,0.484;5.231,1.573,0.369;0.404,1.991,0.374;1.242,7.965,0.803;15.337,10.392,0.257;19.687,17.481,0.439;0.228,5.122,0.256;18.759,4.232,1.190;15.871,1.584,0.901;17.498,2.250,1.213;18.055,14.400,0.766;0.677,16.257,1.030;3.749,14.009,1.691;17.338,2.560,1.881;17.542,11.622,0.375;4.549,3.923,0.328;18.293,5.188,1.119;18.427,6.999,1.006;7.151,4.722,0.359;8.388,14.026,2.102;8.427,19.699,0.294;13.619,17.487,0.418;0.487,15.533,0.716;11.073,18.842,2.140;18.209,10.773,0.683;16.864,10.411,1.383;11.865,12.546,0.357;12.571,0.515,0.818;1.703,15.595,0.307;0.701,9.573,0.738;16.410,10.961,1.080;5.736,0.389,0.335;4.419,16.061,1.685;19.573,2.194,0.296;3.521,13.629,2.313"
29,drone_5,6.7816,9.3781,17.0000,17.0000,"14.357,12.879,0.252;9.010,15.177,1.025;19.809,4.168,0.324;10.129,14.615,2.458;8.936,6.709,0.287;4.590,13.262,2.343;6.403,11.029,1.330;6.438,19.149,0.410;6.347,16.387,2.305;7.658,6.938,1.213;18.528,3.397,0.319;12.463,1.244,0.327;15.140,2.624,0.353;19.181,11.248,0.397;6.075,10.679,1.237;9.963,18.318,0.278;13.657,2.395,1.242;18.345,8.323,0.607;16.330,12.669,1.212;8.211,16.636,2.108;18.920,4.724,0.824;6.982,14.462,0.467;13.078,3.783,0.260;17.138,13.793,0.911;19.835,12.422,0.274;4.272,15.597,0.484;5.231,1.573,0.369;0.404,1.991,0.374;1.242,7.965,0.803;15.337,10.392,0.257;19.687,17.481,0.439;0.228,5.122,0.256;18.759,4.232,1.190;15.871,1.584,0.901;17.498,2.250,1.213;18.055,14.400,0.766;0.677,16.257,1.030;3.749,14.009,1.691;17.338,2.560,1.881;17.542,11.622,0.375;4.549,3.923,0.328;18.293,5.188,1.119;18.427,6.999,1.006;7.151,4.722,0.359;8.388,14.026,2.102;8.427,19.699,0.294;13.619,17.487,0.418;0.487,15.533,0.716;11.073,18.842,2.140;18.209,10.773,0.683;16.864,10.411,1.383;11.865,12.546,0.357;12.571,0.515,0.818;1.703,15.595,0.307;0.701,9.573,0.738;16.410,10.961,1.080;5.736,0.389,0.335;4.419,16.061,1.685;19.573,2.194,0.296;3.521,13.629,2.313"
29,drone_6,13.1380,5.9792,17.0000,17.0000,"14.357,12.879,0.252;9.010,15.177,1.025;19.809,4.168,0.324;10.129,14.615,2.458;8.936,6.709,0.287;4.590,13.262,2.343;6.403,11.029,1.330;6.438,19.149,0.410;6.347,16.387,2.305;7.658,6.938,1.213;18.528,3.397,0.319;12.463,1.244,0.327;15.140,2.624,0.353;19.181,11.248,0.397;6.075,10.679,1.237;9.963,18.318,0.278;13.657,2.395,1.242;18.345,8.323,0.607;16.330,12.669,1.212;8.211,16.636,2.108;18.920,4.724,0.824;6.982,14.462,0.467;13.078,3.783,0.260;17.138,13.793,0.911;19.835,12.422,0.274;4.272,15.597,0.484;5.231,1.573,0.369;0.404,1.991,0.374;1.242,7.965,0.803;15.337,10.392,0.257;19.687,17.481,0.439;0.228,5.122,0.256;18.759,4.232,1.190;15.871,1.584,0.901;17.498,2.250,1.213;18.055,14.400,0.766;0.677,16.257,1.030;3.749,14.009,1.691;17.338,2.560,1.881;17.542,11.622,0.375;4.549,3.923,0.328;18.293,5.188,1.119;18.427,6.999,1.006;7.151,4.722,0.359;8.388,14.026,2.102;8.427,19.699,0.294;13.619,17.487,0.418;0.487,15.533,0.716;11.073,18.842,2.140;18.209,10.773,0.683;16.864,10.411,1.383;11.865,12.546,0.357;12.571,0.515,0.818;1.703,15.595,0.307;0.701,9.573,0.738;16.410,10.961,1.080;5.736,0.389,0.335;4.419,16.061,1.685;19.573,2.194,0.296;3.521,13.629,2.313"
29,drone_7,14.3792,12.0192,17.0000,17.0000,"14.357,12.879,0.252;9.010,15.177,1.025;19.809,4.168,0.324;10.129,14.615,2.458;8.936,6.709,0.287;4.590,13.262,2.343;6.403,11.029,1.330;6.438,19.149,0.410;6.347,16.387,2.305;7.658,6.938,1.213;18.528,3.397,0.319;12.463,1.244,0.327;15.140,2.624,0.353;19.181,11.248,0.397;6.075,10.679,1.237;9.963,18.318,0.278;13.657,2.395,1.242;18.345,8.323,0.607;16.330,12.669,1.212;8.211,16.636,2.108;18.920,4.724,0.824;6.982,14.462,0.467;13.078,3.783,0.260;17.138,13.793,0.911;19.835,12.422,0.274;4.272,15.597,0.484;5.231,1.573,0.369;0.404,1.991,0.374;1.242,7.965,0.803;15.337,10.392,0.257;19.687,17.481,0.439;0.228,5.122,0.256;18.759,4.232,1.190;15.871,1.584,0.901;17.498,2.250,1.213;18.055,14.400,0.766;0.677,16.257,1.030;3.749,14.009,1.691;17.338,2.560,1.881;17.542,11.622,0.375;4.549,3.923,0.328;18.293,5.188,1.119;18.427,6.999,1.006;7.151,4.722,0.359;8.388,14.026,2.102;8.427,19.699,0.294;13.619,17.487,0.418;0.487,15.533,0.716;11.073,18.842,2.140;18.209,10.773,0.683;16.864,10.411,1.383;11.865,12.546,0.357;12.571,0.515,0.818;1.703,15.595,0.307;0.701,9.573,0.738;16.410,10.961,1.080;5.736,0.389,0.335;4.419,16.061,1.685;19.573,2.194,0.296;3.521,13.629,2.313"
30,drone_0,14.7014,11.0329,17.0000,17.0000,"14.357,12.879,0.252;9.010,15.177,1.025;19.809,4.168,0.324;10.129,14.615,2.458;8.936,6.709,0.287;4.590,13.262,2.343;6.403,11.029,1.330;6.438,19.149,0.410;6.347,16.387,2.305;7.658,6.938,1.213;18.528,3.397,0.319;12.463,1.244,0.327;15.140,2.624,0.353;19.181,11.248,0.397;6.075,10.679,1.237;9.963,18.318,0.278;13.657,2.395,1.242;18.345,8.323,0.607;16.330,12.669,1.212;8.211,16.636,2.108;18.920,4.724,0.824;6.982,14.462,0.467;13.078,3.783,0.260;17.138,13.793,0.911;19.835,12.422,0.274;4.272,15.597,0.484;5.231,1.573,0.369;0.404,1.991,0.374;1.242,7.965,0.803;15.337,10.392,0.257;19.687,17.481,0.439;0.228,5.122,0.256;18.759,4.232,1.190;15.871,1.584,0.901;17.498,2.250,1.213;18.055,14.400,0.766;0.677,16.257,1.030;3.749,14.009,1.691;17.338,2.560,1.881;17.542,11.622,0.375;4.549,3.923,0.328;18.293,5.188,1.119;18.427,6.999,1.006;7.151,4.722,0.359;8.388,14.026,2.102;8.427,19.699,0.294;13.619,17.487,0.418;0.487,15.533,0.716;11.073,18.842,2.140;18.209,10.773,0.683;16.864,10.411,1.383;11.865,12.546,0.357;12.571,0.515,0.818;1.703,15.595,0.307;0.701,9.573,0.738;16.410,10.961,1.080;5.736,0.389,0.335;4.419,16.061,1.685;19.573,2.194,0.296;3.521,13.629,2.313"
30,drone_3,9.2328,9.4695,17.0000,17.0000,"14.357,12.879,0.252;9.010,15.177,1.025;19.809,4.168,0.324;10.129,14.615,2.458;8.936,6.709,0.287;4.590,13.262,2.343;6.403,11.029,1.330;6.438,19.149,0.410;6.347,16.387,2.305;7.658,6.938,1.213;18.528,3.397,0.319;12.463,1.244,0.327;15.140,2.624,0.353;19.181,11.248,0.397;6.075,10.679,1.237;9.963,18.318,0.278;13.657,2.395,1.242;18.345,8.323,0.607;16.330,12.669,1.212;8.211,16.636,2.108;18.920,4.724,0.824;6.982,14.462,0.467;13.078,3.783,0.260;17.138,13.793,0.911;19.835,12.422,0.274;4.272,15.597,0.484;5.231,1.573,0.369;0.404,1.991,0.374;1.242,7.965,0.803;15.337,10.392,0.257;19.687,17.481,0.439;0.228,5.122,0.256;18.759,4.232,1.190;15.871,1.584,0.901;17.498,2.250,1.213;18.055,14.400,0.766;0.677,16.257,1.030;3.749,14.009,1.691;17.338,2.560,1.881;17.542,11.622,0.375;4.549,3.923,0.328;18.293,5.188,1.119;18.427,6.999,1.006;7.151,4.722,0.359;8.388,14.026,2.102;8.427,19.699,0.294;13.619,17.487,0.418;0.487,15.533,0.716;11.073,18.842,2.140;18.209,10.773,0.683;16.864,10.411,1.383;11.865,12.546,0.357;12.571,0.515,0.818;1.703,15.595,0.307;0.701,9.573,0.738;16.410,10.961,1.080;5.736,0.389,0.335;4.419,16.061,1.685;19.573,2.194,0.296;3.521,13.629,2.313"
30,drone_4,15.8885,8.5077,17.0000,17.0000,"14.357,12.879,0.252;9.010,15.177,1.025;19.809,4.168,0.324;10.129,14.615,2.458;8.936,6.709,0.287;4.590,13.262,2.343;6.403,11.029,1.330;6.438,19.149,0.410;6.347,16.387,2.305;7.658,6.938,1.213;18.528,3.397,0.319;12.463,1.244,0.327;15.140,2.624,0.353;19.181,11.248,0.397;6.075,10.679,1.237;9.963,18.318,0.278;13.657,2.395,1.242;18.345,8.323,0.607;16.330,12.669,1.212;8.211,16.636,2.108;18.920,4.724,0.824;6.982,14.462,0.467;13.078,3.783,0.260;17.138,13.793,0.911;19.835,12.422,0.274;4.272,15.597,0.484;5.231,1.573,0.369;0.404,1.991,0.374;1.242,7.965,0.803;15.337,10.392,0.257;19.687,17.481,0.439;0.228,5.122,0.256;18.759,4.232,1.190;15.871,1.584,0.901;17.498,2.250,1.213;18.055,14.400,0.766;0.677,16.257,1.030;3.749,14.009,1.691;17.338,2.560,1.881;17.542,11.622,0.375;4.549,3.923,0.328;18.293,5.188,1.119;18.427,6.999,1.006;7.151,4.722,0.359;8.388,14.026,2.102;8.427,19.699,0.294;13.619,17.487,0.418;0.487,15.533,0.716;11.073,18.842,2.140;18.209,10.773,0.683;16.864,10.411,1.383;11.865,12.546,0.357;12.571,0.515,0.818;1.703,15.595,0.307;0.701,9.573,0.738;16.410,10.961,1.080;5.736,0.389,0.335;4.419,16.061,1.685;19.573,2.194,0.296;3.521,13.629,2.313"
30,drone_5,6.9717,9.4400,17.0000,17.0000,"14.357,12.879,0.252;9.010,15.177,1.025;19.809,4.168,0.324;10.129,14.615,2.458;8.936,6.709,0.287;4.590,13.262,2.343;6.403,11.029,1.330;6.438,19.149,0.410;6.347,16.387,2.305;7.658,6.938,1.213;18.528,3.397,0.319;12.463,1.244,0.327;15.140,2.624,0.353;19.181,11.248,0.397;6.075,10.679,1.237;9.963,18.318,0.278;13.657,2.395,1.242;18.345,8.323,0.607;16.330,12.669,1.212;8.211,16.636,2.108;18.920,4.724,0.824;6.982,14.462,0.467;13.078,3.783,0.260;17.138,13.793,0.911;19.835,12.422,0.274;4.272,15.597,0.484;5.231,1.573,0.369;0.404,1.991,0.374;1.242,7.965,0.803;15.337,10.392,0.257;19.687,17.481,0.439;0.228,5.122,0.256;18.759,4.232,1.190;15.871,1.584,0.901;17.498,2.250,1.213;18.055,14.400,0.766;0.677,16.257,1.030;3.749,14.009,1.691;17.338,2.560,1.881;17.542,11.622,0.375;4.549,3.923,0.328;18.293,5.188,1.119;18.427,6.999,1.006;7.151,4.722,0.359;8.388,14.026,2.102;8.427,19.699,0.294;13.619,17.487,0.418;0.487,15.533,0.716;11.073,18.842,2.140;18.209,10.773,0.683;16.864,10.411,1.383;11.865,12.546,0.357;12.571,0.515,0.818;1.703,15.595,0.307;0.701,9.573,0.738;16.410,10.961,1.080;5.736,0.389,0.335;4.419,16.061,1.685;19.573,2.194,0.296;3.521,13.629,2.313"
30,drone_6,13.2584,6.1389,17.0000,17.0000,"14.357,12.879,0.252;9.010,15.177,1.025;19.809,4.168,0.324;10.129,14.615,2.458;8.936,6.709,0.287;4.590,13.262,2.343;6.403,11.029,1.330;6.438,19.149,0.410;6.347,16.387,2.305;7.658,6.938,1.213;18.528,3.397,0.319;12.463,1.244,0.327;15.140,2.624,0.353;19.181,11.248,0.397;6.075,10.679,1.237;9.963,18.318,0.278;13.657,2.395,1.242;18.345,8.323,0.607;16.330,12.669,1.212;8.211,16.636,2.108;18.920,4.724,0.824;6.982,14.462,0.467;13.078,3.783,0.260;17.138,13.793,0.911;19.835,12.422,0.274;4.272,15.597,0.484;5.231,1.573,0.369;0.404,1.991,0.374;1.242,7.965,0.803;15.337,10.392,0.257;19.687,17.481,0.439;0.228,5.122,0.256;18.759,4.232,1.190;15.871,1.584,0.901;17.498,2.250,1.213;18.055,14.400,0.766;0.677,16.257,1.030;3.749,14.009,1.691;17.338,2.560,1.881;17.542,11.622,0.375;4.549,3.923,0.328;18.293,5.188,1.119;18.427,6.999,1.006;7.151,4.722,0.359;8.388,14.026,2.102;8.427,19.699,0.294;13.619,17.487,0.418;0.487,15.533,0.716;11.073,18.842,2.140;18.209,10.773,0.683;16.864,10.411,1.383;11.865,12.546,0.357;12.571,0.515,0.818;1.703,15.595,0.307;0.701,9.573,0.738;16.410,10.961,1.080;5.736,0.389,0.335;4.419,16.061,1.685;19.573,2.194,0.296;3.521,13.629,2.313"
30,drone_7,14.4668,12.1990,17.0000,17.0000,"14.357,12.879,0.252;9.010,15.177,1.025;19.809,4.168,0.324;10.129,14.615,2.458;8.936,6.709,0.287;4.590,13.262,2.343;6.403,11.029,1.330;6.438,19.149,0.410;6.347,16.387,2.305;7.658,6.938,1.213;18.528,3.397,0.319;12.463,1.244,0.327;15.140,2.624,0.353;19.181,11.248,0.397;6.075,10.679,1.237;9.963,18.318,0.278;13.657,2.395,1.242;18.345,8.323,0.607;16.330,12.669,1.212;8.211,16.636,2.108;18.920,4.724,0.824;6.982,14.462,0.467;13.078,3.783,0.260;17.138,13.793,0.911;19.835,12.422,0.274;4.272,15.597,0.484;5.231,1.573,0.369;0.404,1.991,0.374;1.242,7.965,0.803;15.337,10.392,0.257;19.687,17.481,0.439;0.228,5.122,0.256;18.759,4.232,1.190;15.871,1.584,0.901;17.498,2.250,1.213;18.055,14.400,0.766;0.677,16.257,1.030;3.749,14.009,1.691;17.338,2.560,1.881;17.542,11.622,0.375;4.549,3.923,0.328;18.293,5.188,1.119;18.427,6.999,1.006;7.151,4.722,0.359;8.388,14.026,2.102;8.427,19.699,0.294;13.619,17.487,0.418;0.487,15.533,0.716;11.073,18.842,2.140;18.209,10.773,0.683;16.864,10.411,1.383;11.865,12.546,0.357;12.571,0.515,0.818;1.703,15.595,0.307;0.701,9.573,0.738;16.410,10.961,1.080;5.736,0.389,0.335;4.419,16.061,1.685;19.573,2.194,0.296;3.521,13.629,2.313"
31,drone_0,14.7583,11.2246,17.0000,17.0000,"14.357,12.879,0.252;9.010,15.177,1.025;19.809,4.168,0.324;10.129,14.615,2.458;8.936,6.709,0.287;4.590,13.262,2.343;6.403,11.029,1.330;6.438,19.149,0.410;6.347,16.387,2.305;7.658,6.938,1.213;18.528,3.397,0.319;12.463,1.244,0.327;15.140,2.624,0.353;19.181,11.248,0.397;6.075,10.679,1.237;9.963,18.318,0.278;13.657,2.395,1.242;18.345,8.323,0.607;16.330,12.669,1.212;8.211,16.636,2.108;18.920,4.724,0.824;6.982,14.462,0.467;13.078,3.783,0.260;17.138,13.793,0.911;19.835,12.422,0.274;4.272,15.597,0.484;5.231,1.573,0.369;0.404,1.991,0.374;1.242,7.965,0.803;15.337,10.392,0.257;19.687,17.481,0.439;0.228,5.122,0.256;18.759,4.232,1.190;15.871,1.584,0.901;17.498,2.250,1.213;18.055,14.400,0.766;0.677,16.257,1.030;3.749,14.009,1.691;17.338,2.560,1.881;17.542,11.622,0.375;4.549,3.923,0.328;18.293,5.188,1.119;18.427,6.999,1.006;7.151,4.722,0.359;8.388,14.026,2.102;8.427,19.699,0.294;13.619,17.487,0.418;0.487,15.533,0.716;11.073,18.842,2.140;18.209,10.773,0.683;16.864,10.411,1.383;11.865,12.546,0.357;12.571,0.515,0.818;1.703,15.595,0.307;0.701,9.573,0.738;16.410,10.961,1.080;5.736,0.389,0.335;4.419,16.061,1.685;19.573,2.194,0.296;3.521,13.629,2.313"
31,drone_3,9.4312,9.4953,17.0000,17.0000,"14.357,12.879,0.252;9.010,15.177,1.025;19.809,4.168,0.324;10.129,14.615,2.458;8.936,6.709,0.287;4.590,13.262,2.343;6.403,11.029,1.330;6.438,19.149,0.410;6.347,16.387,2.305;7.658,6.938,1.213;18.528,3.397,0.319;12.463,1.244,0.327;15.140,2.624,0.353;19.181,11.248,0.397;6.075,10.679,1.237;9.963,18.318,0.278;13.657,2.395,1.242;18.345,8.323,0.607;16.330,12.669,1.212;8.211,16.636,2.108;18.920,4.724,0.824;6.982,14.462,0.467;13.078,3.783,0.260;17.138,13.793,0.911;19.835,12.422,0.274;4.272,15.597,0.484;5.231,1.573,0.369;0.404,1.991,0.374;1.242,7.965,0.803;15.337,10.392,0.257;19.687,17.481,0.439;0.228,5.122,0.256;18.759,4.232,1.190;15.871,1.584,0.901;17.498,2.250,1.213;18.055,14.400,0.766;0.677,16.257,1.030;3.749,14.009,1.691;17.338,2.560,1.881;17.542,11.622,0.375;4.549,3.923,0.328;18.293,5.188,1.119;18.427,6.999,1.006;7.151,4.722,0.359;8.388,14.026,2.102;8.427,19.699,0.294;13.619,17.487,0.418;0.487,15.533,0.716;11.073,18.842,2.140;18.209,10.773,0.683;16.864,10.411,1.383;11.865,12.546,0.357;12.571,0.515,0.818;1.703,15.595,0.307;0.701,9.573,0.738;16.410,10.961,1.080;5.736,0.389,0.335;4.419,16.061,1.685;19.573,2.194,0.296;3.521,13.629,2.313"
31,drone_4,16.0037,8.6712,17.0000,17.0000,"14.357,12.879,0.252;9.010,15.177,1.025;19.809,4.168,0.324;10.129,14.615,2.458;8.936,6.709,0.287;4.590,13.262,2.343;6.403,11.029,1.330;6.438,19.149,0.410;6.347,16.387,2.305;7.658,6.938,1.213;18.528,3.397,0.319;12.463,1.244,0.327;15.140,2.624,0.353;19.181,11.248,0.397;6.075,10.679,1.237;9.963,18.318,0.278;13.657,2.395,1.242;18.345,8.323,0.607;16.330,12.669,1.212;8.211,16.636,2.108;18.920,4.724,0.824;6.982,14.462,0.467;13.078,3.783,0.260;17.138,13.793,0.911;19.835,12.422,0.274;4.272,15.597,0.484;5.231,1.573,0.369;0.404,1.991,0.374;1.242,7.965,0.803;15.337,10.392,0.257;19.687,17.481,0.439;0.228,5.122,0.256;18.759,4.232,1.190;15.871,1.584,0.901;17.498,2.250,1.213;18.055,14.400,0.766;0.677,16.257,1.030;3.749,14.009,1.691;17.338,2.560,1.881;17.542,11.622,0.375;4.549,3.923,0.328;18.293,5.188,1.119;18.427,6.999,1.006;7.151,4.722,0.359;8.388,14.026,2.102;8.427,19.699,0.294;13.619,17.487,0.418;0.487,15.533,0.716;11.073,18.842,2.140;18.209,10.773,0.683;16.864,10.411,1.383;11.865,12.546,0.357;12.571,0.515,0.818;1.703,15.595,0.307;0.701,9.573,0.738;16.410,10.961,1.080;5.736,0.389,0.335;4.419,16.061,1.685;19.573,2.194,0.296;3.521,13.629,2.313"
31,drone_5,7.1623,9.5007,17.0000,17.0000,"14.357,12.879,0.252;9.010,15.177,1.025;19.809,4.168,0.324;10.129,14.615,2.458;8.936,6.709,0.287;4.590,13.262,2.343;6.403,11.029,1.330;6.438,19.149,0.410;6.347,16.387,2.305;7.658,6.938,1.213;18.528,3.397,0.319;12.463,1.244,0.327;15.140,2.624,0.353;19.181,11.248,0.397;6.075,10.679,1.237;9.963,18.318,0.278;13.657,2.395,1.242;18.345,8.323,0.607;16.330,12.669,1.212;8.211,16.636,2.108;18.920,4.724,0.824;6.982,14.462,0.467;13.078,3.783,0.260;17.138,13.793,0.911;19.835,12.422,0.274;4.272,15.597,0.484;5.231,1.573,0.369;0.404,1.991,0.374;1.242,7.965,0.803;15.337,10.392,0.257;19.687,17.481,0.439;0.228,5.122,0.256;18.759,4.232,1.190;15.871,1.584,0.901;17.498,2.250,1.213;18.055,14.400,0.766;0.677,16.257,1.030;3.749,14.009,1.691;17.338,2.560,1.881;17.542,11.622,0.375;4.549,3.923,0.328;18.293,5.188,1.119;18.427,6.999,1.006;7.151,4.722,0.359;8.388,14.026,2.102;8.427,19.699,0.294;13.619,17.487,0.418;0.487,15.533,0.716;11.073,18.842,2.140;18.209,10.773,0.683;16.864,10.411,1.383;11.865,12.546,0.357;12.571,0.515,0.818;1.703,15.595,0.307;0.701,9.573,0.738;16.410,10.961,1.080;5.736,0.389,0.335;4.419,16.061,1.685;19.573,2.194,0.296;3.521,13.629,2.313"
31,drone_6,13.3785,6.2988,17.0000,17.0000,"14.357,12.879,0.252;9.010,15.177,1.025;19.809,4.168,0.324;10.129,14.615,2.458;8.936,6.709,0.287;4.590,13.262,2.343;6.403,11.029,1.330;6.438,19.149,0.410;6.347,16.387,2.305;7.658,6.938,1.213;18.528,3.397,0.319;12.463,1.244,0.327;15.140,2.624,0.353;19.181,11.248,0.397;6.075,10.679,1.237;9.963,18.318,0.278;13.657,2.395,1.242;18.345,8.323,0.607;16.330,12.669,1.212;8.211,16.636,2.108;18.920,4.724,0.824;6.982,14.462,0.467;13.078,3.783,0.260;17.138,13.793,0.911;19.835,12.422,0.274;4.272,15.597,0.484;5.231,1.573,0.369;0.404,1.991,0.374;1.242,7.965,0.803;15.337,10.392,0.257;19.687,17.481,0.439;0.228,5.122,0.256;18.759,4.232,1.190;15.871,1.584,0.901;17.498,2.250,1.213;18.055,14.400,0.766;0.677,16.257,1.030;3.749,14.009,1.691;17.338,2.560,1.881;17.542,11.622,0.375;4.549,3.923,0.328;18.293,5.188,1.119;18.427,6.999,1.006;7.151,4.722,0.359;8.388,14.026,2.102;8.427,19.699,0.294;13.619,17.487,0.418;0.487,15.533,0.716;11.073,18.842,2.140;18.209,10.773,0.683;16.864,10.411,1.383;11.865,12.546,0.357;12.571,0.515,0.818;1.703,15.595,0.307;0.701,9.573,0.738;16.410,10.961,1.080;5.736,0.389,0.335;4.419,16.061,1.685;19.573,2.194,0.296;3.521,13.629,2.313"
31,drone_7,14.5356,12.3868,17.0000,17.0000,"14.357,12.879,0.252;9.010,15.177,1.025;19.809,4.168,0.324;10.129,14.615,2.458;8.936,6.709,0.287;4.590,13.262,2.343;6.403,11.029,1.330;6.438,19.149,0.410;6.347,16.387,2.305;7.658,6.938,1.213;18.528,3.397,0.319;12.463,1.244,0.327;15.140,2.624,0.353;19.181,11.248,0.397;6.075,10.679,1.237;9.963,18.318,0.278;13.657,2.395,1.242;18.345,8.323,0.607;16.330,12.669,1.212;8.211,16.636,2.108;18.920,4.724,0.824;6.982,14.462,0.467;13.078,3.783,0.260;17.138,13.793,0.911;19.835,12.422,0.274;4.272,15.597,0.484;5.231,1.573,0.369;0.404,1.991,0.374;1.242,7.965,0.803;15.337,10.392,0.257;19.687,17.481,0.439;0.228,5.122,0.256;18.759,4.232,1.190;15.871,1.584,0.901;17.498,2.250,1.213;18.055,14.400,0.766;0.677,16.257,1.030;3.749,14.009,1.691;17.338,2.560,1.881;17.542,11.622,0.375;4.549,3.923,0.328;18.293,5.188,1.119;18.427,6.999,1.006;7.151,4.722,0.359;8.388,14.026,2.102;8.427,19.699,0.294;13.619,17.487,0.418;0.487,15.533,0.716;11.073,18.842,2.140;18.209,10.773,0.683;16.864,10.411,1.383;11.865,12.546,0.357;12.571,0.515,0.818;1.703,15.595,0.307;0.701,9.573,0.738;16.410,10.961,1.080;5.736,0.389,0.335;4.419,16.061,1.685;19.573,2.194,0.296;3.521,13.629,2.313"
32,drone_0,14.8055,11.4190,17.0000,17.0000,"14.357,12.879,0.252;9.010,15.177,1.025;19.809,4.168,0.324;10.129,14.615,2.458;8.936,6.709,0.287;4.590,13.262,2.343;6.403,11.029,1.330;6.438,19.149,0.410;6.347,16.387,2.305;7.658,6.938,1.213;18.528,3.397,0.319;12.463,1.244,0.327;15.140,2.624,0.353;19.181,11.248,0.397;6.075,10.679,1.237;9.963,18.318,0.278;13.657,2.395,1.242;18.345,8.323,0.607;16.330,12.669,1.212;8.211,16.636,2.108;18.920,4.724,0.824;6.982,14.462,0.467;13.078,3.783,0.260;17.138,13.793,0.911;19.835,12.422,0.274;4.272,15.597,0.484;5.231,1.573,0.369;0.404,1.991,0.374;1.242,7.965,0.803;15.337,10.392,0.257;19.687,17.481,0.439;0.228,5.122,0.256;18.759,4.232,1.190;15.871,1.584,0.901;17.498,2.250,1.213;18.055,14.400,0.766;0.677,16.257,1.030;3.749,14.009,1.691;17.338,2.560,1.881;17.542,11.622,0.375;4.549,3.923,0.328;18.293,5.188,1.119;18.427,6.999,1.006;7.151,4.722,0.359;8.388,14.026,2.102;8.427,19.699,0.294;13.619,17.487,0.418;0.487,15.533,0.716;11.073,18.842,2.140;18.209,10.773,0.683;16.864,10.411,1.383;11.865,12.546,0.357;12.571,0.515,0.818;1.703,15.595,0.307;0.701,9.573,0.738;16.410,10.961,1.080;5.736,0.389,0.335;4.419,16.061,1.685;19.573,2.194,0.296;3.521,13.629,2.313"
32,drone_3,9.6298,9.5183,17.0000,17.0000,"14.357,12.879,0.252;9.010,15.177,1.025;19.809,4.168,0.324;10.129,14.615,2.458;8.936,6.709,0.287;4.590,13.262,2.343;6.403,11.029,1.330;6.438,19.149,0.410;6.347,16.387,2.305;7.658,6.938,1.213;18.528,3.397,0.319;12.463,1.244,0.327;15.140,2.624,0.353;19.181,11.248,0.397;6.075,10.679,1.237;9.963,18.318,0.278;13.657,2.395,1.242;18.345,8.323,0.607;16.330,12.669,1.212;8.211,16.636,2.108;18.920,4.724,0.824;6.982,14.462,0.467;13.078,3.783,0.260;17.138,13.793,0.911;19.835,12.422,0.274;4.272,15.597,0.484;5.231,1.573,0.369;0.404,1.991,0.374;1.242,7.965,0.803;15.337,10.392,0.257;19.687,17.481,0.439;0.228,5.122,0.256;18.759,4.232,1.190;15.871,1.584,0.901;17.498,2.250,1.213;18.055,14.400,0.766;0.677,16.257,1.030;3.749,14.009,1.691;17.338,2.560,1.881;17.542,11.622,0.375;4.549,3.923,0.328;18.293,5.188,1.119;18.427,6.999,1.006;7.151,4.722,0.359;8.388,14.026,2.102;8.427,19.699,0.294;13.619,17.487,0.418;0.487,15.533,0.716;11.073,18.842,2.140;18.209,10.773,0.683;16.864,10.411,1.383;11.865,12.546,0.357;12.571,0.515,0.818;1.703,15.595,0.307;0.701,9.573,0.738;16.410,10.961,1.080;5.736,0.389,0.335;4.419,16.061,1.685;19.573,2.194,0.296;3.521,13.629,2.313"
32,drone_4,16.1267,8.8290,17.0000,17.0000,"14.357,12.879,0.252;9.010,15.177,1.025;19.809,4.168,0.324;10.129,14.615,2.458;8.936,6.709,0.287;4.590,13.262,2.343;6.403,11.029,1.330;6.438,19.149,0.410;6.347,16.387,2.305;7.658,6.938,1.213;18.528,3.397,0.319;12.463,1.244,0.327;15.140,2.624,0.353;19.181,11.248,0.397;6.075,10.679,1.237;9.963,18.318,0.278;13.657,2.395,1.242;18.345,8.323,0.607;16.330,12.669,1.212;8.211,16.636,2.108;18.920,4.724,0.824;6.982,14.462,0.467;13.078,3.783,0.260;17.138,13.793,0.911;19.835,12.422,0.274;4.272,15.597,0.484;5.231,1.573,0.369;0.404,1.991,0.374;1.242,7.965,0.803;15.337,10.392,0.257;19.687,17.481,0.439;0.228,5.122,0.256;18.759,4.232,1.190;15.871,1.584,0.901;17.498,2.250,1.213;18.055,14.400,0.766;0.677,16.257,1.030;3.749,14.009,1.691;17.338,2.560,1.881;17.542,11.622,0.375;4.549,3.923,0.328;18.293,5.188,1.119;18.427,6.999,1.006;7.151,4.722,0.359;8.388,14.026,2.102;8.427,19.699,0.294;13.619,17.487,0.418;0.487,15.533,0.716;11.073,18.842,2.140;18.209,10.773,0.683;16.864,10.411,1.383;11.865,12.546,0.357;12.571,0.515,0.818;1.703,15.595,0.307;0.701,9.573,0.738;16.410,10.961,1.080;5.736,0.389,0.335;4.419,16.061,1.685;19.573,2.194,0.296;3.521,13.629,2.313"
32,drone_5,7.3555,9.5525,17.0000,17.0000,"14.357,12.879,0.252;9.010,15.177,1.025;19.809,4.168,0.324;10.129,14.615,2.458;8.936,6.709,0.287;4.590,13.262,2.343;6.403,11.029,1.330;6.438,19.149,0.410;6.347,16.387,2.305;7.658,6.938,1.213;18.528,3.397,0.319;12.463,1.244,0.327;15.140,2.624,0.353;19.181,11.248,0.397;6.075,10.679,1.237;9.963,18.318,0.278;13.657,2.395,1.242;18.345,8.323,0.607;16.330,12.669,1.212;8.211,16.636,2.108;18.920,4.724,0.824;6.982,14.462,0.467;13.078,3.783,0.260;17.138,13.793,0.911;19.835,12.422,0.274;4.272,15.597,0.484;5.231,1.573,0.369;0.404,1.991,0.374;1.242,7.965,0.803;15.337,10.392,0.257;19.687,17.481,0.439;0.228,5.122,0.256;18.759,4.232,1.190;15.871,1.584,0.901;17.498,2.250,1.213;18.055,14.400,0.766;0.677,16.257,1.030;3.749,14.009,1.691;17.338,2.560,1.881;17.542,11.622,0.375;4.549,3.923,0.328;18.293,5.188,1.119;18.427,6.999,1.006;7.151,4.722,0.359;8.388,14.026,2.102;8.427,19.699,0.294;13.619,17.487,0.418;0.487,15.533,0.716;11.073,18.842,2.140;18.209,10.773,0.683;16.864,10.411,1.383;11.865,12.546,0.357;12.571,0.515,0.818;1.703,15.595,0.307;0.701,9.573,0.738;16.410,10.961,1.080;5.736,0.389,0.335;4.419,16.061,1.685;19.573,2.194,0.296;3.521,13.629,2.313"
32,drone_6,13.4987,6.4587,17.0000,17.0000,"14.357,12.879,0.252;9.010,15.177,1.025;19.809,4.168,0.324;10.129,14.615,2.458;8.936,6.709,0.287;4.590,13.262,2.343;6.403,11.029,1.330;6.438,19.149,0.410;6.347,16.387,2.305;7.658,6.938,1.213;18.528,3.397,0.319;12.463,1.244,0.327;15.140,2.624,0.353;19.181,11.248,0.397;6.075,10.679,1.237;9.963,18.318,0.278;13.657,2.395,1.242;18.345,8.323,0.607;16.330,12.669,1.212;8.211,16.636,2.108;18.920,4.724,0.824;6.982,14.462,0.467;13.078,3.783,0.260;17.138,13.793,0.911;19.835,12.422,0.274;4.272,15.597,0.484;5.231,1.573,0.369;0.404,1.991,0.374;1.242,7.965,0.803;15.337,10.392,0.257;19.687,17.481,0.439;0.228,5.122,0.256;18.759,4.232,1.190;15.871,1.584,0.901;17.498,2.250,1.213;18.055,14.400,0.766;0.677,16.257,1.030;3.749,14.009,1.691;17.338,2.560,1.881;17.542,11.622,0.375;4.549,3.923,0.328;18.293,5.188,1.119;18.427,6.999,1.006;7.151,4.722,0.359;8.388,14.026,2.102;8.427,19.699,0.294;13.619,17.487,0.418;0.487,15.533,0.716;11.073,18.842,2.140;18.209,10.773,0.683;16.864,10.411,1.383;11.865,12.546,0.357;12.571,0.515,0.818;1.703,15.595,0.307;0.701,9.573,0.738;16.410,10.961,1.080;5.736,0.389,0.335;4.419,16.061,1.685;19.573,2.194,0.296;3.521,13.629,2.313"
32,drone_7,-100.0000,-100.0000,17.0000,17.0000,"14.357,12.879,0.252;9.010,15.177,1.025;19.809,4.168,0.324;10.129,14.615,2.458;8.936,6.709,0.287;4.590,13.262,2.343;6.403,11.029,1.330;6.438,19.149,0.410;6.347,16.387,2.305;7.658,6.938,1.213;18.528,3.397,0.319;12.463,1.244,0.327;15.140,2.624,0.353;19.181,11.248,0.397;6.075,10.679,1.237;9.963,18.318,0.278;13.657,2.395,1.242;18.345,8.323,0.607;16.330,12.669,1.212;8.211,16.636,2.108;18.920,4.724,0.824;6.982,14.462,0.467;13.078,3.783,0.260;17.138,13.793,0.911;19.835,12.422,0.274;4.272,15.597,0.484;5.231,1.573,0.369;0.404,1.991,0.374;1.242,7.965,0.803;15.337,10.392,0.257;19.687,17.481,0.439;0.228,5.122,0.256;18.759,4.232,1.190;15.871,1.584,0.901;17.498,2.250,1.213;18.055,14.400,0.766;0.677,16.257,1.030;3.749,14.009,1.691;17.338,2.560,1.881;17.542,11.622,0.375;4.549,3.923,0.328;18.293,5.188,1.119;18.427,6.999,1.006;7.151,4.722,0.359;8.388,14.026,2.102;8.427,19.699,0.294;13.619,17.487,0.418;0.487,15.533,0.716;11.073,18.842,2.140;18.209,10.773,0.683;16.864,10.411,1.383;11.865,12.546,0.357;12.571,0.515,0.818;1.703,15.595,0.307;0.701,9.573,0.738;16.410,10.961,1.080;5.736,0.389,0.335;4.419,16.061,1.685;19.573,2.194,0.296;3.521,13.629,2.313"
33,drone_0,14.8602,11.6114,17.0000,17.0000,"14.357,12.879,0.252;9.010,15.177,1.025;19.809,4.168,0.324;10.129,14.615,2.458;8.936,6.709,0.287;4.590,13.262,2.343;6.403,11.029,1.330;6.438,19.149,0.410;6.347,16.387,2.305;7.658,6.938,1.213;18.528,3.397,0.319;12.463,1.244,0.327;15.140,2.624,0.353;19.181,11.248,0.397;6.075,10.679,1.237;9.963,18.318,0.278;13.657,2.395,1.242;18.345,8.323,0.607;16.330,12.669,1.212;8.211,16.636,2.108;18.920,4.724,0.824;6.982,14.462,0.467;13.078,3.783,0.260;17.138,13.793,0.911;19.835,12.422,0.274;4.272,15.597,0.484;5.231,1.573,0.369;0.404,1.991,0.374;1.242,7.965,0.803;15.337,10.392,0.257;19.687,17.481,0.439;0.228,5.122,0.256;18.759,4.232,1.190;15.871,1.584,0.901;17.498,2.250,1.213;18.055,14.400,0.766;0.677,16.257,1.030;3.749,14.009,1.691;17.338,2.560,1.881;17.542,11.622,0.375;4.549,3.923,0.328;18.293,5.188,1.119;18.427,6.999,1.006;7.151,4.722,0.359;8.388,14.026,2.102;8.427,19.699,0.294;13.619,17.487,0.418;0.487,15.533,0.716;11.073,18.842,2.140;18.209,10.773,0.683;16.864,10.411,1.383;11.865,12.546,0.357;12.571,0.515,0.818;1.703,15.595,0.307;0.701,9.573,0.738;16.410,10.961,1.080;5.736,0.389,0.335;4.419,16.061,1.685;19.573,2.194,0.296;3.521,13.629,2.313"
33,drone_3,9.8282,9.5439,17.0000,17.0000,"14.357,12.879,0.252;9.010,15.177,1.025;19.809,4.168,0.324;10.129,14.615,2.458;8.936,6.709,0.287;4.590,13.262,2.343;6.403,11.029,1.330;6.438,19.149,0.410;6.347,16.387,2.305;7.658,6.938,1.213;18.528,3.397,0.319;12.463,1.244,0.327;15.140,2.624,0.353;19.181,11.248,0.397;6.075,10.679,1.237;9.963,18.318,0.278;13.657,2.395,1.242;18.345,8.323,0.607;16.330,12.669,1.212;8.211,16.636,2.108;18.920,4.724,0.824;6.982,14.462,0.467;13.078,3.783,0.260;17.138,13.793,0.911;19.835,12.422,0.274;4.272,15.597,0.484;5.231,1.573,0.369;0.404,1.991,0.374;1.242,7.965,0.803;15.337,10.392,0.257;19.687,17.481,0.439;0.228,5.122,0.256;18.759,4.232,1.190;15.871,1.584,0.901;17.498,2.250,1.213;18.055,14.400,0.766;0.677,16.257,1.030;3.749,14.009,1.691;17.338,2.560,1.881;17.542,11.622,0.375;4.549,3.923,0.328;18.293,5.188,1.119;18.427,6.999,1.006;7.151,4.722,0.359;8.388,14.026,2.102;8.427,19.699,0.294;13.619,17.487,0.418;0.487,15.533,0.716;11.073,18.842,2.140;18.209,10.773,0.683;16.864,10.411,1.383;11.865,12.546,0.357;12.571,0.515,0.818;1.703,15.595,0.307;0.701,9.573,0.738;16.410,10.961,1.080;5.736,0.389,0.335;4.419,16.061,1.685;19.573,2.194,0.296;3.521,13.629,2.313"
33,drone_4,16.2506,8.9860,17.0000,17.0000,"14.357,12.879,0.252;9.010,15.177,1.025;19.809,4.168,0.324;10.129,14.615,2.458;8.936,6.709,0.287;4.590,13.262,2.343;6.403,11.029,1.330;6.438,19.149,0.410;6.347,16.387,2.305;7.658,6.938,1.213;18.528,3.397,0.319;12.463,1.244,0.327;15.140,2.624,0.353;19.181,11.248,0.397;6.075,10.679,1.237;9.963,18.318,0.278;13.657,2.395,1.242;18.345,8.323,0.607;16.330,12.669,1.212;8.211,16.636,2.108;18.920,4.724,0.824;6.982,14.462,0.467;13.078,3.783,0.260;17.138,13.793,0.911;19.835,12.422,0.274;4.272,15.597,0.484;5.231,1.573,0.369;0.404,1.991,0.374;1.242,7.965,0.803;15.337,10.392,0.257;19.687,17.481,0.439;0.228,5.122,0.256;18.759,4.232,1.190;15.871,1.584,0.901;17.498,2.250,1.213;18.055,14.400,0.766;0.677,16.257,1.030;3.749,14.009,1.691;17.338,2.560,1.881;17.542,11.622,0.375;4.549,3.923,0.328;18.293,5.188,1.119;18.427,6.999,1.006;7.151,4.722,0.359;8.388,14.026,2.102;8.427,19.699,0.294;13.619,17.487,0.418;0.487,15.533,0.716;11.073,18.842,2.140;18.209,10.773,0.683;16.864,10.411,1.383;11.865,12.546,0.357;12.571,0.515,0.818;1.703,15.595,0.307;0.701,9.573,0.738;16.410,10.961,1.080;5.736,0.389,0.335;4.419,16.061,1.685;19.573,2.194,0.296;3.521,13.629,2.313"
33,drone_5,7.5491,9.6028,17.0000,17.0000,"14.357,12.879,0.252;9.010,15.177,1.025;19.809,4.168,0.324;10.129,14.615,2.458;8.936,6.709,0.287;4.590,13.262,2.343;6.403,11.029,1.330;6.438,19.149,0.410;6.347,16.387,2.305;7.658,6.938,1.213;18.528,3.397,0.319;12.463,1.244,0.327;15.140,2.624,0.353;19.181,11.248,0.397;6.075,10.679,1.237;9.963,18.318,0.278;13.657,2.395,1.242;18.345,8.323,0.607;16.330,12.669,1.212;8.211,16.636,2.108;18.920,4.724,0.824;6.982,14.462,0.467;13.078,3.783,0.260;17.138,13.793,0.911;19.835,12.422,0.274;4.272,15.597,0.484;5.231,1.573,0.369;0.404,1.991,0.374;1.242,7.965,0.803;15.337,10.392,0.257;19.687,17.481,0.439;0.228,5.122,0.256;18.759,4.232,1.190;15.871,1.584,0.901;17.498,2.250,1.213;18.055,14.400,0.766;0.677,16.257,1.030;3.749,14.009,1.691;17.338,2.560,1.881;17.542,11.622,0.375;4.549,3.923,0.328;18.293,5.188,1.119;18.427,6.999,1.006;7.151,4.722,0.359;8.388,14.026,2.102;8.427,19.699,0.294;13.619,17.487,0.418;0.487,15.533,0.716;11.073,18.842,2.140;18.209,10.773,0.683;16.864,10.411,1.383;11.865,12.546,0.357;12.571,0.515,0.818;1.703,15.595,0.307;0.701,9.573,0.738;16.410,10.961,1.080;5.736,0.389,0.335;4.419,16.061,1.685;19.573,2.194,0.296;3.521,13.629,2.313"
33,drone_6,13.6187,6.6187,17.0000,17.0000,"14.357,12.879,0.252;9.010,15.177,1.025;19.809,4.168,0.324;10.129,14.615,2.458;8.936,6.709,0.287;4.590,13.262,2.343;6.403,11.029,1.330;6.438,19.149,0.410;6.347,16.387,2.305;7.658,6.938,1.213;18.528,3.397,0.319;12.463,1.244,0.327;15.140,2.624,0.353;19.181,11.248,0.397;6.075,10.679,1.237;9.963,18.318,0.278;13.657,2.395,1.242;18.345,8.323,0.607;16.330,12.669,1.212;8.211,16.636,2.108;18.920,4.724,0.824;6.982,14.462,0.467;13.078,3.783,0.260;17.138,13.793,0.911;19.835,12.422,0.274;4.272,15.597,0.484;5.231,1.573,0.369;0.404,1.991,0.374;1.242,7.965,0.803;15.337,10.392,0.257;19.687,17.481,0.439;0.228,5.122,0.256;18.759,4.232,1.190;15.871,1.584,0.901;17.498,2.250,1.213;18.055,14.400,0.766;0.677,16.257,1.030;3.749,14.009,1.691;17.338,2.560,1.881;17.542,11.622,0.375;4.549,3.923,0.328;18.293,5.188,1.119;18.427,6.999,1.006;7.151,4.722,0.359;8.388,14.026,2.102;8.427,19.699,0.294;13.619,17.487,0.418;0.487,15.533,0.716;11.073,18.842,2.140;18.209,10.773,0.683;16.864,10.411,1.383;11.865,12.546,0.357;12.571,0.515,0.818;1.703,15.595,0.307;0.701,9.573,0.738;16.410,10.961,1.080;5.736,0.389,0.335;4.419,16.061,1.685;19.573,2.194,0.296;3.521,13.629,2.313"
34,drone_0,14.8994,11.8075,17.0000,17.0000,"14.357,12.879,0.252;9.010,15.177,1.025;19.809,4.168,0.324;10.129,14.615,2.458;8.936,6.709,0.287;4.590,13.262,2.343;6.403,11.029,1.330;6.438,19.149,0.410;6.347,16.387,2.305;7.658,6.938,1.213;18.528,3.397,0.319;12.463,1.244,0.327;15.140,2.624,0.353;19.181,11.248,0.397;6.075,10.679,1.237;9.963,18.318,0.278;13.657,2.395,1.242;18.345,8.323,0.607;16.330,12.669,1.212;8.211,16.636,2.108;18.920,4.724,0.824;6.982,14.462,0.467;13.078,3.783,0.260;17.138,13.793,0.911;19.835,12.422,0.274;4.272,15.597,0.484;5.231,1.573,0.369;0.404,1.991,0.374;1.242,7.965,0.803;15.337,10.392,0.257;19.687,17.481,0.439;0.228,5.122,0.256;18.759,4.232,1.190;15.871,1.584,0.901;17.498,2.250,1.213;18.055,14.400,0.766;0.677,16.257,1.030;3.749,14.009,1.691;17.338,2.560,1.881;17.542,11.622,0.375;4.549,3.923,0.328;18.293,5.188,1.119;18.427,6.999,1.006;7.151,4.722,0.359;8.388,14.026,2.102;8.427,19.699,0.294;13.619,17.487,0.418;0.487,15.533,0.716;11.073,18.842,2.140;18.209,10.773,0.683;16.864,10.411,1.383;11.865,12.546,0.357;12.571,0.515,0.818;1.703,15.595,0.307;0.701,9.573,0.738;16.410,10.961,1.080;5.736,0.389,0.335;4.419,16.061,1.685;19.573,2.194,0.296;3.521,13.629,2.313"
34,drone_3,10.0281,9.5497,17.0000,17.0000,"14.357,12.879,0.252;9.010,15.177,1.025;19.809,4.168,0.324;10.129,14.615,2.458;8.936,6.709,0.287;4.590,13.262,2.343;6.403,11.029,1.330;6.438,19.149,0.410;6.347,16.387,2.305;7.658,6.938,1.213;18.528,3.397,0.319;12.463,1.244,0.327;15.140,2.624,0.353;19.181,11.248,0.397;6.075,10.679,1.237;9.963,18.318,0.278;13.657,2.395,1.242;18.345,8.323,0.607;16.330,12.669,1.212;8.211,16.636,2.108;18.920,4.724,0.824;6.982,14.462,0.467;13.078,3.783,0.260;17.138,13.793,0.911;19.835,12.422,0.274;4.272,15.597,0.484;5.231,1.573,0.369;0.404,1.991,0.374;1.242,7.965,0.803;15.337,10.392,0.257;19.687,17.481,0.439;0.228,5.122,0.256;18.759,4.232,1.190;15.871,1.584,0.901;17.498,2.250,1.213;18.055,14.400,0.766;0.677,16.257,1.030;3.749,14.009,1.691;17.338,2.560,1.881;17.542,11.622,0.375;4.549,3.923,0.328;18.293,5.188,1.119;18.427,6.999,1.006;7.151,4.722,0.359;8.388,14.026,2.102;8.427,19.699,0.294;13.619,17.487,0.418;0.487,15.533,0.716;11.073,18.842,2.140;18.209,10.773,0.683;16.864,10.411,1.383;11.865,12.546,0.357;12.571,0.515,0.818;1.703,15.595,0.307;0.701,9.573,0.738;16.410,10.961,1.080;5.736,0.389,0.335;4.419,16.061,1.685;19.573,2.194,0.296;3.521,13.629,2.313"
34,drone_4,-100.0000,-100.0000,17.0000,17.0000,"14.357,12.879,0.252;9.010,15.177,1.025;19.809,4.168,0.324;10.129,14.615,2.458;8.936,6.709,0.287;4.590,13.262,2.343;6.403,11.029,1.330;6.438,19.149,0.410;6.347,16.387,2.305;7.658,6.938,1.213;18.528,3.397,0.319;12.463,1.244,0.327;15.140,2.624,0.353;19.181,11.248,0.397;6.075,10.679,1.237;9.963,18.318,0.278;13.657,2.395,1.242;18.345,8.323,0.607;16.330,12.669,1.212;8.211,16.636,2.108;18.920,4.724,0.824;6.982,14.462,0.467;13.078,3.783,0.260;17.138,13.793,0.911;19.835,12.422,0.274;4.272,15.597,0.484;5.231,1.573,0.369;0.404,1.991,0.374;1.242,7.965,0.803;15.337,10.392,0.257;19.687,17.481,0.439;0.228,5.122,0.256;18.759,4.232,1.190;15.871,1.584,0.901;17.498,2.250,1.213;18.055,14.400,0.766;0.677,16.257,1.030;3.749,14.009,1.691;17.338,2.560,1.881;17.542,11.622,0.375;4.549,3.923,0.328;18.293,5.188,1.119;18.427,6.999,1.006;7.151,4.722,0.359;8.388,14.026,2.102;8.427,19.699,0.294;13.619,17.487,0.418;0.487,15.533,0.716;11.073,18.842,2.140;18.209,10.773,0.683;16.864,10.411,1.383;11.865,12.546,0.357;12.571,0.515,0.818;1.703,15.595,0.307;0.701,9.573,0.738;16.410,10.961,1.080;5.736,0.389,0.335;4.419,16.061,1.685;19.573,2.194,0.296;3.521,13.629,2.313"
34,drone_5,7.7412,9.6585,17.0000,17.0000,"14.357,12.879,0.252;9.010,15.177,1.025;19.809,4.168,0.324;10.129,14.615,2.458;8.936,6.709,0.287;4.590,13.262,2.343;6.403,11.029,1.330;6.438,19.149,0.410;6.347,16.387,2.305;7.658,6.938,1.213;18.528,3.397,0.319;12.463,1.244,0.327;15.140,2.624,0.353;19.181,11.248,0.397;6.075,10.679,1.237;9.963,18.318,0.278;13.657,2.395,1.242;18.345,8.323,0.607;16.330,12.669,1.212;8.211,16.636,2.108;18.920,4.724,0.824;6.982,14.462,0.467;13.078,3.783,0.260;17.138,13.793,0.911;19.835,12.422,0.274;4.272,15.597,0.484;5.231,1.573,0.369;0.404,1.991,0.374;1.242,7.965,0.803;15.337,10.392,0.257;19.687,17.481,0.439;0.228,5.122,0.256;18.759,4.232,1.190;15.871,1.584,0.901;17.498,2.250,1.213;18.055,14.400,0.766;0.677,16.257,1.030;3.749,14.009,1.691;17.338,2.560,1.881;17.542,11.622,0.375;4.549,3.923,0.328;18.293,5.188,1.119;18.427,6.999,1.006;7.151,4.722,0.359;8.388,14.026,2.102;8.427,19.699,0.294;13.619,17.487,0.418;0.487,15.533,0.716;11.073,18.842,2.140;18.209,10.773,0.683;16.864,10.411,1.383;11.865,12.546,0.357;12.571,0.515,0.818;1.703,15.595,0.307;0.701,9.573,0.738;16.410,10.961,1.080;5.736,0.389,0.335;4.419,16.061,1.685;19.573,2.194,0.296;3.521,13.629,2.313"
34,drone_6,13.7472,6.7719,17.0000,17.0000,"14.357,12.879,0.252;9.010,15.177,1.025;19.809,4.168,0.324;10.129,14.615,2.458;8.936,6.709,0.287;4.590,13.262,2.343;6.403,11.029,1.330;6.438,19.149,0.410;6.347,16.387,2.305;7.658,6.938,1.213;18.528,3.397,0.319;12.463,1.244,0.327;15.140,2.624,0.353;19.181,11.248,0.397;6.075,10.679,1.237;9.963,18.318,0.278;13.657,2.395,1.242;18.345,8.323,0.607;16.330,12.669,1.212;8.211,16.636,2.108;18.920,4.724,0.824;6.982,14.462,0.467;13.078,3.783,0.260;17.138,13.793,0.911;19.835,12.422,0.274;4.272,15.597,0.484;5.231,1.573,0.369;0.404,1.991,0.374;1.242,7.965,0.803;15.337,10.392,0.257;19.687,17.481,0.439;0.228,5.122,0.256;18.759,4.232,1.190;15.871,1.584,0.901;17.498,2.250,1.213;18.055,14.400,0.766;0.677,16.257,1.030;3.749,14.009,1.691;17.338,2.560,1.881;17.542,11.622,0.375;4.549,3.923,0.328;18.293,5.188,1.119;18.427,6.999,1.006;7.151,4.722,0.359;8.388,14.026,2.102;8.427,19.699,0.294;13.619,17.487,0.418;0.487,15.533,0.716;11.073,18.842,2.140;18.209,10.773,0.683;16.864,10.411,1.383;11.865,12.546,0.357;12.571,0.515,0.818;1.703,15.595,0.307;0.701,9.573,0.738;16.410,10.961,1.080;5.736,0.389,0.335;4.419,16.061,1.685;19.573,2.194,0.296;3.521,13.629,2.313"
35,drone_0,14.9301,12.0051,17.0000,17.0000,"14.357,12.879,0.252;9.010,15.177,1.025;19.809,4.168,0.324;10.129,14.615,2.458;8.936,6.709,0.287;4.590,13.262,2.343;6.403,11.029,1.330;6.438,19.149,0.410;6.347,16.387,2.305;7.658,6.938,1.213;18.528,3.397,0.319;12.463,1.244,0.327;15.140,2.624,0.353;19.181,11.248,0.397;6.075,10.679,1.237;9.963,18.318,0.278;13.657,2.395,1.242;18.345,8.323,0.607;16.330,12.669,1.212;8.211,16.636,2.108;18.920,4.724,0.824;6.982,14.462,0.467;13.078,3.783,0.260;17.138,13.793,0.911;19.835,12.422,0.274;4.272,15.597,0.484;5.231,1.573,0.369;0.404,1.991,0.374;1.242,7.965,0.803;15.337,10.392,0.257;19.687,17.481,0.439;0.228,5.122,0.256;18.759,4.232,1.190;15.871,1.584,0.901;17.498,2.250,1.213;18.055,14.400,0.766;0.677,16.257,1.030;3.749,14.009,1.691;17.338,2.560,1.881;17.542,11.622,0.375;4.549,3.923,0.328;18.293,5.188,1.119;18.427,6.999,1.006;7.151,4.722,0.359;8.388,14.026,2.102;8.427,19.699,0.294;13.619,17.487,0.418;0.487,15.533,0.716;11.073,18.842,2.140;18.209,10.773,0.683;16.864,10.411,1.383;11.865,12.546,0.357;12.571,0.515,0.818;1.703,15.595,0.307;0.701,9.573,0.738;16.410,10.961,1.080;5.736,0.389,0.335;4.419,16.061,1.685;19.573,2.194,0.296;3.521,13.629,2.313"
35,drone_3,10.2255,9.5823,17.0000,17.0000,"14.357,12.879,0.252;9.010,15.177,1.025;19.809,4.168,0.324;10.129,14.615,2.458;8.936,6.709,0.287;4.590,13.262,2.343;6.403,11.029,1.330;6.438,19.149,0.410;6.347,16.387,2.305;7.658,6.938,1.213;18.528,3.397,0.319;12.463,1.244,0.327;15.140,2.624,0.353;19.181,11.248,0.397;6.075,10.679,1.237;9.963,18.318,0.278;13.657,2.395,1.242;18.345,8.323,0.607;16.330,12.669,1.212;8.211,16.636,2.108;18.920,4.724,0.824;6.982,14.462,0.467;13.078,3.783,0.260;17.138,13.793,0.911;19.835,12.422,0.274;4.272,15.597,0.484;5.231,1.573,0.369;0.404,1.991,0.374;1.242,7.965,0.803;15.337,10.392,0.257;19.687,17.481,0.439;0.228,5.122,0.256;18.759,4.232,1.190;15.871,1.584,0.901;17.498,2.250,1.213;18.055,14.400,0.766;0.677,16.257,1.030;3.749,14.009,1.691;17.338,2.560,1.881;17.542,11.622,0.375;4.549,3.923,0.328;18.293,5.188,1.119;18.427,6.999,1.006;7.151,4.722,0.359;8.388,14.026,2.102;8.427,19.699,0.294;13.619,17.487,0.418;0.487,15.533,0.716;11.073,18.842,2.140;18.209,10.773,0.683;16.864,10.411,1.383;11.865,12.546,0.357;12.571,0.515,0.818;1.703,15.595,0.307;0.701,9.573,0.738;16.410,10.961,1.080;5.736,0.389,0.335;4.419,16.061,1.685;19.573,2.194,0.296;3.521,13.629,2.313"
35,drone_5,7.9335,9.7134,17.0000,17.0000,"14.357,12.879,0.252;9.010,15.177,1.025;19.809,4.168,0.324;10.129,14.615,2.458;8.936,6.709,0.287;4.590,13.262,2.343;6.403,11.029,1.330;6.438,19.149,0.410;6.347,16.387,2.305;7.658,6.938,1.213;18.528,3.397,0.319;12.463,1.244,0.327;15.140,2.624,0.353;19.181,11.248,0.397;6.075,10.679,1.237;9.963,18.318,0.278;13.657,2.395,1.242;18.345,8.323,0.607;16.330,12.669,1.212;8.211,16.636,2.108;18.920,4.724,0.824;6.982,14.462,0.467;13.078,3.783,0.260;17.138,13.793,0.911;19.835,12.422,0.274;4.272,15.597,0.484;5.231,1.573,0.369;0.404,1.991,0.374;1.242,7.965,0.803;15.337,10.392,0.257;19.687,17.481,0.439;0.228,5.122,0.256;18.759,4.232,1.190;15.871,1.584,0.901;17.498,2.250,1.213;18.055,14.400,0.766;0.677,16.257,1.030;3.749,14.009,1.691;17.338,2.560,1.881;17.542,11.622,0.375;4.549,3.923,0.328;18.293,5.188,1.119;18.427,6.999,1.006;7.151,4.722,0.359;8.388,14.026,2.102;8.427,19.699,0.294;13.619,17.487,0.418;0.487,15.533,0.716;11.073,18.842,2.140;18.209,10.773,0.683;16.864,10.411,1.383;11.865,12.546,0.357;12.571,0.515,0.818;1.703,15.595,0.307;0.701,9.573,0.738;16.410,10.961,1.080;5.736,0.389,0.335;4.419,16.061,1.685;19.573,2.194,0.296;3.521,13.629,2.313"
35,drone_6,13.8843,6.9176,17.0000,17.0000,"14.357,12.879,0.252;9.010,15.177,1.025;19.809,4.168,0.324;10.129,14.615,2.458;8.936,6.709,0.287;4.590,13.262,2.343;6.403,11.029,1.330;6.438,19.149,0.410;6.347,16.387,2.305;7.658,6.938,1.213;18.528,3.397,0.319;12.463,1.244,0.327;15.140,2.624,0.353;19.181,11.248,0.397;6.075,10.679,1.237;9.963,18.318,0.278;13.657,2.395,1.242;18.345,8.323,0.607;16.330,12.669,1.212;8.211,16.636,2.108;18.920,4.724,0.824;6.982,14.462,0.467;13.078,3.783,0.260;17.138,13.793,0.911;19.835,12.422,0.274;4.272,15.597,0.484;5.231,1.573,0.369;0.404,1.991,0.374;1.242,7.965,0.803;15.337,10.392,0.257;19.687,17.481,0.439;0.228,5.122,0.256;18.759,4.232,1.190;15.871,1.584,0.901;17.498,2.250,1.213;18.055,14.400,0.766;0.677,16.257,1.030;3.749,14.009,1.691;17.338,2.560,1.881;17.542,11.622,0.375;4.549,3.923,0.328;18.293,5.188,1.119;18.427,6.999,1.006;7.151,4.722,0.359;8.388,14.026,2.102;8.427,19.699,0.294;13.619,17.487,0.418;0.487,15.533,0.716;11.073,18.842,2.140;18.209,10.773,0.683;16.864,10.411,1.383;11.865,12.546,0.357;12.571,0.515,0.818;1.703,15.595,0.307;0.701,9.573,0.738;16.410,10.961,1.080;5.736,0.389,0.335;4.419,16.061,1.685;19.573,2.194,0.296;3.521,13.629,2.313"
36,drone_0,14.9720,12.2007,17.0000,17.0000,"14.357,12.879,0.252;9.010,15.177,1.025;19.809,4.168,0.324;10.129,14.615,2.458;8.936,6.709,0.287;4.590,13.262,2.343;6.403,11.029,1.330;6.438,19.149,0.410;6.347,16.387,2.305;7.658,6.938,1.213;18.528,3.397,0.319;12.463,1.244,0.327;15.140,2.624,0.353;19.181,11.248,0.397;6.075,10.679,1.237;9.963,18.318,0.278;13.657,2.395,1.242;18.345,8.323,0.607;16.330,12.669,1.212;8.211,16.636,2.108;18.920,4.724,0.824;6.982,14.462,0.467;13.078,3.783,0.260;17.138,13.793,0.911;19.835,12.422,0.274;4.272,15.597,0.484;5.231,1.573,0.369;0.404,1.991,0.374;1.242,7.965,0.803;15.337,10.392,0.257;19.687,17.481,0.439;0.228,5.122,0.256;18.759,4.232,1.190;15.871,1.584,0.901;17.498,2.250,1.213;18.055,14.400,0.766;0.677,16.257,1.030;3.749,14.009,1.691;17.338,2.560,1.881;17.542,11.622,0.375;4.549,3.923,0.328;18.293,5.188,1.119;18.427,6.999,1.006;7.151,4.722,0.359;8.388,14.026,2.102;8.427,19.699,0.294;13.619,17.487,0.418;0.487,15.533,0.716;11.073,18.842,2.140;18.209,10.773,0.683;16.864,10.411,1.383;11.865,12.546,0.357;12.571,0.515,0.818;1.703,15.595,0.307;0.701,9.573,0.738;16.410,10.961,1.080;5.736,0.389,0.335;4.419,16.061,1.685;19.573,2.194,0.296;3.521,13.629,2.313"
36,drone_3,10.4186,9.6341,17.0000,17.0000,"14.357,12.879,0.252;9.010,15.177,1.025;19.809,4.168,0.324;10.129,14.615,2.458;8.936,6.709,0.287;4.590,13.262,2.343;6.403,11.029,1.330;6.438,19.149,0.410;6.347,16.387,2.305;7.658,6.938,1.213;18.528,3.397,0.319;12.463,1.244,0.327;15.140,2.624,0.353;19.181,11.248,0.397;6.075,10.679,1.237;9.963,18.318,0.278;13.657,2.395,1.242;18.345,8.323,0.607;16.330,12.669,1.212;8.211,16.636,2.108;18.920,4.724,0.824;6.982,14.462,0.467;13.078,3.783,0.260;17.138,13.793,0.911;19.835,12.422,0.274;4.272,15.597,0.484;5.231,1.573,0.369;0.404,1.991,0.374;1.242,7.965,0.803;15.337,10.392,0.257;19.687,17.481,0.439;0.228,5.122,0.256;18.759,4.232,1.190;15.871,1.584,0.901;17.498,2.250,1.213;18.055,14.400,0.766;0.677,16.257,1.030;3.749,14.009,1.691;17.338,2.560,1.881;17.542,11.622,0.375;4.549,3.923,0.328;18.293,5.188,1.119;18.427,6.999,1.006;7.151,4.722,0.359;8.388,14.026,2.102;8.427,19.699,0.294;13.619,17.487,0.418;0.487,15.533,0.716;11.073,18.842,2.140;18.209,10.773,0.683;16.864,10.411,1.383;11.865,12.546,0.357;12.571,0.515,0.818;1.703,15.595,0.307;0.701,9.573,0.738;16.410,10.961,1.080;5.736,0.389,0.335;4.419,16.061,1.685;19.573,2.194,0.296;3.521,13.629,2.313"
36,drone_5,8.1320,9.7379,17.0000,17.0000,"14.357,12.879,0.252;9.010,15.177,1.025;19.809,4.168,0.324;10.129,14.615,2.458;8.936,6.709,0.287;4.590,13.262,2.343;6.403,11.029,1.330;6.438,19.149,0.410;6.347,16.387,2.305;7.658,6.938,1.213;18.528,3.397,0.319;12.463,1.244,0.327;15.140,2.624,0.353;19.181,11.248,0.397;6.075,10.679,1.237;9.963,18.318,0.278;13.657,2.395,1.242;18.345,8.323,0.607;16.330,12.669,1.212;8.211,16.636,2.108;18.920,4.724,0.824;6.982,14.462,0.467;13.078,3.783,0.260;17.138,13.793,0.911;19.835,12.422,0.274;4.272,15.597,0.484;5.231,1.573,0.369;0.404,1.991,0.374;1.242,7.965,0.803;15.337,10.392,0.257;19.687,17.481,0.439;0.228,5.122,0.256;18.759,4.232,1.190;15.871,1.584,0.901;17.498,2.250,1.213;18.055,14.400,0.766;0.677,16.257,1.030;3.749,14.009,1.691;17.338,2.560,1.881;17.542,11.622,0.375;4.549,3.923,0.328;18.293,5.188,1.119;18.427,6.999,1.006;7.151,4.722,0.359;8.388,14.026,2.102;8.427,19.699,0.294;13.619,17.487,0.418;0.487,15.533,0.716;11.073,18.842,2.140;18.209,10.773,0.683;16.864,10.411,1.383;11.865,12.546,0.357;12.571,0.515,0.818;1.703,15.595,0.307;0.701,9.573,0.738;16.410,10.961,1.080;5.736,0.389,0.335;4.419,16.061,1.685;19.573,2.194,0.296;3.521,13.629,2.313"
36,drone_6,14.0191,7.0653,17.0000,17.0000,"14.357,12.879,0.252;9.010,15.177,1.025;19.809,4.168,0.324;10.129,14.615,2.458;8.936,6.709,0.287;4.590,13.262,2.343;6.403,11.029,1.330;6.438,19.149,0.410;6.347,16.387,2.305;7.658,6.938,1.213;18.528,3.397,0.319;12.463,1.244,0.327;15.140,2.624,0.353;19.181,11.248,0.397;6.075,10.679,1.237;9.963,18.318,0.278;13.657,2.395,1.242;18.345,8.323,0.607;16.330,12.669,1.212;8.211,16.636,2.108;18.920,4.724,0.824;6.982,14.462,0.467;13.078,3.783,0.260;17.138,13.793,0.911;19.835,12.422,0.274;4.272,15.597,0.484;5.231,1.573,0.369;0.404,1.991,0.374;1.242,7.965,0.803;15.337,10.392,0.257;19.687,17.481,0.439;0.228,5.122,0.256;18.759,4.232,1.190;15.871,1.584,0.901;17.498,2.250,1.213;18.055,14.400,0.766;0.677,16.257,1.030;3.749,14.009,1.691;17.338,2.560,1.881;17.542,11.622,0.375;4.549,3.923,0.328;18.293,5.188,1.119;18.427,6.999,1.006;7.151,4.722,0.359;8.388,14.026,2.102;8.427,19.699,0.294;13.619,17.487,0.418;0.487,15.533,0.716;11.073,18.842,2.140;18.209,10.773,0.683;16.864,10.411,1.383;11.865,12.546,0.357;12.571,0.515,0.818;1.703,15.595,0.307;0.701,9.573,0.738;16.410,10.961,1.080;5.736,0.389,0.335;4.419,16.061,1.685;19.573,2.194,0.296;3.521,13.629,2.313"
37,drone_0,-100.0000,-100.0000,17.0000,17.0000,"14.357,12.879,0.252;9.010,15.177,1.025;19.809,4.168,0.324;10.129,14.615,2.458;8.936,6.709,0.287;4.590,13.262,2.343;6.403,11.029,1.330;6.438,19.149,0.410;6.347,16.387,2.305;7.658,6.938,1.213;18.528,3.397,0.319;12.463,1.244,0.327;15.140,2.624,0.353;19.181,11.248,0.397;6.075,10.679,1.237;9.963,18.318,0.278;13.657,2.395,1.242;18.345,8.323,0.607;16.330,12.669,1.212;8.211,16.636,2.108;18.920,4.724,0.824;6.982,14.462,0.467;13.078,3.783,0.260;17.138,13.793,0.911;19.835,12.422,0.274;4.272,15.597,0.484;5.231,1.573,0.369;0.404,1.991,0.374;1.242,7.965,0.803;15.337,10.392,0.257;19.687,17.481,0.439;0.228,5.122,0.256;18.759,4.232,1.190;15.871,1.584,0.901;17.498,2.250,1.213;18.055,14.400,0.766;0.677,16.257,1.030;3.749,14.009,1.691;17.338,2.560,1.881;17.542,11.622,0.375;4.549,3.923,0.328;18.293,5.188,1.119;18.427,6.999,1.006;7.151,4.722,0.359;8.388,14.026,2.102;8.427,19.699,0.294;13.619,17.487,0.418;0.487,15.533,0.716;11.073,18.842,2.140;18.209,10.773,0.683;16.864,10.411,1.383;11.865,12.546,0.357;12.571,0.515,0.818;1.703,15.595,0.307;0.701,9.573,0.738;16.410,10.961,1.080;5.736,0.389,0.335;4.419,16.061,1.685;19.573,2.194,0.296;3.521,13.629,2.313"
37,drone_3,10.6072,9.7008,17.0000,17.0000,"14.357,12.879,0.252;9.010,15.177,1.025;19.809,4.168,0.324;10.129,14.615,2.458;8.936,6.709,0.287;4.590,13.262,2.343;6.403,11.029,1.330;6.438,19.149,0.410;6.347,16.387,2.305;7.658,6.938,1.213;18.528,3.397,0.319;12.463,1.244,0.327;15.140,2.624,0.353;19.181,11.248,0.397;6.075,10.679,1.237;9.963,18.318,0.278;13.657,2.395,1.242;18.345,8.323,0.607;16.330,12.669,1.212;8.211,16.636,2.108;18.920,4.724,0.824;6.982,14.462,0.467;13.078,3.783,0.260;17.138,13.793,0.911;19.835,12.422,0.274;4.272,15.597,0.484;5.231,1.573,0.369;0.404,1.991,0.374;1.242,7.965,0.803;15.337,10.392,0.257;19.687,17.481,0.439;0.228,5.122,0.256;18.759,4.232,1.190;15.871,1.584,0.901;17.498,2.250,1.213;18.055,14.400,0.766;0.677,16.257,1.030;3.749,14.009,1.691;17.338,2.560,1.881;17.542,11.622,0.375;4.549,3.923,0.328;18.293,5.188,1.119;18.427,6.999,1.006;7.151,4.722,0.359;8.388,14.026,2.102;8.427,19.699,0.294;13.619,17.487,0.418;0.487,15.533,0.716;11.073,18.842,2.140;18.209,10.773,0.683;16.864,10.411,1.383;11.865,12.546,0.357;12.571,0.515,0.818;1.703,15.595,0.307;0.701,9.573,0.738;16.410,10.961,1.080;5.736,0.389,0.335;4.419,16.061,1.685;19.573,2.194,0.296;3.521,13.629,2.313"
37,drone_5,8.3320,9.7366,17.0000,17.0000,"14.357,12.879,0.252;9.010,15.177,1.025;19.809,4.168,0.324;10.129,14.615,2.458;8.936,6.709,0.287;4.590,13.262,2.343;6.403,11.029,1.330;6.438,19.149,0.410;6.347,16.387,2.305;7.658,6.938,1.213;18.528,3.397,0.319;12.463,1.244,0.327;15.140,2.624,0.353;19.181,11.248,0.397;6.075,10.679,1.237;9.963,18.318,0.278;13.657,2.395,1.242;18.345,8.323,0.607;16.330,12.669,1.212;8.211,16.636,2.108;18.920,4.724,0.824;6.982,14.462,0.467;13.078,3.783,0.260;17.138,13.793,0.911;19.835,12.422,0.274;4.272,15.597,0.484;5.231,1.573,0.369;0.404,1.991,0.374;1.242,7.965,0.803;15.337,10.392,0.257;19.687,17.481,0.439;0.228,5.122,0.256;18.759,4.232,1.190;15.871,1.584,0.901;17.498,2.250,1.213;18.055,14.400,0.766;0.677,16.257,1.030;3.749,14.009,1.691;17.338,2.560,1.881;17.542,11.622,0.375;4.549,3.923,0.328;18.293,5.188,1.119;18.427,6.999,1.006;7.151,4.722,0.359;8.388,14.026,2.102;8.427,19.699,0.294;13.619,17.487,0.418;0.487,15.533,0.716;11.073,18.842,2.140;18.209,10.773,0.683;16.864,10.411,1.383;11.865,12.546,0.357;12.571,0.515,0.818;1.703,15.595,0.307;0.701,9.573,0.738;16.410,10.961,1.080;5.736,0.389,0.335;4.419,16.061,1.685;19.573,2.194,0.296;3.521,13.629,2.313"
37,drone_6,14.1496,7.2169,17.0000,17.0000,"14.357,12.879,0.252;9.010,15.177,1.025;19.809,4.168,0.324;10.129,14.615,2.458;8.936,6.709,0.287;4.590,13.262,2.343;6.403,11.029,1.330;6.438,19.149,0.410;6.347,16.387,2.305;7.658,6.938,1.213;18.528,3.397,0.319;12.463,1.244,0.327;15.140,2.624,0.353;19.181,11.248,0.397;6.075,10.679,1.237;9.963,18.318,0.278;13.657,2.395,1.242;18.345,8.323,0.607;16.330,12.669,1.212;8.211,16.636,2.108;18.920,4.724,0.824;6.982,14.462,0.467;13.078,3.783,0.260;17.138,13.793,0.911;19.835,12.422,0.274;4.272,15.597,0.484;5.231,1.573,0.369;0.404,1.991,0.374;1.242,7.965,0.803;15.337,10.392,0.257;19.687,17.481,0.439;0.228,5.122,0.256;18.759,4.232,1.190;15.871,1.584,0.901;17.498,2.250,1.213;18.055,14.400,0.766;0.677,16.257,1.030;3.749,14.009,1.691;17.338,2.560,1.881;17.542,11.622,0.375;4.549,3.923,0.328;18.293,5.188,1.119;18.427,6.999,1.006;7.151,4.722,0.359;8.388,14.026,2.102;8.427,19.699,0.294;13.619,17.487,0.418;0.487,15.533,0.716;11.073,18.842,2.140;18.209,10.773,0.683;16.864,10.411,1.383;11.865,12.546,0.357;12.571,0.515,0.818;1.703,15.595,0.307;0.701,9.573,0.738;16.410,10.961,1.080;5.736,0.389,0.335;4.419,16.061,1.685;19.573,2.194,0.296;3.521,13.629,2.313"
38,drone_3,10.7941,9.7719,17.0000,17.0000,"14.357,12.879,0.252;9.010,15.177,1.025;19.809,4.168,0.324;10.129,14.615,2.458;8.936,6.709,0.287;4.590,13.262,2.343;6.403,11.029,1.330;6.438,19.149,0.410;6.347,16.387,2.305;7.658,6.938,1.213;18.528,3.397,0.319;12.463,1.244,0.327;15.140,2.624,0.353;19.181,11.248,0.397;6.075,10.679,1.237;9.963,18.318,0.278;13.657,2.395,1.242;18.345,8.323,0.607;16.330,12.669,1.212;8.211,16.636,2.108;18.920,4.724,0.824;6.982,14.462,0.467;13.078,3.783,0.260;17.138,13.793,0.911;19.835,12.422,0.274;4.272,15.597,0.484;5.231,1.573,0.369;0.404,1.991,0.374;1.242,7.965,0.803;15.337,10.392,0.257;19.687,17.481,0.439;0.228,5.122,0.256;18.759,4.232,1.190;15.871,1.584,0.901;17.498,2.250,1.213;18.055,14.400,0.766;0.677,16.257,1.030;3.749,14.009,1.691;17.338,2.560,1.881;17.542,11.622,0.375;4.549,3.923,0.328;18.293,5.188,1.119;18.427,6.999,1.006;7.151,4.722,0.359;8.388,14.026,2.102;8.427,19.699,0.294;13.619,17.487,0.418;0.487,15.533,0.716;11.073,18.842,2.140;18.209,10.773,0.683;16.864,10.411,1.383;11.865,12.546,0.357;12.571,0.515,0.818;1.703,15.595,0.307;0.701,9.573,0.738;16.410,10.961,1.080;5.736,0.389,0.335;4.419,16.061,1.685;19.573,2.194,0.296;3.521,13.629,2.313"
38,drone_5,8.5310,9.7168,17.0000,17.0000,"14.357,12.879,0.252;9.010,15.177,1.025;19.809,4.168,0.324;10.129,14.615,2.458;8.936,6.709,0.287;4.590,13.262,2.343;6.403,11.029,1.330;6.438,19.149,0.410;6.347,16.387,2.305;7.658,6.938,1.213;18.528,3.397,0.319;12.463,1.244,0.327;15.140,2.624,0.353;19.181,11.248,0.397;6.075,10.679,1.237;9.963,18.318,0.278;13.657,2.395,1.242;18.345,8.323,0.607;16.330,12.669,1.212;8.211,16.636,2.108;18.920,4.724,0.824;6.982,14.462,0.467;13.078,3.783,0.260;17.138,13.793,0.911;19.835,12.422,0.274;4.272,15.597,0.484;5.231,1.573,0.369;0.404,1.991,0.374;1.242,7.965,0.803;15.337,10.392,0.257;19.687,17.481,0.439;0.228,5.122,0.256;18.759,4.232,1.190;15.871,1.584,0.901;17.498,2.250,1.213;18.055,14.400,0.766;0.677,16.257,1.030;3.749,14.009,1.691;17.338,2.560,1.881;17.542,11.622,0.375;4.549,3.923,0.328;18.293,5.188,1.119;18.427,6.999,1.006;7.151,4.722,0.359;8.388,14.026,2.102;8.427,19.699,0.294;13.619,17.487,0.418;0.487,15.533,0.716;11.073,18.842,2.140;18.209,10.773,0.683;16.864,10.411,1.383;11.865,12.546,0.357;12.571,0.515,0.818;1.703,15.595,0.307;0.701,9.573,0.738;16.410,10.961,1.080;5.736,0.389,0.335;4.419,16.061,1.685;19.573,2.194,0.296;3.521,13.629,2.313"
38,drone_6,14.2727,7.3745,17.0000,17.0000,"14.357,12.879,0.252;9.010,15.177,1.025;19.809,4.168,0.324;10.129,14.615,2.458;8.936,6.709,0.287;4.590,13.262,2.343;6.403,11.029,1.330;6.438,19.149,0.410;6.347,16.387,2.305;7.658,6.938,1.213;18.528,3.397,0.319;12.463,1.244,0.327;15.140,2.624,0.353;19.181,11.248,0.397;6.075,10.679,1.237;9.963,18.318,0.278;13.657,2.395,1.242;18.345,8.323,0.607;16.330,12.669,1.212;8.211,16.636,2.108;18.920,4.724,0.824;6.982,14.462,0.467;13.078,3.783,0.260;17.138,13.793,0.911;19.835,12.422,0.274;4.272,15.597,0.484;5.231,1.573,0.369;0.404,1.991,0.374;1.242,7.965,0.803;15.337,10.392,0.257;19.687,17.481,0.439;0.228,5.122,0.256;18.759,4.232,1.190;15.871,1.584,0.901;17.498,2.250,1.213;18.055,14.400,0.766;0.677,16.257,1.030;3.749,14.009,1.691;17.338,2.560,1.881;17.542,11.622,0.375;4.549,3.923,0.328;18.293,5.188,1.119;18.427,6.999,1.006;7.151,4.722,0.359;8.388,14.026,2.102;8.427,19.699,0.294;13.619,17.487,0.418;0.487,15.533,0.716;11.073,18.842,2.140;18.209,10.773,0.683;16.864,10.411,1.383;11.865,12.546,0.357;12.571,0.515,0.818;1.703,15.595,0.307;0.701,9.573,0.738;16.410,10.961,1.080;5.736,0.389,0.335;4.419,16.061,1.685;19.573,2.194,0.296;3.521,13.629,2.313"
39,drone_3,10.9863,9.8271,17.0000,17.0000,"14.357,12.879,0.252;9.010,15.177,1.025;19.809,4.168,0.324;10.129,14.615,2.458;8.936,6.709,0.287;4.590,13.262,2.343;6.403,11.029,1.330;6.438,19.149,0.410;6.347,16.387,2.305;7.658,6.938,1.213;18.528,3.397,0.319;12.463,1.244,0.327;15.140,2.624,0.353;19.181,11.248,0.397;6.075,10.679,1.237;9.963,18.318,0.278;13.657,2.395,1.242;18.345,8.323,0.607;16.330,12.669,1.212;8.211,16.636,2.108;18.920,4.724,0.824;6.982,14.462,0.467;13.078,3.783,0.260;17.138,13.793,0.911;19.835,12.422,0.274;4.272,15.597,0.484;5.231,1.573,0.369;0.404,1.991,0.374;1.242,7.965,0.803;15.337,10.392,0.257;19.687,17.481,0.439;0.228,5.122,0.256;18.759,4.232,1.190;15.871,1.584,0.901;17.498,2.250,1.213;18.055,14.400,0.766;0.677,16.257,1.030;3.749,14.009,1.691;17.338,2.560,1.881;17.542,11.622,0.375;4.549,3.923,0.328;18.293,5.188,1.119;18.427,6.999,1.006;7.151,4.722,0.359;8.388,14.026,2.102;8.427,19.699,0.294;13.619,17.487,0.418;0.487,15.533,0.716;11.073,18.842,2.140;18.209,10.773,0.683;16.864,10.411,1.383;11.865,12.546,0.357;12.571,0.515,0.818;1.703,15.595,0.307;0.701,9.573,0.738;16.410,10.961,1.080;5.736,0.389,0.335;4.419,16.061,1.685;19.573,2.194,0.296;3.521,13.629,2.313"
39,drone_5,8.7308,9.7263,17.0000,17.0000,"14.357,12.879,0.252;9.010,15.177,1.025;19.809,4.168,0.324;10.129,14.615,2.458;8.936,6.709,0.287;4.590,13.262,2.343;6.403,11.029,1.330;6.438,19.149,0.410;6.347,16.387,2.305;7.658,6.938,1.213;18.528,3.397,0.319;12.463,1.244,0.327;15.140,2.624,0.353;19.181,11.248,0.397;6.075,10.679,1.237;9.963,18.318,0.278;13.657,2.395,1.242;18.345,8.323,0.607;16.330,12.669,1.212;8.211,16.636,2.108;18.920,4.724,0.824;6.982,14.462,0.467;13.078,3.783,0.260;17.138,13.793,0.911;19.835,12.422,0.274;4.272,15.597,0.484;5.231,1.573,0.369;0.404,1.991,0.374;1.242,7.965,0.803;15.337,10.392,0.257;19.687,17.481,0.439;0.228,5.122,0.256;18.759,4.232,1.190;15.871,1.584,0.901;17.498,2.250,1.213;18.055,14.400,0.766;0.677,16.257,1.030;3.749,14.009,1.691;17.338,2.560,1.881;17.542,11.622,0.375;4.549,3.923,0.328;18.293,5.188,1.119;18.427,6.999,1.006;7.151,4.722,0.359;8.388,14.026,2.102;8.427,19.699,0.294;13.619,17.487,0.418;0.487,15.533,0.716;11.073,18.842,2.140;18.209,10.773,0.683;16.864,10.411,1.383;11.865,12.546,0.357;12.571,0.515,0.818;1.703,15.595,0.307;0.701,9.573,0.738;16.410,10.961,1.080;5.736,0.389,0.335;4.419,16.061,1.685;19.573,2.194,0.296;3.521,13.629,2.313"
39,drone_6,14.3670,7.5509,17.0000,17.0000,"14.357,12.879,0.252;9.010,15.177,1.025;19.809,4.168,0.324;10.129,14.615,2.458;8.936,6.709,0.287;4.590,13.262,2.343;6.403,11.029,1.330;6.438,19.149,0.410;6.347,16.387,2.305;7.658,6.938,1.213;18.528,3.397,0.319;12.463,1.244,0.327;15.140,2.624,0.353;19.181,11.248,0.397;6.075,10.679,1.237;9.963,18.318,0.278;13.657,2.395,1.242;18.345,8.323,0.607;16.330,12.669,1.212;8.211,16.636,2.108;18.920,4.724,0.824;6.982,14.462,0.467;13.078,3.783,0.260;17.138,13.793,0.911;19.835,12.422,0.274;4.272,15.597,0.484;5.231,1.573,0.369;0.404,1.991,0.374;1.242,7.965,0.803;15.337,10.392,0.257;19.687,17.481,0.439;0.228,5.122,0.256;18.759,4.232,1.190;15.871,1.584,0.901;17.498,2.250,1.213;18.055,14.400,0.766;0.677,16.257,1.030;3.749,14.009,1.691;17.338,2.560,1.881;17.542,11.622,0.375;4.549,3.923,0.328;18.293,5.188,1.119;18.427,6.999,1.006;7.151,4.722,0.359;8.388,14.026,2.102;8.427,19.699,0.294;13.619,17.487,0.418;0.487,15.533,0.716;11.073,18.842,2.140;18.209,10.773,0.683;16.864,10.411,1.383;11.865,12.546,0.357;12.571,0.515,0.818;1.703,15.595,0.307;0.701,9.573,0.738;16.410,10.961,1.080;5.736,0.389,0.335;4.419,16.061,1.685;19.573,2.194,0.296;3.521,13.629,2.313"
40,drone_3,11.1798,9.8776,17.0000,17.0000,"14.357,12.879,0.252;9.010,15.177,1.025;19.809,4.168,0.324;10.129,14.615,2.458;8.936,6.709,0.287;4.590,13.262,2.343;6.403,11.029,1.330;6.438,19.149,0.410;6.347,16.387,2.305;7.658,6.938,1.213;18.528,3.397,0.319;12.463,1.244,0.327;15.140,2.624,0.353;19.181,11.248,0.397;6.075,10.679,1.237;9.963,18.318,0.278;13.657,2.395,1.242;18.345,8.323,0.607;16.330,12.669,1.212;8.211,16.636,2.108;18.920,4.724,0.824;6.982,14.462,0.467;13.078,3.783,0.260;17.138,13.793,0.911;19.835,12.422,0.274;4.272,15.597,0.484;5.231,1.573,0.369;0.404,1.991,0.374;1.242,7.965,0.803;15.337,10.392,0.257;19.687,17.481,0.439;0.228,5.122,0.256;18.759,4.232,1.190;15.871,1.584,0.901;17.498,2.250,1.213;18.055,14.400,0.766;0.677,16.257,1.030;3.749,14.009,1.691;17.338,2.560,1.881;17.542,11.622,0.375;4.549,3.923,0.328;18.293,5.188,1.119;18.427,6.999,1.006;7.151,4.722,0.359;8.388,14.026,2.102;8.427,19.699,0.294;13.619,17.487,0.418;0.487,15.533,0.716;11.073,18.842,2.140;18.209,10.773,0.683;16.864,10.411,1.383;11.865,12.546,0.357;12.571,0.515,0.818;1.703,15.595,0.307;0.701,9.573,0.738;16.410,10.961,1.080;5.736,0.389,0.335;4.419,16.061,1.685;19.573,2.194,0.296;3.521,13.629,2.313"
40,drone_5,8.9267,9.7662,17.0000,17.0000,"14.357,12.879,0.252;9.010,15.177,1.025;19.809,4.168,0.324;10.129,14.615,2.458;8.936,6.709,0.287;4.590,13.262,2.343;6.403,11.029,1.330;6.438,19.149,0.410;6.347,16.387,2.305;7.658,6.938,1.213;18.528,3.397,0.319;12.463,1.244,0.327;15.140,2.624,0.353;19.181,11.248,0.397;6.075,10.679,1.237;9.963,18.318,0.278;13.657,2.395,1.242;18.345,8.323,0.607;16.330,12.669,1.212;8.211,16.636,2.108;18.920,4.724,0.824;6.982,14.462,0.467;13.078,3.783,0.260;17.138,13.793,0.911;19.835,12.422,0.274;4.272,15.597,0.484;5.231,1.573,0.369;0.404,1.991,0.374;1.242,7.965,0.803;15.337,10.392,0.257;19.687,17.481,0.439;0.228,5.122,0.256;18.759,4.232,1.190;15.871,1.584,0.901;17.498,2.250,1.213;18.055,14.400,0.766;0.677,16.257,1.030;3.749,14.009,1.691;17.338,2.560,1.881;17.542,11.622,0.375;4.549,3.923,0.328;18.293,5.188,1.119;18.427,6.999,1.006;7.151,4.722,0.359;8.388,14.026,2.102;8.427,19.699,0.294;13.619,17.487,0.418;0.487,15.533,0.716;11.073,18.842,2.140;18.209,10.773,0.683;16.864,10.411,1.383;11.865,12.546,0.357;12.571,0.515,0.818;1.703,15.595,0.307;0.701,9.573,0.738;16.410,10.961,1.080;5.736,0.389,0.335;4.419,16.061,1.685;19.573,2.194,0.296;3.521,13.629,2.313"
40,drone_6,14.4394,7.7373,17.0000,17.0000,"14.357,12.879,0.252;9.010,15.177,1.025;19.809,4.168,0.324;10.129,14.615,2.458;8.936,6.709,0.287;4.590,13.262,2.343;6.403,11.029,1.330;6.438,19.149,0.410;6.347,16.387,2.305;7.658,6.938,1.213;18.528,3.397,0.319;12.463,1.244,0.327;15.140,2.624,0.353;19.181,11.248,0.397;6.075,10.679,1.237;9.963,18.318,0.278;13.657,2.395,1.242;18.345,8.323,0.607;16.330,12.669,1.212;8.211,16.636,2.108;18.920,4.724,0.824;6.982,14.462,0.467;13.078,3.783,0.260;17.138,13.793,0.911;19.835,12.422,0.274;4.272,15.597,0.484;5.231,1.573,0.369;0.404,1.991,0.374;1.242,7.965,0.803;15.337,10.392,0.257;19.687,17.481,0.439;0.228,5.122,0.256;18.759,4.232,1.190;15.871,1.584,0.901;17.498,2.250,1.213;18.055,14.400,0.766;0.677,16.257,1.030;3.749,14.009,1.691;17.338,2.560,1.881;17.542,11.622,0.375;4.549,3.923,0.328;18.293,5.188,1.119;18.427,6.999,1.006;7.151,4.722,0.359;8.388,14.026,2.102;8.427,19.699,0.294;13.619,17.487,0.418;0.487,15.533,0.716;11.073,18.842,2.140;18.209,10.773,0.683;16.864,10.411,1.383;11.865,12.546,0.357;12.571,0.515,0.818;1.703,15.595,0.307;0.701,9.573,0.738;16.410,10.961,1.080;5.736,0.389,0.335;4.419,16.061,1.685;19.573,2.194,0.296;3.521,13.629,2.313"
41,drone_3,11.3734,9.9279,17.0000,17.0000,"14.357,12.879,0.252;9.010,15.177,1.025;19.809,4.168,0.324;10.129,14.615,2.458;8.936,6.709,0.287;4.590,13.262,2.343;6.403,11.029,1.330;6.438,19.149,0.410;6.347,16.387,2.305;7.658,6.938,1.213;18.528,3.397,0.319;12.463,1.244,0.327;15.140,2.624,0.353;19.181,11.248,0.397;6.075,10.679,1.237;9.963,18.318,0.278;13.657,2.395,1.242;18.345,8.323,0.607;16.330,12.669,1.212;8.211,16.636,2.108;18.920,4.724,0.824;6.982,14.462,0.467;13.078,3.783,0.260;17.138,13.793,0.911;19.835,12.422,0.274;4.272,15.597,0.484;5.231,1.573,0.369;0.404,1.991,0.374;1.242,7.965,0.803;15.337,10.392,0.257;19.687,17.481,0.439;0.228,5.122,0.256;18.759,4.232,1.190;15.871,1.584,0.901;17.498,2.250,1.213;18.055,14.400,0.766;0.677,16.257,1.030;3.749,14.009,1.691;17.338,2.560,1.881;17.542,11.622,0.375;4.549,3.923,0.328;18.293,5.188,1.119;18.427,6.999,1.006;7.151,4.722,0.359;8.388,14.026,2.102;8.427,19.699,0.294;13.619,17.487,0.418;0.487,15.533,0.716;11.073,18.842,2.140;18.209,10.773,0.683;16.864,10.411,1.383;11.865,12.546,0.357;12.571,0.515,0.818;1.703,15.595,0.307;0.701,9.573,0.738;16.410,10.961,1.080;5.736,0.389,0.335;4.419,16.061,1.685;19.573,2.194,0.296;3.521,13.629,2.313"
41,drone_5,9.1176,9.8258,17.0000,17.0000,"14.357,12.879,0.252;9.010,15.177,1.025;19.809,4.168,0.324;10.129,14.615,2.458;8.936,6.709,0.287;4.590,13.262,2.343;6.403,11.029,1.330;6.438,19.149,0.410;6.347,16.387,2.305;7.658,6.938,1.213;18.528,3.397,0.319;12.463,1.244,0.327;15.140,2.624,0.353;19.181,11.248,0.397;6.075,10.679,1.237;9.963,18.318,0.278;13.657,2.395,1.242;18.345,8.323,0.607;16.330,12.669,1.212;8.211,16.636,2.108;18.920,4.724,0.824;6.982,14.462,0.467;13.078,3.783,0.260;17.138,13.793,0.911;19.835,12.422,0.274;4.272,15.597,0.484;5.231,1.573,0.369;0.404,1.991,0.374;1.242,7.965,0.803;15.337,10.392,0.257;19.687,17.481,0.439;0.228,5.122,0.256;18.759,4.232,1.190;15.871,1.584,0.901;17.498,2.250,1.213;18.055,14.400,0.766;0.677,16.257,1.030;3.749,14.009,1.691;17.338,2.560,1.881;17.542,11.622,0.375;4.549,3.923,0.328;18.293,5.188,1.119;18.427,6.999,1.006;7.151,4.722,0.359;8.388,14.026,2.102;8.427,19.699,0.294;13.619,17.487,0.418;0.487,15.533,0.716;11.073,18.842,2.140;18.209,10.773,0.683;16.864,10.411,1.383;11.865,12.546,0.357;12.571,0.515,0.818;1.703,15.595,0.307;0.701,9.573,0.738;16.410,10.961,1.080;5.736,0.389,0.335;4.419,16.061,1.685;19.573,2.194,0.296;3.521,13.629,2.313"
41,drone_6,14.4976,7.9286,17.0000,17.0000,"14.357,12.879,0.252;9.010,15.177,1.025;19.809,4.168,0.324;10.129,14.615,2.458;8.936,6.709,0.287;4.590,13.262,2.343;6.403,11.029,1.330;6.438,19.149,0.410;6.347,16.387,2.305;7.658,6.938,1.213;18.528,3.397,0.319;12.463,1.244,0.327;15.140,2.624,0.353;19.181,11.248,0.397;6.075,10.679,1.237;9.963,18.318,0.278;13.657,2.395,1.242;18.345,8.323,0.607;16.330,12.669,1.212;8.211,16.636,2.108;18.920,4.724,0.824;6.982,14.462,0.467;13.078,3.783,0.260;17.138,13.793,0.911;19.835,12.422,0.274;4.272,15.597,0.484;5.231,1.573,0.369;0.404,1.991,0.374;1.242,7.965,0.803;15.337,10.392,0.257;19.687,17.481,0.439;0.228,5.122,0.256;18.759,4.232,1.190;15.871,1.584,0.901;17.498,2.250,1.213;18.055,14.400,0.766;0.677,16.257,1.030;3.749,14.009,1.691;17.338,2.560,1.881;17.542,11.622,0.375;4.549,3.923,0.328;18.293,5.188,1.119;18.427,6.999,1.006;7.151,4.722,0.359;8.388,14.026,2.102;8.427,19.699,0.294;13.619,17.487,0.418;0.487,15.533,0.716;11.073,18.842,2.140;18.209,10.773,0.683;16.864,10.411,1.383;11.865,12.546,0.357;12.571,0.515,0.818;1.703,15.595,0.307;0.701,9.573,0.738;16.410,10.961,1.080;5.736,0.389,0.335;4.419,16.061,1.685;19.573,2.194,0.296;3.521,13.629,2.313"
42,drone_3,11.5666,9.9797,17.0000,17.0000,"14.357,12.879,0.252;9.010,15.177,1.025;19.809,4.168,0.324;10.129,14.615,2.458;8.936,6.709,0.287;4.590,13.262,2.343;6.403,11.029,1.330;6.438,19.149,0.410;6.347,16.387,2.305;7.658,6.938,1.213;18.528,3.397,0.319;12.463,1.244,0.327;15.140,2.624,0.353;19.181,11.248,0.397;6.075,10.679,1.237;9.963,18.318,0.278;13.657,2.395,1.242;18.345,8.323,0.607;16.330,12.669,1.212;8.211,16.636,2.108;18.920,4.724,0.824;6.982,14.462,0.467;13.078,3.783,0.260;17.138,13.793,0.911;19.835,12.422,0.274;4.272,15.597,0.484;5.231,1.573,0.369;0.404,1.991,0.374;1.242,7.965,0.803;15.337,10.392,0.257;19.687,17.481,0.439;0.228,5.122,0.256;18.759,4.232,1.190;15.871,1.584,0.901;17.498,2.250,1.213;18.055,14.400,0.766;0.677,16.257,1.030;3.749,14.009,1.691;17.338,2.560,1.881;17.542,11.622,0.375;4.549,3.923,0.328;18.293,5.188,1.119;18.427,6.999,1.006;7.151,4.722,0.359;8.388,14.026,2.102;8.427,19.699,0.294;13.619,17.487,0.418;0.487,15.533,0.716;11.073,18.842,2.140;18.209,10.773,0.683;16.864,10.411,1.383;11.865,12.546,0.357;12.571,0.515,0.818;1.703,15.595,0.307;0.701,9.573,0.738;16.410,10.961,1.080;5.736,0.389,0.335;4.419,16.061,1.685;19.573,2.194,0.296;3.521,13.629,2.313"
42,drone_5,9.3029,9.9012,17.0000,17.0000,"14.357,12.879,0.252;9.010,15.177,1.025;19.809,4.168,0.324;10.129,14.615,2.458;8.936,6.709,0.287;4.590,13.262,2.343;6.403,11.029,1.330;6.438,19.149,0.410;6.347,16.387,2.305;7.658,6.938,1.213;18.528,3.397,0.319;12.463,1.244,0.327;15.140,2.624,0.353;19.181,11.248,0.397;6.075,10.679,1.237;9.963,18.318,0.278;13.657,2.395,1.242;18.345,8.323,0.607;16.330,12.669,1.212;8.211,16.636,2.108;18.920,4.724,0.824;6.982,14.462,0.467;13.078,3.783,0.260;17.138,13.793,0.911;19.835,12.422,0.274;4.272,15.597,0.484;5.231,1.573,0.369;0.404,1.991,0.374;1.242,7.965,0.803;15.337,10.392,0.257;19.687,17.481,0.439;0.228,5.122,0.256;18.759,4.232,1.190;15.871,1.584,0.901;17.498,2.250,1.213;18.055,14.400,0.766;0.677,16.257,1.030;3.749,14.009,1.691;17.338,2.560,1.881;17.542,11.622,0.375;4.549,3.923,0.328;18.293,5.188,1.119;18.427,6.999,1.006;7.151,4.722,0.359;8.388,14.026,2.102;8.427,19.699,0.294;13.619,17.487,0.418;0.487,15.533,0.716;11.073,18.842,2.140;18.209,10.773,0.683;16.864,10.411,1.383;11.865,12.546,0.357;12.571,0.515,0.818;1.703,15.595,0.307;0.701,9.573,0.738;16.410,10.961,1.080;5.736,0.389,0.335;4.419,16.061,1.685;19.573,2.194,0.296;3.521,13.629,2.313"
42,drone_6,14.5484,8.1221,17.0000,17.0000,"14.357,12.879,0.252;9.010,15.177,1.025;19.809,4.168,0.324;10.129,14.615,2.458;8.936,6.709,0.287;4.590,13.262,2.343;6.403,11.029,1.330;6.438,19.149,0.410;6.347,16.387,2.305;7.658,6.938,1.213;18.528,3.397,0.319;12.463,1.244,0.327;15.140,2.624,0.353;19.181,11.248,0.397;6.075,10.679,1.237;9.963,18.318,0.278;13.657,2.395,1.242;18.345,8.323,0.607;16.330,12.669,1.212;8.211,16.636,2.108;18.920,4.724,0.824;6.982,14.462,0.467;13.078,3.783,0.260;17.138,13.793,0.911;19.835,12.422,0.274;4.272,15.597,0.484;5.231,1.573,0.369;0.404,1.991,0.374;1.242,7.965,0.803;15.337,10.392,0.257;19.687,17.481,0.439;0.228,5.122,0.256;18.759,4.232,1.190;15.871,1.584,0.901;17.498,2.250,1.213;18.055,14.400,0.766;0.677,16.257,1.030;3.749,14.009,1.691;17.338,2.560,1.881;17.542,11.622,0.375;4.549,3.923,0.328;18.293,5.188,1.119;18.427,6.999,1.006;7.151,4.722,0.359;8.388,14.026,2.102;8.427,19.699,0.294;13.619,17.487,0.418;0.487,15.533,0.716;11.073,18.842,2.140;18.209,10.773,0.683;16.864,10.411,1.383;11.865,12.546,0.357;12.571,0.515,0.818;1.703,15.595,0.307;0.701,9.573,0.738;16.410,10.961,1.080;5.736,0.389,0.335;4.419,16.061,1.685;19.573,2.194,0.296;3.521,13.629,2.313"
43,drone_3,11.7588,10.0352,17.0000,17.0000,"14.357,12.879,0.252;9.010,15.177,1.025;19.809,4.168,0.324;10.129,14.615,2.458;8.936,6.709,0.287;4.590,13.262,2.343;6.403,11.029,1.330;6.438,19.149,0.410;6.347,16.387,2.305;7.658,6.938,1.213;18.528,3.397,0.319;12.463,1.244,0.327;15.140,2.624,0.353;19.181,11.248,0.397;6.075,10.679,1.237;9.963,18.318,0.278;13.657,2.395,1.242;18.345,8.323,0.607;16.330,12.669,1.212;8.211,16.636,2.108;18.920,4.724,0.824;6.982,14.462,0.467;13.078,3.783,0.260;17.138,13.793,0.911;19.835,12.422,0.274;4.272,15.597,0.484;5.231,1.573,0.369;0.404,1.991,0.374;1.242,7.965,0.803;15.337,10.392,0.257;19.687,17.481,0.439;0.228,5.122,0.256;18.759,4.232,1.190;15.871,1.584,0.901;17.498,2.250,1.213;18.055,14.400,0.766;0.677,16.257,1.030;3.749,14.009,1.691;17.338,2.560,1.881;17.542,11.622,0.375;4.549,3.923,0.328;18.293,5.188,1.119;18.427,6.999,1.006;7.151,4.722,0.359;8.388,14.026,2.102;8.427,19.699,0.294;13.619,17.487,0.418;0.487,15.533,0.716;11.073,18.842,2.140;18.209,10.773,0.683;16.864,10.411,1.383;11.865,12.546,0.357;12.571,0.515,0.818;1.703,15.595,0.307;0.701,9.573,0.738;16.410,10.961,1.080;5.736,0.389,0.335;4.419,16.061,1.685;19.573,2.194,0.296;3.521,13.629,2.313"
43,drone_5,9.4823,9.9896,17.0000,17.0000,"14.357,12.879,0.252;9.010,15.177,1.025;19.809,4.168,0.324;10.129,14.615,2.458;8.936,6.709,0.287;4.590,13.262,2.343;6.403,11.029,1.330;6.438,19.149,0.410;6.347,16.387,2.305;7.658,6.938,1.213;18.528,3.397,0.319;12.463,1.244,0.327;15.140,2.624,0.353;19.181,11.248,0.397;6.075,10.679,1.237;9.963,18.318,0.278;13.657,2.395,1.242;18.345,8.323,0.607;16.330,12.669,1.212;8.211,16.636,2.108;18.920,4.724,0.824;6.982,14.462,0.467;13.078,3.783,0.260;17.138,13.793,0.911;19.835,12.422,0.274;4.272,15.597,0.484;5.231,1.573,0.369;0.404,1.991,0.374;1.242,7.965,0.803;15.337,10.392,0.257;19.687,17.481,0.439;0.228,5.122,0.256;18.759,4.232,1.190;15.871,1.584,0.901;17.498,2.250,1.213;18.055,14.400,0.766;0.677,16.257,1.030;3.749,14.009,1.691;17.338,2.560,1.881;17.542,11.622,0.375;4.549,3.923,0.328;18.293,5.188,1.119;18.427,6.999,1.006;7.151,4.722,0.359;8.388,14.026,2.102;8.427,19.699,0.294;13.619,17.487,0.418;0.487,15.533,0.716;11.073,18.842,2.140;18.209,10.773,0.683;16.864,10.411,1.383;11.865,12.546,0.357;12.571,0.515,0.818;1.703,15.595,0.307;0.701,9.573,0.738;16.410,10.961,1.080;5.736,0.389,0.335;4.419,16.061,1.685;19.573,2.194,0.296;3.521,13.629,2.313"
43,drone_6,14.5962,8.3163,17.0000,17.0000,"14.357,12.879,0.252;9.010,15.177,1.025;19.809,4.168,0.324;10.129,14.615,2.458;8.936,6.709,0.287;4.590,13.262,2.343;6.403,11.029,1.330;6.438,19.149,0.410;6.347,16.387,2.305;7.658,6.938,1.213;18.528,3.397,0.319;12.463,1.244,0.327;15.140,2.624,0.353;19.181,11.248,0.397;6.075,10.679,1.237;9.963,18.318,0.278;13.657,2.395,1.242;18.345,8.323,0.607;16.330,12.669,1.212;8.211,16.636,2.108;18.920,4.724,0.824;6.982,14.462,0.467;13.078,3.783,0.260;17.138,13.793,0.911;19.835,12.422,0.274;4.272,15.597,0.484;5.231,1.573,0.369;0.404,1.991,0.374;1.242,7.965,0.803;15.337,10.392,0.257;19.687,17.481,0.439;0.228,5.122,0.256;18.759,4.232,1.190;15.871,1.584,0.901;17.498,2.250,1.213;18.055,14.400,0.766;0.677,16.257,1.030;3.749,14.009,1.691;17.338,2.560,1.881;17.542,11.622,0.375;4.549,3.923,0.328;18.293,5.188,1.119;18.427,6.999,1.006;7.151,4.722,0.359;8.388,14.026,2.102;8.427,19.699,0.294;13.619,17.487,0.418;0.487,15.533,0.716;11.073,18.842,2.140;18.209,10.773,0.683;16.864,10.411,1.383;11.865,12.546,0.357;12.571,0.515,0.818;1.703,15.595,0.307;0.701,9.573,0.738;16.410,10.961,1.080;5.736,0.389,0.335;4.419,16.061,1.685;19.573,2.194,0.296;3.521,13.629,2.313"
44,drone_3,11.9436,10.1117,17.0000,17.0000,"14.357,12.879,0.252;9.010,15.177,1.025;19.809,4.168,0.324;10.129,14.615,2.458;8.936,6.709,0.287;4.590,13.262,2.343;6.403,11.029,1.330;6.438,19.149,0.410;6.347,16.387,2.305;7.658,6.938,1.213;18.528,3.397,0.319;12.463,1.244,0.327;15.140,2.624,0.353;19.181,11.248,0.397;6.075,10.679,1.237;9.963,18.318,0.278;13.657,2.395,1.242;18.345,8.323,0.607;16.330,12.669,1.212;8.211,16.636,2.108;18.920,4.724,0.824;6.982,14.462,0.467;13.078,3.783,0.260;17.138,13.793,0.911;19.835,12.422,0.274;4.272,15.597,0.484;5.231,1.573,0.369;0.404,1.991,0.374;1.242,7.965,0.803;15.337,10.392,0.257;19.687,17.481,0.439;0.228,5.122,0.256;18.759,4.232,1.190;15.871,1.584,0.901;17.498,2.250,1.213;18.055,14.400,0.766;0.677,16.257,1.030;3.749,14.009,1.691;17.338,2.560,1.881;17.542,11.622,0.375;4.549,3.923,0.328;18.293,5.188,1.119;18.427,6.999,1.006;7.151,4.722,0.359;8.388,14.026,2.102;8.427,19.699,0.294;13.619,17.487,0.418;0.487,15.533,0.716;11.073,18.842,2.140;18.209,10.773,0.683;16.864,10.411,1.383;11.865,12.546,0.357;12.571,0.515,0.818;1.703,15.595,0.307;0.701,9.573,0.738;16.410,10.961,1.080;5.736,0.389,0.335;4.419,16.061,1.685;19.573,2.194,0.296;3.521,13.629,2.313"
44,drone_5,9.6645,10.0720,17.0000,17.0000,"14.357,12.879,0.252;9.010,15.177,1.025;19.809,4.168,0.324;10.129,14.615,2.458;8.936,6.709,0.287;4.590,13.262,2.343;6.403,11.029,1.330;6.438,19.149,0.410;6.347,16.387,2.305;7.658,6.938,1.213;18.528,3.397,0.319;12.463,1.244,0.327;15.140,2.624,0.353;19.181,11.248,0.397;6.075,10.679,1.237;9.963,18.318,0.278;13.657,2.395,1.242;18.345,8.323,0.607;16.330,12.669,1.212;8.211,16.636,2.108;18.920,4.724,0.824;6.982,14.462,0.467;13.078,3.783,0.260;17.138,13.793,0.911;19.835,12.422,0.274;4.272,15.597,0.484;5.231,1.573,0.369;0.404,1.991,0.374;1.242,7.965,0.803;15.337,10.392,0.257;19.687,17.481,0.439;0.228,5.122,0.256;18.759,4.232,1.190;15.871,1.584,0.901;17.498,2.250,1.213;18.055,14.400,0.766;0.677,16.257,1.030;3.749,14.009,1.691;17.338,2.560,1.881;17.542,11.622,0.375;4.549,3.923,0.328;18.293,5.188,1.119;18.427,6.999,1.006;7.151,4.722,0.359;8.388,14.026,2.102;8.427,19.699,0.294;13.619,17.487,0.418;0.487,15.533,0.716;11.073,18.842,2.140;18.209,10.773,0.683;16.864,10.411,1.383;11.865,12.546,0.357;12.571,0.515,0.818;1.703,15.595,0.307;0.701,9.573,0.738;16.410,10.961,1.080;5.736,0.389,0.335;4.419,16.061,1.685;19.573,2.194,0.296;3.521,13.629,2.313"
44,drone_6,14.6457,8.5101,17.0000,17.0000,"14.357,12.879,0.252;9.010,15.177,1.025;19.809,4.168,0.324;10.129,14.615,2.458;8.936,6.709,0.287;4.590,13.262,2.343;6.403,11.029,1.330;6.438,19.149,0.410;6.347,16.387,2.305;7.658,6.938,1.213;18.528,3.397,0.319;12.463,1.244,0.327;15.140,2.624,0.353;19.181,11.248,0.397;6.075,10.679,1.237;9.963,18.318,0.278;13.657,2.395,1.242;18.345,8.323,0.607;16.330,12.669,1.212;8.211,16.636,2.108;18.920,4.724,0.824;6.982,14.462,0.467;13.078,3.783,0.260;17.138,13.793,0.911;19.835,12.422,0.274;4.272,15.597,0.484;5.231,1.573,0.369;0.404,1.991,0.374;1.242,7.965,0.803;15.337,10.392,0.257;19.687,17.481,0.439;0.228,5.122,0.256;18.759,4.232,1.190;15.871,1.584,0.901;17.498,2.250,1.213;18.055,14.400,0.766;0.677,16.257,1.030;3.749,14.009,1.691;17.338,2.560,1.881;17.542,11.622,0.375;4.549,3.923,0.328;18.293,5.188,1.119;18.427,6.999,1.006;7.151,4.722,0.359;8.388,14.026,2.102;8.427,19.699,0.294;13.619,17.487,0.418;0.487,15.533,0.716;11.073,18.842,2.140;18.209,10.773,0.683;16.864,10.411,1.383;11.865,12.546,0.357;12.571,0.515,0.818;1.703,15.595,0.307;0.701,9.573,0.738;16.410,10.961,1.080;5.736,0.389,0.335;4.419,16.061,1.685;19.573,2.194,0.296;3.521,13.629,2.313"
45,drone_3,12.1232,10.1996,17.0000,17.0000,"14.357,12.879,0.252;9.010,15.177,1.025;19.809,4.168,0.324;10.129,14.615,2.458;8.936,6.709,0.287;4.590,13.262,2.343;6.403,11.029,1.330;6.438,19.149,0.410;6.347,16.387,2.305;7.658,6.938,1.213;18.528,3.397,0.319;12.463,1.244,0.327;15.140,2.624,0.353;19.181,11.248,0.397;6.075,10.679,1.237;9.963,18.318,0.278;13.657,2.395,1.242;18.345,8.323,0.607;16.330,12.669,1.212;8.211,16.636,2.108;18.920,4.724,0.824;6.982,14.462,0.467;13.078,3.783,0.260;17.138,13.793,0.911;19.835,12.422,0.274;4.272,15.597,0.484;5.231,1.573,0.369;0.404,1.991,0.374;1.242,7.965,0.803;15.337,10.392,0.257;19.687,17.481,0.439;0.228,5.122,0.256;18.759,4.232,1.190;15.871,1.584,0.901;17.498,2.250,1.213;18.055,14.400,0.766;0.677,16.257,1.030;3.749,14.009,1.691;17.338,2.560,1.881;17.542,11.622,0.375;4.549,3.923,0.328;18.293,5.188,1.119;18.427,6.999,1.006;7.151,4.722,0.359;8.388,14.026,2.102;8.427,19.699,0.294;13.619,17.487,0.418;0.487,15.533,0.716;11.073,18.842,2.140;18.209,10.773,0.683;16.864,10.411,1.383;11.865,12.546,0.357;12.571,0.515,0.818;1.703,15.595,0.307;0.701,9.573,0.738;16.410,10.961,1.080;5.736,0.389,0.335;4.419,16.061,1.685;19.573,2.194,0.296;3.521,13.629,2.313"
45,drone_5,9.8477,10.1522,17.0000,17.0000,"14.357,12.879,0.252;9.010,15.177,1.025;19.809,4.168,0.324;10.129,14.615,2.458;8.936,6.709,0.287;4.590,13.262,2.343;6.403,11.029,1.330;6.438,19.149,0.410;6.347,16.387,2.305;7.658,6.938,1.213;18.528,3.397,0.319;12.463,1.244,0.327;15.140,2.624,0.353;19.181,11.248,0.397;6.075,10.679,1.237;9.963,18.318,0.278;13.657,2.395,1.242;18.345,8.323,0.607;16.330,12.669,1.212;8.211,16.636,2.108;18.920,4.724,0.824;6.982,14.462,0.467;13.078,3.783,0.260;17.138,13.793,0.911;19.835,12.422,0.274;4.272,15.597,0.484;5.231,1.573,0.369;0.404,1.991,0.374;1.242,7.965,0.803;15.337,10.392,0.257;19.687,17.481,0.439;0.228,5.122,0.256;18.759,4.232,1.190;15.871,1.584,0.901;17.498,2.250,1.213;18.055,14.400,0.766;0.677,16.257,1.030;3.749,14.009,1.691;17.338,2.560,1.881;17.542,11.622,0.375;4.549,3.923,0.328;18.293,5.188,1.119;18.427,6.999,1.006;7.151,4.722,0.359;8.388,14.026,2.102;8.427,19.699,0.294;13.619,17.487,0.418;0.487,15.533,0.716;11.073,18.842,2.140;18.209,10.773,0.683;16.864,10.411,1.383;11.865,12.546,0.357;12.571,0.515,0.818;1.703,15.595,0.307;0.701,9.573,0.738;16.410,10.961,1.080;5.736,0.389,0.335;4.419,16.061,1.685;19.573,2.194,0.296;3.521,13.629,2.313"
45,drone_6,14.6954,8.7038,17.0000,17.0000,"14.357,12.879,0.252;9.010,15.177,1.025;19.809,4.168,0.324;10.129,14.615,2.458;8.936,6.709,0.287;4.590,13.262,2.343;6.403,11.029,1.330;6.438,19.149,0.410;6.347,16.387,2.305;7.658,6.938,1.213;18.528,3.397,0.319;12.463,1.244,0.327;15.140,2.624,0.353;19.181,11.248,0.397;6.075,10.679,1.237;9.963,18.318,0.278;13.657,2.395,1.242;18.345,8.323,0.607;16.330,12.669,1.212;8.211,16.636,2.108;18.920,4.724,0.824;6.982,14.462,0.467;13.078,3.783,0.260;17.138,13.793,0.911;19.835,12.422,0.274;4.272,15.597,0.484;5.231,1.573,0.369;0.404,1.991,0.374;1.242,7.965,0.803;15.337,10.392,0.257;19.687,17.481,0.439;0.228,5.122,0.256;18.759,4.232,1.190;15.871,1.584,0.901;17.498,2.250,1.213;18.055,14.400,0.766;0.677,16.257,1.030;3.749,14.009,1.691;17.338,2.560,1.881;17.542,11.622,0.375;4.549,3.923,0.328;18.293,5.188,1.119;18.427,6.999,1.006;7.151,4.722,0.359;8.388,14.026,2.102;8.427,19.699,0.294;13.619,17.487,0.418;0.487,15.533,0.716;11.073,18.842,2.140;18.209,10.773,0.683;16.864,10.411,1.383;11.865,12.546,0.357;12.571,0.515,0.818;1.703,15.595,0.307;0.701,9.573,0.738;16.410,10.961,1.080;5.736,0.389,0.335;4.419,16.061,1.685;19.573,2.194,0.296;3.521,13.629,2.313"
46,drone_3,12.3079,10.2764,17.0000,17.0000,"14.357,12.879,0.252;9.010,15.177,1.025;19.809,4.168,0.324;10.129,14.615,2.458;8.936,6.709,0.287;4.590,13.262,2.343;6.403,11.029,1.330;6.438,19.149,0.410;6.347,16.387,2.305;7.658,6.938,1.213;18.528,3.397,0.319;12.463,1.244,0.327;15.140,2.624,0.353;19.181,11.248,0.397;6.075,10.679,1.237;9.963,18.318,0.278;13.657,2.395,1.242;18.345,8.323,0.607;16.330,12.669,1.212;8.211,16.636,2.108;18.920,4.724,0.824;6.982,14.462,0.467;13.078,3.783,0.260;17.138,13.793,0.911;19.835,12.422,0.274;4.272,15.597,0.484;5.231,1.573,0.369;0.404,1.991,0.374;1.242,7.965,0.803;15.337,10.392,0.257;19.687,17.481,0.439;0.228,5.122,0.256;18.759,4.232,1.190;15.871,1.584,0.901;17.498,2.250,1.213;18.055,14.400,0.766;0.677,16.257,1.030;3.749,14.009,1.691;17.338,2.560,1.881;17.542,11.622,0.375;4.549,3.923,0.328;18.293,5.188,1.119;18.427,6.999,1.006;7.151,4.722,0.359;8.388,14.026,2.102;8.427,19.699,0.294;13.619,17.487,0.418;0.487,15.533,0.716;11.073,18.842,2.140;18.209,10.773,0.683;16.864,10.411,1.383;11.865,12.546,0.357;12.571,0.515,0.818;1.703,15.595,0.307;0.701,9.573,0.738;16.410,10.961,1.080;5.736,0.389,0.335;4.419,16.061,1.685;19.573,2.194,0.296;3.521,13.629,2.313"
46,drone_5,10.0314,10.2315,17.0000,17.0000,"14.357,12.879,0.252;9.010,15.177,1.025;19.809,4.168,0.324;10.129,14.615,2.458;8.936,6.709,0.287;4.590,13.262,2.343;6.403,11.029,1.330;6.438,19.149,0.410;6.347,16.387,2.305;7.658,6.938,1.213;18.528,3.397,0.319;12.463,1.244,0.327;15.140,2.624,0.353;19.181,11.248,0.397;6.075,10.679,1.237;9.963,18.318,0.278;13.657,2.395,1.242;18.345,8.323,0.607;16.330,12.669,1.212;8.211,16.636,2.108;18.920,4.724,0.824;6.982,14.462,0.467;13.078,3.783,0.260;17.138,13.793,0.911;19.835,12.422,0.274;4.272,15.597,0.484;5.231,1.573,0.369;0.404,1.991,0.374;1.242,7.965,0.803;15.337,10.392,0.257;19.687,17.481,0.439;0.228,5.122,0.256;18.759,4.232,1.190;15.871,1.584,0.901;17.498,2.250,1.213;18.055,14.400,0.766;0.677,16.257,1.030;3.749,14.009,1.691;17.338,2.560,1.881;17.542,11.622,0.375;4.549,3.923,0.328;18.293,5.188,1.119;18.427,6.999,1.006;7.151,4.722,0.359;8.388,14.026,2.102;8.427,19.699,0.294;13.619,17.487,0.418;0.487,15.533,0.716;11.073,18.842,2.140;18.209,10.773,0.683;16.864,10.411,1.383;11.865,12.546,0.357;12.571,0.515,0.818;1.703,15.595,0.307;0.701,9.573,0.738;16.410,10.961,1.080;5.736,0.389,0.335;4.419,16.061,1.685;19.573,2.194,0.296;3.521,13.629,2.313"
46,drone_6,14.7420,8.8983,17.0000,17.0000,"14.357,12.879,0.252;9.010,15.177,1.025;19.809,4.168,0.324;10.129,14.615,2.458;8.936,6.709,0.287;4.590,13.262,2.343;6.403,11.029,1.330;6.438,19.149,0.410;6.347,16.387,2.305;7.658,6.938,1.213;18.528,3.397,0.319;12.463,1.244,0.327;15.140,2.624,0.353;19.181,11.248,0.397;6.075,10.679,1.237;9.963,18.318,0.278;13.657,2.395,1.242;18.345,8.323,0.607;16.330,12.669,1.212;8.211,16.636,2.108;18.920,4.724,0.824;6.982,14.462,0.467;13.078,3.783,0.260;17.138,13.793,0.911;19.835,12.422,0.274;4.272,15.597,0.484;5.231,1.573,0.369;0.404,1.991,0.374;1.242,7.965,0.803;15.337,10.392,0.257;19.687,17.481,0.439;0.228,5.122,0.256;18.759,4.232,1.190;15.871,1.584,0.901;17.498,2.250,1.213;18.055,14.400,0.766;0.677,16.257,1.030;3.749,14.009,1.691;17.338,2.560,1.881;17.542,11.622,0.375;4.549,3.923,0.328;18.293,5.188,1.119;18.427,6.999,1.006;7.151,4.722,0.359;8.388,14.026,2.102;8.427,19.699,0.294;13.619,17.487,0.418;0.487,15.533,0.716;11.073,18.842,2.140;18.209,10.773,0.683;16.864,10.411,1.383;11.865,12.546,0.357;12.571,0.515,0.818;1.703,15.595,0.307;0.701,9.573,0.738;16.410,10.961,1.080;5.736,0.389,0.335;4.419,16.061,1.685;19.573,2.194,0.296;3.521,13.629,2.313"
47,drone_3,12.4936,10.3504,17.0000,17.0000,"14.357,12.879,0.252;9.010,15.177,1.025;19.809,4.168,0.324;10.129,14.615,2.458;8.936,6.709,0.287;4.590,13.262,2.343;6.403,11.029,1.330;6.438,19.149,0.410;6.347,16.387,2.305;7.658,6.938,1.213;18.528,3.397,0.319;12.463,1.244,0.327;15.140,2.624,0.353;19.181,11.248,0.397;6.075,10.679,1.237;9.963,18.318,0.278;13.657,2.395,1.242;18.345,8.323,0.607;16.330,12.669,1.212;8.211,16.636,2.108;18.920,4.724,0.824;6.982,14.462,0.467;13.078,3.783,0.260;17.138,13.793,0.911;19.835,12.422,0.274;4.272,15.597,0.484;5.231,1.573,0.369;0.404,1.991,0.374;1.242,7.965,0.803;15.337,10.392,0.257;19.687,17.481,0.439;0.228,5.122,0.256;18.759,4.232,1.190;15.871,1.584,0.901;17.498,2.250,1.213;18.055,14.400,0.766;0.677,16.257,1.030;3.749,14.009,1.691;17.338,2.560,1.881;17.542,11.622,0.375;4.549,3.923,0.328;18.293,5.188,1.119;18.427,6.999,1.006;7.151,4.722,0.359;8.388,14.026,2.102;8.427,19.699,0.294;13.619,17.487,0.418;0.487,15.533,0.716;11.073,18.842,2.140;18.209,10.773,0.683;16.864,10.411,1.383;11.865,12.546,0.357;12.571,0.515,0.818;1.703,15.595,0.307;0.701,9.573,0.738;16.410,10.961,1.080;5.736,0.389,0.335;4.419,16.061,1.685;19.573,2.194,0.296;3.521,13.629,2.313"
47,drone_5,10.2133,10.3146,17.0000,17.0000,"14.357,12.879,0.252;9.010,15.177,1.025;19.809,4.168,0.324;10.129,14.615,2.458;8.936,6.709,0.287;4.590,13.262,2.343;6.403,11.029,1.330;6.438,19.149,0.410;6.347,16.387,2.305;7.658,6.938,1.213;18.528,3.397,0.319;12.463,1.244,0.327;15.140,2.624,0.353;19.181,11.248,0.397;6.075,10.679,1.237;9.963,18.318,0.278;13.657,2.395,1.242;18.345,8.323,0.607;16.330,12.669,1.212;8.211,16.636,2.108;18.920,4.724,0.824;6.982,14.462,0.467;13.078,3.783,0.260;17.138,13.793,0.911;19.835,12.422,0.274;4.272,15.597,0.484;5.231,1.573,0.369;0.404,1.991,0.374;1.242,7.965,0.803;15.337,10.392,0.257;19.687,17.481,0.439;0.228,5.122,0.256;18.759,4.232,1.190;15.871,1.584,0.901;17.498,2.250,1.213;18.055,14.400,0.766;0.677,16.257,1.030;3.749,14.009,1.691;17.338,2.560,1.881;17.542,11.622,0.375;4.549,3.923,0.328;18.293,5.188,1.119;18.427,6.999,1.006;7.151,4.722,0.359;8.388,14.026,2.102;8.427,19.699,0.294;13.619,17.487,0.418;0.487,15.533,0.716;11.073,18.842,2.140;18.209,10.773,0.683;16.864,10.411,1.383;11.865,12.546,0.357;12.571,0.515,0.818;1.703,15.595,0.307;0.701,9.573,0.738;16.410,10.961,1.080;5.736,0.389,0.335;4.419,16.061,1.685;19.573,2.194,0.296;3.521,13.629,2.313"
47,drone_6,14.7885,9.0928,17.0000,17.0000,"14.357,12.879,0.252;9.010,15.177,1.025;19.809,4.168,0.324;10.129,14.615,2.458;8.936,6.709,0.287;4.590,13.262,2.343;6.403,11.029,1.330;6.438,19.149,0.410;6.347,16.387,2.305;7.658,6.938,1.213;18.528,3.397,0.319;12.463,1.244,0.327;15.140,2.624,0.353;19.181,11.248,0.397;6.075,10.679,1.237;9.963,18.318,0.278;13.657,2.395,1.242;18.345,8.323,0.607;16.330,12.669,1.212;8.211,16.636,2.108;18.920,4.724,0.824;6.982,14.462,0.467;13.078,3.783,0.260;17.138,13.793,0.911;19.835,12.422,0.274;4.272,15.597,0.484;5.231,1.573,0.369;0.404,1.991,0.374;1.242,7.965,0.803;15.337,10.392,0.257;19.687,17.481,0.439;0.228,5.122,0.256;18.759,4.232,1.190;15.871,1.584,0.901;17.498,2.250,1.213;18.055,14.400,0.766;0.677,16.257,1.030;3.749,14.009,1.691;17.338,2.560,1.881;17.542,11.622,0.375;4.549,3.923,0.328;18.293,5.188,1.119;18.427,6.999,1.006;7.151,4.722,0.359;8.388,14.026,2.102;8.427,19.699,0.294;13.619,17.487,0.418;0.487,15.533,0.716;11.073,18.842,2.140;18.209,10.773,0.683;16.864,10.411,1.383;11.865,12.546,0.357;12.571,0.515,0.818;1.703,15.595,0.307;0.701,9.573,0.738;16.410,10.961,1.080;5.736,0.389,0.335;4.419,16.061,1.685;19.573,2.194,0.296;3.521,13.629,2.313"
48,drone_3,12.6785,10.4268,17.0000,17.0000,"14.357,12.879,0.252;9.010,15.177,1.025;19.809,4.168,0.324;10.129,14.615,2.458;8.936,6.709,0.287;4.590,13.262,2.343;6.403,11.029,1.330;6.438,19.149,0.410;6.347,16.387,2.305;7.658,6.938,1.213;18.528,3.397,0.319;12.463,1.244,0.327;15.140,2.624,0.353;19.181,11.248,0.397;6.075,10.679,1.237;9.963,18.318,0.278;13.657,2.395,1.242;18.345,8.323,0.607;16.330,12.669,1.212;8.211,16.636,2.108;18.920,4.724,0.824;6.982,14.462,0.467;13.078,3.783,0.260;17.138,13.793,0.911;19.835,12.422,0.274;4.272,15.597,0.484;5.231,1.573,0.369;0.404,1.991,0.374;1.242,7.965,0.803;15.337,10.392,0.257;19.687,17.481,0.439;0.228,5.122,0.256;18.759,4.232,1.190;15.871,1.584,0.901;17.498,2.250,1.213;18.055,14.400,0.766;0.677,16.257,1.030;3.749,14.009,1.691;17.338,2.560,1.881;17.542,11.622,0.375;4.549,3.923,0.328;18.293,5.188,1.119;18.427,6.999,1.006;7.151,4.722,0.359;8.388,14.026,2.102;8.427,19.699,0.294;13.619,17.487,0.418;0.487,15.533,0.716;11.073,18.842,2.140;18.209,10.773,0.683;16.864,10.411,1.383;11.865,12.546,0.357;12.571,0.515,0.818;1.703,15.595,0.307;0.701,9.573,0.738;16.410,10.961,1.080;5.736,0.389,0.335;4.419,16.061,1.685;19.573,2.194,0.296;3.521,13.629,2.313"
48,drone_5,10.3919,10.4045,17.0000,17.0000,"14.357,12.879,0.252;9.010,15.177,1.025;19.809,4.168,0.324;10.129,14.615,2.458;8.936,6.709,0.287;4.590,13.262,2.343;6.403,11.029,1.330;6.438,19.149,0.410;6.347,16.387,2.305;7.658,6.938,1.213;18.528,3.397,0.319;12.463,1.244,0.327;15.140,2.624,0.353;19.181,11.248,0.397;6.075,10.679,1.237;9.963,18.318,0.278;13.657,2.395,1.242;18.345,8.323,0.607;16.330,12.669,1.212;8.211,16.636,2.108;18.920,4.724,0.824;6.982,14.462,0.467;13.078,3.783,0.260;17.138,13.793,0.911;19.835,12.422,0.274;4.272,15.597,0.484;5.231,1.573,0.369;0.404,1.991,0.374;1.242,7.965,0.803;15.337,10.392,0.257;19.687,17.481,0.439;0.228,5.122,0.256;18.759,4.232,1.190;15.871,1.584,0.901;17.498,2.250,1.213;18.055,14.400,0.766;0.677,16.257,1.030;3.749,14.009,1.691;17.338,2.560,1.881;17.542,11.622,0.375;4.549,3.923,0.328;18.293,5.188,1.119;18.427,6.999,1.006;7.151,4.722,0.359;8.388,14.026,2.102;8.427,19.699,0.294;13.619,17.487,0.418;0.487,15.533,0.716;11.073,18.842,2.140;18.209,10.773,0.683;16.864,10.411,1.383;11.865,12.546,0.357;12.571,0.515,0.818;1.703,15.595,0.307;0.701,9.573,0.738;16.410,10.961,1.080;5.736,0.389,0.335;4.419,16.061,1.685;19.573,2.194,0.296;3.521,13.629,2.313"
48,drone_6,14.8364,9.2870,17.0000,17.0000,"14.357,12.879,0.252;9.010,15.177,1.025;19.809,4.168,0.324;10.129,14.615,2.458;8.936,6.709,0.287;4.590,13.262,2.343;6.403,11.029,1.330;6.438,19.149,0.410;6.347,16.387,2.305;7.658,6.938,1.213;18.528,3.397,0.319;12.463,1.244,0.327;15.140,2.624,0.353;19.181,11.248,0.397;6.075,10.679,1.237;9.963,18.318,0.278;13.657,2.395,1.242;18.345,8.323,0.607;16.330,12.669,1.212;8.211,16.636,2.108;18.920,4.724,0.824;6.982,14.462,0.467;13.078,3.783,0.260;17.138,13.793,0.911;19.835,12.422,0.274;4.272,15.597,0.484;5.231,1.573,0.369;0.404,1.991,0.374;1.242,7.965,0.803;15.337,10.392,0.257;19.687,17.481,0.439;0.228,5.122,0.256;18.759,4.232,1.190;15.871,1.584,0.901;17.498,2.250,1.213;18.055,14.400,0.766;0.677,16.257,1.030;3.749,14.009,1.691;17.338,2.560,1.881;17.542,11.622,0.375;4.549,3.923,0.328;18.293,5.188,1.119;18.427,6.999,1.006;7.151,4.722,0.359;8.388,14.026,2.102;8.427,19.699,0.294;13.619,17.487,0.418;0.487,15.533,0.716;11.073,18.842,2.140;18.209,10.773,0.683;16.864,10.411,1.383;11.865,12.546,0.357;12.571,0.515,0.818;1.703,15.595,0.307;0.701,9.573,0.738;16.410,10.961,1.080;5.736,0.389,0.335;4.419,16.061,1.685;19.573,2.194,0.296;3.521,13.629,2.313"
49,drone_3,12.8614,10.5077,17.0000,17.0000,"14.357,12.879,0.252;9.010,15.177,1.025;19.809,4.168,0.324;10.129,14.615,2.458;8.936,6.709,0.287;4.590,13.262,2.343;6.403,11.029,1.330;6.438,19.149,0.410;6.347,16.387,2.305;7.658,6.938,1.213;18.528,3.397,0.319;12.463,1.244,0.327;15.140,2.624,0.353;19.181,11.248,0.397;6.075,10.679,1.237;9.963,18.318,0.278;13.657,2.395,1.242;18.345,8.323,0.607;16.330,12.669,1.212;8.211,16.636,2.108;18.920,4.724,0.824;6.982,14.462,0.467;13.078,3.783,0.260;17.138,13.793,0.911;19.835,12.422,0.274;4.272,15.597,0.484;5.231,1.573,0.369;0.404,1.991,0.374;1.242,7.965,0.803;15.337,10.392,0.257;19.687,17.481,0.439;0.228,5.122,0.256;18.759,4.232,1.190;15.871,1.584,0.901;17.498,2.250,1.213;18.055,14.400,0.766;0.677,16.257,1.030;3.749,14.009,1.691;17.338,2.560,1.881;17.542,11.622,0.375;4.549,3.923,0.328;18.293,5.188,1.119;18.427,6.999,1.006;7.151,4.722,0.359;8.388,14.026,2.102;8.427,19.699,0.294;13.619,17.487,0.418;0.487,15.533,0.716;11.073,18.842,2.140;18.209,10.773,0.683;16.864,10.411,1.383;11.865,12.546,0.357;12.571,0.515,0.818;1.703,15.595,0.307;0.701,9.573,0.738;16.410,10.961,1.080;5.736,0.389,0.335;4.419,16.061,1.685;19.573,2.194,0.296;3.521,13.629,2.313"
49,drone_5,10.5692,10.4971,17.0000,17.0000,"14.357,12.879,0.252;9.010,15.177,1.025;19.809,4.168,0.324;10.129,14.615,2.458;8.936,6.709,0.287;4.590,13.262,2.343;6.403,11.029,1.330;6.438,19.149,0.410;6.347,16.387,2.305;7.658,6.938,1.213;18.528,3.397,0.319;12.463,1.244,0.327;15.140,2.624,0.353;19.181,11.248,0.397;6.075,10.679,1.237;9.963,18.318,0.278;13.657,2.395,1.242;18.345,8.323,0.607;16.330,12.669,1.212;8.211,16.636,2.108;18.920,4.724,0.824;6.982,14.462,0.467;13.078,3.783,0.260;17.138,13.793,0.911;19.835,12.422,0.274;4.272,15.597,0.484;5.231,1.573,0.369;0.404,1.991,0.374;1.242,7.965,0.803;15.337,10.392,0.257;19.687,17.481,0.439;0.228,5.122,0.256;18.759,4.232,1.190;15.871,1.584,0.901;17.498,2.250,1.213;18.055,14.400,0.766;0.677,16.257,1.030;3.749,14.009,1.691;17.338,2.560,1.881;17.542,11.622,0.375;4.549,3.923,0.328;18.293,5.188,1.119;18.427,6.999,1.006;7.151,4.722,0.359;8.388,14.026,2.102;8.427,19.699,0.294;13.619,17.487,0.418;0.487,15.533,0.716;11.073,18.842,2.140;18.209,10.773,0.683;16.864,10.411,1.383;11.865,12.546,0.357;12.571,0.515,0.818;1.703,15.595,0.307;0.701,9.573,0.738;16.410,10.961,1.080;5.736,0.389,0.335;4.419,16.061,1.685;19.573,2.194,0.296;3.521,13.629,2.313"
49,drone_6,14.8769,9.4829,17.0000,17.0000,"14.357,12.879,0.252;9.010,15.177,1.025;19.809,4.168,0.324;10.129,14.615,2.458;8.936,6.709,0.287;4.590,13.262,2.343;6.403,11.029,1.330;6.438,19.149,0.410;6.347,16.387,2.305;7.658,6.938,1.213;18.528,3.397,0.319;12.463,1.244,0.327;15.140,2.624,0.353;19.181,11.248,0.397;6.075,10.679,1.237;9.963,18.318,0.278;13.657,2.395,1.242;18.345,8.323,0.607;16.330,12.669,1.212;8.211,16.636,2.108;18.920,4.724,0.824;6.982,14.462,0.467;13.078,3.783,0.260;17.138,13.793,0.911;19.835,12.422,0.274;4.272,15.597,0.484;5.231,1.573,0.369;0.404,1.991,0.374;1.242,7.965,0.803;15.337,10.392,0.257;19.687,17.481,0.439;0.228,5.122,0.256;18.759,4.232,1.190;15.871,1.584,0.901;17.498,2.250,1.213;18.055,14.400,0.766;0.677,16.257,1.030;3.749,14.009,1.691;17.338,2.560,1.881;17.542,11.622,0.375;4.549,3.923,0.328;18.293,5.188,1.119;18.427,6.999,1.006;7.151,4.722,0.359;8.388,14.026,2.102;8.427,19.699,0.294;13.619,17.487,0.418;0.487,15.533,0.716;11.073,18.842,2.140;18.209,10.773,0.683;16.864,10.411,1.383;11.865,12.546,0.357;12.571,0.515,0.818;1.703,15.595,0.307;0.701,9.573,0.738;16.410,10.961,1.080;5.736,0.389,0.335;4.419,16.061,1.685;19.573,2.194,0.296;3.521,13.629,2.313"
50,drone_3,13.0422,10.5932,17.0000,17.0000,"14.357,12.879,0.252;9.010,15.177,1.025;19.809,4.168,0.324;10.129,14.615,2.458;8.936,6.709,0.287;4.590,13.262,2.343;6.403,11.029,1.330;6.438,19.149,0.410;6.347,16.387,2.305;7.658,6.938,1.213;18.528,3.397,0.319;12.463,1.244,0.327;15.140,2.624,0.353;19.181,11.248,0.397;6.075,10.679,1.237;9.963,18.318,0.278;13.657,2.395,1.242;18.345,8.323,0.607;16.330,12.669,1.212;8.211,16.636,2.108;18.920,4.724,0.824;6.982,14.462,0.467;13.078,3.783,0.260;17.138,13.793,0.911;19.835,12.422,0.274;4.272,15.597,0.484;5.231,1.573,0.369;0.404,1.991,0.374;1.242,7.965,0.803;15.337,10.392,0.257;19.687,17.481,0.439;0.228,5.122,0.256;18.759,4.232,1.190;15.871,1.584,0.901;17.498,2.250,1.213;18.055,14.400,0.766;0.677,16.257,1.030;3.749,14.009,1.691;17.338,2.560,1.881;17.542,11.622,0.375;4.549,3.923,0.328;18.293,5.188,1.119;18.427,6.999,1.006;7.151,4.722,0.359;8.388,14.026,2.102;8.427,19.699,0.294;13.619,17.487,0.418;0.487,15.533,0.716;11.073,18.842,2.140;18.209,10.773,0.683;16.864,10.411,1.383;11.865,12.546,0.357;12.571,0.515,0.818;1.703,15.595,0.307;0.701,9.573,0.738;16.410,10.961,1.080;5.736,0.389,0.335;4.419,16.061,1.685;19.573,2.194,0.296;3.521,13.629,2.313"
50,drone_5,10.7456,10.5913,17.0000,17.0000,"14.357,12.879,0.252;9.010,15.177,1.025;19.809,4.168,0.324;10.129,14.615,2.458;8.936,6.709,0.287;4.590,13.262,2.343;6.403,11.029,1.330;6.438,19.149,0.410;6.347,16.387,2.305;7.658,6.938,1.213;18.528,3.397,0.319;12.463,1.244,0.327;15.140,2.624,0.353;19.181,11.248,0.397;6.075,10.679,1.237;9.963,18.318,0.278;13.657,2.395,1.242;18.345,8.323,0.607;16.330,12.669,1.212;8.211,16.636,2.108;18.920,4.724,0.824;6.982,14.462,0.467;13.078,3.783,0.260;17.138,13.793,0.911;19.835,12.422,0.274;4.272,15.597,0.484;5.231,1.573,0.369;0.404,1.991,0.374;1.242,7.965,0.803;15.337,10.392,0.257;19.687,17.481,0.439;0.228,5.122,0.256;18.759,4.232,1.190;15.871,1.584,0.901;17.498,2.250,1.213;18.055,14.400,0.766;0.677,16.257,1.030;3.749,14.009,1.691;17.338,2.560,1.881;17.542,11.622,0.375;4.549,3.923,0.328;18.293,5.188,1.119;18.427,6.999,1.006;7.151,4.722,0.359;8.388,14.026,2.102;8.427,19.699,0.294;13.619,17.487,0.418;0.487,15.533,0.716;11.073,18.842,2.140;18.209,10.773,0.683;16.864,10.411,1.383;11.865,12.546,0.357;12.571,0.515,0.818;1.703,15.595,0.307;0.701,9.573,0.738;16.410,10.961,1.080;5.736,0.389,0.335;4.419,16.061,1.685;19.573,2.194,0.296;3.521,13.629,2.313"
50,drone_6,14.9034,9.6811,17.0000,17.0000,"14.357,12.879,0.252;9.010,15.177,1.025;19.809,4.168,0.324;10.129,14.615,2.458;8.936,6.709,0.287;4.590,13.262,2.343;6.403,11.029,1.330;6.438,19.149,0.410;6.347,16.387,2.305;7.658,6.938,1.213;18.528,3.397,0.319;12.463,1.244,0.327;15.140,2.624,0.353;19.181,11.248,0.397;6.075,10.679,1.237;9.963,18.318,0.278;13.657,2.395,1.242;18.345,8.323,0.607;16.330,12.669,1.212;8.211,16.636,2.108;18.920,4.724,0.824;6.982,14.462,0.467;13.078,3.783,0.260;17.138,13.793,0.911;19.835,12.422,0.274;4.272,15.597,0.484;5.231,1.573,0.369;0.404,1.991,0.374;1.242,7.965,0.803;15.337,10.392,0.257;19.687,17.481,0.439;0.228,5.122,0.256;18.759,4.232,1.190;15.871,1.584,0.901;17.498,2.250,1.213;18.055,14.400,0.766;0.677,16.257,1.030;3.749,14.009,1.691;17.338,2.560,1.881;17.542,11.622,0.375;4.549,3.923,0.328;18.293,5.188,1.119;18.427,6.999,1.006;7.151,4.722,0.359;8.388,14.026,2.102;8.427,19.699,0.294;13.619,17.487,0.418;0.487,15.533,0.716;11.073,18.842,2.140;18.209,10.773,0.683;16.864,10.411,1.383;11.865,12.546,0.357;12.571,0.515,0.818;1.703,15.595,0.307;0.701,9.573,0.738;16.410,10.961,1.080;5.736,0.389,0.335;4.419,16.061,1.685;19.573,2.194,0.296;3.521,13.629,2.313"
51,drone_3,13.2202,10.6844,17.0000,17.0000,"14.357,12.879,0.252;9.010,15.177,1.025;19.809,4.168,0.324;10.129,14.615,2.458;8.936,6.709,0.287;4.590,13.262,2.343;6.403,11.029,1.330;6.438,19.149,0.410;6.347,16.387,2.305;7.658,6.938,1.213;18.528,3.397,0.319;12.463,1.244,0.327;15.140,2.624,0.353;19.181,11.248,0.397;6.075,10.679,1.237;9.963,18.318,0.278;13.657,2.395,1.242;18.345,8.323,0.607;16.330,12.669,1.212;8.211,16.636,2.108;18.920,4.724,0.824;6.982,14.462,0.467;13.078,3.783,0.260;17.138,13.793,0.911;19.835,12.422,0.274;4.272,15.597,0.484;5.231,1.573,0.369;0.404,1.991,0.374;1.242,7.965,0.803;15.337,10.392,0.257;19.687,17.481,0.439;0.228,5.122,0.256;18.759,4.232,1.190;15.871,1.584,0.901;17.498,2.250,1.213;18.055,14.400,0.766;0.677,16.257,1.030;3.749,14.009,1.691;17.338,2.560,1.881;17.542,11.622,0.375;4.549,3.923,0.328;18.293,5.188,1.119;18.427,6.999,1.006;7.151,4.722,0.359;8.388,14.026,2.102;8.427,19.699,0.294;13.619,17.487,0.418;0.487,15.533,0.716;11.073,18.842,2.140;18.209,10.773,0.683;16.864,10.411,1.383;11.865,12.546,0.357;12.571,0.515,0.818;1.703,15.595,0.307;0.701,9.573,0.738;16.410,10.961,1.080;5.736,0.389,0.335;4.419,16.061,1.685;19.573,2.194,0.296;3.521,13.629,2.313"
51,drone_5,10.9216,10.6864,17.0000,17.0000,"14.357,12.879,0.252;9.010,15.177,1.025;19.809,4.168,0.324;10.129,14.615,2.458;8.936,6.709,0.287;4.590,13.262,2.343;6.403,11.029,1.330;6.438,19.149,0.410;6.347,16.387,2.305;7.658,6.938,1.213;18.528,3.397,0.319;12.463,1.244,0.327;15.140,2.624,0.353;19.181,11.248,0.397;6.075,10.679,1.237;9.963,18.318,0.278;13.657,2.395,1.242;18.345,8.323,0.607;16.330,12.669,1.212;8.211,16.636,2.108;18.920,4.724,0.824;6.982,14.462,0.467;13.078,3.783,0.260;17.138,13.793,0.911;19.835,12.422,0.274;4.272,15.597,0.484;5.231,1.573,0.369;0.404,1.991,0.374;1.242,7.965,0.803;15.337,10.392,0.257;19.687,17.481,0.439;0.228,5.122,0.256;18.759,4.232,1.190;15.871,1.584,0.901;17.498,2.250,1.213;18.055,14.400,0.766;0.677,16.257,1.030;3.749,14.009,1.691;17.338,2.560,1.881;17.542,11.622,0.375;4.549,3.923,0.328;18.293,5.188,1.119;18.427,6.999,1.006;7.151,4.722,0.359;8.388,14.026,2.102;8.427,19.699,0.294;13.619,17.487,0.418;0.487,15.533,0.716;11.073,18.842,2.140;18.209,10.773,0.683;16.864,10.411,1.383;11.865,12.546,0.357;12.571,0.515,0.818;1.703,15.595,0.307;0.701,9.573,0.738;16.410,10.961,1.080;5.736,0.389,0.335;4.419,16.061,1.685;19.573,2.194,0.296;3.521,13.629,2.313"
51,drone_6,14.9205,9.8804,17.0000,17.0000,"14.357,12.879,0.252;9.010,15.177,1.025;19.809,4.168,0.324;10.129,14.615,2.458;8.936,6.709,0.287;4.590,13.262,2.343;6.403,11.029,1.330;6.438,19.149,0.410;6.347,16.387,2.305;7.658,6.938,1.213;18.528,3.397,0.319;12.463,1.244,0.327;15.140,2.624,0.353;19.181,11.248,0.397;6.075,10.679,1.237;9.963,18.318,0.278;13.657,2.395,1.242;18.345,8.323,0.607;16.330,12.669,1.212;8.211,16.636,2.108;18.920,4.724,0.824;6.982,14.462,0.467;13.078,3.783,0.260;17.138,13.793,0.911;19.835,12.422,0.274;4.272,15.597,0.484;5.231,1.573,0.369;0.404,1.991,0.374;1.242,7.965,0.803;15.337,10.392,0.257;19.687,17.481,0.439;0.228,5.122,0.256;18.759,4.232,1.190;15.871,1.584,0.901;17.498,2.250,1.213;18.055,14.400,0.766;0.677,16.257,1.030;3.749,14.009,1.691;17.338,2.560,1.881;17.542,11.622,0.375;4.549,3.923,0.328;18.293,5.188,1.119;18.427,6.999,1.006;7.151,4.722,0.359;8.388,14.026,2.102;8.427,19.699,0.294;13.619,17.487,0.418;0.487,15.533,0.716;11.073,18.842,2.140;18.209,10.773,0.683;16.864,10.411,1.383;11.865,12.546,0.357;12.571,0.515,0.818;1.703,15.595,0.307;0.701,9.573,0.738;16.410,10.961,1.080;5.736,0.389,0.335;4.419,16.061,1.685;19.573,2.194,0.296;3.521,13.629,2.313"
52,drone_3,13.3944,10.7827,17.0000,17.0000,"14.357,12.879,0.252;9.010,15.177,1.025;19.809,4.168,0.324;10.129,14.615,2.458;8.936,6.709,0.287;4.590,13.262,2.343;6.403,11.029,1.330;6.438,19.149,0.410;6.347,16.387,2.305;7.658,6.938,1.213;18.528,3.397,0.319;12.463,1.244,0.327;15.140,2.624,0.353;19.181,11.248,0.397;6.075,10.679,1.237;9.963,18.318,0.278;13.657,2.395,1.242;18.345,8.323,0.607;16.330,12.669,1.212;8.211,16.636,2.108;18.920,4.724,0.824;6.982,14.462,0.467;13.078,3.783,0.260;17.138,13.793,0.911;19.835,12.422,0.274;4.272,15.597,0.484;5.231,1.573,0.369;0.404,1.991,0.374;1.242,7.965,0.803;15.337,10.392,0.257;19.687,17.481,0.439;0.228,5.122,0.256;18.759,4.232,1.190;15.871,1.584,0.901;17.498,2.250,1.213;18.055,14.400,0.766;0.677,16.257,1.030;3.749,14.009,1.691;17.338,2.560,1.881;17.542,11.622,0.375;4.549,3.923,0.328;18.293,5.188,1.119;18.427,6.999,1.006;7.151,4.722,0.359;8.388,14.026,2.102;8.427,19.699,0.294;13.619,17.487,0.418;0.487,15.533,0.716;11.073,18.842,2.140;18.209,10.773,0.683;16.864,10.411,1.383;11.865,12.546,0.357;12.571,0.515,0.818;1.703,15.595,0.307;0.701,9.573,0.738;16.410,10.961,1.080;5.736,0.389,0.335;4.419,16.061,1.685;19.573,2.194,0.296;3.521,13.629,2.313"
52,drone_5,11.0976,10.7813,17.0000,17.0000,"14.357,12.879,0.252;9.010,15.177,1.025;19.809,4.168,0.324;10.129,14.615,2.458;8.936,6.709,0.287;4.590,13.262,2.343;6.403,11.029,1.330;6.438,19.149,0.410;6.347,16.387,2.305;7.658,6.938,1.213;18.528,3.397,0.319;12.463,1.244,0.327;15.140,2.624,0.353;19.181,11.248,0.397;6.075,10.679,1.237;9.963,18.318,0.278;13.657,2.395,1.242;18.345,8.323,0.607;16.330,12.669,1.212;8.211,16.636,2.108;18.920,4.724,0.824;6.982,14.462,0.467;13.078,3.783,0.260;17.138,13.793,0.911;19.835,12.422,0.274;4.272,15.597,0.484;5.231,1.573,0.369;0.404,1.991,0.374;1.242,7.965,0.803;15.337,10.392,0.257;19.687,17.481,0.439;0.228,5.122,0.256;18.759,4.232,1.190;15.871,1.584,0.901;17.498,2.250,1.213;18.055,14.400,0.766;0.677,16.257,1.030;3.749,14.009,1.691;17.338,2.560,1.881;17.542,11.622,0.375;4.549,3.923,0.328;18.293,5.188,1.119;18.427,6.999,1.006;7.151,4.722,0.359;8.388,14.026,2.102;8.427,19.699,0.294;13.619,17.487,0.418;0.487,15.533,0.716;11.073,18.842,2.140;18.209,10.773,0.683;16.864,10.411,1.383;11.865,12.546,0.357;12.571,0.515,0.818;1.703,15.595,0.307;0.701,9.573,0.738;16.410,10.961,1.080;5.736,0.389,0.335;4.419,16.061,1.685;19.573,2.194,0.296;3.521,13.629,2.313"
52,drone_6,14.9299,10.0801,17.0000,17.0000,"14.357,12.879,0.252;9.010,15.177,1.025;19.809,4.168,0.324;10.129,14.615,2.458;8.936,6.709,0.287;4.590,13.262,2.343;6.403,11.029,1.330;6.438,19.149,0.410;6.347,16.387,2.305;7.658,6.938,1.213;18.528,3.397,0.319;12.463,1.244,0.327;15.140,2.624,0.353;19.181,11.248,0.397;6.075,10.679,1.237;9.963,18.318,0.278;13.657,2.395,1.242;18.345,8.323,0.607;16.330,12.669,1.212;8.211,16.636,2.108;18.920,4.724,0.824;6.982,14.462,0.467;13.078,3.783,0.260;17.138,13.793,0.911;19.835,12.422,0.274;4.272,15.597,0.484;5.231,1.573,0.369;0.404,1.991,0.374;1.242,7.965,0.803;15.337,10.392,0.257;19.687,17.481,0.439;0.228,5.122,0.256;18.759,4.232,1.190;15.871,1.584,0.901;17.498,2.250,1.213;18.055,14.400,0.766;0.677,16.257,1.030;3.749,14.009,1.691;17.338,2.560,1.881;17.542,11.622,0.375;4.549,3.923,0.328;18.293,5.188,1.119;18.427,6.999,1.006;7.151,4.722,0.359;8.388,14.026,2.102;8.427,19.699,0.294;13.619,17.487,0.418;0.487,15.533,0.716;11.073,18.842,2.140;18.209,10.773,0.683;16.864,10.411,1.383;11.865,12.546,0.357;12.571,0.515,0.818;1.703,15.595,0.307;0.701,9.573,0.738;16.410,10.961,1.080;5.736,0.389,0.335;4.419,16.061,1.685;19.573,2.194,0.296;3.521,13.629,2.313"
53,drone_3,13.5658,10.8857,17.0000,17.0000,"14.357,12.879,0.252;9.010,15.177,1.025;19.809,4.168,0.324;10.129,14.615,2.458;8.936,6.709,0.287;4.590,13.262,2.343;6.403,11.029,1.330;6.438,19.149,0.410;6.347,16.387,2.305;7.658,6.938,1.213;18.528,3.397,0.319;12.463,1.244,0.327;15.140,2.624,0.353;19.181,11.248,0.397;6.075,10.679,1.237;9.963,18.318,0.278;13.657,2.395,1.242;18.345,8.323,0.607;16.330,12.669,1.212;8.211,16.636,2.108;18.920,4.724,0.824;6.982,14.462,0.467;13.078,3.783,0.260;17.138,13.793,0.911;19.835,12.422,0.274;4.272,15.597,0.484;5.231,1.573,0.369;0.404,1.991,0.374;1.242,7.965,0.803;15.337,10.392,0.257;19.687,17.481,0.439;0.228,5.122,0.256;18.759,4.232,1.190;15.871,1.584,0.901;17.498,2.250,1.213;18.055,14.400,0.766;0.677,16.257,1.030;3.749,14.009,1.691;17.338,2.560,1.881;17.542,11.622,0.375;4.549,3.923,0.328;18.293,5.188,1.119;18.427,6.999,1.006;7.151,4.722,0.359;8.388,14.026,2.102;8.427,19.699,0.294;13.619,17.487,0.418;0.487,15.533,0.716;11.073,18.842,2.140;18.209,10.773,0.683;16.864,10.411,1.383;11.865,12.546,0.357;12.571,0.515,0.818;1.703,15.595,0.307;0.701,9.573,0.738;16.410,10.961,1.080;5.736,0.389,0.335;4.419,16.061,1.685;19.573,2.194,0.296;3.521,13.629,2.313"
53,drone_5,11.2743,10.8751,17.0000,17.0000,"14.357,12.879,0.252;9.010,15.177,1.025;19.809,4.168,0.324;10.129,14.615,2.458;8.936,6.709,0.287;4.590,13.262,2.343;6.403,11.029,1.330;6.438,19.149,0.410;6.347,16.387,2.305;7.658,6.938,1.213;18.528,3.397,0.319;12.463,1.244,0.327;15.140,2.624,0.353;19.181,11.248,0.397;6.075,10.679,1.237;9.963,18.318,0.278;13.657,2.395,1.242;18.345,8.323,0.607;16.330,12.669,1.212;8.211,16.636,2.108;18.920,4.724,0.824;6.982,14.462,0.467;13.078,3.783,0.260;17.138,13.793,0.911;19.835,12.422,0.274;4.272,15.597,0.484;5.231,1.573,0.369;0.404,1.991,0.374;1.242,7.965,0.803;15.337,10.392,0.257;19.687,17.481,0.439;0.228,5.122,0.256;18.759,4.232,1.190;15.871,1.584,0.901;17.498,2.250,1.213;18.055,14.400,0.766;0.677,16.257,1.030;3.749,14.009,1.691;17.338,2.560,1.881;17.542,11.622,0.375;4.549,3.923,0.328;18.293,5.188,1.119;18.427,6.999,1.006;7.151,4.722,0.359;8.388,14.026,2.102;8.427,19.699,0.294;13.619,17.487,0.418;0.487,15.533,0.716;11.073,18.842,2.140;18.209,10.773,0.683;16.864,10.411,1.383;11.865,12.546,0.357;12.571,0.515,0.818;1.703,15.595,0.307;0.701,9.573,0.738;16.410,10.961,1.080;5.736,0.389,0.335;4.419,16.061,1.685;19.573,2.194,0.296;3.521,13.629,2.313"
53,drone_6,14.9092,10.2791,17.0000,17.0000,"14.357,12.879,0.252;9.010,15.177,1.025;19.809,4.168,0.324;10.129,14.615,2.458;8.936,6.709,0.287;4.590,13.262,2.343;6.403,11.029,1.330;6.438,19.149,0.410;6.347,16.387,2.305;7.658,6.938,1.213;18.528,3.397,0.319;12.463,1.244,0.327;15.140,2.624,0.353;19.181,11.248,0.397;6.075,10.679,1.237;9.963,18.318,0.278;13.657,2.395,1.242;18.345,8.323,0.607;16.330,12.669,1.212;8.211,16.636,2.108;18.920,4.724,0.824;6.982,14.462,0.467;13.078,3.783,0.260;17.138,13.793,0.911;19.835,12.422,0.274;4.272,15.597,0.484;5.231,1.573,0.369;0.404,1.991,0.374;1.242,7.965,0.803;15.337,10.392,0.257;19.687,17.481,0.439;0.228,5.122,0.256;18.759,4.232,1.190;15.871,1.584,0.901;17.498,2.250,1.213;18.055,14.400,0.766;0.677,16.257,1.030;3.749,14.009,1.691;17.338,2.560,1.881;17.542,11.622,0.375;4.549,3.923,0.328;18.293,5.188,1.119;18.427,6.999,1.006;7.151,4.722,0.359;8.388,14.026,2.102;8.427,19.699,0.294;13.619,17.487,0.418;0.487,15.533,0.716;11.073,18.842,2.140;18.209,10.773,0.683;16.864,10.411,1.383;11.865,12.546,0.357;12.571,0.515,0.818;1.703,15.595,0.307;0.701,9.573,0.738;16.410,10.961,1.080;5.736,0.389,0.335;4.419,16.061,1.685;19.573,2.194,0.296;3.521,13.629,2.313"
54,drone_3,13.7339,10.9941,17.0000,17.0000,"14.357,12.879,0.252;9.010,15.177,1.025;19.809,4.168,0.324;10.129,14.615,2.458;8.936,6.709,0.287;4.590,13.262,2.343;6.403,11.029,1.330;6.438,19.149,0.410;6.347,16.387,2.305;7.658,6.938,1.213;18.528,3.397,0.319;12.463,1.244,0.327;15.140,2.624,0.353;19.181,11.248,0.397;6.075,10.679,1.237;9.963,18.318,0.278;13.657,2.395,1.242;18.345,8.323,0.607;16.330,12.669,1.212;8.211,16.636,2.108;18.920,4.724,0.824;6.982,14.462,0.467;13.078,3.783,0.260;17.138,13.793,0.911;19.835,12.422,0.274;4.272,15.597,0.484;5.231,1.573,0.369;0.404,1.991,0.374;1.242,7.965,0.803;15.337,10.392,0.257;19.687,17.481,0.439;0.228,5.122,0.256;18.759,4.232,1.190;15.871,1.584,0.901;17.498,2.250,1.213;18.055,14.400,0.766;0.677,16.257,1.030;3.749,14.009,1.691;17.338,2.560,1.881;17.542,11.622,0.375;4.549,3.923,0.328;18.293,5.188,1.119;18.427,6.999,1.006;7.151,4.722,0.359;8.388,14.026,2.102;8.427,19.699,0.294;13.619,17.487,0.418;0.487,15.533,0.716;11.073,18.842,2.140;18.209,10.773,0.683;16.864,10.411,1.383;11.865,12.546,0.357;12.571,0.515,0.818;1.703,15.595,0.307;0.701,9.573,0.738;16.410,10.961,1.080;5.736,0.389,0.335;4.419,16.061,1.685;19.573,2.194,0.296;3.521,13.629,2.313"
54,drone_5,11.4506,10.9694,17.0000,17.0000,"14.357,12.879,0.252;9.010,15.177,1.025;19.809,4.168,0.324;10.129,14.615,2.458;8.936,6.709,0.287;4.590,13.262,2.343;6.403,11.029,1.330;6.438,19.149,0.410;6.347,16.387,2.305;7.658,6.938,1.213;18.528,3.397,0.319;12.463,1.244,0.327;15.140,2.624,0.353;19.181,11.248,0.397;6.075,10.679,1.237;9.963,18.318,0.278;13.657,2.395,1.242;18.345,8.323,0.607;16.330,12.669,1.212;8.211,16.636,2.108;18.920,4.724,0.824;6.982,14.462,0.467;13.078,3.783,0.260;17.138,13.793,0.911;19.835,12.422,0.274;4.272,15.597,0.484;5.231,1.573,0.369;0.404,1.991,0.374;1.242,7.965,0.803;15.337,10.392,0.257;19.687,17.481,0.439;0.228,5.122,0.256;18.759,4.232,1.190;15.871,1.584,0.901;17.498,2.250,1.213;18.055,14.400,0.766;0.677,16.257,1.030;3.749,14.009,1.691;17.338,2.560,1.881;17.542,11.622,0.375;4.549,3.923,0.328;18.293,5.188,1.119;18.427,6.999,1.006;7.151,4.722,0.359;8.388,14.026,2.102;8.427,19.699,0.294;13.619,17.487,0.418;0.487,15.533,0.716;11.073,18.842,2.140;18.209,10.773,0.683;16.864,10.411,1.383;11.865,12.546,0.357;12.571,0.515,0.818;1.703,15.595,0.307;0.701,9.573,0.738;16.410,10.961,1.080;5.736,0.389,0.335;4.419,16.061,1.685;19.573,2.194,0.296;3.521,13.629,2.313"
54,drone_6,14.8681,10.4748,17.0000,17.0000,"14.357,12.879,0.252;9.010,15.177,1.025;19.809,4.168,0.324;10.129,14.615,2.458;8.936,6.709,0.287;4.590,13.262,2.343;6.403,11.029,1.330;6.438,19.149,0.410;6.347,16.387,2.305;7.658,6.938,1.213;18.528,3.397,0.319;12.463,1.244,0.327;15.140,2.624,0.353;19.181,11.248,0.397;6.075,10.679,1.237;9.963,18.318,0.278;13.657,2.395,1.242;18.345,8.323,0.607;16.330,12.669,1.212;8.211,16.636,2.108;18.920,4.724,0.824;6.982,14.462,0.467;13.078,3.783,0.260;17.138,13.793,0.911;19.835,12.422,0.274;4.272,15.597,0.484;5.231,1.573,0.369;0.404,1.991,0.374;1.242,7.965,0.803;15.337,10.392,0.257;19.687,17.481,0.439;0.228,5.122,0.256;18.759,4.232,1.190;15.871,1.584,0.901;17.498,2.250,1.213;18.055,14.400,0.766;0.677,16.257,1.030;3.749,14.009,1.691;17.338,2.560,1.881;17.542,11.622,0.375;4.549,3.923,0.328;18.293,5.188,1.119;18.427,6.999,1.006;7.151,4.722,0.359;8.388,14.026,2.102;8.427,19.699,0.294;13.619,17.487,0.418;0.487,15.533,0.716;11.073,18.842,2.140;18.209,10.773,0.683;16.864,10.411,1.383;11.865,12.546,0.357;12.571,0.515,0.818;1.703,15.595,0.307;0.701,9.573,0.738;16.410,10.961,1.080;5.736,0.389,0.335;4.419,16.061,1.685;19.573,2.194,0.296;3.521,13.629,2.313"
55,drone_3,13.8837,11.1266,17.0000,17.0000,"14.357,12.879,0.252;9.010,15.177,1.025;19.809,4.168,0.324;10.129,14.615,2.458;8.936,6.709,0.287;4.590,13.262,2.343;6.403,11.029,1.330;6.438,19.149,0.410;6.347,16.387,2.305;7.658,6.938,1.213;18.528,3.397,0.319;12.463,1.244,0.327;15.140,2.624,0.353;19.181,11.248,0.397;6.075,10.679,1.237;9.963,18.318,0.278;13.657,2.395,1.242;18.345,8.323,0.607;16.330,12.669,1.212;8.211,16.636,2.108;18.920,4.724,0.824;6.982,14.462,0.467;13.078,3.783,0.260;17.138,13.793,0.911;19.835,12.422,0.274;4.272,15.597,0.484;5.231,1.573,0.369;0.404,1.991,0.374;1.242,7.965,0.803;15.337,10.392,0.257;19.687,17.481,0.439;0.228,5.122,0.256;18.759,4.232,1.190;15.871,1.584,0.901;17.498,2.250,1.213;18.055,14.400,0.766;0.677,16.257,1.030;3.749,14.009,1.691;17.338,2.560,1.881;17.542,11.622,0.375;4.549,3.923,0.328;18.293,5.188,1.119;18.427,6.999,1.006;7.151,4.722,0.359;8.388,14.026,2.102;8.427,19.699,0.294;13.619,17.487,0.418;0.487,15.533,0.716;11.073,18.842,2.140;18.209,10.773,0.683;16.864,10.411,1.383;11.865,12.546,0.357;12.571,0.515,0.818;1.703,15.595,0.307;0.701,9.573,0.738;16.410,10.961,1.080;5.736,0.389,0.335;4.419,16.061,1.685;19.573,2.194,0.296;3.521,13.629,2.313"
55,drone_5,11.6260,11.0656,17.0000,17.0000,"14.357,12.879,0.252;9.010,15.177,1.025;19.809,4.168,0.324;10.129,14.615,2.458;8.936,6.709,0.287;4.590,13.262,2.343;6.403,11.029,1.330;6.438,19.149,0.410;6.347,16.387,2.305;7.658,6.938,1.213;18.528,3.397,0.319;12.463,1.244,0.327;15.140,2.624,0.353;19.181,11.248,0.397;6.075,10.679,1.237;9.963,18.318,0.278;13.657,2.395,1.242;18.345,8.323,0.607;16.330,12.669,1.212;8.211,16.636,2.108;18.920,4.724,0.824;6.982,14.462,0.467;13.078,3.783,0.260;17.138,13.793,0.911;19.835,12.422,0.274;4.272,15.597,0.484;5.231,1.573,0.369;0.404,1.991,0.374;1.242,7.965,0.803;15.337,10.392,0.257;19.687,17.481,0.439;0.228,5.122,0.256;18.759,4.232,1.190;15.871,1.584,0.901;17.498,2.250,1.213;18.055,14.400,0.766;0.677,16.257,1.030;3.749,14.009,1.691;17.338,2.560,1.881;17.542,11.622,0.375;4.549,3.923,0.328;18.293,5.188,1.119;18.427,6.999,1.006;7.151,4.722,0.359;8.388,14.026,2.102;8.427,19.699,0.294;13.619,17.487,0.418;0.487,15.533,0.716;11.073,18.842,2.140;18.209,10.773,0.683;16.864,10.411,1.383;11.865,12.546,0.357;12.571,0.515,0.818;1.703,15.595,0.307;0.701,9.573,0.738;16.410,10.961,1.080;5.736,0.389,0.335;4.419,16.061,1.685;19.573,2.194,0.296;3.521,13.629,2.313"
55,drone_6,14.8372,10.6724,17.0000,17.0000,"14.357,12.879,0.252;9.010,15.177,1.025;19.809,4.168,0.324;10.129,14.615,2.458;8.936,6.709,0.287;4.590,13.262,2.343;6.403,11.029,1.330;6.438,19.149,0.410;6.347,16.387,2.305;7.658,6.938,1.213;18.528,3.397,0.319;12.463,1.244,0.327;15.140,2.624,0.353;19.181,11.248,0.397;6.075,10.679,1.237;9.963,18.318,0.278;13.657,2.395,1.242;18.345,8.323,0.607;16.330,12.669,1.212;8.211,16.636,2.108;18.920,4.724,0.824;6.982,14.462,0.467;13.078,3.783,0.260;17.138,13.793,0.911;19.835,12.422,0.274;4.272,15.597,0.484;5.231,1.573,0.369;0.404,1.991,0.374;1.242,7.965,0.803;15.337,10.392,0.257;19.687,17.481,0.439;0.228,5.122,0.256;18.759,4.232,1.190;15.871,1.584,0.901;17.498,2.250,1.213;18.055,14.400,0.766;0.677,16.257,1.030;3.749,14.009,1.691;17.338,2.560,1.881;17.542,11.622,0.375;4.549,3.923,0.328;18.293,5.188,1.119;18.427,6.999,1.006;7.151,4.722,0.359;8.388,14.026,2.102;8.427,19.699,0.294;13.619,17.487,0.418;0.487,15.533,0.716;11.073,18.842,2.140;18.209,10.773,0.683;16.864,10.411,1.383;11.865,12.546,0.357;12.571,0.515,0.818;1.703,15.595,0.307;0.701,9.573,0.738;16.410,10.961,1.080;5.736,0.389,0.335;4.419,16.061,1.685;19.573,2.194,0.296;3.521,13.629,2.313"
56,drone_3,14.0084,11.2830,17.0000,17.0000,"14.357,12.879,0.252;9.010,15.177,1.025;19.809,4.168,0.324;10.129,14.615,2.458;8.936,6.709,0.287;4.590,13.262,2.343;6.403,11.029,1.330;6.438,19.149,0.410;6.347,16.387,2.305;7.658,6.938,1.213;18.528,3.397,0.319;12.463,1.244,0.327;15.140,2.624,0.353;19.181,11.248,0.397;6.075,10.679,1.237;9.963,18.318,0.278;13.657,2.395,1.242;18.345,8.323,0.607;16.330,12.669,1.212;8.211,16.636,2.108;18.920,4.724,0.824;6.982,14.462,0.467;13.078,3.783,0.260;17.138,13.793,0.911;19.835,12.422,0.274;4.272,15.597,0.484;5.231,1.573,0.369;0.404,1.991,0.374;1.242,7.965,0.803;15.337,10.392,0.257;19.687,17.481,0.439;0.228,5.122,0.256;18.759,4.232,1.190;15.871,1.584,0.901;17.498,2.250,1.213;18.055,14.400,0.766;0.677,16.257,1.030;3.749,14.009,1.691;17.338,2.560,1.881;17.542,11.622,0.375;4.549,3.923,0.328;18.293,5.188,1.119;18.427,6.999,1.006;7.151,4.722,0.359;8.388,14.026,2.102;8.427,19.699,0.294;13.619,17.487,0.418;0.487,15.533,0.716;11.073,18.842,2.140;18.209,10.773,0.683;16.864,10.411,1.383;11.865,12.546,0.357;12.571,0.515,0.818;1.703,15.595,0.307;0.701,9.573,0.738;16.410,10.961,1.080;5.736,0.389,0.335;4.419,16.061,1.685;19.573,2.194,0.296;3.521,13.629,2.313"
56,drone_5,11.8026,11.1594,17.0000,17.0000,"14.357,12.879,0.252;9.010,15.177,1.025;19.809,4.168,0.324;10.129,14.615,2.458;8.936,6.709,0.287;4.590,13.262,2.343;6.403,11.029,1.330;6.438,19.149,0.410;6.347,16.387,2.305;7.658,6.938,1.213;18.528,3.397,0.319;12.463,1.244,0.327;15.140,2.624,0.353;19.181,11.248,0.397;6.075,10.679,1.237;9.963,18.318,0.278;13.657,2.395,1.242;18.345,8.323,0.607;16.330,12.669,1.212;8.211,16.636,2.108;18.920,4.724,0.824;6.982,14.462,0.467;13.078,3.783,0.260;17.138,13.793,0.911;19.835,12.422,0.274;4.272,15.597,0.484;5.231,1.573,0.369;0.404,1.991,0.374;1.242,7.965,0.803;15.337,10.392,0.257;19.687,17.481,0.439;0.228,5.122,0.256;18.759,4.232,1.190;15.871,1.584,0.901;17.498,2.250,1.213;18.055,14.400,0.766;0.677,16.257,1.030;3.749,14.009,1.691;17.338,2.560,1.881;17.542,11.622,0.375;4.549,3.923,0.328;18.293,5.188,1.119;18.427,6.999,1.006;7.151,4.722,0.359;8.388,14.026,2.102;8.427,19.699,0.294;13.619,17.487,0.418;0.487,15.533,0.716;11.073,18.842,2.140;18.209,10.773,0.683;16.864,10.411,1.383;11.865,12.546,0.357;12.571,0.515,0.818;1.703,15.595,0.307;0.701,9.573,0.738;16.410,10.961,1.080;5.736,0.389,0.335;4.419,16.061,1.685;19.573,2.194,0.296;3.521,13.629,2.313"
56,drone_6,14.8181,10.8715,17.0000,17.0000,"14.357,12.879,0.252;9.010,15.177,1.025;19.809,4.168,0.324;10.129,14.615,2.458;8.936,6.709,0.287;4.590,13.262,2.343;6.403,11.029,1.330;6.438,19.149,0.410;6.347,16.387,2.305;7.658,6.938,1.213;18.528,3.397,0.319;12.463,1.244,0.327;15.140,2.624,0.353;19.181,11.248,0.397;6.075,10.679,1.237;9.963,18.318,0.278;13.657,2.395,1.242;18.345,8.323,0.607;16.330,12.669,1.212;8.211,16.636,2.108;18.920,4.724,0.824;6.982,14.462,0.467;13.078,3.783,0.260;17.138,13.793,0.911;19.835,12.422,0.274;4.272,15.597,0.484;5.231,1.573,0.369;0.404,1.991,0.374;1.242,7.965,0.803;15.337,10.392,0.257;19.687,17.481,0.439;0.228,5.122,0.256;18.759,4.232,1.190;15.871,1.584,0.901;17.498,2.250,1.213;18.055,14.400,0.766;0.677,16.257,1.030;3.749,14.009,1.691;17.338,2.560,1.881;17.542,11.622,0.375;4.549,3.923,0.328;18.293,5.188,1.119;18.427,6.999,1.006;7.151,4.722,0.359;8.388,14.026,2.102;8.427,19.699,0.294;13.619,17.487,0.418;0.487,15.533,0.716;11.073,18.842,2.140;18.209,10.773,0.683;16.864,10.411,1.383;11.865,12.546,0.357;12.571,0.515,0.818;1.703,15.595,0.307;0.701,9.573,0.738;16.410,10.961,1.080;5.736,0.389,0.335;4.419,16.061,1.685;19.573,2.194,0.296;3.521,13.629,2.313"
57,drone_3,14.1031,11.4591,17.0000,17.0000,"14.357,12.879,0.252;9.010,15.177,1.025;19.809,4.168,0.324;10.129,14.615,2.458;8.936,6.709,0.287;4.590,13.262,2.343;6.403,11.029,1.330;6.438,19.149,0.410;6.347,16.387,2.305;7.658,6.938,1.213;18.528,3.397,0.319;12.463,1.244,0.327;15.140,2.624,0.353;19.181,11.248,0.397;6.075,10.679,1.237;9.963,18.318,0.278;13.657,2.395,1.242;18.345,8.323,0.607;16.330,12.669,1.212;8.211,16.636,2.108;18.920,4.724,0.824;6.982,14.462,0.467;13.078,3.783,0.260;17.138,13.793,0.911;19.835,12.422,0.274;4.272,15.597,0.484;5.231,1.573,0.369;0.404,1.991,0.374;1.242,7.965,0.803;15.337,10.392,0.257;19.687,17.481,0.439;0.228,5.122,0.256;18.759,4.232,1.190;15.871,1.584,0.901;17.498,2.250,1.213;18.055,14.400,0.766;0.677,16.257,1.030;3.749,14.009,1.691;17.338,2.560,1.881;17.542,11.622,0.375;4.549,3.923,0.328;18.293,5.188,1.119;18.427,6.999,1.006;7.151,4.722,0.359;8.388,14.026,2.102;8.427,19.699,0.294;13.619,17.487,0.418;0.487,15.533,0.716;11.073,18.842,2.140;18.209,10.773,0.683;16.864,10.411,1.383;11.865,12.546,0.357;12.571,0.515,0.818;1.703,15.595,0.307;0.701,9.573,0.738;16.410,10.961,1.080;5.736,0.389,0.335;4.419,16.061,1.685;19.573,2.194,0.296;3.521,13.629,2.313"
57,drone_5,11.9824,11.2470,17.0000,17.0000,"14.357,12.879,0.252;9.010,15.177,1.025;19.809,4.168,0.324;10.129,14.615,2.458;8.936,6.709,0.287;4.590,13.262,2.343;6.403,11.029,1.330;6.438,19.149,0.410;6.347,16.387,2.305;7.658,6.938,1.213;18.528,3.397,0.319;12.463,1.244,0.327;15.140,2.624,0.353;19.181,11.248,0.397;6.075,10.679,1.237;9.963,18.318,0.278;13.657,2.395,1.242;18.345,8.323,0.607;16.330,12.669,1.212;8.211,16.636,2.108;18.920,4.724,0.824;6.982,14.462,0.467;13.078,3.783,0.260;17.138,13.793,0.911;19.835,12.422,0.274;4.272,15.597,0.484;5.231,1.573,0.369;0.404,1.991,0.374;1.242,7.965,0.803;15.337,10.392,0.257;19.687,17.481,0.439;0.228,5.122,0.256;18.759,4.232,1.190;15.871,1.584,0.901;17.498,2.250,1.213;18.055,14.400,0.766;0.677,16.257,1.030;3.749,14.009,1.691;17.338,2.560,1.881;17.542,11.622,0.375;4.549,3.923,0.328;18.293,5.188,1.119;18.427,6.999,1.006;7.151,4.722,0.359;8.388,14.026,2.102;8.427,19.699,0.294;13.619,17.487,0.418;0.487,15.533,0.716;11.073,18.842,2.140;18.209,10.773,0.683;16.864,10.411,1.383;11.865,12.546,0.357;12.571,0.515,0.818;1.703,15.595,0.307;0.701,9.573,0.738;16.410,10.961,1.080;5.736,0.389,0.335;4.419,16.061,1.685;19.573,2.194,0.296;3.521,13.629,2.313"
57,drone_6,14.8073,11.0712,17.0000,17.0000,"14.357,12.879,0.252;9.010,15.177,1.025;19.809,4.168,0.324;10.129,14.615,2.458;8.936,6.709,0.287;4.590,13.262,2.343;6.403,11.029,1.330;6.438,19.149,0.410;6.347,16.387,2.305;7.658,6.938,1.213;18.528,3.397,0.319;12.463,1.244,0.327;15.140,2.624,0.353;19.181,11.248,0.397;6.075,10.679,1.237;9.963,18.318,0.278;13.657,2.395,1.242;18.345,8.323,0.607;16.330,12.669,1.212;8.211,16.636,2.108;18.920,4.724,0.824;6.982,14.462,0.467;13.078,3.783,0.260;17.138,13.793,0.911;19.835,12.422,0.274;4.272,15.597,0.484;5.231,1.573,0.369;0.404,1.991,0.374;1.242,7.965,0.803;15.337,10.392,0.257;19.687,17.481,0.439;0.228,5.122,0.256;18.759,4.232,1.190;15.871,1.584,0.901;17.498,2.250,1.213;18.055,14.400,0.766;0.677,16.257,1.030;3.749,14.009,1.691;17.338,2.560,1.881;17.542,11.622,0.375;4.549,3.923,0.328;18.293,5.188,1.119;18.427,6.999,1.006;7.151,4.722,0.359;8.388,14.026,2.102;8.427,19.699,0.294;13.619,17.487,0.418;0.487,15.533,0.716;11.073,18.842,2.140;18.209,10.773,0.683;16.864,10.411,1.383;11.865,12.546,0.357;12.571,0.515,0.818;1.703,15.595,0.307;0.701,9.573,0.738;16.410,10.961,1.080;5.736,0.389,0.335;4.419,16.061,1.685;19.573,2.194,0.296;3.521,13.629,2.313"
58,drone_3,14.1788,11.6443,17.0000,17.0000,"14.357,12.879,0.252;9.010,15.177,1.025;19.809,4.168,0.324;10.129,14.615,2.458;8.936,6.709,0.287;4.590,13.262,2.343;6.403,11.029,1.330;6.438,19.149,0.410;6.347,16.387,2.305;7.658,6.938,1.213;18.528,3.397,0.319;12.463,1.244,0.327;15.140,2.624,0.353;19.181,11.248,0.397;6.075,10.679,1.237;9.963,18.318,0.278;13.657,2.395,1.242;18.345,8.323,0.607;16.330,12.669,1.212;8.211,16.636,2.108;18.920,4.724,0.824;6.982,14.462,0.467;13.078,3.783,0.260;17.138,13.793,0.911;19.835,12.422,0.274;4.272,15.597,0.484;5.231,1.573,0.369;0.404,1.991,0.374;1.242,7.965,0.803;15.337,10.392,0.257;19.687,17.481,0.439;0.228,5.122,0.256;18.759,4.232,1.190;15.871,1.584,0.901;17.498,2.250,1.213;18.055,14.400,0.766;0.677,16.257,1.030;3.749,14.009,1.691;17.338,2.560,1.881;17.542,11.622,0.375;4.549,3.923,0.328;18.293,5.188,1.119;18.427,6.999,1.006;7.151,4.722,0.359;8.388,14.026,2.102;8.427,19.699,0.294;13.619,17.487,0.418;0.487,15.533,0.716;11.073,18.842,2.140;18.209,10.773,0.683;16.864,10.411,1.383;11.865,12.546,0.357;12.571,0.515,0.818;1.703,15.595,0.307;0.701,9.573,0.738;16.410,10.961,1.080;5.736,0.389,0.335;4.419,16.061,1.685;19.573,2.194,0.296;3.521,13.629,2.313"
58,drone_5,12.1635,11.3320,17.0000,17.0000,"14.357,12.879,0.252;9.010,15.177,1.025;19.809,4.168,0.324;10.129,14.615,2.458;8.936,6.709,0.287;4.590,13.262,2.343;6.403,11.029,1.330;6.438,19.149,0.410;6.347,16.387,2.305;7.658,6.938,1.213;18.528,3.397,0.319;12.463,1.244,0.327;15.140,2.624,0.353;19.181,11.248,0.397;6.075,10.679,1.237;9.963,18.318,0.278;13.657,2.395,1.242;18.345,8.323,0.607;16.330,12.669,1.212;8.211,16.636,2.108;18.920,4.724,0.824;6.982,14.462,0.467;13.078,3.783,0.260;17.138,13.793,0.911;19.835,12.422,0.274;4.272,15.597,0.484;5.231,1.573,0.369;0.404,1.991,0.374;1.242,7.965,0.803;15.337,10.392,0.257;19.687,17.481,0.439;0.228,5.122,0.256;18.759,4.232,1.190;15.871,1.584,0.901;17.498,2.250,1.213;18.055,14.400,0.766;0.677,16.257,1.030;3.749,14.009,1.691;17.338,2.560,1.881;17.542,11.622,0.375;4.549,3.923,0.328;18.293,5.188,1.119;18.427,6.999,1.006;7.151,4.722,0.359;8.388,14.026,2.102;8.427,19.699,0.294;13.619,17.487,0.418;0.487,15.533,0.716;11.073,18.842,2.140;18.209,10.773,0.683;16.864,10.411,1.383;11.865,12.546,0.357;12.571,0.515,0.818;1.703,15.595,0.307;0.701,9.573,0.738;16.410,10.961,1.080;5.736,0.389,0.335;4.419,16.061,1.685;19.573,2.194,0.296;3.521,13.629,2.313"
58,drone_6,14.8027,11.2711,17.0000,17.0000,"14.357,12.879,0.252;9.010,15.177,1.025;19.809,4.168,0.324;10.129,14.615,2.458;8.936,6.709,0.287;4.590,13.262,2.343;6.403,11.029,1.330;6.438,19.149,0.410;6.347,16.387,2.305;7.658,6.938,1.213;18.528,3.397,0.319;12.463,1.244,0.327;15.140,2.624,0.353;19.181,11.248,0.397;6.075,10.679,1.237;9.963,18.318,0.278;13.657,2.395,1.242;18.345,8.323,0.607;16.330,12.669,1.212;8.211,16.636,2.108;18.920,4.724,0.824;6.982,14.462,0.467;13.078,3.783,0.260;17.138,13.793,0.911;19.835,12.422,0.274;4.272,15.597,0.484;5.231,1.573,0.369;0.404,1.991,0.374;1.242,7.965,0.803;15.337,10.392,0.257;19.687,17.481,0.439;0.228,5.122,0.256;18.759,4.232,1.190;15.871,1.584,0.901;17.498,2.250,1.213;18.055,14.400,0.766;0.677,16.257,1.030;3.749,14.009,1.691;17.338,2.560,1.881;17.542,11.622,0.375;4.549,3.923,0.328;18.293,5.188,1.119;18.427,6.999,1.006;7.151,4.722,0.359;8.388,14.026,2.102;8.427,19.699,0.294;13.619,17.487,0.418;0.487,15.533,0.716;11.073,18.842,2.140;18.209,10.773,0.683;16.864,10.411,1.383;11.865,12.546,0.357;12.571,0.515,0.818;1.703,15.595,0.307;0.701,9.573,0.738;16.410,10.961,1.080;5.736,0.389,0.335;4.419,16.061,1.685;19.573,2.194,0.296;3.521,13.629,2.313"
59,drone_3,14.2475,11.8321,17.0000,17.0000,"14.357,12.879,0.252;9.010,15.177,1.025;19.809,4.168,0.324;10.129,14.615,2.458;8.936,6.709,0.287;4.590,13.262,2.343;6.403,11.029,1.330;6.438,19.149,0.410;6.347,16.387,2.305;7.658,6.938,1.213;18.528,3.397,0.319;12.463,1.244,0.327;15.140,2.624,0.353;19.181,11.248,0.397;6.075,10.679,1.237;9.963,18.318,0.278;13.657,2.395,1.242;18.345,8.323,0.607;16.330,12.669,1.212;8.211,16.636,2.108;18.920,4.724,0.824;6.982,14.462,0.467;13.078,3.783,0.260;17.138,13.793,0.911;19.835,12.422,0.274;4.272,15.597,0.484;5.231,1.573,0.369;0.404,1.991,0.374;1.242,7.965,0.803;15.337,10.392,0.257;19.687,17.481,0.439;0.228,5.122,0.256;18.759,4.232,1.190;15.871,1.584,0.901;17.498,2.250,1.213;18.055,14.400,0.766;0.677,16.257,1.030;3.749,14.009,1.691;17.338,2.560,1.881;17.542,11.622,0.375;4.549,3.923,0.328;18.293,5.188,1.119;18.427,6.999,1.006;7.151,4.722,0.359;8.388,14.026,2.102;8.427,19.699,0.294;13.619,17.487,0.418;0.487,15.533,0.716;11.073,18.842,2.140;18.209,10.773,0.683;16.864,10.411,1.383;11.865,12.546,0.357;12.571,0.515,0.818;1.703,15.595,0.307;0.701,9.573,0.738;16.410,10.961,1.080;5.736,0.389,0.335;4.419,16.061,1.685;19.573,2.194,0.296;3.521,13.629,2.313"
59,drone_5,12.3153,11.4622,17.0000,17.0000,"14.357,12.879,0.252;9.010,15.177,1.025;19.809,4.168,0.324;10.129,14.615,2.458;8.936,6.709,0.287;4.590,13.262,2.343;6.403,11.029,1.330;6.438,19.149,0.410;6.347,16.387,2.305;7.658,6.938,1.213;18.528,3.397,0.319;12.463,1.244,0.327;15.140,2.624,0.353;19.181,11.248,0.397;6.075,10.679,1.237;9.963,18.318,0.278;13.657,2.395,1.242;18.345,8.323,0.607;16.330,12.669,1.212;8.211,16.636,2.108;18.920,4.724,0.824;6.982,14.462,0.467;13.078,3.783,0.260;17.138,13.793,0.911;19.835,12.422,0.274;4.272,15.597,0.484;5.231,1.573,0.369;0.404,1.991,0.374;1.242,7.965,0.803;15.337,10.392,0.257;19.687,17.481,0.439;0.228,5.122,0.256;18.759,4.232,1.190;15.871,1.584,0.901;17.498,2.250,1.213;18.055,14.400,0.766;0.677,16.257,1.030;3.749,14.009,1.691;17.338,2.560,1.881;17.542,11.622,0.375;4.549,3.923,0.328;18.293,5.188,1.119;18.427,6.999,1.006;7.151,4.722,0.359;8.388,14.026,2.102;8.427,19.699,0.294;13.619,17.487,0.418;0.487,15.533,0.716;11.073,18.842,2.140;18.209,10.773,0.683;16.864,10.411,1.383;11.865,12.546,0.357;12.571,0.515,0.818;1.703,15.595,0.307;0.701,9.573,0.738;16.410,10.961,1.080;5.736,0.389,0.335;4.419,16.061,1.685;19.573,2.194,0.296;3.521,13.629,2.313"
59,drone_6,14.8220,11.4702,17.0000,17.0000,"14.357,12.879,0.252;9.010,15.177,1.025;19.809,4.168,0.324;10.129,14.615,2.458;8.936,6.709,0.287;4.590,13.262,2.343;6.403,11.029,1.330;6.438,19.149,0.410;6.347,16.387,2.305;7.658,6.938,1.213;18.528,3.397,0.319;12.463,1.244,0.327;15.140,2.624,0.353;19.181,11.248,0.397;6.075,10.679,1.237;9.963,18.318,0.278;13.657,2.395,1.242;18.345,8.323,0.607;16.330,12.669,1.212;8.211,16.636,2.108;18.920,4.724,0.824;6.982,14.462,0.467;13.078,3.783,0.260;17.138,13.793,0.911;19.835,12.422,0.274;4.272,15.597,0.484;5.231,1.573,0.369;0.404,1.991,0.374;1.242,7.965,0.803;15.337,10.392,0.257;19.687,17.481,0.439;0.228,5.122,0.256;18.759,4.232,1.190;15.871,1.584,0.901;17.498,2.250,1.213;18.055,14.400,0.766;0.677,16.257,1.030;3.749,14.009,1.691;17.338,2.560,1.881;17.542,11.622,0.375;4.549,3.923,0.328;18.293,5.188,1.119;18.427,6.999,1.006;7.151,4.722,0.359;8.388,14.026,2.102;8.427,19.699,0.294;13.619,17.487,0.418;0.487,15.533,0.716;11.073,18.842,2.140;18.209,10.773,0.683;16.864,10.411,1.383;11.865,12.546,0.357;12.571,0.515,0.818;1.703,15.595,0.307;0.701,9.573,0.738;16.410,10.961,1.080;5.736,0.389,0.335;4.419,16.061,1.685;19.573,2.194,0.296;3.521,13.629,2.313"
60,drone_3,14.3519,12.0027,17.0000,17.0000,"14.357,12.879,0.252;9.010,15.177,1.025;19.809,4.168,0.324;10.129,14.615,2.458;8.936,6.709,0.287;4.590,13.262,2.343;6.403,11.029,1.330;6.438,19.149,0.410;6.347,16.387,2.305;7.658,6.938,1.213;18.528,3.397,0.319;12.463,1.244,0.327;15.140,2.624,0.353;19.181,11.248,0.397;6.075,10.679,1.237;9.963,18.318,0.278;13.657,2.395,1.242;18.345,8.323,0.607;16.330,12.669,1.212;8.211,16.636,2.108;18.920,4.724,0.824;6.982,14.462,0.467;13.078,3.783,0.260;17.138,13.793,0.911;19.835,12.422,0.274;4.272,15.597,0.484;5.231,1.573,0.369;0.404,1.991,0.374;1.242,7.965,0.803;15.337,10.392,0.257;19.687,17.481,0.439;0.228,5.122,0.256;18.759,4.232,1.190;15.871,1.584,0.901;17.498,2.250,1.213;18.055,14.400,0.766;0.677,16.257,1.030;3.749,14.009,1.691;17.338,2.560,1.881;17.542,11.622,0.375;4.549,3.923,0.328;18.293,5.188,1.119;18.427,6.999,1.006;7.151,4.722,0.359;8.388,14.026,2.102;8.427,19.699,0.294;13.619,17.487,0.418;0.487,15.533,0.716;11.073,18.842,2.140;18.209,10.773,0.683;16.864,10.411,1.383;11.865,12.546,0.357;12.571,0.515,0.818;1.703,15.595,0.307;0.701,9.573,0.738;16.410,10.961,1.080;5.736,0.389,0.335;4.419,16.061,1.685;19.573,2.194,0.296;3.521,13.629,2.313"
60,drone_5,12.4510,11.6091,17.0000,17.0000,"14.357,12.879,0.252;9.010,15.177,1.025;19.809,4.168,0.324;10.129,14.615,2.458;8.936,6.709,0.287;4.590,13.262,2.343;6.403,11.029,1.330;6.438,19.149,0.410;6.347,16.387,2.305;7.658,6.938,1.213;18.528,3.397,0.319;12.463,1.244,0.327;15.140,2.624,0.353;19.181,11.248,0.397;6.075,10.679,1.237;9.963,18.318,0.278;13.657,2.395,1.242;18.345,8.323,0.607;16.330,12.669,1.212;8.211,16.636,2.108;18.920,4.724,0.824;6.982,14.462,0.467;13.078,3.783,0.260;17.138,13.793,0.911;19.835,12.422,0.274;4.272,15.597,0.484;5.231,1.573,0.369;0.404,1.991,0.374;1.242,7.965,0.803;15.337,10.392,0.257;19.687,17.481,0.439;0.228,5.122,0.256;18.759,4.232,1.190;15.871,1.584,0.901;17.498,2.250,1.213;18.055,14.400,0.766;0.677,16.257,1.030;3.749,14.009,1.691;17.338,2.560,1.881;17.542,11.622,0.375;4.549,3.923,0.328;18.293,5.188,1.119;18.427,6.999,1.006;7.151,4.722,0.359;8.388,14.026,2.102;8.427,19.699,0.294;13.619,17.487,0.418;0.487,15.533,0.716;11.073,18.842,2.140;18.209,10.773,0.683;16.864,10.411,1.383;11.865,12.546,0.357;12.571,0.515,0.818;1.703,15.595,0.307;0.701,9.573,0.738;16.410,10.961,1.080;5.736,0.389,0.335;4.419,16.061,1.685;19.573,2.194,0.296;3.521,13.629,2.313"
60,drone_6,14.8535,11.6677,17.0000,17.0000,"14.357,12.879,0.252;9.010,15.177,1.025;19.809,4.168,0.324;10.129,14.615,2.458;8.936,6.709,0.287;4.590,13.262,2.343;6.403,11.029,1.330;6.438,19.149,0.410;6.347,16.387,2.305;7.658,6.938,1.213;18.528,3.397,0.319;12.463,1.244,0.327;15.140,2.624,0.353;19.181,11.248,0.397;6.075,10.679,1.237;9.963,18.318,0.278;13.657,2.395,1.242;18.345,8.323,0.607;16.330,12.669,1.212;8.211,16.636,2.108;18.920,4.724,0.824;6.982,14.462,0.467;13.078,3.783,0.260;17.138,13.793,0.911;19.835,12.422,0.274;4.272,15.597,0.484;5.231,1.573,0.369;0.404,1.991,0.374;1.242,7.965,0.803;15.337,10.392,0.257;19.687,17.481,0.439;0.228,5.122,0.256;18.759,4.232,1.190;15.871,1.584,0.901;17.498,2.250,1.213;18.055,14.400,0.766;0.677,16.257,1.030;3.749,14.009,1.691;17.338,2.560,1.881;17.542,11.622,0.375;4.549,3.923,0.328;18.293,5.188,1.119;18.427,6.999,1.006;7.151,4.722,0.359;8.388,14.026,2.102;8.427,19.699,0.294;13.619,17.487,0.418;0.487,15.533,0.716;11.073,18.842,2.140;18.209,10.773,0.683;16.864,10.411,1.383;11.865,12.546,0.357;12.571,0.515,0.818;1.703,15.595,0.307;0.701,9.573,0.738;16.410,10.961,1.080;5.736,0.389,0.335;4.419,16.061,1.685;19.573,2.194,0.296;3.521,13.629,2.313"
61,drone_3,14.4745,12.1607,17.0000,17.0000,"14.357,12.879,0.252;9.010,15.177,1.025;19.809,4.168,0.324;10.129,14.615,2.458;8.936,6.709,0.287;4.590,13.262,2.343;6.403,11.029,1.330;6.438,19.149,0.410;6.347,16.387,2.305;7.658,6.938,1.213;18.528,3.397,0.319;12.463,1.244,0.327;15.140,2.624,0.353;19.181,11.248,0.397;6.075,10.679,1.237;9.963,18.318,0.278;13.657,2.395,1.242;18.345,8.323,0.607;16.330,12.669,1.212;8.211,16.636,2.108;18.920,4.724,0.824;6.982,14.462,0.467;13.078,3.783,0.260;17.138,13.793,0.911;19.835,12.422,0.274;4.272,15.597,0.484;5.231,1.573,0.369;0.404,1.991,0.374;1.242,7.965,0.803;15.337,10.392,0.257;19.687,17.481,0.439;0.228,5.122,0.256;18.759,4.232,1.190;15.871,1.584,0.901;17.498,2.250,1.213;18.055,14.400,0.766;0.677,16.257,1.030;3.749,14.009,1.691;17.338,2.560,1.881;17.542,11.622,0.375;4.549,3.923,0.328;18.293,5.188,1.119;18.427,6.999,1.006;7.151,4.722,0.359;8.388,14.026,2.102;8.427,19.699,0.294;13.619,17.487,0.418;0.487,15.533,0.716;11.073,18.842,2.140;18.209,10.773,0.683;16.864,10.411,1.383;11.865,12.546,0.357;12.571,0.515,0.818;1.703,15.595,0.307;0.701,9.573,0.738;16.410,10.961,1.080;5.736,0.389,0.335;4.419,16.061,1.685;19.573,2.194,0.296;3.521,13.629,2.313"
61,drone_5,12.5852,11.7574,17.0000,17.0000,"14.357,12.879,0.252;9.010,15.177,1.025;19.809,4.168,0.324;10.129,14.615,2.458;8.936,6.709,0.287;4.590,13.262,2.343;6.403,11.029,1.330;6.438,19.149,0.410;6.347,16.387,2.305;7.658,6.938,1.213;18.528,3.397,0.319;12.463,1.244,0.327;15.140,2.624,0.353;19.181,11.248,0.397;6.075,10.679,1.237;9.963,18.318,0.278;13.657,2.395,1.242;18.345,8.323,0.607;16.330,12.669,1.212;8.211,16.636,2.108;18.920,4.724,0.824;6.982,14.462,0.467;13.078,3.783,0.260;17.138,13.793,0.911;19.835,12.422,0.274;4.272,15.597,0.484;5.231,1.573,0.369;0.404,1.991,0.374;1.242,7.965,0.803;15.337,10.392,0.257;19.687,17.481,0.439;0.228,5.122,0.256;18.759,4.232,1.190;15.871,1.584,0.901;17.498,2.250,1.213;18.055,14.400,0.766;0.677,16.257,1.030;3.749,14.009,1.691;17.338,2.560,1.881;17.542,11.622,0.375;4.549,3.923,0.328;18.293,5.188,1.119;18.427,6.999,1.006;7.151,4.722,0.359;8.388,14.026,2.102;8.427,19.699,0.294;13.619,17.487,0.418;0.487,15.533,0.716;11.073,18.842,2.140;18.209,10.773,0.683;16.864,10.411,1.383;11.865,12.546,0.357;12.571,0.515,0.818;1.703,15.595,0.307;0.701,9.573,0.738;16.410,10.961,1.080;5.736,0.389,0.335;4.419,16.061,1.685;19.573,2.194,0.296;3.521,13.629,2.313"
61,drone_6,14.9027,11.8615,17.0000,17.0000,"14.357,12.879,0.252;9.010,15.177,1.025;19.809,4.168,0.324;10.129,14.615,2.458;8.936,6.709,0.287;4.590,13.262,2.343;6.403,11.029,1.330;6.438,19.149,0.410;6.347,16.387,2.305;7.658,6.938,1.213;18.528,3.397,0.319;12.463,1.244,0.327;15.140,2.624,0.353;19.181,11.248,0.397;6.075,10.679,1.237;9.963,18.318,0.278;13.657,2.395,1.242;18.345,8.323,0.607;16.330,12.669,1.212;8.211,16.636,2.108;18.920,4.724,0.824;6.982,14.462,0.467;13.078,3.783,0.260;17.138,13.793,0.911;19.835,12.422,0.274;4.272,15.597,0.484;5.231,1.573,0.369;0.404,1.991,0.374;1.242,7.965,0.803;15.337,10.392,0.257;19.687,17.481,0.439;0.228,5.122,0.256;18.759,4.232,1.190;15.871,1.584,0.901;17.498,2.250,1.213;18.055,14.400,0.766;0.677,16.257,1.030;3.749,14.009,1.691;17.338,2.560,1.881;17.542,11.622,0.375;4.549,3.923,0.328;18.293,5.188,1.119;18.427,6.999,1.006;7.151,4.722,0.359;8.388,14.026,2.102;8.427,19.699,0.294;13.619,17.487,0.418;0.487,15.533,0.716;11.073,18.842,2.140;18.209,10.773,0.683;16.864,10.411,1.383;11.865,12.546,0.357;12.571,0.515,0.818;1.703,15.595,0.307;0.701,9.573,0.738;16.410,10.961,1.080;5.736,0.389,0.335;4.419,16.061,1.685;19.573,2.194,0.296;3.521,13.629,2.313"
62,drone_3,14.6181,12.2999,17.0000,17.0000,"14.357,12.879,0.252;9.010,15.177,1.025;19.809,4.168,0.324;10.129,14.615,2.458;8.936,6.709,0.287;4.590,13.262,2.343;6.403,11.029,1.330;6.438,19.149,0.410;6.347,16.387,2.305;7.658,6.938,1.213;18.528,3.397,0.319;12.463,1.244,0.327;15.140,2.624,0.353;19.181,11.248,0.397;6.075,10.679,1.237;9.963,18.318,0.278;13.657,2.395,1.242;18.345,8.323,0.607;16.330,12.669,1.212;8.211,16.636,2.108;18.920,4.724,0.824;6.982,14.462,0.467;13.078,3.783,0.260;17.138,13.793,0.911;19.835,12.422,0.274;4.272,15.597,0.484;5.231,1.573,0.369;0.404,1.991,0.374;1.242,7.965,0.803;15.337,10.392,0.257;19.687,17.481,0.439;0.228,5.122,0.256;18.759,4.232,1.190;15.871,1.584,0.901;17.498,2.250,1.213;18.055,14.400,0.766;0.677,16.257,1.030;3.749,14.009,1.691;17.338,2.560,1.881;17.542,11.622,0.375;4.549,3.923,0.328;18.293,5.188,1.119;18.427,6.999,1.006;7.151,4.722,0.359;8.388,14.026,2.102;8.427,19.699,0.294;13.619,17.487,0.418;0.487,15.533,0.716;11.073,18.842,2.140;18.209,10.773,0.683;16.864,10.411,1.383;11.865,12.546,0.357;12.571,0.515,0.818;1.703,15.595,0.307;0.701,9.573,0.738;16.410,10.961,1.080;5.736,0.389,0.335;4.419,16.061,1.685;19.573,2.194,0.296;3.521,13.629,2.313"
62,drone_5,12.6903,11.9275,17.0000,17.0000,"14.357,12.879,0.252;9.010,15.177,1.025;19.809,4.168,0.324;10.129,14.615,2.458;8.936,6.709,0.287;4.590,13.262,2.343;6.403,11.029,1.330;6.438,19.149,0.410;6.347,16.387,2.305;7.658,6.938,1.213;18.528,3.397,0.319;12.463,1.244,0.327;15.140,2.624,0.353;19.181,11.248,0.397;6.075,10.679,1.237;9.963,18.318,0.278;13.657,2.395,1.242;18.345,8.323,0.607;16.330,12.669,1.212;8.211,16.636,2.108;18.920,4.724,0.824;6.982,14.462,0.467;13.078,3.783,0.260;17.138,13.793,0.911;19.835,12.422,0.274;4.272,15.597,0.484;5.231,1.573,0.369;0.404,1.991,0.374;1.242,7.965,0.803;15.337,10.392,0.257;19.687,17.481,0.439;0.228,5.122,0.256;18.759,4.232,1.190;15.871,1.584,0.901;17.498,2.250,1.213;18.055,14.400,0.766;0.677,16.257,1.030;3.749,14.009,1.691;17.338,2.560,1.881;17.542,11.622,0.375;4.549,3.923,0.328;18.293,5.188,1.119;18.427,6.999,1.006;7.151,4.722,0.359;8.388,14.026,2.102;8.427,19.699,0.294;13.619,17.487,0.418;0.487,15.533,0.716;11.073,18.842,2.140;18.209,10.773,0.683;16.864,10.411,1.383;11.865,12.546,0.357;12.571,0.515,0.818;1.703,15.595,0.307;0.701,9.573,0.738;16.410,10.961,1.080;5.736,0.389,0.335;4.419,16.061,1.685;19.573,2.194,0.296;3.521,13.629,2.313"
62,drone_6,14.9620,12.0526,17.0000,17.0000,"14.357,12.879,0.252;9.010,15.177,1.025;19.809,4.168,0.324;10.129,14.615,2.458;8.936,6.709,0.287;4.590,13.262,2.343;6.403,11.029,1.330;6.438,19.149,0.410;6.347,16.387,2.305;7.658,6.938,1.213;18.528,3.397,0.319;12.463,1.244,0.327;15.140,2.624,0.353;19.181,11.248,0.397;6.075,10.679,1.237;9.963,18.318,0.278;13.657,2.395,1.242;18.345,8.323,0.607;16.330,12.669,1.212;8.211,16.636,2.108;18.920,4.724,0.824;6.982,14.462,0.467;13.078,3.783,0.260;17.138,13.793,0.911;19.835,12.422,0.274;4.272,15.597,0.484;5.231,1.573,0.369;0.404,1.991,0.374;1.242,7.965,0.803;15.337,10.392,0.257;19.687,17.481,0.439;0.228,5.122,0.256;18.759,4.232,1.190;15.871,1.584,0.901;17.498,2.250,1.213;18.055,14.400,0.766;0.677,16.257,1.030;3.749,14.009,1.691;17.338,2.560,1.881;17.542,11.622,0.375;4.549,3.923,0.328;18.293,5.188,1.119;18.427,6.999,1.006;7.151,4.722,0.359;8.388,14.026,2.102;8.427,19.699,0.294;13.619,17.487,0.418;0.487,15.533,0.716;11.073,18.842,2.140;18.209,10.773,0.683;16.864,10.411,1.383;11.865,12.546,0.357;12.571,0.515,0.818;1.703,15.595,0.307;0.701,9.573,0.738;16.410,10.961,1.080;5.736,0.389,0.335;4.419,16.061,1.685;19.573,2.194,0.296;3.521,13.629,2.313"
63,drone_3,14.7742,12.4249,17.0000,17.0000,"14.357,12.879,0.252;9.010,15.177,1.025;19.809,4.168,0.324;10.129,14.615,2.458;8.936,6.709,0.287;4.590,13.262,2.343;6.403,11.029,1.330;6.438,19.149,0.410;6.347,16.387,2.305;7.658,6.938,1.213;18.528,3.397,0.319;12.463,1.244,0.327;15.140,2.624,0.353;19.181,11.248,0.397;6.075,10.679,1.237;9.963,18.318,0.278;13.657,2.395,1.242;18.345,8.323,0.607;16.330,12.669,1.212;8.211,16.636,2.108;18.920,4.724,0.824;6.982,14.462,0.467;13.078,3.783,0.260;17.138,13.793,0.911;19.835,12.422,0.274;4.272,15.597,0.484;5.231,1.573,0.369;0.404,1.991,0.374;1.242,7.965,0.803;15.337,10.392,0.257;19.687,17.481,0.439;0.228,5.122,0.256;18.759,4.232,1.190;15.871,1.584,0.901;17.498,2.250,1.213;18.055,14.400,0.766;0.677,16.257,1.030;3.749,14.009,1.691;17.338,2.560,1.881;17.542,11.622,0.375;4.549,3.923,0.328;18.293,5.188,1.119;18.427,6.999,1.006;7.151,4.722,0.359;8.388,14.026,2.102;8.427,19.699,0.294;13.619,17.487,0.418;0.487,15.533,0.716;11.073,18.842,2.140;18.209,10.773,0.683;16.864,10.411,1.383;11.865,12.546,0.357;12.571,0.515,0.818;1.703,15.595,0.307;0.701,9.573,0.738;16.410,10.961,1.080;5.736,0.389,0.335;4.419,16.061,1.685;19.573,2.194,0.296;3.521,13.629,2.313"
63,drone_5,12.7776,12.1075,17.0000,17.0000,"14.357,12.879,0.252;9.010,15.177,1.025;19.809,4.168,0.324;10.129,14.615,2.458;8.936,6.709,0.287;4.590,13.262,2.343;6.403,11.029,1.330;6.438,19.149,0.410;6.347,16.387,2.305;7.658,6.938,1.213;18.528,3.397,0.319;12.463,1.244,0.327;15.140,2.624,0.353;19.181,11.248,0.397;6.075,10.679,1.237;9.963,18.318,0.278;13.657,2.395,1.242;18.345,8.323,0.607;16.330,12.669,1.212;8.211,16.636,2.108;18.920,4.724,0.824;6.982,14.462,0.467;13.078,3.783,0.260;17.138,13.793,0.911;19.835,12.422,0.274;4.272,15.597,0.484;5.231,1.573,0.369;0.404,1.991,0.374;1.242,7.965,0.803;15.337,10.392,0.257;19.687,17.481,0.439;0.228,5.122,0.256;18.759,4.232,1.190;15.871,1.584,0.901;17.498,2.250,1.213;18.055,14.400,0.766;0.677,16.257,1.030;3.749,14.009,1.691;17.338,2.560,1.881;17.542,11.622,0.375;4.549,3.923,0.328;18.293,5.188,1.119;18.427,6.999,1.006;7.151,4.722,0.359;8.388,14.026,2.102;8.427,19.699,0.294;13.619,17.487,0.418;0.487,15.533,0.716;11.073,18.842,2.140;18.209,10.773,0.683;16.864,10.411,1.383;11.865,12.546,0.357;12.571,0.515,0.818;1.703,15.595,0.307;0.701,9.573,0.738;16.410,10.961,1.080;5.736,0.389,0.335;4.419,16.061,1.685;19.573,2.194,0.296;3.521,13.629,2.313"
63,drone_6,15.0181,12.2445,17.0000,17.0000,"14.357,12.879,0.252;9.010,15.177,1.025;19.809,4.168,0.324;10.129,14.615,2.458;8.936,6.709,0.287;4.590,13.262,2.343;6.403,11.029,1.330;6.438,19.149,0.410;6.347,16.387,2.305;7.658,6.938,1.213;18.528,3.397,0.319;12.463,1.244,0.327;15.140,2.624,0.353;19.181,11.248,0.397;6.075,10.679,1.237;9.963,18.318,0.278;13.657,2.395,1.242;18.345,8.323,0.607;16.330,12.669,1.212;8.211,16.636,2.108;18.920,4.724,0.824;6.982,14.462,0.467;13.078,3.783,0.260;17.138,13.793,0.911;19.835,12.422,0.274;4.272,15.597,0.484;5.231,1.573,0.369;0.404,1.991,0.374;1.242,7.965,0.803;15.337,10.392,0.257;19.687,17.481,0.439;0.228,5.122,0.256;18.759,4.232,1.190;15.871,1.584,0.901;17.498,2.250,1.213;18.055,14.400,0.766;0.677,16.257,1.030;3.749,14.009,1.691;17.338,2.560,1.881;17.542,11.622,0.375;4.549,3.923,0.328;18.293,5.188,1.119;18.427,6.999,1.006;7.151,4.722,0.359;8.388,14.026,2.102;8.427,19.699,0.294;13.619,17.487,0.418;0.487,15.533,0.716;11.073,18.842,2.140;18.209,10.773,0.683;16.864,10.411,1.383;11.865,12.546,0.357;12.571,0.515,0.818;1.703,15.595,0.307;0.701,9.573,0.738;16.410,10.961,1.080;5.736,0.389,0.335;4.419,16.061,1.685;19.573,2.194,0.296;3.521,13.629,2.313"
64,drone_3,-100.0000,-100.0000,17.0000,17.0000,"14.357,12.879,0.252;9.010,15.177,1.025;19.809,4.168,0.324;10.129,14.615,2.458;8.936,6.709,0.287;4.590,13.262,2.343;6.403,11.029,1.330;6.438,19.149,0.410;6.347,16.387,2.305;7.658,6.938,1.213;18.528,3.397,0.319;12.463,1.244,0.327;15.140,2.624,0.353;19.181,11.248,0.397;6.075,10.679,1.237;9.963,18.318,0.278;13.657,2.395,1.242;18.345,8.323,0.607;16.330,12.669,1.212;8.211,16.636,2.108;18.920,4.724,0.824;6.982,14.462,0.467;13.078,3.783,0.260;17.138,13.793,0.911;19.835,12.422,0.274;4.272,15.597,0.484;5.231,1.573,0.369;0.404,1.991,0.374;1.242,7.965,0.803;15.337,10.392,0.257;19.687,17.481,0.439;0.228,5.122,0.256;18.759,4.232,1.190;15.871,1.584,0.901;17.498,2.250,1.213;18.055,14.400,0.766;0.677,16.257,1.030;3.749,14.009,1.691;17.338,2.560,1.881;17.542,11.622,0.375;4.549,3.923,0.328;18.293,5.188,1.119;18.427,6.999,1.006;7.151,4.722,0.359;8.388,14.026,2.102;8.427,19.699,0.294;13.619,17.487,0.418;0.487,15.533,0.716;11.073,18.842,2.140;18.209,10.773,0.683;16.864,10.411,1.383;11.865,12.546,0.357;12.571,0.515,0.818;1.703,15.595,0.307;0.701,9.573,0.738;16.410,10.961,1.080;5.736,0.389,0.335;4.419,16.061,1.685;19.573,2.194,0.296;3.521,13.629,2.313"
64,drone_5,12.8572,12.2909,17.0000,17.0000,"14.357,12.879,0.252;9.010,15.177,1.025;19.809,4.168,0.324;10.129,14.615,2.458;8.936,6.709,0.287;4.590,13.262,2.343;6.403,11.029,1.330;6.438,19.149,0.410;6.347,16.387,2.305;7.658,6.938,1.213;18.528,3.397,0.319;12.463,1.244,0.327;15.140,2.624,0.353;19.181,11.248,0.397;6.075,10.679,1.237;9.963,18.318,0.278;13.657,2.395,1.242;18.345,8.323,0.607;16.330,12.669,1.212;8.211,16.636,2.108;18.920,4.724,0.824;6.982,14.462,0.467;13.078,3.783,0.260;17.138,13.793,0.911;19.835,12.422,0.274;4.272,15.597,0.484;5.231,1.573,0.369;0.404,1.991,0.374;1.242,7.965,0.803;15.337,10.392,0.257;19.687,17.481,0.439;0.228,5.122,0.256;18.759,4.232,1.190;15.871,1.584,0.901;17.498,2.250,1.213;18.055,14.400,0.766;0.677,16.257,1.030;3.749,14.009,1.691;17.338,2.560,1.881;17.542,11.622,0.375;4.549,3.923,0.328;18.293,5.188,1.119;18.427,6.999,1.006;7.151,4.722,0.359;8.388,14.026,2.102;8.427,19.699,0.294;13.619,17.487,0.418;0.487,15.533,0.716;11.073,18.842,2.140;18.209,10.773,0.683;16.864,10.411,1.383;11.865,12.546,0.357;12.571,0.515,0.818;1.703,15.595,0.307;0.701,9.573,0.738;16.410,10.961,1.080;5.736,0.389,0.335;4.419,16.061,1.685;19.573,2.194,0.296;3.521,13.629,2.313"
64,drone_6,-100.0000,-100.0000,17.0000,17.0000,"14.357,12.879,0.252;9.010,15.177,1.025;19.809,4.168,0.324;10.129,14.615,2.458;8.936,6.709,0.287;4.590,13.262,2.343;6.403,11.029,1.330;6.438,19.149,0.410;6.347,16.387,2.305;7.658,6.938,1.213;18.528,3.397,0.319;12.463,1.244,0.327;15.140,2.624,0.353;19.181,11.248,0.397;6.075,10.679,1.237;9.963,18.318,0.278;13.657,2.395,1.242;18.345,8.323,0.607;16.330,12.669,1.212;8.211,16.636,2.108;18.920,4.724,0.824;6.982,14.462,0.467;13.078,3.783,0.260;17.138,13.793,0.911;19.835,12.422,0.274;4.272,15.597,0.484;5.231,1.573,0.369;0.404,1.991,0.374;1.242,7.965,0.803;15.337,10.392,0.257;19.687,17.481,0.439;0.228,5.122,0.256;18.759,4.232,1.190;15.871,1.584,0.901;17.498,2.250,1.213;18.055,14.400,0.766;0.677,16.257,1.030;3.749,14.009,1.691;17.338,2.560,1.881;17.542,11.622,0.375;4.549,3.923,0.328;18.293,5.188,1.119;18.427,6.999,1.006;7.151,4.722,0.359;8.388,14.026,2.102;8.427,19.699,0.294;13.619,17.487,0.418;0.487,15.533,0.716;11.073,18.842,2.140;18.209,10.773,0.683;16.864,10.411,1.383;11.865,12.546,0.357;12.571,0.515,0.818;1.703,15.595,0.307;0.701,9.573,0.738;16.410,10.961,1.080;5.736,0.389,0.335;4.419,16.061,1.685;19.573,2.194,0.296;3.521,13.629,2.313"
65,drone_5,12.9389,12.4735,17.0000,17.0000,"14.357,12.879,0.252;9.010,15.177,1.025;19.809,4.168,0.324;10.129,14.615,2.458;8.936,6.709,0.287;4.590,13.262,2.343;6.403,11.029,1.330;6.438,19.149,0.410;6.347,16.387,2.305;7.658,6.938,1.213;18.528,3.397,0.319;12.463,1.244,0.327;15.140,2.624,0.353;19.181,11.248,0.397;6.075,10.679,1.237;9.963,18.318,0.278;13.657,2.395,1.242;18.345,8.323,0.607;16.330,12.669,1.212;8.211,16.636,2.108;18.920,4.724,0.824;6.982,14.462,0.467;13.078,3.783,0.260;17.138,13.793,0.911;19.835,12.422,0.274;4.272,15.597,0.484;5.231,1.573,0.369;0.404,1.991,0.374;1.242,7.965,0.803;15.337,10.392,0.257;19.687,17.481,0.439;0.228,5.122,0.256;18.759,4.232,1.190;15.871,1.584,0.901;17.498,2.250,1.213;18.055,14.400,0.766;0.677,16.257,1.030;3.749,14.009,1.691;17.338,2.560,1.881;17.542,11.622,0.375;4.549,3.923,0.328;18.293,5.188,1.119;18.427,6.999,1.006;7.151,4.722,0.359;8.388,14.026,2.102;8.427,19.699,0.294;13.619,17.487,0.418;0.487,15.533,0.716;11.073,18.842,2.140;18.209,10.773,0.683;16.864,10.411,1.383;11.865,12.546,0.357;12.571,0.515,0.818;1.703,15.595,0.307;0.701,9.573,0.738;16.410,10.961,1.080;5.736,0.389,0.335;4.419,16.061,1.685;19.573,2.194,0.296;3.521,13.629,2.313"
66,drone_5,13.0179,12.6572,17.0000,17.0000,"14.357,12.879,0.252;9.010,15.177,1.025;19.809,4.168,0.324;10.129,14.615,2.458;8.936,6.709,0.287;4.590,13.262,2.343;6.403,11.029,1.330;6.438,19.149,0.410;6.347,16.387,2.305;7.658,6.938,1.213;18.528,3.397,0.319;12.463,1.244,0.327;15.140,2.624,0.353;19.181,11.248,0.397;6.075,10.679,1.237;9.963,18.318,0.278;13.657,2.395,1.242;18.345,8.323,0.607;16.330,12.669,1.212;8.211,16.636,2.108;18.920,4.724,0.824;6.982,14.462,0.467;13.078,3.783,0.260;17.138,13.793,0.911;19.835,12.422,0.274;4.272,15.597,0.484;5.231,1.573,0.369;0.404,1.991,0.374;1.242,7.965,0.803;15.337,10.392,0.257;19.687,17.481,0.439;0.228,5.122,0.256;18.759,4.232,1.190;15.871,1.584,0.901;17.498,2.250,1.213;18.055,14.400,0.766;0.677,16.257,1.030;3.749,14.009,1.691;17.338,2.560,1.881;17.542,11.622,0.375;4.549,3.923,0.328;18.293,5.188,1.119;18.427,6.999,1.006;7.151,4.722,0.359;8.388,14.026,2.102;8.427,19.699,0.294;13.619,17.487,0.418;0.487,15.533,0.716;11.073,18.842,2.140;18.209,10.773,0.683;16.864,10.411,1.383;11.865,12.546,0.357;12.571,0.515,0.818;1.703,15.595,0.307;0.701,9.573,0.738;16.410,10.961,1.080;5.736,0.389,0.335;4.419,16.061,1.685;19.573,2.194,0.296;3.521,13.629,2.313"
67,drone_5,13.0929,12.8426,17.0000,17.0000,"14.357,12.879,0.252;9.010,15.177,1.025;19.809,4.168,0.324;10.129,14.615,2.458;8.936,6.709,0.287;4.590,13.262,2.343;6.403,11.029,1.330;6.438,19.149,0.410;6.347,16.387,2.305;7.658,6.938,1.213;18.528,3.397,0.319;12.463,1.244,0.327;15.140,2.624,0.353;19.181,11.248,0.397;6.075,10.679,1.237;9.963,18.318,0.278;13.657,2.395,1.242;18.345,8.323,0.607;16.330,12.669,1.212;8.211,16.636,2.108;18.920,4.724,0.824;6.982,14.462,0.467;13.078,3.783,0.260;17.138,13.793,0.911;19.835,12.422,0.274;4.272,15.597,0.484;5.231,1.573,0.369;0.404,1.991,0.374;1.242,7.965,0.803;15.337,10.392,0.257;19.687,17.481,0.439;0.228,5.122,0.256;18.759,4.232,1.190;15.871,1.584,0.901;17.498,2.250,1.213;18.055,14.400,0.766;0.677,16.257,1.030;3.749,14.009,1.691;17.338,2.560,1.881;17.542,11.622,0.375;4.549,3.923,0.328;18.293,5.188,1.119;18.427,6.999,1.006;7.151,4.722,0.359;8.388,14.026,2.102;8.427,19.699,0.294;13.619,17.487,0.418;0.487,15.533,0.716;11.073,18.842,2.140;18.209,10.773,0.683;16.864,10.411,1.383;11.865,12.546,0.357;12.571,0.515,0.818;1.703,15.595,0.307;0.701,9.573,0.738;16.410,10.961,1.080;5.736,0.389,0.335;4.419,16.061,1.685;19.573,2.194,0.296;3.521,13.629,2.313"
68,drone_5,13.1637,13.0297,17.0000,17.0000,"14.357,12.879,0.252;9.010,15.177,1.025;19.809,4.168,0.324;10.129,14.615,2.458;8.936,6.709,0.287;4.590,13.262,2.343;6.403,11.029,1.330;6.438,19.149,0.410;6.347,16.387,2.305;7.658,6.938,1.213;18.528,3.397,0.319;12.463,1.244,0.327;15.140,2.624,0.353;19.181,11.248,0.397;6.075,10.679,1.237;9.963,18.318,0.278;13.657,2.395,1.242;18.345,8.323,0.607;16.330,12.669,1.212;8.211,16.636,2.108;18.920,4.724,0.824;6.982,14.462,0.467;13.078,3.783,0.260;17.138,13.793,0.911;19.835,12.422,0.274;4.272,15.597,0.484;5.231,1.573,0.369;0.404,1.991,0.374;1.242,7.965,0.803;15.337,10.392,0.257;19.687,17.481,0.439;0.228,5.122,0.256;18.759,4.232,1.190;15.871,1.584,0.901;17.498,2.250,1.213;18.055,14.400,0.766;0.677,16.257,1.030;3.749,14.009,1.691;17.338,2.560,1.881;17.542,11.622,0.375;4.549,3.923,0.328;18.293,5.188,1.119;18.427,6.999,1.006;7.151,4.722,0.359;8.388,14.026,2.102;8.427,19.699,0.294;13.619,17.487,0.418;0.487,15.533,0.716;11.073,18.842,2.140;18.209,10.773,0.683;16.864,10.411,1.383;11.865,12.546,0.357;12.571,0.515,0.818;1.703,15.595,0.307;0.701,9.573,0.738;16.410,10.961,1.080;5.736,0.389,0.335;4.419,16.061,1.685;19.573,2.194,0.296;3.521,13.629,2.313"
69,drone_5,13.2318,13.2177,17.0000,17.0000,"14.357,12.879,0.252;9.010,15.177,1.025;19.809,4.168,0.324;10.129,14.615,2.458;8.936,6.709,0.287;4.590,13.262,2.343;6.403,11.029,1.330;6.438,19.149,0.410;6.347,16.387,2.305;7.658,6.938,1.213;18.528,3.397,0.319;12.463,1.244,0.327;15.140,2.624,0.353;19.181,11.248,0.397;6.075,10.679,1.237;9.963,18.318,0.278;13.657,2.395,1.242;18.345,8.323,0.607;16.330,12.669,1.212;8.211,16.636,2.108;18.920,4.724,0.824;6.982,14.462,0.467;13.078,3.783,0.260;17.138,13.793,0.911;19.835,12.422,0.274;4.272,15.597,0.484;5.231,1.573,0.369;0.404,1.991,0.374;1.242,7.965,0.803;15.337,10.392,0.257;19.687,17.481,0.439;0.228,5.122,0.256;18.759,4.232,1.190;15.871,1.584,0.901;17.498,2.250,1.213;18.055,14.400,0.766;0.677,16.257,1.030;3.749,14.009,1.691;17.338,2.560,1.881;17.542,11.622,0.375;4.549,3.923,0.328;18.293,5.188,1.119;18.427,6.999,1.006;7.151,4.722,0.359;8.388,14.026,2.102;8.427,19.699,0.294;13.619,17.487,0.418;0.487,15.533,0.716;11.073,18.842,2.140;18.209,10.773,0.683;16.864,10.411,1.383;11.865,12.546,0.357;12.571,0.515,0.818;1.703,15.595,0.307;0.701,9.573,0.738;16.410,10.961,1.080;5.736,0.389,0.335;4.419,16.061,1.685;19.573,2.194,0.296;3.521,13.629,2.313"
70,drone_5,13.3043,13.4041,17.0000,17.0000,"14.357,12.879,0.252;9.010,15.177,1.025;19.809,4.168,0.324;10.129,14.615,2.458;8.936,6.709,0.287;4.590,13.262,2.343;6.403,11.029,1.330;6.438,19.149,0.410;6.347,16.387,2.305;7.658,6.938,1.213;18.528,3.397,0.319;12.463,1.244,0.327;15.140,2.624,0.353;19.181,11.248,0.397;6.075,10.679,1.237;9.963,18.318,0.278;13.657,2.395,1.242;18.345,8.323,0.607;16.330,12.669,1.212;8.211,16.636,2.108;18.920,4.724,0.824;6.982,14.462,0.467;13.078,3.783,0.260;17.138,13.793,0.911;19.835,12.422,0.274;4.272,15.597,0.484;5.231,1.573,0.369;0.404,1.991,0.374;1.242,7.965,0.803;15.337,10.392,0.257;19.687,17.481,0.439;0.228,5.122,0.256;18.759,4.232,1.190;15.871,1.584,0.901;17.498,2.250,1.213;18.055,14.400,0.766;0.677,16.257,1.030;3.749,14.009,1.691;17.338,2.560,1.881;17.542,11.622,0.375;4.549,3.923,0.328;18.293,5.188,1.119;18.427,6.999,1.006;7.151,4.722,0.359;8.388,14.026,2.102;8.427,19.699,0.294;13.619,17.487,0.418;0.487,15.533,0.716;11.073,18.842,2.140;18.209,10.773,0.683;16.864,10.411,1.383;11.865,12.546,0.357;12.571,0.515,0.818;1.703,15.595,0.307;0.701,9.573,0.738;16.410,10.961,1.080;5.736,0.389,0.335;4.419,16.061,1.685;19.573,2.194,0.296;3.521,13.629,2.313"
71,drone_5,13.3802,13.5892,17.0000,17.0000,"14.357,12.879,0.252;9.010,15.177,1.025;19.809,4.168,0.324;10.129,14.615,2.458;8.936,6.709,0.287;4.590,13.262,2.343;6.403,11.029,1.330;6.438,19.149,0.410;6.347,16.387,2.305;7.658,6.938,1.213;18.528,3.397,0.319;12.463,1.244,0.327;15.140,2.624,0.353;19.181,11.248,0.397;6.075,10.679,1.237;9.963,18.318,0.278;13.657,2.395,1.242;18.345,8.323,0.607;16.330,12.669,1.212;8.211,16.636,2.108;18.920,4.724,0.824;6.982,14.462,0.467;13.078,3.783,0.260;17.138,13.793,0.911;19.835,12.422,0.274;4.272,15.597,0.484;5.231,1.573,0.369;0.404,1.991,0.374;1.242,7.965,0.803;15.337,10.392,0.257;19.687,17.481,0.439;0.228,5.122,0.256;18.759,4.232,1.190;15.871,1.584,0.901;17.498,2.250,1.213;18.055,14.400,0.766;0.677,16.257,1.030;3.749,14.009,1.691;17.338,2.560,1.881;17.542,11.622,0.375;4.549,3.923,0.328;18.293,5.188,1.119;18.427,6.999,1.006;7.151,4.722,0.359;8.388,14.026,2.102;8.427,19.699,0.294;13.619,17.487,0.418;0.487,15.533,0.716;11.073,18.842,2.140;18.209,10.773,0.683;16.864,10.411,1.383;11.865,12.546,0.357;12.571,0.515,0.818;1.703,15.595,0.307;0.701,9.573,0.738;16.410,10.961,1.080;5.736,0.389,0.335;4.419,16.061,1.685;19.573,2.194,0.296;3.521,13.629,2.313"
72,drone_5,13.4584,13.7732,17.0000,17.0000,"14.357,12.879,0.252;9.010,15.177,1.025;19.809,4.168,0.324;10.129,14.615,2.458;8.936,6.709,0.287;4.590,13.262,2.343;6.403,11.029,1.330;6.438,19.149,0.410;6.347,16.387,2.305;7.658,6.938,1.213;18.528,3.397,0.319;12.463,1.244,0.327;15.140,2.624,0.353;19.181,11.248,0.397;6.075,10.679,1.237;9.963,18.318,0.278;13.657,2.395,1.242;18.345,8.323,0.607;16.330,12.669,1.212;8.211,16.636,2.108;18.920,4.724,0.824;6.982,14.462,0.467;13.078,3.783,0.260;17.138,13.793,0.911;19.835,12.422,0.274;4.272,15.597,0.484;5.231,1.573,0.369;0.404,1.991,0.374;1.242,7.965,0.803;15.337,10.392,0.257;19.687,17.481,0.439;0.228,5.122,0.256;18.759,4.232,1.190;15.871,1.584,0.901;17.498,2.250,1.213;18.055,14.400,0.766;0.677,16.257,1.030;3.749,14.009,1.691;17.338,2.560,1.881;17.542,11.622,0.375;4.549,3.923,0.328;18.293,5.188,1.119;18.427,6.999,1.006;7.151,4.722,0.359;8.388,14.026,2.102;8.427,19.699,0.294;13.619,17.487,0.418;0.487,15.533,0.716;11.073,18.842,2.140;18.209,10.773,0.683;16.864,10.411,1.383;11.865,12.546,0.357;12.571,0.515,0.818;1.703,15.595,0.307;0.701,9.573,0.738;16.410,10.961,1.080;5.736,0.389,0.335;4.419,16.061,1.685;19.573,2.194,0.296;3.521,13.629,2.313"
73,drone_5,13.5421,13.9549,17.0000,17.0000,"14.357,12.879,0.252;9.010,15.177,1.025;19.809,4.168,0.324;10.129,14.615,2.458;8.936,6.709,0.287;4.590,13.262,2.343;6.403,11.029,1.330;6.438,19.149,0.410;6.347,16.387,2.305;7.658,6.938,1.213;18.528,3.397,0.319;12.463,1.244,0.327;15.140,2.624,0.353;19.181,11.248,0.397;6.075,10.679,1.237;9.963,18.318,0.278;13.657,2.395,1.242;18.345,8.323,0.607;16.330,12.669,1.212;8.211,16.636,2.108;18.920,4.724,0.824;6.982,14.462,0.467;13.078,3.783,0.260;17.138,13.793,0.911;19.835,12.422,0.274;4.272,15.597,0.484;5.231,1.573,0.369;0.404,1.991,0.374;1.242,7.965,0.803;15.337,10.392,0.257;19.687,17.481,0.439;0.228,5.122,0.256;18.759,4.232,1.190;15.871,1.584,0.901;17.498,2.250,1.213;18.055,14.400,0.766;0.677,16.257,1.030;3.749,14.009,1.691;17.338,2.560,1.881;17.542,11.622,0.375;4.549,3.923,0.328;18.293,5.188,1.119;18.427,6.999,1.006;7.151,4.722,0.359;8.388,14.026,2.102;8.427,19.699,0.294;13.619,17.487,0.418;0.487,15.533,0.716;11.073,18.842,2.140;18.209,10.773,0.683;16.864,10.411,1.383;11.865,12.546,0.357;12.571,0.515,0.818;1.703,15.595,0.307;0.701,9.573,0.738;16.410,10.961,1.080;5.736,0.389,0.335;4.419,16.061,1.685;19.573,2.194,0.296;3.521,13.629,2.313"
74,drone_5,13.6291,14.1350,17.0000,17.0000,"14.357,12.879,0.252;9.010,15.177,1.025;19.809,4.168,0.324;10.129,14.615,2.458;8.936,6.709,0.287;4.590,13.262,2.343;6.403,11.029,1.330;6.438,19.149,0.410;6.347,16.387,2.305;7.658,6.938,1.213;18.528,3.397,0.319;12.463,1.244,0.327;15.140,2.624,0.353;19.181,11.248,0.397;6.075,10.679,1.237;9.963,18.318,0.278;13.657,2.395,1.242;18.345,8.323,0.607;16.330,12.669,1.212;8.211,16.636,2.108;18.920,4.724,0.824;6.982,14.462,0.467;13.078,3.783,0.260;17.138,13.793,0.911;19.835,12.422,0.274;4.272,15.597,0.484;5.231,1.573,0.369;0.404,1.991,0.374;1.242,7.965,0.803;15.337,10.392,0.257;19.687,17.481,0.439;0.228,5.122,0.256;18.759,4.232,1.190;15.871,1.584,0.901;17.498,2.250,1.213;18.055,14.400,0.766;0.677,16.257,1.030;3.749,14.009,1.691;17.338,2.560,1.881;17.542,11.622,0.375;4.549,3.923,0.328;18.293,5.188,1.119;18.427,6.999,1.006;7.151,4.722,0.359;8.388,14.026,2.102;8.427,19.699,0.294;13.619,17.487,0.418;0.487,15.533,0.716;11.073,18.842,2.140;18.209,10.773,0.683;16.864,10.411,1.383;11.865,12.546,0.357;12.571,0.515,0.818;1.703,15.595,0.307;0.701,9.573,0.738;16.410,10.961,1.080;5.736,0.389,0.335;4.419,16.061,1.685;19.573,2.194,0.296;3.521,13.629,2.313"
75,drone_5,13.7210,14.3126,17.0000,17.0000,"14.357,12.879,0.252;9.010,15.177,1.025;19.809,4.168,0.324;10.129,14.615,2.458;8.936,6.709,0.287;4.590,13.262,2.343;6.403,11.029,1.330;6.438,19.149,0.410;6.347,16.387,2.305;7.658,6.938,1.213;18.528,3.397,0.319;12.463,1.244,0.327;15.140,2.624,0.353;19.181,11.248,0.397;6.075,10.679,1.237;9.963,18.318,0.278;13.657,2.395,1.242;18.345,8.323,0.607;16.330,12.669,1.212;8.211,16.636,2.108;18.920,4.724,0.824;6.982,14.462,0.467;13.078,3.783,0.260;17.138,13.793,0.911;19.835,12.422,0.274;4.272,15.597,0.484;5.231,1.573,0.369;0.404,1.991,0.374;1.242,7.965,0.803;15.337,10.392,0.257;19.687,17.481,0.439;0.228,5.122,0.256;18.759,4.232,1.190;15.871,1.584,0.901;17.498,2.250,1.213;18.055,14.400,0.766;0.677,16.257,1.030;3.749,14.009,1.691;17.338,2.560,1.881;17.542,11.622,0.375;4.549,3.923,0.328;18.293,5.188,1.119;18.427,6.999,1.006;7.151,4.722,0.359;8.388,14.026,2.102;8.427,19.699,0.294;13.619,17.487,0.418;0.487,15.533,0.716;11.073,18.842,2.140;18.209,10.773,0.683;16.864,10.411,1.383;11.865,12.546,0.357;12.571,0.515,0.818;1.703,15.595,0.307;0.701,9.573,0.738;16.410,10.961,1.080;5.736,0.389,0.335;4.419,16.061,1.685;19.573,2.194,0.296;3.521,13.629,2.313"
76,drone_5,13.8165,14.4884,17.0000,17.0000,"14.357,12.879,0.252;9.010,15.177,1.025;19.809,4.168,0.324;10.129,14.615,2.458;8.936,6.709,0.287;4.590,13.262,2.343;6.403,11.029,1.330;6.438,19.149,0.410;6.347,16.387,2.305;7.658,6.938,1.213;18.528,3.397,0.319;12.463,1.244,0.327;15.140,2.624,0.353;19.181,11.248,0.397;6.075,10.679,1.237;9.963,18.318,0.278;13.657,2.395,1.242;18.345,8.323,0.607;16.330,12.669,1.212;8.211,16.636,2.108;18.920,4.724,0.824;6.982,14.462,0.467;13.078,3.783,0.260;17.138,13.793,0.911;19.835,12.422,0.274;4.272,15.597,0.484;5.231,1.573,0.369;0.404,1.991,0.374;1.242,7.965,0.803;15.337,10.392,0.257;19.687,17.481,0.439;0.228,5.122,0.256;18.759,4.232,1.190;15.871,1.584,0.901;17.498,2.250,1.213;18.055,14.400,0.766;0.677,16.257,1.030;3.749,14.009,1.691;17.338,2.560,1.881;17.542,11.622,0.375;4.549,3.923,0.328;18.293,5.188,1.119;18.427,6.999,1.006;7.151,4.722,0.359;8.388,14.026,2.102;8.427,19.699,0.294;13.619,17.487,0.418;0.487,15.533,0.716;11.073,18.842,2.140;18.209,10.773,0.683;16.864,10.411,1.383;11.865,12.546,0.357;12.571,0.515,0.818;1.703,15.595,0.307;0.701,9.573,0.738;16.410,10.961,1.080;5.736,0.389,0.335;4.419,16.061,1.685;19.573,2.194,0.296;3.521,13.629,2.313"
77,drone_5,13.9223,14.6581,17.0000,17.0000,"14.357,12.879,0.252;9.010,15.177,1.025;19.809,4.168,0.324;10.129,14.615,2.458;8.936,6.709,0.287;4.590,13.262,2.343;6.403,11.029,1.330;6.438,19.149,0.410;6.347,16.387,2.305;7.658,6.938,1.213;18.528,3.397,0.319;12.463,1.244,0.327;15.140,2.624,0.353;19.181,11.248,0.397;6.075,10.679,1.237;9.963,18.318,0.278;13.657,2.395,1.242;18.345,8.323,0.607;16.330,12.669,1.212;8.211,16.636,2.108;18.920,4.724,0.824;6.982,14.462,0.467;13.078,3.783,0.260;17.138,13.793,0.911;19.835,12.422,0.274;4.272,15.597,0.484;5.231,1.573,0.369;0.404,1.991,0.374;1.242,7.965,0.803;15.337,10.392,0.257;19.687,17.481,0.439;0.228,5.122,0.256;18.759,4.232,1.190;15.871,1.584,0.901;17.498,2.250,1.213;18.055,14.400,0.766;0.677,16.257,1.030;3.749,14.009,1.691;17.338,2.560,1.881;17.542,11.622,0.375;4.549,3.923,0.328;18.293,5.188,1.119;18.427,6.999,1.006;7.151,4.722,0.359;8.388,14.026,2.102;8.427,19.699,0.294;13.619,17.487,0.418;0.487,15.533,0.716;11.073,18.842,2.140;18.209,10.773,0.683;16.864,10.411,1.383;11.865,12.546,0.357;12.571,0.515,0.818;1.703,15.595,0.307;0.701,9.573,0.738;16.410,10.961,1.080;5.736,0.389,0.335;4.419,16.061,1.685;19.573,2.194,0.296;3.521,13.629,2.313"
78,drone_5,14.0341,14.8239,17.0000,17.0000,"14.357,12.879,0.252;9.010,15.177,1.025;19.809,4.168,0.324;10.129,14.615,2.458;8.936,6.709,0.287;4.590,13.262,2.343;6.403,11.029,1.330;6.438,19.149,0.410;6.347,16.387,2.305;7.658,6.938,1.213;18.528,3.397,0.319;12.463,1.244,0.327;15.140,2.624,0.353;19.181,11.248,0.397;6.075,10.679,1.237;9.963,18.318,0.278;13.657,2.395,1.242;18.345,8.323,0.607;16.330,12.669,1.212;8.211,16.636,2.108;18.920,4.724,0.824;6.982,14.462,0.467;13.078,3.783,0.260;17.138,13.793,0.911;19.835,12.422,0.274;4.272,15.597,0.484;5.231,1.573,0.369;0.404,1.991,0.374;1.242,7.965,0.803;15.337,10.392,0.257;19.687,17.481,0.439;0.228,5.122,0.256;18.759,4.232,1.190;15.871,1.584,0.901;17.498,2.250,1.213;18.055,14.400,0.766;0.677,16.257,1.030;3.749,14.009,1.691;17.338,2.560,1.881;17.542,11.622,0.375;4.549,3.923,0.328;18.293,5.188,1.119;18.427,6.999,1.006;7.151,4.722,0.359;8.388,14.026,2.102;8.427,19.699,0.294;13.619,17.487,0.418;0.487,15.533,0.716;11.073,18.842,2.140;18.209,10.773,0.683;16.864,10.411,1.383;11.865,12.546,0.357;12.571,0.515,0.818;1.703,15.595,0.307;0.701,9.573,0.738;16.410,10.961,1.080;5.736,0.389,0.335;4.419,16.061,1.685;19.573,2.194,0.296;3.521,13.629,2.313"
79,drone_5,14.1468,14.9891,17.0000,17.0000,"14.357,12.879,0.252;9.010,15.177,1.025;19.809,4.168,0.324;10.129,14.615,2.458;8.936,6.709,0.287;4.590,13.262,2.343;6.403,11.029,1.330;6.438,19.149,0.410;6.347,16.387,2.305;7.658,6.938,1.213;18.528,3.397,0.319;12.463,1.244,0.327;15.140,2.624,0.353;19.181,11.248,0.397;6.075,10.679,1.237;9.963,18.318,0.278;13.657,2.395,1.242;18.345,8.323,0.607;16.330,12.669,1.212;8.211,16.636,2.108;18.920,4.724,0.824;6.982,14.462,0.467;13.078,3.783,0.260;17.138,13.793,0.911;19.835,12.422,0.274;4.272,15.597,0.484;5.231,1.573,0.369;0.404,1.991,0.374;1.242,7.965,0.803;15.337,10.392,0.257;19.687,17.481,0.439;0.228,5.122,0.256;18.759,4.232,1.190;15.871,1.584,0.901;17.498,2.250,1.213;18.055,14.400,0.766;0.677,16.257,1.030;3.749,14.009,1.691;17.338,2.560,1.881;17.542,11.622,0.375;4.549,3.923,0.328;18.293,5.188,1.119;18.427,6.999,1.006;7.151,4.722,0.359;8.388,14.026,2.102;8.427,19.699,0.294;13.619,17.487,0.418;0.487,15.533,0.716;11.073,18.842,2.140;18.209,10.773,0.683;16.864,10.411,1.383;11.865,12.546,0.357;12.571,0.515,0.818;1.703,15.595,0.307;0.701,9.573,0.738;16.410,10.961,1.080;5.736,0.389,0.335;4.419,16.061,1.685;19.573,2.194,0.296;3.521,13.629,2.313"
80,drone_5,14.2577,15.1556,17.0000,17.0000,"14.357,12.879,0.252;9.010,15.177,1.025;19.809,4.168,0.324;10.129,14.615,2.458;8.936,6.709,0.287;4.590,13.262,2.343;6.403,11.029,1.330;6.438,19.149,0.410;6.347,16.387,2.305;7.658,6.938,1.213;18.528,3.397,0.319;12.463,1.244,0.327;15.140,2.624,0.353;19.181,11.248,0.397;6.075,10.679,1.237;9.963,18.318,0.278;13.657,2.395,1.242;18.345,8.323,0.607;16.330,12.669,1.212;8.211,16.636,2.108;18.920,4.724,0.824;6.982,14.462,0.467;13.078,3.783,0.260;17.138,13.793,0.911;19.835,12.422,0.274;4.272,15.597,0.484;5.231,1.573,0.369;0.404,1.991,0.374;1.242,7.965,0.803;15.337,10.392,0.257;19.687,17.481,0.439;0.228,5.122,0.256;18.759,4.232,1.190;15.871,1.584,0.901;17.498,2.250,1.213;18.055,14.400,0.766;0.677,16.257,1.030;3.749,14.009,1.691;17.338,2.560,1.881;17.542,11.622,0.375;4.549,3.923,0.328;18.293,5.188,1.119;18.427,6.999,1.006;7.151,4.722,0.359;8.388,14.026,2.102;8.427,19.699,0.294;13.619,17.487,0.418;0.487,15.533,0.716;11.073,18.842,2.140;18.209,10.773,0.683;16.864,10.411,1.383;11.865,12.546,0.357;12.571,0.515,0.818;1.703,15.595,0.307;0.701,9.573,0.738;16.410,10.961,1.080;5.736,0.389,0.335;4.419,16.061,1.685;19.573,2.194,0.296;3.521,13.629,2.313"
81,drone_5,14.3664,15.3235,17.0000,17.0000,"14.357,12.879,0.252;9.010,15.177,1.025;19.809,4.168,0.324;10.129,14.615,2.458;8.936,6.709,0.287;4.590,13.262,2.343;6.403,11.029,1.330;6.438,19.149,0.410;6.347,16.387,2.305;7.658,6.938,1.213;18.528,3.397,0.319;12.463,1.244,0.327;15.140,2.624,0.353;19.181,11.248,0.397;6.075,10.679,1.237;9.963,18.318,0.278;13.657,2.395,1.242;18.345,8.323,0.607;16.330,12.669,1.212;8.211,16.636,2.108;18.920,4.724,0.824;6.982,14.462,0.467;13.078,3.783,0.260;17.138,13.793,0.911;19.835,12.422,0.274;4.272,15.597,0.484;5.231,1.573,0.369;0.404,1.991,0.374;1.242,7.965,0.803;15.337,10.392,0.257;19.687,17.481,0.439;0.228,5.122,0.256;18.759,4.232,1.190;15.871,1.584,0.901;17.498,2.250,1.213;18.055,14.400,0.766;0.677,16.257,1.030;3.749,14.009,1.691;17.338,2.560,1.881;17.542,11.622,0.375;4.549,3.923,0.328;18.293,5.188,1.119;18.427,6.999,1.006;7.151,4.722,0.359;8.388,14.026,2.102;8.427,19.699,0.294;13.619,17.487,0.418;0.487,15.533,0.716;11.073,18.842,2.140;18.209,10.773,0.683;16.864,10.411,1.383;11.865,12.546,0.357;12.571,0.515,0.818;1.703,15.595,0.307;0.701,9.573,0.738;16.410,10.961,1.080;5.736,0.389,0.335;4.419,16.061,1.685;19.573,2.194,0.296;3.521,13.629,2.313"
82,drone_5,14.4729,15.4927,17.0000,17.0000,"14.357,12.879,0.252;9.010,15.177,1.025;19.809,4.168,0.324;10.129,14.615,2.458;8.936,6.709,0.287;4.590,13.262,2.343;6.403,11.029,1.330;6.438,19.149,0.410;6.347,16.387,2.305;7.658,6.938,1.213;18.528,3.397,0.319;12.463,1.244,0.327;15.140,2.624,0.353;19.181,11.248,0.397;6.075,10.679,1.237;9.963,18.318,0.278;13.657,2.395,1.242;18.345,8.323,0.607;16.330,12.669,1.212;8.211,16.636,2.108;18.920,4.724,0.824;6.982,14.462,0.467;13.078,3.783,0.260;17.138,13.793,0.911;19.835,12.422,0.274;4.272,15.597,0.484;5.231,1.573,0.369;0.404,1.991,0.374;1.242,7.965,0.803;15.337,10.392,0.257;19.687,17.481,0.439;0.228,5.122,0.256;18.759,4.232,1.190;15.871,1.584,0.901;17.498,2.250,1.213;18.055,14.400,0.766;0.677,16.257,1.030;3.749,14.009,1.691;17.338,2.560,1.881;17.542,11.622,0.375;4.549,3.923,0.328;18.293,5.188,1.119;18.427,6.999,1.006;7.151,4.722,0.359;8.388,14.026,2.102;8.427,19.699,0.294;13.619,17.487,0.418;0.487,15.533,0.716;11.073,18.842,2.140;18.209,10.773,0.683;16.864,10.411,1.383;11.865,12.546,0.357;12.571,0.515,0.818;1.703,15.595,0.307;0.701,9.573,0.738;16.410,10.961,1.080;5.736,0.389,0.335;4.419,16.061,1.685;19.573,2.194,0.296;3.521,13.629,2.313"
83,drone_5,14.5807,15.6612,17.0000,17.0000,"14.357,12.879,0.252;9.010,15.177,1.025;19.809,4.168,0.324;10.129,14.615,2.458;8.936,6.709,0.287;4.590,13.262,2.343;6.403,11.029,1.330;6.438,19.149,0.410;6.347,16.387,2.305;7.658,6.938,1.213;18.528,3.397,0.319;12.463,1.244,0.327;15.140,2.624,0.353;19.181,11.248,0.397;6.075,10.679,1.237;9.963,18.318,0.278;13.657,2.395,1.242;18.345,8.323,0.607;16.330,12.669,1.212;8.211,16.636,2.108;18.920,4.724,0.824;6.982,14.462,0.467;13.078,3.783,0.260;17.138,13.793,0.911;19.835,12.422,0.274;4.272,15.597,0.484;5.231,1.573,0.369;0.404,1.991,0.374;1.242,7.965,0.803;15.337,10.392,0.257;19.687,17.481,0.439;0.228,5.122,0.256;18.759,4.232,1.190;15.871,1.584,0.901;17.498,2.250,1.213;18.055,14.400,0.766;0.677,16.257,1.030;3.749,14.009,1.691;17.338,2.560,1.881;17.542,11.622,0.375;4.549,3.923,0.328;18.293,5.188,1.119;18.427,6.999,1.006;7.151,4.722,0.359;8.388,14.026,2.102;8.427,19.699,0.294;13.619,17.487,0.418;0.487,15.533,0.716;11.073,18.842,2.140;18.209,10.773,0.683;16.864,10.411,1.383;11.865,12.546,0.357;12.571,0.515,0.818;1.703,15.595,0.307;0.701,9.573,0.738;16.410,10.961,1.080;5.736,0.389,0.335;4.419,16.061,1.685;19.573,2.194,0.296;3.521,13.629,2.313"
84,drone_5,14.6873,15.8304,17.0000,17.0000,"14.357,12.879,0.252;9.010,15.177,1.025;19.809,4.168,0.324;10.129,14.615,2.458;8.936,6.709,0.287;4.590,13.262,2.343;6.403,11.029,1.330;6.438,19.149,0.410;6.347,16.387,2.305;7.658,6.938,1.213;18.528,3.397,0.319;12.463,1.244,0.327;15.140,2.624,0.353;19.181,11.248,0.397;6.075,10.679,1.237;9.963,18.318,0.278;13.657,2.395,1.242;18.345,8.323,0.607;16.330,12.669,1.212;8.211,16.636,2.108;18.920,4.724,0.824;6.982,14.462,0.467;13.078,3.783,0.260;17.138,13.793,0.911;19.835,12.422,0.274;4.272,15.597,0.484;5.231,1.573,0.369;0.404,1.991,0.374;1.242,7.965,0.803;15.337,10.392,0.257;19.687,17.481,0.439;0.228,5.122,0.256;18.759,4.232,1.190;15.871,1.584,0.901;17.498,2.250,1.213;18.055,14.400,0.766;0.677,16.257,1.030;3.749,14.009,1.691;17.338,2.560,1.881;17.542,11.622,0.375;4.549,3.923,0.328;18.293,5.188,1.119;18.427,6.999,1.006;7.151,4.722,0.359;8.388,14.026,2.102;8.427,19.699,0.294;13.619,17.487,0.418;0.487,15.533,0.716;11.073,18.842,2.140;18.209,10.773,0.683;16.864,10.411,1.383;11.865,12.546,0.357;12.571,0.515,0.818;1.703,15.595,0.307;0.701,9.573,0.738;16.410,10.961,1.080;5.736,0.389,0.335;4.419,16.061,1.685;19.573,2.194,0.296;3.521,13.629,2.313"
85,drone_5,14.8019,15.9943,17.0000,17.0000,"14.357,12.879,0.252;9.010,15.177,1.025;19.809,4.168,0.324;10.129,14.615,2.458;8.936,6.709,0.287;4.590,13.262,2.343;6.403,11.029,1.330;6.438,19.149,0.410;6.347,16.387,2.305;7.658,6.938,1.213;18.528,3.397,0.319;12.463,1.244,0.327;15.140,2.624,0.353;19.181,11.248,0.397;6.075,10.679,1.237;9.963,18.318,0.278;13.657,2.395,1.242;18.345,8.323,0.607;16.330,12.669,1.212;8.211,16.636,2.108;18.920,4.724,0.824;6.982,14.462,0.467;13.078,3.783,0.260;17.138,13.793,0.911;19.835,12.422,0.274;4.272,15.597,0.484;5.231,1.573,0.369;0.404,1.991,0.374;1.242,7.965,0.803;15.337,10.392,0.257;19.687,17.481,0.439;0.228,5.122,0.256;18.759,4.232,1.190;15.871,1.584,0.901;17.498,2.250,1.213;18.055,14.400,0.766;0.677,16.257,1.030;3.749,14.009,1.691;17.338,2.560,1.881;17.542,11.622,0.375;4.549,3.923,0.328;18.293,5.188,1.119;18.427,6.999,1.006;7.151,4.722,0.359;8.388,14.026,2.102;8.427,19.699,0.294;13.619,17.487,0.418;0.487,15.533,0.716;11.073,18.842,2.140;18.209,10.773,0.683;16.864,10.411,1.383;11.865,12.546,0.357;12.571,0.515,0.818;1.703,15.595,0.307;0.701,9.573,0.738;16.410,10.961,1.080;5.736,0.389,0.335;4.419,16.061,1.685;19.573,2.194,0.296;3.521,13.629,2.313"
86,drone_5,14.9296,16.1482,17.0000,17.0000,"14.357,12.879,0.252;9.010,15.177,1.025;19.809,4.168,0.324;10.129,14.615,2.458;8.936,6.709,0.287;4.590,13.262,2.343;6.403,11.029,1.330;6.438,19.149,0.410;6.347,16.387,2.305;7.658,6.938,1.213;18.528,3.397,0.319;12.463,1.244,0.327;15.140,2.624,0.353;19.181,11.248,0.397;6.075,10.679,1.237;9.963,18.318,0.278;13.657,2.395,1.242;18.345,8.323,0.607;16.330,12.669,1.212;8.211,16.636,2.108;18.920,4.724,0.824;6.982,14.462,0.467;13.078,3.783,0.260;17.138,13.793,0.911;19.835,12.422,0.274;4.272,15.597,0.484;5.231,1.573,0.369;0.404,1.991,0.374;1.242,7.965,0.803;15.337,10.392,0.257;19.687,17.481,0.439;0.228,5.122,0.256;18.759,4.232,1.190;15.871,1.584,0.901;17.498,2.250,1.213;18.055,14.400,0.766;0.677,16.257,1.030;3.749,14.009,1.691;17.338,2.560,1.881;17.542,11.622,0.375;4.549,3.923,0.328;18.293,5.188,1.119;18.427,6.999,1.006;7.151,4.722,0.359;8.388,14.026,2.102;8.427,19.699,0.294;13.619,17.487,0.418;0.487,15.533,0.716;11.073,18.842,2.140;18.209,10.773,0.683;16.864,10.411,1.383;11.865,12.546,0.357;12.571,0.515,0.818;1.703,15.595,0.307;0.701,9.573,0.738;16.410,10.961,1.080;5.736,0.389,0.335;4.419,16.061,1.685;19.573,2.194,0.296;3.521,13.629,2.313"
87,drone_5,15.0682,16.2925,17.0000,17.0000,"14.357,12.879,0.252;9.010,15.177,1.025;19.809,4.168,0.324;10.129,14.615,2.458;8.936,6.709,0.287;4.590,13.262,2.343;6.403,11.029,1.330;6.438,19.149,0.410;6.347,16.387,2.305;7.658,6.938,1.213;18.528,3.397,0.319;12.463,1.244,0.327;15.140,2.624,0.353;19.181,11.248,0.397;6.075,10.679,1.237;9.963,18.318,0.278;13.657,2.395,1.242;18.345,8.323,0.607;16.330,12.669,1.212;8.211,16.636,2.108;18.920,4.724,0.824;6.982,14.462,0.467;13.078,3.783,0.260;17.138,13.793,0.911;19.835,12.422,0.274;4.272,15.597,0.484;5.231,1.573,0.369;0.404,1.991,0.374;1.242,7.965,0.803;15.337,10.392,0.257;19.687,17.481,0.439;0.228,5.122,0.256;18.759,4.232,1.190;15.871,1.584,0.901;17.498,2.250,1.213;18.055,14.400,0.766;0.677,16.257,1.030;3.749,14.009,1.691;17.338,2.560,1.881;17.542,11.622,0.375;4.549,3.923,0.328;18.293,5.188,1.119;18.427,6.999,1.006;7.151,4.722,0.359;8.388,14.026,2.102;8.427,19.699,0.294;13.619,17.487,0.418;0.487,15.533,0.716;11.073,18.842,2.140;18.209,10.773,0.683;16.864,10.411,1.383;11.865,12.546,0.357;12.571,0.515,0.818;1.703,15.595,0.307;0.701,9.573,0.738;16.410,10.961,1.080;5.736,0.389,0.335;4.419,16.061,1.685;19.573,2.194,0.296;3.521,13.629,2.313"
88,drone_5,15.2014,16.4417,17.0000,17.0000,"14.357,12.879,0.252;9.010,15.177,1.025;19.809,4.168,0.324;10.129,14.615,2.458;8.936,6.709,0.287;4.590,13.262,2.343;6.403,11.029,1.330;6.438,19.149,0.410;6.347,16.387,2.305;7.658,6.938,1.213;18.528,3.397,0.319;12.463,1.244,0.327;15.140,2.624,0.353;19.181,11.248,0.397;6.075,10.679,1.237;9.963,18.318,0.278;13.657,2.395,1.242;18.345,8.323,0.607;16.330,12.669,1.212;8.211,16.636,2.108;18.920,4.724,0.824;6.982,14.462,0.467;13.078,3.783,0.260;17.138,13.793,0.911;19.835,12.422,0.274;4.272,15.597,0.484;5.231,1.573,0.369;0.404,1.991,0.374;1.242,7.965,0.803;15.337,10.392,0.257;19.687,17.481,0.439;0.228,5.122,0.256;18.759,4.232,1.190;15.871,1.584,0.901;17.498,2.250,1.213;18.055,14.400,0.766;0.677,16.257,1.030;3.749,14.009,1.691;17.338,2.560,1.881;17.542,11.622,0.375;4.549,3.923,0.328;18.293,5.188,1.119;18.427,6.999,1.006;7.151,4.722,0.359;8.388,14.026,2.102;8.427,19.699,0.294;13.619,17.487,0.418;0.487,15.533,0.716;11.073,18.842,2.140;18.209,10.773,0.683;16.864,10.411,1.383;11.865,12.546,0.357;12.571,0.515,0.818;1.703,15.595,0.307;0.701,9.573,0.738;16.410,10.961,1.080;5.736,0.389,0.335;4.419,16.061,1.685;19.573,2.194,0.296;3.521,13.629,2.313"
89,drone_5,15.3307,16.5943,17.0000,17.0000,"14.357,12.879,0.252;9.010,15.177,1.025;19.809,4.168,0.324;10.129,14.615,2.458;8.936,6.709,0.287;4.590,13.262,2.343;6.403,11.029,1.330;6.438,19.149,0.410;6.347,16.387,2.305;7.658,6.938,1.213;18.528,3.397,0.319;12.463,1.244,0.327;15.140,2.624,0.353;19.181,11.248,0.397;6.075,10.679,1.237;9.963,18.318,0.278;13.657,2.395,1.242;18.345,8.323,0.607;16.330,12.669,1.212;8.211,16.636,2.108;18.920,4.724,0.824;6.982,14.462,0.467;13.078,3.783,0.260;17.138,13.793,0.911;19.835,12.422,0.274;4.272,15.597,0.484;5.231,1.573,0.369;0.404,1.991,0.374;1.242,7.965,0.803;15.337,10.392,0.257;19.687,17.481,0.439;0.228,5.122,0.256;18.759,4.232,1.190;15.871,1.584,0.901;17.498,2.250,1.213;18.055,14.400,0.766;0.677,16.257,1.030;3.749,14.009,1.691;17.338,2.560,1.881;17.542,11.622,0.375;4.549,3.923,0.328;18.293,5.188,1.119;18.427,6.999,1.006;7.151,4.722,0.359;8.388,14.026,2.102;8.427,19.699,0.294;13.619,17.487,0.418;0.487,15.533,0.716;11.073,18.842,2.140;18.209,10.773,0.683;16.864,10.411,1.383;11.865,12.546,0.357;12.571,0.515,0.818;1.703,15.595,0.307;0.701,9.573,0.738;16.410,10.961,1.080;5.736,0.389,0.335;4.419,16.061,1.685;19.573,2.194,0.296;3.521,13.629,2.313"
90,drone_5,15.4650,16.7424,17.0000,17.0000,"14.357,12.879,0.252;9.010,15.177,1.025;19.809,4.168,0.324;10.129,14.615,2.458;8.936,6.709,0.287;4.590,13.262,2.343;6.403,11.029,1.330;6.438,19.149,0.410;6.347,16.387,2.305;7.658,6.938,1.213;18.528,3.397,0.319;12.463,1.244,0.327;15.140,2.624,0.353;19.181,11.248,0.397;6.075,10.679,1.237;9.963,18.318,0.278;13.657,2.395,1.242;18.345,8.323,0.607;16.330,12.669,1.212;8.211,16.636,2.108;18.920,4.724,0.824;6.982,14.462,0.467;13.078,3.783,0.260;17.138,13.793,0.911;19.835,12.422,0.274;4.272,15.597,0.484;5.231,1.573,0.369;0.404,1.991,0.374;1.242,7.965,0.803;15.337,10.392,0.257;19.687,17.481,0.439;0.228,5.122,0.256;18.759,4.232,1.190;15.871,1.584,0.901;17.498,2.250,1.213;18.055,14.400,0.766;0.677,16.257,1.030;3.749,14.009,1.691;17.338,2.560,1.881;17.542,11.622,0.375;4.549,3.923,0.328;18.293,5.188,1.119;18.427,6.999,1.006;7.151,4.722,0.359;8.388,14.026,2.102;8.427,19.699,0.294;13.619,17.487,0.418;0.487,15.533,0.716;11.073,18.842,2.140;18.209,10.773,0.683;16.864,10.411,1.383;11.865,12.546,0.357;12.571,0.515,0.818;1.703,15.595,0.307;0.701,9.573,0.738;16.410,10.961,1.080;5.736,0.389,0.335;4.419,16.061,1.685;19.573,2.194,0.296;3.521,13.629,2.313"
91,drone_5,15.6056,16.8847,17.0000,17.0000,"14.357,12.879,0.252;9.010,15.177,1.025;19.809,4.168,0.324;10.129,14.615,2.458;8.936,6.709,0.287;4.590,13.262,2.343;6.403,11.029,1.330;6.438,19.149,0.410;6.347,16.387,2.305;7.658,6.938,1.213;18.528,3.397,0.319;12.463,1.244,0.327;15.140,2.624,0.353;19.181,11.248,0.397;6.075,10.679,1.237;9.963,18.318,0.278;13.657,2.395,1.242;18.345,8.323,0.607;16.330,12.669,1.212;8.211,16.636,2.108;18.920,4.724,0.824;6.982,14.462,0.467;13.078,3.783,0.260;17.138,13.793,0.911;19.835,12.422,0.274;4.272,15.597,0.484;5.231,1.573,0.369;0.404,1.991,0.374;1.242,7.965,0.803;15.337,10.392,0.257;19.687,17.481,0.439;0.228,5.122,0.256;18.759,4.232,1.190;15.871,1.584,0.901;17.498,2.250,1.213;18.055,14.400,0.766;0.677,16.257,1.030;3.749,14.009,1.691;17.338,2.560,1.881;17.542,11.622,0.375;4.549,3.923,0.328;18.293,5.188,1.119;18.427,6.999,1.006;7.151,4.722,0.359;8.388,14.026,2.102;8.427,19.699,0.294;13.619,17.487,0.418;0.487,15.533,0.716;11.073,18.842,2.140;18.209,10.773,0.683;16.864,10.411,1.383;11.865,12.546,0.357;12.571,0.515,0.818;1.703,15.595,0.307;0.701,9.573,0.738;16.410,10.961,1.080;5.736,0.389,0.335;4.419,16.061,1.685;19.573,2.194,0.296;3.521,13.629,2.313"
92,drone_5,15.7452,17.0279,17.0000,17.0000,"14.357,12.879,0.252;9.010,15.177,1.025;19.809,4.168,0.324;10.129,14.615,2.458;8.936,6.709,0.287;4.590,13.262,2.343;6.403,11.029,1.330;6.438,19.149,0.410;6.347,16.387,2.305;7.658,6.938,1.213;18.528,3.397,0.319;12.463,1.244,0.327;15.140,2.624,0.353;19.181,11.248,0.397;6.075,10.679,1.237;9.963,18.318,0.278;13.657,2.395,1.242;18.345,8.323,0.607;16.330,12.669,1.212;8.211,16.636,2.108;18.920,4.724,0.824;6.982,14.462,0.467;13.078,3.783,0.260;17.138,13.793,0.911;19.835,12.422,0.274;4.272,15.597,0.484;5.231,1.573,0.369;0.404,1.991,0.374;1.242,7.965,0.803;15.337,10.392,0.257;19.687,17.481,0.439;0.228,5.122,0.256;18.759,4.232,1.190;15.871,1.584,0.901;17.498,2.250,1.213;18.055,14.400,0.766;0.677,16.257,1.030;3.749,14.009,1.691;17.338,2.560,1.881;17.542,11.622,0.375;4.549,3.923,0.328;18.293,5.188,1.119;18.427,6.999,1.006;7.151,4.722,0.359;8.388,14.026,2.102;8.427,19.699,0.294;13.619,17.487,0.418;0.487,15.533,0.716;11.073,18.842,2.140;18.209,10.773,0.683;16.864,10.411,1.383;11.865,12.546,0.357;12.571,0.515,0.818;1.703,15.595,0.307;0.701,9.573,0.738;16.410,10.961,1.080;5.736,0.389,0.335;4.419,16.061,1.685;19.573,2.194,0.296;3.521,13.629,2.313"
93,drone_5,15.8939,17.1617,17.0000,17.0000,"14.357,12.879,0.252;9.010,15.177,1.025;19.809,4.168,0.324;10.129,14.615,2.458;8.936,6.709,0.287;4.590,13.262,2.343;6.403,11.029,1.330;6.438,19.149,0.410;6.347,16.387,2.305;7.658,6.938,1.213;18.528,3.397,0.319;12.463,1.244,0.327;15.140,2.624,0.353;19.181,11.248,0.397;6.075,10.679,1.237;9.963,18.318,0.278;13.657,2.395,1.242;18.345,8.323,0.607;16.330,12.669,1.212;8.211,16.636,2.108;18.920,4.724,0.824;6.982,14.462,0.467;13.078,3.783,0.260;17.138,13.793,0.911;19.835,12.422,0.274;4.272,15.597,0.484;5.231,1.573,0.369;0.404,1.991,0.374;1.242,7.965,0.803;15.337,10.392,0.257;19.687,17.481,0.439;0.228,5.122,0.256;18.759,4.232,1.190;15.871,1.584,0.901;17.498,2.250,1.213;18.055,14.400,0.766;0.677,16.257,1.030;3.749,14.009,1.691;17.338,2.560,1.881;17.542,11.622,0.375;4.549,3.923,0.328;18.293,5.188,1.119;18.427,6.999,1.006;7.151,4.722,0.359;8.388,14.026,2.102;8.427,19.699,0.294;13.619,17.487,0.418;0.487,15.533,0.716;11.073,18.842,2.140;18.209,10.773,0.683;16.864,10.411,1.383;11.865,12.546,0.357;12.571,0.515,0.818;1.703,15.595,0.307;0.701,9.573,0.738;16.410,10.961,1.080;5.736,0.389,0.335;4.419,16.061,1.685;19.573,2.194,0.296;3.521,13.629,2.313"
94,drone_5,16.0575,17.2767,17.0000,17.0000,"14.357,12.879,0.252;9.010,15.177,1.025;19.809,4.168,0.324;10.129,14.615,2.458;8.936,6.709,0.287;4.590,13.262,2.343;6.403,11.029,1.330;6.438,19.149,0.410;6.347,16.387,2.305;7.658,6.938,1.213;18.528,3.397,0.319;12.463,1.244,0.327;15.140,2.624,0.353;19.181,11.248,0.397;6.075,10.679,1.237;9.963,18.318,0.278;13.657,2.395,1.242;18.345,8.323,0.607;16.330,12.669,1.212;8.211,16.636,2.108;18.920,4.724,0.824;6.982,14.462,0.467;13.078,3.783,0.260;17.138,13.793,0.911;19.835,12.422,0.274;4.272,15.597,0.484;5.231,1.573,0.369;0.404,1.991,0.374;1.242,7.965,0.803;15.337,10.392,0.257;19.687,17.481,0.439;0.228,5.122,0.256;18.759,4.232,1.190;15.871,1.584,0.901;17.498,2.250,1.213;18.055,14.400,0.766;0.677,16.257,1.030;3.749,14.009,1.691;17.338,2.560,1.881;17.542,11.622,0.375;4.549,3.923,0.328;18.293,5.188,1.119;18.427,6.999,1.006;7.151,4.722,0.359;8.388,14.026,2.102;8.427,19.699,0.294;13.619,17.487,0.418;0.487,15.533,0.716;11.073,18.842,2.140;18.209,10.773,0.683;16.864,10.411,1.383;11.865,12.546,0.357;12.571,0.515,0.818;1.703,15.595,0.307;0.701,9.573,0.738;16.410,10.961,1.080;5.736,0.389,0.335;4.419,16.061,1.685;19.573,2.194,0.296;3.521,13.629,2.313"
95,drone_5,16.2297,17.3784,17.0000,17.0000,"14.357,12.879,0.252;9.010,15.177,1.025;19.809,4.168,0.324;10.129,14.615,2.458;8.936,6.709,0.287;4.590,13.262,2.343;6.403,11.029,1.330;6.438,19.149,0.410;6.347,16.387,2.305;7.658,6.938,1.213;18.528,3.397,0.319;12.463,1.244,0.327;15.140,2.624,0.353;19.181,11.248,0.397;6.075,10.679,1.237;9.963,18.318,0.278;13.657,2.395,1.242;18.345,8.323,0.607;16.330,12.669,1.212;8.211,16.636,2.108;18.920,4.724,0.824;6.982,14.462,0.467;13.078,3.783,0.260;17.138,13.793,0.911;19.835,12.422,0.274;4.272,15.597,0.484;5.231,1.573,0.369;0.404,1.991,0.374;1.242,7.965,0.803;15.337,10.392,0.257;19.687,17.481,0.439;0.228,5.122,0.256;18.759,4.232,1.190;15.871,1.584,0.901;17.498,2.250,1.213;18.055,14.400,0.766;0.677,16.257,1.030;3.749,14.009,1.691;17.338,2.560,1.881;17.542,11.622,0.375;4.549,3.923,0.328;18.293,5.188,1.119;18.427,6.999,1.006;7.151,4.722,0.359;8.388,14.026,2.102;8.427,19.699,0.294;13.619,17.487,0.418;0.487,15.533,0.716;11.073,18.842,2.140;18.209,10.773,0.683;16.864,10.411,1.383;11.865,12.546,0.357;12.571,0.515,0.818;1.703,15.595,0.307;0.701,9.573,0.738;16.410,10.961,1.080;5.736,0.389,0.335;4.419,16.061,1.685;19.573,2.194,0.296;3.521,13.629,2.313"
96,drone_5,16.4093,17.4663,17.0000,17.0000,"14.357,12.879,0.252;9.010,15.177,1.025;19.809,4.168,0.324;10.129,14.615,2.458;8.936,6.709,0.287;4.590,13.262,2.343;6.403,11.029,1.330;6.438,19.149,0.410;6.347,16.387,2.305;7.658,6.938,1.213;18.528,3.397,0.319;12.463,1.244,0.327;15.140,2.624,0.353;19.181,11.248,0.397;6.075,10.679,1.237;9.963,18.318,0.278;13.657,2.395,1.242;18.345,8.323,0.607;16.330,12.669,1.212;8.211,16.636,2.108;18.920,4.724,0.824;6.982,14.462,0.467;13.078,3.783,0.260;17.138,13.793,0.911;19.835,12.422,0.274;4.272,15.597,0.484;5.231,1.573,0.369;0.404,1.991,0.374;1.242,7.965,0.803;15.337,10.392,0.257;19.687,17.481,0.439;0.228,5.122,0.256;18.759,4.232,1.190;15.871,1.584,0.901;17.498,2.250,1.213;18.055,14.400,0.766;0.677,16.257,1.030;3.749,14.009,1.691;17.338,2.560,1.881;17.542,11.622,0.375;4.549,3.923,0.328;18.293,5.188,1.119;18.427,6.999,1.006;7.151,4.722,0.359;8.388,14.026,2.102;8.427,19.699,0.294;13.619,17.487,0.418;0.487,15.533,0.716;11.073,18.842,2.140;18.209,10.773,0.683;16.864,10.411,1.383;11.865,12.546,0.357;12.571,0.515,0.818;1.703,15.595,0.307;0.701,9.573,0.738;16.410,10.961,1.080;5.736,0.389,0.335;4.419,16.061,1.685;19.573,2.194,0.296;3.521,13.629,2.313"
