Step,Agent,X,Y,Goal_X,Goal_Y,Obstacles
0,drone_0,11.0790,5.4609,17.0000,17.0000,"2.347,9.515,0.494;18.301,13.223,1.046;6.689,15.596,2.085;17.102,11.298,0.427;8.172,10.967,1.213;8.788,15.372,0.923;2.199,2.005,0.957;19.010,8.298,0.361;2.280,15.513,1.948;13.374,18.274,0.268;13.316,14.508,0.289;0.568,6.095,0.938;3.098,6.163,0.425;6.816,5.317,0.491;4.424,6.165,1.061;4.055,14.203,1.145;2.339,3.335,2.092;7.811,18.921,0.744;8.652,19.088,0.420;5.921,10.282,0.492;2.431,19.156,0.228;2.185,15.073,2.027;11.957,10.604,0.939;19.649,6.620,0.472;11.281,7.869,0.382;7.288,3.974,0.431;10.341,1.594,1.277;19.506,12.205,0.316;19.617,15.458,0.285;14.317,8.164,0.285;2.365,18.859,0.351;14.189,11.973,1.329;13.490,14.516,1.086;12.545,13.736,1.026;18.102,11.068,0.351;11.388,16.307,0.431;2.960,12.039,1.245;7.017,4.180,2.098;3.118,13.109,0.771;8.750,14.656,0.293;12.054,15.768,0.340;6.525,14.215,2.145;18.779,11.767,1.747;2.514,1.369,0.425;17.179,11.793,0.662;3.419,1.387,1.237;16.737,3.377,0.319;8.526,9.392,0.816;6.185,17.996,0.315;15.205,3.276,0.387;13.718,9.006,1.672;9.759,14.760,0.817;6.998,9.793,1.267;8.603,3.362,1.204;18.237,12.002,1.803;5.279,17.177,2.469"
0,drone_1,12.7462,4.4101,17.0000,17.0000,"2.347,9.515,0.494;18.301,13.223,1.046;6.689,15.596,2.085;17.102,11.298,0.427;8.172,10.967,1.213;8.788,15.372,0.923;2.199,2.005,0.957;19.010,8.298,0.361;2.280,15.513,1.948;13.374,18.274,0.268;13.316,14.508,0.289;0.568,6.095,0.938;3.098,6.163,0.425;6.816,5.317,0.491;4.424,6.165,1.061;4.055,14.203,1.145;2.339,3.335,2.092;7.811,18.921,0.744;8.652,19.088,0.420;5.921,10.282,0.492;2.431,19.156,0.228;2.185,15.073,2.027;11.957,10.604,0.939;19.649,6.620,0.472;11.281,7.869,0.382;7.288,3.974,0.431;10.341,1.594,1.277;19.506,12.205,0.316;19.617,15.458,0.285;14.317,8.164,0.285;2.365,18.859,0.351;14.189,11.973,1.329;13.490,14.516,1.086;12.545,13.736,1.026;18.102,11.068,0.351;11.388,16.307,0.431;2.960,12.039,1.245;7.017,4.180,2.098;3.118,13.109,0.771;8.750,14.656,0.293;12.054,15.768,0.340;6.525,14.215,2.145;18.779,11.767,1.747;2.514,1.369,0.425;17.179,11.793,0.662;3.419,1.387,1.237;16.737,3.377,0.319;8.526,9.392,0.816;6.185,17.996,0.315;15.205,3.276,0.387;13.718,9.006,1.672;9.759,14.760,0.817;6.998,9.793,1.267;8.603,3.362,1.204;18.237,12.002,1.803;5.279,17.177,2.469"
0,drone_2,11.9695,5.6436,17.0000,17.0000,"2.347,9.515,0.494;18.301,13.223,1.046;6.689,15.596,2.085;17.102,11.298,0.427;8.172,10.967,1.213;8.788,15.372,0.923;2.199,2.005,0.957;19.010,8.298,0.361;2.280,15.513,1.948;13.374,18.274,0.268;13.316,14.508,0.289;0.568,6.095,0.938;3.098,6.163,0.425;6.816,5.317,0.491;4.424,6.165,1.061;4.055,14.203,1.145;2.339,3.335,2.092;7.811,18.921,0.744;8.652,19.088,0.420;5.921,10.282,0.492;2.431,19.156,0.228;2.185,15.073,2.027;11.957,10.604,0.939;19.649,6.620,0.472;11.281,7.869,0.382;7.288,3.974,0.431;10.341,1.594,1.277;19.506,12.205,0.316;19.617,15.458,0.285;14.317,8.164,0.285;2.365,18.859,0.351;14.189,11.973,1.329;13.490,14.516,1.086;12.545,13.736,1.026;18.102,11.068,0.351;11.388,16.307,0.431;2.960,12.039,1.245;7.017,4.180,2.098;3.118,13.109,0.771;8.750,14.656,0.293;12.054,15.768,0.340;6.525,14.215,2.145;18.779,11.767,1.747;2.514,1.369,0.425;17.179,11.793,0.662;3.419,1.387,1.237;16.737,3.377,0.319;8.526,9.392,0.816;6.185,17.996,0.315;15.205,3.276,0.387;13.718,9.006,1.672;9.759,14.760,0.817;6.998,9.793,1.267;8.603,3.362,1.204;18.237,12.002,1.803;5.279,17.177,2.469"
0,drone_3,11.1344,4.0103,17.0000,17.0000,"2.347,9.515,0.494;18.301,13.223,1.046;6.689,15.596,2.085;17.102,11.298,0.427;8.172,10.967,1.213;8.788,15.372,0.923;2.199,2.005,0.957;19.010,8.298,0.361;2.280,15.513,1.948;13.374,18.274,0.268;13.316,14.508,0.289;0.568,6.095,0.938;3.098,6.163,0.425;6.816,5.317,0.491;4.424,6.165,1.061;4.055,14.203,1.145;2.339,3.335,2.092;7.811,18.921,0.744;8.652,19.088,0.420;5.921,10.282,0.492;2.431,19.156,0.228;2.185,15.073,2.027;11.957,10.604,0.939;19.649,6.620,0.472;11.281,7.869,0.382;7.288,3.974,0.431;10.341,1.594,1.277;19.506,12.205,0.316;19.617,15.458,0.285;14.317,8.164,0.285;2.365,18.859,0.351;14.189,11.973,1.329;13.490,14.516,1.086;12.545,13.736,1.026;18.102,11.068,0.351;11.388,16.307,0.431;2.960,12.039,1.245;7.017,4.180,2.098;3.118,13.109,0.771;8.750,14.656,0.293;12.054,15.768,0.340;6.525,14.215,2.145;18.779,11.767,1.747;2.514,1.369,0.425;17.179,11.793,0.662;3.419,1.387,1.237;16.737,3.377,0.319;8.526,9.392,0.816;6.185,17.996,0.315;15.205,3.276,0.387;13.718,9.006,1.672;9.759,14.760,0.817;6.998,9.793,1.267;8.603,3.362,1.204;18.237,12.002,1.803;5.279,17.177,2.469"
0,drone_4,13.2097,5.1764,17.0000,17.0000,"2.347,9.515,0.494;18.301,13.223,1.046;6.689,15.596,2.085;17.102,11.298,0.427;8.172,10.967,1.213;8.788,15.372,0.923;2.199,2.005,0.957;19.010,8.298,0.361;2.280,15.513,1.948;13.374,18.274,0.268;13.316,14.508,0.289;0.568,6.095,0.938;3.098,6.163,0.425;6.816,5.317,0.491;4.424,6.165,1.061;4.055,14.203,1.145;2.339,3.335,2.092;7.811,18.921,0.744;8.652,19.088,0.420;5.921,10.282,0.492;2.431,19.156,0.228;2.185,15.073,2.027;11.957,10.604,0.939;19.649,6.620,0.472;11.281,7.869,0.382;7.288,3.974,0.431;10.341,1.594,1.277;19.506,12.205,0.316;19.617,15.458,0.285;14.317,8.164,0.285;2.365,18.859,0.351;14.189,11.973,1.329;13.490,14.516,1.086;12.545,13.736,1.026;18.102,11.068,0.351;11.388,16.307,0.431;2.960,12.039,1.245;7.017,4.180,2.098;3.118,13.109,0.771;8.750,14.656,0.293;12.054,15.768,0.340;6.525,14.215,2.145;18.779,11.767,1.747;2.514,1.369,0.425;17.179,11.793,0.662;3.419,1.387,1.237;16.737,3.377,0.319;8.526,9.392,0.816;6.185,17.996,0.315;15.205,3.276,0.387;13.718,9.006,1.672;9.759,14.760,0.817;6.998,9.793,1.267;8.603,3.362,1.204;18.237,12.002,1.803;5.279,17.177,2.469"
0,drone_5,11.8338,4.6673,17.0000,17.0000,"2.347,9.515,0.494;18.301,13.223,1.046;6.689,15.596,2.085;17.102,11.298,0.427;8.172,10.967,1.213;8.788,15.372,0.923;2.199,2.005,0.957;19.010,8.298,0.361;2.280,15.513,1.948;13.374,18.274,0.268;13.316,14.508,0.289;0.568,6.095,0.938;3.098,6.163,0.425;6.816,5.317,0.491;4.424,6.165,1.061;4.055,14.203,1.145;2.339,3.335,2.092;7.811,18.921,0.744;8.652,19.088,0.420;5.921,10.282,0.492;2.431,19.156,0.228;2.185,15.073,2.027;11.957,10.604,0.939;19.649,6.620,0.472;11.281,7.869,0.382;7.288,3.974,0.431;10.341,1.594,1.277;19.506,12.205,0.316;19.617,15.458,0.285;14.317,8.164,0.285;2.365,18.859,0.351;14.189,11.973,1.329;13.490,14.516,1.086;12.545,13.736,1.026;18.102,11.068,0.351;11.388,16.307,0.431;2.960,12.039,1.245;7.017,4.180,2.098;3.118,13.109,0.771;8.750,14.656,0.293;12.054,15.768,0.340;6.525,14.215,2.145;18.779,11.767,1.747;2.514,1.369,0.425;17.179,11.793,0.662;3.419,1.387,1.237;16.737,3.377,0.319;8.526,9.392,0.816;6.185,17.996,0.315;15.205,3.276,0.387;13.718,9.006,1.672;9.759,14.760,0.817;6.998,9.793,1.267;8.603,3.362,1.204;18.237,12.002,1.803;5.279,17.177,2.469"
0,drone_6,12.9632,6.1841,17.0000,17.0000,"2.347,9.515,0.494;18.301,13.223,1.046;6.689,15.596,2.085;17.102,11.298,0.427;8.172,10.967,1.213;8.788,15.372,0.923;2.199,2.005,0.957;19.010,8.298,0.361;2.280,15.513,1.948;13.374,18.274,0.268;13.316,14.508,0.289;0.568,6.095,0.938;3.098,6.163,0.425;6.816,5.317,0.491;4.424,6.165,1.061;4.055,14.203,1.145;2.339,3.335,2.092;7.811,18.921,0.744;8.652,19.088,0.420;5.921,10.282,0.492;2.431,19.156,0.228;2.185,15.073,2.027;11.957,10.604,0.939;19.649,6.620,0.472;11.281,7.869,0.382;7.288,3.974,0.431;10.341,1.594,1.277;19.506,12.205,0.316;19.617,15.458,0.285;14.317,8.164,0.285;2.365,18.859,0.351;14.189,11.973,1.329;13.490,14.516,1.086;12.545,13.736,1.026;18.102,11.068,0.351;11.388,16.307,0.431;2.960,12.039,1.245;7.017,4.180,2.098;3.118,13.109,0.771;8.750,14.656,0.293;12.054,15.768,0.340;6.525,14.215,2.145;18.779,11.767,1.747;2.514,1.369,0.425;17.179,11.793,0.662;3.419,1.387,1.237;16.737,3.377,0.319;8.526,9.392,0.816;6.185,17.996,0.315;15.205,3.276,0.387;13.718,9.006,1.672;9.759,14.760,0.817;6.998,9.793,1.267;8.603,3.362,1.204;18.237,12.002,1.803;5.279,17.177,2.469"
0,drone_7,11.4076,6.2721,17.0000,17.0000,"2.347,9.515,0.494;18.301,13.223,1.046;6.689,15.596,2.085;17.102,11.298,0.427;8.172,10.967,1.213;8.788,15.372,0.923;2.199,2.005,0.957;19.010,8.298,0.361;2.280,15.513,1.948;13.374,18.274,0.268;13.316,14.508,0.289;0.568,6.095,0.938;3.098,6.163,0.425;6.816,5.317,0.491;4.424,6.165,1.061;4.055,14.203,1.145;2.339,3.335,2.092;7.811,18.921,0.744;8.652,19.088,0.420;5.921,10.282,0.492;2.431,19.156,0.228;2.185,15.073,2.027;11.957,10.604,0.939;19.649,6.620,0.472;11.281,7.869,0.382;7.288,3.974,0.431;10.341,1.594,1.277;19.506,12.205,0.316;19.617,15.458,0.285;14.317,8.164,0.285;2.365,18.859,0.351;14.189,11.973,1.329;13.490,14.516,1.086;12.545,13.736,1.026;18.102,11.068,0.351;11.388,16.307,0.431;2.960,12.039,1.245;7.017,4.180,2.098;3.118,13.109,0.771;8.750,14.656,0.293;12.054,15.768,0.340;6.525,14.215,2.145;18.779,11.767,1.747;2.514,1.369,0.425;17.179,11.793,0.662;3.419,1.387,1.237;16.737,3.377,0.319;8.526,9.392,0.816;6.185,17.996,0.315;15.205,3.276,0.387;13.718,9.006,1.672;9.759,14.760,0.817;6.998,9.793,1.267;8.603,3.362,1.204;18.237,12.002,1.803;5.279,17.177,2.469"
0,drone_8,13.3687,3.8623,17.0000,17.0000,"2.347,9.515,0.494;18.301,13.223,1.046;6.689,15.596,2.085;17.102,11.298,0.427;8.172,10.967,1.213;8.788,15.372,0.923;2.199,2.005,0.957;19.010,8.298,0.361;2.280,15.513,1.948;13.374,18.274,0.268;13.316,14.508,0.289;0.568,6.095,0.938;3.098,6.163,0.425;6.816,5.317,0.491;4.424,6.165,1.061;4.055,14.203,1.145;2.339,3.335,2.092;7.811,18.921,0.744;8.652,19.088,0.420;5.921,10.282,0.492;2.431,19.156,0.228;2.185,15.073,2.027;11.957,10.604,0.939;19.649,6.620,0.472;11.281,7.869,0.382;7.288,3.974,0.431;10.341,1.594,1.277;19.506,12.205,0.316;19.617,15.458,0.285;14.317,8.164,0.285;2.365,18.859,0.351;14.189,11.973,1.329;13.490,14.516,1.086;12.545,13.736,1.026;18.102,11.068,0.351;11.388,16.307,0.431;2.960,12.039,1.245;7.017,4.180,2.098;3.118,13.109,0.771;8.750,14.656,0.293;12.054,15.768,0.340;6.525,14.215,2.145;18.779,11.767,1.747;2.514,1.369,0.425;17.179,11.793,0.662;3.419,1.387,1.237;16.737,3.377,0.319;8.526,9.392,0.816;6.185,17.996,0.315;15.205,3.276,0.387;13.718,9.006,1.672;9.759,14.760,0.817;6.998,9.793,1.267;8.603,3.362,1.204;18.237,12.002,1.803;5.279,17.177,2.469"
0,drone_9,12.1094,3.8648,17.0000,17.0000,"2.347,9.515,0.494;18.301,13.223,1.046;6.689,15.596,2.085;17.102,11.298,0.427;8.172,10.967,1.213;8.788,15.372,0.923;2.199,2.005,0.957;19.010,8.298,0.361;2.280,15.513,1.948;13.374,18.274,0.268;13.316,14.508,0.289;0.568,6.095,0.938;3.098,6.163,0.425;6.816,5.317,0.491;4.424,6.165,1.061;4.055,14.203,1.145;2.339,3.335,2.092;7.811,18.921,0.744;8.652,19.088,0.420;5.921,10.282,0.492;2.431,19.156,0.228;2.185,15.073,2.027;11.957,10.604,0.939;19.649,6.620,0.472;11.281,7.869,0.382;7.288,3.974,0.431;10.341,1.594,1.277;19.506,12.205,0.316;19.617,15.458,0.285;14.317,8.164,0.285;2.365,18.859,0.351;14.189,11.973,1.329;13.490,14.516,1.086;12.545,13.736,1.026;18.102,11.068,0.351;11.388,16.307,0.431;2.960,12.039,1.245;7.017,4.180,2.098;3.118,13.109,0.771;8.750,14.656,0.293;12.054,15.768,0.340;6.525,14.215,2.145;18.779,11.767,1.747;2.514,1.369,0.425;17.179,11.793,0.662;3.419,1.387,1.237;16.737,3.377,0.319;8.526,9.392,0.816;6.185,17.996,0.315;15.205,3.276,0.387;13.718,9.006,1.672;9.759,14.760,0.817;6.998,9.793,1.267;8.603,3.362,1.204;18.237,12.002,1.803;5.279,17.177,2.469"
1,drone_0,11.1538,5.5609,17.0000,17.0000,"2.347,9.515,0.494;18.301,13.223,1.046;6.689,15.596,2.085;17.102,11.298,0.427;8.172,10.967,1.213;8.788,15.372,0.923;2.199,2.005,0.957;19.010,8.298,0.361;2.280,15.513,1.948;13.374,18.274,0.268;13.316,14.508,0.289;0.568,6.095,0.938;3.098,6.163,0.425;6.816,5.317,0.491;4.424,6.165,1.061;4.055,14.203,1.145;2.339,3.335,2.092;7.811,18.921,0.744;8.652,19.088,0.420;5.921,10.282,0.492;2.431,19.156,0.228;2.185,15.073,2.027;11.957,10.604,0.939;19.649,6.620,0.472;11.281,7.869,0.382;7.288,3.974,0.431;10.341,1.594,1.277;19.506,12.205,0.316;19.617,15.458,0.285;14.317,8.164,0.285;2.365,18.859,0.351;14.189,11.973,1.329;13.490,14.516,1.086;12.545,13.736,1.026;18.102,11.068,0.351;11.388,16.307,0.431;2.960,12.039,1.245;7.017,4.180,2.098;3.118,13.109,0.771;8.750,14.656,0.293;12.054,15.768,0.340;6.525,14.215,2.145;18.779,11.767,1.747;2.514,1.369,0.425;17.179,11.793,0.662;3.419,1.387,1.237;16.737,3.377,0.319;8.526,9.392,0.816;6.185,17.996,0.315;15.205,3.276,0.387;13.718,9.006,1.672;9.759,14.760,0.817;6.998,9.793,1.267;8.603,3.362,1.204;18.237,12.002,1.803;5.279,17.177,2.469"
1,drone_1,12.8462,4.5101,17.0000,17.0000,"2.347,9.515,0.494;18.301,13.223,1.046;6.689,15.596,2.085;17.102,11.298,0.427;8.172,10.967,1.213;8.788,15.372,0.923;2.199,2.005,0.957;19.010,8.298,0.361;2.280,15.513,1.948;13.374,18.274,0.268;13.316,14.508,0.289;0.568,6.095,0.938;3.098,6.163,0.425;6.816,5.317,0.491;4.424,6.165,1.061;4.055,14.203,1.145;2.339,3.335,2.092;7.811,18.921,0.744;8.652,19.088,0.420;5.921,10.282,0.492;2.431,19.156,0.228;2.185,15.073,2.027;11.957,10.604,0.939;19.649,6.620,0.472;11.281,7.869,0.382;7.288,3.974,0.431;10.341,1.594,1.277;19.506,12.205,0.316;19.617,15.458,0.285;14.317,8.164,0.285;2.365,18.859,0.351;14.189,11.973,1.329;13.490,14.516,1.086;12.545,13.736,1.026;18.102,11.068,0.351;11.388,16.307,0.431;2.960,12.039,1.245;7.017,4.180,2.098;3.118,13.109,0.771;8.750,14.656,0.293;12.054,15.768,0.340;6.525,14.215,2.145;18.779,11.767,1.747;2.514,1.369,0.425;17.179,11.793,0.662;3.419,1.387,1.237;16.737,3.377,0.319;8.526,9.392,0.816;6.185,17.996,0.315;15.205,3.276,0.387;13.718,9.006,1.672;9.759,14.760,0.817;6.998,9.793,1.267;8.603,3.362,1.204;18.237,12.002,1.803;5.279,17.177,2.469"
1,drone_2,12.0695,5.7436,17.0000,17.0000,"2.347,9.515,0.494;18.301,13.223,1.046;6.689,15.596,2.085;17.102,11.298,0.427;8.172,10.967,1.213;8.788,15.372,0.923;2.199,2.005,0.957;19.010,8.298,0.361;2.280,15.513,1.948;13.374,18.274,0.268;13.316,14.508,0.289;0.568,6.095,0.938;3.098,6.163,0.425;6.816,5.317,0.491;4.424,6.165,1.061;4.055,14.203,1.145;2.339,3.335,2.092;7.811,18.921,0.744;8.652,19.088,0.420;5.921,10.282,0.492;2.431,19.156,0.228;2.185,15.073,2.027;11.957,10.604,0.939;19.649,6.620,0.472;11.281,7.869,0.382;7.288,3.974,0.431;10.341,1.594,1.277;19.506,12.205,0.316;19.617,15.458,0.285;14.317,8.164,0.285;2.365,18.859,0.351;14.189,11.973,1.329;13.490,14.516,1.086;12.545,13.736,1.026;18.102,11.068,0.351;11.388,16.307,0.431;2.960,12.039,1.245;7.017,4.180,2.098;3.118,13.109,0.771;8.750,14.656,0.293;12.054,15.768,0.340;6.525,14.215,2.145;18.779,11.767,1.747;2.514,1.369,0.425;17.179,11.793,0.662;3.419,1.387,1.237;16.737,3.377,0.319;8.526,9.392,0.816;6.185,17.996,0.315;15.205,3.276,0.387;13.718,9.006,1.672;9.759,14.760,0.817;6.998,9.793,1.267;8.603,3.362,1.204;18.237,12.002,1.803;5.279,17.177,2.469"
1,drone_3,11.2044,4.1103,17.0000,17.0000,"2.347,9.515,0.494;18.301,13.223,1.046;6.689,15.596,2.085;17.102,11.298,0.427;8.172,10.967,1.213;8.788,15.372,0.923;2.199,2.005,0.957;19.010,8.298,0.361;2.280,15.513,1.948;13.374,18.274,0.268;13.316,14.508,0.289;0.568,6.095,0.938;3.098,6.163,0.425;6.816,5.317,0.491;4.424,6.165,1.061;4.055,14.203,1.145;2.339,3.335,2.092;7.811,18.921,0.744;8.652,19.088,0.420;5.921,10.282,0.492;2.431,19.156,0.228;2.185,15.073,2.027;11.957,10.604,0.939;19.649,6.620,0.472;11.281,7.869,0.382;7.288,3.974,0.431;10.341,1.594,1.277;19.506,12.205,0.316;19.617,15.458,0.285;14.317,8.164,0.285;2.365,18.859,0.351;14.189,11.973,1.329;13.490,14.516,1.086;12.545,13.736,1.026;18.102,11.068,0.351;11.388,16.307,0.431;2.960,12.039,1.245;7.017,4.180,2.098;3.118,13.109,0.771;8.750,14.656,0.293;12.054,15.768,0.340;6.525,14.215,2.145;18.779,11.767,1.747;2.514,1.369,0.425;17.179,11.793,0.662;3.419,1.387,1.237;16.737,3.377,0.319;8.526,9.392,0.816;6.185,17.996,0.315;15.205,3.276,0.387;13.718,9.006,1.672;9.759,14.760,0.817;6.998,9.793,1.267;8.603,3.362,1.204;18.237,12.002,1.803;5.279,17.177,2.469"
1,drone_4,13.3097,5.2746,17.0000,17.0000,"2.347,9.515,0.494;18.301,13.223,1.046;6.689,15.596,2.085;17.102,11.298,0.427;8.172,10.967,1.213;8.788,15.372,0.923;2.199,2.005,0.957;19.010,8.298,0.361;2.280,15.513,1.948;13.374,18.274,0.268;13.316,14.508,0.289;0.568,6.095,0.938;3.098,6.163,0.425;6.816,5.317,0.491;4.424,6.165,1.061;4.055,14.203,1.145;2.339,3.335,2.092;7.811,18.921,0.744;8.652,19.088,0.420;5.921,10.282,0.492;2.431,19.156,0.228;2.185,15.073,2.027;11.957,10.604,0.939;19.649,6.620,0.472;11.281,7.869,0.382;7.288,3.974,0.431;10.341,1.594,1.277;19.506,12.205,0.316;19.617,15.458,0.285;14.317,8.164,0.285;2.365,18.859,0.351;14.189,11.973,1.329;13.490,14.516,1.086;12.545,13.736,1.026;18.102,11.068,0.351;11.388,16.307,0.431;2.960,12.039,1.245;7.017,4.180,2.098;3.118,13.109,0.771;8.750,14.656,0.293;12.054,15.768,0.340;6.525,14.215,2.145;18.779,11.767,1.747;2.514,1.369,0.425;17.179,11.793,0.662;3.419,1.387,1.237;16.737,3.377,0.319;8.526,9.392,0.816;6.185,17.996,0.315;15.205,3.276,0.387;13.718,9.006,1.672;9.759,14.760,0.817;6.998,9.793,1.267;8.603,3.362,1.204;18.237,12.002,1.803;5.279,17.177,2.469"
1,drone_5,11.9338,4.7673,17.0000,17.0000,"2.347,9.515,0.494;18.301,13.223,1.046;6.689,15.596,2.085;17.102,11.298,0.427;8.172,10.967,1.213;8.788,15.372,0.923;2.199,2.005,0.957;19.010,8.298,0.361;2.280,15.513,1.948;13.374,18.274,0.268;13.316,14.508,0.289;0.568,6.095,0.938;3.098,6.163,0.425;6.816,5.317,0.491;4.424,6.165,1.061;4.055,14.203,1.145;2.339,3.335,2.092;7.811,18.921,0.744;8.652,19.088,0.420;5.921,10.282,0.492;2.431,19.156,0.228;2.185,15.073,2.027;11.957,10.604,0.939;19.649,6.620,0.472;11.281,7.869,0.382;7.288,3.974,0.431;10.341,1.594,1.277;19.506,12.205,0.316;19.617,15.458,0.285;14.317,8.164,0.285;2.365,18.859,0.351;14.189,11.973,1.329;13.490,14.516,1.086;12.545,13.736,1.026;18.102,11.068,0.351;11.388,16.307,0.431;2.960,12.039,1.245;7.017,4.180,2.098;3.118,13.109,0.771;8.750,14.656,0.293;12.054,15.768,0.340;6.525,14.215,2.145;18.779,11.767,1.747;2.514,1.369,0.425;17.179,11.793,0.662;3.419,1.387,1.237;16.737,3.377,0.319;8.526,9.392,0.816;6.185,17.996,0.315;15.205,3.276,0.387;13.718,9.006,1.672;9.759,14.760,0.817;6.998,9.793,1.267;8.603,3.362,1.204;18.237,12.002,1.803;5.279,17.177,2.469"
1,drone_6,13.0632,6.2841,17.0000,17.0000,"2.347,9.515,0.494;18.301,13.223,1.046;6.689,15.596,2.085;17.102,11.298,0.427;8.172,10.967,1.213;8.788,15.372,0.923;2.199,2.005,0.957;19.010,8.298,0.361;2.280,15.513,1.948;13.374,18.274,0.268;13.316,14.508,0.289;0.568,6.095,0.938;3.098,6.163,0.425;6.816,5.317,0.491;4.424,6.165,1.061;4.055,14.203,1.145;2.339,3.335,2.092;7.811,18.921,0.744;8.652,19.088,0.420;5.921,10.282,0.492;2.431,19.156,0.228;2.185,15.073,2.027;11.957,10.604,0.939;19.649,6.620,0.472;11.281,7.869,0.382;7.288,3.974,0.431;10.341,1.594,1.277;19.506,12.205,0.316;19.617,15.458,0.285;14.317,8.164,0.285;2.365,18.859,0.351;14.189,11.973,1.329;13.490,14.516,1.086;12.545,13.736,1.026;18.102,11.068,0.351;11.388,16.307,0.431;2.960,12.039,1.245;7.017,4.180,2.098;3.118,13.109,0.771;8.750,14.656,0.293;12.054,15.768,0.340;6.525,14.215,2.145;18.779,11.767,1.747;2.514,1.369,0.425;17.179,11.793,0.662;3.419,1.387,1.237;16.737,3.377,0.319;8.526,9.392,0.816;6.185,17.996,0.315;15.205,3.276,0.387;13.718,9.006,1.672;9.759,14.760,0.817;6.998,9.793,1.267;8.603,3.362,1.204;18.237,12.002,1.803;5.279,17.177,2.469"
1,drone_7,11.5076,6.3721,17.0000,17.0000,"2.347,9.515,0.494;18.301,13.223,1.046;6.689,15.596,2.085;17.102,11.298,0.427;8.172,10.967,1.213;8.788,15.372,0.923;2.199,2.005,0.957;19.010,8.298,0.361;2.280,15.513,1.948;13.374,18.274,0.268;13.316,14.508,0.289;0.568,6.095,0.938;3.098,6.163,0.425;6.816,5.317,0.491;4.424,6.165,1.061;4.055,14.203,1.145;2.339,3.335,2.092;7.811,18.921,0.744;8.652,19.088,0.420;5.921,10.282,0.492;2.431,19.156,0.228;2.185,15.073,2.027;11.957,10.604,0.939;19.649,6.620,0.472;11.281,7.869,0.382;7.288,3.974,0.431;10.341,1.594,1.277;19.506,12.205,0.316;19.617,15.458,0.285;14.317,8.164,0.285;2.365,18.859,0.351;14.189,11.973,1.329;13.490,14.516,1.086;12.545,13.736,1.026;18.102,11.068,0.351;11.388,16.307,0.431;2.960,12.039,1.245;7.017,4.180,2.098;3.118,13.109,0.771;8.750,14.656,0.293;12.054,15.768,0.340;6.525,14.215,2.145;18.779,11.767,1.747;2.514,1.369,0.425;17.179,11.793,0.662;3.419,1.387,1.237;16.737,3.377,0.319;8.526,9.392,0.816;6.185,17.996,0.315;15.205,3.276,0.387;13.718,9.006,1.672;9.759,14.760,0.817;6.998,9.793,1.267;8.603,3.362,1.204;18.237,12.002,1.803;5.279,17.177,2.469"
1,drone_8,13.4617,3.9623,17.0000,17.0000,"2.347,9.515,0.494;18.301,13.223,1.046;6.689,15.596,2.085;17.102,11.298,0.427;8.172,10.967,1.213;8.788,15.372,0.923;2.199,2.005,0.957;19.010,8.298,0.361;2.280,15.513,1.948;13.374,18.274,0.268;13.316,14.508,0.289;0.568,6.095,0.938;3.098,6.163,0.425;6.816,5.317,0.491;4.424,6.165,1.061;4.055,14.203,1.145;2.339,3.335,2.092;7.811,18.921,0.744;8.652,19.088,0.420;5.921,10.282,0.492;2.431,19.156,0.228;2.185,15.073,2.027;11.957,10.604,0.939;19.649,6.620,0.472;11.281,7.869,0.382;7.288,3.974,0.431;10.341,1.594,1.277;19.506,12.205,0.316;19.617,15.458,0.285;14.317,8.164,0.285;2.365,18.859,0.351;14.189,11.973,1.329;13.490,14.516,1.086;12.545,13.736,1.026;18.102,11.068,0.351;11.388,16.307,0.431;2.960,12.039,1.245;7.017,4.180,2.098;3.118,13.109,0.771;8.750,14.656,0.293;12.054,15.768,0.340;6.525,14.215,2.145;18.779,11.767,1.747;2.514,1.369,0.425;17.179,11.793,0.662;3.419,1.387,1.237;16.737,3.377,0.319;8.526,9.392,0.816;6.185,17.996,0.315;15.205,3.276,0.387;13.718,9.006,1.672;9.759,14.760,0.817;6.998,9.793,1.267;8.603,3.362,1.204;18.237,12.002,1.803;5.279,17.177,2.469"
1,drone_9,12.2039,3.9648,17.0000,17.0000,"2.347,9.515,0.494;18.301,13.223,1.046;6.689,15.596,2.085;17.102,11.298,0.427;8.172,10.967,1.213;8.788,15.372,0.923;2.199,2.005,0.957;19.010,8.298,0.361;2.280,15.513,1.948;13.374,18.274,0.268;13.316,14.508,0.289;0.568,6.095,0.938;3.098,6.163,0.425;6.816,5.317,0.491;4.424,6.165,1.061;4.055,14.203,1.145;2.339,3.335,2.092;7.811,18.921,0.744;8.652,19.088,0.420;5.921,10.282,0.492;2.431,19.156,0.228;2.185,15.073,2.027;11.957,10.604,0.939;19.649,6.620,0.472;11.281,7.869,0.382;7.288,3.974,0.431;10.341,1.594,1.277;19.506,12.205,0.316;19.617,15.458,0.285;14.317,8.164,0.285;2.365,18.859,0.351;14.189,11.973,1.329;13.490,14.516,1.086;12.545,13.736,1.026;18.102,11.068,0.351;11.388,16.307,0.431;2.960,12.039,1.245;7.017,4.180,2.098;3.118,13.109,0.771;8.750,14.656,0.293;12.054,15.768,0.340;6.525,14.215,2.145;18.779,11.767,1.747;2.514,1.369,0.425;17.179,11.793,0.662;3.419,1.387,1.237;16.737,3.377,0.319;8.526,9.392,0.816;6.185,17.996,0.315;15.205,3.276,0.387;13.718,9.006,1.672;9.759,14.760,0.817;6.998,9.793,1.267;8.603,3.362,1.204;18.237,12.002,1.803;5.279,17.177,2.469"
2,drone_0,11.3162,5.6777,17.0000,17.0000,"2.347,9.515,0.494;18.301,13.223,1.046;6.689,15.596,2.085;17.102,11.298,0.427;8.172,10.967,1.213;8.788,15.372,0.923;2.199,2.005,0.957;19.010,8.298,0.361;2.280,15.513,1.948;13.374,18.274,0.268;13.316,14.508,0.289;0.568,6.095,0.938;3.098,6.163,0.425;6.816,5.317,0.491;4.424,6.165,1.061;4.055,14.203,1.145;2.339,3.335,2.092;7.811,18.921,0.744;8.652,19.088,0.420;5.921,10.282,0.492;2.431,19.156,0.228;2.185,15.073,2.027;11.957,10.604,0.939;19.649,6.620,0.472;11.281,7.869,0.382;7.288,3.974,0.431;10.341,1.594,1.277;19.506,12.205,0.316;19.617,15.458,0.285;14.317,8.164,0.285;2.365,18.859,0.351;14.189,11.973,1.329;13.490,14.516,1.086;12.545,13.736,1.026;18.102,11.068,0.351;11.388,16.307,0.431;2.960,12.039,1.245;7.017,4.180,2.098;3.118,13.109,0.771;8.750,14.656,0.293;12.054,15.768,0.340;6.525,14.215,2.145;18.779,11.767,1.747;2.514,1.369,0.425;17.179,11.793,0.662;3.419,1.387,1.237;16.737,3.377,0.319;8.526,9.392,0.816;6.185,17.996,0.315;15.205,3.276,0.387;13.718,9.006,1.672;9.759,14.760,0.817;6.998,9.793,1.267;8.603,3.362,1.204;18.237,12.002,1.803;5.279,17.177,2.469"
2,drone_1,13.0149,4.6174,17.0000,17.0000,"2.347,9.515,0.494;18.301,13.223,1.046;6.689,15.596,2.085;17.102,11.298,0.427;8.172,10.967,1.213;8.788,15.372,0.923;2.199,2.005,0.957;19.010,8.298,0.361;2.280,15.513,1.948;13.374,18.274,0.268;13.316,14.508,0.289;0.568,6.095,0.938;3.098,6.163,0.425;6.816,5.317,0.491;4.424,6.165,1.061;4.055,14.203,1.145;2.339,3.335,2.092;7.811,18.921,0.744;8.652,19.088,0.420;5.921,10.282,0.492;2.431,19.156,0.228;2.185,15.073,2.027;11.957,10.604,0.939;19.649,6.620,0.472;11.281,7.869,0.382;7.288,3.974,0.431;10.341,1.594,1.277;19.506,12.205,0.316;19.617,15.458,0.285;14.317,8.164,0.285;2.365,18.859,0.351;14.189,11.973,1.329;13.490,14.516,1.086;12.545,13.736,1.026;18.102,11.068,0.351;11.388,16.307,0.431;2.960,12.039,1.245;7.017,4.180,2.098;3.118,13.109,0.771;8.750,14.656,0.293;12.054,15.768,0.340;6.525,14.215,2.145;18.779,11.767,1.747;2.514,1.369,0.425;17.179,11.793,0.662;3.419,1.387,1.237;16.737,3.377,0.319;8.526,9.392,0.816;6.185,17.996,0.315;15.205,3.276,0.387;13.718,9.006,1.672;9.759,14.760,0.817;6.998,9.793,1.267;8.603,3.362,1.204;18.237,12.002,1.803;5.279,17.177,2.469"
2,drone_2,12.2341,5.8573,17.0000,17.0000,"2.347,9.515,0.494;18.301,13.223,1.046;6.689,15.596,2.085;17.102,11.298,0.427;8.172,10.967,1.213;8.788,15.372,0.923;2.199,2.005,0.957;19.010,8.298,0.361;2.280,15.513,1.948;13.374,18.274,0.268;13.316,14.508,0.289;0.568,6.095,0.938;3.098,6.163,0.425;6.816,5.317,0.491;4.424,6.165,1.061;4.055,14.203,1.145;2.339,3.335,2.092;7.811,18.921,0.744;8.652,19.088,0.420;5.921,10.282,0.492;2.431,19.156,0.228;2.185,15.073,2.027;11.957,10.604,0.939;19.649,6.620,0.472;11.281,7.869,0.382;7.288,3.974,0.431;10.341,1.594,1.277;19.506,12.205,0.316;19.617,15.458,0.285;14.317,8.164,0.285;2.365,18.859,0.351;14.189,11.973,1.329;13.490,14.516,1.086;12.545,13.736,1.026;18.102,11.068,0.351;11.388,16.307,0.431;2.960,12.039,1.245;7.017,4.180,2.098;3.118,13.109,0.771;8.750,14.656,0.293;12.054,15.768,0.340;6.525,14.215,2.145;18.779,11.767,1.747;2.514,1.369,0.425;17.179,11.793,0.662;3.419,1.387,1.237;16.737,3.377,0.319;8.526,9.392,0.816;6.185,17.996,0.315;15.205,3.276,0.387;13.718,9.006,1.672;9.759,14.760,0.817;6.998,9.793,1.267;8.603,3.362,1.204;18.237,12.002,1.803;5.279,17.177,2.469"
2,drone_3,11.3485,4.2270,17.0000,17.0000,"2.347,9.515,0.494;18.301,13.223,1.046;6.689,15.596,2.085;17.102,11.298,0.427;8.172,10.967,1.213;8.788,15.372,0.923;2.199,2.005,0.957;19.010,8.298,0.361;2.280,15.513,1.948;13.374,18.274,0.268;13.316,14.508,0.289;0.568,6.095,0.938;3.098,6.163,0.425;6.816,5.317,0.491;4.424,6.165,1.061;4.055,14.203,1.145;2.339,3.335,2.092;7.811,18.921,0.744;8.652,19.088,0.420;5.921,10.282,0.492;2.431,19.156,0.228;2.185,15.073,2.027;11.957,10.604,0.939;19.649,6.620,0.472;11.281,7.869,0.382;7.288,3.974,0.431;10.341,1.594,1.277;19.506,12.205,0.316;19.617,15.458,0.285;14.317,8.164,0.285;2.365,18.859,0.351;14.189,11.973,1.329;13.490,14.516,1.086;12.545,13.736,1.026;18.102,11.068,0.351;11.388,16.307,0.431;2.960,12.039,1.245;7.017,4.180,2.098;3.118,13.109,0.771;8.750,14.656,0.293;12.054,15.768,0.340;6.525,14.215,2.145;18.779,11.767,1.747;2.514,1.369,0.425;17.179,11.793,0.662;3.419,1.387,1.237;16.737,3.377,0.319;8.526,9.392,0.816;6.185,17.996,0.315;15.205,3.276,0.387;13.718,9.006,1.672;9.759,14.760,0.817;6.998,9.793,1.267;8.603,3.362,1.204;18.237,12.002,1.803;5.279,17.177,2.469"
2,drone_4,13.4793,5.3805,17.0000,17.0000,"2.347,9.515,0.494;18.301,13.223,1.046;6.689,15.596,2.085;17.102,11.298,0.427;8.172,10.967,1.213;8.788,15.372,0.923;2.199,2.005,0.957;19.010,8.298,0.361;2.280,15.513,1.948;13.374,18.274,0.268;13.316,14.508,0.289;0.568,6.095,0.938;3.098,6.163,0.425;6.816,5.317,0.491;4.424,6.165,1.061;4.055,14.203,1.145;2.339,3.335,2.092;7.811,18.921,0.744;8.652,19.088,0.420;5.921,10.282,0.492;2.431,19.156,0.228;2.185,15.073,2.027;11.957,10.604,0.939;19.649,6.620,0.472;11.281,7.869,0.382;7.288,3.974,0.431;10.341,1.594,1.277;19.506,12.205,0.316;19.617,15.458,0.285;14.317,8.164,0.285;2.365,18.859,0.351;14.189,11.973,1.329;13.490,14.516,1.086;12.545,13.736,1.026;18.102,11.068,0.351;11.388,16.307,0.431;2.960,12.039,1.245;7.017,4.180,2.098;3.118,13.109,0.771;8.750,14.656,0.293;12.054,15.768,0.340;6.525,14.215,2.145;18.779,11.767,1.747;2.514,1.369,0.425;17.179,11.793,0.662;3.419,1.387,1.237;16.737,3.377,0.319;8.526,9.392,0.816;6.185,17.996,0.315;15.205,3.276,0.387;13.718,9.006,1.672;9.759,14.760,0.817;6.998,9.793,1.267;8.603,3.362,1.204;18.237,12.002,1.803;5.279,17.177,2.469"
2,drone_5,12.0950,4.8856,17.0000,17.0000,"2.347,9.515,0.494;18.301,13.223,1.046;6.689,15.596,2.085;17.102,11.298,0.427;8.172,10.967,1.213;8.788,15.372,0.923;2.199,2.005,0.957;19.010,8.298,0.361;2.280,15.513,1.948;13.374,18.274,0.268;13.316,14.508,0.289;0.568,6.095,0.938;3.098,6.163,0.425;6.816,5.317,0.491;4.424,6.165,1.061;4.055,14.203,1.145;2.339,3.335,2.092;7.811,18.921,0.744;8.652,19.088,0.420;5.921,10.282,0.492;2.431,19.156,0.228;2.185,15.073,2.027;11.957,10.604,0.939;19.649,6.620,0.472;11.281,7.869,0.382;7.288,3.974,0.431;10.341,1.594,1.277;19.506,12.205,0.316;19.617,15.458,0.285;14.317,8.164,0.285;2.365,18.859,0.351;14.189,11.973,1.329;13.490,14.516,1.086;12.545,13.736,1.026;18.102,11.068,0.351;11.388,16.307,0.431;2.960,12.039,1.245;7.017,4.180,2.098;3.118,13.109,0.771;8.750,14.656,0.293;12.054,15.768,0.340;6.525,14.215,2.145;18.779,11.767,1.747;2.514,1.369,0.425;17.179,11.793,0.662;3.419,1.387,1.237;16.737,3.377,0.319;8.526,9.392,0.816;6.185,17.996,0.315;15.205,3.276,0.387;13.718,9.006,1.672;9.759,14.760,0.817;6.998,9.793,1.267;8.603,3.362,1.204;18.237,12.002,1.803;5.279,17.177,2.469"
2,drone_6,13.2367,6.3835,17.0000,17.0000,"2.347,9.515,0.494;18.301,13.223,1.046;6.689,15.596,2.085;17.102,11.298,0.427;8.172,10.967,1.213;8.788,15.372,0.923;2.199,2.005,0.957;19.010,8.298,0.361;2.280,15.513,1.948;13.374,18.274,0.268;13.316,14.508,0.289;0.568,6.095,0.938;3.098,6.163,0.425;6.816,5.317,0.491;4.424,6.165,1.061;4.055,14.203,1.145;2.339,3.335,2.092;7.811,18.921,0.744;8.652,19.088,0.420;5.921,10.282,0.492;2.431,19.156,0.228;2.185,15.073,2.027;11.957,10.604,0.939;19.649,6.620,0.472;11.281,7.869,0.382;7.288,3.974,0.431;10.341,1.594,1.277;19.506,12.205,0.316;19.617,15.458,0.285;14.317,8.164,0.285;2.365,18.859,0.351;14.189,11.973,1.329;13.490,14.516,1.086;12.545,13.736,1.026;18.102,11.068,0.351;11.388,16.307,0.431;2.960,12.039,1.245;7.017,4.180,2.098;3.118,13.109,0.771;8.750,14.656,0.293;12.054,15.768,0.340;6.525,14.215,2.145;18.779,11.767,1.747;2.514,1.369,0.425;17.179,11.793,0.662;3.419,1.387,1.237;16.737,3.377,0.319;8.526,9.392,0.816;6.185,17.996,0.315;15.205,3.276,0.387;13.718,9.006,1.672;9.759,14.760,0.817;6.998,9.793,1.267;8.603,3.362,1.204;18.237,12.002,1.803;5.279,17.177,2.469"
2,drone_7,11.6779,6.4770,17.0000,17.0000,"2.347,9.515,0.494;18.301,13.223,1.046;6.689,15.596,2.085;17.102,11.298,0.427;8.172,10.967,1.213;8.788,15.372,0.923;2.199,2.005,0.957;19.010,8.298,0.361;2.280,15.513,1.948;13.374,18.274,0.268;13.316,14.508,0.289;0.568,6.095,0.938;3.098,6.163,0.425;6.816,5.317,0.491;4.424,6.165,1.061;4.055,14.203,1.145;2.339,3.335,2.092;7.811,18.921,0.744;8.652,19.088,0.420;5.921,10.282,0.492;2.431,19.156,0.228;2.185,15.073,2.027;11.957,10.604,0.939;19.649,6.620,0.472;11.281,7.869,0.382;7.288,3.974,0.431;10.341,1.594,1.277;19.506,12.205,0.316;19.617,15.458,0.285;14.317,8.164,0.285;2.365,18.859,0.351;14.189,11.973,1.329;13.490,14.516,1.086;12.545,13.736,1.026;18.102,11.068,0.351;11.388,16.307,0.431;2.960,12.039,1.245;7.017,4.180,2.098;3.118,13.109,0.771;8.750,14.656,0.293;12.054,15.768,0.340;6.525,14.215,2.145;18.779,11.767,1.747;2.514,1.369,0.425;17.179,11.793,0.662;3.419,1.387,1.237;16.737,3.377,0.319;8.526,9.392,0.816;6.185,17.996,0.315;15.205,3.276,0.387;13.718,9.006,1.672;9.759,14.760,0.817;6.998,9.793,1.267;8.603,3.362,1.204;18.237,12.002,1.803;5.279,17.177,2.469"
2,drone_8,13.6197,4.0849,17.0000,17.0000,"2.347,9.515,0.494;18.301,13.223,1.046;6.689,15.596,2.085;17.102,11.298,0.427;8.172,10.967,1.213;8.788,15.372,0.923;2.199,2.005,0.957;19.010,8.298,0.361;2.280,15.513,1.948;13.374,18.274,0.268;13.316,14.508,0.289;0.568,6.095,0.938;3.098,6.163,0.425;6.816,5.317,0.491;4.424,6.165,1.061;4.055,14.203,1.145;2.339,3.335,2.092;7.811,18.921,0.744;8.652,19.088,0.420;5.921,10.282,0.492;2.431,19.156,0.228;2.185,15.073,2.027;11.957,10.604,0.939;19.649,6.620,0.472;11.281,7.869,0.382;7.288,3.974,0.431;10.341,1.594,1.277;19.506,12.205,0.316;19.617,15.458,0.285;14.317,8.164,0.285;2.365,18.859,0.351;14.189,11.973,1.329;13.490,14.516,1.086;12.545,13.736,1.026;18.102,11.068,0.351;11.388,16.307,0.431;2.960,12.039,1.245;7.017,4.180,2.098;3.118,13.109,0.771;8.750,14.656,0.293;12.054,15.768,0.340;6.525,14.215,2.145;18.779,11.767,1.747;2.514,1.369,0.425;17.179,11.793,0.662;3.419,1.387,1.237;16.737,3.377,0.319;8.526,9.392,0.816;6.185,17.996,0.315;15.205,3.276,0.387;13.718,9.006,1.672;9.759,14.760,0.817;6.998,9.793,1.267;8.603,3.362,1.204;18.237,12.002,1.803;5.279,17.177,2.469"
2,drone_9,12.3560,4.0948,17.0000,17.0000,"2.347,9.515,0.494;18.301,13.223,1.046;6.689,15.596,2.085;17.102,11.298,0.427;8.172,10.967,1.213;8.788,15.372,0.923;2.199,2.005,0.957;19.010,8.298,0.361;2.280,15.513,1.948;13.374,18.274,0.268;13.316,14.508,0.289;0.568,6.095,0.938;3.098,6.163,0.425;6.816,5.317,0.491;4.424,6.165,1.061;4.055,14.203,1.145;2.339,3.335,2.092;7.811,18.921,0.744;8.652,19.088,0.420;5.921,10.282,0.492;2.431,19.156,0.228;2.185,15.073,2.027;11.957,10.604,0.939;19.649,6.620,0.472;11.281,7.869,0.382;7.288,3.974,0.431;10.341,1.594,1.277;19.506,12.205,0.316;19.617,15.458,0.285;14.317,8.164,0.285;2.365,18.859,0.351;14.189,11.973,1.329;13.490,14.516,1.086;12.545,13.736,1.026;18.102,11.068,0.351;11.388,16.307,0.431;2.960,12.039,1.245;7.017,4.180,2.098;3.118,13.109,0.771;8.750,14.656,0.293;12.054,15.768,0.340;6.525,14.215,2.145;18.779,11.767,1.747;2.514,1.369,0.425;17.179,11.793,0.662;3.419,1.387,1.237;16.737,3.377,0.319;8.526,9.392,0.816;6.185,17.996,0.315;15.205,3.276,0.387;13.718,9.006,1.672;9.759,14.760,0.817;6.998,9.793,1.267;8.603,3.362,1.204;18.237,12.002,1.803;5.279,17.177,2.469"
3,drone_0,11.4983,5.7603,17.0000,17.0000,"2.347,9.515,0.494;18.301,13.223,1.046;6.689,15.596,2.085;17.102,11.298,0.427;8.172,10.967,1.213;8.788,15.372,0.923;2.199,2.005,0.957;19.010,8.298,0.361;2.280,15.513,1.948;13.374,18.274,0.268;13.316,14.508,0.289;0.568,6.095,0.938;3.098,6.163,0.425;6.816,5.317,0.491;4.424,6.165,1.061;4.055,14.203,1.145;2.339,3.335,2.092;7.811,18.921,0.744;8.652,19.088,0.420;5.921,10.282,0.492;2.431,19.156,0.228;2.185,15.073,2.027;11.957,10.604,0.939;19.649,6.620,0.472;11.281,7.869,0.382;7.288,3.974,0.431;10.341,1.594,1.277;19.506,12.205,0.316;19.617,15.458,0.285;14.317,8.164,0.285;2.365,18.859,0.351;14.189,11.973,1.329;13.490,14.516,1.086;12.545,13.736,1.026;18.102,11.068,0.351;11.388,16.307,0.431;2.960,12.039,1.245;7.017,4.180,2.098;3.118,13.109,0.771;8.750,14.656,0.293;12.054,15.768,0.340;6.525,14.215,2.145;18.779,11.767,1.747;2.514,1.369,0.425;17.179,11.793,0.662;3.419,1.387,1.237;16.737,3.377,0.319;8.526,9.392,0.816;6.185,17.996,0.315;15.205,3.276,0.387;13.718,9.006,1.672;9.759,14.760,0.817;6.998,9.793,1.267;8.603,3.362,1.204;18.237,12.002,1.803;5.279,17.177,2.469"
3,drone_1,13.1960,4.7024,17.0000,17.0000,"2.347,9.515,0.494;18.301,13.223,1.046;6.689,15.596,2.085;17.102,11.298,0.427;8.172,10.967,1.213;8.788,15.372,0.923;2.199,2.005,0.957;19.010,8.298,0.361;2.280,15.513,1.948;13.374,18.274,0.268;13.316,14.508,0.289;0.568,6.095,0.938;3.098,6.163,0.425;6.816,5.317,0.491;4.424,6.165,1.061;4.055,14.203,1.145;2.339,3.335,2.092;7.811,18.921,0.744;8.652,19.088,0.420;5.921,10.282,0.492;2.431,19.156,0.228;2.185,15.073,2.027;11.957,10.604,0.939;19.649,6.620,0.472;11.281,7.869,0.382;7.288,3.974,0.431;10.341,1.594,1.277;19.506,12.205,0.316;19.617,15.458,0.285;14.317,8.164,0.285;2.365,18.859,0.351;14.189,11.973,1.329;13.490,14.516,1.086;12.545,13.736,1.026;18.102,11.068,0.351;11.388,16.307,0.431;2.960,12.039,1.245;7.017,4.180,2.098;3.118,13.109,0.771;8.750,14.656,0.293;12.054,15.768,0.340;6.525,14.215,2.145;18.779,11.767,1.747;2.514,1.369,0.425;17.179,11.793,0.662;3.419,1.387,1.237;16.737,3.377,0.319;8.526,9.392,0.816;6.185,17.996,0.315;15.205,3.276,0.387;13.718,9.006,1.672;9.759,14.760,0.817;6.998,9.793,1.267;8.603,3.362,1.204;18.237,12.002,1.803;5.279,17.177,2.469"
3,drone_2,12.4082,5.9557,17.0000,17.0000,"2.347,9.515,0.494;18.301,13.223,1.046;6.689,15.596,2.085;17.102,11.298,0.427;8.172,10.967,1.213;8.788,15.372,0.923;2.199,2.005,0.957;19.010,8.298,0.361;2.280,15.513,1.948;13.374,18.274,0.268;13.316,14.508,0.289;0.568,6.095,0.938;3.098,6.163,0.425;6.816,5.317,0.491;4.424,6.165,1.061;4.055,14.203,1.145;2.339,3.335,2.092;7.811,18.921,0.744;8.652,19.088,0.420;5.921,10.282,0.492;2.431,19.156,0.228;2.185,15.073,2.027;11.957,10.604,0.939;19.649,6.620,0.472;11.281,7.869,0.382;7.288,3.974,0.431;10.341,1.594,1.277;19.506,12.205,0.316;19.617,15.458,0.285;14.317,8.164,0.285;2.365,18.859,0.351;14.189,11.973,1.329;13.490,14.516,1.086;12.545,13.736,1.026;18.102,11.068,0.351;11.388,16.307,0.431;2.960,12.039,1.245;7.017,4.180,2.098;3.118,13.109,0.771;8.750,14.656,0.293;12.054,15.768,0.340;6.525,14.215,2.145;18.779,11.767,1.747;2.514,1.369,0.425;17.179,11.793,0.662;3.419,1.387,1.237;16.737,3.377,0.319;8.526,9.392,0.816;6.185,17.996,0.315;15.205,3.276,0.387;13.718,9.006,1.672;9.759,14.760,0.817;6.998,9.793,1.267;8.603,3.362,1.204;18.237,12.002,1.803;5.279,17.177,2.469"
3,drone_3,11.5216,4.3273,17.0000,17.0000,"2.347,9.515,0.494;18.301,13.223,1.046;6.689,15.596,2.085;17.102,11.298,0.427;8.172,10.967,1.213;8.788,15.372,0.923;2.199,2.005,0.957;19.010,8.298,0.361;2.280,15.513,1.948;13.374,18.274,0.268;13.316,14.508,0.289;0.568,6.095,0.938;3.098,6.163,0.425;6.816,5.317,0.491;4.424,6.165,1.061;4.055,14.203,1.145;2.339,3.335,2.092;7.811,18.921,0.744;8.652,19.088,0.420;5.921,10.282,0.492;2.431,19.156,0.228;2.185,15.073,2.027;11.957,10.604,0.939;19.649,6.620,0.472;11.281,7.869,0.382;7.288,3.974,0.431;10.341,1.594,1.277;19.506,12.205,0.316;19.617,15.458,0.285;14.317,8.164,0.285;2.365,18.859,0.351;14.189,11.973,1.329;13.490,14.516,1.086;12.545,13.736,1.026;18.102,11.068,0.351;11.388,16.307,0.431;2.960,12.039,1.245;7.017,4.180,2.098;3.118,13.109,0.771;8.750,14.656,0.293;12.054,15.768,0.340;6.525,14.215,2.145;18.779,11.767,1.747;2.514,1.369,0.425;17.179,11.793,0.662;3.419,1.387,1.237;16.737,3.377,0.319;8.526,9.392,0.816;6.185,17.996,0.315;15.205,3.276,0.387;13.718,9.006,1.672;9.759,14.760,0.817;6.998,9.793,1.267;8.603,3.362,1.204;18.237,12.002,1.803;5.279,17.177,2.469"
3,drone_4,13.6642,5.4568,17.0000,17.0000,"2.347,9.515,0.494;18.301,13.223,1.046;6.689,15.596,2.085;17.102,11.298,0.427;8.172,10.967,1.213;8.788,15.372,0.923;2.199,2.005,0.957;19.010,8.298,0.361;2.280,15.513,1.948;13.374,18.274,0.268;13.316,14.508,0.289;0.568,6.095,0.938;3.098,6.163,0.425;6.816,5.317,0.491;4.424,6.165,1.061;4.055,14.203,1.145;2.339,3.335,2.092;7.811,18.921,0.744;8.652,19.088,0.420;5.921,10.282,0.492;2.431,19.156,0.228;2.185,15.073,2.027;11.957,10.604,0.939;19.649,6.620,0.472;11.281,7.869,0.382;7.288,3.974,0.431;10.341,1.594,1.277;19.506,12.205,0.316;19.617,15.458,0.285;14.317,8.164,0.285;2.365,18.859,0.351;14.189,11.973,1.329;13.490,14.516,1.086;12.545,13.736,1.026;18.102,11.068,0.351;11.388,16.307,0.431;2.960,12.039,1.245;7.017,4.180,2.098;3.118,13.109,0.771;8.750,14.656,0.293;12.054,15.768,0.340;6.525,14.215,2.145;18.779,11.767,1.747;2.514,1.369,0.425;17.179,11.793,0.662;3.419,1.387,1.237;16.737,3.377,0.319;8.526,9.392,0.816;6.185,17.996,0.315;15.205,3.276,0.387;13.718,9.006,1.672;9.759,14.760,0.817;6.998,9.793,1.267;8.603,3.362,1.204;18.237,12.002,1.803;5.279,17.177,2.469"
3,drone_5,12.2628,4.9944,17.0000,17.0000,"2.347,9.515,0.494;18.301,13.223,1.046;6.689,15.596,2.085;17.102,11.298,0.427;8.172,10.967,1.213;8.788,15.372,0.923;2.199,2.005,0.957;19.010,8.298,0.361;2.280,15.513,1.948;13.374,18.274,0.268;13.316,14.508,0.289;0.568,6.095,0.938;3.098,6.163,0.425;6.816,5.317,0.491;4.424,6.165,1.061;4.055,14.203,1.145;2.339,3.335,2.092;7.811,18.921,0.744;8.652,19.088,0.420;5.921,10.282,0.492;2.431,19.156,0.228;2.185,15.073,2.027;11.957,10.604,0.939;19.649,6.620,0.472;11.281,7.869,0.382;7.288,3.974,0.431;10.341,1.594,1.277;19.506,12.205,0.316;19.617,15.458,0.285;14.317,8.164,0.285;2.365,18.859,0.351;14.189,11.973,1.329;13.490,14.516,1.086;12.545,13.736,1.026;18.102,11.068,0.351;11.388,16.307,0.431;2.960,12.039,1.245;7.017,4.180,2.098;3.118,13.109,0.771;8.750,14.656,0.293;12.054,15.768,0.340;6.525,14.215,2.145;18.779,11.767,1.747;2.514,1.369,0.425;17.179,11.793,0.662;3.419,1.387,1.237;16.737,3.377,0.319;8.526,9.392,0.816;6.185,17.996,0.315;15.205,3.276,0.387;13.718,9.006,1.672;9.759,14.760,0.817;6.998,9.793,1.267;8.603,3.362,1.204;18.237,12.002,1.803;5.279,17.177,2.469"
3,drone_6,13.4225,6.4576,17.0000,17.0000,"2.347,9.515,0.494;18.301,13.223,1.046;6.689,15.596,2.085;17.102,11.298,0.427;8.172,10.967,1.213;8.788,15.372,0.923;2.199,2.005,0.957;19.010,8.298,0.361;2.280,15.513,1.948;13.374,18.274,0.268;13.316,14.508,0.289;0.568,6.095,0.938;3.098,6.163,0.425;6.816,5.317,0.491;4.424,6.165,1.061;4.055,14.203,1.145;2.339,3.335,2.092;7.811,18.921,0.744;8.652,19.088,0.420;5.921,10.282,0.492;2.431,19.156,0.228;2.185,15.073,2.027;11.957,10.604,0.939;19.649,6.620,0.472;11.281,7.869,0.382;7.288,3.974,0.431;10.341,1.594,1.277;19.506,12.205,0.316;19.617,15.458,0.285;14.317,8.164,0.285;2.365,18.859,0.351;14.189,11.973,1.329;13.490,14.516,1.086;12.545,13.736,1.026;18.102,11.068,0.351;11.388,16.307,0.431;2.960,12.039,1.245;7.017,4.180,2.098;3.118,13.109,0.771;8.750,14.656,0.293;12.054,15.768,0.340;6.525,14.215,2.145;18.779,11.767,1.747;2.514,1.369,0.425;17.179,11.793,0.662;3.419,1.387,1.237;16.737,3.377,0.319;8.526,9.392,0.816;6.185,17.996,0.315;15.205,3.276,0.387;13.718,9.006,1.672;9.759,14.760,0.817;6.998,9.793,1.267;8.603,3.362,1.204;18.237,12.002,1.803;5.279,17.177,2.469"
3,drone_7,11.8571,6.5658,17.0000,17.0000,"2.347,9.515,0.494;18.301,13.223,1.046;6.689,15.596,2.085;17.102,11.298,0.427;8.172,10.967,1.213;8.788,15.372,0.923;2.199,2.005,0.957;19.010,8.298,0.361;2.280,15.513,1.948;13.374,18.274,0.268;13.316,14.508,0.289;0.568,6.095,0.938;3.098,6.163,0.425;6.816,5.317,0.491;4.424,6.165,1.061;4.055,14.203,1.145;2.339,3.335,2.092;7.811,18.921,0.744;8.652,19.088,0.420;5.921,10.282,0.492;2.431,19.156,0.228;2.185,15.073,2.027;11.957,10.604,0.939;19.649,6.620,0.472;11.281,7.869,0.382;7.288,3.974,0.431;10.341,1.594,1.277;19.506,12.205,0.316;19.617,15.458,0.285;14.317,8.164,0.285;2.365,18.859,0.351;14.189,11.973,1.329;13.490,14.516,1.086;12.545,13.736,1.026;18.102,11.068,0.351;11.388,16.307,0.431;2.960,12.039,1.245;7.017,4.180,2.098;3.118,13.109,0.771;8.750,14.656,0.293;12.054,15.768,0.340;6.525,14.215,2.145;18.779,11.767,1.747;2.514,1.369,0.425;17.179,11.793,0.662;3.419,1.387,1.237;16.737,3.377,0.319;8.526,9.392,0.816;6.185,17.996,0.315;15.205,3.276,0.387;13.718,9.006,1.672;9.759,14.760,0.817;6.998,9.793,1.267;8.603,3.362,1.204;18.237,12.002,1.803;5.279,17.177,2.469"
3,drone_8,13.7982,4.1750,17.0000,17.0000,"2.347,9.515,0.494;18.301,13.223,1.046;6.689,15.596,2.085;17.102,11.298,0.427;8.172,10.967,1.213;8.788,15.372,0.923;2.199,2.005,0.957;19.010,8.298,0.361;2.280,15.513,1.948;13.374,18.274,0.268;13.316,14.508,0.289;0.568,6.095,0.938;3.098,6.163,0.425;6.816,5.317,0.491;4.424,6.165,1.061;4.055,14.203,1.145;2.339,3.335,2.092;7.811,18.921,0.744;8.652,19.088,0.420;5.921,10.282,0.492;2.431,19.156,0.228;2.185,15.073,2.027;11.957,10.604,0.939;19.649,6.620,0.472;11.281,7.869,0.382;7.288,3.974,0.431;10.341,1.594,1.277;19.506,12.205,0.316;19.617,15.458,0.285;14.317,8.164,0.285;2.365,18.859,0.351;14.189,11.973,1.329;13.490,14.516,1.086;12.545,13.736,1.026;18.102,11.068,0.351;11.388,16.307,0.431;2.960,12.039,1.245;7.017,4.180,2.098;3.118,13.109,0.771;8.750,14.656,0.293;12.054,15.768,0.340;6.525,14.215,2.145;18.779,11.767,1.747;2.514,1.369,0.425;17.179,11.793,0.662;3.419,1.387,1.237;16.737,3.377,0.319;8.526,9.392,0.816;6.185,17.996,0.315;15.205,3.276,0.387;13.718,9.006,1.672;9.759,14.760,0.817;6.998,9.793,1.267;8.603,3.362,1.204;18.237,12.002,1.803;5.279,17.177,2.469"
3,drone_9,12.5226,4.2054,17.0000,17.0000,"2.347,9.515,0.494;18.301,13.223,1.046;6.689,15.596,2.085;17.102,11.298,0.427;8.172,10.967,1.213;8.788,15.372,0.923;2.199,2.005,0.957;19.010,8.298,0.361;2.280,15.513,1.948;13.374,18.274,0.268;13.316,14.508,0.289;0.568,6.095,0.938;3.098,6.163,0.425;6.816,5.317,0.491;4.424,6.165,1.061;4.055,14.203,1.145;2.339,3.335,2.092;7.811,18.921,0.744;8.652,19.088,0.420;5.921,10.282,0.492;2.431,19.156,0.228;2.185,15.073,2.027;11.957,10.604,0.939;19.649,6.620,0.472;11.281,7.869,0.382;7.288,3.974,0.431;10.341,1.594,1.277;19.506,12.205,0.316;19.617,15.458,0.285;14.317,8.164,0.285;2.365,18.859,0.351;14.189,11.973,1.329;13.490,14.516,1.086;12.545,13.736,1.026;18.102,11.068,0.351;11.388,16.307,0.431;2.960,12.039,1.245;7.017,4.180,2.098;3.118,13.109,0.771;8.750,14.656,0.293;12.054,15.768,0.340;6.525,14.215,2.145;18.779,11.767,1.747;2.514,1.369,0.425;17.179,11.793,0.662;3.419,1.387,1.237;16.737,3.377,0.319;8.526,9.392,0.816;6.185,17.996,0.315;15.205,3.276,0.387;13.718,9.006,1.672;9.759,14.760,0.817;6.998,9.793,1.267;8.603,3.362,1.204;18.237,12.002,1.803;5.279,17.177,2.469"
4,drone_0,11.6901,5.8169,17.0000,17.0000,"2.347,9.515,0.494;18.301,13.223,1.046;6.689,15.596,2.085;17.102,11.298,0.427;8.172,10.967,1.213;8.788,15.372,0.923;2.199,2.005,0.957;19.010,8.298,0.361;2.280,15.513,1.948;13.374,18.274,0.268;13.316,14.508,0.289;0.568,6.095,0.938;3.098,6.163,0.425;6.816,5.317,0.491;4.424,6.165,1.061;4.055,14.203,1.145;2.339,3.335,2.092;7.811,18.921,0.744;8.652,19.088,0.420;5.921,10.282,0.492;2.431,19.156,0.228;2.185,15.073,2.027;11.957,10.604,0.939;19.649,6.620,0.472;11.281,7.869,0.382;7.288,3.974,0.431;10.341,1.594,1.277;19.506,12.205,0.316;19.617,15.458,0.285;14.317,8.164,0.285;2.365,18.859,0.351;14.189,11.973,1.329;13.490,14.516,1.086;12.545,13.736,1.026;18.102,11.068,0.351;11.388,16.307,0.431;2.960,12.039,1.245;7.017,4.180,2.098;3.118,13.109,0.771;8.750,14.656,0.293;12.054,15.768,0.340;6.525,14.215,2.145;18.779,11.767,1.747;2.514,1.369,0.425;17.179,11.793,0.662;3.419,1.387,1.237;16.737,3.377,0.319;8.526,9.392,0.816;6.185,17.996,0.315;15.205,3.276,0.387;13.718,9.006,1.672;9.759,14.760,0.817;6.998,9.793,1.267;8.603,3.362,1.204;18.237,12.002,1.803;5.279,17.177,2.469"
4,drone_1,13.3855,4.7663,17.0000,17.0000,"2.347,9.515,0.494;18.301,13.223,1.046;6.689,15.596,2.085;17.102,11.298,0.427;8.172,10.967,1.213;8.788,15.372,0.923;2.199,2.005,0.957;19.010,8.298,0.361;2.280,15.513,1.948;13.374,18.274,0.268;13.316,14.508,0.289;0.568,6.095,0.938;3.098,6.163,0.425;6.816,5.317,0.491;4.424,6.165,1.061;4.055,14.203,1.145;2.339,3.335,2.092;7.811,18.921,0.744;8.652,19.088,0.420;5.921,10.282,0.492;2.431,19.156,0.228;2.185,15.073,2.027;11.957,10.604,0.939;19.649,6.620,0.472;11.281,7.869,0.382;7.288,3.974,0.431;10.341,1.594,1.277;19.506,12.205,0.316;19.617,15.458,0.285;14.317,8.164,0.285;2.365,18.859,0.351;14.189,11.973,1.329;13.490,14.516,1.086;12.545,13.736,1.026;18.102,11.068,0.351;11.388,16.307,0.431;2.960,12.039,1.245;7.017,4.180,2.098;3.118,13.109,0.771;8.750,14.656,0.293;12.054,15.768,0.340;6.525,14.215,2.145;18.779,11.767,1.747;2.514,1.369,0.425;17.179,11.793,0.662;3.419,1.387,1.237;16.737,3.377,0.319;8.526,9.392,0.816;6.185,17.996,0.315;15.205,3.276,0.387;13.718,9.006,1.672;9.759,14.760,0.817;6.998,9.793,1.267;8.603,3.362,1.204;18.237,12.002,1.803;5.279,17.177,2.469"
4,drone_2,12.5886,6.0421,17.0000,17.0000,"2.347,9.515,0.494;18.301,13.223,1.046;6.689,15.596,2.085;17.102,11.298,0.427;8.172,10.967,1.213;8.788,15.372,0.923;2.199,2.005,0.957;19.010,8.298,0.361;2.280,15.513,1.948;13.374,18.274,0.268;13.316,14.508,0.289;0.568,6.095,0.938;3.098,6.163,0.425;6.816,5.317,0.491;4.424,6.165,1.061;4.055,14.203,1.145;2.339,3.335,2.092;7.811,18.921,0.744;8.652,19.088,0.420;5.921,10.282,0.492;2.431,19.156,0.228;2.185,15.073,2.027;11.957,10.604,0.939;19.649,6.620,0.472;11.281,7.869,0.382;7.288,3.974,0.431;10.341,1.594,1.277;19.506,12.205,0.316;19.617,15.458,0.285;14.317,8.164,0.285;2.365,18.859,0.351;14.189,11.973,1.329;13.490,14.516,1.086;12.545,13.736,1.026;18.102,11.068,0.351;11.388,16.307,0.431;2.960,12.039,1.245;7.017,4.180,2.098;3.118,13.109,0.771;8.750,14.656,0.293;12.054,15.768,0.340;6.525,14.215,2.145;18.779,11.767,1.747;2.514,1.369,0.425;17.179,11.793,0.662;3.419,1.387,1.237;16.737,3.377,0.319;8.526,9.392,0.816;6.185,17.996,0.315;15.205,3.276,0.387;13.718,9.006,1.672;9.759,14.760,0.817;6.998,9.793,1.267;8.603,3.362,1.204;18.237,12.002,1.803;5.279,17.177,2.469"
4,drone_3,11.7048,4.4074,17.0000,17.0000,"2.347,9.515,0.494;18.301,13.223,1.046;6.689,15.596,2.085;17.102,11.298,0.427;8.172,10.967,1.213;8.788,15.372,0.923;2.199,2.005,0.957;19.010,8.298,0.361;2.280,15.513,1.948;13.374,18.274,0.268;13.316,14.508,0.289;0.568,6.095,0.938;3.098,6.163,0.425;6.816,5.317,0.491;4.424,6.165,1.061;4.055,14.203,1.145;2.339,3.335,2.092;7.811,18.921,0.744;8.652,19.088,0.420;5.921,10.282,0.492;2.431,19.156,0.228;2.185,15.073,2.027;11.957,10.604,0.939;19.649,6.620,0.472;11.281,7.869,0.382;7.288,3.974,0.431;10.341,1.594,1.277;19.506,12.205,0.316;19.617,15.458,0.285;14.317,8.164,0.285;2.365,18.859,0.351;14.189,11.973,1.329;13.490,14.516,1.086;12.545,13.736,1.026;18.102,11.068,0.351;11.388,16.307,0.431;2.960,12.039,1.245;7.017,4.180,2.098;3.118,13.109,0.771;8.750,14.656,0.293;12.054,15.768,0.340;6.525,14.215,2.145;18.779,11.767,1.747;2.514,1.369,0.425;17.179,11.793,0.662;3.419,1.387,1.237;16.737,3.377,0.319;8.526,9.392,0.816;6.185,17.996,0.315;15.205,3.276,0.387;13.718,9.006,1.672;9.759,14.760,0.817;6.998,9.793,1.267;8.603,3.362,1.204;18.237,12.002,1.803;5.279,17.177,2.469"
4,drone_4,13.8584,5.5044,17.0000,17.0000,"2.347,9.515,0.494;18.301,13.223,1.046;6.689,15.596,2.085;17.102,11.298,0.427;8.172,10.967,1.213;8.788,15.372,0.923;2.199,2.005,0.957;19.010,8.298,0.361;2.280,15.513,1.948;13.374,18.274,0.268;13.316,14.508,0.289;0.568,6.095,0.938;3.098,6.163,0.425;6.816,5.317,0.491;4.424,6.165,1.061;4.055,14.203,1.145;2.339,3.335,2.092;7.811,18.921,0.744;8.652,19.088,0.420;5.921,10.282,0.492;2.431,19.156,0.228;2.185,15.073,2.027;11.957,10.604,0.939;19.649,6.620,0.472;11.281,7.869,0.382;7.288,3.974,0.431;10.341,1.594,1.277;19.506,12.205,0.316;19.617,15.458,0.285;14.317,8.164,0.285;2.365,18.859,0.351;14.189,11.973,1.329;13.490,14.516,1.086;12.545,13.736,1.026;18.102,11.068,0.351;11.388,16.307,0.431;2.960,12.039,1.245;7.017,4.180,2.098;3.118,13.109,0.771;8.750,14.656,0.293;12.054,15.768,0.340;6.525,14.215,2.145;18.779,11.767,1.747;2.514,1.369,0.425;17.179,11.793,0.662;3.419,1.387,1.237;16.737,3.377,0.319;8.526,9.392,0.816;6.185,17.996,0.315;15.205,3.276,0.387;13.718,9.006,1.672;9.759,14.760,0.817;6.998,9.793,1.267;8.603,3.362,1.204;18.237,12.002,1.803;5.279,17.177,2.469"
4,drone_5,12.4355,5.0953,17.0000,17.0000,"2.347,9.515,0.494;18.301,13.223,1.046;6.689,15.596,2.085;17.102,11.298,0.427;8.172,10.967,1.213;8.788,15.372,0.923;2.199,2.005,0.957;19.010,8.298,0.361;2.280,15.513,1.948;13.374,18.274,0.268;13.316,14.508,0.289;0.568,6.095,0.938;3.098,6.163,0.425;6.816,5.317,0.491;4.424,6.165,1.061;4.055,14.203,1.145;2.339,3.335,2.092;7.811,18.921,0.744;8.652,19.088,0.420;5.921,10.282,0.492;2.431,19.156,0.228;2.185,15.073,2.027;11.957,10.604,0.939;19.649,6.620,0.472;11.281,7.869,0.382;7.288,3.974,0.431;10.341,1.594,1.277;19.506,12.205,0.316;19.617,15.458,0.285;14.317,8.164,0.285;2.365,18.859,0.351;14.189,11.973,1.329;13.490,14.516,1.086;12.545,13.736,1.026;18.102,11.068,0.351;11.388,16.307,0.431;2.960,12.039,1.245;7.017,4.180,2.098;3.118,13.109,0.771;8.750,14.656,0.293;12.054,15.768,0.340;6.525,14.215,2.145;18.779,11.767,1.747;2.514,1.369,0.425;17.179,11.793,0.662;3.419,1.387,1.237;16.737,3.377,0.319;8.526,9.392,0.816;6.185,17.996,0.315;15.205,3.276,0.387;13.718,9.006,1.672;9.759,14.760,0.817;6.998,9.793,1.267;8.603,3.362,1.204;18.237,12.002,1.803;5.279,17.177,2.469"
4,drone_6,13.6172,6.5035,17.0000,17.0000,"2.347,9.515,0.494;18.301,13.223,1.046;6.689,15.596,2.085;17.102,11.298,0.427;8.172,10.967,1.213;8.788,15.372,0.923;2.199,2.005,0.957;19.010,8.298,0.361;2.280,15.513,1.948;13.374,18.274,0.268;13.316,14.508,0.289;0.568,6.095,0.938;3.098,6.163,0.425;6.816,5.317,0.491;4.424,6.165,1.061;4.055,14.203,1.145;2.339,3.335,2.092;7.811,18.921,0.744;8.652,19.088,0.420;5.921,10.282,0.492;2.431,19.156,0.228;2.185,15.073,2.027;11.957,10.604,0.939;19.649,6.620,0.472;11.281,7.869,0.382;7.288,3.974,0.431;10.341,1.594,1.277;19.506,12.205,0.316;19.617,15.458,0.285;14.317,8.164,0.285;2.365,18.859,0.351;14.189,11.973,1.329;13.490,14.516,1.086;12.545,13.736,1.026;18.102,11.068,0.351;11.388,16.307,0.431;2.960,12.039,1.245;7.017,4.180,2.098;3.118,13.109,0.771;8.750,14.656,0.293;12.054,15.768,0.340;6.525,14.215,2.145;18.779,11.767,1.747;2.514,1.369,0.425;17.179,11.793,0.662;3.419,1.387,1.237;16.737,3.377,0.319;8.526,9.392,0.816;6.185,17.996,0.315;15.205,3.276,0.387;13.718,9.006,1.672;9.759,14.760,0.817;6.998,9.793,1.267;8.603,3.362,1.204;18.237,12.002,1.803;5.279,17.177,2.469"
4,drone_7,12.0402,6.6462,17.0000,17.0000,"2.347,9.515,0.494;18.301,13.223,1.046;6.689,15.596,2.085;17.102,11.298,0.427;8.172,10.967,1.213;8.788,15.372,0.923;2.199,2.005,0.957;19.010,8.298,0.361;2.280,15.513,1.948;13.374,18.274,0.268;13.316,14.508,0.289;0.568,6.095,0.938;3.098,6.163,0.425;6.816,5.317,0.491;4.424,6.165,1.061;4.055,14.203,1.145;2.339,3.335,2.092;7.811,18.921,0.744;8.652,19.088,0.420;5.921,10.282,0.492;2.431,19.156,0.228;2.185,15.073,2.027;11.957,10.604,0.939;19.649,6.620,0.472;11.281,7.869,0.382;7.288,3.974,0.431;10.341,1.594,1.277;19.506,12.205,0.316;19.617,15.458,0.285;14.317,8.164,0.285;2.365,18.859,0.351;14.189,11.973,1.329;13.490,14.516,1.086;12.545,13.736,1.026;18.102,11.068,0.351;11.388,16.307,0.431;2.960,12.039,1.245;7.017,4.180,2.098;3.118,13.109,0.771;8.750,14.656,0.293;12.054,15.768,0.340;6.525,14.215,2.145;18.779,11.767,1.747;2.514,1.369,0.425;17.179,11.793,0.662;3.419,1.387,1.237;16.737,3.377,0.319;8.526,9.392,0.816;6.185,17.996,0.315;15.205,3.276,0.387;13.718,9.006,1.672;9.759,14.760,0.817;6.998,9.793,1.267;8.603,3.362,1.204;18.237,12.002,1.803;5.279,17.177,2.469"
4,drone_8,13.9888,4.2356,17.0000,17.0000,"2.347,9.515,0.494;18.301,13.223,1.046;6.689,15.596,2.085;17.102,11.298,0.427;8.172,10.967,1.213;8.788,15.372,0.923;2.199,2.005,0.957;19.010,8.298,0.361;2.280,15.513,1.948;13.374,18.274,0.268;13.316,14.508,0.289;0.568,6.095,0.938;3.098,6.163,0.425;6.816,5.317,0.491;4.424,6.165,1.061;4.055,14.203,1.145;2.339,3.335,2.092;7.811,18.921,0.744;8.652,19.088,0.420;5.921,10.282,0.492;2.431,19.156,0.228;2.185,15.073,2.027;11.957,10.604,0.939;19.649,6.620,0.472;11.281,7.869,0.382;7.288,3.974,0.431;10.341,1.594,1.277;19.506,12.205,0.316;19.617,15.458,0.285;14.317,8.164,0.285;2.365,18.859,0.351;14.189,11.973,1.329;13.490,14.516,1.086;12.545,13.736,1.026;18.102,11.068,0.351;11.388,16.307,0.431;2.960,12.039,1.245;7.017,4.180,2.098;3.118,13.109,0.771;8.750,14.656,0.293;12.054,15.768,0.340;6.525,14.215,2.145;18.779,11.767,1.747;2.514,1.369,0.425;17.179,11.793,0.662;3.419,1.387,1.237;16.737,3.377,0.319;8.526,9.392,0.816;6.185,17.996,0.315;15.205,3.276,0.387;13.718,9.006,1.672;9.759,14.760,0.817;6.998,9.793,1.267;8.603,3.362,1.204;18.237,12.002,1.803;5.279,17.177,2.469"
4,drone_9,12.6985,4.3006,17.0000,17.0000,"2.347,9.515,0.494;18.301,13.223,1.046;6.689,15.596,2.085;17.102,11.298,0.427;8.172,10.967,1.213;8.788,15.372,0.923;2.199,2.005,0.957;19.010,8.298,0.361;2.280,15.513,1.948;13.374,18.274,0.268;13.316,14.508,0.289;0.568,6.095,0.938;3.098,6.163,0.425;6.816,5.317,0.491;4.424,6.165,1.061;4.055,14.203,1.145;2.339,3.335,2.092;7.811,18.921,0.744;8.652,19.088,0.420;5.921,10.282,0.492;2.431,19.156,0.228;2.185,15.073,2.027;11.957,10.604,0.939;19.649,6.620,0.472;11.281,7.869,0.382;7.288,3.974,0.431;10.341,1.594,1.277;19.506,12.205,0.316;19.617,15.458,0.285;14.317,8.164,0.285;2.365,18.859,0.351;14.189,11.973,1.329;13.490,14.516,1.086;12.545,13.736,1.026;18.102,11.068,0.351;11.388,16.307,0.431;2.960,12.039,1.245;7.017,4.180,2.098;3.118,13.109,0.771;8.750,14.656,0.293;12.054,15.768,0.340;6.525,14.215,2.145;18.779,11.767,1.747;2.514,1.369,0.425;17.179,11.793,0.662;3.419,1.387,1.237;16.737,3.377,0.319;8.526,9.392,0.816;6.185,17.996,0.315;15.205,3.276,0.387;13.718,9.006,1.672;9.759,14.760,0.817;6.998,9.793,1.267;8.603,3.362,1.204;18.237,12.002,1.803;5.279,17.177,2.469"
5,drone_0,11.8855,5.8598,17.0000,17.0000,"2.347,9.515,0.494;18.301,13.223,1.046;6.689,15.596,2.085;17.102,11.298,0.427;8.172,10.967,1.213;8.788,15.372,0.923;2.199,2.005,0.957;19.010,8.298,0.361;2.280,15.513,1.948;13.374,18.274,0.268;13.316,14.508,0.289;0.568,6.095,0.938;3.098,6.163,0.425;6.816,5.317,0.491;4.424,6.165,1.061;4.055,14.203,1.145;2.339,3.335,2.092;7.811,18.921,0.744;8.652,19.088,0.420;5.921,10.282,0.492;2.431,19.156,0.228;2.185,15.073,2.027;11.957,10.604,0.939;19.649,6.620,0.472;11.281,7.869,0.382;7.288,3.974,0.431;10.341,1.594,1.277;19.506,12.205,0.316;19.617,15.458,0.285;14.317,8.164,0.285;2.365,18.859,0.351;14.189,11.973,1.329;13.490,14.516,1.086;12.545,13.736,1.026;18.102,11.068,0.351;11.388,16.307,0.431;2.960,12.039,1.245;7.017,4.180,2.098;3.118,13.109,0.771;8.750,14.656,0.293;12.054,15.768,0.340;6.525,14.215,2.145;18.779,11.767,1.747;2.514,1.369,0.425;17.179,11.793,0.662;3.419,1.387,1.237;16.737,3.377,0.319;8.526,9.392,0.816;6.185,17.996,0.315;15.205,3.276,0.387;13.718,9.006,1.672;9.759,14.760,0.817;6.998,9.793,1.267;8.603,3.362,1.204;18.237,12.002,1.803;5.279,17.177,2.469"
5,drone_1,13.5817,4.8053,17.0000,17.0000,"2.347,9.515,0.494;18.301,13.223,1.046;6.689,15.596,2.085;17.102,11.298,0.427;8.172,10.967,1.213;8.788,15.372,0.923;2.199,2.005,0.957;19.010,8.298,0.361;2.280,15.513,1.948;13.374,18.274,0.268;13.316,14.508,0.289;0.568,6.095,0.938;3.098,6.163,0.425;6.816,5.317,0.491;4.424,6.165,1.061;4.055,14.203,1.145;2.339,3.335,2.092;7.811,18.921,0.744;8.652,19.088,0.420;5.921,10.282,0.492;2.431,19.156,0.228;2.185,15.073,2.027;11.957,10.604,0.939;19.649,6.620,0.472;11.281,7.869,0.382;7.288,3.974,0.431;10.341,1.594,1.277;19.506,12.205,0.316;19.617,15.458,0.285;14.317,8.164,0.285;2.365,18.859,0.351;14.189,11.973,1.329;13.490,14.516,1.086;12.545,13.736,1.026;18.102,11.068,0.351;11.388,16.307,0.431;2.960,12.039,1.245;7.017,4.180,2.098;3.118,13.109,0.771;8.750,14.656,0.293;12.054,15.768,0.340;6.525,14.215,2.145;18.779,11.767,1.747;2.514,1.369,0.425;17.179,11.793,0.662;3.419,1.387,1.237;16.737,3.377,0.319;8.526,9.392,0.816;6.185,17.996,0.315;15.205,3.276,0.387;13.718,9.006,1.672;9.759,14.760,0.817;6.998,9.793,1.267;8.603,3.362,1.204;18.237,12.002,1.803;5.279,17.177,2.469"
5,drone_2,12.7742,6.1166,17.0000,17.0000,"2.347,9.515,0.494;18.301,13.223,1.046;6.689,15.596,2.085;17.102,11.298,0.427;8.172,10.967,1.213;8.788,15.372,0.923;2.199,2.005,0.957;19.010,8.298,0.361;2.280,15.513,1.948;13.374,18.274,0.268;13.316,14.508,0.289;0.568,6.095,0.938;3.098,6.163,0.425;6.816,5.317,0.491;4.424,6.165,1.061;4.055,14.203,1.145;2.339,3.335,2.092;7.811,18.921,0.744;8.652,19.088,0.420;5.921,10.282,0.492;2.431,19.156,0.228;2.185,15.073,2.027;11.957,10.604,0.939;19.649,6.620,0.472;11.281,7.869,0.382;7.288,3.974,0.431;10.341,1.594,1.277;19.506,12.205,0.316;19.617,15.458,0.285;14.317,8.164,0.285;2.365,18.859,0.351;14.189,11.973,1.329;13.490,14.516,1.086;12.545,13.736,1.026;18.102,11.068,0.351;11.388,16.307,0.431;2.960,12.039,1.245;7.017,4.180,2.098;3.118,13.109,0.771;8.750,14.656,0.293;12.054,15.768,0.340;6.525,14.215,2.145;18.779,11.767,1.747;2.514,1.369,0.425;17.179,11.793,0.662;3.419,1.387,1.237;16.737,3.377,0.319;8.526,9.392,0.816;6.185,17.996,0.315;15.205,3.276,0.387;13.718,9.006,1.672;9.759,14.760,0.817;6.998,9.793,1.267;8.603,3.362,1.204;18.237,12.002,1.803;5.279,17.177,2.469"
5,drone_3,11.8945,4.4706,17.0000,17.0000,"2.347,9.515,0.494;18.301,13.223,1.046;6.689,15.596,2.085;17.102,11.298,0.427;8.172,10.967,1.213;8.788,15.372,0.923;2.199,2.005,0.957;19.010,8.298,0.361;2.280,15.513,1.948;13.374,18.274,0.268;13.316,14.508,0.289;0.568,6.095,0.938;3.098,6.163,0.425;6.816,5.317,0.491;4.424,6.165,1.061;4.055,14.203,1.145;2.339,3.335,2.092;7.811,18.921,0.744;8.652,19.088,0.420;5.921,10.282,0.492;2.431,19.156,0.228;2.185,15.073,2.027;11.957,10.604,0.939;19.649,6.620,0.472;11.281,7.869,0.382;7.288,3.974,0.431;10.341,1.594,1.277;19.506,12.205,0.316;19.617,15.458,0.285;14.317,8.164,0.285;2.365,18.859,0.351;14.189,11.973,1.329;13.490,14.516,1.086;12.545,13.736,1.026;18.102,11.068,0.351;11.388,16.307,0.431;2.960,12.039,1.245;7.017,4.180,2.098;3.118,13.109,0.771;8.750,14.656,0.293;12.054,15.768,0.340;6.525,14.215,2.145;18.779,11.767,1.747;2.514,1.369,0.425;17.179,11.793,0.662;3.419,1.387,1.237;16.737,3.377,0.319;8.526,9.392,0.816;6.185,17.996,0.315;15.205,3.276,0.387;13.718,9.006,1.672;9.759,14.760,0.817;6.998,9.793,1.267;8.603,3.362,1.204;18.237,12.002,1.803;5.279,17.177,2.469"
5,drone_4,14.0573,5.5258,17.0000,17.0000,"2.347,9.515,0.494;18.301,13.223,1.046;6.689,15.596,2.085;17.102,11.298,0.427;8.172,10.967,1.213;8.788,15.372,0.923;2.199,2.005,0.957;19.010,8.298,0.361;2.280,15.513,1.948;13.374,18.274,0.268;13.316,14.508,0.289;0.568,6.095,0.938;3.098,6.163,0.425;6.816,5.317,0.491;4.424,6.165,1.061;4.055,14.203,1.145;2.339,3.335,2.092;7.811,18.921,0.744;8.652,19.088,0.420;5.921,10.282,0.492;2.431,19.156,0.228;2.185,15.073,2.027;11.957,10.604,0.939;19.649,6.620,0.472;11.281,7.869,0.382;7.288,3.974,0.431;10.341,1.594,1.277;19.506,12.205,0.316;19.617,15.458,0.285;14.317,8.164,0.285;2.365,18.859,0.351;14.189,11.973,1.329;13.490,14.516,1.086;12.545,13.736,1.026;18.102,11.068,0.351;11.388,16.307,0.431;2.960,12.039,1.245;7.017,4.180,2.098;3.118,13.109,0.771;8.750,14.656,0.293;12.054,15.768,0.340;6.525,14.215,2.145;18.779,11.767,1.747;2.514,1.369,0.425;17.179,11.793,0.662;3.419,1.387,1.237;16.737,3.377,0.319;8.526,9.392,0.816;6.185,17.996,0.315;15.205,3.276,0.387;13.718,9.006,1.672;9.759,14.760,0.817;6.998,9.793,1.267;8.603,3.362,1.204;18.237,12.002,1.803;5.279,17.177,2.469"
5,drone_5,12.6141,5.1854,17.0000,17.0000,"2.347,9.515,0.494;18.301,13.223,1.046;6.689,15.596,2.085;17.102,11.298,0.427;8.172,10.967,1.213;8.788,15.372,0.923;2.199,2.005,0.957;19.010,8.298,0.361;2.280,15.513,1.948;13.374,18.274,0.268;13.316,14.508,0.289;0.568,6.095,0.938;3.098,6.163,0.425;6.816,5.317,0.491;4.424,6.165,1.061;4.055,14.203,1.145;2.339,3.335,2.092;7.811,18.921,0.744;8.652,19.088,0.420;5.921,10.282,0.492;2.431,19.156,0.228;2.185,15.073,2.027;11.957,10.604,0.939;19.649,6.620,0.472;11.281,7.869,0.382;7.288,3.974,0.431;10.341,1.594,1.277;19.506,12.205,0.316;19.617,15.458,0.285;14.317,8.164,0.285;2.365,18.859,0.351;14.189,11.973,1.329;13.490,14.516,1.086;12.545,13.736,1.026;18.102,11.068,0.351;11.388,16.307,0.431;2.960,12.039,1.245;7.017,4.180,2.098;3.118,13.109,0.771;8.750,14.656,0.293;12.054,15.768,0.340;6.525,14.215,2.145;18.779,11.767,1.747;2.514,1.369,0.425;17.179,11.793,0.662;3.419,1.387,1.237;16.737,3.377,0.319;8.526,9.392,0.816;6.185,17.996,0.315;15.205,3.276,0.387;13.718,9.006,1.672;9.759,14.760,0.817;6.998,9.793,1.267;8.603,3.362,1.204;18.237,12.002,1.803;5.279,17.177,2.469"
5,drone_6,13.8160,6.5250,17.0000,17.0000,"2.347,9.515,0.494;18.301,13.223,1.046;6.689,15.596,2.085;17.102,11.298,0.427;8.172,10.967,1.213;8.788,15.372,0.923;2.199,2.005,0.957;19.010,8.298,0.361;2.280,15.513,1.948;13.374,18.274,0.268;13.316,14.508,0.289;0.568,6.095,0.938;3.098,6.163,0.425;6.816,5.317,0.491;4.424,6.165,1.061;4.055,14.203,1.145;2.339,3.335,2.092;7.811,18.921,0.744;8.652,19.088,0.420;5.921,10.282,0.492;2.431,19.156,0.228;2.185,15.073,2.027;11.957,10.604,0.939;19.649,6.620,0.472;11.281,7.869,0.382;7.288,3.974,0.431;10.341,1.594,1.277;19.506,12.205,0.316;19.617,15.458,0.285;14.317,8.164,0.285;2.365,18.859,0.351;14.189,11.973,1.329;13.490,14.516,1.086;12.545,13.736,1.026;18.102,11.068,0.351;11.388,16.307,0.431;2.960,12.039,1.245;7.017,4.180,2.098;3.118,13.109,0.771;8.750,14.656,0.293;12.054,15.768,0.340;6.525,14.215,2.145;18.779,11.767,1.747;2.514,1.369,0.425;17.179,11.793,0.662;3.419,1.387,1.237;16.737,3.377,0.319;8.526,9.392,0.816;6.185,17.996,0.315;15.205,3.276,0.387;13.718,9.006,1.672;9.759,14.760,0.817;6.998,9.793,1.267;8.603,3.362,1.204;18.237,12.002,1.803;5.279,17.177,2.469"
5,drone_7,12.2265,6.7191,17.0000,17.0000,"2.347,9.515,0.494;18.301,13.223,1.046;6.689,15.596,2.085;17.102,11.298,0.427;8.172,10.967,1.213;8.788,15.372,0.923;2.199,2.005,0.957;19.010,8.298,0.361;2.280,15.513,1.948;13.374,18.274,0.268;13.316,14.508,0.289;0.568,6.095,0.938;3.098,6.163,0.425;6.816,5.317,0.491;4.424,6.165,1.061;4.055,14.203,1.145;2.339,3.335,2.092;7.811,18.921,0.744;8.652,19.088,0.420;5.921,10.282,0.492;2.431,19.156,0.228;2.185,15.073,2.027;11.957,10.604,0.939;19.649,6.620,0.472;11.281,7.869,0.382;7.288,3.974,0.431;10.341,1.594,1.277;19.506,12.205,0.316;19.617,15.458,0.285;14.317,8.164,0.285;2.365,18.859,0.351;14.189,11.973,1.329;13.490,14.516,1.086;12.545,13.736,1.026;18.102,11.068,0.351;11.388,16.307,0.431;2.960,12.039,1.245;7.017,4.180,2.098;3.118,13.109,0.771;8.750,14.656,0.293;12.054,15.768,0.340;6.525,14.215,2.145;18.779,11.767,1.747;2.514,1.369,0.425;17.179,11.793,0.662;3.419,1.387,1.237;16.737,3.377,0.319;8.526,9.392,0.816;6.185,17.996,0.315;15.205,3.276,0.387;13.718,9.006,1.672;9.759,14.760,0.817;6.998,9.793,1.267;8.603,3.362,1.204;18.237,12.002,1.803;5.279,17.177,2.469"
5,drone_8,14.1836,4.2810,17.0000,17.0000,"2.347,9.515,0.494;18.301,13.223,1.046;6.689,15.596,2.085;17.102,11.298,0.427;8.172,10.967,1.213;8.788,15.372,0.923;2.199,2.005,0.957;19.010,8.298,0.361;2.280,15.513,1.948;13.374,18.274,0.268;13.316,14.508,0.289;0.568,6.095,0.938;3.098,6.163,0.425;6.816,5.317,0.491;4.424,6.165,1.061;4.055,14.203,1.145;2.339,3.335,2.092;7.811,18.921,0.744;8.652,19.088,0.420;5.921,10.282,0.492;2.431,19.156,0.228;2.185,15.073,2.027;11.957,10.604,0.939;19.649,6.620,0.472;11.281,7.869,0.382;7.288,3.974,0.431;10.341,1.594,1.277;19.506,12.205,0.316;19.617,15.458,0.285;14.317,8.164,0.285;2.365,18.859,0.351;14.189,11.973,1.329;13.490,14.516,1.086;12.545,13.736,1.026;18.102,11.068,0.351;11.388,16.307,0.431;2.960,12.039,1.245;7.017,4.180,2.098;3.118,13.109,0.771;8.750,14.656,0.293;12.054,15.768,0.340;6.525,14.215,2.145;18.779,11.767,1.747;2.514,1.369,0.425;17.179,11.793,0.662;3.419,1.387,1.237;16.737,3.377,0.319;8.526,9.392,0.816;6.185,17.996,0.315;15.205,3.276,0.387;13.718,9.006,1.672;9.759,14.760,0.817;6.998,9.793,1.267;8.603,3.362,1.204;18.237,12.002,1.803;5.279,17.177,2.469"
5,drone_9,12.8766,4.3915,17.0000,17.0000,"2.347,9.515,0.494;18.301,13.223,1.046;6.689,15.596,2.085;17.102,11.298,0.427;8.172,10.967,1.213;8.788,15.372,0.923;2.199,2.005,0.957;19.010,8.298,0.361;2.280,15.513,1.948;13.374,18.274,0.268;13.316,14.508,0.289;0.568,6.095,0.938;3.098,6.163,0.425;6.816,5.317,0.491;4.424,6.165,1.061;4.055,14.203,1.145;2.339,3.335,2.092;7.811,18.921,0.744;8.652,19.088,0.420;5.921,10.282,0.492;2.431,19.156,0.228;2.185,15.073,2.027;11.957,10.604,0.939;19.649,6.620,0.472;11.281,7.869,0.382;7.288,3.974,0.431;10.341,1.594,1.277;19.506,12.205,0.316;19.617,15.458,0.285;14.317,8.164,0.285;2.365,18.859,0.351;14.189,11.973,1.329;13.490,14.516,1.086;12.545,13.736,1.026;18.102,11.068,0.351;11.388,16.307,0.431;2.960,12.039,1.245;7.017,4.180,2.098;3.118,13.109,0.771;8.750,14.656,0.293;12.054,15.768,0.340;6.525,14.215,2.145;18.779,11.767,1.747;2.514,1.369,0.425;17.179,11.793,0.662;3.419,1.387,1.237;16.737,3.377,0.319;8.526,9.392,0.816;6.185,17.996,0.315;15.205,3.276,0.387;13.718,9.006,1.672;9.759,14.760,0.817;6.998,9.793,1.267;8.603,3.362,1.204;18.237,12.002,1.803;5.279,17.177,2.469"
6,drone_0,12.0821,5.8963,17.0000,17.0000,"2.347,9.515,0.494;18.301,13.223,1.046;6.689,15.596,2.085;17.102,11.298,0.427;8.172,10.967,1.213;8.788,15.372,0.923;2.199,2.005,0.957;19.010,8.298,0.361;2.280,15.513,1.948;13.374,18.274,0.268;13.316,14.508,0.289;0.568,6.095,0.938;3.098,6.163,0.425;6.816,5.317,0.491;4.424,6.165,1.061;4.055,14.203,1.145;2.339,3.335,2.092;7.811,18.921,0.744;8.652,19.088,0.420;5.921,10.282,0.492;2.431,19.156,0.228;2.185,15.073,2.027;11.957,10.604,0.939;19.649,6.620,0.472;11.281,7.869,0.382;7.288,3.974,0.431;10.341,1.594,1.277;19.506,12.205,0.316;19.617,15.458,0.285;14.317,8.164,0.285;2.365,18.859,0.351;14.189,11.973,1.329;13.490,14.516,1.086;12.545,13.736,1.026;18.102,11.068,0.351;11.388,16.307,0.431;2.960,12.039,1.245;7.017,4.180,2.098;3.118,13.109,0.771;8.750,14.656,0.293;12.054,15.768,0.340;6.525,14.215,2.145;18.779,11.767,1.747;2.514,1.369,0.425;17.179,11.793,0.662;3.419,1.387,1.237;16.737,3.377,0.319;8.526,9.392,0.816;6.185,17.996,0.315;15.205,3.276,0.387;13.718,9.006,1.672;9.759,14.760,0.817;6.998,9.793,1.267;8.603,3.362,1.204;18.237,12.002,1.803;5.279,17.177,2.469"
6,drone_1,13.7812,4.8188,17.0000,17.0000,"2.347,9.515,0.494;18.301,13.223,1.046;6.689,15.596,2.085;17.102,11.298,0.427;8.172,10.967,1.213;8.788,15.372,0.923;2.199,2.005,0.957;19.010,8.298,0.361;2.280,15.513,1.948;13.374,18.274,0.268;13.316,14.508,0.289;0.568,6.095,0.938;3.098,6.163,0.425;6.816,5.317,0.491;4.424,6.165,1.061;4.055,14.203,1.145;2.339,3.335,2.092;7.811,18.921,0.744;8.652,19.088,0.420;5.921,10.282,0.492;2.431,19.156,0.228;2.185,15.073,2.027;11.957,10.604,0.939;19.649,6.620,0.472;11.281,7.869,0.382;7.288,3.974,0.431;10.341,1.594,1.277;19.506,12.205,0.316;19.617,15.458,0.285;14.317,8.164,0.285;2.365,18.859,0.351;14.189,11.973,1.329;13.490,14.516,1.086;12.545,13.736,1.026;18.102,11.068,0.351;11.388,16.307,0.431;2.960,12.039,1.245;7.017,4.180,2.098;3.118,13.109,0.771;8.750,14.656,0.293;12.054,15.768,0.340;6.525,14.215,2.145;18.779,11.767,1.747;2.514,1.369,0.425;17.179,11.793,0.662;3.419,1.387,1.237;16.737,3.377,0.319;8.526,9.392,0.816;6.185,17.996,0.315;15.205,3.276,0.387;13.718,9.006,1.672;9.759,14.760,0.817;6.998,9.793,1.267;8.603,3.362,1.204;18.237,12.002,1.803;5.279,17.177,2.469"
6,drone_2,12.9615,6.1867,17.0000,17.0000,"2.347,9.515,0.494;18.301,13.223,1.046;6.689,15.596,2.085;17.102,11.298,0.427;8.172,10.967,1.213;8.788,15.372,0.923;2.199,2.005,0.957;19.010,8.298,0.361;2.280,15.513,1.948;13.374,18.274,0.268;13.316,14.508,0.289;0.568,6.095,0.938;3.098,6.163,0.425;6.816,5.317,0.491;4.424,6.165,1.061;4.055,14.203,1.145;2.339,3.335,2.092;7.811,18.921,0.744;8.652,19.088,0.420;5.921,10.282,0.492;2.431,19.156,0.228;2.185,15.073,2.027;11.957,10.604,0.939;19.649,6.620,0.472;11.281,7.869,0.382;7.288,3.974,0.431;10.341,1.594,1.277;19.506,12.205,0.316;19.617,15.458,0.285;14.317,8.164,0.285;2.365,18.859,0.351;14.189,11.973,1.329;13.490,14.516,1.086;12.545,13.736,1.026;18.102,11.068,0.351;11.388,16.307,0.431;2.960,12.039,1.245;7.017,4.180,2.098;3.118,13.109,0.771;8.750,14.656,0.293;12.054,15.768,0.340;6.525,14.215,2.145;18.779,11.767,1.747;2.514,1.369,0.425;17.179,11.793,0.662;3.419,1.387,1.237;16.737,3.377,0.319;8.526,9.392,0.816;6.185,17.996,0.315;15.205,3.276,0.387;13.718,9.006,1.672;9.759,14.760,0.817;6.998,9.793,1.267;8.603,3.362,1.204;18.237,12.002,1.803;5.279,17.177,2.469"
6,drone_3,12.0885,4.5196,17.0000,17.0000,"2.347,9.515,0.494;18.301,13.223,1.046;6.689,15.596,2.085;17.102,11.298,0.427;8.172,10.967,1.213;8.788,15.372,0.923;2.199,2.005,0.957;19.010,8.298,0.361;2.280,15.513,1.948;13.374,18.274,0.268;13.316,14.508,0.289;0.568,6.095,0.938;3.098,6.163,0.425;6.816,5.317,0.491;4.424,6.165,1.061;4.055,14.203,1.145;2.339,3.335,2.092;7.811,18.921,0.744;8.652,19.088,0.420;5.921,10.282,0.492;2.431,19.156,0.228;2.185,15.073,2.027;11.957,10.604,0.939;19.649,6.620,0.472;11.281,7.869,0.382;7.288,3.974,0.431;10.341,1.594,1.277;19.506,12.205,0.316;19.617,15.458,0.285;14.317,8.164,0.285;2.365,18.859,0.351;14.189,11.973,1.329;13.490,14.516,1.086;12.545,13.736,1.026;18.102,11.068,0.351;11.388,16.307,0.431;2.960,12.039,1.245;7.017,4.180,2.098;3.118,13.109,0.771;8.750,14.656,0.293;12.054,15.768,0.340;6.525,14.215,2.145;18.779,11.767,1.747;2.514,1.369,0.425;17.179,11.793,0.662;3.419,1.387,1.237;16.737,3.377,0.319;8.526,9.392,0.816;6.185,17.996,0.315;15.205,3.276,0.387;13.718,9.006,1.672;9.759,14.760,0.817;6.998,9.793,1.267;8.603,3.362,1.204;18.237,12.002,1.803;5.279,17.177,2.469"
6,drone_4,14.2572,5.5231,17.0000,17.0000,"2.347,9.515,0.494;18.301,13.223,1.046;6.689,15.596,2.085;17.102,11.298,0.427;8.172,10.967,1.213;8.788,15.372,0.923;2.199,2.005,0.957;19.010,8.298,0.361;2.280,15.513,1.948;13.374,18.274,0.268;13.316,14.508,0.289;0.568,6.095,0.938;3.098,6.163,0.425;6.816,5.317,0.491;4.424,6.165,1.061;4.055,14.203,1.145;2.339,3.335,2.092;7.811,18.921,0.744;8.652,19.088,0.420;5.921,10.282,0.492;2.431,19.156,0.228;2.185,15.073,2.027;11.957,10.604,0.939;19.649,6.620,0.472;11.281,7.869,0.382;7.288,3.974,0.431;10.341,1.594,1.277;19.506,12.205,0.316;19.617,15.458,0.285;14.317,8.164,0.285;2.365,18.859,0.351;14.189,11.973,1.329;13.490,14.516,1.086;12.545,13.736,1.026;18.102,11.068,0.351;11.388,16.307,0.431;2.960,12.039,1.245;7.017,4.180,2.098;3.118,13.109,0.771;8.750,14.656,0.293;12.054,15.768,0.340;6.525,14.215,2.145;18.779,11.767,1.747;2.514,1.369,0.425;17.179,11.793,0.662;3.419,1.387,1.237;16.737,3.377,0.319;8.526,9.392,0.816;6.185,17.996,0.315;15.205,3.276,0.387;13.718,9.006,1.672;9.759,14.760,0.817;6.998,9.793,1.267;8.603,3.362,1.204;18.237,12.002,1.803;5.279,17.177,2.469"
6,drone_5,12.7985,5.2627,17.0000,17.0000,"2.347,9.515,0.494;18.301,13.223,1.046;6.689,15.596,2.085;17.102,11.298,0.427;8.172,10.967,1.213;8.788,15.372,0.923;2.199,2.005,0.957;19.010,8.298,0.361;2.280,15.513,1.948;13.374,18.274,0.268;13.316,14.508,0.289;0.568,6.095,0.938;3.098,6.163,0.425;6.816,5.317,0.491;4.424,6.165,1.061;4.055,14.203,1.145;2.339,3.335,2.092;7.811,18.921,0.744;8.652,19.088,0.420;5.921,10.282,0.492;2.431,19.156,0.228;2.185,15.073,2.027;11.957,10.604,0.939;19.649,6.620,0.472;11.281,7.869,0.382;7.288,3.974,0.431;10.341,1.594,1.277;19.506,12.205,0.316;19.617,15.458,0.285;14.317,8.164,0.285;2.365,18.859,0.351;14.189,11.973,1.329;13.490,14.516,1.086;12.545,13.736,1.026;18.102,11.068,0.351;11.388,16.307,0.431;2.960,12.039,1.245;7.017,4.180,2.098;3.118,13.109,0.771;8.750,14.656,0.293;12.054,15.768,0.340;6.525,14.215,2.145;18.779,11.767,1.747;2.514,1.369,0.425;17.179,11.793,0.662;3.419,1.387,1.237;16.737,3.377,0.319;8.526,9.392,0.816;6.185,17.996,0.315;15.205,3.276,0.387;13.718,9.006,1.672;9.759,14.760,0.817;6.998,9.793,1.267;8.603,3.362,1.204;18.237,12.002,1.803;5.279,17.177,2.469"
6,drone_6,14.0160,6.5256,17.0000,17.0000,"2.347,9.515,0.494;18.301,13.223,1.046;6.689,15.596,2.085;17.102,11.298,0.427;8.172,10.967,1.213;8.788,15.372,0.923;2.199,2.005,0.957;19.010,8.298,0.361;2.280,15.513,1.948;13.374,18.274,0.268;13.316,14.508,0.289;0.568,6.095,0.938;3.098,6.163,0.425;6.816,5.317,0.491;4.424,6.165,1.061;4.055,14.203,1.145;2.339,3.335,2.092;7.811,18.921,0.744;8.652,19.088,0.420;5.921,10.282,0.492;2.431,19.156,0.228;2.185,15.073,2.027;11.957,10.604,0.939;19.649,6.620,0.472;11.281,7.869,0.382;7.288,3.974,0.431;10.341,1.594,1.277;19.506,12.205,0.316;19.617,15.458,0.285;14.317,8.164,0.285;2.365,18.859,0.351;14.189,11.973,1.329;13.490,14.516,1.086;12.545,13.736,1.026;18.102,11.068,0.351;11.388,16.307,0.431;2.960,12.039,1.245;7.017,4.180,2.098;3.118,13.109,0.771;8.750,14.656,0.293;12.054,15.768,0.340;6.525,14.215,2.145;18.779,11.767,1.747;2.514,1.369,0.425;17.179,11.793,0.662;3.419,1.387,1.237;16.737,3.377,0.319;8.526,9.392,0.816;6.185,17.996,0.315;15.205,3.276,0.387;13.718,9.006,1.672;9.759,14.760,0.817;6.998,9.793,1.267;8.603,3.362,1.204;18.237,12.002,1.803;5.279,17.177,2.469"
6,drone_7,12.4173,6.7788,17.0000,17.0000,"2.347,9.515,0.494;18.301,13.223,1.046;6.689,15.596,2.085;17.102,11.298,0.427;8.172,10.967,1.213;8.788,15.372,0.923;2.199,2.005,0.957;19.010,8.298,0.361;2.280,15.513,1.948;13.374,18.274,0.268;13.316,14.508,0.289;0.568,6.095,0.938;3.098,6.163,0.425;6.816,5.317,0.491;4.424,6.165,1.061;4.055,14.203,1.145;2.339,3.335,2.092;7.811,18.921,0.744;8.652,19.088,0.420;5.921,10.282,0.492;2.431,19.156,0.228;2.185,15.073,2.027;11.957,10.604,0.939;19.649,6.620,0.472;11.281,7.869,0.382;7.288,3.974,0.431;10.341,1.594,1.277;19.506,12.205,0.316;19.617,15.458,0.285;14.317,8.164,0.285;2.365,18.859,0.351;14.189,11.973,1.329;13.490,14.516,1.086;12.545,13.736,1.026;18.102,11.068,0.351;11.388,16.307,0.431;2.960,12.039,1.245;7.017,4.180,2.098;3.118,13.109,0.771;8.750,14.656,0.293;12.054,15.768,0.340;6.525,14.215,2.145;18.779,11.767,1.747;2.514,1.369,0.425;17.179,11.793,0.662;3.419,1.387,1.237;16.737,3.377,0.319;8.526,9.392,0.816;6.185,17.996,0.315;15.205,3.276,0.387;13.718,9.006,1.672;9.759,14.760,0.817;6.998,9.793,1.267;8.603,3.362,1.204;18.237,12.002,1.803;5.279,17.177,2.469"
6,drone_8,14.3806,4.3157,17.0000,17.0000,"2.347,9.515,0.494;18.301,13.223,1.046;6.689,15.596,2.085;17.102,11.298,0.427;8.172,10.967,1.213;8.788,15.372,0.923;2.199,2.005,0.957;19.010,8.298,0.361;2.280,15.513,1.948;13.374,18.274,0.268;13.316,14.508,0.289;0.568,6.095,0.938;3.098,6.163,0.425;6.816,5.317,0.491;4.424,6.165,1.061;4.055,14.203,1.145;2.339,3.335,2.092;7.811,18.921,0.744;8.652,19.088,0.420;5.921,10.282,0.492;2.431,19.156,0.228;2.185,15.073,2.027;11.957,10.604,0.939;19.649,6.620,0.472;11.281,7.869,0.382;7.288,3.974,0.431;10.341,1.594,1.277;19.506,12.205,0.316;19.617,15.458,0.285;14.317,8.164,0.285;2.365,18.859,0.351;14.189,11.973,1.329;13.490,14.516,1.086;12.545,13.736,1.026;18.102,11.068,0.351;11.388,16.307,0.431;2.960,12.039,1.245;7.017,4.180,2.098;3.118,13.109,0.771;8.750,14.656,0.293;12.054,15.768,0.340;6.525,14.215,2.145;18.779,11.767,1.747;2.514,1.369,0.425;17.179,11.793,0.662;3.419,1.387,1.237;16.737,3.377,0.319;8.526,9.392,0.816;6.185,17.996,0.315;15.205,3.276,0.387;13.718,9.006,1.672;9.759,14.760,0.817;6.998,9.793,1.267;8.603,3.362,1.204;18.237,12.002,1.803;5.279,17.177,2.469"
6,drone_9,13.0571,4.4778,17.0000,17.0000,"2.347,9.515,0.494;18.301,13.223,1.046;6.689,15.596,2.085;17.102,11.298,0.427;8.172,10.967,1.213;8.788,15.372,0.923;2.199,2.005,0.957;19.010,8.298,0.361;2.280,15.513,1.948;13.374,18.274,0.268;13.316,14.508,0.289;0.568,6.095,0.938;3.098,6.163,0.425;6.816,5.317,0.491;4.424,6.165,1.061;4.055,14.203,1.145;2.339,3.335,2.092;7.811,18.921,0.744;8.652,19.088,0.420;5.921,10.282,0.492;2.431,19.156,0.228;2.185,15.073,2.027;11.957,10.604,0.939;19.649,6.620,0.472;11.281,7.869,0.382;7.288,3.974,0.431;10.341,1.594,1.277;19.506,12.205,0.316;19.617,15.458,0.285;14.317,8.164,0.285;2.365,18.859,0.351;14.189,11.973,1.329;13.490,14.516,1.086;12.545,13.736,1.026;18.102,11.068,0.351;11.388,16.307,0.431;2.960,12.039,1.245;7.017,4.180,2.098;3.118,13.109,0.771;8.750,14.656,0.293;12.054,15.768,0.340;6.525,14.215,2.145;18.779,11.767,1.747;2.514,1.369,0.425;17.179,11.793,0.662;3.419,1.387,1.237;16.737,3.377,0.319;8.526,9.392,0.816;6.185,17.996,0.315;15.205,3.276,0.387;13.718,9.006,1.672;9.759,14.760,0.817;6.998,9.793,1.267;8.603,3.362,1.204;18.237,12.002,1.803;5.279,17.177,2.469"
7,drone_0,12.2809,5.9186,17.0000,17.0000,"2.347,9.515,0.494;18.301,13.223,1.046;6.689,15.596,2.085;17.102,11.298,0.427;8.172,10.967,1.213;8.788,15.372,0.923;2.199,2.005,0.957;19.010,8.298,0.361;2.280,15.513,1.948;13.374,18.274,0.268;13.316,14.508,0.289;0.568,6.095,0.938;3.098,6.163,0.425;6.816,5.317,0.491;4.424,6.165,1.061;4.055,14.203,1.145;2.339,3.335,2.092;7.811,18.921,0.744;8.652,19.088,0.420;5.921,10.282,0.492;2.431,19.156,0.228;2.185,15.073,2.027;11.957,10.604,0.939;19.649,6.620,0.472;11.281,7.869,0.382;7.288,3.974,0.431;10.341,1.594,1.277;19.506,12.205,0.316;19.617,15.458,0.285;14.317,8.164,0.285;2.365,18.859,0.351;14.189,11.973,1.329;13.490,14.516,1.086;12.545,13.736,1.026;18.102,11.068,0.351;11.388,16.307,0.431;2.960,12.039,1.245;7.017,4.180,2.098;3.118,13.109,0.771;8.750,14.656,0.293;12.054,15.768,0.340;6.525,14.215,2.145;18.779,11.767,1.747;2.514,1.369,0.425;17.179,11.793,0.662;3.419,1.387,1.237;16.737,3.377,0.319;8.526,9.392,0.816;6.185,17.996,0.315;15.205,3.276,0.387;13.718,9.006,1.672;9.759,14.760,0.817;6.998,9.793,1.267;8.603,3.362,1.204;18.237,12.002,1.803;5.279,17.177,2.469"
7,drone_1,13.9809,4.8075,17.0000,17.0000,"2.347,9.515,0.494;18.301,13.223,1.046;6.689,15.596,2.085;17.102,11.298,0.427;8.172,10.967,1.213;8.788,15.372,0.923;2.199,2.005,0.957;19.010,8.298,0.361;2.280,15.513,1.948;13.374,18.274,0.268;13.316,14.508,0.289;0.568,6.095,0.938;3.098,6.163,0.425;6.816,5.317,0.491;4.424,6.165,1.061;4.055,14.203,1.145;2.339,3.335,2.092;7.811,18.921,0.744;8.652,19.088,0.420;5.921,10.282,0.492;2.431,19.156,0.228;2.185,15.073,2.027;11.957,10.604,0.939;19.649,6.620,0.472;11.281,7.869,0.382;7.288,3.974,0.431;10.341,1.594,1.277;19.506,12.205,0.316;19.617,15.458,0.285;14.317,8.164,0.285;2.365,18.859,0.351;14.189,11.973,1.329;13.490,14.516,1.086;12.545,13.736,1.026;18.102,11.068,0.351;11.388,16.307,0.431;2.960,12.039,1.245;7.017,4.180,2.098;3.118,13.109,0.771;8.750,14.656,0.293;12.054,15.768,0.340;6.525,14.215,2.145;18.779,11.767,1.747;2.514,1.369,0.425;17.179,11.793,0.662;3.419,1.387,1.237;16.737,3.377,0.319;8.526,9.392,0.816;6.185,17.996,0.315;15.205,3.276,0.387;13.718,9.006,1.672;9.759,14.760,0.817;6.998,9.793,1.267;8.603,3.362,1.204;18.237,12.002,1.803;5.279,17.177,2.469"
7,drone_2,13.1509,6.2509,17.0000,17.0000,"2.347,9.515,0.494;18.301,13.223,1.046;6.689,15.596,2.085;17.102,11.298,0.427;8.172,10.967,1.213;8.788,15.372,0.923;2.199,2.005,0.957;19.010,8.298,0.361;2.280,15.513,1.948;13.374,18.274,0.268;13.316,14.508,0.289;0.568,6.095,0.938;3.098,6.163,0.425;6.816,5.317,0.491;4.424,6.165,1.061;4.055,14.203,1.145;2.339,3.335,2.092;7.811,18.921,0.744;8.652,19.088,0.420;5.921,10.282,0.492;2.431,19.156,0.228;2.185,15.073,2.027;11.957,10.604,0.939;19.649,6.620,0.472;11.281,7.869,0.382;7.288,3.974,0.431;10.341,1.594,1.277;19.506,12.205,0.316;19.617,15.458,0.285;14.317,8.164,0.285;2.365,18.859,0.351;14.189,11.973,1.329;13.490,14.516,1.086;12.545,13.736,1.026;18.102,11.068,0.351;11.388,16.307,0.431;2.960,12.039,1.245;7.017,4.180,2.098;3.118,13.109,0.771;8.750,14.656,0.293;12.054,15.768,0.340;6.525,14.215,2.145;18.779,11.767,1.747;2.514,1.369,0.425;17.179,11.793,0.662;3.419,1.387,1.237;16.737,3.377,0.319;8.526,9.392,0.816;6.185,17.996,0.315;15.205,3.276,0.387;13.718,9.006,1.672;9.759,14.760,0.817;6.998,9.793,1.267;8.603,3.362,1.204;18.237,12.002,1.803;5.279,17.177,2.469"
7,drone_3,12.2847,4.5584,17.0000,17.0000,"2.347,9.515,0.494;18.301,13.223,1.046;6.689,15.596,2.085;17.102,11.298,0.427;8.172,10.967,1.213;8.788,15.372,0.923;2.199,2.005,0.957;19.010,8.298,0.361;2.280,15.513,1.948;13.374,18.274,0.268;13.316,14.508,0.289;0.568,6.095,0.938;3.098,6.163,0.425;6.816,5.317,0.491;4.424,6.165,1.061;4.055,14.203,1.145;2.339,3.335,2.092;7.811,18.921,0.744;8.652,19.088,0.420;5.921,10.282,0.492;2.431,19.156,0.228;2.185,15.073,2.027;11.957,10.604,0.939;19.649,6.620,0.472;11.281,7.869,0.382;7.288,3.974,0.431;10.341,1.594,1.277;19.506,12.205,0.316;19.617,15.458,0.285;14.317,8.164,0.285;2.365,18.859,0.351;14.189,11.973,1.329;13.490,14.516,1.086;12.545,13.736,1.026;18.102,11.068,0.351;11.388,16.307,0.431;2.960,12.039,1.245;7.017,4.180,2.098;3.118,13.109,0.771;8.750,14.656,0.293;12.054,15.768,0.340;6.525,14.215,2.145;18.779,11.767,1.747;2.514,1.369,0.425;17.179,11.793,0.662;3.419,1.387,1.237;16.737,3.377,0.319;8.526,9.392,0.816;6.185,17.996,0.315;15.205,3.276,0.387;13.718,9.006,1.672;9.759,14.760,0.817;6.998,9.793,1.267;8.603,3.362,1.204;18.237,12.002,1.803;5.279,17.177,2.469"
7,drone_4,14.4566,5.5068,17.0000,17.0000,"2.347,9.515,0.494;18.301,13.223,1.046;6.689,15.596,2.085;17.102,11.298,0.427;8.172,10.967,1.213;8.788,15.372,0.923;2.199,2.005,0.957;19.010,8.298,0.361;2.280,15.513,1.948;13.374,18.274,0.268;13.316,14.508,0.289;0.568,6.095,0.938;3.098,6.163,0.425;6.816,5.317,0.491;4.424,6.165,1.061;4.055,14.203,1.145;2.339,3.335,2.092;7.811,18.921,0.744;8.652,19.088,0.420;5.921,10.282,0.492;2.431,19.156,0.228;2.185,15.073,2.027;11.957,10.604,0.939;19.649,6.620,0.472;11.281,7.869,0.382;7.288,3.974,0.431;10.341,1.594,1.277;19.506,12.205,0.316;19.617,15.458,0.285;14.317,8.164,0.285;2.365,18.859,0.351;14.189,11.973,1.329;13.490,14.516,1.086;12.545,13.736,1.026;18.102,11.068,0.351;11.388,16.307,0.431;2.960,12.039,1.245;7.017,4.180,2.098;3.118,13.109,0.771;8.750,14.656,0.293;12.054,15.768,0.340;6.525,14.215,2.145;18.779,11.767,1.747;2.514,1.369,0.425;17.179,11.793,0.662;3.419,1.387,1.237;16.737,3.377,0.319;8.526,9.392,0.816;6.185,17.996,0.315;15.205,3.276,0.387;13.718,9.006,1.672;9.759,14.760,0.817;6.998,9.793,1.267;8.603,3.362,1.204;18.237,12.002,1.803;5.279,17.177,2.469"
7,drone_5,12.9882,5.3261,17.0000,17.0000,"2.347,9.515,0.494;18.301,13.223,1.046;6.689,15.596,2.085;17.102,11.298,0.427;8.172,10.967,1.213;8.788,15.372,0.923;2.199,2.005,0.957;19.010,8.298,0.361;2.280,15.513,1.948;13.374,18.274,0.268;13.316,14.508,0.289;0.568,6.095,0.938;3.098,6.163,0.425;6.816,5.317,0.491;4.424,6.165,1.061;4.055,14.203,1.145;2.339,3.335,2.092;7.811,18.921,0.744;8.652,19.088,0.420;5.921,10.282,0.492;2.431,19.156,0.228;2.185,15.073,2.027;11.957,10.604,0.939;19.649,6.620,0.472;11.281,7.869,0.382;7.288,3.974,0.431;10.341,1.594,1.277;19.506,12.205,0.316;19.617,15.458,0.285;14.317,8.164,0.285;2.365,18.859,0.351;14.189,11.973,1.329;13.490,14.516,1.086;12.545,13.736,1.026;18.102,11.068,0.351;11.388,16.307,0.431;2.960,12.039,1.245;7.017,4.180,2.098;3.118,13.109,0.771;8.750,14.656,0.293;12.054,15.768,0.340;6.525,14.215,2.145;18.779,11.767,1.747;2.514,1.369,0.425;17.179,11.793,0.662;3.419,1.387,1.237;16.737,3.377,0.319;8.526,9.392,0.816;6.185,17.996,0.315;15.205,3.276,0.387;13.718,9.006,1.672;9.759,14.760,0.817;6.998,9.793,1.267;8.603,3.362,1.204;18.237,12.002,1.803;5.279,17.177,2.469"
7,drone_6,14.2154,6.5105,17.0000,17.0000,"2.347,9.515,0.494;18.301,13.223,1.046;6.689,15.596,2.085;17.102,11.298,0.427;8.172,10.967,1.213;8.788,15.372,0.923;2.199,2.005,0.957;19.010,8.298,0.361;2.280,15.513,1.948;13.374,18.274,0.268;13.316,14.508,0.289;0.568,6.095,0.938;3.098,6.163,0.425;6.816,5.317,0.491;4.424,6.165,1.061;4.055,14.203,1.145;2.339,3.335,2.092;7.811,18.921,0.744;8.652,19.088,0.420;5.921,10.282,0.492;2.431,19.156,0.228;2.185,15.073,2.027;11.957,10.604,0.939;19.649,6.620,0.472;11.281,7.869,0.382;7.288,3.974,0.431;10.341,1.594,1.277;19.506,12.205,0.316;19.617,15.458,0.285;14.317,8.164,0.285;2.365,18.859,0.351;14.189,11.973,1.329;13.490,14.516,1.086;12.545,13.736,1.026;18.102,11.068,0.351;11.388,16.307,0.431;2.960,12.039,1.245;7.017,4.180,2.098;3.118,13.109,0.771;8.750,14.656,0.293;12.054,15.768,0.340;6.525,14.215,2.145;18.779,11.767,1.747;2.514,1.369,0.425;17.179,11.793,0.662;3.419,1.387,1.237;16.737,3.377,0.319;8.526,9.392,0.816;6.185,17.996,0.315;15.205,3.276,0.387;13.718,9.006,1.672;9.759,14.760,0.817;6.998,9.793,1.267;8.603,3.362,1.204;18.237,12.002,1.803;5.279,17.177,2.469"
7,drone_7,12.6103,6.8314,17.0000,17.0000,"2.347,9.515,0.494;18.301,13.223,1.046;6.689,15.596,2.085;17.102,11.298,0.427;8.172,10.967,1.213;8.788,15.372,0.923;2.199,2.005,0.957;19.010,8.298,0.361;2.280,15.513,1.948;13.374,18.274,0.268;13.316,14.508,0.289;0.568,6.095,0.938;3.098,6.163,0.425;6.816,5.317,0.491;4.424,6.165,1.061;4.055,14.203,1.145;2.339,3.335,2.092;7.811,18.921,0.744;8.652,19.088,0.420;5.921,10.282,0.492;2.431,19.156,0.228;2.185,15.073,2.027;11.957,10.604,0.939;19.649,6.620,0.472;11.281,7.869,0.382;7.288,3.974,0.431;10.341,1.594,1.277;19.506,12.205,0.316;19.617,15.458,0.285;14.317,8.164,0.285;2.365,18.859,0.351;14.189,11.973,1.329;13.490,14.516,1.086;12.545,13.736,1.026;18.102,11.068,0.351;11.388,16.307,0.431;2.960,12.039,1.245;7.017,4.180,2.098;3.118,13.109,0.771;8.750,14.656,0.293;12.054,15.768,0.340;6.525,14.215,2.145;18.779,11.767,1.747;2.514,1.369,0.425;17.179,11.793,0.662;3.419,1.387,1.237;16.737,3.377,0.319;8.526,9.392,0.816;6.185,17.996,0.315;15.205,3.276,0.387;13.718,9.006,1.672;9.759,14.760,0.817;6.998,9.793,1.267;8.603,3.362,1.204;18.237,12.002,1.803;5.279,17.177,2.469"
7,drone_8,14.5784,4.3450,17.0000,17.0000,"2.347,9.515,0.494;18.301,13.223,1.046;6.689,15.596,2.085;17.102,11.298,0.427;8.172,10.967,1.213;8.788,15.372,0.923;2.199,2.005,0.957;19.010,8.298,0.361;2.280,15.513,1.948;13.374,18.274,0.268;13.316,14.508,0.289;0.568,6.095,0.938;3.098,6.163,0.425;6.816,5.317,0.491;4.424,6.165,1.061;4.055,14.203,1.145;2.339,3.335,2.092;7.811,18.921,0.744;8.652,19.088,0.420;5.921,10.282,0.492;2.431,19.156,0.228;2.185,15.073,2.027;11.957,10.604,0.939;19.649,6.620,0.472;11.281,7.869,0.382;7.288,3.974,0.431;10.341,1.594,1.277;19.506,12.205,0.316;19.617,15.458,0.285;14.317,8.164,0.285;2.365,18.859,0.351;14.189,11.973,1.329;13.490,14.516,1.086;12.545,13.736,1.026;18.102,11.068,0.351;11.388,16.307,0.431;2.960,12.039,1.245;7.017,4.180,2.098;3.118,13.109,0.771;8.750,14.656,0.293;12.054,15.768,0.340;6.525,14.215,2.145;18.779,11.767,1.747;2.514,1.369,0.425;17.179,11.793,0.662;3.419,1.387,1.237;16.737,3.377,0.319;8.526,9.392,0.816;6.185,17.996,0.315;15.205,3.276,0.387;13.718,9.006,1.672;9.759,14.760,0.817;6.998,9.793,1.267;8.603,3.362,1.204;18.237,12.002,1.803;5.279,17.177,2.469"
7,drone_9,13.2386,4.5618,17.0000,17.0000,"2.347,9.515,0.494;18.301,13.223,1.046;6.689,15.596,2.085;17.102,11.298,0.427;8.172,10.967,1.213;8.788,15.372,0.923;2.199,2.005,0.957;19.010,8.298,0.361;2.280,15.513,1.948;13.374,18.274,0.268;13.316,14.508,0.289;0.568,6.095,0.938;3.098,6.163,0.425;6.816,5.317,0.491;4.424,6.165,1.061;4.055,14.203,1.145;2.339,3.335,2.092;7.811,18.921,0.744;8.652,19.088,0.420;5.921,10.282,0.492;2.431,19.156,0.228;2.185,15.073,2.027;11.957,10.604,0.939;19.649,6.620,0.472;11.281,7.869,0.382;7.288,3.974,0.431;10.341,1.594,1.277;19.506,12.205,0.316;19.617,15.458,0.285;14.317,8.164,0.285;2.365,18.859,0.351;14.189,11.973,1.329;13.490,14.516,1.086;12.545,13.736,1.026;18.102,11.068,0.351;11.388,16.307,0.431;2.960,12.039,1.245;7.017,4.180,2.098;3.118,13.109,0.771;8.750,14.656,0.293;12.054,15.768,0.340;6.525,14.215,2.145;18.779,11.767,1.747;2.514,1.369,0.425;17.179,11.793,0.662;3.419,1.387,1.237;16.737,3.377,0.319;8.526,9.392,0.816;6.185,17.996,0.315;15.205,3.276,0.387;13.718,9.006,1.672;9.759,14.760,0.817;6.998,9.793,1.267;8.603,3.362,1.204;18.237,12.002,1.803;5.279,17.177,2.469"
8,drone_0,12.4802,5.9347,17.0000,17.0000,"2.347,9.515,0.494;18.301,13.223,1.046;6.689,15.596,2.085;17.102,11.298,0.427;8.172,10.967,1.213;8.788,15.372,0.923;2.199,2.005,0.957;19.010,8.298,0.361;2.280,15.513,1.948;13.374,18.274,0.268;13.316,14.508,0.289;0.568,6.095,0.938;3.098,6.163,0.425;6.816,5.317,0.491;4.424,6.165,1.061;4.055,14.203,1.145;2.339,3.335,2.092;7.811,18.921,0.744;8.652,19.088,0.420;5.921,10.282,0.492;2.431,19.156,0.228;2.185,15.073,2.027;11.957,10.604,0.939;19.649,6.620,0.472;11.281,7.869,0.382;7.288,3.974,0.431;10.341,1.594,1.277;19.506,12.205,0.316;19.617,15.458,0.285;14.317,8.164,0.285;2.365,18.859,0.351;14.189,11.973,1.329;13.490,14.516,1.086;12.545,13.736,1.026;18.102,11.068,0.351;11.388,16.307,0.431;2.960,12.039,1.245;7.017,4.180,2.098;3.118,13.109,0.771;8.750,14.656,0.293;12.054,15.768,0.340;6.525,14.215,2.145;18.779,11.767,1.747;2.514,1.369,0.425;17.179,11.793,0.662;3.419,1.387,1.237;16.737,3.377,0.319;8.526,9.392,0.816;6.185,17.996,0.315;15.205,3.276,0.387;13.718,9.006,1.672;9.759,14.760,0.817;6.998,9.793,1.267;8.603,3.362,1.204;18.237,12.002,1.803;5.279,17.177,2.469"
8,drone_1,14.1782,4.7747,17.0000,17.0000,"2.347,9.515,0.494;18.301,13.223,1.046;6.689,15.596,2.085;17.102,11.298,0.427;8.172,10.967,1.213;8.788,15.372,0.923;2.199,2.005,0.957;19.010,8.298,0.361;2.280,15.513,1.948;13.374,18.274,0.268;13.316,14.508,0.289;0.568,6.095,0.938;3.098,6.163,0.425;6.816,5.317,0.491;4.424,6.165,1.061;4.055,14.203,1.145;2.339,3.335,2.092;7.811,18.921,0.744;8.652,19.088,0.420;5.921,10.282,0.492;2.431,19.156,0.228;2.185,15.073,2.027;11.957,10.604,0.939;19.649,6.620,0.472;11.281,7.869,0.382;7.288,3.974,0.431;10.341,1.594,1.277;19.506,12.205,0.316;19.617,15.458,0.285;14.317,8.164,0.285;2.365,18.859,0.351;14.189,11.973,1.329;13.490,14.516,1.086;12.545,13.736,1.026;18.102,11.068,0.351;11.388,16.307,0.431;2.960,12.039,1.245;7.017,4.180,2.098;3.118,13.109,0.771;8.750,14.656,0.293;12.054,15.768,0.340;6.525,14.215,2.145;18.779,11.767,1.747;2.514,1.369,0.425;17.179,11.793,0.662;3.419,1.387,1.237;16.737,3.377,0.319;8.526,9.392,0.816;6.185,17.996,0.315;15.205,3.276,0.387;13.718,9.006,1.672;9.759,14.760,0.817;6.998,9.793,1.267;8.603,3.362,1.204;18.237,12.002,1.803;5.279,17.177,2.469"
8,drone_2,13.3419,6.3102,17.0000,17.0000,"2.347,9.515,0.494;18.301,13.223,1.046;6.689,15.596,2.085;17.102,11.298,0.427;8.172,10.967,1.213;8.788,15.372,0.923;2.199,2.005,0.957;19.010,8.298,0.361;2.280,15.513,1.948;13.374,18.274,0.268;13.316,14.508,0.289;0.568,6.095,0.938;3.098,6.163,0.425;6.816,5.317,0.491;4.424,6.165,1.061;4.055,14.203,1.145;2.339,3.335,2.092;7.811,18.921,0.744;8.652,19.088,0.420;5.921,10.282,0.492;2.431,19.156,0.228;2.185,15.073,2.027;11.957,10.604,0.939;19.649,6.620,0.472;11.281,7.869,0.382;7.288,3.974,0.431;10.341,1.594,1.277;19.506,12.205,0.316;19.617,15.458,0.285;14.317,8.164,0.285;2.365,18.859,0.351;14.189,11.973,1.329;13.490,14.516,1.086;12.545,13.736,1.026;18.102,11.068,0.351;11.388,16.307,0.431;2.960,12.039,1.245;7.017,4.180,2.098;3.118,13.109,0.771;8.750,14.656,0.293;12.054,15.768,0.340;6.525,14.215,2.145;18.779,11.767,1.747;2.514,1.369,0.425;17.179,11.793,0.662;3.419,1.387,1.237;16.737,3.377,0.319;8.526,9.392,0.816;6.185,17.996,0.315;15.205,3.276,0.387;13.718,9.006,1.672;9.759,14.760,0.817;6.998,9.793,1.267;8.603,3.362,1.204;18.237,12.002,1.803;5.279,17.177,2.469"
8,drone_3,12.4820,4.5907,17.0000,17.0000,"2.347,9.515,0.494;18.301,13.223,1.046;6.689,15.596,2.085;17.102,11.298,0.427;8.172,10.967,1.213;8.788,15.372,0.923;2.199,2.005,0.957;19.010,8.298,0.361;2.280,15.513,1.948;13.374,18.274,0.268;13.316,14.508,0.289;0.568,6.095,0.938;3.098,6.163,0.425;6.816,5.317,0.491;4.424,6.165,1.061;4.055,14.203,1.145;2.339,3.335,2.092;7.811,18.921,0.744;8.652,19.088,0.420;5.921,10.282,0.492;2.431,19.156,0.228;2.185,15.073,2.027;11.957,10.604,0.939;19.649,6.620,0.472;11.281,7.869,0.382;7.288,3.974,0.431;10.341,1.594,1.277;19.506,12.205,0.316;19.617,15.458,0.285;14.317,8.164,0.285;2.365,18.859,0.351;14.189,11.973,1.329;13.490,14.516,1.086;12.545,13.736,1.026;18.102,11.068,0.351;11.388,16.307,0.431;2.960,12.039,1.245;7.017,4.180,2.098;3.118,13.109,0.771;8.750,14.656,0.293;12.054,15.768,0.340;6.525,14.215,2.145;18.779,11.767,1.747;2.514,1.369,0.425;17.179,11.793,0.662;3.419,1.387,1.237;16.737,3.377,0.319;8.526,9.392,0.816;6.185,17.996,0.315;15.205,3.276,0.387;13.718,9.006,1.672;9.759,14.760,0.817;6.998,9.793,1.267;8.603,3.362,1.204;18.237,12.002,1.803;5.279,17.177,2.469"
8,drone_4,14.6544,5.4777,17.0000,17.0000,"2.347,9.515,0.494;18.301,13.223,1.046;6.689,15.596,2.085;17.102,11.298,0.427;8.172,10.967,1.213;8.788,15.372,0.923;2.199,2.005,0.957;19.010,8.298,0.361;2.280,15.513,1.948;13.374,18.274,0.268;13.316,14.508,0.289;0.568,6.095,0.938;3.098,6.163,0.425;6.816,5.317,0.491;4.424,6.165,1.061;4.055,14.203,1.145;2.339,3.335,2.092;7.811,18.921,0.744;8.652,19.088,0.420;5.921,10.282,0.492;2.431,19.156,0.228;2.185,15.073,2.027;11.957,10.604,0.939;19.649,6.620,0.472;11.281,7.869,0.382;7.288,3.974,0.431;10.341,1.594,1.277;19.506,12.205,0.316;19.617,15.458,0.285;14.317,8.164,0.285;2.365,18.859,0.351;14.189,11.973,1.329;13.490,14.516,1.086;12.545,13.736,1.026;18.102,11.068,0.351;11.388,16.307,0.431;2.960,12.039,1.245;7.017,4.180,2.098;3.118,13.109,0.771;8.750,14.656,0.293;12.054,15.768,0.340;6.525,14.215,2.145;18.779,11.767,1.747;2.514,1.369,0.425;17.179,11.793,0.662;3.419,1.387,1.237;16.737,3.377,0.319;8.526,9.392,0.816;6.185,17.996,0.315;15.205,3.276,0.387;13.718,9.006,1.672;9.759,14.760,0.817;6.998,9.793,1.267;8.603,3.362,1.204;18.237,12.002,1.803;5.279,17.177,2.469"
8,drone_5,13.1820,5.3756,17.0000,17.0000,"2.347,9.515,0.494;18.301,13.223,1.046;6.689,15.596,2.085;17.102,11.298,0.427;8.172,10.967,1.213;8.788,15.372,0.923;2.199,2.005,0.957;19.010,8.298,0.361;2.280,15.513,1.948;13.374,18.274,0.268;13.316,14.508,0.289;0.568,6.095,0.938;3.098,6.163,0.425;6.816,5.317,0.491;4.424,6.165,1.061;4.055,14.203,1.145;2.339,3.335,2.092;7.811,18.921,0.744;8.652,19.088,0.420;5.921,10.282,0.492;2.431,19.156,0.228;2.185,15.073,2.027;11.957,10.604,0.939;19.649,6.620,0.472;11.281,7.869,0.382;7.288,3.974,0.431;10.341,1.594,1.277;19.506,12.205,0.316;19.617,15.458,0.285;14.317,8.164,0.285;2.365,18.859,0.351;14.189,11.973,1.329;13.490,14.516,1.086;12.545,13.736,1.026;18.102,11.068,0.351;11.388,16.307,0.431;2.960,12.039,1.245;7.017,4.180,2.098;3.118,13.109,0.771;8.750,14.656,0.293;12.054,15.768,0.340;6.525,14.215,2.145;18.779,11.767,1.747;2.514,1.369,0.425;17.179,11.793,0.662;3.419,1.387,1.237;16.737,3.377,0.319;8.526,9.392,0.816;6.185,17.996,0.315;15.205,3.276,0.387;13.718,9.006,1.672;9.759,14.760,0.817;6.998,9.793,1.267;8.603,3.362,1.204;18.237,12.002,1.803;5.279,17.177,2.469"
8,drone_6,14.4137,6.4840,17.0000,17.0000,"2.347,9.515,0.494;18.301,13.223,1.046;6.689,15.596,2.085;17.102,11.298,0.427;8.172,10.967,1.213;8.788,15.372,0.923;2.199,2.005,0.957;19.010,8.298,0.361;2.280,15.513,1.948;13.374,18.274,0.268;13.316,14.508,0.289;0.568,6.095,0.938;3.098,6.163,0.425;6.816,5.317,0.491;4.424,6.165,1.061;4.055,14.203,1.145;2.339,3.335,2.092;7.811,18.921,0.744;8.652,19.088,0.420;5.921,10.282,0.492;2.431,19.156,0.228;2.185,15.073,2.027;11.957,10.604,0.939;19.649,6.620,0.472;11.281,7.869,0.382;7.288,3.974,0.431;10.341,1.594,1.277;19.506,12.205,0.316;19.617,15.458,0.285;14.317,8.164,0.285;2.365,18.859,0.351;14.189,11.973,1.329;13.490,14.516,1.086;12.545,13.736,1.026;18.102,11.068,0.351;11.388,16.307,0.431;2.960,12.039,1.245;7.017,4.180,2.098;3.118,13.109,0.771;8.750,14.656,0.293;12.054,15.768,0.340;6.525,14.215,2.145;18.779,11.767,1.747;2.514,1.369,0.425;17.179,11.793,0.662;3.419,1.387,1.237;16.737,3.377,0.319;8.526,9.392,0.816;6.185,17.996,0.315;15.205,3.276,0.387;13.718,9.006,1.672;9.759,14.760,0.817;6.998,9.793,1.267;8.603,3.362,1.204;18.237,12.002,1.803;5.279,17.177,2.469"
8,drone_7,12.8047,6.8784,17.0000,17.0000,"2.347,9.515,0.494;18.301,13.223,1.046;6.689,15.596,2.085;17.102,11.298,0.427;8.172,10.967,1.213;8.788,15.372,0.923;2.199,2.005,0.957;19.010,8.298,0.361;2.280,15.513,1.948;13.374,18.274,0.268;13.316,14.508,0.289;0.568,6.095,0.938;3.098,6.163,0.425;6.816,5.317,0.491;4.424,6.165,1.061;4.055,14.203,1.145;2.339,3.335,2.092;7.811,18.921,0.744;8.652,19.088,0.420;5.921,10.282,0.492;2.431,19.156,0.228;2.185,15.073,2.027;11.957,10.604,0.939;19.649,6.620,0.472;11.281,7.869,0.382;7.288,3.974,0.431;10.341,1.594,1.277;19.506,12.205,0.316;19.617,15.458,0.285;14.317,8.164,0.285;2.365,18.859,0.351;14.189,11.973,1.329;13.490,14.516,1.086;12.545,13.736,1.026;18.102,11.068,0.351;11.388,16.307,0.431;2.960,12.039,1.245;7.017,4.180,2.098;3.118,13.109,0.771;8.750,14.656,0.293;12.054,15.768,0.340;6.525,14.215,2.145;18.779,11.767,1.747;2.514,1.369,0.425;17.179,11.793,0.662;3.419,1.387,1.237;16.737,3.377,0.319;8.526,9.392,0.816;6.185,17.996,0.315;15.205,3.276,0.387;13.718,9.006,1.672;9.759,14.760,0.817;6.998,9.793,1.267;8.603,3.362,1.204;18.237,12.002,1.803;5.279,17.177,2.469"
8,drone_8,14.7756,4.3783,17.0000,17.0000,"2.347,9.515,0.494;18.301,13.223,1.046;6.689,15.596,2.085;17.102,11.298,0.427;8.172,10.967,1.213;8.788,15.372,0.923;2.199,2.005,0.957;19.010,8.298,0.361;2.280,15.513,1.948;13.374,18.274,0.268;13.316,14.508,0.289;0.568,6.095,0.938;3.098,6.163,0.425;6.816,5.317,0.491;4.424,6.165,1.061;4.055,14.203,1.145;2.339,3.335,2.092;7.811,18.921,0.744;8.652,19.088,0.420;5.921,10.282,0.492;2.431,19.156,0.228;2.185,15.073,2.027;11.957,10.604,0.939;19.649,6.620,0.472;11.281,7.869,0.382;7.288,3.974,0.431;10.341,1.594,1.277;19.506,12.205,0.316;19.617,15.458,0.285;14.317,8.164,0.285;2.365,18.859,0.351;14.189,11.973,1.329;13.490,14.516,1.086;12.545,13.736,1.026;18.102,11.068,0.351;11.388,16.307,0.431;2.960,12.039,1.245;7.017,4.180,2.098;3.118,13.109,0.771;8.750,14.656,0.293;12.054,15.768,0.340;6.525,14.215,2.145;18.779,11.767,1.747;2.514,1.369,0.425;17.179,11.793,0.662;3.419,1.387,1.237;16.737,3.377,0.319;8.526,9.392,0.816;6.185,17.996,0.315;15.205,3.276,0.387;13.718,9.006,1.672;9.759,14.760,0.817;6.998,9.793,1.267;8.603,3.362,1.204;18.237,12.002,1.803;5.279,17.177,2.469"
8,drone_9,13.4207,4.6444,17.0000,17.0000,"2.347,9.515,0.494;18.301,13.223,1.046;6.689,15.596,2.085;17.102,11.298,0.427;8.172,10.967,1.213;8.788,15.372,0.923;2.199,2.005,0.957;19.010,8.298,0.361;2.280,15.513,1.948;13.374,18.274,0.268;13.316,14.508,0.289;0.568,6.095,0.938;3.098,6.163,0.425;6.816,5.317,0.491;4.424,6.165,1.061;4.055,14.203,1.145;2.339,3.335,2.092;7.811,18.921,0.744;8.652,19.088,0.420;5.921,10.282,0.492;2.431,19.156,0.228;2.185,15.073,2.027;11.957,10.604,0.939;19.649,6.620,0.472;11.281,7.869,0.382;7.288,3.974,0.431;10.341,1.594,1.277;19.506,12.205,0.316;19.617,15.458,0.285;14.317,8.164,0.285;2.365,18.859,0.351;14.189,11.973,1.329;13.490,14.516,1.086;12.545,13.736,1.026;18.102,11.068,0.351;11.388,16.307,0.431;2.960,12.039,1.245;7.017,4.180,2.098;3.118,13.109,0.771;8.750,14.656,0.293;12.054,15.768,0.340;6.525,14.215,2.145;18.779,11.767,1.747;2.514,1.369,0.425;17.179,11.793,0.662;3.419,1.387,1.237;16.737,3.377,0.319;8.526,9.392,0.816;6.185,17.996,0.315;15.205,3.276,0.387;13.718,9.006,1.672;9.759,14.760,0.817;6.998,9.793,1.267;8.603,3.362,1.204;18.237,12.002,1.803;5.279,17.177,2.469"
9,drone_0,12.6799,5.9467,17.0000,17.0000,"2.347,9.515,0.494;18.301,13.223,1.046;6.689,15.596,2.085;17.102,11.298,0.427;8.172,10.967,1.213;8.788,15.372,0.923;2.199,2.005,0.957;19.010,8.298,0.361;2.280,15.513,1.948;13.374,18.274,0.268;13.316,14.508,0.289;0.568,6.095,0.938;3.098,6.163,0.425;6.816,5.317,0.491;4.424,6.165,1.061;4.055,14.203,1.145;2.339,3.335,2.092;7.811,18.921,0.744;8.652,19.088,0.420;5.921,10.282,0.492;2.431,19.156,0.228;2.185,15.073,2.027;11.957,10.604,0.939;19.649,6.620,0.472;11.281,7.869,0.382;7.288,3.974,0.431;10.341,1.594,1.277;19.506,12.205,0.316;19.617,15.458,0.285;14.317,8.164,0.285;2.365,18.859,0.351;14.189,11.973,1.329;13.490,14.516,1.086;12.545,13.736,1.026;18.102,11.068,0.351;11.388,16.307,0.431;2.960,12.039,1.245;7.017,4.180,2.098;3.118,13.109,0.771;8.750,14.656,0.293;12.054,15.768,0.340;6.525,14.215,2.145;18.779,11.767,1.747;2.514,1.369,0.425;17.179,11.793,0.662;3.419,1.387,1.237;16.737,3.377,0.319;8.526,9.392,0.816;6.185,17.996,0.315;15.205,3.276,0.387;13.718,9.006,1.672;9.759,14.760,0.817;6.998,9.793,1.267;8.603,3.362,1.204;18.237,12.002,1.803;5.279,17.177,2.469"
9,drone_1,14.3739,4.7569,17.0000,17.0000,"2.347,9.515,0.494;18.301,13.223,1.046;6.689,15.596,2.085;17.102,11.298,0.427;8.172,10.967,1.213;8.788,15.372,0.923;2.199,2.005,0.957;19.010,8.298,0.361;2.280,15.513,1.948;13.374,18.274,0.268;13.316,14.508,0.289;0.568,6.095,0.938;3.098,6.163,0.425;6.816,5.317,0.491;4.424,6.165,1.061;4.055,14.203,1.145;2.339,3.335,2.092;7.811,18.921,0.744;8.652,19.088,0.420;5.921,10.282,0.492;2.431,19.156,0.228;2.185,15.073,2.027;11.957,10.604,0.939;19.649,6.620,0.472;11.281,7.869,0.382;7.288,3.974,0.431;10.341,1.594,1.277;19.506,12.205,0.316;19.617,15.458,0.285;14.317,8.164,0.285;2.365,18.859,0.351;14.189,11.973,1.329;13.490,14.516,1.086;12.545,13.736,1.026;18.102,11.068,0.351;11.388,16.307,0.431;2.960,12.039,1.245;7.017,4.180,2.098;3.118,13.109,0.771;8.750,14.656,0.293;12.054,15.768,0.340;6.525,14.215,2.145;18.779,11.767,1.747;2.514,1.369,0.425;17.179,11.793,0.662;3.419,1.387,1.237;16.737,3.377,0.319;8.526,9.392,0.816;6.185,17.996,0.315;15.205,3.276,0.387;13.718,9.006,1.672;9.759,14.760,0.817;6.998,9.793,1.267;8.603,3.362,1.204;18.237,12.002,1.803;5.279,17.177,2.469"
9,drone_2,13.5340,6.3658,17.0000,17.0000,"2.347,9.515,0.494;18.301,13.223,1.046;6.689,15.596,2.085;17.102,11.298,0.427;8.172,10.967,1.213;8.788,15.372,0.923;2.199,2.005,0.957;19.010,8.298,0.361;2.280,15.513,1.948;13.374,18.274,0.268;13.316,14.508,0.289;0.568,6.095,0.938;3.098,6.163,0.425;6.816,5.317,0.491;4.424,6.165,1.061;4.055,14.203,1.145;2.339,3.335,2.092;7.811,18.921,0.744;8.652,19.088,0.420;5.921,10.282,0.492;2.431,19.156,0.228;2.185,15.073,2.027;11.957,10.604,0.939;19.649,6.620,0.472;11.281,7.869,0.382;7.288,3.974,0.431;10.341,1.594,1.277;19.506,12.205,0.316;19.617,15.458,0.285;14.317,8.164,0.285;2.365,18.859,0.351;14.189,11.973,1.329;13.490,14.516,1.086;12.545,13.736,1.026;18.102,11.068,0.351;11.388,16.307,0.431;2.960,12.039,1.245;7.017,4.180,2.098;3.118,13.109,0.771;8.750,14.656,0.293;12.054,15.768,0.340;6.525,14.215,2.145;18.779,11.767,1.747;2.514,1.369,0.425;17.179,11.793,0.662;3.419,1.387,1.237;16.737,3.377,0.319;8.526,9.392,0.816;6.185,17.996,0.315;15.205,3.276,0.387;13.718,9.006,1.672;9.759,14.760,0.817;6.998,9.793,1.267;8.603,3.362,1.204;18.237,12.002,1.803;5.279,17.177,2.469"
9,drone_3,12.6722,4.6194,17.0000,17.0000,"2.347,9.515,0.494;18.301,13.223,1.046;6.689,15.596,2.085;17.102,11.298,0.427;8.172,10.967,1.213;8.788,15.372,0.923;2.199,2.005,0.957;19.010,8.298,0.361;2.280,15.513,1.948;13.374,18.274,0.268;13.316,14.508,0.289;0.568,6.095,0.938;3.098,6.163,0.425;6.816,5.317,0.491;4.424,6.165,1.061;4.055,14.203,1.145;2.339,3.335,2.092;7.811,18.921,0.744;8.652,19.088,0.420;5.921,10.282,0.492;2.431,19.156,0.228;2.185,15.073,2.027;11.957,10.604,0.939;19.649,6.620,0.472;11.281,7.869,0.382;7.288,3.974,0.431;10.341,1.594,1.277;19.506,12.205,0.316;19.617,15.458,0.285;14.317,8.164,0.285;2.365,18.859,0.351;14.189,11.973,1.329;13.490,14.516,1.086;12.545,13.736,1.026;18.102,11.068,0.351;11.388,16.307,0.431;2.960,12.039,1.245;7.017,4.180,2.098;3.118,13.109,0.771;8.750,14.656,0.293;12.054,15.768,0.340;6.525,14.215,2.145;18.779,11.767,1.747;2.514,1.369,0.425;17.179,11.793,0.662;3.419,1.387,1.237;16.737,3.377,0.319;8.526,9.392,0.816;6.185,17.996,0.315;15.205,3.276,0.387;13.718,9.006,1.672;9.759,14.760,0.817;6.998,9.793,1.267;8.603,3.362,1.204;18.237,12.002,1.803;5.279,17.177,2.469"
9,drone_4,14.8516,5.4438,17.0000,17.0000,"2.347,9.515,0.494;18.301,13.223,1.046;6.689,15.596,2.085;17.102,11.298,0.427;8.172,10.967,1.213;8.788,15.372,0.923;2.199,2.005,0.957;19.010,8.298,0.361;2.280,15.513,1.948;13.374,18.274,0.268;13.316,14.508,0.289;0.568,6.095,0.938;3.098,6.163,0.425;6.816,5.317,0.491;4.424,6.165,1.061;4.055,14.203,1.145;2.339,3.335,2.092;7.811,18.921,0.744;8.652,19.088,0.420;5.921,10.282,0.492;2.431,19.156,0.228;2.185,15.073,2.027;11.957,10.604,0.939;19.649,6.620,0.472;11.281,7.869,0.382;7.288,3.974,0.431;10.341,1.594,1.277;19.506,12.205,0.316;19.617,15.458,0.285;14.317,8.164,0.285;2.365,18.859,0.351;14.189,11.973,1.329;13.490,14.516,1.086;12.545,13.736,1.026;18.102,11.068,0.351;11.388,16.307,0.431;2.960,12.039,1.245;7.017,4.180,2.098;3.118,13.109,0.771;8.750,14.656,0.293;12.054,15.768,0.340;6.525,14.215,2.145;18.779,11.767,1.747;2.514,1.369,0.425;17.179,11.793,0.662;3.419,1.387,1.237;16.737,3.377,0.319;8.526,9.392,0.816;6.185,17.996,0.315;15.205,3.276,0.387;13.718,9.006,1.672;9.759,14.760,0.817;6.998,9.793,1.267;8.603,3.362,1.204;18.237,12.002,1.803;5.279,17.177,2.469"
9,drone_5,13.3806,5.3996,17.0000,17.0000,"2.347,9.515,0.494;18.301,13.223,1.046;6.689,15.596,2.085;17.102,11.298,0.427;8.172,10.967,1.213;8.788,15.372,0.923;2.199,2.005,0.957;19.010,8.298,0.361;2.280,15.513,1.948;13.374,18.274,0.268;13.316,14.508,0.289;0.568,6.095,0.938;3.098,6.163,0.425;6.816,5.317,0.491;4.424,6.165,1.061;4.055,14.203,1.145;2.339,3.335,2.092;7.811,18.921,0.744;8.652,19.088,0.420;5.921,10.282,0.492;2.431,19.156,0.228;2.185,15.073,2.027;11.957,10.604,0.939;19.649,6.620,0.472;11.281,7.869,0.382;7.288,3.974,0.431;10.341,1.594,1.277;19.506,12.205,0.316;19.617,15.458,0.285;14.317,8.164,0.285;2.365,18.859,0.351;14.189,11.973,1.329;13.490,14.516,1.086;12.545,13.736,1.026;18.102,11.068,0.351;11.388,16.307,0.431;2.960,12.039,1.245;7.017,4.180,2.098;3.118,13.109,0.771;8.750,14.656,0.293;12.054,15.768,0.340;6.525,14.215,2.145;18.779,11.767,1.747;2.514,1.369,0.425;17.179,11.793,0.662;3.419,1.387,1.237;16.737,3.377,0.319;8.526,9.392,0.816;6.185,17.996,0.315;15.205,3.276,0.387;13.718,9.006,1.672;9.759,14.760,0.817;6.998,9.793,1.267;8.603,3.362,1.204;18.237,12.002,1.803;5.279,17.177,2.469"
9,drone_6,14.6111,6.4523,17.0000,17.0000,"2.347,9.515,0.494;18.301,13.223,1.046;6.689,15.596,2.085;17.102,11.298,0.427;8.172,10.967,1.213;8.788,15.372,0.923;2.199,2.005,0.957;19.010,8.298,0.361;2.280,15.513,1.948;13.374,18.274,0.268;13.316,14.508,0.289;0.568,6.095,0.938;3.098,6.163,0.425;6.816,5.317,0.491;4.424,6.165,1.061;4.055,14.203,1.145;2.339,3.335,2.092;7.811,18.921,0.744;8.652,19.088,0.420;5.921,10.282,0.492;2.431,19.156,0.228;2.185,15.073,2.027;11.957,10.604,0.939;19.649,6.620,0.472;11.281,7.869,0.382;7.288,3.974,0.431;10.341,1.594,1.277;19.506,12.205,0.316;19.617,15.458,0.285;14.317,8.164,0.285;2.365,18.859,0.351;14.189,11.973,1.329;13.490,14.516,1.086;12.545,13.736,1.026;18.102,11.068,0.351;11.388,16.307,0.431;2.960,12.039,1.245;7.017,4.180,2.098;3.118,13.109,0.771;8.750,14.656,0.293;12.054,15.768,0.340;6.525,14.215,2.145;18.779,11.767,1.747;2.514,1.369,0.425;17.179,11.793,0.662;3.419,1.387,1.237;16.737,3.377,0.319;8.526,9.392,0.816;6.185,17.996,0.315;15.205,3.276,0.387;13.718,9.006,1.672;9.759,14.760,0.817;6.998,9.793,1.267;8.603,3.362,1.204;18.237,12.002,1.803;5.279,17.177,2.469"
9,drone_7,13.0010,6.9165,17.0000,17.0000,"2.347,9.515,0.494;18.301,13.223,1.046;6.689,15.596,2.085;17.102,11.298,0.427;8.172,10.967,1.213;8.788,15.372,0.923;2.199,2.005,0.957;19.010,8.298,0.361;2.280,15.513,1.948;13.374,18.274,0.268;13.316,14.508,0.289;0.568,6.095,0.938;3.098,6.163,0.425;6.816,5.317,0.491;4.424,6.165,1.061;4.055,14.203,1.145;2.339,3.335,2.092;7.811,18.921,0.744;8.652,19.088,0.420;5.921,10.282,0.492;2.431,19.156,0.228;2.185,15.073,2.027;11.957,10.604,0.939;19.649,6.620,0.472;11.281,7.869,0.382;7.288,3.974,0.431;10.341,1.594,1.277;19.506,12.205,0.316;19.617,15.458,0.285;14.317,8.164,0.285;2.365,18.859,0.351;14.189,11.973,1.329;13.490,14.516,1.086;12.545,13.736,1.026;18.102,11.068,0.351;11.388,16.307,0.431;2.960,12.039,1.245;7.017,4.180,2.098;3.118,13.109,0.771;8.750,14.656,0.293;12.054,15.768,0.340;6.525,14.215,2.145;18.779,11.767,1.747;2.514,1.369,0.425;17.179,11.793,0.662;3.419,1.387,1.237;16.737,3.377,0.319;8.526,9.392,0.816;6.185,17.996,0.315;15.205,3.276,0.387;13.718,9.006,1.672;9.759,14.760,0.817;6.998,9.793,1.267;8.603,3.362,1.204;18.237,12.002,1.803;5.279,17.177,2.469"
9,drone_8,14.9723,4.4146,17.0000,17.0000,"2.347,9.515,0.494;18.301,13.223,1.046;6.689,15.596,2.085;17.102,11.298,0.427;8.172,10.967,1.213;8.788,15.372,0.923;2.199,2.005,0.957;19.010,8.298,0.361;2.280,15.513,1.948;13.374,18.274,0.268;13.316,14.508,0.289;0.568,6.095,0.938;3.098,6.163,0.425;6.816,5.317,0.491;4.424,6.165,1.061;4.055,14.203,1.145;2.339,3.335,2.092;7.811,18.921,0.744;8.652,19.088,0.420;5.921,10.282,0.492;2.431,19.156,0.228;2.185,15.073,2.027;11.957,10.604,0.939;19.649,6.620,0.472;11.281,7.869,0.382;7.288,3.974,0.431;10.341,1.594,1.277;19.506,12.205,0.316;19.617,15.458,0.285;14.317,8.164,0.285;2.365,18.859,0.351;14.189,11.973,1.329;13.490,14.516,1.086;12.545,13.736,1.026;18.102,11.068,0.351;11.388,16.307,0.431;2.960,12.039,1.245;7.017,4.180,2.098;3.118,13.109,0.771;8.750,14.656,0.293;12.054,15.768,0.340;6.525,14.215,2.145;18.779,11.767,1.747;2.514,1.369,0.425;17.179,11.793,0.662;3.419,1.387,1.237;16.737,3.377,0.319;8.526,9.392,0.816;6.185,17.996,0.315;15.205,3.276,0.387;13.718,9.006,1.672;9.759,14.760,0.817;6.998,9.793,1.267;8.603,3.362,1.204;18.237,12.002,1.803;5.279,17.177,2.469"
9,drone_9,13.6030,4.7266,17.0000,17.0000,"2.347,9.515,0.494;18.301,13.223,1.046;6.689,15.596,2.085;17.102,11.298,0.427;8.172,10.967,1.213;8.788,15.372,0.923;2.199,2.005,0.957;19.010,8.298,0.361;2.280,15.513,1.948;13.374,18.274,0.268;13.316,14.508,0.289;0.568,6.095,0.938;3.098,6.163,0.425;6.816,5.317,0.491;4.424,6.165,1.061;4.055,14.203,1.145;2.339,3.335,2.092;7.811,18.921,0.744;8.652,19.088,0.420;5.921,10.282,0.492;2.431,19.156,0.228;2.185,15.073,2.027;11.957,10.604,0.939;19.649,6.620,0.472;11.281,7.869,0.382;7.288,3.974,0.431;10.341,1.594,1.277;19.506,12.205,0.316;19.617,15.458,0.285;14.317,8.164,0.285;2.365,18.859,0.351;14.189,11.973,1.329;13.490,14.516,1.086;12.545,13.736,1.026;18.102,11.068,0.351;11.388,16.307,0.431;2.960,12.039,1.245;7.017,4.180,2.098;3.118,13.109,0.771;8.750,14.656,0.293;12.054,15.768,0.340;6.525,14.215,2.145;18.779,11.767,1.747;2.514,1.369,0.425;17.179,11.793,0.662;3.419,1.387,1.237;16.737,3.377,0.319;8.526,9.392,0.816;6.185,17.996,0.315;15.205,3.276,0.387;13.718,9.006,1.672;9.759,14.760,0.817;6.998,9.793,1.267;8.603,3.362,1.204;18.237,12.002,1.803;5.279,17.177,2.469"
10,drone_0,12.8795,5.9581,17.0000,17.0000,"2.347,9.515,0.494;18.301,13.223,1.046;6.689,15.596,2.085;17.102,11.298,0.427;8.172,10.967,1.213;8.788,15.372,0.923;2.199,2.005,0.957;19.010,8.298,0.361;2.280,15.513,1.948;13.374,18.274,0.268;13.316,14.508,0.289;0.568,6.095,0.938;3.098,6.163,0.425;6.816,5.317,0.491;4.424,6.165,1.061;4.055,14.203,1.145;2.339,3.335,2.092;7.811,18.921,0.744;8.652,19.088,0.420;5.921,10.282,0.492;2.431,19.156,0.228;2.185,15.073,2.027;11.957,10.604,0.939;19.649,6.620,0.472;11.281,7.869,0.382;7.288,3.974,0.431;10.341,1.594,1.277;19.506,12.205,0.316;19.617,15.458,0.285;14.317,8.164,0.285;2.365,18.859,0.351;14.189,11.973,1.329;13.490,14.516,1.086;12.545,13.736,1.026;18.102,11.068,0.351;11.388,16.307,0.431;2.960,12.039,1.245;7.017,4.180,2.098;3.118,13.109,0.771;8.750,14.656,0.293;12.054,15.768,0.340;6.525,14.215,2.145;18.779,11.767,1.747;2.514,1.369,0.425;17.179,11.793,0.662;3.419,1.387,1.237;16.737,3.377,0.319;8.526,9.392,0.816;6.185,17.996,0.315;15.205,3.276,0.387;13.718,9.006,1.672;9.759,14.760,0.817;6.998,9.793,1.267;8.603,3.362,1.204;18.237,12.002,1.803;5.279,17.177,2.469"
10,drone_1,14.5735,4.7445,17.0000,17.0000,"2.347,9.515,0.494;18.301,13.223,1.046;6.689,15.596,2.085;17.102,11.298,0.427;8.172,10.967,1.213;8.788,15.372,0.923;2.199,2.005,0.957;19.010,8.298,0.361;2.280,15.513,1.948;13.374,18.274,0.268;13.316,14.508,0.289;0.568,6.095,0.938;3.098,6.163,0.425;6.816,5.317,0.491;4.424,6.165,1.061;4.055,14.203,1.145;2.339,3.335,2.092;7.811,18.921,0.744;8.652,19.088,0.420;5.921,10.282,0.492;2.431,19.156,0.228;2.185,15.073,2.027;11.957,10.604,0.939;19.649,6.620,0.472;11.281,7.869,0.382;7.288,3.974,0.431;10.341,1.594,1.277;19.506,12.205,0.316;19.617,15.458,0.285;14.317,8.164,0.285;2.365,18.859,0.351;14.189,11.973,1.329;13.490,14.516,1.086;12.545,13.736,1.026;18.102,11.068,0.351;11.388,16.307,0.431;2.960,12.039,1.245;7.017,4.180,2.098;3.118,13.109,0.771;8.750,14.656,0.293;12.054,15.768,0.340;6.525,14.215,2.145;18.779,11.767,1.747;2.514,1.369,0.425;17.179,11.793,0.662;3.419,1.387,1.237;16.737,3.377,0.319;8.526,9.392,0.816;6.185,17.996,0.315;15.205,3.276,0.387;13.718,9.006,1.672;9.759,14.760,0.817;6.998,9.793,1.267;8.603,3.362,1.204;18.237,12.002,1.803;5.279,17.177,2.469"
10,drone_2,13.7273,6.4172,17.0000,17.0000,"2.347,9.515,0.494;18.301,13.223,1.046;6.689,15.596,2.085;17.102,11.298,0.427;8.172,10.967,1.213;8.788,15.372,0.923;2.199,2.005,0.957;19.010,8.298,0.361;2.280,15.513,1.948;13.374,18.274,0.268;13.316,14.508,0.289;0.568,6.095,0.938;3.098,6.163,0.425;6.816,5.317,0.491;4.424,6.165,1.061;4.055,14.203,1.145;2.339,3.335,2.092;7.811,18.921,0.744;8.652,19.088,0.420;5.921,10.282,0.492;2.431,19.156,0.228;2.185,15.073,2.027;11.957,10.604,0.939;19.649,6.620,0.472;11.281,7.869,0.382;7.288,3.974,0.431;10.341,1.594,1.277;19.506,12.205,0.316;19.617,15.458,0.285;14.317,8.164,0.285;2.365,18.859,0.351;14.189,11.973,1.329;13.490,14.516,1.086;12.545,13.736,1.026;18.102,11.068,0.351;11.388,16.307,0.431;2.960,12.039,1.245;7.017,4.180,2.098;3.118,13.109,0.771;8.750,14.656,0.293;12.054,15.768,0.340;6.525,14.215,2.145;18.779,11.767,1.747;2.514,1.369,0.425;17.179,11.793,0.662;3.419,1.387,1.237;16.737,3.377,0.319;8.526,9.392,0.816;6.185,17.996,0.315;15.205,3.276,0.387;13.718,9.006,1.672;9.759,14.760,0.817;6.998,9.793,1.267;8.603,3.362,1.204;18.237,12.002,1.803;5.279,17.177,2.469"
10,drone_3,12.8474,4.6530,17.0000,17.0000,"2.347,9.515,0.494;18.301,13.223,1.046;6.689,15.596,2.085;17.102,11.298,0.427;8.172,10.967,1.213;8.788,15.372,0.923;2.199,2.005,0.957;19.010,8.298,0.361;2.280,15.513,1.948;13.374,18.274,0.268;13.316,14.508,0.289;0.568,6.095,0.938;3.098,6.163,0.425;6.816,5.317,0.491;4.424,6.165,1.061;4.055,14.203,1.145;2.339,3.335,2.092;7.811,18.921,0.744;8.652,19.088,0.420;5.921,10.282,0.492;2.431,19.156,0.228;2.185,15.073,2.027;11.957,10.604,0.939;19.649,6.620,0.472;11.281,7.869,0.382;7.288,3.974,0.431;10.341,1.594,1.277;19.506,12.205,0.316;19.617,15.458,0.285;14.317,8.164,0.285;2.365,18.859,0.351;14.189,11.973,1.329;13.490,14.516,1.086;12.545,13.736,1.026;18.102,11.068,0.351;11.388,16.307,0.431;2.960,12.039,1.245;7.017,4.180,2.098;3.118,13.109,0.771;8.750,14.656,0.293;12.054,15.768,0.340;6.525,14.215,2.145;18.779,11.767,1.747;2.514,1.369,0.425;17.179,11.793,0.662;3.419,1.387,1.237;16.737,3.377,0.319;8.526,9.392,0.816;6.185,17.996,0.315;15.205,3.276,0.387;13.718,9.006,1.672;9.759,14.760,0.817;6.998,9.793,1.267;8.603,3.362,1.204;18.237,12.002,1.803;5.279,17.177,2.469"
10,drone_4,15.0494,5.4147,17.0000,17.0000,"2.347,9.515,0.494;18.301,13.223,1.046;6.689,15.596,2.085;17.102,11.298,0.427;8.172,10.967,1.213;8.788,15.372,0.923;2.199,2.005,0.957;19.010,8.298,0.361;2.280,15.513,1.948;13.374,18.274,0.268;13.316,14.508,0.289;0.568,6.095,0.938;3.098,6.163,0.425;6.816,5.317,0.491;4.424,6.165,1.061;4.055,14.203,1.145;2.339,3.335,2.092;7.811,18.921,0.744;8.652,19.088,0.420;5.921,10.282,0.492;2.431,19.156,0.228;2.185,15.073,2.027;11.957,10.604,0.939;19.649,6.620,0.472;11.281,7.869,0.382;7.288,3.974,0.431;10.341,1.594,1.277;19.506,12.205,0.316;19.617,15.458,0.285;14.317,8.164,0.285;2.365,18.859,0.351;14.189,11.973,1.329;13.490,14.516,1.086;12.545,13.736,1.026;18.102,11.068,0.351;11.388,16.307,0.431;2.960,12.039,1.245;7.017,4.180,2.098;3.118,13.109,0.771;8.750,14.656,0.293;12.054,15.768,0.340;6.525,14.215,2.145;18.779,11.767,1.747;2.514,1.369,0.425;17.179,11.793,0.662;3.419,1.387,1.237;16.737,3.377,0.319;8.526,9.392,0.816;6.185,17.996,0.315;15.205,3.276,0.387;13.718,9.006,1.672;9.759,14.760,0.817;6.998,9.793,1.267;8.603,3.362,1.204;18.237,12.002,1.803;5.279,17.177,2.469"
10,drone_5,13.5799,5.4160,17.0000,17.0000,"2.347,9.515,0.494;18.301,13.223,1.046;6.689,15.596,2.085;17.102,11.298,0.427;8.172,10.967,1.213;8.788,15.372,0.923;2.199,2.005,0.957;19.010,8.298,0.361;2.280,15.513,1.948;13.374,18.274,0.268;13.316,14.508,0.289;0.568,6.095,0.938;3.098,6.163,0.425;6.816,5.317,0.491;4.424,6.165,1.061;4.055,14.203,1.145;2.339,3.335,2.092;7.811,18.921,0.744;8.652,19.088,0.420;5.921,10.282,0.492;2.431,19.156,0.228;2.185,15.073,2.027;11.957,10.604,0.939;19.649,6.620,0.472;11.281,7.869,0.382;7.288,3.974,0.431;10.341,1.594,1.277;19.506,12.205,0.316;19.617,15.458,0.285;14.317,8.164,0.285;2.365,18.859,0.351;14.189,11.973,1.329;13.490,14.516,1.086;12.545,13.736,1.026;18.102,11.068,0.351;11.388,16.307,0.431;2.960,12.039,1.245;7.017,4.180,2.098;3.118,13.109,0.771;8.750,14.656,0.293;12.054,15.768,0.340;6.525,14.215,2.145;18.779,11.767,1.747;2.514,1.369,0.425;17.179,11.793,0.662;3.419,1.387,1.237;16.737,3.377,0.319;8.526,9.392,0.816;6.185,17.996,0.315;15.205,3.276,0.387;13.718,9.006,1.672;9.759,14.760,0.817;6.998,9.793,1.267;8.603,3.362,1.204;18.237,12.002,1.803;5.279,17.177,2.469"
10,drone_6,14.8081,6.4177,17.0000,17.0000,"2.347,9.515,0.494;18.301,13.223,1.046;6.689,15.596,2.085;17.102,11.298,0.427;8.172,10.967,1.213;8.788,15.372,0.923;2.199,2.005,0.957;19.010,8.298,0.361;2.280,15.513,1.948;13.374,18.274,0.268;13.316,14.508,0.289;0.568,6.095,0.938;3.098,6.163,0.425;6.816,5.317,0.491;4.424,6.165,1.061;4.055,14.203,1.145;2.339,3.335,2.092;7.811,18.921,0.744;8.652,19.088,0.420;5.921,10.282,0.492;2.431,19.156,0.228;2.185,15.073,2.027;11.957,10.604,0.939;19.649,6.620,0.472;11.281,7.869,0.382;7.288,3.974,0.431;10.341,1.594,1.277;19.506,12.205,0.316;19.617,15.458,0.285;14.317,8.164,0.285;2.365,18.859,0.351;14.189,11.973,1.329;13.490,14.516,1.086;12.545,13.736,1.026;18.102,11.068,0.351;11.388,16.307,0.431;2.960,12.039,1.245;7.017,4.180,2.098;3.118,13.109,0.771;8.750,14.656,0.293;12.054,15.768,0.340;6.525,14.215,2.145;18.779,11.767,1.747;2.514,1.369,0.425;17.179,11.793,0.662;3.419,1.387,1.237;16.737,3.377,0.319;8.526,9.392,0.816;6.185,17.996,0.315;15.205,3.276,0.387;13.718,9.006,1.672;9.759,14.760,0.817;6.998,9.793,1.267;8.603,3.362,1.204;18.237,12.002,1.803;5.279,17.177,2.469"
10,drone_7,13.1981,6.9509,17.0000,17.0000,"2.347,9.515,0.494;18.301,13.223,1.046;6.689,15.596,2.085;17.102,11.298,0.427;8.172,10.967,1.213;8.788,15.372,0.923;2.199,2.005,0.957;19.010,8.298,0.361;2.280,15.513,1.948;13.374,18.274,0.268;13.316,14.508,0.289;0.568,6.095,0.938;3.098,6.163,0.425;6.816,5.317,0.491;4.424,6.165,1.061;4.055,14.203,1.145;2.339,3.335,2.092;7.811,18.921,0.744;8.652,19.088,0.420;5.921,10.282,0.492;2.431,19.156,0.228;2.185,15.073,2.027;11.957,10.604,0.939;19.649,6.620,0.472;11.281,7.869,0.382;7.288,3.974,0.431;10.341,1.594,1.277;19.506,12.205,0.316;19.617,15.458,0.285;14.317,8.164,0.285;2.365,18.859,0.351;14.189,11.973,1.329;13.490,14.516,1.086;12.545,13.736,1.026;18.102,11.068,0.351;11.388,16.307,0.431;2.960,12.039,1.245;7.017,4.180,2.098;3.118,13.109,0.771;8.750,14.656,0.293;12.054,15.768,0.340;6.525,14.215,2.145;18.779,11.767,1.747;2.514,1.369,0.425;17.179,11.793,0.662;3.419,1.387,1.237;16.737,3.377,0.319;8.526,9.392,0.816;6.185,17.996,0.315;15.205,3.276,0.387;13.718,9.006,1.672;9.759,14.760,0.817;6.998,9.793,1.267;8.603,3.362,1.204;18.237,12.002,1.803;5.279,17.177,2.469"
10,drone_8,15.1679,4.4563,17.0000,17.0000,"2.347,9.515,0.494;18.301,13.223,1.046;6.689,15.596,2.085;17.102,11.298,0.427;8.172,10.967,1.213;8.788,15.372,0.923;2.199,2.005,0.957;19.010,8.298,0.361;2.280,15.513,1.948;13.374,18.274,0.268;13.316,14.508,0.289;0.568,6.095,0.938;3.098,6.163,0.425;6.816,5.317,0.491;4.424,6.165,1.061;4.055,14.203,1.145;2.339,3.335,2.092;7.811,18.921,0.744;8.652,19.088,0.420;5.921,10.282,0.492;2.431,19.156,0.228;2.185,15.073,2.027;11.957,10.604,0.939;19.649,6.620,0.472;11.281,7.869,0.382;7.288,3.974,0.431;10.341,1.594,1.277;19.506,12.205,0.316;19.617,15.458,0.285;14.317,8.164,0.285;2.365,18.859,0.351;14.189,11.973,1.329;13.490,14.516,1.086;12.545,13.736,1.026;18.102,11.068,0.351;11.388,16.307,0.431;2.960,12.039,1.245;7.017,4.180,2.098;3.118,13.109,0.771;8.750,14.656,0.293;12.054,15.768,0.340;6.525,14.215,2.145;18.779,11.767,1.747;2.514,1.369,0.425;17.179,11.793,0.662;3.419,1.387,1.237;16.737,3.377,0.319;8.526,9.392,0.816;6.185,17.996,0.315;15.205,3.276,0.387;13.718,9.006,1.672;9.759,14.760,0.817;6.998,9.793,1.267;8.603,3.362,1.204;18.237,12.002,1.803;5.279,17.177,2.469"
10,drone_9,13.7864,4.8065,17.0000,17.0000,"2.347,9.515,0.494;18.301,13.223,1.046;6.689,15.596,2.085;17.102,11.298,0.427;8.172,10.967,1.213;8.788,15.372,0.923;2.199,2.005,0.957;19.010,8.298,0.361;2.280,15.513,1.948;13.374,18.274,0.268;13.316,14.508,0.289;0.568,6.095,0.938;3.098,6.163,0.425;6.816,5.317,0.491;4.424,6.165,1.061;4.055,14.203,1.145;2.339,3.335,2.092;7.811,18.921,0.744;8.652,19.088,0.420;5.921,10.282,0.492;2.431,19.156,0.228;2.185,15.073,2.027;11.957,10.604,0.939;19.649,6.620,0.472;11.281,7.869,0.382;7.288,3.974,0.431;10.341,1.594,1.277;19.506,12.205,0.316;19.617,15.458,0.285;14.317,8.164,0.285;2.365,18.859,0.351;14.189,11.973,1.329;13.490,14.516,1.086;12.545,13.736,1.026;18.102,11.068,0.351;11.388,16.307,0.431;2.960,12.039,1.245;7.017,4.180,2.098;3.118,13.109,0.771;8.750,14.656,0.293;12.054,15.768,0.340;6.525,14.215,2.145;18.779,11.767,1.747;2.514,1.369,0.425;17.179,11.793,0.662;3.419,1.387,1.237;16.737,3.377,0.319;8.526,9.392,0.816;6.185,17.996,0.315;15.205,3.276,0.387;13.718,9.006,1.672;9.759,14.760,0.817;6.998,9.793,1.267;8.603,3.362,1.204;18.237,12.002,1.803;5.279,17.177,2.469"
11,drone_0,13.0785,5.9789,17.0000,17.0000,"2.347,9.515,0.494;18.301,13.223,1.046;6.689,15.596,2.085;17.102,11.298,0.427;8.172,10.967,1.213;8.788,15.372,0.923;2.199,2.005,0.957;19.010,8.298,0.361;2.280,15.513,1.948;13.374,18.274,0.268;13.316,14.508,0.289;0.568,6.095,0.938;3.098,6.163,0.425;6.816,5.317,0.491;4.424,6.165,1.061;4.055,14.203,1.145;2.339,3.335,2.092;7.811,18.921,0.744;8.652,19.088,0.420;5.921,10.282,0.492;2.431,19.156,0.228;2.185,15.073,2.027;11.957,10.604,0.939;19.649,6.620,0.472;11.281,7.869,0.382;7.288,3.974,0.431;10.341,1.594,1.277;19.506,12.205,0.316;19.617,15.458,0.285;14.317,8.164,0.285;2.365,18.859,0.351;14.189,11.973,1.329;13.490,14.516,1.086;12.545,13.736,1.026;18.102,11.068,0.351;11.388,16.307,0.431;2.960,12.039,1.245;7.017,4.180,2.098;3.118,13.109,0.771;8.750,14.656,0.293;12.054,15.768,0.340;6.525,14.215,2.145;18.779,11.767,1.747;2.514,1.369,0.425;17.179,11.793,0.662;3.419,1.387,1.237;16.737,3.377,0.319;8.526,9.392,0.816;6.185,17.996,0.315;15.205,3.276,0.387;13.718,9.006,1.672;9.759,14.760,0.817;6.998,9.793,1.267;8.603,3.362,1.204;18.237,12.002,1.803;5.279,17.177,2.469"
11,drone_1,14.7734,4.7494,17.0000,17.0000,"2.347,9.515,0.494;18.301,13.223,1.046;6.689,15.596,2.085;17.102,11.298,0.427;8.172,10.967,1.213;8.788,15.372,0.923;2.199,2.005,0.957;19.010,8.298,0.361;2.280,15.513,1.948;13.374,18.274,0.268;13.316,14.508,0.289;0.568,6.095,0.938;3.098,6.163,0.425;6.816,5.317,0.491;4.424,6.165,1.061;4.055,14.203,1.145;2.339,3.335,2.092;7.811,18.921,0.744;8.652,19.088,0.420;5.921,10.282,0.492;2.431,19.156,0.228;2.185,15.073,2.027;11.957,10.604,0.939;19.649,6.620,0.472;11.281,7.869,0.382;7.288,3.974,0.431;10.341,1.594,1.277;19.506,12.205,0.316;19.617,15.458,0.285;14.317,8.164,0.285;2.365,18.859,0.351;14.189,11.973,1.329;13.490,14.516,1.086;12.545,13.736,1.026;18.102,11.068,0.351;11.388,16.307,0.431;2.960,12.039,1.245;7.017,4.180,2.098;3.118,13.109,0.771;8.750,14.656,0.293;12.054,15.768,0.340;6.525,14.215,2.145;18.779,11.767,1.747;2.514,1.369,0.425;17.179,11.793,0.662;3.419,1.387,1.237;16.737,3.377,0.319;8.526,9.392,0.816;6.185,17.996,0.315;15.205,3.276,0.387;13.718,9.006,1.672;9.759,14.760,0.817;6.998,9.793,1.267;8.603,3.362,1.204;18.237,12.002,1.803;5.279,17.177,2.469"
11,drone_2,13.9216,6.4647,17.0000,17.0000,"2.347,9.515,0.494;18.301,13.223,1.046;6.689,15.596,2.085;17.102,11.298,0.427;8.172,10.967,1.213;8.788,15.372,0.923;2.199,2.005,0.957;19.010,8.298,0.361;2.280,15.513,1.948;13.374,18.274,0.268;13.316,14.508,0.289;0.568,6.095,0.938;3.098,6.163,0.425;6.816,5.317,0.491;4.424,6.165,1.061;4.055,14.203,1.145;2.339,3.335,2.092;7.811,18.921,0.744;8.652,19.088,0.420;5.921,10.282,0.492;2.431,19.156,0.228;2.185,15.073,2.027;11.957,10.604,0.939;19.649,6.620,0.472;11.281,7.869,0.382;7.288,3.974,0.431;10.341,1.594,1.277;19.506,12.205,0.316;19.617,15.458,0.285;14.317,8.164,0.285;2.365,18.859,0.351;14.189,11.973,1.329;13.490,14.516,1.086;12.545,13.736,1.026;18.102,11.068,0.351;11.388,16.307,0.431;2.960,12.039,1.245;7.017,4.180,2.098;3.118,13.109,0.771;8.750,14.656,0.293;12.054,15.768,0.340;6.525,14.215,2.145;18.779,11.767,1.747;2.514,1.369,0.425;17.179,11.793,0.662;3.419,1.387,1.237;16.737,3.377,0.319;8.526,9.392,0.816;6.185,17.996,0.315;15.205,3.276,0.387;13.718,9.006,1.672;9.759,14.760,0.817;6.998,9.793,1.267;8.603,3.362,1.204;18.237,12.002,1.803;5.279,17.177,2.469"
11,drone_3,13.0212,4.6836,17.0000,17.0000,"2.347,9.515,0.494;18.301,13.223,1.046;6.689,15.596,2.085;17.102,11.298,0.427;8.172,10.967,1.213;8.788,15.372,0.923;2.199,2.005,0.957;19.010,8.298,0.361;2.280,15.513,1.948;13.374,18.274,0.268;13.316,14.508,0.289;0.568,6.095,0.938;3.098,6.163,0.425;6.816,5.317,0.491;4.424,6.165,1.061;4.055,14.203,1.145;2.339,3.335,2.092;7.811,18.921,0.744;8.652,19.088,0.420;5.921,10.282,0.492;2.431,19.156,0.228;2.185,15.073,2.027;11.957,10.604,0.939;19.649,6.620,0.472;11.281,7.869,0.382;7.288,3.974,0.431;10.341,1.594,1.277;19.506,12.205,0.316;19.617,15.458,0.285;14.317,8.164,0.285;2.365,18.859,0.351;14.189,11.973,1.329;13.490,14.516,1.086;12.545,13.736,1.026;18.102,11.068,0.351;11.388,16.307,0.431;2.960,12.039,1.245;7.017,4.180,2.098;3.118,13.109,0.771;8.750,14.656,0.293;12.054,15.768,0.340;6.525,14.215,2.145;18.779,11.767,1.747;2.514,1.369,0.425;17.179,11.793,0.662;3.419,1.387,1.237;16.737,3.377,0.319;8.526,9.392,0.816;6.185,17.996,0.315;15.205,3.276,0.387;13.718,9.006,1.672;9.759,14.760,0.817;6.998,9.793,1.267;8.603,3.362,1.204;18.237,12.002,1.803;5.279,17.177,2.469"
11,drone_4,15.2474,5.3863,17.0000,17.0000,"2.347,9.515,0.494;18.301,13.223,1.046;6.689,15.596,2.085;17.102,11.298,0.427;8.172,10.967,1.213;8.788,15.372,0.923;2.199,2.005,0.957;19.010,8.298,0.361;2.280,15.513,1.948;13.374,18.274,0.268;13.316,14.508,0.289;0.568,6.095,0.938;3.098,6.163,0.425;6.816,5.317,0.491;4.424,6.165,1.061;4.055,14.203,1.145;2.339,3.335,2.092;7.811,18.921,0.744;8.652,19.088,0.420;5.921,10.282,0.492;2.431,19.156,0.228;2.185,15.073,2.027;11.957,10.604,0.939;19.649,6.620,0.472;11.281,7.869,0.382;7.288,3.974,0.431;10.341,1.594,1.277;19.506,12.205,0.316;19.617,15.458,0.285;14.317,8.164,0.285;2.365,18.859,0.351;14.189,11.973,1.329;13.490,14.516,1.086;12.545,13.736,1.026;18.102,11.068,0.351;11.388,16.307,0.431;2.960,12.039,1.245;7.017,4.180,2.098;3.118,13.109,0.771;8.750,14.656,0.293;12.054,15.768,0.340;6.525,14.215,2.145;18.779,11.767,1.747;2.514,1.369,0.425;17.179,11.793,0.662;3.419,1.387,1.237;16.737,3.377,0.319;8.526,9.392,0.816;6.185,17.996,0.315;15.205,3.276,0.387;13.718,9.006,1.672;9.759,14.760,0.817;6.998,9.793,1.267;8.603,3.362,1.204;18.237,12.002,1.803;5.279,17.177,2.469"
11,drone_5,13.7773,5.4479,17.0000,17.0000,"2.347,9.515,0.494;18.301,13.223,1.046;6.689,15.596,2.085;17.102,11.298,0.427;8.172,10.967,1.213;8.788,15.372,0.923;2.199,2.005,0.957;19.010,8.298,0.361;2.280,15.513,1.948;13.374,18.274,0.268;13.316,14.508,0.289;0.568,6.095,0.938;3.098,6.163,0.425;6.816,5.317,0.491;4.424,6.165,1.061;4.055,14.203,1.145;2.339,3.335,2.092;7.811,18.921,0.744;8.652,19.088,0.420;5.921,10.282,0.492;2.431,19.156,0.228;2.185,15.073,2.027;11.957,10.604,0.939;19.649,6.620,0.472;11.281,7.869,0.382;7.288,3.974,0.431;10.341,1.594,1.277;19.506,12.205,0.316;19.617,15.458,0.285;14.317,8.164,0.285;2.365,18.859,0.351;14.189,11.973,1.329;13.490,14.516,1.086;12.545,13.736,1.026;18.102,11.068,0.351;11.388,16.307,0.431;2.960,12.039,1.245;7.017,4.180,2.098;3.118,13.109,0.771;8.750,14.656,0.293;12.054,15.768,0.340;6.525,14.215,2.145;18.779,11.767,1.747;2.514,1.369,0.425;17.179,11.793,0.662;3.419,1.387,1.237;16.737,3.377,0.319;8.526,9.392,0.816;6.185,17.996,0.315;15.205,3.276,0.387;13.718,9.006,1.672;9.759,14.760,0.817;6.998,9.793,1.267;8.603,3.362,1.204;18.237,12.002,1.803;5.279,17.177,2.469"
11,drone_6,15.0054,6.3850,17.0000,17.0000,"2.347,9.515,0.494;18.301,13.223,1.046;6.689,15.596,2.085;17.102,11.298,0.427;8.172,10.967,1.213;8.788,15.372,0.923;2.199,2.005,0.957;19.010,8.298,0.361;2.280,15.513,1.948;13.374,18.274,0.268;13.316,14.508,0.289;0.568,6.095,0.938;3.098,6.163,0.425;6.816,5.317,0.491;4.424,6.165,1.061;4.055,14.203,1.145;2.339,3.335,2.092;7.811,18.921,0.744;8.652,19.088,0.420;5.921,10.282,0.492;2.431,19.156,0.228;2.185,15.073,2.027;11.957,10.604,0.939;19.649,6.620,0.472;11.281,7.869,0.382;7.288,3.974,0.431;10.341,1.594,1.277;19.506,12.205,0.316;19.617,15.458,0.285;14.317,8.164,0.285;2.365,18.859,0.351;14.189,11.973,1.329;13.490,14.516,1.086;12.545,13.736,1.026;18.102,11.068,0.351;11.388,16.307,0.431;2.960,12.039,1.245;7.017,4.180,2.098;3.118,13.109,0.771;8.750,14.656,0.293;12.054,15.768,0.340;6.525,14.215,2.145;18.779,11.767,1.747;2.514,1.369,0.425;17.179,11.793,0.662;3.419,1.387,1.237;16.737,3.377,0.319;8.526,9.392,0.816;6.185,17.996,0.315;15.205,3.276,0.387;13.718,9.006,1.672;9.759,14.760,0.817;6.998,9.793,1.267;8.603,3.362,1.204;18.237,12.002,1.803;5.279,17.177,2.469"
11,drone_7,13.3948,6.9868,17.0000,17.0000,"2.347,9.515,0.494;18.301,13.223,1.046;6.689,15.596,2.085;17.102,11.298,0.427;8.172,10.967,1.213;8.788,15.372,0.923;2.199,2.005,0.957;19.010,8.298,0.361;2.280,15.513,1.948;13.374,18.274,0.268;13.316,14.508,0.289;0.568,6.095,0.938;3.098,6.163,0.425;6.816,5.317,0.491;4.424,6.165,1.061;4.055,14.203,1.145;2.339,3.335,2.092;7.811,18.921,0.744;8.652,19.088,0.420;5.921,10.282,0.492;2.431,19.156,0.228;2.185,15.073,2.027;11.957,10.604,0.939;19.649,6.620,0.472;11.281,7.869,0.382;7.288,3.974,0.431;10.341,1.594,1.277;19.506,12.205,0.316;19.617,15.458,0.285;14.317,8.164,0.285;2.365,18.859,0.351;14.189,11.973,1.329;13.490,14.516,1.086;12.545,13.736,1.026;18.102,11.068,0.351;11.388,16.307,0.431;2.960,12.039,1.245;7.017,4.180,2.098;3.118,13.109,0.771;8.750,14.656,0.293;12.054,15.768,0.340;6.525,14.215,2.145;18.779,11.767,1.747;2.514,1.369,0.425;17.179,11.793,0.662;3.419,1.387,1.237;16.737,3.377,0.319;8.526,9.392,0.816;6.185,17.996,0.315;15.205,3.276,0.387;13.718,9.006,1.672;9.759,14.760,0.817;6.998,9.793,1.267;8.603,3.362,1.204;18.237,12.002,1.803;5.279,17.177,2.469"
11,drone_8,15.3645,4.4929,17.0000,17.0000,"2.347,9.515,0.494;18.301,13.223,1.046;6.689,15.596,2.085;17.102,11.298,0.427;8.172,10.967,1.213;8.788,15.372,0.923;2.199,2.005,0.957;19.010,8.298,0.361;2.280,15.513,1.948;13.374,18.274,0.268;13.316,14.508,0.289;0.568,6.095,0.938;3.098,6.163,0.425;6.816,5.317,0.491;4.424,6.165,1.061;4.055,14.203,1.145;2.339,3.335,2.092;7.811,18.921,0.744;8.652,19.088,0.420;5.921,10.282,0.492;2.431,19.156,0.228;2.185,15.073,2.027;11.957,10.604,0.939;19.649,6.620,0.472;11.281,7.869,0.382;7.288,3.974,0.431;10.341,1.594,1.277;19.506,12.205,0.316;19.617,15.458,0.285;14.317,8.164,0.285;2.365,18.859,0.351;14.189,11.973,1.329;13.490,14.516,1.086;12.545,13.736,1.026;18.102,11.068,0.351;11.388,16.307,0.431;2.960,12.039,1.245;7.017,4.180,2.098;3.118,13.109,0.771;8.750,14.656,0.293;12.054,15.768,0.340;6.525,14.215,2.145;18.779,11.767,1.747;2.514,1.369,0.425;17.179,11.793,0.662;3.419,1.387,1.237;16.737,3.377,0.319;8.526,9.392,0.816;6.185,17.996,0.315;15.205,3.276,0.387;13.718,9.006,1.672;9.759,14.760,0.817;6.998,9.793,1.267;8.603,3.362,1.204;18.237,12.002,1.803;5.279,17.177,2.469"
11,drone_9,13.9775,4.8653,17.0000,17.0000,"2.347,9.515,0.494;18.301,13.223,1.046;6.689,15.596,2.085;17.102,11.298,0.427;8.172,10.967,1.213;8.788,15.372,0.923;2.199,2.005,0.957;19.010,8.298,0.361;2.280,15.513,1.948;13.374,18.274,0.268;13.316,14.508,0.289;0.568,6.095,0.938;3.098,6.163,0.425;6.816,5.317,0.491;4.424,6.165,1.061;4.055,14.203,1.145;2.339,3.335,2.092;7.811,18.921,0.744;8.652,19.088,0.420;5.921,10.282,0.492;2.431,19.156,0.228;2.185,15.073,2.027;11.957,10.604,0.939;19.649,6.620,0.472;11.281,7.869,0.382;7.288,3.974,0.431;10.341,1.594,1.277;19.506,12.205,0.316;19.617,15.458,0.285;14.317,8.164,0.285;2.365,18.859,0.351;14.189,11.973,1.329;13.490,14.516,1.086;12.545,13.736,1.026;18.102,11.068,0.351;11.388,16.307,0.431;2.960,12.039,1.245;7.017,4.180,2.098;3.118,13.109,0.771;8.750,14.656,0.293;12.054,15.768,0.340;6.525,14.215,2.145;18.779,11.767,1.747;2.514,1.369,0.425;17.179,11.793,0.662;3.419,1.387,1.237;16.737,3.377,0.319;8.526,9.392,0.816;6.185,17.996,0.315;15.205,3.276,0.387;13.718,9.006,1.672;9.759,14.760,0.817;6.998,9.793,1.267;8.603,3.362,1.204;18.237,12.002,1.803;5.279,17.177,2.469"
12,drone_0,13.2769,6.0037,17.0000,17.0000,"2.347,9.515,0.494;18.301,13.223,1.046;6.689,15.596,2.085;17.102,11.298,0.427;8.172,10.967,1.213;8.788,15.372,0.923;2.199,2.005,0.957;19.010,8.298,0.361;2.280,15.513,1.948;13.374,18.274,0.268;13.316,14.508,0.289;0.568,6.095,0.938;3.098,6.163,0.425;6.816,5.317,0.491;4.424,6.165,1.061;4.055,14.203,1.145;2.339,3.335,2.092;7.811,18.921,0.744;8.652,19.088,0.420;5.921,10.282,0.492;2.431,19.156,0.228;2.185,15.073,2.027;11.957,10.604,0.939;19.649,6.620,0.472;11.281,7.869,0.382;7.288,3.974,0.431;10.341,1.594,1.277;19.506,12.205,0.316;19.617,15.458,0.285;14.317,8.164,0.285;2.365,18.859,0.351;14.189,11.973,1.329;13.490,14.516,1.086;12.545,13.736,1.026;18.102,11.068,0.351;11.388,16.307,0.431;2.960,12.039,1.245;7.017,4.180,2.098;3.118,13.109,0.771;8.750,14.656,0.293;12.054,15.768,0.340;6.525,14.215,2.145;18.779,11.767,1.747;2.514,1.369,0.425;17.179,11.793,0.662;3.419,1.387,1.237;16.737,3.377,0.319;8.526,9.392,0.816;6.185,17.996,0.315;15.205,3.276,0.387;13.718,9.006,1.672;9.759,14.760,0.817;6.998,9.793,1.267;8.603,3.362,1.204;18.237,12.002,1.803;5.279,17.177,2.469"
12,drone_1,14.9734,4.7534,17.0000,17.0000,"2.347,9.515,0.494;18.301,13.223,1.046;6.689,15.596,2.085;17.102,11.298,0.427;8.172,10.967,1.213;8.788,15.372,0.923;2.199,2.005,0.957;19.010,8.298,0.361;2.280,15.513,1.948;13.374,18.274,0.268;13.316,14.508,0.289;0.568,6.095,0.938;3.098,6.163,0.425;6.816,5.317,0.491;4.424,6.165,1.061;4.055,14.203,1.145;2.339,3.335,2.092;7.811,18.921,0.744;8.652,19.088,0.420;5.921,10.282,0.492;2.431,19.156,0.228;2.185,15.073,2.027;11.957,10.604,0.939;19.649,6.620,0.472;11.281,7.869,0.382;7.288,3.974,0.431;10.341,1.594,1.277;19.506,12.205,0.316;19.617,15.458,0.285;14.317,8.164,0.285;2.365,18.859,0.351;14.189,11.973,1.329;13.490,14.516,1.086;12.545,13.736,1.026;18.102,11.068,0.351;11.388,16.307,0.431;2.960,12.039,1.245;7.017,4.180,2.098;3.118,13.109,0.771;8.750,14.656,0.293;12.054,15.768,0.340;6.525,14.215,2.145;18.779,11.767,1.747;2.514,1.369,0.425;17.179,11.793,0.662;3.419,1.387,1.237;16.737,3.377,0.319;8.526,9.392,0.816;6.185,17.996,0.315;15.205,3.276,0.387;13.718,9.006,1.672;9.759,14.760,0.817;6.998,9.793,1.267;8.603,3.362,1.204;18.237,12.002,1.803;5.279,17.177,2.469"
12,drone_2,14.1167,6.5084,17.0000,17.0000,"2.347,9.515,0.494;18.301,13.223,1.046;6.689,15.596,2.085;17.102,11.298,0.427;8.172,10.967,1.213;8.788,15.372,0.923;2.199,2.005,0.957;19.010,8.298,0.361;2.280,15.513,1.948;13.374,18.274,0.268;13.316,14.508,0.289;0.568,6.095,0.938;3.098,6.163,0.425;6.816,5.317,0.491;4.424,6.165,1.061;4.055,14.203,1.145;2.339,3.335,2.092;7.811,18.921,0.744;8.652,19.088,0.420;5.921,10.282,0.492;2.431,19.156,0.228;2.185,15.073,2.027;11.957,10.604,0.939;19.649,6.620,0.472;11.281,7.869,0.382;7.288,3.974,0.431;10.341,1.594,1.277;19.506,12.205,0.316;19.617,15.458,0.285;14.317,8.164,0.285;2.365,18.859,0.351;14.189,11.973,1.329;13.490,14.516,1.086;12.545,13.736,1.026;18.102,11.068,0.351;11.388,16.307,0.431;2.960,12.039,1.245;7.017,4.180,2.098;3.118,13.109,0.771;8.750,14.656,0.293;12.054,15.768,0.340;6.525,14.215,2.145;18.779,11.767,1.747;2.514,1.369,0.425;17.179,11.793,0.662;3.419,1.387,1.237;16.737,3.377,0.319;8.526,9.392,0.816;6.185,17.996,0.315;15.205,3.276,0.387;13.718,9.006,1.672;9.759,14.760,0.817;6.998,9.793,1.267;8.603,3.362,1.204;18.237,12.002,1.803;5.279,17.177,2.469"
12,drone_3,13.1750,4.7197,17.0000,17.0000,"2.347,9.515,0.494;18.301,13.223,1.046;6.689,15.596,2.085;17.102,11.298,0.427;8.172,10.967,1.213;8.788,15.372,0.923;2.199,2.005,0.957;19.010,8.298,0.361;2.280,15.513,1.948;13.374,18.274,0.268;13.316,14.508,0.289;0.568,6.095,0.938;3.098,6.163,0.425;6.816,5.317,0.491;4.424,6.165,1.061;4.055,14.203,1.145;2.339,3.335,2.092;7.811,18.921,0.744;8.652,19.088,0.420;5.921,10.282,0.492;2.431,19.156,0.228;2.185,15.073,2.027;11.957,10.604,0.939;19.649,6.620,0.472;11.281,7.869,0.382;7.288,3.974,0.431;10.341,1.594,1.277;19.506,12.205,0.316;19.617,15.458,0.285;14.317,8.164,0.285;2.365,18.859,0.351;14.189,11.973,1.329;13.490,14.516,1.086;12.545,13.736,1.026;18.102,11.068,0.351;11.388,16.307,0.431;2.960,12.039,1.245;7.017,4.180,2.098;3.118,13.109,0.771;8.750,14.656,0.293;12.054,15.768,0.340;6.525,14.215,2.145;18.779,11.767,1.747;2.514,1.369,0.425;17.179,11.793,0.662;3.419,1.387,1.237;16.737,3.377,0.319;8.526,9.392,0.816;6.185,17.996,0.315;15.205,3.276,0.387;13.718,9.006,1.672;9.759,14.760,0.817;6.998,9.793,1.267;8.603,3.362,1.204;18.237,12.002,1.803;5.279,17.177,2.469"
12,drone_4,15.4460,5.3631,17.0000,17.0000,"2.347,9.515,0.494;18.301,13.223,1.046;6.689,15.596,2.085;17.102,11.298,0.427;8.172,10.967,1.213;8.788,15.372,0.923;2.199,2.005,0.957;19.010,8.298,0.361;2.280,15.513,1.948;13.374,18.274,0.268;13.316,14.508,0.289;0.568,6.095,0.938;3.098,6.163,0.425;6.816,5.317,0.491;4.424,6.165,1.061;4.055,14.203,1.145;2.339,3.335,2.092;7.811,18.921,0.744;8.652,19.088,0.420;5.921,10.282,0.492;2.431,19.156,0.228;2.185,15.073,2.027;11.957,10.604,0.939;19.649,6.620,0.472;11.281,7.869,0.382;7.288,3.974,0.431;10.341,1.594,1.277;19.506,12.205,0.316;19.617,15.458,0.285;14.317,8.164,0.285;2.365,18.859,0.351;14.189,11.973,1.329;13.490,14.516,1.086;12.545,13.736,1.026;18.102,11.068,0.351;11.388,16.307,0.431;2.960,12.039,1.245;7.017,4.180,2.098;3.118,13.109,0.771;8.750,14.656,0.293;12.054,15.768,0.340;6.525,14.215,2.145;18.779,11.767,1.747;2.514,1.369,0.425;17.179,11.793,0.662;3.419,1.387,1.237;16.737,3.377,0.319;8.526,9.392,0.816;6.185,17.996,0.315;15.205,3.276,0.387;13.718,9.006,1.672;9.759,14.760,0.817;6.998,9.793,1.267;8.603,3.362,1.204;18.237,12.002,1.803;5.279,17.177,2.469"
12,drone_5,13.9753,5.4766,17.0000,17.0000,"2.347,9.515,0.494;18.301,13.223,1.046;6.689,15.596,2.085;17.102,11.298,0.427;8.172,10.967,1.213;8.788,15.372,0.923;2.199,2.005,0.957;19.010,8.298,0.361;2.280,15.513,1.948;13.374,18.274,0.268;13.316,14.508,0.289;0.568,6.095,0.938;3.098,6.163,0.425;6.816,5.317,0.491;4.424,6.165,1.061;4.055,14.203,1.145;2.339,3.335,2.092;7.811,18.921,0.744;8.652,19.088,0.420;5.921,10.282,0.492;2.431,19.156,0.228;2.185,15.073,2.027;11.957,10.604,0.939;19.649,6.620,0.472;11.281,7.869,0.382;7.288,3.974,0.431;10.341,1.594,1.277;19.506,12.205,0.316;19.617,15.458,0.285;14.317,8.164,0.285;2.365,18.859,0.351;14.189,11.973,1.329;13.490,14.516,1.086;12.545,13.736,1.026;18.102,11.068,0.351;11.388,16.307,0.431;2.960,12.039,1.245;7.017,4.180,2.098;3.118,13.109,0.771;8.750,14.656,0.293;12.054,15.768,0.340;6.525,14.215,2.145;18.779,11.767,1.747;2.514,1.369,0.425;17.179,11.793,0.662;3.419,1.387,1.237;16.737,3.377,0.319;8.526,9.392,0.816;6.185,17.996,0.315;15.205,3.276,0.387;13.718,9.006,1.672;9.759,14.760,0.817;6.998,9.793,1.267;8.603,3.362,1.204;18.237,12.002,1.803;5.279,17.177,2.469"
12,drone_6,15.2044,6.3643,17.0000,17.0000,"2.347,9.515,0.494;18.301,13.223,1.046;6.689,15.596,2.085;17.102,11.298,0.427;8.172,10.967,1.213;8.788,15.372,0.923;2.199,2.005,0.957;19.010,8.298,0.361;2.280,15.513,1.948;13.374,18.274,0.268;13.316,14.508,0.289;0.568,6.095,0.938;3.098,6.163,0.425;6.816,5.317,0.491;4.424,6.165,1.061;4.055,14.203,1.145;2.339,3.335,2.092;7.811,18.921,0.744;8.652,19.088,0.420;5.921,10.282,0.492;2.431,19.156,0.228;2.185,15.073,2.027;11.957,10.604,0.939;19.649,6.620,0.472;11.281,7.869,0.382;7.288,3.974,0.431;10.341,1.594,1.277;19.506,12.205,0.316;19.617,15.458,0.285;14.317,8.164,0.285;2.365,18.859,0.351;14.189,11.973,1.329;13.490,14.516,1.086;12.545,13.736,1.026;18.102,11.068,0.351;11.388,16.307,0.431;2.960,12.039,1.245;7.017,4.180,2.098;3.118,13.109,0.771;8.750,14.656,0.293;12.054,15.768,0.340;6.525,14.215,2.145;18.779,11.767,1.747;2.514,1.369,0.425;17.179,11.793,0.662;3.419,1.387,1.237;16.737,3.377,0.319;8.526,9.392,0.816;6.185,17.996,0.315;15.205,3.276,0.387;13.718,9.006,1.672;9.759,14.760,0.817;6.998,9.793,1.267;8.603,3.362,1.204;18.237,12.002,1.803;5.279,17.177,2.469"
12,drone_7,13.5908,7.0266,17.0000,17.0000,"2.347,9.515,0.494;18.301,13.223,1.046;6.689,15.596,2.085;17.102,11.298,0.427;8.172,10.967,1.213;8.788,15.372,0.923;2.199,2.005,0.957;19.010,8.298,0.361;2.280,15.513,1.948;13.374,18.274,0.268;13.316,14.508,0.289;0.568,6.095,0.938;3.098,6.163,0.425;6.816,5.317,0.491;4.424,6.165,1.061;4.055,14.203,1.145;2.339,3.335,2.092;7.811,18.921,0.744;8.652,19.088,0.420;5.921,10.282,0.492;2.431,19.156,0.228;2.185,15.073,2.027;11.957,10.604,0.939;19.649,6.620,0.472;11.281,7.869,0.382;7.288,3.974,0.431;10.341,1.594,1.277;19.506,12.205,0.316;19.617,15.458,0.285;14.317,8.164,0.285;2.365,18.859,0.351;14.189,11.973,1.329;13.490,14.516,1.086;12.545,13.736,1.026;18.102,11.068,0.351;11.388,16.307,0.431;2.960,12.039,1.245;7.017,4.180,2.098;3.118,13.109,0.771;8.750,14.656,0.293;12.054,15.768,0.340;6.525,14.215,2.145;18.779,11.767,1.747;2.514,1.369,0.425;17.179,11.793,0.662;3.419,1.387,1.237;16.737,3.377,0.319;8.526,9.392,0.816;6.185,17.996,0.315;15.205,3.276,0.387;13.718,9.006,1.672;9.759,14.760,0.817;6.998,9.793,1.267;8.603,3.362,1.204;18.237,12.002,1.803;5.279,17.177,2.469"
12,drone_8,15.5603,4.5338,17.0000,17.0000,"2.347,9.515,0.494;18.301,13.223,1.046;6.689,15.596,2.085;17.102,11.298,0.427;8.172,10.967,1.213;8.788,15.372,0.923;2.199,2.005,0.957;19.010,8.298,0.361;2.280,15.513,1.948;13.374,18.274,0.268;13.316,14.508,0.289;0.568,6.095,0.938;3.098,6.163,0.425;6.816,5.317,0.491;4.424,6.165,1.061;4.055,14.203,1.145;2.339,3.335,2.092;7.811,18.921,0.744;8.652,19.088,0.420;5.921,10.282,0.492;2.431,19.156,0.228;2.185,15.073,2.027;11.957,10.604,0.939;19.649,6.620,0.472;11.281,7.869,0.382;7.288,3.974,0.431;10.341,1.594,1.277;19.506,12.205,0.316;19.617,15.458,0.285;14.317,8.164,0.285;2.365,18.859,0.351;14.189,11.973,1.329;13.490,14.516,1.086;12.545,13.736,1.026;18.102,11.068,0.351;11.388,16.307,0.431;2.960,12.039,1.245;7.017,4.180,2.098;3.118,13.109,0.771;8.750,14.656,0.293;12.054,15.768,0.340;6.525,14.215,2.145;18.779,11.767,1.747;2.514,1.369,0.425;17.179,11.793,0.662;3.419,1.387,1.237;16.737,3.377,0.319;8.526,9.392,0.816;6.185,17.996,0.315;15.205,3.276,0.387;13.718,9.006,1.672;9.759,14.760,0.817;6.998,9.793,1.267;8.603,3.362,1.204;18.237,12.002,1.803;5.279,17.177,2.469"
12,drone_9,14.1717,4.9133,17.0000,17.0000,"2.347,9.515,0.494;18.301,13.223,1.046;6.689,15.596,2.085;17.102,11.298,0.427;8.172,10.967,1.213;8.788,15.372,0.923;2.199,2.005,0.957;19.010,8.298,0.361;2.280,15.513,1.948;13.374,18.274,0.268;13.316,14.508,0.289;0.568,6.095,0.938;3.098,6.163,0.425;6.816,5.317,0.491;4.424,6.165,1.061;4.055,14.203,1.145;2.339,3.335,2.092;7.811,18.921,0.744;8.652,19.088,0.420;5.921,10.282,0.492;2.431,19.156,0.228;2.185,15.073,2.027;11.957,10.604,0.939;19.649,6.620,0.472;11.281,7.869,0.382;7.288,3.974,0.431;10.341,1.594,1.277;19.506,12.205,0.316;19.617,15.458,0.285;14.317,8.164,0.285;2.365,18.859,0.351;14.189,11.973,1.329;13.490,14.516,1.086;12.545,13.736,1.026;18.102,11.068,0.351;11.388,16.307,0.431;2.960,12.039,1.245;7.017,4.180,2.098;3.118,13.109,0.771;8.750,14.656,0.293;12.054,15.768,0.340;6.525,14.215,2.145;18.779,11.767,1.747;2.514,1.369,0.425;17.179,11.793,0.662;3.419,1.387,1.237;16.737,3.377,0.319;8.526,9.392,0.816;6.185,17.996,0.315;15.205,3.276,0.387;13.718,9.006,1.672;9.759,14.760,0.817;6.998,9.793,1.267;8.603,3.362,1.204;18.237,12.002,1.803;5.279,17.177,2.469"
13,drone_0,13.4759,6.0240,17.0000,17.0000,"2.347,9.515,0.494;18.301,13.223,1.046;6.689,15.596,2.085;17.102,11.298,0.427;8.172,10.967,1.213;8.788,15.372,0.923;2.199,2.005,0.957;19.010,8.298,0.361;2.280,15.513,1.948;13.374,18.274,0.268;13.316,14.508,0.289;0.568,6.095,0.938;3.098,6.163,0.425;6.816,5.317,0.491;4.424,6.165,1.061;4.055,14.203,1.145;2.339,3.335,2.092;7.811,18.921,0.744;8.652,19.088,0.420;5.921,10.282,0.492;2.431,19.156,0.228;2.185,15.073,2.027;11.957,10.604,0.939;19.649,6.620,0.472;11.281,7.869,0.382;7.288,3.974,0.431;10.341,1.594,1.277;19.506,12.205,0.316;19.617,15.458,0.285;14.317,8.164,0.285;2.365,18.859,0.351;14.189,11.973,1.329;13.490,14.516,1.086;12.545,13.736,1.026;18.102,11.068,0.351;11.388,16.307,0.431;2.960,12.039,1.245;7.017,4.180,2.098;3.118,13.109,0.771;8.750,14.656,0.293;12.054,15.768,0.340;6.525,14.215,2.145;18.779,11.767,1.747;2.514,1.369,0.425;17.179,11.793,0.662;3.419,1.387,1.237;16.737,3.377,0.319;8.526,9.392,0.816;6.185,17.996,0.315;15.205,3.276,0.387;13.718,9.006,1.672;9.759,14.760,0.817;6.998,9.793,1.267;8.603,3.362,1.204;18.237,12.002,1.803;5.279,17.177,2.469"
13,drone_1,15.1721,4.7762,17.0000,17.0000,"2.347,9.515,0.494;18.301,13.223,1.046;6.689,15.596,2.085;17.102,11.298,0.427;8.172,10.967,1.213;8.788,15.372,0.923;2.199,2.005,0.957;19.010,8.298,0.361;2.280,15.513,1.948;13.374,18.274,0.268;13.316,14.508,0.289;0.568,6.095,0.938;3.098,6.163,0.425;6.816,5.317,0.491;4.424,6.165,1.061;4.055,14.203,1.145;2.339,3.335,2.092;7.811,18.921,0.744;8.652,19.088,0.420;5.921,10.282,0.492;2.431,19.156,0.228;2.185,15.073,2.027;11.957,10.604,0.939;19.649,6.620,0.472;11.281,7.869,0.382;7.288,3.974,0.431;10.341,1.594,1.277;19.506,12.205,0.316;19.617,15.458,0.285;14.317,8.164,0.285;2.365,18.859,0.351;14.189,11.973,1.329;13.490,14.516,1.086;12.545,13.736,1.026;18.102,11.068,0.351;11.388,16.307,0.431;2.960,12.039,1.245;7.017,4.180,2.098;3.118,13.109,0.771;8.750,14.656,0.293;12.054,15.768,0.340;6.525,14.215,2.145;18.779,11.767,1.747;2.514,1.369,0.425;17.179,11.793,0.662;3.419,1.387,1.237;16.737,3.377,0.319;8.526,9.392,0.816;6.185,17.996,0.315;15.205,3.276,0.387;13.718,9.006,1.672;9.759,14.760,0.817;6.998,9.793,1.267;8.603,3.362,1.204;18.237,12.002,1.803;5.279,17.177,2.469"
13,drone_2,14.3155,6.5312,17.0000,17.0000,"2.347,9.515,0.494;18.301,13.223,1.046;6.689,15.596,2.085;17.102,11.298,0.427;8.172,10.967,1.213;8.788,15.372,0.923;2.199,2.005,0.957;19.010,8.298,0.361;2.280,15.513,1.948;13.374,18.274,0.268;13.316,14.508,0.289;0.568,6.095,0.938;3.098,6.163,0.425;6.816,5.317,0.491;4.424,6.165,1.061;4.055,14.203,1.145;2.339,3.335,2.092;7.811,18.921,0.744;8.652,19.088,0.420;5.921,10.282,0.492;2.431,19.156,0.228;2.185,15.073,2.027;11.957,10.604,0.939;19.649,6.620,0.472;11.281,7.869,0.382;7.288,3.974,0.431;10.341,1.594,1.277;19.506,12.205,0.316;19.617,15.458,0.285;14.317,8.164,0.285;2.365,18.859,0.351;14.189,11.973,1.329;13.490,14.516,1.086;12.545,13.736,1.026;18.102,11.068,0.351;11.388,16.307,0.431;2.960,12.039,1.245;7.017,4.180,2.098;3.118,13.109,0.771;8.750,14.656,0.293;12.054,15.768,0.340;6.525,14.215,2.145;18.779,11.767,1.747;2.514,1.369,0.425;17.179,11.793,0.662;3.419,1.387,1.237;16.737,3.377,0.319;8.526,9.392,0.816;6.185,17.996,0.315;15.205,3.276,0.387;13.718,9.006,1.672;9.759,14.760,0.817;6.998,9.793,1.267;8.603,3.362,1.204;18.237,12.002,1.803;5.279,17.177,2.469"
13,drone_3,13.3118,4.7711,17.0000,17.0000,"2.347,9.515,0.494;18.301,13.223,1.046;6.689,15.596,2.085;17.102,11.298,0.427;8.172,10.967,1.213;8.788,15.372,0.923;2.199,2.005,0.957;19.010,8.298,0.361;2.280,15.513,1.948;13.374,18.274,0.268;13.316,14.508,0.289;0.568,6.095,0.938;3.098,6.163,0.425;6.816,5.317,0.491;4.424,6.165,1.061;4.055,14.203,1.145;2.339,3.335,2.092;7.811,18.921,0.744;8.652,19.088,0.420;5.921,10.282,0.492;2.431,19.156,0.228;2.185,15.073,2.027;11.957,10.604,0.939;19.649,6.620,0.472;11.281,7.869,0.382;7.288,3.974,0.431;10.341,1.594,1.277;19.506,12.205,0.316;19.617,15.458,0.285;14.317,8.164,0.285;2.365,18.859,0.351;14.189,11.973,1.329;13.490,14.516,1.086;12.545,13.736,1.026;18.102,11.068,0.351;11.388,16.307,0.431;2.960,12.039,1.245;7.017,4.180,2.098;3.118,13.109,0.771;8.750,14.656,0.293;12.054,15.768,0.340;6.525,14.215,2.145;18.779,11.767,1.747;2.514,1.369,0.425;17.179,11.793,0.662;3.419,1.387,1.237;16.737,3.377,0.319;8.526,9.392,0.816;6.185,17.996,0.315;15.205,3.276,0.387;13.718,9.006,1.672;9.759,14.760,0.817;6.998,9.793,1.267;8.603,3.362,1.204;18.237,12.002,1.803;5.279,17.177,2.469"
13,drone_4,15.6454,5.3472,17.0000,17.0000,"2.347,9.515,0.494;18.301,13.223,1.046;6.689,15.596,2.085;17.102,11.298,0.427;8.172,10.967,1.213;8.788,15.372,0.923;2.199,2.005,0.957;19.010,8.298,0.361;2.280,15.513,1.948;13.374,18.274,0.268;13.316,14.508,0.289;0.568,6.095,0.938;3.098,6.163,0.425;6.816,5.317,0.491;4.424,6.165,1.061;4.055,14.203,1.145;2.339,3.335,2.092;7.811,18.921,0.744;8.652,19.088,0.420;5.921,10.282,0.492;2.431,19.156,0.228;2.185,15.073,2.027;11.957,10.604,0.939;19.649,6.620,0.472;11.281,7.869,0.382;7.288,3.974,0.431;10.341,1.594,1.277;19.506,12.205,0.316;19.617,15.458,0.285;14.317,8.164,0.285;2.365,18.859,0.351;14.189,11.973,1.329;13.490,14.516,1.086;12.545,13.736,1.026;18.102,11.068,0.351;11.388,16.307,0.431;2.960,12.039,1.245;7.017,4.180,2.098;3.118,13.109,0.771;8.750,14.656,0.293;12.054,15.768,0.340;6.525,14.215,2.145;18.779,11.767,1.747;2.514,1.369,0.425;17.179,11.793,0.662;3.419,1.387,1.237;16.737,3.377,0.319;8.526,9.392,0.816;6.185,17.996,0.315;15.205,3.276,0.387;13.718,9.006,1.672;9.759,14.760,0.817;6.998,9.793,1.267;8.603,3.362,1.204;18.237,12.002,1.803;5.279,17.177,2.469"
13,drone_5,14.1728,5.5081,17.0000,17.0000,"2.347,9.515,0.494;18.301,13.223,1.046;6.689,15.596,2.085;17.102,11.298,0.427;8.172,10.967,1.213;8.788,15.372,0.923;2.199,2.005,0.957;19.010,8.298,0.361;2.280,15.513,1.948;13.374,18.274,0.268;13.316,14.508,0.289;0.568,6.095,0.938;3.098,6.163,0.425;6.816,5.317,0.491;4.424,6.165,1.061;4.055,14.203,1.145;2.339,3.335,2.092;7.811,18.921,0.744;8.652,19.088,0.420;5.921,10.282,0.492;2.431,19.156,0.228;2.185,15.073,2.027;11.957,10.604,0.939;19.649,6.620,0.472;11.281,7.869,0.382;7.288,3.974,0.431;10.341,1.594,1.277;19.506,12.205,0.316;19.617,15.458,0.285;14.317,8.164,0.285;2.365,18.859,0.351;14.189,11.973,1.329;13.490,14.516,1.086;12.545,13.736,1.026;18.102,11.068,0.351;11.388,16.307,0.431;2.960,12.039,1.245;7.017,4.180,2.098;3.118,13.109,0.771;8.750,14.656,0.293;12.054,15.768,0.340;6.525,14.215,2.145;18.779,11.767,1.747;2.514,1.369,0.425;17.179,11.793,0.662;3.419,1.387,1.237;16.737,3.377,0.319;8.526,9.392,0.816;6.185,17.996,0.315;15.205,3.276,0.387;13.718,9.006,1.672;9.759,14.760,0.817;6.998,9.793,1.267;8.603,3.362,1.204;18.237,12.002,1.803;5.279,17.177,2.469"
13,drone_6,15.4038,6.3493,17.0000,17.0000,"2.347,9.515,0.494;18.301,13.223,1.046;6.689,15.596,2.085;17.102,11.298,0.427;8.172,10.967,1.213;8.788,15.372,0.923;2.199,2.005,0.957;19.010,8.298,0.361;2.280,15.513,1.948;13.374,18.274,0.268;13.316,14.508,0.289;0.568,6.095,0.938;3.098,6.163,0.425;6.816,5.317,0.491;4.424,6.165,1.061;4.055,14.203,1.145;2.339,3.335,2.092;7.811,18.921,0.744;8.652,19.088,0.420;5.921,10.282,0.492;2.431,19.156,0.228;2.185,15.073,2.027;11.957,10.604,0.939;19.649,6.620,0.472;11.281,7.869,0.382;7.288,3.974,0.431;10.341,1.594,1.277;19.506,12.205,0.316;19.617,15.458,0.285;14.317,8.164,0.285;2.365,18.859,0.351;14.189,11.973,1.329;13.490,14.516,1.086;12.545,13.736,1.026;18.102,11.068,0.351;11.388,16.307,0.431;2.960,12.039,1.245;7.017,4.180,2.098;3.118,13.109,0.771;8.750,14.656,0.293;12.054,15.768,0.340;6.525,14.215,2.145;18.779,11.767,1.747;2.514,1.369,0.425;17.179,11.793,0.662;3.419,1.387,1.237;16.737,3.377,0.319;8.526,9.392,0.816;6.185,17.996,0.315;15.205,3.276,0.387;13.718,9.006,1.672;9.759,14.760,0.817;6.998,9.793,1.267;8.603,3.362,1.204;18.237,12.002,1.803;5.279,17.177,2.469"
13,drone_7,13.7899,7.0457,17.0000,17.0000,"2.347,9.515,0.494;18.301,13.223,1.046;6.689,15.596,2.085;17.102,11.298,0.427;8.172,10.967,1.213;8.788,15.372,0.923;2.199,2.005,0.957;19.010,8.298,0.361;2.280,15.513,1.948;13.374,18.274,0.268;13.316,14.508,0.289;0.568,6.095,0.938;3.098,6.163,0.425;6.816,5.317,0.491;4.424,6.165,1.061;4.055,14.203,1.145;2.339,3.335,2.092;7.811,18.921,0.744;8.652,19.088,0.420;5.921,10.282,0.492;2.431,19.156,0.228;2.185,15.073,2.027;11.957,10.604,0.939;19.649,6.620,0.472;11.281,7.869,0.382;7.288,3.974,0.431;10.341,1.594,1.277;19.506,12.205,0.316;19.617,15.458,0.285;14.317,8.164,0.285;2.365,18.859,0.351;14.189,11.973,1.329;13.490,14.516,1.086;12.545,13.736,1.026;18.102,11.068,0.351;11.388,16.307,0.431;2.960,12.039,1.245;7.017,4.180,2.098;3.118,13.109,0.771;8.750,14.656,0.293;12.054,15.768,0.340;6.525,14.215,2.145;18.779,11.767,1.747;2.514,1.369,0.425;17.179,11.793,0.662;3.419,1.387,1.237;16.737,3.377,0.319;8.526,9.392,0.816;6.185,17.996,0.315;15.205,3.276,0.387;13.718,9.006,1.672;9.759,14.760,0.817;6.998,9.793,1.267;8.603,3.362,1.204;18.237,12.002,1.803;5.279,17.177,2.469"
13,drone_8,15.7567,4.5718,17.0000,17.0000,"2.347,9.515,0.494;18.301,13.223,1.046;6.689,15.596,2.085;17.102,11.298,0.427;8.172,10.967,1.213;8.788,15.372,0.923;2.199,2.005,0.957;19.010,8.298,0.361;2.280,15.513,1.948;13.374,18.274,0.268;13.316,14.508,0.289;0.568,6.095,0.938;3.098,6.163,0.425;6.816,5.317,0.491;4.424,6.165,1.061;4.055,14.203,1.145;2.339,3.335,2.092;7.811,18.921,0.744;8.652,19.088,0.420;5.921,10.282,0.492;2.431,19.156,0.228;2.185,15.073,2.027;11.957,10.604,0.939;19.649,6.620,0.472;11.281,7.869,0.382;7.288,3.974,0.431;10.341,1.594,1.277;19.506,12.205,0.316;19.617,15.458,0.285;14.317,8.164,0.285;2.365,18.859,0.351;14.189,11.973,1.329;13.490,14.516,1.086;12.545,13.736,1.026;18.102,11.068,0.351;11.388,16.307,0.431;2.960,12.039,1.245;7.017,4.180,2.098;3.118,13.109,0.771;8.750,14.656,0.293;12.054,15.768,0.340;6.525,14.215,2.145;18.779,11.767,1.747;2.514,1.369,0.425;17.179,11.793,0.662;3.419,1.387,1.237;16.737,3.377,0.319;8.526,9.392,0.816;6.185,17.996,0.315;15.205,3.276,0.387;13.718,9.006,1.672;9.759,14.760,0.817;6.998,9.793,1.267;8.603,3.362,1.204;18.237,12.002,1.803;5.279,17.177,2.469"
13,drone_9,14.3682,4.9506,17.0000,17.0000,"2.347,9.515,0.494;18.301,13.223,1.046;6.689,15.596,2.085;17.102,11.298,0.427;8.172,10.967,1.213;8.788,15.372,0.923;2.199,2.005,0.957;19.010,8.298,0.361;2.280,15.513,1.948;13.374,18.274,0.268;13.316,14.508,0.289;0.568,6.095,0.938;3.098,6.163,0.425;6.816,5.317,0.491;4.424,6.165,1.061;4.055,14.203,1.145;2.339,3.335,2.092;7.811,18.921,0.744;8.652,19.088,0.420;5.921,10.282,0.492;2.431,19.156,0.228;2.185,15.073,2.027;11.957,10.604,0.939;19.649,6.620,0.472;11.281,7.869,0.382;7.288,3.974,0.431;10.341,1.594,1.277;19.506,12.205,0.316;19.617,15.458,0.285;14.317,8.164,0.285;2.365,18.859,0.351;14.189,11.973,1.329;13.490,14.516,1.086;12.545,13.736,1.026;18.102,11.068,0.351;11.388,16.307,0.431;2.960,12.039,1.245;7.017,4.180,2.098;3.118,13.109,0.771;8.750,14.656,0.293;12.054,15.768,0.340;6.525,14.215,2.145;18.779,11.767,1.747;2.514,1.369,0.425;17.179,11.793,0.662;3.419,1.387,1.237;16.737,3.377,0.319;8.526,9.392,0.816;6.185,17.996,0.315;15.205,3.276,0.387;13.718,9.006,1.672;9.759,14.760,0.817;6.998,9.793,1.267;8.603,3.362,1.204;18.237,12.002,1.803;5.279,17.177,2.469"
14,drone_0,13.6733,6.0563,17.0000,17.0000,"2.347,9.515,0.494;18.301,13.223,1.046;6.689,15.596,2.085;17.102,11.298,0.427;8.172,10.967,1.213;8.788,15.372,0.923;2.199,2.005,0.957;19.010,8.298,0.361;2.280,15.513,1.948;13.374,18.274,0.268;13.316,14.508,0.289;0.568,6.095,0.938;3.098,6.163,0.425;6.816,5.317,0.491;4.424,6.165,1.061;4.055,14.203,1.145;2.339,3.335,2.092;7.811,18.921,0.744;8.652,19.088,0.420;5.921,10.282,0.492;2.431,19.156,0.228;2.185,15.073,2.027;11.957,10.604,0.939;19.649,6.620,0.472;11.281,7.869,0.382;7.288,3.974,0.431;10.341,1.594,1.277;19.506,12.205,0.316;19.617,15.458,0.285;14.317,8.164,0.285;2.365,18.859,0.351;14.189,11.973,1.329;13.490,14.516,1.086;12.545,13.736,1.026;18.102,11.068,0.351;11.388,16.307,0.431;2.960,12.039,1.245;7.017,4.180,2.098;3.118,13.109,0.771;8.750,14.656,0.293;12.054,15.768,0.340;6.525,14.215,2.145;18.779,11.767,1.747;2.514,1.369,0.425;17.179,11.793,0.662;3.419,1.387,1.237;16.737,3.377,0.319;8.526,9.392,0.816;6.185,17.996,0.315;15.205,3.276,0.387;13.718,9.006,1.672;9.759,14.760,0.817;6.998,9.793,1.267;8.603,3.362,1.204;18.237,12.002,1.803;5.279,17.177,2.469"
14,drone_1,15.3668,4.8220,17.0000,17.0000,"2.347,9.515,0.494;18.301,13.223,1.046;6.689,15.596,2.085;17.102,11.298,0.427;8.172,10.967,1.213;8.788,15.372,0.923;2.199,2.005,0.957;19.010,8.298,0.361;2.280,15.513,1.948;13.374,18.274,0.268;13.316,14.508,0.289;0.568,6.095,0.938;3.098,6.163,0.425;6.816,5.317,0.491;4.424,6.165,1.061;4.055,14.203,1.145;2.339,3.335,2.092;7.811,18.921,0.744;8.652,19.088,0.420;5.921,10.282,0.492;2.431,19.156,0.228;2.185,15.073,2.027;11.957,10.604,0.939;19.649,6.620,0.472;11.281,7.869,0.382;7.288,3.974,0.431;10.341,1.594,1.277;19.506,12.205,0.316;19.617,15.458,0.285;14.317,8.164,0.285;2.365,18.859,0.351;14.189,11.973,1.329;13.490,14.516,1.086;12.545,13.736,1.026;18.102,11.068,0.351;11.388,16.307,0.431;2.960,12.039,1.245;7.017,4.180,2.098;3.118,13.109,0.771;8.750,14.656,0.293;12.054,15.768,0.340;6.525,14.215,2.145;18.779,11.767,1.747;2.514,1.369,0.425;17.179,11.793,0.662;3.419,1.387,1.237;16.737,3.377,0.319;8.526,9.392,0.816;6.185,17.996,0.315;15.205,3.276,0.387;13.718,9.006,1.672;9.759,14.760,0.817;6.998,9.793,1.267;8.603,3.362,1.204;18.237,12.002,1.803;5.279,17.177,2.469"
14,drone_2,14.5143,6.5530,17.0000,17.0000,"2.347,9.515,0.494;18.301,13.223,1.046;6.689,15.596,2.085;17.102,11.298,0.427;8.172,10.967,1.213;8.788,15.372,0.923;2.199,2.005,0.957;19.010,8.298,0.361;2.280,15.513,1.948;13.374,18.274,0.268;13.316,14.508,0.289;0.568,6.095,0.938;3.098,6.163,0.425;6.816,5.317,0.491;4.424,6.165,1.061;4.055,14.203,1.145;2.339,3.335,2.092;7.811,18.921,0.744;8.652,19.088,0.420;5.921,10.282,0.492;2.431,19.156,0.228;2.185,15.073,2.027;11.957,10.604,0.939;19.649,6.620,0.472;11.281,7.869,0.382;7.288,3.974,0.431;10.341,1.594,1.277;19.506,12.205,0.316;19.617,15.458,0.285;14.317,8.164,0.285;2.365,18.859,0.351;14.189,11.973,1.329;13.490,14.516,1.086;12.545,13.736,1.026;18.102,11.068,0.351;11.388,16.307,0.431;2.960,12.039,1.245;7.017,4.180,2.098;3.118,13.109,0.771;8.750,14.656,0.293;12.054,15.768,0.340;6.525,14.215,2.145;18.779,11.767,1.747;2.514,1.369,0.425;17.179,11.793,0.662;3.419,1.387,1.237;16.737,3.377,0.319;8.526,9.392,0.816;6.185,17.996,0.315;15.205,3.276,0.387;13.718,9.006,1.672;9.759,14.760,0.817;6.998,9.793,1.267;8.603,3.362,1.204;18.237,12.002,1.803;5.279,17.177,2.469"
14,drone_3,13.4351,4.8408,17.0000,17.0000,"2.347,9.515,0.494;18.301,13.223,1.046;6.689,15.596,2.085;17.102,11.298,0.427;8.172,10.967,1.213;8.788,15.372,0.923;2.199,2.005,0.957;19.010,8.298,0.361;2.280,15.513,1.948;13.374,18.274,0.268;13.316,14.508,0.289;0.568,6.095,0.938;3.098,6.163,0.425;6.816,5.317,0.491;4.424,6.165,1.061;4.055,14.203,1.145;2.339,3.335,2.092;7.811,18.921,0.744;8.652,19.088,0.420;5.921,10.282,0.492;2.431,19.156,0.228;2.185,15.073,2.027;11.957,10.604,0.939;19.649,6.620,0.472;11.281,7.869,0.382;7.288,3.974,0.431;10.341,1.594,1.277;19.506,12.205,0.316;19.617,15.458,0.285;14.317,8.164,0.285;2.365,18.859,0.351;14.189,11.973,1.329;13.490,14.516,1.086;12.545,13.736,1.026;18.102,11.068,0.351;11.388,16.307,0.431;2.960,12.039,1.245;7.017,4.180,2.098;3.118,13.109,0.771;8.750,14.656,0.293;12.054,15.768,0.340;6.525,14.215,2.145;18.779,11.767,1.747;2.514,1.369,0.425;17.179,11.793,0.662;3.419,1.387,1.237;16.737,3.377,0.319;8.526,9.392,0.816;6.185,17.996,0.315;15.205,3.276,0.387;13.718,9.006,1.672;9.759,14.760,0.817;6.998,9.793,1.267;8.603,3.362,1.204;18.237,12.002,1.803;5.279,17.177,2.469"
14,drone_4,15.8451,5.3355,17.0000,17.0000,"2.347,9.515,0.494;18.301,13.223,1.046;6.689,15.596,2.085;17.102,11.298,0.427;8.172,10.967,1.213;8.788,15.372,0.923;2.199,2.005,0.957;19.010,8.298,0.361;2.280,15.513,1.948;13.374,18.274,0.268;13.316,14.508,0.289;0.568,6.095,0.938;3.098,6.163,0.425;6.816,5.317,0.491;4.424,6.165,1.061;4.055,14.203,1.145;2.339,3.335,2.092;7.811,18.921,0.744;8.652,19.088,0.420;5.921,10.282,0.492;2.431,19.156,0.228;2.185,15.073,2.027;11.957,10.604,0.939;19.649,6.620,0.472;11.281,7.869,0.382;7.288,3.974,0.431;10.341,1.594,1.277;19.506,12.205,0.316;19.617,15.458,0.285;14.317,8.164,0.285;2.365,18.859,0.351;14.189,11.973,1.329;13.490,14.516,1.086;12.545,13.736,1.026;18.102,11.068,0.351;11.388,16.307,0.431;2.960,12.039,1.245;7.017,4.180,2.098;3.118,13.109,0.771;8.750,14.656,0.293;12.054,15.768,0.340;6.525,14.215,2.145;18.779,11.767,1.747;2.514,1.369,0.425;17.179,11.793,0.662;3.419,1.387,1.237;16.737,3.377,0.319;8.526,9.392,0.816;6.185,17.996,0.315;15.205,3.276,0.387;13.718,9.006,1.672;9.759,14.760,0.817;6.998,9.793,1.267;8.603,3.362,1.204;18.237,12.002,1.803;5.279,17.177,2.469"
14,drone_5,14.3728,5.5091,17.0000,17.0000,"2.347,9.515,0.494;18.301,13.223,1.046;6.689,15.596,2.085;17.102,11.298,0.427;8.172,10.967,1.213;8.788,15.372,0.923;2.199,2.005,0.957;19.010,8.298,0.361;2.280,15.513,1.948;13.374,18.274,0.268;13.316,14.508,0.289;0.568,6.095,0.938;3.098,6.163,0.425;6.816,5.317,0.491;4.424,6.165,1.061;4.055,14.203,1.145;2.339,3.335,2.092;7.811,18.921,0.744;8.652,19.088,0.420;5.921,10.282,0.492;2.431,19.156,0.228;2.185,15.073,2.027;11.957,10.604,0.939;19.649,6.620,0.472;11.281,7.869,0.382;7.288,3.974,0.431;10.341,1.594,1.277;19.506,12.205,0.316;19.617,15.458,0.285;14.317,8.164,0.285;2.365,18.859,0.351;14.189,11.973,1.329;13.490,14.516,1.086;12.545,13.736,1.026;18.102,11.068,0.351;11.388,16.307,0.431;2.960,12.039,1.245;7.017,4.180,2.098;3.118,13.109,0.771;8.750,14.656,0.293;12.054,15.768,0.340;6.525,14.215,2.145;18.779,11.767,1.747;2.514,1.369,0.425;17.179,11.793,0.662;3.419,1.387,1.237;16.737,3.377,0.319;8.526,9.392,0.816;6.185,17.996,0.315;15.205,3.276,0.387;13.718,9.006,1.672;9.759,14.760,0.817;6.998,9.793,1.267;8.603,3.362,1.204;18.237,12.002,1.803;5.279,17.177,2.469"
14,drone_6,15.6034,6.3367,17.0000,17.0000,"2.347,9.515,0.494;18.301,13.223,1.046;6.689,15.596,2.085;17.102,11.298,0.427;8.172,10.967,1.213;8.788,15.372,0.923;2.199,2.005,0.957;19.010,8.298,0.361;2.280,15.513,1.948;13.374,18.274,0.268;13.316,14.508,0.289;0.568,6.095,0.938;3.098,6.163,0.425;6.816,5.317,0.491;4.424,6.165,1.061;4.055,14.203,1.145;2.339,3.335,2.092;7.811,18.921,0.744;8.652,19.088,0.420;5.921,10.282,0.492;2.431,19.156,0.228;2.185,15.073,2.027;11.957,10.604,0.939;19.649,6.620,0.472;11.281,7.869,0.382;7.288,3.974,0.431;10.341,1.594,1.277;19.506,12.205,0.316;19.617,15.458,0.285;14.317,8.164,0.285;2.365,18.859,0.351;14.189,11.973,1.329;13.490,14.516,1.086;12.545,13.736,1.026;18.102,11.068,0.351;11.388,16.307,0.431;2.960,12.039,1.245;7.017,4.180,2.098;3.118,13.109,0.771;8.750,14.656,0.293;12.054,15.768,0.340;6.525,14.215,2.145;18.779,11.767,1.747;2.514,1.369,0.425;17.179,11.793,0.662;3.419,1.387,1.237;16.737,3.377,0.319;8.526,9.392,0.816;6.185,17.996,0.315;15.205,3.276,0.387;13.718,9.006,1.672;9.759,14.760,0.817;6.998,9.793,1.267;8.603,3.362,1.204;18.237,12.002,1.803;5.279,17.177,2.469"
14,drone_7,13.9880,7.0732,17.0000,17.0000,"2.347,9.515,0.494;18.301,13.223,1.046;6.689,15.596,2.085;17.102,11.298,0.427;8.172,10.967,1.213;8.788,15.372,0.923;2.199,2.005,0.957;19.010,8.298,0.361;2.280,15.513,1.948;13.374,18.274,0.268;13.316,14.508,0.289;0.568,6.095,0.938;3.098,6.163,0.425;6.816,5.317,0.491;4.424,6.165,1.061;4.055,14.203,1.145;2.339,3.335,2.092;7.811,18.921,0.744;8.652,19.088,0.420;5.921,10.282,0.492;2.431,19.156,0.228;2.185,15.073,2.027;11.957,10.604,0.939;19.649,6.620,0.472;11.281,7.869,0.382;7.288,3.974,0.431;10.341,1.594,1.277;19.506,12.205,0.316;19.617,15.458,0.285;14.317,8.164,0.285;2.365,18.859,0.351;14.189,11.973,1.329;13.490,14.516,1.086;12.545,13.736,1.026;18.102,11.068,0.351;11.388,16.307,0.431;2.960,12.039,1.245;7.017,4.180,2.098;3.118,13.109,0.771;8.750,14.656,0.293;12.054,15.768,0.340;6.525,14.215,2.145;18.779,11.767,1.747;2.514,1.369,0.425;17.179,11.793,0.662;3.419,1.387,1.237;16.737,3.377,0.319;8.526,9.392,0.816;6.185,17.996,0.315;15.205,3.276,0.387;13.718,9.006,1.672;9.759,14.760,0.817;6.998,9.793,1.267;8.603,3.362,1.204;18.237,12.002,1.803;5.279,17.177,2.469"
14,drone_8,15.9561,4.5873,17.0000,17.0000,"2.347,9.515,0.494;18.301,13.223,1.046;6.689,15.596,2.085;17.102,11.298,0.427;8.172,10.967,1.213;8.788,15.372,0.923;2.199,2.005,0.957;19.010,8.298,0.361;2.280,15.513,1.948;13.374,18.274,0.268;13.316,14.508,0.289;0.568,6.095,0.938;3.098,6.163,0.425;6.816,5.317,0.491;4.424,6.165,1.061;4.055,14.203,1.145;2.339,3.335,2.092;7.811,18.921,0.744;8.652,19.088,0.420;5.921,10.282,0.492;2.431,19.156,0.228;2.185,15.073,2.027;11.957,10.604,0.939;19.649,6.620,0.472;11.281,7.869,0.382;7.288,3.974,0.431;10.341,1.594,1.277;19.506,12.205,0.316;19.617,15.458,0.285;14.317,8.164,0.285;2.365,18.859,0.351;14.189,11.973,1.329;13.490,14.516,1.086;12.545,13.736,1.026;18.102,11.068,0.351;11.388,16.307,0.431;2.960,12.039,1.245;7.017,4.180,2.098;3.118,13.109,0.771;8.750,14.656,0.293;12.054,15.768,0.340;6.525,14.215,2.145;18.779,11.767,1.747;2.514,1.369,0.425;17.179,11.793,0.662;3.419,1.387,1.237;16.737,3.377,0.319;8.526,9.392,0.816;6.185,17.996,0.315;15.205,3.276,0.387;13.718,9.006,1.672;9.759,14.760,0.817;6.998,9.793,1.267;8.603,3.362,1.204;18.237,12.002,1.803;5.279,17.177,2.469"
14,drone_9,14.5662,4.9786,17.0000,17.0000,"2.347,9.515,0.494;18.301,13.223,1.046;6.689,15.596,2.085;17.102,11.298,0.427;8.172,10.967,1.213;8.788,15.372,0.923;2.199,2.005,0.957;19.010,8.298,0.361;2.280,15.513,1.948;13.374,18.274,0.268;13.316,14.508,0.289;0.568,6.095,0.938;3.098,6.163,0.425;6.816,5.317,0.491;4.424,6.165,1.061;4.055,14.203,1.145;2.339,3.335,2.092;7.811,18.921,0.744;8.652,19.088,0.420;5.921,10.282,0.492;2.431,19.156,0.228;2.185,15.073,2.027;11.957,10.604,0.939;19.649,6.620,0.472;11.281,7.869,0.382;7.288,3.974,0.431;10.341,1.594,1.277;19.506,12.205,0.316;19.617,15.458,0.285;14.317,8.164,0.285;2.365,18.859,0.351;14.189,11.973,1.329;13.490,14.516,1.086;12.545,13.736,1.026;18.102,11.068,0.351;11.388,16.307,0.431;2.960,12.039,1.245;7.017,4.180,2.098;3.118,13.109,0.771;8.750,14.656,0.293;12.054,15.768,0.340;6.525,14.215,2.145;18.779,11.767,1.747;2.514,1.369,0.425;17.179,11.793,0.662;3.419,1.387,1.237;16.737,3.377,0.319;8.526,9.392,0.816;6.185,17.996,0.315;15.205,3.276,0.387;13.718,9.006,1.672;9.759,14.760,0.817;6.998,9.793,1.267;8.603,3.362,1.204;18.237,12.002,1.803;5.279,17.177,2.469"
15,drone_0,13.8705,6.0891,17.0000,17.0000,"2.347,9.515,0.494;18.301,13.223,1.046;6.689,15.596,2.085;17.102,11.298,0.427;8.172,10.967,1.213;8.788,15.372,0.923;2.199,2.005,0.957;19.010,8.298,0.361;2.280,15.513,1.948;13.374,18.274,0.268;13.316,14.508,0.289;0.568,6.095,0.938;3.098,6.163,0.425;6.816,5.317,0.491;4.424,6.165,1.061;4.055,14.203,1.145;2.339,3.335,2.092;7.811,18.921,0.744;8.652,19.088,0.420;5.921,10.282,0.492;2.431,19.156,0.228;2.185,15.073,2.027;11.957,10.604,0.939;19.649,6.620,0.472;11.281,7.869,0.382;7.288,3.974,0.431;10.341,1.594,1.277;19.506,12.205,0.316;19.617,15.458,0.285;14.317,8.164,0.285;2.365,18.859,0.351;14.189,11.973,1.329;13.490,14.516,1.086;12.545,13.736,1.026;18.102,11.068,0.351;11.388,16.307,0.431;2.960,12.039,1.245;7.017,4.180,2.098;3.118,13.109,0.771;8.750,14.656,0.293;12.054,15.768,0.340;6.525,14.215,2.145;18.779,11.767,1.747;2.514,1.369,0.425;17.179,11.793,0.662;3.419,1.387,1.237;16.737,3.377,0.319;8.526,9.392,0.816;6.185,17.996,0.315;15.205,3.276,0.387;13.718,9.006,1.672;9.759,14.760,0.817;6.998,9.793,1.267;8.603,3.362,1.204;18.237,12.002,1.803;5.279,17.177,2.469"
15,drone_1,15.5598,4.8742,17.0000,17.0000,"2.347,9.515,0.494;18.301,13.223,1.046;6.689,15.596,2.085;17.102,11.298,0.427;8.172,10.967,1.213;8.788,15.372,0.923;2.199,2.005,0.957;19.010,8.298,0.361;2.280,15.513,1.948;13.374,18.274,0.268;13.316,14.508,0.289;0.568,6.095,0.938;3.098,6.163,0.425;6.816,5.317,0.491;4.424,6.165,1.061;4.055,14.203,1.145;2.339,3.335,2.092;7.811,18.921,0.744;8.652,19.088,0.420;5.921,10.282,0.492;2.431,19.156,0.228;2.185,15.073,2.027;11.957,10.604,0.939;19.649,6.620,0.472;11.281,7.869,0.382;7.288,3.974,0.431;10.341,1.594,1.277;19.506,12.205,0.316;19.617,15.458,0.285;14.317,8.164,0.285;2.365,18.859,0.351;14.189,11.973,1.329;13.490,14.516,1.086;12.545,13.736,1.026;18.102,11.068,0.351;11.388,16.307,0.431;2.960,12.039,1.245;7.017,4.180,2.098;3.118,13.109,0.771;8.750,14.656,0.293;12.054,15.768,0.340;6.525,14.215,2.145;18.779,11.767,1.747;2.514,1.369,0.425;17.179,11.793,0.662;3.419,1.387,1.237;16.737,3.377,0.319;8.526,9.392,0.816;6.185,17.996,0.315;15.205,3.276,0.387;13.718,9.006,1.672;9.759,14.760,0.817;6.998,9.793,1.267;8.603,3.362,1.204;18.237,12.002,1.803;5.279,17.177,2.469"
15,drone_2,14.7129,6.5759,17.0000,17.0000,"2.347,9.515,0.494;18.301,13.223,1.046;6.689,15.596,2.085;17.102,11.298,0.427;8.172,10.967,1.213;8.788,15.372,0.923;2.199,2.005,0.957;19.010,8.298,0.361;2.280,15.513,1.948;13.374,18.274,0.268;13.316,14.508,0.289;0.568,6.095,0.938;3.098,6.163,0.425;6.816,5.317,0.491;4.424,6.165,1.061;4.055,14.203,1.145;2.339,3.335,2.092;7.811,18.921,0.744;8.652,19.088,0.420;5.921,10.282,0.492;2.431,19.156,0.228;2.185,15.073,2.027;11.957,10.604,0.939;19.649,6.620,0.472;11.281,7.869,0.382;7.288,3.974,0.431;10.341,1.594,1.277;19.506,12.205,0.316;19.617,15.458,0.285;14.317,8.164,0.285;2.365,18.859,0.351;14.189,11.973,1.329;13.490,14.516,1.086;12.545,13.736,1.026;18.102,11.068,0.351;11.388,16.307,0.431;2.960,12.039,1.245;7.017,4.180,2.098;3.118,13.109,0.771;8.750,14.656,0.293;12.054,15.768,0.340;6.525,14.215,2.145;18.779,11.767,1.747;2.514,1.369,0.425;17.179,11.793,0.662;3.419,1.387,1.237;16.737,3.377,0.319;8.526,9.392,0.816;6.185,17.996,0.315;15.205,3.276,0.387;13.718,9.006,1.672;9.759,14.760,0.817;6.998,9.793,1.267;8.603,3.362,1.204;18.237,12.002,1.803;5.279,17.177,2.469"
15,drone_3,13.5410,4.9186,17.0000,17.0000,"2.347,9.515,0.494;18.301,13.223,1.046;6.689,15.596,2.085;17.102,11.298,0.427;8.172,10.967,1.213;8.788,15.372,0.923;2.199,2.005,0.957;19.010,8.298,0.361;2.280,15.513,1.948;13.374,18.274,0.268;13.316,14.508,0.289;0.568,6.095,0.938;3.098,6.163,0.425;6.816,5.317,0.491;4.424,6.165,1.061;4.055,14.203,1.145;2.339,3.335,2.092;7.811,18.921,0.744;8.652,19.088,0.420;5.921,10.282,0.492;2.431,19.156,0.228;2.185,15.073,2.027;11.957,10.604,0.939;19.649,6.620,0.472;11.281,7.869,0.382;7.288,3.974,0.431;10.341,1.594,1.277;19.506,12.205,0.316;19.617,15.458,0.285;14.317,8.164,0.285;2.365,18.859,0.351;14.189,11.973,1.329;13.490,14.516,1.086;12.545,13.736,1.026;18.102,11.068,0.351;11.388,16.307,0.431;2.960,12.039,1.245;7.017,4.180,2.098;3.118,13.109,0.771;8.750,14.656,0.293;12.054,15.768,0.340;6.525,14.215,2.145;18.779,11.767,1.747;2.514,1.369,0.425;17.179,11.793,0.662;3.419,1.387,1.237;16.737,3.377,0.319;8.526,9.392,0.816;6.185,17.996,0.315;15.205,3.276,0.387;13.718,9.006,1.672;9.759,14.760,0.817;6.998,9.793,1.267;8.603,3.362,1.204;18.237,12.002,1.803;5.279,17.177,2.469"
15,drone_4,16.0448,5.3261,17.0000,17.0000,"2.347,9.515,0.494;18.301,13.223,1.046;6.689,15.596,2.085;17.102,11.298,0.427;8.172,10.967,1.213;8.788,15.372,0.923;2.199,2.005,0.957;19.010,8.298,0.361;2.280,15.513,1.948;13.374,18.274,0.268;13.316,14.508,0.289;0.568,6.095,0.938;3.098,6.163,0.425;6.816,5.317,0.491;4.424,6.165,1.061;4.055,14.203,1.145;2.339,3.335,2.092;7.811,18.921,0.744;8.652,19.088,0.420;5.921,10.282,0.492;2.431,19.156,0.228;2.185,15.073,2.027;11.957,10.604,0.939;19.649,6.620,0.472;11.281,7.869,0.382;7.288,3.974,0.431;10.341,1.594,1.277;19.506,12.205,0.316;19.617,15.458,0.285;14.317,8.164,0.285;2.365,18.859,0.351;14.189,11.973,1.329;13.490,14.516,1.086;12.545,13.736,1.026;18.102,11.068,0.351;11.388,16.307,0.431;2.960,12.039,1.245;7.017,4.180,2.098;3.118,13.109,0.771;8.750,14.656,0.293;12.054,15.768,0.340;6.525,14.215,2.145;18.779,11.767,1.747;2.514,1.369,0.425;17.179,11.793,0.662;3.419,1.387,1.237;16.737,3.377,0.319;8.526,9.392,0.816;6.185,17.996,0.315;15.205,3.276,0.387;13.718,9.006,1.672;9.759,14.760,0.817;6.998,9.793,1.267;8.603,3.362,1.204;18.237,12.002,1.803;5.279,17.177,2.469"
15,drone_5,14.5727,5.5027,17.0000,17.0000,"2.347,9.515,0.494;18.301,13.223,1.046;6.689,15.596,2.085;17.102,11.298,0.427;8.172,10.967,1.213;8.788,15.372,0.923;2.199,2.005,0.957;19.010,8.298,0.361;2.280,15.513,1.948;13.374,18.274,0.268;13.316,14.508,0.289;0.568,6.095,0.938;3.098,6.163,0.425;6.816,5.317,0.491;4.424,6.165,1.061;4.055,14.203,1.145;2.339,3.335,2.092;7.811,18.921,0.744;8.652,19.088,0.420;5.921,10.282,0.492;2.431,19.156,0.228;2.185,15.073,2.027;11.957,10.604,0.939;19.649,6.620,0.472;11.281,7.869,0.382;7.288,3.974,0.431;10.341,1.594,1.277;19.506,12.205,0.316;19.617,15.458,0.285;14.317,8.164,0.285;2.365,18.859,0.351;14.189,11.973,1.329;13.490,14.516,1.086;12.545,13.736,1.026;18.102,11.068,0.351;11.388,16.307,0.431;2.960,12.039,1.245;7.017,4.180,2.098;3.118,13.109,0.771;8.750,14.656,0.293;12.054,15.768,0.340;6.525,14.215,2.145;18.779,11.767,1.747;2.514,1.369,0.425;17.179,11.793,0.662;3.419,1.387,1.237;16.737,3.377,0.319;8.526,9.392,0.816;6.185,17.996,0.315;15.205,3.276,0.387;13.718,9.006,1.672;9.759,14.760,0.817;6.998,9.793,1.267;8.603,3.362,1.204;18.237,12.002,1.803;5.279,17.177,2.469"
15,drone_6,15.8029,6.3230,17.0000,17.0000,"2.347,9.515,0.494;18.301,13.223,1.046;6.689,15.596,2.085;17.102,11.298,0.427;8.172,10.967,1.213;8.788,15.372,0.923;2.199,2.005,0.957;19.010,8.298,0.361;2.280,15.513,1.948;13.374,18.274,0.268;13.316,14.508,0.289;0.568,6.095,0.938;3.098,6.163,0.425;6.816,5.317,0.491;4.424,6.165,1.061;4.055,14.203,1.145;2.339,3.335,2.092;7.811,18.921,0.744;8.652,19.088,0.420;5.921,10.282,0.492;2.431,19.156,0.228;2.185,15.073,2.027;11.957,10.604,0.939;19.649,6.620,0.472;11.281,7.869,0.382;7.288,3.974,0.431;10.341,1.594,1.277;19.506,12.205,0.316;19.617,15.458,0.285;14.317,8.164,0.285;2.365,18.859,0.351;14.189,11.973,1.329;13.490,14.516,1.086;12.545,13.736,1.026;18.102,11.068,0.351;11.388,16.307,0.431;2.960,12.039,1.245;7.017,4.180,2.098;3.118,13.109,0.771;8.750,14.656,0.293;12.054,15.768,0.340;6.525,14.215,2.145;18.779,11.767,1.747;2.514,1.369,0.425;17.179,11.793,0.662;3.419,1.387,1.237;16.737,3.377,0.319;8.526,9.392,0.816;6.185,17.996,0.315;15.205,3.276,0.387;13.718,9.006,1.672;9.759,14.760,0.817;6.998,9.793,1.267;8.603,3.362,1.204;18.237,12.002,1.803;5.279,17.177,2.469"
15,drone_7,14.1868,7.0951,17.0000,17.0000,"2.347,9.515,0.494;18.301,13.223,1.046;6.689,15.596,2.085;17.102,11.298,0.427;8.172,10.967,1.213;8.788,15.372,0.923;2.199,2.005,0.957;19.010,8.298,0.361;2.280,15.513,1.948;13.374,18.274,0.268;13.316,14.508,0.289;0.568,6.095,0.938;3.098,6.163,0.425;6.816,5.317,0.491;4.424,6.165,1.061;4.055,14.203,1.145;2.339,3.335,2.092;7.811,18.921,0.744;8.652,19.088,0.420;5.921,10.282,0.492;2.431,19.156,0.228;2.185,15.073,2.027;11.957,10.604,0.939;19.649,6.620,0.472;11.281,7.869,0.382;7.288,3.974,0.431;10.341,1.594,1.277;19.506,12.205,0.316;19.617,15.458,0.285;14.317,8.164,0.285;2.365,18.859,0.351;14.189,11.973,1.329;13.490,14.516,1.086;12.545,13.736,1.026;18.102,11.068,0.351;11.388,16.307,0.431;2.960,12.039,1.245;7.017,4.180,2.098;3.118,13.109,0.771;8.750,14.656,0.293;12.054,15.768,0.340;6.525,14.215,2.145;18.779,11.767,1.747;2.514,1.369,0.425;17.179,11.793,0.662;3.419,1.387,1.237;16.737,3.377,0.319;8.526,9.392,0.816;6.185,17.996,0.315;15.205,3.276,0.387;13.718,9.006,1.672;9.759,14.760,0.817;6.998,9.793,1.267;8.603,3.362,1.204;18.237,12.002,1.803;5.279,17.177,2.469"
15,drone_8,16.1561,4.5869,17.0000,17.0000,"2.347,9.515,0.494;18.301,13.223,1.046;6.689,15.596,2.085;17.102,11.298,0.427;8.172,10.967,1.213;8.788,15.372,0.923;2.199,2.005,0.957;19.010,8.298,0.361;2.280,15.513,1.948;13.374,18.274,0.268;13.316,14.508,0.289;0.568,6.095,0.938;3.098,6.163,0.425;6.816,5.317,0.491;4.424,6.165,1.061;4.055,14.203,1.145;2.339,3.335,2.092;7.811,18.921,0.744;8.652,19.088,0.420;5.921,10.282,0.492;2.431,19.156,0.228;2.185,15.073,2.027;11.957,10.604,0.939;19.649,6.620,0.472;11.281,7.869,0.382;7.288,3.974,0.431;10.341,1.594,1.277;19.506,12.205,0.316;19.617,15.458,0.285;14.317,8.164,0.285;2.365,18.859,0.351;14.189,11.973,1.329;13.490,14.516,1.086;12.545,13.736,1.026;18.102,11.068,0.351;11.388,16.307,0.431;2.960,12.039,1.245;7.017,4.180,2.098;3.118,13.109,0.771;8.750,14.656,0.293;12.054,15.768,0.340;6.525,14.215,2.145;18.779,11.767,1.747;2.514,1.369,0.425;17.179,11.793,0.662;3.419,1.387,1.237;16.737,3.377,0.319;8.526,9.392,0.816;6.185,17.996,0.315;15.205,3.276,0.387;13.718,9.006,1.672;9.759,14.760,0.817;6.998,9.793,1.267;8.603,3.362,1.204;18.237,12.002,1.803;5.279,17.177,2.469"
15,drone_9,14.7639,5.0090,17.0000,17.0000,"2.347,9.515,0.494;18.301,13.223,1.046;6.689,15.596,2.085;17.102,11.298,0.427;8.172,10.967,1.213;8.788,15.372,0.923;2.199,2.005,0.957;19.010,8.298,0.361;2.280,15.513,1.948;13.374,18.274,0.268;13.316,14.508,0.289;0.568,6.095,0.938;3.098,6.163,0.425;6.816,5.317,0.491;4.424,6.165,1.061;4.055,14.203,1.145;2.339,3.335,2.092;7.811,18.921,0.744;8.652,19.088,0.420;5.921,10.282,0.492;2.431,19.156,0.228;2.185,15.073,2.027;11.957,10.604,0.939;19.649,6.620,0.472;11.281,7.869,0.382;7.288,3.974,0.431;10.341,1.594,1.277;19.506,12.205,0.316;19.617,15.458,0.285;14.317,8.164,0.285;2.365,18.859,0.351;14.189,11.973,1.329;13.490,14.516,1.086;12.545,13.736,1.026;18.102,11.068,0.351;11.388,16.307,0.431;2.960,12.039,1.245;7.017,4.180,2.098;3.118,13.109,0.771;8.750,14.656,0.293;12.054,15.768,0.340;6.525,14.215,2.145;18.779,11.767,1.747;2.514,1.369,0.425;17.179,11.793,0.662;3.419,1.387,1.237;16.737,3.377,0.319;8.526,9.392,0.816;6.185,17.996,0.315;15.205,3.276,0.387;13.718,9.006,1.672;9.759,14.760,0.817;6.998,9.793,1.267;8.603,3.362,1.204;18.237,12.002,1.803;5.279,17.177,2.469"
16,drone_0,14.0671,6.1259,17.0000,17.0000,"2.347,9.515,0.494;18.301,13.223,1.046;6.689,15.596,2.085;17.102,11.298,0.427;8.172,10.967,1.213;8.788,15.372,0.923;2.199,2.005,0.957;19.010,8.298,0.361;2.280,15.513,1.948;13.374,18.274,0.268;13.316,14.508,0.289;0.568,6.095,0.938;3.098,6.163,0.425;6.816,5.317,0.491;4.424,6.165,1.061;4.055,14.203,1.145;2.339,3.335,2.092;7.811,18.921,0.744;8.652,19.088,0.420;5.921,10.282,0.492;2.431,19.156,0.228;2.185,15.073,2.027;11.957,10.604,0.939;19.649,6.620,0.472;11.281,7.869,0.382;7.288,3.974,0.431;10.341,1.594,1.277;19.506,12.205,0.316;19.617,15.458,0.285;14.317,8.164,0.285;2.365,18.859,0.351;14.189,11.973,1.329;13.490,14.516,1.086;12.545,13.736,1.026;18.102,11.068,0.351;11.388,16.307,0.431;2.960,12.039,1.245;7.017,4.180,2.098;3.118,13.109,0.771;8.750,14.656,0.293;12.054,15.768,0.340;6.525,14.215,2.145;18.779,11.767,1.747;2.514,1.369,0.425;17.179,11.793,0.662;3.419,1.387,1.237;16.737,3.377,0.319;8.526,9.392,0.816;6.185,17.996,0.315;15.205,3.276,0.387;13.718,9.006,1.672;9.759,14.760,0.817;6.998,9.793,1.267;8.603,3.362,1.204;18.237,12.002,1.803;5.279,17.177,2.469"
16,drone_1,15.7511,4.9326,17.0000,17.0000,"2.347,9.515,0.494;18.301,13.223,1.046;6.689,15.596,2.085;17.102,11.298,0.427;8.172,10.967,1.213;8.788,15.372,0.923;2.199,2.005,0.957;19.010,8.298,0.361;2.280,15.513,1.948;13.374,18.274,0.268;13.316,14.508,0.289;0.568,6.095,0.938;3.098,6.163,0.425;6.816,5.317,0.491;4.424,6.165,1.061;4.055,14.203,1.145;2.339,3.335,2.092;7.811,18.921,0.744;8.652,19.088,0.420;5.921,10.282,0.492;2.431,19.156,0.228;2.185,15.073,2.027;11.957,10.604,0.939;19.649,6.620,0.472;11.281,7.869,0.382;7.288,3.974,0.431;10.341,1.594,1.277;19.506,12.205,0.316;19.617,15.458,0.285;14.317,8.164,0.285;2.365,18.859,0.351;14.189,11.973,1.329;13.490,14.516,1.086;12.545,13.736,1.026;18.102,11.068,0.351;11.388,16.307,0.431;2.960,12.039,1.245;7.017,4.180,2.098;3.118,13.109,0.771;8.750,14.656,0.293;12.054,15.768,0.340;6.525,14.215,2.145;18.779,11.767,1.747;2.514,1.369,0.425;17.179,11.793,0.662;3.419,1.387,1.237;16.737,3.377,0.319;8.526,9.392,0.816;6.185,17.996,0.315;15.205,3.276,0.387;13.718,9.006,1.672;9.759,14.760,0.817;6.998,9.793,1.267;8.603,3.362,1.204;18.237,12.002,1.803;5.279,17.177,2.469"
16,drone_2,14.9113,6.6013,17.0000,17.0000,"2.347,9.515,0.494;18.301,13.223,1.046;6.689,15.596,2.085;17.102,11.298,0.427;8.172,10.967,1.213;8.788,15.372,0.923;2.199,2.005,0.957;19.010,8.298,0.361;2.280,15.513,1.948;13.374,18.274,0.268;13.316,14.508,0.289;0.568,6.095,0.938;3.098,6.163,0.425;6.816,5.317,0.491;4.424,6.165,1.061;4.055,14.203,1.145;2.339,3.335,2.092;7.811,18.921,0.744;8.652,19.088,0.420;5.921,10.282,0.492;2.431,19.156,0.228;2.185,15.073,2.027;11.957,10.604,0.939;19.649,6.620,0.472;11.281,7.869,0.382;7.288,3.974,0.431;10.341,1.594,1.277;19.506,12.205,0.316;19.617,15.458,0.285;14.317,8.164,0.285;2.365,18.859,0.351;14.189,11.973,1.329;13.490,14.516,1.086;12.545,13.736,1.026;18.102,11.068,0.351;11.388,16.307,0.431;2.960,12.039,1.245;7.017,4.180,2.098;3.118,13.109,0.771;8.750,14.656,0.293;12.054,15.768,0.340;6.525,14.215,2.145;18.779,11.767,1.747;2.514,1.369,0.425;17.179,11.793,0.662;3.419,1.387,1.237;16.737,3.377,0.319;8.526,9.392,0.816;6.185,17.996,0.315;15.205,3.276,0.387;13.718,9.006,1.672;9.759,14.760,0.817;6.998,9.793,1.267;8.603,3.362,1.204;18.237,12.002,1.803;5.279,17.177,2.469"
16,drone_3,13.6235,5.0049,17.0000,17.0000,"2.347,9.515,0.494;18.301,13.223,1.046;6.689,15.596,2.085;17.102,11.298,0.427;8.172,10.967,1.213;8.788,15.372,0.923;2.199,2.005,0.957;19.010,8.298,0.361;2.280,15.513,1.948;13.374,18.274,0.268;13.316,14.508,0.289;0.568,6.095,0.938;3.098,6.163,0.425;6.816,5.317,0.491;4.424,6.165,1.061;4.055,14.203,1.145;2.339,3.335,2.092;7.811,18.921,0.744;8.652,19.088,0.420;5.921,10.282,0.492;2.431,19.156,0.228;2.185,15.073,2.027;11.957,10.604,0.939;19.649,6.620,0.472;11.281,7.869,0.382;7.288,3.974,0.431;10.341,1.594,1.277;19.506,12.205,0.316;19.617,15.458,0.285;14.317,8.164,0.285;2.365,18.859,0.351;14.189,11.973,1.329;13.490,14.516,1.086;12.545,13.736,1.026;18.102,11.068,0.351;11.388,16.307,0.431;2.960,12.039,1.245;7.017,4.180,2.098;3.118,13.109,0.771;8.750,14.656,0.293;12.054,15.768,0.340;6.525,14.215,2.145;18.779,11.767,1.747;2.514,1.369,0.425;17.179,11.793,0.662;3.419,1.387,1.237;16.737,3.377,0.319;8.526,9.392,0.816;6.185,17.996,0.315;15.205,3.276,0.387;13.718,9.006,1.672;9.759,14.760,0.817;6.998,9.793,1.267;8.603,3.362,1.204;18.237,12.002,1.803;5.279,17.177,2.469"
16,drone_4,16.2443,5.3117,17.0000,17.0000,"2.347,9.515,0.494;18.301,13.223,1.046;6.689,15.596,2.085;17.102,11.298,0.427;8.172,10.967,1.213;8.788,15.372,0.923;2.199,2.005,0.957;19.010,8.298,0.361;2.280,15.513,1.948;13.374,18.274,0.268;13.316,14.508,0.289;0.568,6.095,0.938;3.098,6.163,0.425;6.816,5.317,0.491;4.424,6.165,1.061;4.055,14.203,1.145;2.339,3.335,2.092;7.811,18.921,0.744;8.652,19.088,0.420;5.921,10.282,0.492;2.431,19.156,0.228;2.185,15.073,2.027;11.957,10.604,0.939;19.649,6.620,0.472;11.281,7.869,0.382;7.288,3.974,0.431;10.341,1.594,1.277;19.506,12.205,0.316;19.617,15.458,0.285;14.317,8.164,0.285;2.365,18.859,0.351;14.189,11.973,1.329;13.490,14.516,1.086;12.545,13.736,1.026;18.102,11.068,0.351;11.388,16.307,0.431;2.960,12.039,1.245;7.017,4.180,2.098;3.118,13.109,0.771;8.750,14.656,0.293;12.054,15.768,0.340;6.525,14.215,2.145;18.779,11.767,1.747;2.514,1.369,0.425;17.179,11.793,0.662;3.419,1.387,1.237;16.737,3.377,0.319;8.526,9.392,0.816;6.185,17.996,0.315;15.205,3.276,0.387;13.718,9.006,1.672;9.759,14.760,0.817;6.998,9.793,1.267;8.603,3.362,1.204;18.237,12.002,1.803;5.279,17.177,2.469"
16,drone_5,14.7726,5.4994,17.0000,17.0000,"2.347,9.515,0.494;18.301,13.223,1.046;6.689,15.596,2.085;17.102,11.298,0.427;8.172,10.967,1.213;8.788,15.372,0.923;2.199,2.005,0.957;19.010,8.298,0.361;2.280,15.513,1.948;13.374,18.274,0.268;13.316,14.508,0.289;0.568,6.095,0.938;3.098,6.163,0.425;6.816,5.317,0.491;4.424,6.165,1.061;4.055,14.203,1.145;2.339,3.335,2.092;7.811,18.921,0.744;8.652,19.088,0.420;5.921,10.282,0.492;2.431,19.156,0.228;2.185,15.073,2.027;11.957,10.604,0.939;19.649,6.620,0.472;11.281,7.869,0.382;7.288,3.974,0.431;10.341,1.594,1.277;19.506,12.205,0.316;19.617,15.458,0.285;14.317,8.164,0.285;2.365,18.859,0.351;14.189,11.973,1.329;13.490,14.516,1.086;12.545,13.736,1.026;18.102,11.068,0.351;11.388,16.307,0.431;2.960,12.039,1.245;7.017,4.180,2.098;3.118,13.109,0.771;8.750,14.656,0.293;12.054,15.768,0.340;6.525,14.215,2.145;18.779,11.767,1.747;2.514,1.369,0.425;17.179,11.793,0.662;3.419,1.387,1.237;16.737,3.377,0.319;8.526,9.392,0.816;6.185,17.996,0.315;15.205,3.276,0.387;13.718,9.006,1.672;9.759,14.760,0.817;6.998,9.793,1.267;8.603,3.362,1.204;18.237,12.002,1.803;5.279,17.177,2.469"
16,drone_6,16.0026,6.3106,17.0000,17.0000,"2.347,9.515,0.494;18.301,13.223,1.046;6.689,15.596,2.085;17.102,11.298,0.427;8.172,10.967,1.213;8.788,15.372,0.923;2.199,2.005,0.957;19.010,8.298,0.361;2.280,15.513,1.948;13.374,18.274,0.268;13.316,14.508,0.289;0.568,6.095,0.938;3.098,6.163,0.425;6.816,5.317,0.491;4.424,6.165,1.061;4.055,14.203,1.145;2.339,3.335,2.092;7.811,18.921,0.744;8.652,19.088,0.420;5.921,10.282,0.492;2.431,19.156,0.228;2.185,15.073,2.027;11.957,10.604,0.939;19.649,6.620,0.472;11.281,7.869,0.382;7.288,3.974,0.431;10.341,1.594,1.277;19.506,12.205,0.316;19.617,15.458,0.285;14.317,8.164,0.285;2.365,18.859,0.351;14.189,11.973,1.329;13.490,14.516,1.086;12.545,13.736,1.026;18.102,11.068,0.351;11.388,16.307,0.431;2.960,12.039,1.245;7.017,4.180,2.098;3.118,13.109,0.771;8.750,14.656,0.293;12.054,15.768,0.340;6.525,14.215,2.145;18.779,11.767,1.747;2.514,1.369,0.425;17.179,11.793,0.662;3.419,1.387,1.237;16.737,3.377,0.319;8.526,9.392,0.816;6.185,17.996,0.315;15.205,3.276,0.387;13.718,9.006,1.672;9.759,14.760,0.817;6.998,9.793,1.267;8.603,3.362,1.204;18.237,12.002,1.803;5.279,17.177,2.469"
16,drone_7,14.3862,7.1108,17.0000,17.0000,"2.347,9.515,0.494;18.301,13.223,1.046;6.689,15.596,2.085;17.102,11.298,0.427;8.172,10.967,1.213;8.788,15.372,0.923;2.199,2.005,0.957;19.010,8.298,0.361;2.280,15.513,1.948;13.374,18.274,0.268;13.316,14.508,0.289;0.568,6.095,0.938;3.098,6.163,0.425;6.816,5.317,0.491;4.424,6.165,1.061;4.055,14.203,1.145;2.339,3.335,2.092;7.811,18.921,0.744;8.652,19.088,0.420;5.921,10.282,0.492;2.431,19.156,0.228;2.185,15.073,2.027;11.957,10.604,0.939;19.649,6.620,0.472;11.281,7.869,0.382;7.288,3.974,0.431;10.341,1.594,1.277;19.506,12.205,0.316;19.617,15.458,0.285;14.317,8.164,0.285;2.365,18.859,0.351;14.189,11.973,1.329;13.490,14.516,1.086;12.545,13.736,1.026;18.102,11.068,0.351;11.388,16.307,0.431;2.960,12.039,1.245;7.017,4.180,2.098;3.118,13.109,0.771;8.750,14.656,0.293;12.054,15.768,0.340;6.525,14.215,2.145;18.779,11.767,1.747;2.514,1.369,0.425;17.179,11.793,0.662;3.419,1.387,1.237;16.737,3.377,0.319;8.526,9.392,0.816;6.185,17.996,0.315;15.205,3.276,0.387;13.718,9.006,1.672;9.759,14.760,0.817;6.998,9.793,1.267;8.603,3.362,1.204;18.237,12.002,1.803;5.279,17.177,2.469"
16,drone_8,16.3561,4.5865,17.0000,17.0000,"2.347,9.515,0.494;18.301,13.223,1.046;6.689,15.596,2.085;17.102,11.298,0.427;8.172,10.967,1.213;8.788,15.372,0.923;2.199,2.005,0.957;19.010,8.298,0.361;2.280,15.513,1.948;13.374,18.274,0.268;13.316,14.508,0.289;0.568,6.095,0.938;3.098,6.163,0.425;6.816,5.317,0.491;4.424,6.165,1.061;4.055,14.203,1.145;2.339,3.335,2.092;7.811,18.921,0.744;8.652,19.088,0.420;5.921,10.282,0.492;2.431,19.156,0.228;2.185,15.073,2.027;11.957,10.604,0.939;19.649,6.620,0.472;11.281,7.869,0.382;7.288,3.974,0.431;10.341,1.594,1.277;19.506,12.205,0.316;19.617,15.458,0.285;14.317,8.164,0.285;2.365,18.859,0.351;14.189,11.973,1.329;13.490,14.516,1.086;12.545,13.736,1.026;18.102,11.068,0.351;11.388,16.307,0.431;2.960,12.039,1.245;7.017,4.180,2.098;3.118,13.109,0.771;8.750,14.656,0.293;12.054,15.768,0.340;6.525,14.215,2.145;18.779,11.767,1.747;2.514,1.369,0.425;17.179,11.793,0.662;3.419,1.387,1.237;16.737,3.377,0.319;8.526,9.392,0.816;6.185,17.996,0.315;15.205,3.276,0.387;13.718,9.006,1.672;9.759,14.760,0.817;6.998,9.793,1.267;8.603,3.362,1.204;18.237,12.002,1.803;5.279,17.177,2.469"
16,drone_9,14.9617,5.0383,17.0000,17.0000,"2.347,9.515,0.494;18.301,13.223,1.046;6.689,15.596,2.085;17.102,11.298,0.427;8.172,10.967,1.213;8.788,15.372,0.923;2.199,2.005,0.957;19.010,8.298,0.361;2.280,15.513,1.948;13.374,18.274,0.268;13.316,14.508,0.289;0.568,6.095,0.938;3.098,6.163,0.425;6.816,5.317,0.491;4.424,6.165,1.061;4.055,14.203,1.145;2.339,3.335,2.092;7.811,18.921,0.744;8.652,19.088,0.420;5.921,10.282,0.492;2.431,19.156,0.228;2.185,15.073,2.027;11.957,10.604,0.939;19.649,6.620,0.472;11.281,7.869,0.382;7.288,3.974,0.431;10.341,1.594,1.277;19.506,12.205,0.316;19.617,15.458,0.285;14.317,8.164,0.285;2.365,18.859,0.351;14.189,11.973,1.329;13.490,14.516,1.086;12.545,13.736,1.026;18.102,11.068,0.351;11.388,16.307,0.431;2.960,12.039,1.245;7.017,4.180,2.098;3.118,13.109,0.771;8.750,14.656,0.293;12.054,15.768,0.340;6.525,14.215,2.145;18.779,11.767,1.747;2.514,1.369,0.425;17.179,11.793,0.662;3.419,1.387,1.237;16.737,3.377,0.319;8.526,9.392,0.816;6.185,17.996,0.315;15.205,3.276,0.387;13.718,9.006,1.672;9.759,14.760,0.817;6.998,9.793,1.267;8.603,3.362,1.204;18.237,12.002,1.803;5.279,17.177,2.469"
17,drone_0,14.2622,6.1699,17.0000,17.0000,"2.347,9.515,0.494;18.301,13.223,1.046;6.689,15.596,2.085;17.102,11.298,0.427;8.172,10.967,1.213;8.788,15.372,0.923;2.199,2.005,0.957;19.010,8.298,0.361;2.280,15.513,1.948;13.374,18.274,0.268;13.316,14.508,0.289;0.568,6.095,0.938;3.098,6.163,0.425;6.816,5.317,0.491;4.424,6.165,1.061;4.055,14.203,1.145;2.339,3.335,2.092;7.811,18.921,0.744;8.652,19.088,0.420;5.921,10.282,0.492;2.431,19.156,0.228;2.185,15.073,2.027;11.957,10.604,0.939;19.649,6.620,0.472;11.281,7.869,0.382;7.288,3.974,0.431;10.341,1.594,1.277;19.506,12.205,0.316;19.617,15.458,0.285;14.317,8.164,0.285;2.365,18.859,0.351;14.189,11.973,1.329;13.490,14.516,1.086;12.545,13.736,1.026;18.102,11.068,0.351;11.388,16.307,0.431;2.960,12.039,1.245;7.017,4.180,2.098;3.118,13.109,0.771;8.750,14.656,0.293;12.054,15.768,0.340;6.525,14.215,2.145;18.779,11.767,1.747;2.514,1.369,0.425;17.179,11.793,0.662;3.419,1.387,1.237;16.737,3.377,0.319;8.526,9.392,0.816;6.185,17.996,0.315;15.205,3.276,0.387;13.718,9.006,1.672;9.759,14.760,0.817;6.998,9.793,1.267;8.603,3.362,1.204;18.237,12.002,1.803;5.279,17.177,2.469"
17,drone_1,15.9408,4.9961,17.0000,17.0000,"2.347,9.515,0.494;18.301,13.223,1.046;6.689,15.596,2.085;17.102,11.298,0.427;8.172,10.967,1.213;8.788,15.372,0.923;2.199,2.005,0.957;19.010,8.298,0.361;2.280,15.513,1.948;13.374,18.274,0.268;13.316,14.508,0.289;0.568,6.095,0.938;3.098,6.163,0.425;6.816,5.317,0.491;4.424,6.165,1.061;4.055,14.203,1.145;2.339,3.335,2.092;7.811,18.921,0.744;8.652,19.088,0.420;5.921,10.282,0.492;2.431,19.156,0.228;2.185,15.073,2.027;11.957,10.604,0.939;19.649,6.620,0.472;11.281,7.869,0.382;7.288,3.974,0.431;10.341,1.594,1.277;19.506,12.205,0.316;19.617,15.458,0.285;14.317,8.164,0.285;2.365,18.859,0.351;14.189,11.973,1.329;13.490,14.516,1.086;12.545,13.736,1.026;18.102,11.068,0.351;11.388,16.307,0.431;2.960,12.039,1.245;7.017,4.180,2.098;3.118,13.109,0.771;8.750,14.656,0.293;12.054,15.768,0.340;6.525,14.215,2.145;18.779,11.767,1.747;2.514,1.369,0.425;17.179,11.793,0.662;3.419,1.387,1.237;16.737,3.377,0.319;8.526,9.392,0.816;6.185,17.996,0.315;15.205,3.276,0.387;13.718,9.006,1.672;9.759,14.760,0.817;6.998,9.793,1.267;8.603,3.362,1.204;18.237,12.002,1.803;5.279,17.177,2.469"
17,drone_2,15.1089,6.6323,17.0000,17.0000,"2.347,9.515,0.494;18.301,13.223,1.046;6.689,15.596,2.085;17.102,11.298,0.427;8.172,10.967,1.213;8.788,15.372,0.923;2.199,2.005,0.957;19.010,8.298,0.361;2.280,15.513,1.948;13.374,18.274,0.268;13.316,14.508,0.289;0.568,6.095,0.938;3.098,6.163,0.425;6.816,5.317,0.491;4.424,6.165,1.061;4.055,14.203,1.145;2.339,3.335,2.092;7.811,18.921,0.744;8.652,19.088,0.420;5.921,10.282,0.492;2.431,19.156,0.228;2.185,15.073,2.027;11.957,10.604,0.939;19.649,6.620,0.472;11.281,7.869,0.382;7.288,3.974,0.431;10.341,1.594,1.277;19.506,12.205,0.316;19.617,15.458,0.285;14.317,8.164,0.285;2.365,18.859,0.351;14.189,11.973,1.329;13.490,14.516,1.086;12.545,13.736,1.026;18.102,11.068,0.351;11.388,16.307,0.431;2.960,12.039,1.245;7.017,4.180,2.098;3.118,13.109,0.771;8.750,14.656,0.293;12.054,15.768,0.340;6.525,14.215,2.145;18.779,11.767,1.747;2.514,1.369,0.425;17.179,11.793,0.662;3.419,1.387,1.237;16.737,3.377,0.319;8.526,9.392,0.816;6.185,17.996,0.315;15.205,3.276,0.387;13.718,9.006,1.672;9.759,14.760,0.817;6.998,9.793,1.267;8.603,3.362,1.204;18.237,12.002,1.803;5.279,17.177,2.469"
17,drone_3,13.6875,5.1002,17.0000,17.0000,"2.347,9.515,0.494;18.301,13.223,1.046;6.689,15.596,2.085;17.102,11.298,0.427;8.172,10.967,1.213;8.788,15.372,0.923;2.199,2.005,0.957;19.010,8.298,0.361;2.280,15.513,1.948;13.374,18.274,0.268;13.316,14.508,0.289;0.568,6.095,0.938;3.098,6.163,0.425;6.816,5.317,0.491;4.424,6.165,1.061;4.055,14.203,1.145;2.339,3.335,2.092;7.811,18.921,0.744;8.652,19.088,0.420;5.921,10.282,0.492;2.431,19.156,0.228;2.185,15.073,2.027;11.957,10.604,0.939;19.649,6.620,0.472;11.281,7.869,0.382;7.288,3.974,0.431;10.341,1.594,1.277;19.506,12.205,0.316;19.617,15.458,0.285;14.317,8.164,0.285;2.365,18.859,0.351;14.189,11.973,1.329;13.490,14.516,1.086;12.545,13.736,1.026;18.102,11.068,0.351;11.388,16.307,0.431;2.960,12.039,1.245;7.017,4.180,2.098;3.118,13.109,0.771;8.750,14.656,0.293;12.054,15.768,0.340;6.525,14.215,2.145;18.779,11.767,1.747;2.514,1.369,0.425;17.179,11.793,0.662;3.419,1.387,1.237;16.737,3.377,0.319;8.526,9.392,0.816;6.185,17.996,0.315;15.205,3.276,0.387;13.718,9.006,1.672;9.759,14.760,0.817;6.998,9.793,1.267;8.603,3.362,1.204;18.237,12.002,1.803;5.279,17.177,2.469"
17,drone_4,16.4439,5.2993,17.0000,17.0000,"2.347,9.515,0.494;18.301,13.223,1.046;6.689,15.596,2.085;17.102,11.298,0.427;8.172,10.967,1.213;8.788,15.372,0.923;2.199,2.005,0.957;19.010,8.298,0.361;2.280,15.513,1.948;13.374,18.274,0.268;13.316,14.508,0.289;0.568,6.095,0.938;3.098,6.163,0.425;6.816,5.317,0.491;4.424,6.165,1.061;4.055,14.203,1.145;2.339,3.335,2.092;7.811,18.921,0.744;8.652,19.088,0.420;5.921,10.282,0.492;2.431,19.156,0.228;2.185,15.073,2.027;11.957,10.604,0.939;19.649,6.620,0.472;11.281,7.869,0.382;7.288,3.974,0.431;10.341,1.594,1.277;19.506,12.205,0.316;19.617,15.458,0.285;14.317,8.164,0.285;2.365,18.859,0.351;14.189,11.973,1.329;13.490,14.516,1.086;12.545,13.736,1.026;18.102,11.068,0.351;11.388,16.307,0.431;2.960,12.039,1.245;7.017,4.180,2.098;3.118,13.109,0.771;8.750,14.656,0.293;12.054,15.768,0.340;6.525,14.215,2.145;18.779,11.767,1.747;2.514,1.369,0.425;17.179,11.793,0.662;3.419,1.387,1.237;16.737,3.377,0.319;8.526,9.392,0.816;6.185,17.996,0.315;15.205,3.276,0.387;13.718,9.006,1.672;9.759,14.760,0.817;6.998,9.793,1.267;8.603,3.362,1.204;18.237,12.002,1.803;5.279,17.177,2.469"
17,drone_5,14.9694,5.5351,17.0000,17.0000,"2.347,9.515,0.494;18.301,13.223,1.046;6.689,15.596,2.085;17.102,11.298,0.427;8.172,10.967,1.213;8.788,15.372,0.923;2.199,2.005,0.957;19.010,8.298,0.361;2.280,15.513,1.948;13.374,18.274,0.268;13.316,14.508,0.289;0.568,6.095,0.938;3.098,6.163,0.425;6.816,5.317,0.491;4.424,6.165,1.061;4.055,14.203,1.145;2.339,3.335,2.092;7.811,18.921,0.744;8.652,19.088,0.420;5.921,10.282,0.492;2.431,19.156,0.228;2.185,15.073,2.027;11.957,10.604,0.939;19.649,6.620,0.472;11.281,7.869,0.382;7.288,3.974,0.431;10.341,1.594,1.277;19.506,12.205,0.316;19.617,15.458,0.285;14.317,8.164,0.285;2.365,18.859,0.351;14.189,11.973,1.329;13.490,14.516,1.086;12.545,13.736,1.026;18.102,11.068,0.351;11.388,16.307,0.431;2.960,12.039,1.245;7.017,4.180,2.098;3.118,13.109,0.771;8.750,14.656,0.293;12.054,15.768,0.340;6.525,14.215,2.145;18.779,11.767,1.747;2.514,1.369,0.425;17.179,11.793,0.662;3.419,1.387,1.237;16.737,3.377,0.319;8.526,9.392,0.816;6.185,17.996,0.315;15.205,3.276,0.387;13.718,9.006,1.672;9.759,14.760,0.817;6.998,9.793,1.267;8.603,3.362,1.204;18.237,12.002,1.803;5.279,17.177,2.469"
17,drone_6,16.2025,6.3143,17.0000,17.0000,"2.347,9.515,0.494;18.301,13.223,1.046;6.689,15.596,2.085;17.102,11.298,0.427;8.172,10.967,1.213;8.788,15.372,0.923;2.199,2.005,0.957;19.010,8.298,0.361;2.280,15.513,1.948;13.374,18.274,0.268;13.316,14.508,0.289;0.568,6.095,0.938;3.098,6.163,0.425;6.816,5.317,0.491;4.424,6.165,1.061;4.055,14.203,1.145;2.339,3.335,2.092;7.811,18.921,0.744;8.652,19.088,0.420;5.921,10.282,0.492;2.431,19.156,0.228;2.185,15.073,2.027;11.957,10.604,0.939;19.649,6.620,0.472;11.281,7.869,0.382;7.288,3.974,0.431;10.341,1.594,1.277;19.506,12.205,0.316;19.617,15.458,0.285;14.317,8.164,0.285;2.365,18.859,0.351;14.189,11.973,1.329;13.490,14.516,1.086;12.545,13.736,1.026;18.102,11.068,0.351;11.388,16.307,0.431;2.960,12.039,1.245;7.017,4.180,2.098;3.118,13.109,0.771;8.750,14.656,0.293;12.054,15.768,0.340;6.525,14.215,2.145;18.779,11.767,1.747;2.514,1.369,0.425;17.179,11.793,0.662;3.419,1.387,1.237;16.737,3.377,0.319;8.526,9.392,0.816;6.185,17.996,0.315;15.205,3.276,0.387;13.718,9.006,1.672;9.759,14.760,0.817;6.998,9.793,1.267;8.603,3.362,1.204;18.237,12.002,1.803;5.279,17.177,2.469"
17,drone_7,14.5847,7.1353,17.0000,17.0000,"2.347,9.515,0.494;18.301,13.223,1.046;6.689,15.596,2.085;17.102,11.298,0.427;8.172,10.967,1.213;8.788,15.372,0.923;2.199,2.005,0.957;19.010,8.298,0.361;2.280,15.513,1.948;13.374,18.274,0.268;13.316,14.508,0.289;0.568,6.095,0.938;3.098,6.163,0.425;6.816,5.317,0.491;4.424,6.165,1.061;4.055,14.203,1.145;2.339,3.335,2.092;7.811,18.921,0.744;8.652,19.088,0.420;5.921,10.282,0.492;2.431,19.156,0.228;2.185,15.073,2.027;11.957,10.604,0.939;19.649,6.620,0.472;11.281,7.869,0.382;7.288,3.974,0.431;10.341,1.594,1.277;19.506,12.205,0.316;19.617,15.458,0.285;14.317,8.164,0.285;2.365,18.859,0.351;14.189,11.973,1.329;13.490,14.516,1.086;12.545,13.736,1.026;18.102,11.068,0.351;11.388,16.307,0.431;2.960,12.039,1.245;7.017,4.180,2.098;3.118,13.109,0.771;8.750,14.656,0.293;12.054,15.768,0.340;6.525,14.215,2.145;18.779,11.767,1.747;2.514,1.369,0.425;17.179,11.793,0.662;3.419,1.387,1.237;16.737,3.377,0.319;8.526,9.392,0.816;6.185,17.996,0.315;15.205,3.276,0.387;13.718,9.006,1.672;9.759,14.760,0.817;6.998,9.793,1.267;8.603,3.362,1.204;18.237,12.002,1.803;5.279,17.177,2.469"
17,drone_8,16.5558,4.5966,17.0000,17.0000,"2.347,9.515,0.494;18.301,13.223,1.046;6.689,15.596,2.085;17.102,11.298,0.427;8.172,10.967,1.213;8.788,15.372,0.923;2.199,2.005,0.957;19.010,8.298,0.361;2.280,15.513,1.948;13.374,18.274,0.268;13.316,14.508,0.289;0.568,6.095,0.938;3.098,6.163,0.425;6.816,5.317,0.491;4.424,6.165,1.061;4.055,14.203,1.145;2.339,3.335,2.092;7.811,18.921,0.744;8.652,19.088,0.420;5.921,10.282,0.492;2.431,19.156,0.228;2.185,15.073,2.027;11.957,10.604,0.939;19.649,6.620,0.472;11.281,7.869,0.382;7.288,3.974,0.431;10.341,1.594,1.277;19.506,12.205,0.316;19.617,15.458,0.285;14.317,8.164,0.285;2.365,18.859,0.351;14.189,11.973,1.329;13.490,14.516,1.086;12.545,13.736,1.026;18.102,11.068,0.351;11.388,16.307,0.431;2.960,12.039,1.245;7.017,4.180,2.098;3.118,13.109,0.771;8.750,14.656,0.293;12.054,15.768,0.340;6.525,14.215,2.145;18.779,11.767,1.747;2.514,1.369,0.425;17.179,11.793,0.662;3.419,1.387,1.237;16.737,3.377,0.319;8.526,9.392,0.816;6.185,17.996,0.315;15.205,3.276,0.387;13.718,9.006,1.672;9.759,14.760,0.817;6.998,9.793,1.267;8.603,3.362,1.204;18.237,12.002,1.803;5.279,17.177,2.469"
17,drone_9,15.1585,5.0739,17.0000,17.0000,"2.347,9.515,0.494;18.301,13.223,1.046;6.689,15.596,2.085;17.102,11.298,0.427;8.172,10.967,1.213;8.788,15.372,0.923;2.199,2.005,0.957;19.010,8.298,0.361;2.280,15.513,1.948;13.374,18.274,0.268;13.316,14.508,0.289;0.568,6.095,0.938;3.098,6.163,0.425;6.816,5.317,0.491;4.424,6.165,1.061;4.055,14.203,1.145;2.339,3.335,2.092;7.811,18.921,0.744;8.652,19.088,0.420;5.921,10.282,0.492;2.431,19.156,0.228;2.185,15.073,2.027;11.957,10.604,0.939;19.649,6.620,0.472;11.281,7.869,0.382;7.288,3.974,0.431;10.341,1.594,1.277;19.506,12.205,0.316;19.617,15.458,0.285;14.317,8.164,0.285;2.365,18.859,0.351;14.189,11.973,1.329;13.490,14.516,1.086;12.545,13.736,1.026;18.102,11.068,0.351;11.388,16.307,0.431;2.960,12.039,1.245;7.017,4.180,2.098;3.118,13.109,0.771;8.750,14.656,0.293;12.054,15.768,0.340;6.525,14.215,2.145;18.779,11.767,1.747;2.514,1.369,0.425;17.179,11.793,0.662;3.419,1.387,1.237;16.737,3.377,0.319;8.526,9.392,0.816;6.185,17.996,0.315;15.205,3.276,0.387;13.718,9.006,1.672;9.759,14.760,0.817;6.998,9.793,1.267;8.603,3.362,1.204;18.237,12.002,1.803;5.279,17.177,2.469"
18,drone_0,14.4556,6.2209,17.0000,17.0000,"2.347,9.515,0.494;18.301,13.223,1.046;6.689,15.596,2.085;17.102,11.298,0.427;8.172,10.967,1.213;8.788,15.372,0.923;2.199,2.005,0.957;19.010,8.298,0.361;2.280,15.513,1.948;13.374,18.274,0.268;13.316,14.508,0.289;0.568,6.095,0.938;3.098,6.163,0.425;6.816,5.317,0.491;4.424,6.165,1.061;4.055,14.203,1.145;2.339,3.335,2.092;7.811,18.921,0.744;8.652,19.088,0.420;5.921,10.282,0.492;2.431,19.156,0.228;2.185,15.073,2.027;11.957,10.604,0.939;19.649,6.620,0.472;11.281,7.869,0.382;7.288,3.974,0.431;10.341,1.594,1.277;19.506,12.205,0.316;19.617,15.458,0.285;14.317,8.164,0.285;2.365,18.859,0.351;14.189,11.973,1.329;13.490,14.516,1.086;12.545,13.736,1.026;18.102,11.068,0.351;11.388,16.307,0.431;2.960,12.039,1.245;7.017,4.180,2.098;3.118,13.109,0.771;8.750,14.656,0.293;12.054,15.768,0.340;6.525,14.215,2.145;18.779,11.767,1.747;2.514,1.369,0.425;17.179,11.793,0.662;3.419,1.387,1.237;16.737,3.377,0.319;8.526,9.392,0.816;6.185,17.996,0.315;15.205,3.276,0.387;13.718,9.006,1.672;9.759,14.760,0.817;6.998,9.793,1.267;8.603,3.362,1.204;18.237,12.002,1.803;5.279,17.177,2.469"
18,drone_1,16.1251,5.0737,17.0000,17.0000,"2.347,9.515,0.494;18.301,13.223,1.046;6.689,15.596,2.085;17.102,11.298,0.427;8.172,10.967,1.213;8.788,15.372,0.923;2.199,2.005,0.957;19.010,8.298,0.361;2.280,15.513,1.948;13.374,18.274,0.268;13.316,14.508,0.289;0.568,6.095,0.938;3.098,6.163,0.425;6.816,5.317,0.491;4.424,6.165,1.061;4.055,14.203,1.145;2.339,3.335,2.092;7.811,18.921,0.744;8.652,19.088,0.420;5.921,10.282,0.492;2.431,19.156,0.228;2.185,15.073,2.027;11.957,10.604,0.939;19.649,6.620,0.472;11.281,7.869,0.382;7.288,3.974,0.431;10.341,1.594,1.277;19.506,12.205,0.316;19.617,15.458,0.285;14.317,8.164,0.285;2.365,18.859,0.351;14.189,11.973,1.329;13.490,14.516,1.086;12.545,13.736,1.026;18.102,11.068,0.351;11.388,16.307,0.431;2.960,12.039,1.245;7.017,4.180,2.098;3.118,13.109,0.771;8.750,14.656,0.293;12.054,15.768,0.340;6.525,14.215,2.145;18.779,11.767,1.747;2.514,1.369,0.425;17.179,11.793,0.662;3.419,1.387,1.237;16.737,3.377,0.319;8.526,9.392,0.816;6.185,17.996,0.315;15.205,3.276,0.387;13.718,9.006,1.672;9.759,14.760,0.817;6.998,9.793,1.267;8.603,3.362,1.204;18.237,12.002,1.803;5.279,17.177,2.469"
18,drone_2,15.3033,6.6792,17.0000,17.0000,"2.347,9.515,0.494;18.301,13.223,1.046;6.689,15.596,2.085;17.102,11.298,0.427;8.172,10.967,1.213;8.788,15.372,0.923;2.199,2.005,0.957;19.010,8.298,0.361;2.280,15.513,1.948;13.374,18.274,0.268;13.316,14.508,0.289;0.568,6.095,0.938;3.098,6.163,0.425;6.816,5.317,0.491;4.424,6.165,1.061;4.055,14.203,1.145;2.339,3.335,2.092;7.811,18.921,0.744;8.652,19.088,0.420;5.921,10.282,0.492;2.431,19.156,0.228;2.185,15.073,2.027;11.957,10.604,0.939;19.649,6.620,0.472;11.281,7.869,0.382;7.288,3.974,0.431;10.341,1.594,1.277;19.506,12.205,0.316;19.617,15.458,0.285;14.317,8.164,0.285;2.365,18.859,0.351;14.189,11.973,1.329;13.490,14.516,1.086;12.545,13.736,1.026;18.102,11.068,0.351;11.388,16.307,0.431;2.960,12.039,1.245;7.017,4.180,2.098;3.118,13.109,0.771;8.750,14.656,0.293;12.054,15.768,0.340;6.525,14.215,2.145;18.779,11.767,1.747;2.514,1.369,0.425;17.179,11.793,0.662;3.419,1.387,1.237;16.737,3.377,0.319;8.526,9.392,0.816;6.185,17.996,0.315;15.205,3.276,0.387;13.718,9.006,1.672;9.759,14.760,0.817;6.998,9.793,1.267;8.603,3.362,1.204;18.237,12.002,1.803;5.279,17.177,2.469"
18,drone_3,13.7328,5.2175,17.0000,17.0000,"2.347,9.515,0.494;18.301,13.223,1.046;6.689,15.596,2.085;17.102,11.298,0.427;8.172,10.967,1.213;8.788,15.372,0.923;2.199,2.005,0.957;19.010,8.298,0.361;2.280,15.513,1.948;13.374,18.274,0.268;13.316,14.508,0.289;0.568,6.095,0.938;3.098,6.163,0.425;6.816,5.317,0.491;4.424,6.165,1.061;4.055,14.203,1.145;2.339,3.335,2.092;7.811,18.921,0.744;8.652,19.088,0.420;5.921,10.282,0.492;2.431,19.156,0.228;2.185,15.073,2.027;11.957,10.604,0.939;19.649,6.620,0.472;11.281,7.869,0.382;7.288,3.974,0.431;10.341,1.594,1.277;19.506,12.205,0.316;19.617,15.458,0.285;14.317,8.164,0.285;2.365,18.859,0.351;14.189,11.973,1.329;13.490,14.516,1.086;12.545,13.736,1.026;18.102,11.068,0.351;11.388,16.307,0.431;2.960,12.039,1.245;7.017,4.180,2.098;3.118,13.109,0.771;8.750,14.656,0.293;12.054,15.768,0.340;6.525,14.215,2.145;18.779,11.767,1.747;2.514,1.369,0.425;17.179,11.793,0.662;3.419,1.387,1.237;16.737,3.377,0.319;8.526,9.392,0.816;6.185,17.996,0.315;15.205,3.276,0.387;13.718,9.006,1.672;9.759,14.760,0.817;6.998,9.793,1.267;8.603,3.362,1.204;18.237,12.002,1.803;5.279,17.177,2.469"
18,drone_4,16.6436,5.3113,17.0000,17.0000,"2.347,9.515,0.494;18.301,13.223,1.046;6.689,15.596,2.085;17.102,11.298,0.427;8.172,10.967,1.213;8.788,15.372,0.923;2.199,2.005,0.957;19.010,8.298,0.361;2.280,15.513,1.948;13.374,18.274,0.268;13.316,14.508,0.289;0.568,6.095,0.938;3.098,6.163,0.425;6.816,5.317,0.491;4.424,6.165,1.061;4.055,14.203,1.145;2.339,3.335,2.092;7.811,18.921,0.744;8.652,19.088,0.420;5.921,10.282,0.492;2.431,19.156,0.228;2.185,15.073,2.027;11.957,10.604,0.939;19.649,6.620,0.472;11.281,7.869,0.382;7.288,3.974,0.431;10.341,1.594,1.277;19.506,12.205,0.316;19.617,15.458,0.285;14.317,8.164,0.285;2.365,18.859,0.351;14.189,11.973,1.329;13.490,14.516,1.086;12.545,13.736,1.026;18.102,11.068,0.351;11.388,16.307,0.431;2.960,12.039,1.245;7.017,4.180,2.098;3.118,13.109,0.771;8.750,14.656,0.293;12.054,15.768,0.340;6.525,14.215,2.145;18.779,11.767,1.747;2.514,1.369,0.425;17.179,11.793,0.662;3.419,1.387,1.237;16.737,3.377,0.319;8.526,9.392,0.816;6.185,17.996,0.315;15.205,3.276,0.387;13.718,9.006,1.672;9.759,14.760,0.817;6.998,9.793,1.267;8.603,3.362,1.204;18.237,12.002,1.803;5.279,17.177,2.469"
18,drone_5,15.1638,5.5820,17.0000,17.0000,"2.347,9.515,0.494;18.301,13.223,1.046;6.689,15.596,2.085;17.102,11.298,0.427;8.172,10.967,1.213;8.788,15.372,0.923;2.199,2.005,0.957;19.010,8.298,0.361;2.280,15.513,1.948;13.374,18.274,0.268;13.316,14.508,0.289;0.568,6.095,0.938;3.098,6.163,0.425;6.816,5.317,0.491;4.424,6.165,1.061;4.055,14.203,1.145;2.339,3.335,2.092;7.811,18.921,0.744;8.652,19.088,0.420;5.921,10.282,0.492;2.431,19.156,0.228;2.185,15.073,2.027;11.957,10.604,0.939;19.649,6.620,0.472;11.281,7.869,0.382;7.288,3.974,0.431;10.341,1.594,1.277;19.506,12.205,0.316;19.617,15.458,0.285;14.317,8.164,0.285;2.365,18.859,0.351;14.189,11.973,1.329;13.490,14.516,1.086;12.545,13.736,1.026;18.102,11.068,0.351;11.388,16.307,0.431;2.960,12.039,1.245;7.017,4.180,2.098;3.118,13.109,0.771;8.750,14.656,0.293;12.054,15.768,0.340;6.525,14.215,2.145;18.779,11.767,1.747;2.514,1.369,0.425;17.179,11.793,0.662;3.419,1.387,1.237;16.737,3.377,0.319;8.526,9.392,0.816;6.185,17.996,0.315;15.205,3.276,0.387;13.718,9.006,1.672;9.759,14.760,0.817;6.998,9.793,1.267;8.603,3.362,1.204;18.237,12.002,1.803;5.279,17.177,2.469"
18,drone_6,16.4013,6.3366,17.0000,17.0000,"2.347,9.515,0.494;18.301,13.223,1.046;6.689,15.596,2.085;17.102,11.298,0.427;8.172,10.967,1.213;8.788,15.372,0.923;2.199,2.005,0.957;19.010,8.298,0.361;2.280,15.513,1.948;13.374,18.274,0.268;13.316,14.508,0.289;0.568,6.095,0.938;3.098,6.163,0.425;6.816,5.317,0.491;4.424,6.165,1.061;4.055,14.203,1.145;2.339,3.335,2.092;7.811,18.921,0.744;8.652,19.088,0.420;5.921,10.282,0.492;2.431,19.156,0.228;2.185,15.073,2.027;11.957,10.604,0.939;19.649,6.620,0.472;11.281,7.869,0.382;7.288,3.974,0.431;10.341,1.594,1.277;19.506,12.205,0.316;19.617,15.458,0.285;14.317,8.164,0.285;2.365,18.859,0.351;14.189,11.973,1.329;13.490,14.516,1.086;12.545,13.736,1.026;18.102,11.068,0.351;11.388,16.307,0.431;2.960,12.039,1.245;7.017,4.180,2.098;3.118,13.109,0.771;8.750,14.656,0.293;12.054,15.768,0.340;6.525,14.215,2.145;18.779,11.767,1.747;2.514,1.369,0.425;17.179,11.793,0.662;3.419,1.387,1.237;16.737,3.377,0.319;8.526,9.392,0.816;6.185,17.996,0.315;15.205,3.276,0.387;13.718,9.006,1.672;9.759,14.760,0.817;6.998,9.793,1.267;8.603,3.362,1.204;18.237,12.002,1.803;5.279,17.177,2.469"
18,drone_7,14.7812,7.1726,17.0000,17.0000,"2.347,9.515,0.494;18.301,13.223,1.046;6.689,15.596,2.085;17.102,11.298,0.427;8.172,10.967,1.213;8.788,15.372,0.923;2.199,2.005,0.957;19.010,8.298,0.361;2.280,15.513,1.948;13.374,18.274,0.268;13.316,14.508,0.289;0.568,6.095,0.938;3.098,6.163,0.425;6.816,5.317,0.491;4.424,6.165,1.061;4.055,14.203,1.145;2.339,3.335,2.092;7.811,18.921,0.744;8.652,19.088,0.420;5.921,10.282,0.492;2.431,19.156,0.228;2.185,15.073,2.027;11.957,10.604,0.939;19.649,6.620,0.472;11.281,7.869,0.382;7.288,3.974,0.431;10.341,1.594,1.277;19.506,12.205,0.316;19.617,15.458,0.285;14.317,8.164,0.285;2.365,18.859,0.351;14.189,11.973,1.329;13.490,14.516,1.086;12.545,13.736,1.026;18.102,11.068,0.351;11.388,16.307,0.431;2.960,12.039,1.245;7.017,4.180,2.098;3.118,13.109,0.771;8.750,14.656,0.293;12.054,15.768,0.340;6.525,14.215,2.145;18.779,11.767,1.747;2.514,1.369,0.425;17.179,11.793,0.662;3.419,1.387,1.237;16.737,3.377,0.319;8.526,9.392,0.816;6.185,17.996,0.315;15.205,3.276,0.387;13.718,9.006,1.672;9.759,14.760,0.817;6.998,9.793,1.267;8.603,3.362,1.204;18.237,12.002,1.803;5.279,17.177,2.469"
18,drone_8,16.7556,4.6061,17.0000,17.0000,"2.347,9.515,0.494;18.301,13.223,1.046;6.689,15.596,2.085;17.102,11.298,0.427;8.172,10.967,1.213;8.788,15.372,0.923;2.199,2.005,0.957;19.010,8.298,0.361;2.280,15.513,1.948;13.374,18.274,0.268;13.316,14.508,0.289;0.568,6.095,0.938;3.098,6.163,0.425;6.816,5.317,0.491;4.424,6.165,1.061;4.055,14.203,1.145;2.339,3.335,2.092;7.811,18.921,0.744;8.652,19.088,0.420;5.921,10.282,0.492;2.431,19.156,0.228;2.185,15.073,2.027;11.957,10.604,0.939;19.649,6.620,0.472;11.281,7.869,0.382;7.288,3.974,0.431;10.341,1.594,1.277;19.506,12.205,0.316;19.617,15.458,0.285;14.317,8.164,0.285;2.365,18.859,0.351;14.189,11.973,1.329;13.490,14.516,1.086;12.545,13.736,1.026;18.102,11.068,0.351;11.388,16.307,0.431;2.960,12.039,1.245;7.017,4.180,2.098;3.118,13.109,0.771;8.750,14.656,0.293;12.054,15.768,0.340;6.525,14.215,2.145;18.779,11.767,1.747;2.514,1.369,0.425;17.179,11.793,0.662;3.419,1.387,1.237;16.737,3.377,0.319;8.526,9.392,0.816;6.185,17.996,0.315;15.205,3.276,0.387;13.718,9.006,1.672;9.759,14.760,0.817;6.998,9.793,1.267;8.603,3.362,1.204;18.237,12.002,1.803;5.279,17.177,2.469"
18,drone_9,15.3521,5.1243,17.0000,17.0000,"2.347,9.515,0.494;18.301,13.223,1.046;6.689,15.596,2.085;17.102,11.298,0.427;8.172,10.967,1.213;8.788,15.372,0.923;2.199,2.005,0.957;19.010,8.298,0.361;2.280,15.513,1.948;13.374,18.274,0.268;13.316,14.508,0.289;0.568,6.095,0.938;3.098,6.163,0.425;6.816,5.317,0.491;4.424,6.165,1.061;4.055,14.203,1.145;2.339,3.335,2.092;7.811,18.921,0.744;8.652,19.088,0.420;5.921,10.282,0.492;2.431,19.156,0.228;2.185,15.073,2.027;11.957,10.604,0.939;19.649,6.620,0.472;11.281,7.869,0.382;7.288,3.974,0.431;10.341,1.594,1.277;19.506,12.205,0.316;19.617,15.458,0.285;14.317,8.164,0.285;2.365,18.859,0.351;14.189,11.973,1.329;13.490,14.516,1.086;12.545,13.736,1.026;18.102,11.068,0.351;11.388,16.307,0.431;2.960,12.039,1.245;7.017,4.180,2.098;3.118,13.109,0.771;8.750,14.656,0.293;12.054,15.768,0.340;6.525,14.215,2.145;18.779,11.767,1.747;2.514,1.369,0.425;17.179,11.793,0.662;3.419,1.387,1.237;16.737,3.377,0.319;8.526,9.392,0.816;6.185,17.996,0.315;15.205,3.276,0.387;13.718,9.006,1.672;9.759,14.760,0.817;6.998,9.793,1.267;8.603,3.362,1.204;18.237,12.002,1.803;5.279,17.177,2.469"
19,drone_0,14.6466,6.2803,17.0000,17.0000,"2.347,9.515,0.494;18.301,13.223,1.046;6.689,15.596,2.085;17.102,11.298,0.427;8.172,10.967,1.213;8.788,15.372,0.923;2.199,2.005,0.957;19.010,8.298,0.361;2.280,15.513,1.948;13.374,18.274,0.268;13.316,14.508,0.289;0.568,6.095,0.938;3.098,6.163,0.425;6.816,5.317,0.491;4.424,6.165,1.061;4.055,14.203,1.145;2.339,3.335,2.092;7.811,18.921,0.744;8.652,19.088,0.420;5.921,10.282,0.492;2.431,19.156,0.228;2.185,15.073,2.027;11.957,10.604,0.939;19.649,6.620,0.472;11.281,7.869,0.382;7.288,3.974,0.431;10.341,1.594,1.277;19.506,12.205,0.316;19.617,15.458,0.285;14.317,8.164,0.285;2.365,18.859,0.351;14.189,11.973,1.329;13.490,14.516,1.086;12.545,13.736,1.026;18.102,11.068,0.351;11.388,16.307,0.431;2.960,12.039,1.245;7.017,4.180,2.098;3.118,13.109,0.771;8.750,14.656,0.293;12.054,15.768,0.340;6.525,14.215,2.145;18.779,11.767,1.747;2.514,1.369,0.425;17.179,11.793,0.662;3.419,1.387,1.237;16.737,3.377,0.319;8.526,9.392,0.816;6.185,17.996,0.315;15.205,3.276,0.387;13.718,9.006,1.672;9.759,14.760,0.817;6.998,9.793,1.267;8.603,3.362,1.204;18.237,12.002,1.803;5.279,17.177,2.469"
19,drone_1,16.3052,5.1606,17.0000,17.0000,"2.347,9.515,0.494;18.301,13.223,1.046;6.689,15.596,2.085;17.102,11.298,0.427;8.172,10.967,1.213;8.788,15.372,0.923;2.199,2.005,0.957;19.010,8.298,0.361;2.280,15.513,1.948;13.374,18.274,0.268;13.316,14.508,0.289;0.568,6.095,0.938;3.098,6.163,0.425;6.816,5.317,0.491;4.424,6.165,1.061;4.055,14.203,1.145;2.339,3.335,2.092;7.811,18.921,0.744;8.652,19.088,0.420;5.921,10.282,0.492;2.431,19.156,0.228;2.185,15.073,2.027;11.957,10.604,0.939;19.649,6.620,0.472;11.281,7.869,0.382;7.288,3.974,0.431;10.341,1.594,1.277;19.506,12.205,0.316;19.617,15.458,0.285;14.317,8.164,0.285;2.365,18.859,0.351;14.189,11.973,1.329;13.490,14.516,1.086;12.545,13.736,1.026;18.102,11.068,0.351;11.388,16.307,0.431;2.960,12.039,1.245;7.017,4.180,2.098;3.118,13.109,0.771;8.750,14.656,0.293;12.054,15.768,0.340;6.525,14.215,2.145;18.779,11.767,1.747;2.514,1.369,0.425;17.179,11.793,0.662;3.419,1.387,1.237;16.737,3.377,0.319;8.526,9.392,0.816;6.185,17.996,0.315;15.205,3.276,0.387;13.718,9.006,1.672;9.759,14.760,0.817;6.998,9.793,1.267;8.603,3.362,1.204;18.237,12.002,1.803;5.279,17.177,2.469"
19,drone_2,15.4956,6.7344,17.0000,17.0000,"2.347,9.515,0.494;18.301,13.223,1.046;6.689,15.596,2.085;17.102,11.298,0.427;8.172,10.967,1.213;8.788,15.372,0.923;2.199,2.005,0.957;19.010,8.298,0.361;2.280,15.513,1.948;13.374,18.274,0.268;13.316,14.508,0.289;0.568,6.095,0.938;3.098,6.163,0.425;6.816,5.317,0.491;4.424,6.165,1.061;4.055,14.203,1.145;2.339,3.335,2.092;7.811,18.921,0.744;8.652,19.088,0.420;5.921,10.282,0.492;2.431,19.156,0.228;2.185,15.073,2.027;11.957,10.604,0.939;19.649,6.620,0.472;11.281,7.869,0.382;7.288,3.974,0.431;10.341,1.594,1.277;19.506,12.205,0.316;19.617,15.458,0.285;14.317,8.164,0.285;2.365,18.859,0.351;14.189,11.973,1.329;13.490,14.516,1.086;12.545,13.736,1.026;18.102,11.068,0.351;11.388,16.307,0.431;2.960,12.039,1.245;7.017,4.180,2.098;3.118,13.109,0.771;8.750,14.656,0.293;12.054,15.768,0.340;6.525,14.215,2.145;18.779,11.767,1.747;2.514,1.369,0.425;17.179,11.793,0.662;3.419,1.387,1.237;16.737,3.377,0.319;8.526,9.392,0.816;6.185,17.996,0.315;15.205,3.276,0.387;13.718,9.006,1.672;9.759,14.760,0.817;6.998,9.793,1.267;8.603,3.362,1.204;18.237,12.002,1.803;5.279,17.177,2.469"
19,drone_3,13.7577,5.3543,17.0000,17.0000,"2.347,9.515,0.494;18.301,13.223,1.046;6.689,15.596,2.085;17.102,11.298,0.427;8.172,10.967,1.213;8.788,15.372,0.923;2.199,2.005,0.957;19.010,8.298,0.361;2.280,15.513,1.948;13.374,18.274,0.268;13.316,14.508,0.289;0.568,6.095,0.938;3.098,6.163,0.425;6.816,5.317,0.491;4.424,6.165,1.061;4.055,14.203,1.145;2.339,3.335,2.092;7.811,18.921,0.744;8.652,19.088,0.420;5.921,10.282,0.492;2.431,19.156,0.228;2.185,15.073,2.027;11.957,10.604,0.939;19.649,6.620,0.472;11.281,7.869,0.382;7.288,3.974,0.431;10.341,1.594,1.277;19.506,12.205,0.316;19.617,15.458,0.285;14.317,8.164,0.285;2.365,18.859,0.351;14.189,11.973,1.329;13.490,14.516,1.086;12.545,13.736,1.026;18.102,11.068,0.351;11.388,16.307,0.431;2.960,12.039,1.245;7.017,4.180,2.098;3.118,13.109,0.771;8.750,14.656,0.293;12.054,15.768,0.340;6.525,14.215,2.145;18.779,11.767,1.747;2.514,1.369,0.425;17.179,11.793,0.662;3.419,1.387,1.237;16.737,3.377,0.319;8.526,9.392,0.816;6.185,17.996,0.315;15.205,3.276,0.387;13.718,9.006,1.672;9.759,14.760,0.817;6.998,9.793,1.267;8.603,3.362,1.204;18.237,12.002,1.803;5.279,17.177,2.469"
19,drone_4,16.8406,5.3459,17.0000,17.0000,"2.347,9.515,0.494;18.301,13.223,1.046;6.689,15.596,2.085;17.102,11.298,0.427;8.172,10.967,1.213;8.788,15.372,0.923;2.199,2.005,0.957;19.010,8.298,0.361;2.280,15.513,1.948;13.374,18.274,0.268;13.316,14.508,0.289;0.568,6.095,0.938;3.098,6.163,0.425;6.816,5.317,0.491;4.424,6.165,1.061;4.055,14.203,1.145;2.339,3.335,2.092;7.811,18.921,0.744;8.652,19.088,0.420;5.921,10.282,0.492;2.431,19.156,0.228;2.185,15.073,2.027;11.957,10.604,0.939;19.649,6.620,0.472;11.281,7.869,0.382;7.288,3.974,0.431;10.341,1.594,1.277;19.506,12.205,0.316;19.617,15.458,0.285;14.317,8.164,0.285;2.365,18.859,0.351;14.189,11.973,1.329;13.490,14.516,1.086;12.545,13.736,1.026;18.102,11.068,0.351;11.388,16.307,0.431;2.960,12.039,1.245;7.017,4.180,2.098;3.118,13.109,0.771;8.750,14.656,0.293;12.054,15.768,0.340;6.525,14.215,2.145;18.779,11.767,1.747;2.514,1.369,0.425;17.179,11.793,0.662;3.419,1.387,1.237;16.737,3.377,0.319;8.526,9.392,0.816;6.185,17.996,0.315;15.205,3.276,0.387;13.718,9.006,1.672;9.759,14.760,0.817;6.998,9.793,1.267;8.603,3.362,1.204;18.237,12.002,1.803;5.279,17.177,2.469"
19,drone_5,15.3550,5.6406,17.0000,17.0000,"2.347,9.515,0.494;18.301,13.223,1.046;6.689,15.596,2.085;17.102,11.298,0.427;8.172,10.967,1.213;8.788,15.372,0.923;2.199,2.005,0.957;19.010,8.298,0.361;2.280,15.513,1.948;13.374,18.274,0.268;13.316,14.508,0.289;0.568,6.095,0.938;3.098,6.163,0.425;6.816,5.317,0.491;4.424,6.165,1.061;4.055,14.203,1.145;2.339,3.335,2.092;7.811,18.921,0.744;8.652,19.088,0.420;5.921,10.282,0.492;2.431,19.156,0.228;2.185,15.073,2.027;11.957,10.604,0.939;19.649,6.620,0.472;11.281,7.869,0.382;7.288,3.974,0.431;10.341,1.594,1.277;19.506,12.205,0.316;19.617,15.458,0.285;14.317,8.164,0.285;2.365,18.859,0.351;14.189,11.973,1.329;13.490,14.516,1.086;12.545,13.736,1.026;18.102,11.068,0.351;11.388,16.307,0.431;2.960,12.039,1.245;7.017,4.180,2.098;3.118,13.109,0.771;8.750,14.656,0.293;12.054,15.768,0.340;6.525,14.215,2.145;18.779,11.767,1.747;2.514,1.369,0.425;17.179,11.793,0.662;3.419,1.387,1.237;16.737,3.377,0.319;8.526,9.392,0.816;6.185,17.996,0.315;15.205,3.276,0.387;13.718,9.006,1.672;9.759,14.760,0.817;6.998,9.793,1.267;8.603,3.362,1.204;18.237,12.002,1.803;5.279,17.177,2.469"
19,drone_6,16.5974,6.3757,17.0000,17.0000,"2.347,9.515,0.494;18.301,13.223,1.046;6.689,15.596,2.085;17.102,11.298,0.427;8.172,10.967,1.213;8.788,15.372,0.923;2.199,2.005,0.957;19.010,8.298,0.361;2.280,15.513,1.948;13.374,18.274,0.268;13.316,14.508,0.289;0.568,6.095,0.938;3.098,6.163,0.425;6.816,5.317,0.491;4.424,6.165,1.061;4.055,14.203,1.145;2.339,3.335,2.092;7.811,18.921,0.744;8.652,19.088,0.420;5.921,10.282,0.492;2.431,19.156,0.228;2.185,15.073,2.027;11.957,10.604,0.939;19.649,6.620,0.472;11.281,7.869,0.382;7.288,3.974,0.431;10.341,1.594,1.277;19.506,12.205,0.316;19.617,15.458,0.285;14.317,8.164,0.285;2.365,18.859,0.351;14.189,11.973,1.329;13.490,14.516,1.086;12.545,13.736,1.026;18.102,11.068,0.351;11.388,16.307,0.431;2.960,12.039,1.245;7.017,4.180,2.098;3.118,13.109,0.771;8.750,14.656,0.293;12.054,15.768,0.340;6.525,14.215,2.145;18.779,11.767,1.747;2.514,1.369,0.425;17.179,11.793,0.662;3.419,1.387,1.237;16.737,3.377,0.319;8.526,9.392,0.816;6.185,17.996,0.315;15.205,3.276,0.387;13.718,9.006,1.672;9.759,14.760,0.817;6.998,9.793,1.267;8.603,3.362,1.204;18.237,12.002,1.803;5.279,17.177,2.469"
19,drone_7,14.9751,7.2213,17.0000,17.0000,"2.347,9.515,0.494;18.301,13.223,1.046;6.689,15.596,2.085;17.102,11.298,0.427;8.172,10.967,1.213;8.788,15.372,0.923;2.199,2.005,0.957;19.010,8.298,0.361;2.280,15.513,1.948;13.374,18.274,0.268;13.316,14.508,0.289;0.568,6.095,0.938;3.098,6.163,0.425;6.816,5.317,0.491;4.424,6.165,1.061;4.055,14.203,1.145;2.339,3.335,2.092;7.811,18.921,0.744;8.652,19.088,0.420;5.921,10.282,0.492;2.431,19.156,0.228;2.185,15.073,2.027;11.957,10.604,0.939;19.649,6.620,0.472;11.281,7.869,0.382;7.288,3.974,0.431;10.341,1.594,1.277;19.506,12.205,0.316;19.617,15.458,0.285;14.317,8.164,0.285;2.365,18.859,0.351;14.189,11.973,1.329;13.490,14.516,1.086;12.545,13.736,1.026;18.102,11.068,0.351;11.388,16.307,0.431;2.960,12.039,1.245;7.017,4.180,2.098;3.118,13.109,0.771;8.750,14.656,0.293;12.054,15.768,0.340;6.525,14.215,2.145;18.779,11.767,1.747;2.514,1.369,0.425;17.179,11.793,0.662;3.419,1.387,1.237;16.737,3.377,0.319;8.526,9.392,0.816;6.185,17.996,0.315;15.205,3.276,0.387;13.718,9.006,1.672;9.759,14.760,0.817;6.998,9.793,1.267;8.603,3.362,1.204;18.237,12.002,1.803;5.279,17.177,2.469"
19,drone_8,16.9550,4.6214,17.0000,17.0000,"2.347,9.515,0.494;18.301,13.223,1.046;6.689,15.596,2.085;17.102,11.298,0.427;8.172,10.967,1.213;8.788,15.372,0.923;2.199,2.005,0.957;19.010,8.298,0.361;2.280,15.513,1.948;13.374,18.274,0.268;13.316,14.508,0.289;0.568,6.095,0.938;3.098,6.163,0.425;6.816,5.317,0.491;4.424,6.165,1.061;4.055,14.203,1.145;2.339,3.335,2.092;7.811,18.921,0.744;8.652,19.088,0.420;5.921,10.282,0.492;2.431,19.156,0.228;2.185,15.073,2.027;11.957,10.604,0.939;19.649,6.620,0.472;11.281,7.869,0.382;7.288,3.974,0.431;10.341,1.594,1.277;19.506,12.205,0.316;19.617,15.458,0.285;14.317,8.164,0.285;2.365,18.859,0.351;14.189,11.973,1.329;13.490,14.516,1.086;12.545,13.736,1.026;18.102,11.068,0.351;11.388,16.307,0.431;2.960,12.039,1.245;7.017,4.180,2.098;3.118,13.109,0.771;8.750,14.656,0.293;12.054,15.768,0.340;6.525,14.215,2.145;18.779,11.767,1.747;2.514,1.369,0.425;17.179,11.793,0.662;3.419,1.387,1.237;16.737,3.377,0.319;8.526,9.392,0.816;6.185,17.996,0.315;15.205,3.276,0.387;13.718,9.006,1.672;9.759,14.760,0.817;6.998,9.793,1.267;8.603,3.362,1.204;18.237,12.002,1.803;5.279,17.177,2.469"
19,drone_9,15.5420,5.1871,17.0000,17.0000,"2.347,9.515,0.494;18.301,13.223,1.046;6.689,15.596,2.085;17.102,11.298,0.427;8.172,10.967,1.213;8.788,15.372,0.923;2.199,2.005,0.957;19.010,8.298,0.361;2.280,15.513,1.948;13.374,18.274,0.268;13.316,14.508,0.289;0.568,6.095,0.938;3.098,6.163,0.425;6.816,5.317,0.491;4.424,6.165,1.061;4.055,14.203,1.145;2.339,3.335,2.092;7.811,18.921,0.744;8.652,19.088,0.420;5.921,10.282,0.492;2.431,19.156,0.228;2.185,15.073,2.027;11.957,10.604,0.939;19.649,6.620,0.472;11.281,7.869,0.382;7.288,3.974,0.431;10.341,1.594,1.277;19.506,12.205,0.316;19.617,15.458,0.285;14.317,8.164,0.285;2.365,18.859,0.351;14.189,11.973,1.329;13.490,14.516,1.086;12.545,13.736,1.026;18.102,11.068,0.351;11.388,16.307,0.431;2.960,12.039,1.245;7.017,4.180,2.098;3.118,13.109,0.771;8.750,14.656,0.293;12.054,15.768,0.340;6.525,14.215,2.145;18.779,11.767,1.747;2.514,1.369,0.425;17.179,11.793,0.662;3.419,1.387,1.237;16.737,3.377,0.319;8.526,9.392,0.816;6.185,17.996,0.315;15.205,3.276,0.387;13.718,9.006,1.672;9.759,14.760,0.817;6.998,9.793,1.267;8.603,3.362,1.204;18.237,12.002,1.803;5.279,17.177,2.469"
20,drone_0,14.8371,6.3412,17.0000,17.0000,"2.347,9.515,0.494;18.301,13.223,1.046;6.689,15.596,2.085;17.102,11.298,0.427;8.172,10.967,1.213;8.788,15.372,0.923;2.199,2.005,0.957;19.010,8.298,0.361;2.280,15.513,1.948;13.374,18.274,0.268;13.316,14.508,0.289;0.568,6.095,0.938;3.098,6.163,0.425;6.816,5.317,0.491;4.424,6.165,1.061;4.055,14.203,1.145;2.339,3.335,2.092;7.811,18.921,0.744;8.652,19.088,0.420;5.921,10.282,0.492;2.431,19.156,0.228;2.185,15.073,2.027;11.957,10.604,0.939;19.649,6.620,0.472;11.281,7.869,0.382;7.288,3.974,0.431;10.341,1.594,1.277;19.506,12.205,0.316;19.617,15.458,0.285;14.317,8.164,0.285;2.365,18.859,0.351;14.189,11.973,1.329;13.490,14.516,1.086;12.545,13.736,1.026;18.102,11.068,0.351;11.388,16.307,0.431;2.960,12.039,1.245;7.017,4.180,2.098;3.118,13.109,0.771;8.750,14.656,0.293;12.054,15.768,0.340;6.525,14.215,2.145;18.779,11.767,1.747;2.514,1.369,0.425;17.179,11.793,0.662;3.419,1.387,1.237;16.737,3.377,0.319;8.526,9.392,0.816;6.185,17.996,0.315;15.205,3.276,0.387;13.718,9.006,1.672;9.759,14.760,0.817;6.998,9.793,1.267;8.603,3.362,1.204;18.237,12.002,1.803;5.279,17.177,2.469"
20,drone_1,16.4818,5.2546,17.0000,17.0000,"2.347,9.515,0.494;18.301,13.223,1.046;6.689,15.596,2.085;17.102,11.298,0.427;8.172,10.967,1.213;8.788,15.372,0.923;2.199,2.005,0.957;19.010,8.298,0.361;2.280,15.513,1.948;13.374,18.274,0.268;13.316,14.508,0.289;0.568,6.095,0.938;3.098,6.163,0.425;6.816,5.317,0.491;4.424,6.165,1.061;4.055,14.203,1.145;2.339,3.335,2.092;7.811,18.921,0.744;8.652,19.088,0.420;5.921,10.282,0.492;2.431,19.156,0.228;2.185,15.073,2.027;11.957,10.604,0.939;19.649,6.620,0.472;11.281,7.869,0.382;7.288,3.974,0.431;10.341,1.594,1.277;19.506,12.205,0.316;19.617,15.458,0.285;14.317,8.164,0.285;2.365,18.859,0.351;14.189,11.973,1.329;13.490,14.516,1.086;12.545,13.736,1.026;18.102,11.068,0.351;11.388,16.307,0.431;2.960,12.039,1.245;7.017,4.180,2.098;3.118,13.109,0.771;8.750,14.656,0.293;12.054,15.768,0.340;6.525,14.215,2.145;18.779,11.767,1.747;2.514,1.369,0.425;17.179,11.793,0.662;3.419,1.387,1.237;16.737,3.377,0.319;8.526,9.392,0.816;6.185,17.996,0.315;15.205,3.276,0.387;13.718,9.006,1.672;9.759,14.760,0.817;6.998,9.793,1.267;8.603,3.362,1.204;18.237,12.002,1.803;5.279,17.177,2.469"
20,drone_2,15.6864,6.7943,17.0000,17.0000,"2.347,9.515,0.494;18.301,13.223,1.046;6.689,15.596,2.085;17.102,11.298,0.427;8.172,10.967,1.213;8.788,15.372,0.923;2.199,2.005,0.957;19.010,8.298,0.361;2.280,15.513,1.948;13.374,18.274,0.268;13.316,14.508,0.289;0.568,6.095,0.938;3.098,6.163,0.425;6.816,5.317,0.491;4.424,6.165,1.061;4.055,14.203,1.145;2.339,3.335,2.092;7.811,18.921,0.744;8.652,19.088,0.420;5.921,10.282,0.492;2.431,19.156,0.228;2.185,15.073,2.027;11.957,10.604,0.939;19.649,6.620,0.472;11.281,7.869,0.382;7.288,3.974,0.431;10.341,1.594,1.277;19.506,12.205,0.316;19.617,15.458,0.285;14.317,8.164,0.285;2.365,18.859,0.351;14.189,11.973,1.329;13.490,14.516,1.086;12.545,13.736,1.026;18.102,11.068,0.351;11.388,16.307,0.431;2.960,12.039,1.245;7.017,4.180,2.098;3.118,13.109,0.771;8.750,14.656,0.293;12.054,15.768,0.340;6.525,14.215,2.145;18.779,11.767,1.747;2.514,1.369,0.425;17.179,11.793,0.662;3.419,1.387,1.237;16.737,3.377,0.319;8.526,9.392,0.816;6.185,17.996,0.315;15.205,3.276,0.387;13.718,9.006,1.672;9.759,14.760,0.817;6.998,9.793,1.267;8.603,3.362,1.204;18.237,12.002,1.803;5.279,17.177,2.469"
20,drone_3,13.7673,5.5040,17.0000,17.0000,"2.347,9.515,0.494;18.301,13.223,1.046;6.689,15.596,2.085;17.102,11.298,0.427;8.172,10.967,1.213;8.788,15.372,0.923;2.199,2.005,0.957;19.010,8.298,0.361;2.280,15.513,1.948;13.374,18.274,0.268;13.316,14.508,0.289;0.568,6.095,0.938;3.098,6.163,0.425;6.816,5.317,0.491;4.424,6.165,1.061;4.055,14.203,1.145;2.339,3.335,2.092;7.811,18.921,0.744;8.652,19.088,0.420;5.921,10.282,0.492;2.431,19.156,0.228;2.185,15.073,2.027;11.957,10.604,0.939;19.649,6.620,0.472;11.281,7.869,0.382;7.288,3.974,0.431;10.341,1.594,1.277;19.506,12.205,0.316;19.617,15.458,0.285;14.317,8.164,0.285;2.365,18.859,0.351;14.189,11.973,1.329;13.490,14.516,1.086;12.545,13.736,1.026;18.102,11.068,0.351;11.388,16.307,0.431;2.960,12.039,1.245;7.017,4.180,2.098;3.118,13.109,0.771;8.750,14.656,0.293;12.054,15.768,0.340;6.525,14.215,2.145;18.779,11.767,1.747;2.514,1.369,0.425;17.179,11.793,0.662;3.419,1.387,1.237;16.737,3.377,0.319;8.526,9.392,0.816;6.185,17.996,0.315;15.205,3.276,0.387;13.718,9.006,1.672;9.759,14.760,0.817;6.998,9.793,1.267;8.603,3.362,1.204;18.237,12.002,1.803;5.279,17.177,2.469"
20,drone_4,17.0378,5.3788,17.0000,17.0000,"2.347,9.515,0.494;18.301,13.223,1.046;6.689,15.596,2.085;17.102,11.298,0.427;8.172,10.967,1.213;8.788,15.372,0.923;2.199,2.005,0.957;19.010,8.298,0.361;2.280,15.513,1.948;13.374,18.274,0.268;13.316,14.508,0.289;0.568,6.095,0.938;3.098,6.163,0.425;6.816,5.317,0.491;4.424,6.165,1.061;4.055,14.203,1.145;2.339,3.335,2.092;7.811,18.921,0.744;8.652,19.088,0.420;5.921,10.282,0.492;2.431,19.156,0.228;2.185,15.073,2.027;11.957,10.604,0.939;19.649,6.620,0.472;11.281,7.869,0.382;7.288,3.974,0.431;10.341,1.594,1.277;19.506,12.205,0.316;19.617,15.458,0.285;14.317,8.164,0.285;2.365,18.859,0.351;14.189,11.973,1.329;13.490,14.516,1.086;12.545,13.736,1.026;18.102,11.068,0.351;11.388,16.307,0.431;2.960,12.039,1.245;7.017,4.180,2.098;3.118,13.109,0.771;8.750,14.656,0.293;12.054,15.768,0.340;6.525,14.215,2.145;18.779,11.767,1.747;2.514,1.369,0.425;17.179,11.793,0.662;3.419,1.387,1.237;16.737,3.377,0.319;8.526,9.392,0.816;6.185,17.996,0.315;15.205,3.276,0.387;13.718,9.006,1.672;9.759,14.760,0.817;6.998,9.793,1.267;8.603,3.362,1.204;18.237,12.002,1.803;5.279,17.177,2.469"
20,drone_5,15.5423,5.7109,17.0000,17.0000,"2.347,9.515,0.494;18.301,13.223,1.046;6.689,15.596,2.085;17.102,11.298,0.427;8.172,10.967,1.213;8.788,15.372,0.923;2.199,2.005,0.957;19.010,8.298,0.361;2.280,15.513,1.948;13.374,18.274,0.268;13.316,14.508,0.289;0.568,6.095,0.938;3.098,6.163,0.425;6.816,5.317,0.491;4.424,6.165,1.061;4.055,14.203,1.145;2.339,3.335,2.092;7.811,18.921,0.744;8.652,19.088,0.420;5.921,10.282,0.492;2.431,19.156,0.228;2.185,15.073,2.027;11.957,10.604,0.939;19.649,6.620,0.472;11.281,7.869,0.382;7.288,3.974,0.431;10.341,1.594,1.277;19.506,12.205,0.316;19.617,15.458,0.285;14.317,8.164,0.285;2.365,18.859,0.351;14.189,11.973,1.329;13.490,14.516,1.086;12.545,13.736,1.026;18.102,11.068,0.351;11.388,16.307,0.431;2.960,12.039,1.245;7.017,4.180,2.098;3.118,13.109,0.771;8.750,14.656,0.293;12.054,15.768,0.340;6.525,14.215,2.145;18.779,11.767,1.747;2.514,1.369,0.425;17.179,11.793,0.662;3.419,1.387,1.237;16.737,3.377,0.319;8.526,9.392,0.816;6.185,17.996,0.315;15.205,3.276,0.387;13.718,9.006,1.672;9.759,14.760,0.817;6.998,9.793,1.267;8.603,3.362,1.204;18.237,12.002,1.803;5.279,17.177,2.469"
20,drone_6,16.7895,6.4315,17.0000,17.0000,"2.347,9.515,0.494;18.301,13.223,1.046;6.689,15.596,2.085;17.102,11.298,0.427;8.172,10.967,1.213;8.788,15.372,0.923;2.199,2.005,0.957;19.010,8.298,0.361;2.280,15.513,1.948;13.374,18.274,0.268;13.316,14.508,0.289;0.568,6.095,0.938;3.098,6.163,0.425;6.816,5.317,0.491;4.424,6.165,1.061;4.055,14.203,1.145;2.339,3.335,2.092;7.811,18.921,0.744;8.652,19.088,0.420;5.921,10.282,0.492;2.431,19.156,0.228;2.185,15.073,2.027;11.957,10.604,0.939;19.649,6.620,0.472;11.281,7.869,0.382;7.288,3.974,0.431;10.341,1.594,1.277;19.506,12.205,0.316;19.617,15.458,0.285;14.317,8.164,0.285;2.365,18.859,0.351;14.189,11.973,1.329;13.490,14.516,1.086;12.545,13.736,1.026;18.102,11.068,0.351;11.388,16.307,0.431;2.960,12.039,1.245;7.017,4.180,2.098;3.118,13.109,0.771;8.750,14.656,0.293;12.054,15.768,0.340;6.525,14.215,2.145;18.779,11.767,1.747;2.514,1.369,0.425;17.179,11.793,0.662;3.419,1.387,1.237;16.737,3.377,0.319;8.526,9.392,0.816;6.185,17.996,0.315;15.205,3.276,0.387;13.718,9.006,1.672;9.759,14.760,0.817;6.998,9.793,1.267;8.603,3.362,1.204;18.237,12.002,1.803;5.279,17.177,2.469"
20,drone_7,15.1724,7.2544,17.0000,17.0000,"2.347,9.515,0.494;18.301,13.223,1.046;6.689,15.596,2.085;17.102,11.298,0.427;8.172,10.967,1.213;8.788,15.372,0.923;2.199,2.005,0.957;19.010,8.298,0.361;2.280,15.513,1.948;13.374,18.274,0.268;13.316,14.508,0.289;0.568,6.095,0.938;3.098,6.163,0.425;6.816,5.317,0.491;4.424,6.165,1.061;4.055,14.203,1.145;2.339,3.335,2.092;7.811,18.921,0.744;8.652,19.088,0.420;5.921,10.282,0.492;2.431,19.156,0.228;2.185,15.073,2.027;11.957,10.604,0.939;19.649,6.620,0.472;11.281,7.869,0.382;7.288,3.974,0.431;10.341,1.594,1.277;19.506,12.205,0.316;19.617,15.458,0.285;14.317,8.164,0.285;2.365,18.859,0.351;14.189,11.973,1.329;13.490,14.516,1.086;12.545,13.736,1.026;18.102,11.068,0.351;11.388,16.307,0.431;2.960,12.039,1.245;7.017,4.180,2.098;3.118,13.109,0.771;8.750,14.656,0.293;12.054,15.768,0.340;6.525,14.215,2.145;18.779,11.767,1.747;2.514,1.369,0.425;17.179,11.793,0.662;3.419,1.387,1.237;16.737,3.377,0.319;8.526,9.392,0.816;6.185,17.996,0.315;15.205,3.276,0.387;13.718,9.006,1.672;9.759,14.760,0.817;6.998,9.793,1.267;8.603,3.362,1.204;18.237,12.002,1.803;5.279,17.177,2.469"
20,drone_8,17.1534,4.6465,17.0000,17.0000,"2.347,9.515,0.494;18.301,13.223,1.046;6.689,15.596,2.085;17.102,11.298,0.427;8.172,10.967,1.213;8.788,15.372,0.923;2.199,2.005,0.957;19.010,8.298,0.361;2.280,15.513,1.948;13.374,18.274,0.268;13.316,14.508,0.289;0.568,6.095,0.938;3.098,6.163,0.425;6.816,5.317,0.491;4.424,6.165,1.061;4.055,14.203,1.145;2.339,3.335,2.092;7.811,18.921,0.744;8.652,19.088,0.420;5.921,10.282,0.492;2.431,19.156,0.228;2.185,15.073,2.027;11.957,10.604,0.939;19.649,6.620,0.472;11.281,7.869,0.382;7.288,3.974,0.431;10.341,1.594,1.277;19.506,12.205,0.316;19.617,15.458,0.285;14.317,8.164,0.285;2.365,18.859,0.351;14.189,11.973,1.329;13.490,14.516,1.086;12.545,13.736,1.026;18.102,11.068,0.351;11.388,16.307,0.431;2.960,12.039,1.245;7.017,4.180,2.098;3.118,13.109,0.771;8.750,14.656,0.293;12.054,15.768,0.340;6.525,14.215,2.145;18.779,11.767,1.747;2.514,1.369,0.425;17.179,11.793,0.662;3.419,1.387,1.237;16.737,3.377,0.319;8.526,9.392,0.816;6.185,17.996,0.315;15.205,3.276,0.387;13.718,9.006,1.672;9.759,14.760,0.817;6.998,9.793,1.267;8.603,3.362,1.204;18.237,12.002,1.803;5.279,17.177,2.469"
20,drone_9,15.7284,5.2594,17.0000,17.0000,"2.347,9.515,0.494;18.301,13.223,1.046;6.689,15.596,2.085;17.102,11.298,0.427;8.172,10.967,1.213;8.788,15.372,0.923;2.199,2.005,0.957;19.010,8.298,0.361;2.280,15.513,1.948;13.374,18.274,0.268;13.316,14.508,0.289;0.568,6.095,0.938;3.098,6.163,0.425;6.816,5.317,0.491;4.424,6.165,1.061;4.055,14.203,1.145;2.339,3.335,2.092;7.811,18.921,0.744;8.652,19.088,0.420;5.921,10.282,0.492;2.431,19.156,0.228;2.185,15.073,2.027;11.957,10.604,0.939;19.649,6.620,0.472;11.281,7.869,0.382;7.288,3.974,0.431;10.341,1.594,1.277;19.506,12.205,0.316;19.617,15.458,0.285;14.317,8.164,0.285;2.365,18.859,0.351;14.189,11.973,1.329;13.490,14.516,1.086;12.545,13.736,1.026;18.102,11.068,0.351;11.388,16.307,0.431;2.960,12.039,1.245;7.017,4.180,2.098;3.118,13.109,0.771;8.750,14.656,0.293;12.054,15.768,0.340;6.525,14.215,2.145;18.779,11.767,1.747;2.514,1.369,0.425;17.179,11.793,0.662;3.419,1.387,1.237;16.737,3.377,0.319;8.526,9.392,0.816;6.185,17.996,0.315;15.205,3.276,0.387;13.718,9.006,1.672;9.759,14.760,0.817;6.998,9.793,1.267;8.603,3.362,1.204;18.237,12.002,1.803;5.279,17.177,2.469"
21,drone_0,15.0344,6.3740,17.0000,17.0000,"2.347,9.515,0.494;18.301,13.223,1.046;6.689,15.596,2.085;17.102,11.298,0.427;8.172,10.967,1.213;8.788,15.372,0.923;2.199,2.005,0.957;19.010,8.298,0.361;2.280,15.513,1.948;13.374,18.274,0.268;13.316,14.508,0.289;0.568,6.095,0.938;3.098,6.163,0.425;6.816,5.317,0.491;4.424,6.165,1.061;4.055,14.203,1.145;2.339,3.335,2.092;7.811,18.921,0.744;8.652,19.088,0.420;5.921,10.282,0.492;2.431,19.156,0.228;2.185,15.073,2.027;11.957,10.604,0.939;19.649,6.620,0.472;11.281,7.869,0.382;7.288,3.974,0.431;10.341,1.594,1.277;19.506,12.205,0.316;19.617,15.458,0.285;14.317,8.164,0.285;2.365,18.859,0.351;14.189,11.973,1.329;13.490,14.516,1.086;12.545,13.736,1.026;18.102,11.068,0.351;11.388,16.307,0.431;2.960,12.039,1.245;7.017,4.180,2.098;3.118,13.109,0.771;8.750,14.656,0.293;12.054,15.768,0.340;6.525,14.215,2.145;18.779,11.767,1.747;2.514,1.369,0.425;17.179,11.793,0.662;3.419,1.387,1.237;16.737,3.377,0.319;8.526,9.392,0.816;6.185,17.996,0.315;15.205,3.276,0.387;13.718,9.006,1.672;9.759,14.760,0.817;6.998,9.793,1.267;8.603,3.362,1.204;18.237,12.002,1.803;5.279,17.177,2.469"
21,drone_1,16.6548,5.3549,17.0000,17.0000,"2.347,9.515,0.494;18.301,13.223,1.046;6.689,15.596,2.085;17.102,11.298,0.427;8.172,10.967,1.213;8.788,15.372,0.923;2.199,2.005,0.957;19.010,8.298,0.361;2.280,15.513,1.948;13.374,18.274,0.268;13.316,14.508,0.289;0.568,6.095,0.938;3.098,6.163,0.425;6.816,5.317,0.491;4.424,6.165,1.061;4.055,14.203,1.145;2.339,3.335,2.092;7.811,18.921,0.744;8.652,19.088,0.420;5.921,10.282,0.492;2.431,19.156,0.228;2.185,15.073,2.027;11.957,10.604,0.939;19.649,6.620,0.472;11.281,7.869,0.382;7.288,3.974,0.431;10.341,1.594,1.277;19.506,12.205,0.316;19.617,15.458,0.285;14.317,8.164,0.285;2.365,18.859,0.351;14.189,11.973,1.329;13.490,14.516,1.086;12.545,13.736,1.026;18.102,11.068,0.351;11.388,16.307,0.431;2.960,12.039,1.245;7.017,4.180,2.098;3.118,13.109,0.771;8.750,14.656,0.293;12.054,15.768,0.340;6.525,14.215,2.145;18.779,11.767,1.747;2.514,1.369,0.425;17.179,11.793,0.662;3.419,1.387,1.237;16.737,3.377,0.319;8.526,9.392,0.816;6.185,17.996,0.315;15.205,3.276,0.387;13.718,9.006,1.672;9.759,14.760,0.817;6.998,9.793,1.267;8.603,3.362,1.204;18.237,12.002,1.803;5.279,17.177,2.469"
21,drone_2,15.8766,6.8560,17.0000,17.0000,"2.347,9.515,0.494;18.301,13.223,1.046;6.689,15.596,2.085;17.102,11.298,0.427;8.172,10.967,1.213;8.788,15.372,0.923;2.199,2.005,0.957;19.010,8.298,0.361;2.280,15.513,1.948;13.374,18.274,0.268;13.316,14.508,0.289;0.568,6.095,0.938;3.098,6.163,0.425;6.816,5.317,0.491;4.424,6.165,1.061;4.055,14.203,1.145;2.339,3.335,2.092;7.811,18.921,0.744;8.652,19.088,0.420;5.921,10.282,0.492;2.431,19.156,0.228;2.185,15.073,2.027;11.957,10.604,0.939;19.649,6.620,0.472;11.281,7.869,0.382;7.288,3.974,0.431;10.341,1.594,1.277;19.506,12.205,0.316;19.617,15.458,0.285;14.317,8.164,0.285;2.365,18.859,0.351;14.189,11.973,1.329;13.490,14.516,1.086;12.545,13.736,1.026;18.102,11.068,0.351;11.388,16.307,0.431;2.960,12.039,1.245;7.017,4.180,2.098;3.118,13.109,0.771;8.750,14.656,0.293;12.054,15.768,0.340;6.525,14.215,2.145;18.779,11.767,1.747;2.514,1.369,0.425;17.179,11.793,0.662;3.419,1.387,1.237;16.737,3.377,0.319;8.526,9.392,0.816;6.185,17.996,0.315;15.205,3.276,0.387;13.718,9.006,1.672;9.759,14.760,0.817;6.998,9.793,1.267;8.603,3.362,1.204;18.237,12.002,1.803;5.279,17.177,2.469"
21,drone_3,13.7555,5.6692,17.0000,17.0000,"2.347,9.515,0.494;18.301,13.223,1.046;6.689,15.596,2.085;17.102,11.298,0.427;8.172,10.967,1.213;8.788,15.372,0.923;2.199,2.005,0.957;19.010,8.298,0.361;2.280,15.513,1.948;13.374,18.274,0.268;13.316,14.508,0.289;0.568,6.095,0.938;3.098,6.163,0.425;6.816,5.317,0.491;4.424,6.165,1.061;4.055,14.203,1.145;2.339,3.335,2.092;7.811,18.921,0.744;8.652,19.088,0.420;5.921,10.282,0.492;2.431,19.156,0.228;2.185,15.073,2.027;11.957,10.604,0.939;19.649,6.620,0.472;11.281,7.869,0.382;7.288,3.974,0.431;10.341,1.594,1.277;19.506,12.205,0.316;19.617,15.458,0.285;14.317,8.164,0.285;2.365,18.859,0.351;14.189,11.973,1.329;13.490,14.516,1.086;12.545,13.736,1.026;18.102,11.068,0.351;11.388,16.307,0.431;2.960,12.039,1.245;7.017,4.180,2.098;3.118,13.109,0.771;8.750,14.656,0.293;12.054,15.768,0.340;6.525,14.215,2.145;18.779,11.767,1.747;2.514,1.369,0.425;17.179,11.793,0.662;3.419,1.387,1.237;16.737,3.377,0.319;8.526,9.392,0.816;6.185,17.996,0.315;15.205,3.276,0.387;13.718,9.006,1.672;9.759,14.760,0.817;6.998,9.793,1.267;8.603,3.362,1.204;18.237,12.002,1.803;5.279,17.177,2.469"
21,drone_4,17.2330,5.4226,17.0000,17.0000,"2.347,9.515,0.494;18.301,13.223,1.046;6.689,15.596,2.085;17.102,11.298,0.427;8.172,10.967,1.213;8.788,15.372,0.923;2.199,2.005,0.957;19.010,8.298,0.361;2.280,15.513,1.948;13.374,18.274,0.268;13.316,14.508,0.289;0.568,6.095,0.938;3.098,6.163,0.425;6.816,5.317,0.491;4.424,6.165,1.061;4.055,14.203,1.145;2.339,3.335,2.092;7.811,18.921,0.744;8.652,19.088,0.420;5.921,10.282,0.492;2.431,19.156,0.228;2.185,15.073,2.027;11.957,10.604,0.939;19.649,6.620,0.472;11.281,7.869,0.382;7.288,3.974,0.431;10.341,1.594,1.277;19.506,12.205,0.316;19.617,15.458,0.285;14.317,8.164,0.285;2.365,18.859,0.351;14.189,11.973,1.329;13.490,14.516,1.086;12.545,13.736,1.026;18.102,11.068,0.351;11.388,16.307,0.431;2.960,12.039,1.245;7.017,4.180,2.098;3.118,13.109,0.771;8.750,14.656,0.293;12.054,15.768,0.340;6.525,14.215,2.145;18.779,11.767,1.747;2.514,1.369,0.425;17.179,11.793,0.662;3.419,1.387,1.237;16.737,3.377,0.319;8.526,9.392,0.816;6.185,17.996,0.315;15.205,3.276,0.387;13.718,9.006,1.672;9.759,14.760,0.817;6.998,9.793,1.267;8.603,3.362,1.204;18.237,12.002,1.803;5.279,17.177,2.469"
21,drone_5,15.7267,5.7885,17.0000,17.0000,"2.347,9.515,0.494;18.301,13.223,1.046;6.689,15.596,2.085;17.102,11.298,0.427;8.172,10.967,1.213;8.788,15.372,0.923;2.199,2.005,0.957;19.010,8.298,0.361;2.280,15.513,1.948;13.374,18.274,0.268;13.316,14.508,0.289;0.568,6.095,0.938;3.098,6.163,0.425;6.816,5.317,0.491;4.424,6.165,1.061;4.055,14.203,1.145;2.339,3.335,2.092;7.811,18.921,0.744;8.652,19.088,0.420;5.921,10.282,0.492;2.431,19.156,0.228;2.185,15.073,2.027;11.957,10.604,0.939;19.649,6.620,0.472;11.281,7.869,0.382;7.288,3.974,0.431;10.341,1.594,1.277;19.506,12.205,0.316;19.617,15.458,0.285;14.317,8.164,0.285;2.365,18.859,0.351;14.189,11.973,1.329;13.490,14.516,1.086;12.545,13.736,1.026;18.102,11.068,0.351;11.388,16.307,0.431;2.960,12.039,1.245;7.017,4.180,2.098;3.118,13.109,0.771;8.750,14.656,0.293;12.054,15.768,0.340;6.525,14.215,2.145;18.779,11.767,1.747;2.514,1.369,0.425;17.179,11.793,0.662;3.419,1.387,1.237;16.737,3.377,0.319;8.526,9.392,0.816;6.185,17.996,0.315;15.205,3.276,0.387;13.718,9.006,1.672;9.759,14.760,0.817;6.998,9.793,1.267;8.603,3.362,1.204;18.237,12.002,1.803;5.279,17.177,2.469"
21,drone_6,16.9749,6.5065,17.0000,17.0000,"2.347,9.515,0.494;18.301,13.223,1.046;6.689,15.596,2.085;17.102,11.298,0.427;8.172,10.967,1.213;8.788,15.372,0.923;2.199,2.005,0.957;19.010,8.298,0.361;2.280,15.513,1.948;13.374,18.274,0.268;13.316,14.508,0.289;0.568,6.095,0.938;3.098,6.163,0.425;6.816,5.317,0.491;4.424,6.165,1.061;4.055,14.203,1.145;2.339,3.335,2.092;7.811,18.921,0.744;8.652,19.088,0.420;5.921,10.282,0.492;2.431,19.156,0.228;2.185,15.073,2.027;11.957,10.604,0.939;19.649,6.620,0.472;11.281,7.869,0.382;7.288,3.974,0.431;10.341,1.594,1.277;19.506,12.205,0.316;19.617,15.458,0.285;14.317,8.164,0.285;2.365,18.859,0.351;14.189,11.973,1.329;13.490,14.516,1.086;12.545,13.736,1.026;18.102,11.068,0.351;11.388,16.307,0.431;2.960,12.039,1.245;7.017,4.180,2.098;3.118,13.109,0.771;8.750,14.656,0.293;12.054,15.768,0.340;6.525,14.215,2.145;18.779,11.767,1.747;2.514,1.369,0.425;17.179,11.793,0.662;3.419,1.387,1.237;16.737,3.377,0.319;8.526,9.392,0.816;6.185,17.996,0.315;15.205,3.276,0.387;13.718,9.006,1.672;9.759,14.760,0.817;6.998,9.793,1.267;8.603,3.362,1.204;18.237,12.002,1.803;5.279,17.177,2.469"
21,drone_7,15.3665,7.3026,17.0000,17.0000,"2.347,9.515,0.494;18.301,13.223,1.046;6.689,15.596,2.085;17.102,11.298,0.427;8.172,10.967,1.213;8.788,15.372,0.923;2.199,2.005,0.957;19.010,8.298,0.361;2.280,15.513,1.948;13.374,18.274,0.268;13.316,14.508,0.289;0.568,6.095,0.938;3.098,6.163,0.425;6.816,5.317,0.491;4.424,6.165,1.061;4.055,14.203,1.145;2.339,3.335,2.092;7.811,18.921,0.744;8.652,19.088,0.420;5.921,10.282,0.492;2.431,19.156,0.228;2.185,15.073,2.027;11.957,10.604,0.939;19.649,6.620,0.472;11.281,7.869,0.382;7.288,3.974,0.431;10.341,1.594,1.277;19.506,12.205,0.316;19.617,15.458,0.285;14.317,8.164,0.285;2.365,18.859,0.351;14.189,11.973,1.329;13.490,14.516,1.086;12.545,13.736,1.026;18.102,11.068,0.351;11.388,16.307,0.431;2.960,12.039,1.245;7.017,4.180,2.098;3.118,13.109,0.771;8.750,14.656,0.293;12.054,15.768,0.340;6.525,14.215,2.145;18.779,11.767,1.747;2.514,1.369,0.425;17.179,11.793,0.662;3.419,1.387,1.237;16.737,3.377,0.319;8.526,9.392,0.816;6.185,17.996,0.315;15.205,3.276,0.387;13.718,9.006,1.672;9.759,14.760,0.817;6.998,9.793,1.267;8.603,3.362,1.204;18.237,12.002,1.803;5.279,17.177,2.469"
21,drone_8,17.3508,4.6787,17.0000,17.0000,"2.347,9.515,0.494;18.301,13.223,1.046;6.689,15.596,2.085;17.102,11.298,0.427;8.172,10.967,1.213;8.788,15.372,0.923;2.199,2.005,0.957;19.010,8.298,0.361;2.280,15.513,1.948;13.374,18.274,0.268;13.316,14.508,0.289;0.568,6.095,0.938;3.098,6.163,0.425;6.816,5.317,0.491;4.424,6.165,1.061;4.055,14.203,1.145;2.339,3.335,2.092;7.811,18.921,0.744;8.652,19.088,0.420;5.921,10.282,0.492;2.431,19.156,0.228;2.185,15.073,2.027;11.957,10.604,0.939;19.649,6.620,0.472;11.281,7.869,0.382;7.288,3.974,0.431;10.341,1.594,1.277;19.506,12.205,0.316;19.617,15.458,0.285;14.317,8.164,0.285;2.365,18.859,0.351;14.189,11.973,1.329;13.490,14.516,1.086;12.545,13.736,1.026;18.102,11.068,0.351;11.388,16.307,0.431;2.960,12.039,1.245;7.017,4.180,2.098;3.118,13.109,0.771;8.750,14.656,0.293;12.054,15.768,0.340;6.525,14.215,2.145;18.779,11.767,1.747;2.514,1.369,0.425;17.179,11.793,0.662;3.419,1.387,1.237;16.737,3.377,0.319;8.526,9.392,0.816;6.185,17.996,0.315;15.205,3.276,0.387;13.718,9.006,1.672;9.759,14.760,0.817;6.998,9.793,1.267;8.603,3.362,1.204;18.237,12.002,1.803;5.279,17.177,2.469"
21,drone_9,15.9131,5.3363,17.0000,17.0000,"2.347,9.515,0.494;18.301,13.223,1.046;6.689,15.596,2.085;17.102,11.298,0.427;8.172,10.967,1.213;8.788,15.372,0.923;2.199,2.005,0.957;19.010,8.298,0.361;2.280,15.513,1.948;13.374,18.274,0.268;13.316,14.508,0.289;0.568,6.095,0.938;3.098,6.163,0.425;6.816,5.317,0.491;4.424,6.165,1.061;4.055,14.203,1.145;2.339,3.335,2.092;7.811,18.921,0.744;8.652,19.088,0.420;5.921,10.282,0.492;2.431,19.156,0.228;2.185,15.073,2.027;11.957,10.604,0.939;19.649,6.620,0.472;11.281,7.869,0.382;7.288,3.974,0.431;10.341,1.594,1.277;19.506,12.205,0.316;19.617,15.458,0.285;14.317,8.164,0.285;2.365,18.859,0.351;14.189,11.973,1.329;13.490,14.516,1.086;12.545,13.736,1.026;18.102,11.068,0.351;11.388,16.307,0.431;2.960,12.039,1.245;7.017,4.180,2.098;3.118,13.109,0.771;8.750,14.656,0.293;12.054,15.768,0.340;6.525,14.215,2.145;18.779,11.767,1.747;2.514,1.369,0.425;17.179,11.793,0.662;3.419,1.387,1.237;16.737,3.377,0.319;8.526,9.392,0.816;6.185,17.996,0.315;15.205,3.276,0.387;13.718,9.006,1.672;9.759,14.760,0.817;6.998,9.793,1.267;8.603,3.362,1.204;18.237,12.002,1.803;5.279,17.177,2.469"
22,drone_0,15.2337,6.3905,17.0000,17.0000,"2.347,9.515,0.494;18.301,13.223,1.046;6.689,15.596,2.085;17.102,11.298,0.427;8.172,10.967,1.213;8.788,15.372,0.923;2.199,2.005,0.957;19.010,8.298,0.361;2.280,15.513,1.948;13.374,18.274,0.268;13.316,14.508,0.289;0.568,6.095,0.938;3.098,6.163,0.425;6.816,5.317,0.491;4.424,6.165,1.061;4.055,14.203,1.145;2.339,3.335,2.092;7.811,18.921,0.744;8.652,19.088,0.420;5.921,10.282,0.492;2.431,19.156,0.228;2.185,15.073,2.027;11.957,10.604,0.939;19.649,6.620,0.472;11.281,7.869,0.382;7.288,3.974,0.431;10.341,1.594,1.277;19.506,12.205,0.316;19.617,15.458,0.285;14.317,8.164,0.285;2.365,18.859,0.351;14.189,11.973,1.329;13.490,14.516,1.086;12.545,13.736,1.026;18.102,11.068,0.351;11.388,16.307,0.431;2.960,12.039,1.245;7.017,4.180,2.098;3.118,13.109,0.771;8.750,14.656,0.293;12.054,15.768,0.340;6.525,14.215,2.145;18.779,11.767,1.747;2.514,1.369,0.425;17.179,11.793,0.662;3.419,1.387,1.237;16.737,3.377,0.319;8.526,9.392,0.816;6.185,17.996,0.315;15.205,3.276,0.387;13.718,9.006,1.672;9.759,14.760,0.817;6.998,9.793,1.267;8.603,3.362,1.204;18.237,12.002,1.803;5.279,17.177,2.469"
22,drone_1,16.8231,5.4629,17.0000,17.0000,"2.347,9.515,0.494;18.301,13.223,1.046;6.689,15.596,2.085;17.102,11.298,0.427;8.172,10.967,1.213;8.788,15.372,0.923;2.199,2.005,0.957;19.010,8.298,0.361;2.280,15.513,1.948;13.374,18.274,0.268;13.316,14.508,0.289;0.568,6.095,0.938;3.098,6.163,0.425;6.816,5.317,0.491;4.424,6.165,1.061;4.055,14.203,1.145;2.339,3.335,2.092;7.811,18.921,0.744;8.652,19.088,0.420;5.921,10.282,0.492;2.431,19.156,0.228;2.185,15.073,2.027;11.957,10.604,0.939;19.649,6.620,0.472;11.281,7.869,0.382;7.288,3.974,0.431;10.341,1.594,1.277;19.506,12.205,0.316;19.617,15.458,0.285;14.317,8.164,0.285;2.365,18.859,0.351;14.189,11.973,1.329;13.490,14.516,1.086;12.545,13.736,1.026;18.102,11.068,0.351;11.388,16.307,0.431;2.960,12.039,1.245;7.017,4.180,2.098;3.118,13.109,0.771;8.750,14.656,0.293;12.054,15.768,0.340;6.525,14.215,2.145;18.779,11.767,1.747;2.514,1.369,0.425;17.179,11.793,0.662;3.419,1.387,1.237;16.737,3.377,0.319;8.526,9.392,0.816;6.185,17.996,0.315;15.205,3.276,0.387;13.718,9.006,1.672;9.759,14.760,0.817;6.998,9.793,1.267;8.603,3.362,1.204;18.237,12.002,1.803;5.279,17.177,2.469"
22,drone_2,16.0662,6.9198,17.0000,17.0000,"2.347,9.515,0.494;18.301,13.223,1.046;6.689,15.596,2.085;17.102,11.298,0.427;8.172,10.967,1.213;8.788,15.372,0.923;2.199,2.005,0.957;19.010,8.298,0.361;2.280,15.513,1.948;13.374,18.274,0.268;13.316,14.508,0.289;0.568,6.095,0.938;3.098,6.163,0.425;6.816,5.317,0.491;4.424,6.165,1.061;4.055,14.203,1.145;2.339,3.335,2.092;7.811,18.921,0.744;8.652,19.088,0.420;5.921,10.282,0.492;2.431,19.156,0.228;2.185,15.073,2.027;11.957,10.604,0.939;19.649,6.620,0.472;11.281,7.869,0.382;7.288,3.974,0.431;10.341,1.594,1.277;19.506,12.205,0.316;19.617,15.458,0.285;14.317,8.164,0.285;2.365,18.859,0.351;14.189,11.973,1.329;13.490,14.516,1.086;12.545,13.736,1.026;18.102,11.068,0.351;11.388,16.307,0.431;2.960,12.039,1.245;7.017,4.180,2.098;3.118,13.109,0.771;8.750,14.656,0.293;12.054,15.768,0.340;6.525,14.215,2.145;18.779,11.767,1.747;2.514,1.369,0.425;17.179,11.793,0.662;3.419,1.387,1.237;16.737,3.377,0.319;8.526,9.392,0.816;6.185,17.996,0.315;15.205,3.276,0.387;13.718,9.006,1.672;9.759,14.760,0.817;6.998,9.793,1.267;8.603,3.362,1.204;18.237,12.002,1.803;5.279,17.177,2.469"
22,drone_3,13.7292,5.8273,17.0000,17.0000,"2.347,9.515,0.494;18.301,13.223,1.046;6.689,15.596,2.085;17.102,11.298,0.427;8.172,10.967,1.213;8.788,15.372,0.923;2.199,2.005,0.957;19.010,8.298,0.361;2.280,15.513,1.948;13.374,18.274,0.268;13.316,14.508,0.289;0.568,6.095,0.938;3.098,6.163,0.425;6.816,5.317,0.491;4.424,6.165,1.061;4.055,14.203,1.145;2.339,3.335,2.092;7.811,18.921,0.744;8.652,19.088,0.420;5.921,10.282,0.492;2.431,19.156,0.228;2.185,15.073,2.027;11.957,10.604,0.939;19.649,6.620,0.472;11.281,7.869,0.382;7.288,3.974,0.431;10.341,1.594,1.277;19.506,12.205,0.316;19.617,15.458,0.285;14.317,8.164,0.285;2.365,18.859,0.351;14.189,11.973,1.329;13.490,14.516,1.086;12.545,13.736,1.026;18.102,11.068,0.351;11.388,16.307,0.431;2.960,12.039,1.245;7.017,4.180,2.098;3.118,13.109,0.771;8.750,14.656,0.293;12.054,15.768,0.340;6.525,14.215,2.145;18.779,11.767,1.747;2.514,1.369,0.425;17.179,11.793,0.662;3.419,1.387,1.237;16.737,3.377,0.319;8.526,9.392,0.816;6.185,17.996,0.315;15.205,3.276,0.387;13.718,9.006,1.672;9.759,14.760,0.817;6.998,9.793,1.267;8.603,3.362,1.204;18.237,12.002,1.803;5.279,17.177,2.469"
22,drone_4,17.4226,5.4863,17.0000,17.0000,"2.347,9.515,0.494;18.301,13.223,1.046;6.689,15.596,2.085;17.102,11.298,0.427;8.172,10.967,1.213;8.788,15.372,0.923;2.199,2.005,0.957;19.010,8.298,0.361;2.280,15.513,1.948;13.374,18.274,0.268;13.316,14.508,0.289;0.568,6.095,0.938;3.098,6.163,0.425;6.816,5.317,0.491;4.424,6.165,1.061;4.055,14.203,1.145;2.339,3.335,2.092;7.811,18.921,0.744;8.652,19.088,0.420;5.921,10.282,0.492;2.431,19.156,0.228;2.185,15.073,2.027;11.957,10.604,0.939;19.649,6.620,0.472;11.281,7.869,0.382;7.288,3.974,0.431;10.341,1.594,1.277;19.506,12.205,0.316;19.617,15.458,0.285;14.317,8.164,0.285;2.365,18.859,0.351;14.189,11.973,1.329;13.490,14.516,1.086;12.545,13.736,1.026;18.102,11.068,0.351;11.388,16.307,0.431;2.960,12.039,1.245;7.017,4.180,2.098;3.118,13.109,0.771;8.750,14.656,0.293;12.054,15.768,0.340;6.525,14.215,2.145;18.779,11.767,1.747;2.514,1.369,0.425;17.179,11.793,0.662;3.419,1.387,1.237;16.737,3.377,0.319;8.526,9.392,0.816;6.185,17.996,0.315;15.205,3.276,0.387;13.718,9.006,1.672;9.759,14.760,0.817;6.998,9.793,1.267;8.603,3.362,1.204;18.237,12.002,1.803;5.279,17.177,2.469"
22,drone_5,15.9069,5.8752,17.0000,17.0000,"2.347,9.515,0.494;18.301,13.223,1.046;6.689,15.596,2.085;17.102,11.298,0.427;8.172,10.967,1.213;8.788,15.372,0.923;2.199,2.005,0.957;19.010,8.298,0.361;2.280,15.513,1.948;13.374,18.274,0.268;13.316,14.508,0.289;0.568,6.095,0.938;3.098,6.163,0.425;6.816,5.317,0.491;4.424,6.165,1.061;4.055,14.203,1.145;2.339,3.335,2.092;7.811,18.921,0.744;8.652,19.088,0.420;5.921,10.282,0.492;2.431,19.156,0.228;2.185,15.073,2.027;11.957,10.604,0.939;19.649,6.620,0.472;11.281,7.869,0.382;7.288,3.974,0.431;10.341,1.594,1.277;19.506,12.205,0.316;19.617,15.458,0.285;14.317,8.164,0.285;2.365,18.859,0.351;14.189,11.973,1.329;13.490,14.516,1.086;12.545,13.736,1.026;18.102,11.068,0.351;11.388,16.307,0.431;2.960,12.039,1.245;7.017,4.180,2.098;3.118,13.109,0.771;8.750,14.656,0.293;12.054,15.768,0.340;6.525,14.215,2.145;18.779,11.767,1.747;2.514,1.369,0.425;17.179,11.793,0.662;3.419,1.387,1.237;16.737,3.377,0.319;8.526,9.392,0.816;6.185,17.996,0.315;15.205,3.276,0.387;13.718,9.006,1.672;9.759,14.760,0.817;6.998,9.793,1.267;8.603,3.362,1.204;18.237,12.002,1.803;5.279,17.177,2.469"
22,drone_6,17.1524,6.5986,17.0000,17.0000,"2.347,9.515,0.494;18.301,13.223,1.046;6.689,15.596,2.085;17.102,11.298,0.427;8.172,10.967,1.213;8.788,15.372,0.923;2.199,2.005,0.957;19.010,8.298,0.361;2.280,15.513,1.948;13.374,18.274,0.268;13.316,14.508,0.289;0.568,6.095,0.938;3.098,6.163,0.425;6.816,5.317,0.491;4.424,6.165,1.061;4.055,14.203,1.145;2.339,3.335,2.092;7.811,18.921,0.744;8.652,19.088,0.420;5.921,10.282,0.492;2.431,19.156,0.228;2.185,15.073,2.027;11.957,10.604,0.939;19.649,6.620,0.472;11.281,7.869,0.382;7.288,3.974,0.431;10.341,1.594,1.277;19.506,12.205,0.316;19.617,15.458,0.285;14.317,8.164,0.285;2.365,18.859,0.351;14.189,11.973,1.329;13.490,14.516,1.086;12.545,13.736,1.026;18.102,11.068,0.351;11.388,16.307,0.431;2.960,12.039,1.245;7.017,4.180,2.098;3.118,13.109,0.771;8.750,14.656,0.293;12.054,15.768,0.340;6.525,14.215,2.145;18.779,11.767,1.747;2.514,1.369,0.425;17.179,11.793,0.662;3.419,1.387,1.237;16.737,3.377,0.319;8.526,9.392,0.816;6.185,17.996,0.315;15.205,3.276,0.387;13.718,9.006,1.672;9.759,14.760,0.817;6.998,9.793,1.267;8.603,3.362,1.204;18.237,12.002,1.803;5.279,17.177,2.469"
22,drone_7,15.5598,7.3539,17.0000,17.0000,"2.347,9.515,0.494;18.301,13.223,1.046;6.689,15.596,2.085;17.102,11.298,0.427;8.172,10.967,1.213;8.788,15.372,0.923;2.199,2.005,0.957;19.010,8.298,0.361;2.280,15.513,1.948;13.374,18.274,0.268;13.316,14.508,0.289;0.568,6.095,0.938;3.098,6.163,0.425;6.816,5.317,0.491;4.424,6.165,1.061;4.055,14.203,1.145;2.339,3.335,2.092;7.811,18.921,0.744;8.652,19.088,0.420;5.921,10.282,0.492;2.431,19.156,0.228;2.185,15.073,2.027;11.957,10.604,0.939;19.649,6.620,0.472;11.281,7.869,0.382;7.288,3.974,0.431;10.341,1.594,1.277;19.506,12.205,0.316;19.617,15.458,0.285;14.317,8.164,0.285;2.365,18.859,0.351;14.189,11.973,1.329;13.490,14.516,1.086;12.545,13.736,1.026;18.102,11.068,0.351;11.388,16.307,0.431;2.960,12.039,1.245;7.017,4.180,2.098;3.118,13.109,0.771;8.750,14.656,0.293;12.054,15.768,0.340;6.525,14.215,2.145;18.779,11.767,1.747;2.514,1.369,0.425;17.179,11.793,0.662;3.419,1.387,1.237;16.737,3.377,0.319;8.526,9.392,0.816;6.185,17.996,0.315;15.205,3.276,0.387;13.718,9.006,1.672;9.759,14.760,0.817;6.998,9.793,1.267;8.603,3.362,1.204;18.237,12.002,1.803;5.279,17.177,2.469"
22,drone_8,17.5462,4.7215,17.0000,17.0000,"2.347,9.515,0.494;18.301,13.223,1.046;6.689,15.596,2.085;17.102,11.298,0.427;8.172,10.967,1.213;8.788,15.372,0.923;2.199,2.005,0.957;19.010,8.298,0.361;2.280,15.513,1.948;13.374,18.274,0.268;13.316,14.508,0.289;0.568,6.095,0.938;3.098,6.163,0.425;6.816,5.317,0.491;4.424,6.165,1.061;4.055,14.203,1.145;2.339,3.335,2.092;7.811,18.921,0.744;8.652,19.088,0.420;5.921,10.282,0.492;2.431,19.156,0.228;2.185,15.073,2.027;11.957,10.604,0.939;19.649,6.620,0.472;11.281,7.869,0.382;7.288,3.974,0.431;10.341,1.594,1.277;19.506,12.205,0.316;19.617,15.458,0.285;14.317,8.164,0.285;2.365,18.859,0.351;14.189,11.973,1.329;13.490,14.516,1.086;12.545,13.736,1.026;18.102,11.068,0.351;11.388,16.307,0.431;2.960,12.039,1.245;7.017,4.180,2.098;3.118,13.109,0.771;8.750,14.656,0.293;12.054,15.768,0.340;6.525,14.215,2.145;18.779,11.767,1.747;2.514,1.369,0.425;17.179,11.793,0.662;3.419,1.387,1.237;16.737,3.377,0.319;8.526,9.392,0.816;6.185,17.996,0.315;15.205,3.276,0.387;13.718,9.006,1.672;9.759,14.760,0.817;6.998,9.793,1.267;8.603,3.362,1.204;18.237,12.002,1.803;5.279,17.177,2.469"
22,drone_9,16.0953,5.4187,17.0000,17.0000,"2.347,9.515,0.494;18.301,13.223,1.046;6.689,15.596,2.085;17.102,11.298,0.427;8.172,10.967,1.213;8.788,15.372,0.923;2.199,2.005,0.957;19.010,8.298,0.361;2.280,15.513,1.948;13.374,18.274,0.268;13.316,14.508,0.289;0.568,6.095,0.938;3.098,6.163,0.425;6.816,5.317,0.491;4.424,6.165,1.061;4.055,14.203,1.145;2.339,3.335,2.092;7.811,18.921,0.744;8.652,19.088,0.420;5.921,10.282,0.492;2.431,19.156,0.228;2.185,15.073,2.027;11.957,10.604,0.939;19.649,6.620,0.472;11.281,7.869,0.382;7.288,3.974,0.431;10.341,1.594,1.277;19.506,12.205,0.316;19.617,15.458,0.285;14.317,8.164,0.285;2.365,18.859,0.351;14.189,11.973,1.329;13.490,14.516,1.086;12.545,13.736,1.026;18.102,11.068,0.351;11.388,16.307,0.431;2.960,12.039,1.245;7.017,4.180,2.098;3.118,13.109,0.771;8.750,14.656,0.293;12.054,15.768,0.340;6.525,14.215,2.145;18.779,11.767,1.747;2.514,1.369,0.425;17.179,11.793,0.662;3.419,1.387,1.237;16.737,3.377,0.319;8.526,9.392,0.816;6.185,17.996,0.315;15.205,3.276,0.387;13.718,9.006,1.672;9.759,14.760,0.817;6.998,9.793,1.267;8.603,3.362,1.204;18.237,12.002,1.803;5.279,17.177,2.469"
23,drone_0,15.4276,6.4397,17.0000,17.0000,"2.347,9.515,0.494;18.301,13.223,1.046;6.689,15.596,2.085;17.102,11.298,0.427;8.172,10.967,1.213;8.788,15.372,0.923;2.199,2.005,0.957;19.010,8.298,0.361;2.280,15.513,1.948;13.374,18.274,0.268;13.316,14.508,0.289;0.568,6.095,0.938;3.098,6.163,0.425;6.816,5.317,0.491;4.424,6.165,1.061;4.055,14.203,1.145;2.339,3.335,2.092;7.811,18.921,0.744;8.652,19.088,0.420;5.921,10.282,0.492;2.431,19.156,0.228;2.185,15.073,2.027;11.957,10.604,0.939;19.649,6.620,0.472;11.281,7.869,0.382;7.288,3.974,0.431;10.341,1.594,1.277;19.506,12.205,0.316;19.617,15.458,0.285;14.317,8.164,0.285;2.365,18.859,0.351;14.189,11.973,1.329;13.490,14.516,1.086;12.545,13.736,1.026;18.102,11.068,0.351;11.388,16.307,0.431;2.960,12.039,1.245;7.017,4.180,2.098;3.118,13.109,0.771;8.750,14.656,0.293;12.054,15.768,0.340;6.525,14.215,2.145;18.779,11.767,1.747;2.514,1.369,0.425;17.179,11.793,0.662;3.419,1.387,1.237;16.737,3.377,0.319;8.526,9.392,0.816;6.185,17.996,0.315;15.205,3.276,0.387;13.718,9.006,1.672;9.759,14.760,0.817;6.998,9.793,1.267;8.603,3.362,1.204;18.237,12.002,1.803;5.279,17.177,2.469"
23,drone_1,16.9887,5.5751,17.0000,17.0000,"2.347,9.515,0.494;18.301,13.223,1.046;6.689,15.596,2.085;17.102,11.298,0.427;8.172,10.967,1.213;8.788,15.372,0.923;2.199,2.005,0.957;19.010,8.298,0.361;2.280,15.513,1.948;13.374,18.274,0.268;13.316,14.508,0.289;0.568,6.095,0.938;3.098,6.163,0.425;6.816,5.317,0.491;4.424,6.165,1.061;4.055,14.203,1.145;2.339,3.335,2.092;7.811,18.921,0.744;8.652,19.088,0.420;5.921,10.282,0.492;2.431,19.156,0.228;2.185,15.073,2.027;11.957,10.604,0.939;19.649,6.620,0.472;11.281,7.869,0.382;7.288,3.974,0.431;10.341,1.594,1.277;19.506,12.205,0.316;19.617,15.458,0.285;14.317,8.164,0.285;2.365,18.859,0.351;14.189,11.973,1.329;13.490,14.516,1.086;12.545,13.736,1.026;18.102,11.068,0.351;11.388,16.307,0.431;2.960,12.039,1.245;7.017,4.180,2.098;3.118,13.109,0.771;8.750,14.656,0.293;12.054,15.768,0.340;6.525,14.215,2.145;18.779,11.767,1.747;2.514,1.369,0.425;17.179,11.793,0.662;3.419,1.387,1.237;16.737,3.377,0.319;8.526,9.392,0.816;6.185,17.996,0.315;15.205,3.276,0.387;13.718,9.006,1.672;9.759,14.760,0.817;6.998,9.793,1.267;8.603,3.362,1.204;18.237,12.002,1.803;5.279,17.177,2.469"
23,drone_2,16.2541,6.9883,17.0000,17.0000,"2.347,9.515,0.494;18.301,13.223,1.046;6.689,15.596,2.085;17.102,11.298,0.427;8.172,10.967,1.213;8.788,15.372,0.923;2.199,2.005,0.957;19.010,8.298,0.361;2.280,15.513,1.948;13.374,18.274,0.268;13.316,14.508,0.289;0.568,6.095,0.938;3.098,6.163,0.425;6.816,5.317,0.491;4.424,6.165,1.061;4.055,14.203,1.145;2.339,3.335,2.092;7.811,18.921,0.744;8.652,19.088,0.420;5.921,10.282,0.492;2.431,19.156,0.228;2.185,15.073,2.027;11.957,10.604,0.939;19.649,6.620,0.472;11.281,7.869,0.382;7.288,3.974,0.431;10.341,1.594,1.277;19.506,12.205,0.316;19.617,15.458,0.285;14.317,8.164,0.285;2.365,18.859,0.351;14.189,11.973,1.329;13.490,14.516,1.086;12.545,13.736,1.026;18.102,11.068,0.351;11.388,16.307,0.431;2.960,12.039,1.245;7.017,4.180,2.098;3.118,13.109,0.771;8.750,14.656,0.293;12.054,15.768,0.340;6.525,14.215,2.145;18.779,11.767,1.747;2.514,1.369,0.425;17.179,11.793,0.662;3.419,1.387,1.237;16.737,3.377,0.319;8.526,9.392,0.816;6.185,17.996,0.315;15.205,3.276,0.387;13.718,9.006,1.672;9.759,14.760,0.817;6.998,9.793,1.267;8.603,3.362,1.204;18.237,12.002,1.803;5.279,17.177,2.469"
23,drone_3,13.6976,5.9887,17.0000,17.0000,"2.347,9.515,0.494;18.301,13.223,1.046;6.689,15.596,2.085;17.102,11.298,0.427;8.172,10.967,1.213;8.788,15.372,0.923;2.199,2.005,0.957;19.010,8.298,0.361;2.280,15.513,1.948;13.374,18.274,0.268;13.316,14.508,0.289;0.568,6.095,0.938;3.098,6.163,0.425;6.816,5.317,0.491;4.424,6.165,1.061;4.055,14.203,1.145;2.339,3.335,2.092;7.811,18.921,0.744;8.652,19.088,0.420;5.921,10.282,0.492;2.431,19.156,0.228;2.185,15.073,2.027;11.957,10.604,0.939;19.649,6.620,0.472;11.281,7.869,0.382;7.288,3.974,0.431;10.341,1.594,1.277;19.506,12.205,0.316;19.617,15.458,0.285;14.317,8.164,0.285;2.365,18.859,0.351;14.189,11.973,1.329;13.490,14.516,1.086;12.545,13.736,1.026;18.102,11.068,0.351;11.388,16.307,0.431;2.960,12.039,1.245;7.017,4.180,2.098;3.118,13.109,0.771;8.750,14.656,0.293;12.054,15.768,0.340;6.525,14.215,2.145;18.779,11.767,1.747;2.514,1.369,0.425;17.179,11.793,0.662;3.419,1.387,1.237;16.737,3.377,0.319;8.526,9.392,0.816;6.185,17.996,0.315;15.205,3.276,0.387;13.718,9.006,1.672;9.759,14.760,0.817;6.998,9.793,1.267;8.603,3.362,1.204;18.237,12.002,1.803;5.279,17.177,2.469"
23,drone_4,17.6076,5.5621,17.0000,17.0000,"2.347,9.515,0.494;18.301,13.223,1.046;6.689,15.596,2.085;17.102,11.298,0.427;8.172,10.967,1.213;8.788,15.372,0.923;2.199,2.005,0.957;19.010,8.298,0.361;2.280,15.513,1.948;13.374,18.274,0.268;13.316,14.508,0.289;0.568,6.095,0.938;3.098,6.163,0.425;6.816,5.317,0.491;4.424,6.165,1.061;4.055,14.203,1.145;2.339,3.335,2.092;7.811,18.921,0.744;8.652,19.088,0.420;5.921,10.282,0.492;2.431,19.156,0.228;2.185,15.073,2.027;11.957,10.604,0.939;19.649,6.620,0.472;11.281,7.869,0.382;7.288,3.974,0.431;10.341,1.594,1.277;19.506,12.205,0.316;19.617,15.458,0.285;14.317,8.164,0.285;2.365,18.859,0.351;14.189,11.973,1.329;13.490,14.516,1.086;12.545,13.736,1.026;18.102,11.068,0.351;11.388,16.307,0.431;2.960,12.039,1.245;7.017,4.180,2.098;3.118,13.109,0.771;8.750,14.656,0.293;12.054,15.768,0.340;6.525,14.215,2.145;18.779,11.767,1.747;2.514,1.369,0.425;17.179,11.793,0.662;3.419,1.387,1.237;16.737,3.377,0.319;8.526,9.392,0.816;6.185,17.996,0.315;15.205,3.276,0.387;13.718,9.006,1.672;9.759,14.760,0.817;6.998,9.793,1.267;8.603,3.362,1.204;18.237,12.002,1.803;5.279,17.177,2.469"
23,drone_5,16.0870,5.9621,17.0000,17.0000,"2.347,9.515,0.494;18.301,13.223,1.046;6.689,15.596,2.085;17.102,11.298,0.427;8.172,10.967,1.213;8.788,15.372,0.923;2.199,2.005,0.957;19.010,8.298,0.361;2.280,15.513,1.948;13.374,18.274,0.268;13.316,14.508,0.289;0.568,6.095,0.938;3.098,6.163,0.425;6.816,5.317,0.491;4.424,6.165,1.061;4.055,14.203,1.145;2.339,3.335,2.092;7.811,18.921,0.744;8.652,19.088,0.420;5.921,10.282,0.492;2.431,19.156,0.228;2.185,15.073,2.027;11.957,10.604,0.939;19.649,6.620,0.472;11.281,7.869,0.382;7.288,3.974,0.431;10.341,1.594,1.277;19.506,12.205,0.316;19.617,15.458,0.285;14.317,8.164,0.285;2.365,18.859,0.351;14.189,11.973,1.329;13.490,14.516,1.086;12.545,13.736,1.026;18.102,11.068,0.351;11.388,16.307,0.431;2.960,12.039,1.245;7.017,4.180,2.098;3.118,13.109,0.771;8.750,14.656,0.293;12.054,15.768,0.340;6.525,14.215,2.145;18.779,11.767,1.747;2.514,1.369,0.425;17.179,11.793,0.662;3.419,1.387,1.237;16.737,3.377,0.319;8.526,9.392,0.816;6.185,17.996,0.315;15.205,3.276,0.387;13.718,9.006,1.672;9.759,14.760,0.817;6.998,9.793,1.267;8.603,3.362,1.204;18.237,12.002,1.803;5.279,17.177,2.469"
23,drone_6,17.3208,6.7065,17.0000,17.0000,"2.347,9.515,0.494;18.301,13.223,1.046;6.689,15.596,2.085;17.102,11.298,0.427;8.172,10.967,1.213;8.788,15.372,0.923;2.199,2.005,0.957;19.010,8.298,0.361;2.280,15.513,1.948;13.374,18.274,0.268;13.316,14.508,0.289;0.568,6.095,0.938;3.098,6.163,0.425;6.816,5.317,0.491;4.424,6.165,1.061;4.055,14.203,1.145;2.339,3.335,2.092;7.811,18.921,0.744;8.652,19.088,0.420;5.921,10.282,0.492;2.431,19.156,0.228;2.185,15.073,2.027;11.957,10.604,0.939;19.649,6.620,0.472;11.281,7.869,0.382;7.288,3.974,0.431;10.341,1.594,1.277;19.506,12.205,0.316;19.617,15.458,0.285;14.317,8.164,0.285;2.365,18.859,0.351;14.189,11.973,1.329;13.490,14.516,1.086;12.545,13.736,1.026;18.102,11.068,0.351;11.388,16.307,0.431;2.960,12.039,1.245;7.017,4.180,2.098;3.118,13.109,0.771;8.750,14.656,0.293;12.054,15.768,0.340;6.525,14.215,2.145;18.779,11.767,1.747;2.514,1.369,0.425;17.179,11.793,0.662;3.419,1.387,1.237;16.737,3.377,0.319;8.526,9.392,0.816;6.185,17.996,0.315;15.205,3.276,0.387;13.718,9.006,1.672;9.759,14.760,0.817;6.998,9.793,1.267;8.603,3.362,1.204;18.237,12.002,1.803;5.279,17.177,2.469"
23,drone_7,15.7483,7.4209,17.0000,17.0000,"2.347,9.515,0.494;18.301,13.223,1.046;6.689,15.596,2.085;17.102,11.298,0.427;8.172,10.967,1.213;8.788,15.372,0.923;2.199,2.005,0.957;19.010,8.298,0.361;2.280,15.513,1.948;13.374,18.274,0.268;13.316,14.508,0.289;0.568,6.095,0.938;3.098,6.163,0.425;6.816,5.317,0.491;4.424,6.165,1.061;4.055,14.203,1.145;2.339,3.335,2.092;7.811,18.921,0.744;8.652,19.088,0.420;5.921,10.282,0.492;2.431,19.156,0.228;2.185,15.073,2.027;11.957,10.604,0.939;19.649,6.620,0.472;11.281,7.869,0.382;7.288,3.974,0.431;10.341,1.594,1.277;19.506,12.205,0.316;19.617,15.458,0.285;14.317,8.164,0.285;2.365,18.859,0.351;14.189,11.973,1.329;13.490,14.516,1.086;12.545,13.736,1.026;18.102,11.068,0.351;11.388,16.307,0.431;2.960,12.039,1.245;7.017,4.180,2.098;3.118,13.109,0.771;8.750,14.656,0.293;12.054,15.768,0.340;6.525,14.215,2.145;18.779,11.767,1.747;2.514,1.369,0.425;17.179,11.793,0.662;3.419,1.387,1.237;16.737,3.377,0.319;8.526,9.392,0.816;6.185,17.996,0.315;15.205,3.276,0.387;13.718,9.006,1.672;9.759,14.760,0.817;6.998,9.793,1.267;8.603,3.362,1.204;18.237,12.002,1.803;5.279,17.177,2.469"
23,drone_8,17.7348,4.7881,17.0000,17.0000,"2.347,9.515,0.494;18.301,13.223,1.046;6.689,15.596,2.085;17.102,11.298,0.427;8.172,10.967,1.213;8.788,15.372,0.923;2.199,2.005,0.957;19.010,8.298,0.361;2.280,15.513,1.948;13.374,18.274,0.268;13.316,14.508,0.289;0.568,6.095,0.938;3.098,6.163,0.425;6.816,5.317,0.491;4.424,6.165,1.061;4.055,14.203,1.145;2.339,3.335,2.092;7.811,18.921,0.744;8.652,19.088,0.420;5.921,10.282,0.492;2.431,19.156,0.228;2.185,15.073,2.027;11.957,10.604,0.939;19.649,6.620,0.472;11.281,7.869,0.382;7.288,3.974,0.431;10.341,1.594,1.277;19.506,12.205,0.316;19.617,15.458,0.285;14.317,8.164,0.285;2.365,18.859,0.351;14.189,11.973,1.329;13.490,14.516,1.086;12.545,13.736,1.026;18.102,11.068,0.351;11.388,16.307,0.431;2.960,12.039,1.245;7.017,4.180,2.098;3.118,13.109,0.771;8.750,14.656,0.293;12.054,15.768,0.340;6.525,14.215,2.145;18.779,11.767,1.747;2.514,1.369,0.425;17.179,11.793,0.662;3.419,1.387,1.237;16.737,3.377,0.319;8.526,9.392,0.816;6.185,17.996,0.315;15.205,3.276,0.387;13.718,9.006,1.672;9.759,14.760,0.817;6.998,9.793,1.267;8.603,3.362,1.204;18.237,12.002,1.803;5.279,17.177,2.469"
23,drone_9,16.2810,5.4929,17.0000,17.0000,"2.347,9.515,0.494;18.301,13.223,1.046;6.689,15.596,2.085;17.102,11.298,0.427;8.172,10.967,1.213;8.788,15.372,0.923;2.199,2.005,0.957;19.010,8.298,0.361;2.280,15.513,1.948;13.374,18.274,0.268;13.316,14.508,0.289;0.568,6.095,0.938;3.098,6.163,0.425;6.816,5.317,0.491;4.424,6.165,1.061;4.055,14.203,1.145;2.339,3.335,2.092;7.811,18.921,0.744;8.652,19.088,0.420;5.921,10.282,0.492;2.431,19.156,0.228;2.185,15.073,2.027;11.957,10.604,0.939;19.649,6.620,0.472;11.281,7.869,0.382;7.288,3.974,0.431;10.341,1.594,1.277;19.506,12.205,0.316;19.617,15.458,0.285;14.317,8.164,0.285;2.365,18.859,0.351;14.189,11.973,1.329;13.490,14.516,1.086;12.545,13.736,1.026;18.102,11.068,0.351;11.388,16.307,0.431;2.960,12.039,1.245;7.017,4.180,2.098;3.118,13.109,0.771;8.750,14.656,0.293;12.054,15.768,0.340;6.525,14.215,2.145;18.779,11.767,1.747;2.514,1.369,0.425;17.179,11.793,0.662;3.419,1.387,1.237;16.737,3.377,0.319;8.526,9.392,0.816;6.185,17.996,0.315;15.205,3.276,0.387;13.718,9.006,1.672;9.759,14.760,0.817;6.998,9.793,1.267;8.603,3.362,1.204;18.237,12.002,1.803;5.279,17.177,2.469"
24,drone_0,15.6206,6.4921,17.0000,17.0000,"2.347,9.515,0.494;18.301,13.223,1.046;6.689,15.596,2.085;17.102,11.298,0.427;8.172,10.967,1.213;8.788,15.372,0.923;2.199,2.005,0.957;19.010,8.298,0.361;2.280,15.513,1.948;13.374,18.274,0.268;13.316,14.508,0.289;0.568,6.095,0.938;3.098,6.163,0.425;6.816,5.317,0.491;4.424,6.165,1.061;4.055,14.203,1.145;2.339,3.335,2.092;7.811,18.921,0.744;8.652,19.088,0.420;5.921,10.282,0.492;2.431,19.156,0.228;2.185,15.073,2.027;11.957,10.604,0.939;19.649,6.620,0.472;11.281,7.869,0.382;7.288,3.974,0.431;10.341,1.594,1.277;19.506,12.205,0.316;19.617,15.458,0.285;14.317,8.164,0.285;2.365,18.859,0.351;14.189,11.973,1.329;13.490,14.516,1.086;12.545,13.736,1.026;18.102,11.068,0.351;11.388,16.307,0.431;2.960,12.039,1.245;7.017,4.180,2.098;3.118,13.109,0.771;8.750,14.656,0.293;12.054,15.768,0.340;6.525,14.215,2.145;18.779,11.767,1.747;2.514,1.369,0.425;17.179,11.793,0.662;3.419,1.387,1.237;16.737,3.377,0.319;8.526,9.392,0.816;6.185,17.996,0.315;15.205,3.276,0.387;13.718,9.006,1.672;9.759,14.760,0.817;6.998,9.793,1.267;8.603,3.362,1.204;18.237,12.002,1.803;5.279,17.177,2.469"
24,drone_1,17.1522,5.6902,17.0000,17.0000,"2.347,9.515,0.494;18.301,13.223,1.046;6.689,15.596,2.085;17.102,11.298,0.427;8.172,10.967,1.213;8.788,15.372,0.923;2.199,2.005,0.957;19.010,8.298,0.361;2.280,15.513,1.948;13.374,18.274,0.268;13.316,14.508,0.289;0.568,6.095,0.938;3.098,6.163,0.425;6.816,5.317,0.491;4.424,6.165,1.061;4.055,14.203,1.145;2.339,3.335,2.092;7.811,18.921,0.744;8.652,19.088,0.420;5.921,10.282,0.492;2.431,19.156,0.228;2.185,15.073,2.027;11.957,10.604,0.939;19.649,6.620,0.472;11.281,7.869,0.382;7.288,3.974,0.431;10.341,1.594,1.277;19.506,12.205,0.316;19.617,15.458,0.285;14.317,8.164,0.285;2.365,18.859,0.351;14.189,11.973,1.329;13.490,14.516,1.086;12.545,13.736,1.026;18.102,11.068,0.351;11.388,16.307,0.431;2.960,12.039,1.245;7.017,4.180,2.098;3.118,13.109,0.771;8.750,14.656,0.293;12.054,15.768,0.340;6.525,14.215,2.145;18.779,11.767,1.747;2.514,1.369,0.425;17.179,11.793,0.662;3.419,1.387,1.237;16.737,3.377,0.319;8.526,9.392,0.816;6.185,17.996,0.315;15.205,3.276,0.387;13.718,9.006,1.672;9.759,14.760,0.817;6.998,9.793,1.267;8.603,3.362,1.204;18.237,12.002,1.803;5.279,17.177,2.469"
24,drone_2,16.4404,7.0610,17.0000,17.0000,"2.347,9.515,0.494;18.301,13.223,1.046;6.689,15.596,2.085;17.102,11.298,0.427;8.172,10.967,1.213;8.788,15.372,0.923;2.199,2.005,0.957;19.010,8.298,0.361;2.280,15.513,1.948;13.374,18.274,0.268;13.316,14.508,0.289;0.568,6.095,0.938;3.098,6.163,0.425;6.816,5.317,0.491;4.424,6.165,1.061;4.055,14.203,1.145;2.339,3.335,2.092;7.811,18.921,0.744;8.652,19.088,0.420;5.921,10.282,0.492;2.431,19.156,0.228;2.185,15.073,2.027;11.957,10.604,0.939;19.649,6.620,0.472;11.281,7.869,0.382;7.288,3.974,0.431;10.341,1.594,1.277;19.506,12.205,0.316;19.617,15.458,0.285;14.317,8.164,0.285;2.365,18.859,0.351;14.189,11.973,1.329;13.490,14.516,1.086;12.545,13.736,1.026;18.102,11.068,0.351;11.388,16.307,0.431;2.960,12.039,1.245;7.017,4.180,2.098;3.118,13.109,0.771;8.750,14.656,0.293;12.054,15.768,0.340;6.525,14.215,2.145;18.779,11.767,1.747;2.514,1.369,0.425;17.179,11.793,0.662;3.419,1.387,1.237;16.737,3.377,0.319;8.526,9.392,0.816;6.185,17.996,0.315;15.205,3.276,0.387;13.718,9.006,1.672;9.759,14.760,0.817;6.998,9.793,1.267;8.603,3.362,1.204;18.237,12.002,1.803;5.279,17.177,2.469"
24,drone_3,13.6728,6.1531,17.0000,17.0000,"2.347,9.515,0.494;18.301,13.223,1.046;6.689,15.596,2.085;17.102,11.298,0.427;8.172,10.967,1.213;8.788,15.372,0.923;2.199,2.005,0.957;19.010,8.298,0.361;2.280,15.513,1.948;13.374,18.274,0.268;13.316,14.508,0.289;0.568,6.095,0.938;3.098,6.163,0.425;6.816,5.317,0.491;4.424,6.165,1.061;4.055,14.203,1.145;2.339,3.335,2.092;7.811,18.921,0.744;8.652,19.088,0.420;5.921,10.282,0.492;2.431,19.156,0.228;2.185,15.073,2.027;11.957,10.604,0.939;19.649,6.620,0.472;11.281,7.869,0.382;7.288,3.974,0.431;10.341,1.594,1.277;19.506,12.205,0.316;19.617,15.458,0.285;14.317,8.164,0.285;2.365,18.859,0.351;14.189,11.973,1.329;13.490,14.516,1.086;12.545,13.736,1.026;18.102,11.068,0.351;11.388,16.307,0.431;2.960,12.039,1.245;7.017,4.180,2.098;3.118,13.109,0.771;8.750,14.656,0.293;12.054,15.768,0.340;6.525,14.215,2.145;18.779,11.767,1.747;2.514,1.369,0.425;17.179,11.793,0.662;3.419,1.387,1.237;16.737,3.377,0.319;8.526,9.392,0.816;6.185,17.996,0.315;15.205,3.276,0.387;13.718,9.006,1.672;9.759,14.760,0.817;6.998,9.793,1.267;8.603,3.362,1.204;18.237,12.002,1.803;5.279,17.177,2.469"
24,drone_4,17.7854,5.6537,17.0000,17.0000,"2.347,9.515,0.494;18.301,13.223,1.046;6.689,15.596,2.085;17.102,11.298,0.427;8.172,10.967,1.213;8.788,15.372,0.923;2.199,2.005,0.957;19.010,8.298,0.361;2.280,15.513,1.948;13.374,18.274,0.268;13.316,14.508,0.289;0.568,6.095,0.938;3.098,6.163,0.425;6.816,5.317,0.491;4.424,6.165,1.061;4.055,14.203,1.145;2.339,3.335,2.092;7.811,18.921,0.744;8.652,19.088,0.420;5.921,10.282,0.492;2.431,19.156,0.228;2.185,15.073,2.027;11.957,10.604,0.939;19.649,6.620,0.472;11.281,7.869,0.382;7.288,3.974,0.431;10.341,1.594,1.277;19.506,12.205,0.316;19.617,15.458,0.285;14.317,8.164,0.285;2.365,18.859,0.351;14.189,11.973,1.329;13.490,14.516,1.086;12.545,13.736,1.026;18.102,11.068,0.351;11.388,16.307,0.431;2.960,12.039,1.245;7.017,4.180,2.098;3.118,13.109,0.771;8.750,14.656,0.293;12.054,15.768,0.340;6.525,14.215,2.145;18.779,11.767,1.747;2.514,1.369,0.425;17.179,11.793,0.662;3.419,1.387,1.237;16.737,3.377,0.319;8.526,9.392,0.816;6.185,17.996,0.315;15.205,3.276,0.387;13.718,9.006,1.672;9.759,14.760,0.817;6.998,9.793,1.267;8.603,3.362,1.204;18.237,12.002,1.803;5.279,17.177,2.469"
24,drone_5,16.2652,6.0530,17.0000,17.0000,"2.347,9.515,0.494;18.301,13.223,1.046;6.689,15.596,2.085;17.102,11.298,0.427;8.172,10.967,1.213;8.788,15.372,0.923;2.199,2.005,0.957;19.010,8.298,0.361;2.280,15.513,1.948;13.374,18.274,0.268;13.316,14.508,0.289;0.568,6.095,0.938;3.098,6.163,0.425;6.816,5.317,0.491;4.424,6.165,1.061;4.055,14.203,1.145;2.339,3.335,2.092;7.811,18.921,0.744;8.652,19.088,0.420;5.921,10.282,0.492;2.431,19.156,0.228;2.185,15.073,2.027;11.957,10.604,0.939;19.649,6.620,0.472;11.281,7.869,0.382;7.288,3.974,0.431;10.341,1.594,1.277;19.506,12.205,0.316;19.617,15.458,0.285;14.317,8.164,0.285;2.365,18.859,0.351;14.189,11.973,1.329;13.490,14.516,1.086;12.545,13.736,1.026;18.102,11.068,0.351;11.388,16.307,0.431;2.960,12.039,1.245;7.017,4.180,2.098;3.118,13.109,0.771;8.750,14.656,0.293;12.054,15.768,0.340;6.525,14.215,2.145;18.779,11.767,1.747;2.514,1.369,0.425;17.179,11.793,0.662;3.419,1.387,1.237;16.737,3.377,0.319;8.526,9.392,0.816;6.185,17.996,0.315;15.205,3.276,0.387;13.718,9.006,1.672;9.759,14.760,0.817;6.998,9.793,1.267;8.603,3.362,1.204;18.237,12.002,1.803;5.279,17.177,2.469"
24,drone_6,17.4786,6.8294,17.0000,17.0000,"2.347,9.515,0.494;18.301,13.223,1.046;6.689,15.596,2.085;17.102,11.298,0.427;8.172,10.967,1.213;8.788,15.372,0.923;2.199,2.005,0.957;19.010,8.298,0.361;2.280,15.513,1.948;13.374,18.274,0.268;13.316,14.508,0.289;0.568,6.095,0.938;3.098,6.163,0.425;6.816,5.317,0.491;4.424,6.165,1.061;4.055,14.203,1.145;2.339,3.335,2.092;7.811,18.921,0.744;8.652,19.088,0.420;5.921,10.282,0.492;2.431,19.156,0.228;2.185,15.073,2.027;11.957,10.604,0.939;19.649,6.620,0.472;11.281,7.869,0.382;7.288,3.974,0.431;10.341,1.594,1.277;19.506,12.205,0.316;19.617,15.458,0.285;14.317,8.164,0.285;2.365,18.859,0.351;14.189,11.973,1.329;13.490,14.516,1.086;12.545,13.736,1.026;18.102,11.068,0.351;11.388,16.307,0.431;2.960,12.039,1.245;7.017,4.180,2.098;3.118,13.109,0.771;8.750,14.656,0.293;12.054,15.768,0.340;6.525,14.215,2.145;18.779,11.767,1.747;2.514,1.369,0.425;17.179,11.793,0.662;3.419,1.387,1.237;16.737,3.377,0.319;8.526,9.392,0.816;6.185,17.996,0.315;15.205,3.276,0.387;13.718,9.006,1.672;9.759,14.760,0.817;6.998,9.793,1.267;8.603,3.362,1.204;18.237,12.002,1.803;5.279,17.177,2.469"
24,drone_7,15.9371,7.4868,17.0000,17.0000,"2.347,9.515,0.494;18.301,13.223,1.046;6.689,15.596,2.085;17.102,11.298,0.427;8.172,10.967,1.213;8.788,15.372,0.923;2.199,2.005,0.957;19.010,8.298,0.361;2.280,15.513,1.948;13.374,18.274,0.268;13.316,14.508,0.289;0.568,6.095,0.938;3.098,6.163,0.425;6.816,5.317,0.491;4.424,6.165,1.061;4.055,14.203,1.145;2.339,3.335,2.092;7.811,18.921,0.744;8.652,19.088,0.420;5.921,10.282,0.492;2.431,19.156,0.228;2.185,15.073,2.027;11.957,10.604,0.939;19.649,6.620,0.472;11.281,7.869,0.382;7.288,3.974,0.431;10.341,1.594,1.277;19.506,12.205,0.316;19.617,15.458,0.285;14.317,8.164,0.285;2.365,18.859,0.351;14.189,11.973,1.329;13.490,14.516,1.086;12.545,13.736,1.026;18.102,11.068,0.351;11.388,16.307,0.431;2.960,12.039,1.245;7.017,4.180,2.098;3.118,13.109,0.771;8.750,14.656,0.293;12.054,15.768,0.340;6.525,14.215,2.145;18.779,11.767,1.747;2.514,1.369,0.425;17.179,11.793,0.662;3.419,1.387,1.237;16.737,3.377,0.319;8.526,9.392,0.816;6.185,17.996,0.315;15.205,3.276,0.387;13.718,9.006,1.672;9.759,14.760,0.817;6.998,9.793,1.267;8.603,3.362,1.204;18.237,12.002,1.803;5.279,17.177,2.469"
24,drone_8,17.9149,4.8749,17.0000,17.0000,"2.347,9.515,0.494;18.301,13.223,1.046;6.689,15.596,2.085;17.102,11.298,0.427;8.172,10.967,1.213;8.788,15.372,0.923;2.199,2.005,0.957;19.010,8.298,0.361;2.280,15.513,1.948;13.374,18.274,0.268;13.316,14.508,0.289;0.568,6.095,0.938;3.098,6.163,0.425;6.816,5.317,0.491;4.424,6.165,1.061;4.055,14.203,1.145;2.339,3.335,2.092;7.811,18.921,0.744;8.652,19.088,0.420;5.921,10.282,0.492;2.431,19.156,0.228;2.185,15.073,2.027;11.957,10.604,0.939;19.649,6.620,0.472;11.281,7.869,0.382;7.288,3.974,0.431;10.341,1.594,1.277;19.506,12.205,0.316;19.617,15.458,0.285;14.317,8.164,0.285;2.365,18.859,0.351;14.189,11.973,1.329;13.490,14.516,1.086;12.545,13.736,1.026;18.102,11.068,0.351;11.388,16.307,0.431;2.960,12.039,1.245;7.017,4.180,2.098;3.118,13.109,0.771;8.750,14.656,0.293;12.054,15.768,0.340;6.525,14.215,2.145;18.779,11.767,1.747;2.514,1.369,0.425;17.179,11.793,0.662;3.419,1.387,1.237;16.737,3.377,0.319;8.526,9.392,0.816;6.185,17.996,0.315;15.205,3.276,0.387;13.718,9.006,1.672;9.759,14.760,0.817;6.998,9.793,1.267;8.603,3.362,1.204;18.237,12.002,1.803;5.279,17.177,2.469"
24,drone_9,16.4647,5.5720,17.0000,17.0000,"2.347,9.515,0.494;18.301,13.223,1.046;6.689,15.596,2.085;17.102,11.298,0.427;8.172,10.967,1.213;8.788,15.372,0.923;2.199,2.005,0.957;19.010,8.298,0.361;2.280,15.513,1.948;13.374,18.274,0.268;13.316,14.508,0.289;0.568,6.095,0.938;3.098,6.163,0.425;6.816,5.317,0.491;4.424,6.165,1.061;4.055,14.203,1.145;2.339,3.335,2.092;7.811,18.921,0.744;8.652,19.088,0.420;5.921,10.282,0.492;2.431,19.156,0.228;2.185,15.073,2.027;11.957,10.604,0.939;19.649,6.620,0.472;11.281,7.869,0.382;7.288,3.974,0.431;10.341,1.594,1.277;19.506,12.205,0.316;19.617,15.458,0.285;14.317,8.164,0.285;2.365,18.859,0.351;14.189,11.973,1.329;13.490,14.516,1.086;12.545,13.736,1.026;18.102,11.068,0.351;11.388,16.307,0.431;2.960,12.039,1.245;7.017,4.180,2.098;3.118,13.109,0.771;8.750,14.656,0.293;12.054,15.768,0.340;6.525,14.215,2.145;18.779,11.767,1.747;2.514,1.369,0.425;17.179,11.793,0.662;3.419,1.387,1.237;16.737,3.377,0.319;8.526,9.392,0.816;6.185,17.996,0.315;15.205,3.276,0.387;13.718,9.006,1.672;9.759,14.760,0.817;6.998,9.793,1.267;8.603,3.362,1.204;18.237,12.002,1.803;5.279,17.177,2.469"
25,drone_0,15.8041,6.5716,17.0000,17.0000,"2.347,9.515,0.494;18.301,13.223,1.046;6.689,15.596,2.085;17.102,11.298,0.427;8.172,10.967,1.213;8.788,15.372,0.923;2.199,2.005,0.957;19.010,8.298,0.361;2.280,15.513,1.948;13.374,18.274,0.268;13.316,14.508,0.289;0.568,6.095,0.938;3.098,6.163,0.425;6.816,5.317,0.491;4.424,6.165,1.061;4.055,14.203,1.145;2.339,3.335,2.092;7.811,18.921,0.744;8.652,19.088,0.420;5.921,10.282,0.492;2.431,19.156,0.228;2.185,15.073,2.027;11.957,10.604,0.939;19.649,6.620,0.472;11.281,7.869,0.382;7.288,3.974,0.431;10.341,1.594,1.277;19.506,12.205,0.316;19.617,15.458,0.285;14.317,8.164,0.285;2.365,18.859,0.351;14.189,11.973,1.329;13.490,14.516,1.086;12.545,13.736,1.026;18.102,11.068,0.351;11.388,16.307,0.431;2.960,12.039,1.245;7.017,4.180,2.098;3.118,13.109,0.771;8.750,14.656,0.293;12.054,15.768,0.340;6.525,14.215,2.145;18.779,11.767,1.747;2.514,1.369,0.425;17.179,11.793,0.662;3.419,1.387,1.237;16.737,3.377,0.319;8.526,9.392,0.816;6.185,17.996,0.315;15.205,3.276,0.387;13.718,9.006,1.672;9.759,14.760,0.817;6.998,9.793,1.267;8.603,3.362,1.204;18.237,12.002,1.803;5.279,17.177,2.469"
25,drone_1,17.3109,5.8120,17.0000,17.0000,"2.347,9.515,0.494;18.301,13.223,1.046;6.689,15.596,2.085;17.102,11.298,0.427;8.172,10.967,1.213;8.788,15.372,0.923;2.199,2.005,0.957;19.010,8.298,0.361;2.280,15.513,1.948;13.374,18.274,0.268;13.316,14.508,0.289;0.568,6.095,0.938;3.098,6.163,0.425;6.816,5.317,0.491;4.424,6.165,1.061;4.055,14.203,1.145;2.339,3.335,2.092;7.811,18.921,0.744;8.652,19.088,0.420;5.921,10.282,0.492;2.431,19.156,0.228;2.185,15.073,2.027;11.957,10.604,0.939;19.649,6.620,0.472;11.281,7.869,0.382;7.288,3.974,0.431;10.341,1.594,1.277;19.506,12.205,0.316;19.617,15.458,0.285;14.317,8.164,0.285;2.365,18.859,0.351;14.189,11.973,1.329;13.490,14.516,1.086;12.545,13.736,1.026;18.102,11.068,0.351;11.388,16.307,0.431;2.960,12.039,1.245;7.017,4.180,2.098;3.118,13.109,0.771;8.750,14.656,0.293;12.054,15.768,0.340;6.525,14.215,2.145;18.779,11.767,1.747;2.514,1.369,0.425;17.179,11.793,0.662;3.419,1.387,1.237;16.737,3.377,0.319;8.526,9.392,0.816;6.185,17.996,0.315;15.205,3.276,0.387;13.718,9.006,1.672;9.759,14.760,0.817;6.998,9.793,1.267;8.603,3.362,1.204;18.237,12.002,1.803;5.279,17.177,2.469"
25,drone_2,16.6243,7.1395,17.0000,17.0000,"2.347,9.515,0.494;18.301,13.223,1.046;6.689,15.596,2.085;17.102,11.298,0.427;8.172,10.967,1.213;8.788,15.372,0.923;2.199,2.005,0.957;19.010,8.298,0.361;2.280,15.513,1.948;13.374,18.274,0.268;13.316,14.508,0.289;0.568,6.095,0.938;3.098,6.163,0.425;6.816,5.317,0.491;4.424,6.165,1.061;4.055,14.203,1.145;2.339,3.335,2.092;7.811,18.921,0.744;8.652,19.088,0.420;5.921,10.282,0.492;2.431,19.156,0.228;2.185,15.073,2.027;11.957,10.604,0.939;19.649,6.620,0.472;11.281,7.869,0.382;7.288,3.974,0.431;10.341,1.594,1.277;19.506,12.205,0.316;19.617,15.458,0.285;14.317,8.164,0.285;2.365,18.859,0.351;14.189,11.973,1.329;13.490,14.516,1.086;12.545,13.736,1.026;18.102,11.068,0.351;11.388,16.307,0.431;2.960,12.039,1.245;7.017,4.180,2.098;3.118,13.109,0.771;8.750,14.656,0.293;12.054,15.768,0.340;6.525,14.215,2.145;18.779,11.767,1.747;2.514,1.369,0.425;17.179,11.793,0.662;3.419,1.387,1.237;16.737,3.377,0.319;8.526,9.392,0.816;6.185,17.996,0.315;15.205,3.276,0.387;13.718,9.006,1.672;9.759,14.760,0.817;6.998,9.793,1.267;8.603,3.362,1.204;18.237,12.002,1.803;5.279,17.177,2.469"
25,drone_3,13.6677,6.3141,17.0000,17.0000,"2.347,9.515,0.494;18.301,13.223,1.046;6.689,15.596,2.085;17.102,11.298,0.427;8.172,10.967,1.213;8.788,15.372,0.923;2.199,2.005,0.957;19.010,8.298,0.361;2.280,15.513,1.948;13.374,18.274,0.268;13.316,14.508,0.289;0.568,6.095,0.938;3.098,6.163,0.425;6.816,5.317,0.491;4.424,6.165,1.061;4.055,14.203,1.145;2.339,3.335,2.092;7.811,18.921,0.744;8.652,19.088,0.420;5.921,10.282,0.492;2.431,19.156,0.228;2.185,15.073,2.027;11.957,10.604,0.939;19.649,6.620,0.472;11.281,7.869,0.382;7.288,3.974,0.431;10.341,1.594,1.277;19.506,12.205,0.316;19.617,15.458,0.285;14.317,8.164,0.285;2.365,18.859,0.351;14.189,11.973,1.329;13.490,14.516,1.086;12.545,13.736,1.026;18.102,11.068,0.351;11.388,16.307,0.431;2.960,12.039,1.245;7.017,4.180,2.098;3.118,13.109,0.771;8.750,14.656,0.293;12.054,15.768,0.340;6.525,14.215,2.145;18.779,11.767,1.747;2.514,1.369,0.425;17.179,11.793,0.662;3.419,1.387,1.237;16.737,3.377,0.319;8.526,9.392,0.816;6.185,17.996,0.315;15.205,3.276,0.387;13.718,9.006,1.672;9.759,14.760,0.817;6.998,9.793,1.267;8.603,3.362,1.204;18.237,12.002,1.803;5.279,17.177,2.469"
25,drone_4,17.9561,5.7580,17.0000,17.0000,"2.347,9.515,0.494;18.301,13.223,1.046;6.689,15.596,2.085;17.102,11.298,0.427;8.172,10.967,1.213;8.788,15.372,0.923;2.199,2.005,0.957;19.010,8.298,0.361;2.280,15.513,1.948;13.374,18.274,0.268;13.316,14.508,0.289;0.568,6.095,0.938;3.098,6.163,0.425;6.816,5.317,0.491;4.424,6.165,1.061;4.055,14.203,1.145;2.339,3.335,2.092;7.811,18.921,0.744;8.652,19.088,0.420;5.921,10.282,0.492;2.431,19.156,0.228;2.185,15.073,2.027;11.957,10.604,0.939;19.649,6.620,0.472;11.281,7.869,0.382;7.288,3.974,0.431;10.341,1.594,1.277;19.506,12.205,0.316;19.617,15.458,0.285;14.317,8.164,0.285;2.365,18.859,0.351;14.189,11.973,1.329;13.490,14.516,1.086;12.545,13.736,1.026;18.102,11.068,0.351;11.388,16.307,0.431;2.960,12.039,1.245;7.017,4.180,2.098;3.118,13.109,0.771;8.750,14.656,0.293;12.054,15.768,0.340;6.525,14.215,2.145;18.779,11.767,1.747;2.514,1.369,0.425;17.179,11.793,0.662;3.419,1.387,1.237;16.737,3.377,0.319;8.526,9.392,0.816;6.185,17.996,0.315;15.205,3.276,0.387;13.718,9.006,1.672;9.759,14.760,0.817;6.998,9.793,1.267;8.603,3.362,1.204;18.237,12.002,1.803;5.279,17.177,2.469"
25,drone_5,16.4399,6.1502,17.0000,17.0000,"2.347,9.515,0.494;18.301,13.223,1.046;6.689,15.596,2.085;17.102,11.298,0.427;8.172,10.967,1.213;8.788,15.372,0.923;2.199,2.005,0.957;19.010,8.298,0.361;2.280,15.513,1.948;13.374,18.274,0.268;13.316,14.508,0.289;0.568,6.095,0.938;3.098,6.163,0.425;6.816,5.317,0.491;4.424,6.165,1.061;4.055,14.203,1.145;2.339,3.335,2.092;7.811,18.921,0.744;8.652,19.088,0.420;5.921,10.282,0.492;2.431,19.156,0.228;2.185,15.073,2.027;11.957,10.604,0.939;19.649,6.620,0.472;11.281,7.869,0.382;7.288,3.974,0.431;10.341,1.594,1.277;19.506,12.205,0.316;19.617,15.458,0.285;14.317,8.164,0.285;2.365,18.859,0.351;14.189,11.973,1.329;13.490,14.516,1.086;12.545,13.736,1.026;18.102,11.068,0.351;11.388,16.307,0.431;2.960,12.039,1.245;7.017,4.180,2.098;3.118,13.109,0.771;8.750,14.656,0.293;12.054,15.768,0.340;6.525,14.215,2.145;18.779,11.767,1.747;2.514,1.369,0.425;17.179,11.793,0.662;3.419,1.387,1.237;16.737,3.377,0.319;8.526,9.392,0.816;6.185,17.996,0.315;15.205,3.276,0.387;13.718,9.006,1.672;9.759,14.760,0.817;6.998,9.793,1.267;8.603,3.362,1.204;18.237,12.002,1.803;5.279,17.177,2.469"
25,drone_6,17.6340,6.9553,17.0000,17.0000,"2.347,9.515,0.494;18.301,13.223,1.046;6.689,15.596,2.085;17.102,11.298,0.427;8.172,10.967,1.213;8.788,15.372,0.923;2.199,2.005,0.957;19.010,8.298,0.361;2.280,15.513,1.948;13.374,18.274,0.268;13.316,14.508,0.289;0.568,6.095,0.938;3.098,6.163,0.425;6.816,5.317,0.491;4.424,6.165,1.061;4.055,14.203,1.145;2.339,3.335,2.092;7.811,18.921,0.744;8.652,19.088,0.420;5.921,10.282,0.492;2.431,19.156,0.228;2.185,15.073,2.027;11.957,10.604,0.939;19.649,6.620,0.472;11.281,7.869,0.382;7.288,3.974,0.431;10.341,1.594,1.277;19.506,12.205,0.316;19.617,15.458,0.285;14.317,8.164,0.285;2.365,18.859,0.351;14.189,11.973,1.329;13.490,14.516,1.086;12.545,13.736,1.026;18.102,11.068,0.351;11.388,16.307,0.431;2.960,12.039,1.245;7.017,4.180,2.098;3.118,13.109,0.771;8.750,14.656,0.293;12.054,15.768,0.340;6.525,14.215,2.145;18.779,11.767,1.747;2.514,1.369,0.425;17.179,11.793,0.662;3.419,1.387,1.237;16.737,3.377,0.319;8.526,9.392,0.816;6.185,17.996,0.315;15.205,3.276,0.387;13.718,9.006,1.672;9.759,14.760,0.817;6.998,9.793,1.267;8.603,3.362,1.204;18.237,12.002,1.803;5.279,17.177,2.469"
25,drone_7,16.1188,7.5703,17.0000,17.0000,"2.347,9.515,0.494;18.301,13.223,1.046;6.689,15.596,2.085;17.102,11.298,0.427;8.172,10.967,1.213;8.788,15.372,0.923;2.199,2.005,0.957;19.010,8.298,0.361;2.280,15.513,1.948;13.374,18.274,0.268;13.316,14.508,0.289;0.568,6.095,0.938;3.098,6.163,0.425;6.816,5.317,0.491;4.424,6.165,1.061;4.055,14.203,1.145;2.339,3.335,2.092;7.811,18.921,0.744;8.652,19.088,0.420;5.921,10.282,0.492;2.431,19.156,0.228;2.185,15.073,2.027;11.957,10.604,0.939;19.649,6.620,0.472;11.281,7.869,0.382;7.288,3.974,0.431;10.341,1.594,1.277;19.506,12.205,0.316;19.617,15.458,0.285;14.317,8.164,0.285;2.365,18.859,0.351;14.189,11.973,1.329;13.490,14.516,1.086;12.545,13.736,1.026;18.102,11.068,0.351;11.388,16.307,0.431;2.960,12.039,1.245;7.017,4.180,2.098;3.118,13.109,0.771;8.750,14.656,0.293;12.054,15.768,0.340;6.525,14.215,2.145;18.779,11.767,1.747;2.514,1.369,0.425;17.179,11.793,0.662;3.419,1.387,1.237;16.737,3.377,0.319;8.526,9.392,0.816;6.185,17.996,0.315;15.205,3.276,0.387;13.718,9.006,1.672;9.759,14.760,0.817;6.998,9.793,1.267;8.603,3.362,1.204;18.237,12.002,1.803;5.279,17.177,2.469"
25,drone_8,18.0868,4.9773,17.0000,17.0000,"2.347,9.515,0.494;18.301,13.223,1.046;6.689,15.596,2.085;17.102,11.298,0.427;8.172,10.967,1.213;8.788,15.372,0.923;2.199,2.005,0.957;19.010,8.298,0.361;2.280,15.513,1.948;13.374,18.274,0.268;13.316,14.508,0.289;0.568,6.095,0.938;3.098,6.163,0.425;6.816,5.317,0.491;4.424,6.165,1.061;4.055,14.203,1.145;2.339,3.335,2.092;7.811,18.921,0.744;8.652,19.088,0.420;5.921,10.282,0.492;2.431,19.156,0.228;2.185,15.073,2.027;11.957,10.604,0.939;19.649,6.620,0.472;11.281,7.869,0.382;7.288,3.974,0.431;10.341,1.594,1.277;19.506,12.205,0.316;19.617,15.458,0.285;14.317,8.164,0.285;2.365,18.859,0.351;14.189,11.973,1.329;13.490,14.516,1.086;12.545,13.736,1.026;18.102,11.068,0.351;11.388,16.307,0.431;2.960,12.039,1.245;7.017,4.180,2.098;3.118,13.109,0.771;8.750,14.656,0.293;12.054,15.768,0.340;6.525,14.215,2.145;18.779,11.767,1.747;2.514,1.369,0.425;17.179,11.793,0.662;3.419,1.387,1.237;16.737,3.377,0.319;8.526,9.392,0.816;6.185,17.996,0.315;15.205,3.276,0.387;13.718,9.006,1.672;9.759,14.760,0.817;6.998,9.793,1.267;8.603,3.362,1.204;18.237,12.002,1.803;5.279,17.177,2.469"
25,drone_9,16.6509,5.6450,17.0000,17.0000,"2.347,9.515,0.494;18.301,13.223,1.046;6.689,15.596,2.085;17.102,11.298,0.427;8.172,10.967,1.213;8.788,15.372,0.923;2.199,2.005,0.957;19.010,8.298,0.361;2.280,15.513,1.948;13.374,18.274,0.268;13.316,14.508,0.289;0.568,6.095,0.938;3.098,6.163,0.425;6.816,5.317,0.491;4.424,6.165,1.061;4.055,14.203,1.145;2.339,3.335,2.092;7.811,18.921,0.744;8.652,19.088,0.420;5.921,10.282,0.492;2.431,19.156,0.228;2.185,15.073,2.027;11.957,10.604,0.939;19.649,6.620,0.472;11.281,7.869,0.382;7.288,3.974,0.431;10.341,1.594,1.277;19.506,12.205,0.316;19.617,15.458,0.285;14.317,8.164,0.285;2.365,18.859,0.351;14.189,11.973,1.329;13.490,14.516,1.086;12.545,13.736,1.026;18.102,11.068,0.351;11.388,16.307,0.431;2.960,12.039,1.245;7.017,4.180,2.098;3.118,13.109,0.771;8.750,14.656,0.293;12.054,15.768,0.340;6.525,14.215,2.145;18.779,11.767,1.747;2.514,1.369,0.425;17.179,11.793,0.662;3.419,1.387,1.237;16.737,3.377,0.319;8.526,9.392,0.816;6.185,17.996,0.315;15.205,3.276,0.387;13.718,9.006,1.672;9.759,14.760,0.817;6.998,9.793,1.267;8.603,3.362,1.204;18.237,12.002,1.803;5.279,17.177,2.469"
26,drone_0,15.9866,6.6534,17.0000,17.0000,"2.347,9.515,0.494;18.301,13.223,1.046;6.689,15.596,2.085;17.102,11.298,0.427;8.172,10.967,1.213;8.788,15.372,0.923;2.199,2.005,0.957;19.010,8.298,0.361;2.280,15.513,1.948;13.374,18.274,0.268;13.316,14.508,0.289;0.568,6.095,0.938;3.098,6.163,0.425;6.816,5.317,0.491;4.424,6.165,1.061;4.055,14.203,1.145;2.339,3.335,2.092;7.811,18.921,0.744;8.652,19.088,0.420;5.921,10.282,0.492;2.431,19.156,0.228;2.185,15.073,2.027;11.957,10.604,0.939;19.649,6.620,0.472;11.281,7.869,0.382;7.288,3.974,0.431;10.341,1.594,1.277;19.506,12.205,0.316;19.617,15.458,0.285;14.317,8.164,0.285;2.365,18.859,0.351;14.189,11.973,1.329;13.490,14.516,1.086;12.545,13.736,1.026;18.102,11.068,0.351;11.388,16.307,0.431;2.960,12.039,1.245;7.017,4.180,2.098;3.118,13.109,0.771;8.750,14.656,0.293;12.054,15.768,0.340;6.525,14.215,2.145;18.779,11.767,1.747;2.514,1.369,0.425;17.179,11.793,0.662;3.419,1.387,1.237;16.737,3.377,0.319;8.526,9.392,0.816;6.185,17.996,0.315;15.205,3.276,0.387;13.718,9.006,1.672;9.759,14.760,0.817;6.998,9.793,1.267;8.603,3.362,1.204;18.237,12.002,1.803;5.279,17.177,2.469"
26,drone_1,17.4688,5.9348,17.0000,17.0000,"2.347,9.515,0.494;18.301,13.223,1.046;6.689,15.596,2.085;17.102,11.298,0.427;8.172,10.967,1.213;8.788,15.372,0.923;2.199,2.005,0.957;19.010,8.298,0.361;2.280,15.513,1.948;13.374,18.274,0.268;13.316,14.508,0.289;0.568,6.095,0.938;3.098,6.163,0.425;6.816,5.317,0.491;4.424,6.165,1.061;4.055,14.203,1.145;2.339,3.335,2.092;7.811,18.921,0.744;8.652,19.088,0.420;5.921,10.282,0.492;2.431,19.156,0.228;2.185,15.073,2.027;11.957,10.604,0.939;19.649,6.620,0.472;11.281,7.869,0.382;7.288,3.974,0.431;10.341,1.594,1.277;19.506,12.205,0.316;19.617,15.458,0.285;14.317,8.164,0.285;2.365,18.859,0.351;14.189,11.973,1.329;13.490,14.516,1.086;12.545,13.736,1.026;18.102,11.068,0.351;11.388,16.307,0.431;2.960,12.039,1.245;7.017,4.180,2.098;3.118,13.109,0.771;8.750,14.656,0.293;12.054,15.768,0.340;6.525,14.215,2.145;18.779,11.767,1.747;2.514,1.369,0.425;17.179,11.793,0.662;3.419,1.387,1.237;16.737,3.377,0.319;8.526,9.392,0.816;6.185,17.996,0.315;15.205,3.276,0.387;13.718,9.006,1.672;9.759,14.760,0.817;6.998,9.793,1.267;8.603,3.362,1.204;18.237,12.002,1.803;5.279,17.177,2.469"
26,drone_2,16.8062,7.2227,17.0000,17.0000,"2.347,9.515,0.494;18.301,13.223,1.046;6.689,15.596,2.085;17.102,11.298,0.427;8.172,10.967,1.213;8.788,15.372,0.923;2.199,2.005,0.957;19.010,8.298,0.361;2.280,15.513,1.948;13.374,18.274,0.268;13.316,14.508,0.289;0.568,6.095,0.938;3.098,6.163,0.425;6.816,5.317,0.491;4.424,6.165,1.061;4.055,14.203,1.145;2.339,3.335,2.092;7.811,18.921,0.744;8.652,19.088,0.420;5.921,10.282,0.492;2.431,19.156,0.228;2.185,15.073,2.027;11.957,10.604,0.939;19.649,6.620,0.472;11.281,7.869,0.382;7.288,3.974,0.431;10.341,1.594,1.277;19.506,12.205,0.316;19.617,15.458,0.285;14.317,8.164,0.285;2.365,18.859,0.351;14.189,11.973,1.329;13.490,14.516,1.086;12.545,13.736,1.026;18.102,11.068,0.351;11.388,16.307,0.431;2.960,12.039,1.245;7.017,4.180,2.098;3.118,13.109,0.771;8.750,14.656,0.293;12.054,15.768,0.340;6.525,14.215,2.145;18.779,11.767,1.747;2.514,1.369,0.425;17.179,11.793,0.662;3.419,1.387,1.237;16.737,3.377,0.319;8.526,9.392,0.816;6.185,17.996,0.315;15.205,3.276,0.387;13.718,9.006,1.672;9.759,14.760,0.817;6.998,9.793,1.267;8.603,3.362,1.204;18.237,12.002,1.803;5.279,17.177,2.469"
26,drone_3,13.7107,6.4773,17.0000,17.0000,"2.347,9.515,0.494;18.301,13.223,1.046;6.689,15.596,2.085;17.102,11.298,0.427;8.172,10.967,1.213;8.788,15.372,0.923;2.199,2.005,0.957;19.010,8.298,0.361;2.280,15.513,1.948;13.374,18.274,0.268;13.316,14.508,0.289;0.568,6.095,0.938;3.098,6.163,0.425;6.816,5.317,0.491;4.424,6.165,1.061;4.055,14.203,1.145;2.339,3.335,2.092;7.811,18.921,0.744;8.652,19.088,0.420;5.921,10.282,0.492;2.431,19.156,0.228;2.185,15.073,2.027;11.957,10.604,0.939;19.649,6.620,0.472;11.281,7.869,0.382;7.288,3.974,0.431;10.341,1.594,1.277;19.506,12.205,0.316;19.617,15.458,0.285;14.317,8.164,0.285;2.365,18.859,0.351;14.189,11.973,1.329;13.490,14.516,1.086;12.545,13.736,1.026;18.102,11.068,0.351;11.388,16.307,0.431;2.960,12.039,1.245;7.017,4.180,2.098;3.118,13.109,0.771;8.750,14.656,0.293;12.054,15.768,0.340;6.525,14.215,2.145;18.779,11.767,1.747;2.514,1.369,0.425;17.179,11.793,0.662;3.419,1.387,1.237;16.737,3.377,0.319;8.526,9.392,0.816;6.185,17.996,0.315;15.205,3.276,0.387;13.718,9.006,1.672;9.759,14.760,0.817;6.998,9.793,1.267;8.603,3.362,1.204;18.237,12.002,1.803;5.279,17.177,2.469"
26,drone_4,18.1237,5.8671,17.0000,17.0000,"2.347,9.515,0.494;18.301,13.223,1.046;6.689,15.596,2.085;17.102,11.298,0.427;8.172,10.967,1.213;8.788,15.372,0.923;2.199,2.005,0.957;19.010,8.298,0.361;2.280,15.513,1.948;13.374,18.274,0.268;13.316,14.508,0.289;0.568,6.095,0.938;3.098,6.163,0.425;6.816,5.317,0.491;4.424,6.165,1.061;4.055,14.203,1.145;2.339,3.335,2.092;7.811,18.921,0.744;8.652,19.088,0.420;5.921,10.282,0.492;2.431,19.156,0.228;2.185,15.073,2.027;11.957,10.604,0.939;19.649,6.620,0.472;11.281,7.869,0.382;7.288,3.974,0.431;10.341,1.594,1.277;19.506,12.205,0.316;19.617,15.458,0.285;14.317,8.164,0.285;2.365,18.859,0.351;14.189,11.973,1.329;13.490,14.516,1.086;12.545,13.736,1.026;18.102,11.068,0.351;11.388,16.307,0.431;2.960,12.039,1.245;7.017,4.180,2.098;3.118,13.109,0.771;8.750,14.656,0.293;12.054,15.768,0.340;6.525,14.215,2.145;18.779,11.767,1.747;2.514,1.369,0.425;17.179,11.793,0.662;3.419,1.387,1.237;16.737,3.377,0.319;8.526,9.392,0.816;6.185,17.996,0.315;15.205,3.276,0.387;13.718,9.006,1.672;9.759,14.760,0.817;6.998,9.793,1.267;8.603,3.362,1.204;18.237,12.002,1.803;5.279,17.177,2.469"
26,drone_5,16.6148,6.2473,17.0000,17.0000,"2.347,9.515,0.494;18.301,13.223,1.046;6.689,15.596,2.085;17.102,11.298,0.427;8.172,10.967,1.213;8.788,15.372,0.923;2.199,2.005,0.957;19.010,8.298,0.361;2.280,15.513,1.948;13.374,18.274,0.268;13.316,14.508,0.289;0.568,6.095,0.938;3.098,6.163,0.425;6.816,5.317,0.491;4.424,6.165,1.061;4.055,14.203,1.145;2.339,3.335,2.092;7.811,18.921,0.744;8.652,19.088,0.420;5.921,10.282,0.492;2.431,19.156,0.228;2.185,15.073,2.027;11.957,10.604,0.939;19.649,6.620,0.472;11.281,7.869,0.382;7.288,3.974,0.431;10.341,1.594,1.277;19.506,12.205,0.316;19.617,15.458,0.285;14.317,8.164,0.285;2.365,18.859,0.351;14.189,11.973,1.329;13.490,14.516,1.086;12.545,13.736,1.026;18.102,11.068,0.351;11.388,16.307,0.431;2.960,12.039,1.245;7.017,4.180,2.098;3.118,13.109,0.771;8.750,14.656,0.293;12.054,15.768,0.340;6.525,14.215,2.145;18.779,11.767,1.747;2.514,1.369,0.425;17.179,11.793,0.662;3.419,1.387,1.237;16.737,3.377,0.319;8.526,9.392,0.816;6.185,17.996,0.315;15.205,3.276,0.387;13.718,9.006,1.672;9.759,14.760,0.817;6.998,9.793,1.267;8.603,3.362,1.204;18.237,12.002,1.803;5.279,17.177,2.469"
26,drone_6,17.7912,7.0790,17.0000,17.0000,"2.347,9.515,0.494;18.301,13.223,1.046;6.689,15.596,2.085;17.102,11.298,0.427;8.172,10.967,1.213;8.788,15.372,0.923;2.199,2.005,0.957;19.010,8.298,0.361;2.280,15.513,1.948;13.374,18.274,0.268;13.316,14.508,0.289;0.568,6.095,0.938;3.098,6.163,0.425;6.816,5.317,0.491;4.424,6.165,1.061;4.055,14.203,1.145;2.339,3.335,2.092;7.811,18.921,0.744;8.652,19.088,0.420;5.921,10.282,0.492;2.431,19.156,0.228;2.185,15.073,2.027;11.957,10.604,0.939;19.649,6.620,0.472;11.281,7.869,0.382;7.288,3.974,0.431;10.341,1.594,1.277;19.506,12.205,0.316;19.617,15.458,0.285;14.317,8.164,0.285;2.365,18.859,0.351;14.189,11.973,1.329;13.490,14.516,1.086;12.545,13.736,1.026;18.102,11.068,0.351;11.388,16.307,0.431;2.960,12.039,1.245;7.017,4.180,2.098;3.118,13.109,0.771;8.750,14.656,0.293;12.054,15.768,0.340;6.525,14.215,2.145;18.779,11.767,1.747;2.514,1.369,0.425;17.179,11.793,0.662;3.419,1.387,1.237;16.737,3.377,0.319;8.526,9.392,0.816;6.185,17.996,0.315;15.205,3.276,0.387;13.718,9.006,1.672;9.759,14.760,0.817;6.998,9.793,1.267;8.603,3.362,1.204;18.237,12.002,1.803;5.279,17.177,2.469"
26,drone_7,16.2958,7.6635,17.0000,17.0000,"2.347,9.515,0.494;18.301,13.223,1.046;6.689,15.596,2.085;17.102,11.298,0.427;8.172,10.967,1.213;8.788,15.372,0.923;2.199,2.005,0.957;19.010,8.298,0.361;2.280,15.513,1.948;13.374,18.274,0.268;13.316,14.508,0.289;0.568,6.095,0.938;3.098,6.163,0.425;6.816,5.317,0.491;4.424,6.165,1.061;4.055,14.203,1.145;2.339,3.335,2.092;7.811,18.921,0.744;8.652,19.088,0.420;5.921,10.282,0.492;2.431,19.156,0.228;2.185,15.073,2.027;11.957,10.604,0.939;19.649,6.620,0.472;11.281,7.869,0.382;7.288,3.974,0.431;10.341,1.594,1.277;19.506,12.205,0.316;19.617,15.458,0.285;14.317,8.164,0.285;2.365,18.859,0.351;14.189,11.973,1.329;13.490,14.516,1.086;12.545,13.736,1.026;18.102,11.068,0.351;11.388,16.307,0.431;2.960,12.039,1.245;7.017,4.180,2.098;3.118,13.109,0.771;8.750,14.656,0.293;12.054,15.768,0.340;6.525,14.215,2.145;18.779,11.767,1.747;2.514,1.369,0.425;17.179,11.793,0.662;3.419,1.387,1.237;16.737,3.377,0.319;8.526,9.392,0.816;6.185,17.996,0.315;15.205,3.276,0.387;13.718,9.006,1.672;9.759,14.760,0.817;6.998,9.793,1.267;8.603,3.362,1.204;18.237,12.002,1.803;5.279,17.177,2.469"
26,drone_8,18.2530,5.0884,17.0000,17.0000,"2.347,9.515,0.494;18.301,13.223,1.046;6.689,15.596,2.085;17.102,11.298,0.427;8.172,10.967,1.213;8.788,15.372,0.923;2.199,2.005,0.957;19.010,8.298,0.361;2.280,15.513,1.948;13.374,18.274,0.268;13.316,14.508,0.289;0.568,6.095,0.938;3.098,6.163,0.425;6.816,5.317,0.491;4.424,6.165,1.061;4.055,14.203,1.145;2.339,3.335,2.092;7.811,18.921,0.744;8.652,19.088,0.420;5.921,10.282,0.492;2.431,19.156,0.228;2.185,15.073,2.027;11.957,10.604,0.939;19.649,6.620,0.472;11.281,7.869,0.382;7.288,3.974,0.431;10.341,1.594,1.277;19.506,12.205,0.316;19.617,15.458,0.285;14.317,8.164,0.285;2.365,18.859,0.351;14.189,11.973,1.329;13.490,14.516,1.086;12.545,13.736,1.026;18.102,11.068,0.351;11.388,16.307,0.431;2.960,12.039,1.245;7.017,4.180,2.098;3.118,13.109,0.771;8.750,14.656,0.293;12.054,15.768,0.340;6.525,14.215,2.145;18.779,11.767,1.747;2.514,1.369,0.425;17.179,11.793,0.662;3.419,1.387,1.237;16.737,3.377,0.319;8.526,9.392,0.816;6.185,17.996,0.315;15.205,3.276,0.387;13.718,9.006,1.672;9.759,14.760,0.817;6.998,9.793,1.267;8.603,3.362,1.204;18.237,12.002,1.803;5.279,17.177,2.469"
26,drone_9,16.8360,5.7208,17.0000,17.0000,"2.347,9.515,0.494;18.301,13.223,1.046;6.689,15.596,2.085;17.102,11.298,0.427;8.172,10.967,1.213;8.788,15.372,0.923;2.199,2.005,0.957;19.010,8.298,0.361;2.280,15.513,1.948;13.374,18.274,0.268;13.316,14.508,0.289;0.568,6.095,0.938;3.098,6.163,0.425;6.816,5.317,0.491;4.424,6.165,1.061;4.055,14.203,1.145;2.339,3.335,2.092;7.811,18.921,0.744;8.652,19.088,0.420;5.921,10.282,0.492;2.431,19.156,0.228;2.185,15.073,2.027;11.957,10.604,0.939;19.649,6.620,0.472;11.281,7.869,0.382;7.288,3.974,0.431;10.341,1.594,1.277;19.506,12.205,0.316;19.617,15.458,0.285;14.317,8.164,0.285;2.365,18.859,0.351;14.189,11.973,1.329;13.490,14.516,1.086;12.545,13.736,1.026;18.102,11.068,0.351;11.388,16.307,0.431;2.960,12.039,1.245;7.017,4.180,2.098;3.118,13.109,0.771;8.750,14.656,0.293;12.054,15.768,0.340;6.525,14.215,2.145;18.779,11.767,1.747;2.514,1.369,0.425;17.179,11.793,0.662;3.419,1.387,1.237;16.737,3.377,0.319;8.526,9.392,0.816;6.185,17.996,0.315;15.205,3.276,0.387;13.718,9.006,1.672;9.759,14.760,0.817;6.998,9.793,1.267;8.603,3.362,1.204;18.237,12.002,1.803;5.279,17.177,2.469"
27,drone_0,16.1693,6.7349,17.0000,17.0000,"2.347,9.515,0.494;18.301,13.223,1.046;6.689,15.596,2.085;17.102,11.298,0.427;8.172,10.967,1.213;8.788,15.372,0.923;2.199,2.005,0.957;19.010,8.298,0.361;2.280,15.513,1.948;13.374,18.274,0.268;13.316,14.508,0.289;0.568,6.095,0.938;3.098,6.163,0.425;6.816,5.317,0.491;4.424,6.165,1.061;4.055,14.203,1.145;2.339,3.335,2.092;7.811,18.921,0.744;8.652,19.088,0.420;5.921,10.282,0.492;2.431,19.156,0.228;2.185,15.073,2.027;11.957,10.604,0.939;19.649,6.620,0.472;11.281,7.869,0.382;7.288,3.974,0.431;10.341,1.594,1.277;19.506,12.205,0.316;19.617,15.458,0.285;14.317,8.164,0.285;2.365,18.859,0.351;14.189,11.973,1.329;13.490,14.516,1.086;12.545,13.736,1.026;18.102,11.068,0.351;11.388,16.307,0.431;2.960,12.039,1.245;7.017,4.180,2.098;3.118,13.109,0.771;8.750,14.656,0.293;12.054,15.768,0.340;6.525,14.215,2.145;18.779,11.767,1.747;2.514,1.369,0.425;17.179,11.793,0.662;3.419,1.387,1.237;16.737,3.377,0.319;8.526,9.392,0.816;6.185,17.996,0.315;15.205,3.276,0.387;13.718,9.006,1.672;9.759,14.760,0.817;6.998,9.793,1.267;8.603,3.362,1.204;18.237,12.002,1.803;5.279,17.177,2.469"
27,drone_1,17.6300,6.0532,17.0000,17.0000,"2.347,9.515,0.494;18.301,13.223,1.046;6.689,15.596,2.085;17.102,11.298,0.427;8.172,10.967,1.213;8.788,15.372,0.923;2.199,2.005,0.957;19.010,8.298,0.361;2.280,15.513,1.948;13.374,18.274,0.268;13.316,14.508,0.289;0.568,6.095,0.938;3.098,6.163,0.425;6.816,5.317,0.491;4.424,6.165,1.061;4.055,14.203,1.145;2.339,3.335,2.092;7.811,18.921,0.744;8.652,19.088,0.420;5.921,10.282,0.492;2.431,19.156,0.228;2.185,15.073,2.027;11.957,10.604,0.939;19.649,6.620,0.472;11.281,7.869,0.382;7.288,3.974,0.431;10.341,1.594,1.277;19.506,12.205,0.316;19.617,15.458,0.285;14.317,8.164,0.285;2.365,18.859,0.351;14.189,11.973,1.329;13.490,14.516,1.086;12.545,13.736,1.026;18.102,11.068,0.351;11.388,16.307,0.431;2.960,12.039,1.245;7.017,4.180,2.098;3.118,13.109,0.771;8.750,14.656,0.293;12.054,15.768,0.340;6.525,14.215,2.145;18.779,11.767,1.747;2.514,1.369,0.425;17.179,11.793,0.662;3.419,1.387,1.237;16.737,3.377,0.319;8.526,9.392,0.816;6.185,17.996,0.315;15.205,3.276,0.387;13.718,9.006,1.672;9.759,14.760,0.817;6.998,9.793,1.267;8.603,3.362,1.204;18.237,12.002,1.803;5.279,17.177,2.469"
27,drone_2,16.9861,7.3101,17.0000,17.0000,"2.347,9.515,0.494;18.301,13.223,1.046;6.689,15.596,2.085;17.102,11.298,0.427;8.172,10.967,1.213;8.788,15.372,0.923;2.199,2.005,0.957;19.010,8.298,0.361;2.280,15.513,1.948;13.374,18.274,0.268;13.316,14.508,0.289;0.568,6.095,0.938;3.098,6.163,0.425;6.816,5.317,0.491;4.424,6.165,1.061;4.055,14.203,1.145;2.339,3.335,2.092;7.811,18.921,0.744;8.652,19.088,0.420;5.921,10.282,0.492;2.431,19.156,0.228;2.185,15.073,2.027;11.957,10.604,0.939;19.649,6.620,0.472;11.281,7.869,0.382;7.288,3.974,0.431;10.341,1.594,1.277;19.506,12.205,0.316;19.617,15.458,0.285;14.317,8.164,0.285;2.365,18.859,0.351;14.189,11.973,1.329;13.490,14.516,1.086;12.545,13.736,1.026;18.102,11.068,0.351;11.388,16.307,0.431;2.960,12.039,1.245;7.017,4.180,2.098;3.118,13.109,0.771;8.750,14.656,0.293;12.054,15.768,0.340;6.525,14.215,2.145;18.779,11.767,1.747;2.514,1.369,0.425;17.179,11.793,0.662;3.419,1.387,1.237;16.737,3.377,0.319;8.526,9.392,0.816;6.185,17.996,0.315;15.205,3.276,0.387;13.718,9.006,1.672;9.759,14.760,0.817;6.998,9.793,1.267;8.603,3.362,1.204;18.237,12.002,1.803;5.279,17.177,2.469"
27,drone_3,13.8270,6.6168,17.0000,17.0000,"2.347,9.515,0.494;18.301,13.223,1.046;6.689,15.596,2.085;17.102,11.298,0.427;8.172,10.967,1.213;8.788,15.372,0.923;2.199,2.005,0.957;19.010,8.298,0.361;2.280,15.513,1.948;13.374,18.274,0.268;13.316,14.508,0.289;0.568,6.095,0.938;3.098,6.163,0.425;6.816,5.317,0.491;4.424,6.165,1.061;4.055,14.203,1.145;2.339,3.335,2.092;7.811,18.921,0.744;8.652,19.088,0.420;5.921,10.282,0.492;2.431,19.156,0.228;2.185,15.073,2.027;11.957,10.604,0.939;19.649,6.620,0.472;11.281,7.869,0.382;7.288,3.974,0.431;10.341,1.594,1.277;19.506,12.205,0.316;19.617,15.458,0.285;14.317,8.164,0.285;2.365,18.859,0.351;14.189,11.973,1.329;13.490,14.516,1.086;12.545,13.736,1.026;18.102,11.068,0.351;11.388,16.307,0.431;2.960,12.039,1.245;7.017,4.180,2.098;3.118,13.109,0.771;8.750,14.656,0.293;12.054,15.768,0.340;6.525,14.215,2.145;18.779,11.767,1.747;2.514,1.369,0.425;17.179,11.793,0.662;3.419,1.387,1.237;16.737,3.377,0.319;8.526,9.392,0.816;6.185,17.996,0.315;15.205,3.276,0.387;13.718,9.006,1.672;9.759,14.760,0.817;6.998,9.793,1.267;8.603,3.362,1.204;18.237,12.002,1.803;5.279,17.177,2.469"
27,drone_4,18.2935,5.9728,17.0000,17.0000,"2.347,9.515,0.494;18.301,13.223,1.046;6.689,15.596,2.085;17.102,11.298,0.427;8.172,10.967,1.213;8.788,15.372,0.923;2.199,2.005,0.957;19.010,8.298,0.361;2.280,15.513,1.948;13.374,18.274,0.268;13.316,14.508,0.289;0.568,6.095,0.938;3.098,6.163,0.425;6.816,5.317,0.491;4.424,6.165,1.061;4.055,14.203,1.145;2.339,3.335,2.092;7.811,18.921,0.744;8.652,19.088,0.420;5.921,10.282,0.492;2.431,19.156,0.228;2.185,15.073,2.027;11.957,10.604,0.939;19.649,6.620,0.472;11.281,7.869,0.382;7.288,3.974,0.431;10.341,1.594,1.277;19.506,12.205,0.316;19.617,15.458,0.285;14.317,8.164,0.285;2.365,18.859,0.351;14.189,11.973,1.329;13.490,14.516,1.086;12.545,13.736,1.026;18.102,11.068,0.351;11.388,16.307,0.431;2.960,12.039,1.245;7.017,4.180,2.098;3.118,13.109,0.771;8.750,14.656,0.293;12.054,15.768,0.340;6.525,14.215,2.145;18.779,11.767,1.747;2.514,1.369,0.425;17.179,11.793,0.662;3.419,1.387,1.237;16.737,3.377,0.319;8.526,9.392,0.816;6.185,17.996,0.315;15.205,3.276,0.387;13.718,9.006,1.672;9.759,14.760,0.817;6.998,9.793,1.267;8.603,3.362,1.204;18.237,12.002,1.803;5.279,17.177,2.469"
27,drone_5,16.7882,6.3470,17.0000,17.0000,"2.347,9.515,0.494;18.301,13.223,1.046;6.689,15.596,2.085;17.102,11.298,0.427;8.172,10.967,1.213;8.788,15.372,0.923;2.199,2.005,0.957;19.010,8.298,0.361;2.280,15.513,1.948;13.374,18.274,0.268;13.316,14.508,0.289;0.568,6.095,0.938;3.098,6.163,0.425;6.816,5.317,0.491;4.424,6.165,1.061;4.055,14.203,1.145;2.339,3.335,2.092;7.811,18.921,0.744;8.652,19.088,0.420;5.921,10.282,0.492;2.431,19.156,0.228;2.185,15.073,2.027;11.957,10.604,0.939;19.649,6.620,0.472;11.281,7.869,0.382;7.288,3.974,0.431;10.341,1.594,1.277;19.506,12.205,0.316;19.617,15.458,0.285;14.317,8.164,0.285;2.365,18.859,0.351;14.189,11.973,1.329;13.490,14.516,1.086;12.545,13.736,1.026;18.102,11.068,0.351;11.388,16.307,0.431;2.960,12.039,1.245;7.017,4.180,2.098;3.118,13.109,0.771;8.750,14.656,0.293;12.054,15.768,0.340;6.525,14.215,2.145;18.779,11.767,1.747;2.514,1.369,0.425;17.179,11.793,0.662;3.419,1.387,1.237;16.737,3.377,0.319;8.526,9.392,0.816;6.185,17.996,0.315;15.205,3.276,0.387;13.718,9.006,1.672;9.759,14.760,0.817;6.998,9.793,1.267;8.603,3.362,1.204;18.237,12.002,1.803;5.279,17.177,2.469"
27,drone_6,17.9529,7.1967,17.0000,17.0000,"2.347,9.515,0.494;18.301,13.223,1.046;6.689,15.596,2.085;17.102,11.298,0.427;8.172,10.967,1.213;8.788,15.372,0.923;2.199,2.005,0.957;19.010,8.298,0.361;2.280,15.513,1.948;13.374,18.274,0.268;13.316,14.508,0.289;0.568,6.095,0.938;3.098,6.163,0.425;6.816,5.317,0.491;4.424,6.165,1.061;4.055,14.203,1.145;2.339,3.335,2.092;7.811,18.921,0.744;8.652,19.088,0.420;5.921,10.282,0.492;2.431,19.156,0.228;2.185,15.073,2.027;11.957,10.604,0.939;19.649,6.620,0.472;11.281,7.869,0.382;7.288,3.974,0.431;10.341,1.594,1.277;19.506,12.205,0.316;19.617,15.458,0.285;14.317,8.164,0.285;2.365,18.859,0.351;14.189,11.973,1.329;13.490,14.516,1.086;12.545,13.736,1.026;18.102,11.068,0.351;11.388,16.307,0.431;2.960,12.039,1.245;7.017,4.180,2.098;3.118,13.109,0.771;8.750,14.656,0.293;12.054,15.768,0.340;6.525,14.215,2.145;18.779,11.767,1.747;2.514,1.369,0.425;17.179,11.793,0.662;3.419,1.387,1.237;16.737,3.377,0.319;8.526,9.392,0.816;6.185,17.996,0.315;15.205,3.276,0.387;13.718,9.006,1.672;9.759,14.760,0.817;6.998,9.793,1.267;8.603,3.362,1.204;18.237,12.002,1.803;5.279,17.177,2.469"
27,drone_7,16.4696,7.7623,17.0000,17.0000,"2.347,9.515,0.494;18.301,13.223,1.046;6.689,15.596,2.085;17.102,11.298,0.427;8.172,10.967,1.213;8.788,15.372,0.923;2.199,2.005,0.957;19.010,8.298,0.361;2.280,15.513,1.948;13.374,18.274,0.268;13.316,14.508,0.289;0.568,6.095,0.938;3.098,6.163,0.425;6.816,5.317,0.491;4.424,6.165,1.061;4.055,14.203,1.145;2.339,3.335,2.092;7.811,18.921,0.744;8.652,19.088,0.420;5.921,10.282,0.492;2.431,19.156,0.228;2.185,15.073,2.027;11.957,10.604,0.939;19.649,6.620,0.472;11.281,7.869,0.382;7.288,3.974,0.431;10.341,1.594,1.277;19.506,12.205,0.316;19.617,15.458,0.285;14.317,8.164,0.285;2.365,18.859,0.351;14.189,11.973,1.329;13.490,14.516,1.086;12.545,13.736,1.026;18.102,11.068,0.351;11.388,16.307,0.431;2.960,12.039,1.245;7.017,4.180,2.098;3.118,13.109,0.771;8.750,14.656,0.293;12.054,15.768,0.340;6.525,14.215,2.145;18.779,11.767,1.747;2.514,1.369,0.425;17.179,11.793,0.662;3.419,1.387,1.237;16.737,3.377,0.319;8.526,9.392,0.816;6.185,17.996,0.315;15.205,3.276,0.387;13.718,9.006,1.672;9.759,14.760,0.817;6.998,9.793,1.267;8.603,3.362,1.204;18.237,12.002,1.803;5.279,17.177,2.469"
27,drone_8,18.4194,5.1995,17.0000,17.0000,"2.347,9.515,0.494;18.301,13.223,1.046;6.689,15.596,2.085;17.102,11.298,0.427;8.172,10.967,1.213;8.788,15.372,0.923;2.199,2.005,0.957;19.010,8.298,0.361;2.280,15.513,1.948;13.374,18.274,0.268;13.316,14.508,0.289;0.568,6.095,0.938;3.098,6.163,0.425;6.816,5.317,0.491;4.424,6.165,1.061;4.055,14.203,1.145;2.339,3.335,2.092;7.811,18.921,0.744;8.652,19.088,0.420;5.921,10.282,0.492;2.431,19.156,0.228;2.185,15.073,2.027;11.957,10.604,0.939;19.649,6.620,0.472;11.281,7.869,0.382;7.288,3.974,0.431;10.341,1.594,1.277;19.506,12.205,0.316;19.617,15.458,0.285;14.317,8.164,0.285;2.365,18.859,0.351;14.189,11.973,1.329;13.490,14.516,1.086;12.545,13.736,1.026;18.102,11.068,0.351;11.388,16.307,0.431;2.960,12.039,1.245;7.017,4.180,2.098;3.118,13.109,0.771;8.750,14.656,0.293;12.054,15.768,0.340;6.525,14.215,2.145;18.779,11.767,1.747;2.514,1.369,0.425;17.179,11.793,0.662;3.419,1.387,1.237;16.737,3.377,0.319;8.526,9.392,0.816;6.185,17.996,0.315;15.205,3.276,0.387;13.718,9.006,1.672;9.759,14.760,0.817;6.998,9.793,1.267;8.603,3.362,1.204;18.237,12.002,1.803;5.279,17.177,2.469"
27,drone_9,17.0146,5.8109,17.0000,17.0000,"2.347,9.515,0.494;18.301,13.223,1.046;6.689,15.596,2.085;17.102,11.298,0.427;8.172,10.967,1.213;8.788,15.372,0.923;2.199,2.005,0.957;19.010,8.298,0.361;2.280,15.513,1.948;13.374,18.274,0.268;13.316,14.508,0.289;0.568,6.095,0.938;3.098,6.163,0.425;6.816,5.317,0.491;4.424,6.165,1.061;4.055,14.203,1.145;2.339,3.335,2.092;7.811,18.921,0.744;8.652,19.088,0.420;5.921,10.282,0.492;2.431,19.156,0.228;2.185,15.073,2.027;11.957,10.604,0.939;19.649,6.620,0.472;11.281,7.869,0.382;7.288,3.974,0.431;10.341,1.594,1.277;19.506,12.205,0.316;19.617,15.458,0.285;14.317,8.164,0.285;2.365,18.859,0.351;14.189,11.973,1.329;13.490,14.516,1.086;12.545,13.736,1.026;18.102,11.068,0.351;11.388,16.307,0.431;2.960,12.039,1.245;7.017,4.180,2.098;3.118,13.109,0.771;8.750,14.656,0.293;12.054,15.768,0.340;6.525,14.215,2.145;18.779,11.767,1.747;2.514,1.369,0.425;17.179,11.793,0.662;3.419,1.387,1.237;16.737,3.377,0.319;8.526,9.392,0.816;6.185,17.996,0.315;15.205,3.276,0.387;13.718,9.006,1.672;9.759,14.760,0.817;6.998,9.793,1.267;8.603,3.362,1.204;18.237,12.002,1.803;5.279,17.177,2.469"
28,drone_0,16.3489,6.8227,17.0000,17.0000,"2.347,9.515,0.494;18.301,13.223,1.046;6.689,15.596,2.085;17.102,11.298,0.427;8.172,10.967,1.213;8.788,15.372,0.923;2.199,2.005,0.957;19.010,8.298,0.361;2.280,15.513,1.948;13.374,18.274,0.268;13.316,14.508,0.289;0.568,6.095,0.938;3.098,6.163,0.425;6.816,5.317,0.491;4.424,6.165,1.061;4.055,14.203,1.145;2.339,3.335,2.092;7.811,18.921,0.744;8.652,19.088,0.420;5.921,10.282,0.492;2.431,19.156,0.228;2.185,15.073,2.027;11.957,10.604,0.939;19.649,6.620,0.472;11.281,7.869,0.382;7.288,3.974,0.431;10.341,1.594,1.277;19.506,12.205,0.316;19.617,15.458,0.285;14.317,8.164,0.285;2.365,18.859,0.351;14.189,11.973,1.329;13.490,14.516,1.086;12.545,13.736,1.026;18.102,11.068,0.351;11.388,16.307,0.431;2.960,12.039,1.245;7.017,4.180,2.098;3.118,13.109,0.771;8.750,14.656,0.293;12.054,15.768,0.340;6.525,14.215,2.145;18.779,11.767,1.747;2.514,1.369,0.425;17.179,11.793,0.662;3.419,1.387,1.237;16.737,3.377,0.319;8.526,9.392,0.816;6.185,17.996,0.315;15.205,3.276,0.387;13.718,9.006,1.672;9.759,14.760,0.817;6.998,9.793,1.267;8.603,3.362,1.204;18.237,12.002,1.803;5.279,17.177,2.469"
28,drone_1,17.8003,6.1579,17.0000,17.0000,"2.347,9.515,0.494;18.301,13.223,1.046;6.689,15.596,2.085;17.102,11.298,0.427;8.172,10.967,1.213;8.788,15.372,0.923;2.199,2.005,0.957;19.010,8.298,0.361;2.280,15.513,1.948;13.374,18.274,0.268;13.316,14.508,0.289;0.568,6.095,0.938;3.098,6.163,0.425;6.816,5.317,0.491;4.424,6.165,1.061;4.055,14.203,1.145;2.339,3.335,2.092;7.811,18.921,0.744;8.652,19.088,0.420;5.921,10.282,0.492;2.431,19.156,0.228;2.185,15.073,2.027;11.957,10.604,0.939;19.649,6.620,0.472;11.281,7.869,0.382;7.288,3.974,0.431;10.341,1.594,1.277;19.506,12.205,0.316;19.617,15.458,0.285;14.317,8.164,0.285;2.365,18.859,0.351;14.189,11.973,1.329;13.490,14.516,1.086;12.545,13.736,1.026;18.102,11.068,0.351;11.388,16.307,0.431;2.960,12.039,1.245;7.017,4.180,2.098;3.118,13.109,0.771;8.750,14.656,0.293;12.054,15.768,0.340;6.525,14.215,2.145;18.779,11.767,1.747;2.514,1.369,0.425;17.179,11.793,0.662;3.419,1.387,1.237;16.737,3.377,0.319;8.526,9.392,0.816;6.185,17.996,0.315;15.205,3.276,0.387;13.718,9.006,1.672;9.759,14.760,0.817;6.998,9.793,1.267;8.603,3.362,1.204;18.237,12.002,1.803;5.279,17.177,2.469"
28,drone_2,17.1647,7.4002,17.0000,17.0000,"2.347,9.515,0.494;18.301,13.223,1.046;6.689,15.596,2.085;17.102,11.298,0.427;8.172,10.967,1.213;8.788,15.372,0.923;2.199,2.005,0.957;19.010,8.298,0.361;2.280,15.513,1.948;13.374,18.274,0.268;13.316,14.508,0.289;0.568,6.095,0.938;3.098,6.163,0.425;6.816,5.317,0.491;4.424,6.165,1.061;4.055,14.203,1.145;2.339,3.335,2.092;7.811,18.921,0.744;8.652,19.088,0.420;5.921,10.282,0.492;2.431,19.156,0.228;2.185,15.073,2.027;11.957,10.604,0.939;19.649,6.620,0.472;11.281,7.869,0.382;7.288,3.974,0.431;10.341,1.594,1.277;19.506,12.205,0.316;19.617,15.458,0.285;14.317,8.164,0.285;2.365,18.859,0.351;14.189,11.973,1.329;13.490,14.516,1.086;12.545,13.736,1.026;18.102,11.068,0.351;11.388,16.307,0.431;2.960,12.039,1.245;7.017,4.180,2.098;3.118,13.109,0.771;8.750,14.656,0.293;12.054,15.768,0.340;6.525,14.215,2.145;18.779,11.767,1.747;2.514,1.369,0.425;17.179,11.793,0.662;3.419,1.387,1.237;16.737,3.377,0.319;8.526,9.392,0.816;6.185,17.996,0.315;15.205,3.276,0.387;13.718,9.006,1.672;9.759,14.760,0.817;6.998,9.793,1.267;8.603,3.362,1.204;18.237,12.002,1.803;5.279,17.177,2.469"
28,drone_3,14.0096,6.6985,17.0000,17.0000,"2.347,9.515,0.494;18.301,13.223,1.046;6.689,15.596,2.085;17.102,11.298,0.427;8.172,10.967,1.213;8.788,15.372,0.923;2.199,2.005,0.957;19.010,8.298,0.361;2.280,15.513,1.948;13.374,18.274,0.268;13.316,14.508,0.289;0.568,6.095,0.938;3.098,6.163,0.425;6.816,5.317,0.491;4.424,6.165,1.061;4.055,14.203,1.145;2.339,3.335,2.092;7.811,18.921,0.744;8.652,19.088,0.420;5.921,10.282,0.492;2.431,19.156,0.228;2.185,15.073,2.027;11.957,10.604,0.939;19.649,6.620,0.472;11.281,7.869,0.382;7.288,3.974,0.431;10.341,1.594,1.277;19.506,12.205,0.316;19.617,15.458,0.285;14.317,8.164,0.285;2.365,18.859,0.351;14.189,11.973,1.329;13.490,14.516,1.086;12.545,13.736,1.026;18.102,11.068,0.351;11.388,16.307,0.431;2.960,12.039,1.245;7.017,4.180,2.098;3.118,13.109,0.771;8.750,14.656,0.293;12.054,15.768,0.340;6.525,14.215,2.145;18.779,11.767,1.747;2.514,1.369,0.425;17.179,11.793,0.662;3.419,1.387,1.237;16.737,3.377,0.319;8.526,9.392,0.816;6.185,17.996,0.315;15.205,3.276,0.387;13.718,9.006,1.672;9.759,14.760,0.817;6.998,9.793,1.267;8.603,3.362,1.204;18.237,12.002,1.803;5.279,17.177,2.469"
28,drone_4,18.4710,6.0649,17.0000,17.0000,"2.347,9.515,0.494;18.301,13.223,1.046;6.689,15.596,2.085;17.102,11.298,0.427;8.172,10.967,1.213;8.788,15.372,0.923;2.199,2.005,0.957;19.010,8.298,0.361;2.280,15.513,1.948;13.374,18.274,0.268;13.316,14.508,0.289;0.568,6.095,0.938;3.098,6.163,0.425;6.816,5.317,0.491;4.424,6.165,1.061;4.055,14.203,1.145;2.339,3.335,2.092;7.811,18.921,0.744;8.652,19.088,0.420;5.921,10.282,0.492;2.431,19.156,0.228;2.185,15.073,2.027;11.957,10.604,0.939;19.649,6.620,0.472;11.281,7.869,0.382;7.288,3.974,0.431;10.341,1.594,1.277;19.506,12.205,0.316;19.617,15.458,0.285;14.317,8.164,0.285;2.365,18.859,0.351;14.189,11.973,1.329;13.490,14.516,1.086;12.545,13.736,1.026;18.102,11.068,0.351;11.388,16.307,0.431;2.960,12.039,1.245;7.017,4.180,2.098;3.118,13.109,0.771;8.750,14.656,0.293;12.054,15.768,0.340;6.525,14.215,2.145;18.779,11.767,1.747;2.514,1.369,0.425;17.179,11.793,0.662;3.419,1.387,1.237;16.737,3.377,0.319;8.526,9.392,0.816;6.185,17.996,0.315;15.205,3.276,0.387;13.718,9.006,1.672;9.759,14.760,0.817;6.998,9.793,1.267;8.603,3.362,1.204;18.237,12.002,1.803;5.279,17.177,2.469"
28,drone_5,16.9629,6.4443,17.0000,17.0000,"2.347,9.515,0.494;18.301,13.223,1.046;6.689,15.596,2.085;17.102,11.298,0.427;8.172,10.967,1.213;8.788,15.372,0.923;2.199,2.005,0.957;19.010,8.298,0.361;2.280,15.513,1.948;13.374,18.274,0.268;13.316,14.508,0.289;0.568,6.095,0.938;3.098,6.163,0.425;6.816,5.317,0.491;4.424,6.165,1.061;4.055,14.203,1.145;2.339,3.335,2.092;7.811,18.921,0.744;8.652,19.088,0.420;5.921,10.282,0.492;2.431,19.156,0.228;2.185,15.073,2.027;11.957,10.604,0.939;19.649,6.620,0.472;11.281,7.869,0.382;7.288,3.974,0.431;10.341,1.594,1.277;19.506,12.205,0.316;19.617,15.458,0.285;14.317,8.164,0.285;2.365,18.859,0.351;14.189,11.973,1.329;13.490,14.516,1.086;12.545,13.736,1.026;18.102,11.068,0.351;11.388,16.307,0.431;2.960,12.039,1.245;7.017,4.180,2.098;3.118,13.109,0.771;8.750,14.656,0.293;12.054,15.768,0.340;6.525,14.215,2.145;18.779,11.767,1.747;2.514,1.369,0.425;17.179,11.793,0.662;3.419,1.387,1.237;16.737,3.377,0.319;8.526,9.392,0.816;6.185,17.996,0.315;15.205,3.276,0.387;13.718,9.006,1.672;9.759,14.760,0.817;6.998,9.793,1.267;8.603,3.362,1.204;18.237,12.002,1.803;5.279,17.177,2.469"
28,drone_6,18.1179,7.3096,17.0000,17.0000,"2.347,9.515,0.494;18.301,13.223,1.046;6.689,15.596,2.085;17.102,11.298,0.427;8.172,10.967,1.213;8.788,15.372,0.923;2.199,2.005,0.957;19.010,8.298,0.361;2.280,15.513,1.948;13.374,18.274,0.268;13.316,14.508,0.289;0.568,6.095,0.938;3.098,6.163,0.425;6.816,5.317,0.491;4.424,6.165,1.061;4.055,14.203,1.145;2.339,3.335,2.092;7.811,18.921,0.744;8.652,19.088,0.420;5.921,10.282,0.492;2.431,19.156,0.228;2.185,15.073,2.027;11.957,10.604,0.939;19.649,6.620,0.472;11.281,7.869,0.382;7.288,3.974,0.431;10.341,1.594,1.277;19.506,12.205,0.316;19.617,15.458,0.285;14.317,8.164,0.285;2.365,18.859,0.351;14.189,11.973,1.329;13.490,14.516,1.086;12.545,13.736,1.026;18.102,11.068,0.351;11.388,16.307,0.431;2.960,12.039,1.245;7.017,4.180,2.098;3.118,13.109,0.771;8.750,14.656,0.293;12.054,15.768,0.340;6.525,14.215,2.145;18.779,11.767,1.747;2.514,1.369,0.425;17.179,11.793,0.662;3.419,1.387,1.237;16.737,3.377,0.319;8.526,9.392,0.816;6.185,17.996,0.315;15.205,3.276,0.387;13.718,9.006,1.672;9.759,14.760,0.817;6.998,9.793,1.267;8.603,3.362,1.204;18.237,12.002,1.803;5.279,17.177,2.469"
28,drone_7,16.6405,7.8663,17.0000,17.0000,"2.347,9.515,0.494;18.301,13.223,1.046;6.689,15.596,2.085;17.102,11.298,0.427;8.172,10.967,1.213;8.788,15.372,0.923;2.199,2.005,0.957;19.010,8.298,0.361;2.280,15.513,1.948;13.374,18.274,0.268;13.316,14.508,0.289;0.568,6.095,0.938;3.098,6.163,0.425;6.816,5.317,0.491;4.424,6.165,1.061;4.055,14.203,1.145;2.339,3.335,2.092;7.811,18.921,0.744;8.652,19.088,0.420;5.921,10.282,0.492;2.431,19.156,0.228;2.185,15.073,2.027;11.957,10.604,0.939;19.649,6.620,0.472;11.281,7.869,0.382;7.288,3.974,0.431;10.341,1.594,1.277;19.506,12.205,0.316;19.617,15.458,0.285;14.317,8.164,0.285;2.365,18.859,0.351;14.189,11.973,1.329;13.490,14.516,1.086;12.545,13.736,1.026;18.102,11.068,0.351;11.388,16.307,0.431;2.960,12.039,1.245;7.017,4.180,2.098;3.118,13.109,0.771;8.750,14.656,0.293;12.054,15.768,0.340;6.525,14.215,2.145;18.779,11.767,1.747;2.514,1.369,0.425;17.179,11.793,0.662;3.419,1.387,1.237;16.737,3.377,0.319;8.526,9.392,0.816;6.185,17.996,0.315;15.205,3.276,0.387;13.718,9.006,1.672;9.759,14.760,0.817;6.998,9.793,1.267;8.603,3.362,1.204;18.237,12.002,1.803;5.279,17.177,2.469"
28,drone_8,18.5924,5.2997,17.0000,17.0000,"2.347,9.515,0.494;18.301,13.223,1.046;6.689,15.596,2.085;17.102,11.298,0.427;8.172,10.967,1.213;8.788,15.372,0.923;2.199,2.005,0.957;19.010,8.298,0.361;2.280,15.513,1.948;13.374,18.274,0.268;13.316,14.508,0.289;0.568,6.095,0.938;3.098,6.163,0.425;6.816,5.317,0.491;4.424,6.165,1.061;4.055,14.203,1.145;2.339,3.335,2.092;7.811,18.921,0.744;8.652,19.088,0.420;5.921,10.282,0.492;2.431,19.156,0.228;2.185,15.073,2.027;11.957,10.604,0.939;19.649,6.620,0.472;11.281,7.869,0.382;7.288,3.974,0.431;10.341,1.594,1.277;19.506,12.205,0.316;19.617,15.458,0.285;14.317,8.164,0.285;2.365,18.859,0.351;14.189,11.973,1.329;13.490,14.516,1.086;12.545,13.736,1.026;18.102,11.068,0.351;11.388,16.307,0.431;2.960,12.039,1.245;7.017,4.180,2.098;3.118,13.109,0.771;8.750,14.656,0.293;12.054,15.768,0.340;6.525,14.215,2.145;18.779,11.767,1.747;2.514,1.369,0.425;17.179,11.793,0.662;3.419,1.387,1.237;16.737,3.377,0.319;8.526,9.392,0.816;6.185,17.996,0.315;15.205,3.276,0.387;13.718,9.006,1.672;9.759,14.760,0.817;6.998,9.793,1.267;8.603,3.362,1.204;18.237,12.002,1.803;5.279,17.177,2.469"
28,drone_9,17.1912,5.9047,17.0000,17.0000,"2.347,9.515,0.494;18.301,13.223,1.046;6.689,15.596,2.085;17.102,11.298,0.427;8.172,10.967,1.213;8.788,15.372,0.923;2.199,2.005,0.957;19.010,8.298,0.361;2.280,15.513,1.948;13.374,18.274,0.268;13.316,14.508,0.289;0.568,6.095,0.938;3.098,6.163,0.425;6.816,5.317,0.491;4.424,6.165,1.061;4.055,14.203,1.145;2.339,3.335,2.092;7.811,18.921,0.744;8.652,19.088,0.420;5.921,10.282,0.492;2.431,19.156,0.228;2.185,15.073,2.027;11.957,10.604,0.939;19.649,6.620,0.472;11.281,7.869,0.382;7.288,3.974,0.431;10.341,1.594,1.277;19.506,12.205,0.316;19.617,15.458,0.285;14.317,8.164,0.285;2.365,18.859,0.351;14.189,11.973,1.329;13.490,14.516,1.086;12.545,13.736,1.026;18.102,11.068,0.351;11.388,16.307,0.431;2.960,12.039,1.245;7.017,4.180,2.098;3.118,13.109,0.771;8.750,14.656,0.293;12.054,15.768,0.340;6.525,14.215,2.145;18.779,11.767,1.747;2.514,1.369,0.425;17.179,11.793,0.662;3.419,1.387,1.237;16.737,3.377,0.319;8.526,9.392,0.816;6.185,17.996,0.315;15.205,3.276,0.387;13.718,9.006,1.672;9.759,14.760,0.817;6.998,9.793,1.267;8.603,3.362,1.204;18.237,12.002,1.803;5.279,17.177,2.469"
29,drone_0,16.5298,6.9080,17.0000,17.0000,"2.347,9.515,0.494;18.301,13.223,1.046;6.689,15.596,2.085;17.102,11.298,0.427;8.172,10.967,1.213;8.788,15.372,0.923;2.199,2.005,0.957;19.010,8.298,0.361;2.280,15.513,1.948;13.374,18.274,0.268;13.316,14.508,0.289;0.568,6.095,0.938;3.098,6.163,0.425;6.816,5.317,0.491;4.424,6.165,1.061;4.055,14.203,1.145;2.339,3.335,2.092;7.811,18.921,0.744;8.652,19.088,0.420;5.921,10.282,0.492;2.431,19.156,0.228;2.185,15.073,2.027;11.957,10.604,0.939;19.649,6.620,0.472;11.281,7.869,0.382;7.288,3.974,0.431;10.341,1.594,1.277;19.506,12.205,0.316;19.617,15.458,0.285;14.317,8.164,0.285;2.365,18.859,0.351;14.189,11.973,1.329;13.490,14.516,1.086;12.545,13.736,1.026;18.102,11.068,0.351;11.388,16.307,0.431;2.960,12.039,1.245;7.017,4.180,2.098;3.118,13.109,0.771;8.750,14.656,0.293;12.054,15.768,0.340;6.525,14.215,2.145;18.779,11.767,1.747;2.514,1.369,0.425;17.179,11.793,0.662;3.419,1.387,1.237;16.737,3.377,0.319;8.526,9.392,0.816;6.185,17.996,0.315;15.205,3.276,0.387;13.718,9.006,1.672;9.759,14.760,0.817;6.998,9.793,1.267;8.603,3.362,1.204;18.237,12.002,1.803;5.279,17.177,2.469"
29,drone_1,17.9830,6.2394,17.0000,17.0000,"2.347,9.515,0.494;18.301,13.223,1.046;6.689,15.596,2.085;17.102,11.298,0.427;8.172,10.967,1.213;8.788,15.372,0.923;2.199,2.005,0.957;19.010,8.298,0.361;2.280,15.513,1.948;13.374,18.274,0.268;13.316,14.508,0.289;0.568,6.095,0.938;3.098,6.163,0.425;6.816,5.317,0.491;4.424,6.165,1.061;4.055,14.203,1.145;2.339,3.335,2.092;7.811,18.921,0.744;8.652,19.088,0.420;5.921,10.282,0.492;2.431,19.156,0.228;2.185,15.073,2.027;11.957,10.604,0.939;19.649,6.620,0.472;11.281,7.869,0.382;7.288,3.974,0.431;10.341,1.594,1.277;19.506,12.205,0.316;19.617,15.458,0.285;14.317,8.164,0.285;2.365,18.859,0.351;14.189,11.973,1.329;13.490,14.516,1.086;12.545,13.736,1.026;18.102,11.068,0.351;11.388,16.307,0.431;2.960,12.039,1.245;7.017,4.180,2.098;3.118,13.109,0.771;8.750,14.656,0.293;12.054,15.768,0.340;6.525,14.215,2.145;18.779,11.767,1.747;2.514,1.369,0.425;17.179,11.793,0.662;3.419,1.387,1.237;16.737,3.377,0.319;8.526,9.392,0.816;6.185,17.996,0.315;15.205,3.276,0.387;13.718,9.006,1.672;9.759,14.760,0.817;6.998,9.793,1.267;8.603,3.362,1.204;18.237,12.002,1.803;5.279,17.177,2.469"
29,drone_2,17.3443,7.4881,17.0000,17.0000,"2.347,9.515,0.494;18.301,13.223,1.046;6.689,15.596,2.085;17.102,11.298,0.427;8.172,10.967,1.213;8.788,15.372,0.923;2.199,2.005,0.957;19.010,8.298,0.361;2.280,15.513,1.948;13.374,18.274,0.268;13.316,14.508,0.289;0.568,6.095,0.938;3.098,6.163,0.425;6.816,5.317,0.491;4.424,6.165,1.061;4.055,14.203,1.145;2.339,3.335,2.092;7.811,18.921,0.744;8.652,19.088,0.420;5.921,10.282,0.492;2.431,19.156,0.228;2.185,15.073,2.027;11.957,10.604,0.939;19.649,6.620,0.472;11.281,7.869,0.382;7.288,3.974,0.431;10.341,1.594,1.277;19.506,12.205,0.316;19.617,15.458,0.285;14.317,8.164,0.285;2.365,18.859,0.351;14.189,11.973,1.329;13.490,14.516,1.086;12.545,13.736,1.026;18.102,11.068,0.351;11.388,16.307,0.431;2.960,12.039,1.245;7.017,4.180,2.098;3.118,13.109,0.771;8.750,14.656,0.293;12.054,15.768,0.340;6.525,14.215,2.145;18.779,11.767,1.747;2.514,1.369,0.425;17.179,11.793,0.662;3.419,1.387,1.237;16.737,3.377,0.319;8.526,9.392,0.816;6.185,17.996,0.315;15.205,3.276,0.387;13.718,9.006,1.672;9.759,14.760,0.817;6.998,9.793,1.267;8.603,3.362,1.204;18.237,12.002,1.803;5.279,17.177,2.469"
29,drone_3,14.2093,6.7092,17.0000,17.0000,"2.347,9.515,0.494;18.301,13.223,1.046;6.689,15.596,2.085;17.102,11.298,0.427;8.172,10.967,1.213;8.788,15.372,0.923;2.199,2.005,0.957;19.010,8.298,0.361;2.280,15.513,1.948;13.374,18.274,0.268;13.316,14.508,0.289;0.568,6.095,0.938;3.098,6.163,0.425;6.816,5.317,0.491;4.424,6.165,1.061;4.055,14.203,1.145;2.339,3.335,2.092;7.811,18.921,0.744;8.652,19.088,0.420;5.921,10.282,0.492;2.431,19.156,0.228;2.185,15.073,2.027;11.957,10.604,0.939;19.649,6.620,0.472;11.281,7.869,0.382;7.288,3.974,0.431;10.341,1.594,1.277;19.506,12.205,0.316;19.617,15.458,0.285;14.317,8.164,0.285;2.365,18.859,0.351;14.189,11.973,1.329;13.490,14.516,1.086;12.545,13.736,1.026;18.102,11.068,0.351;11.388,16.307,0.431;2.960,12.039,1.245;7.017,4.180,2.098;3.118,13.109,0.771;8.750,14.656,0.293;12.054,15.768,0.340;6.525,14.215,2.145;18.779,11.767,1.747;2.514,1.369,0.425;17.179,11.793,0.662;3.419,1.387,1.237;16.737,3.377,0.319;8.526,9.392,0.816;6.185,17.996,0.315;15.205,3.276,0.387;13.718,9.006,1.672;9.759,14.760,0.817;6.998,9.793,1.267;8.603,3.362,1.204;18.237,12.002,1.803;5.279,17.177,2.469"
29,drone_4,18.6566,6.1394,17.0000,17.0000,"2.347,9.515,0.494;18.301,13.223,1.046;6.689,15.596,2.085;17.102,11.298,0.427;8.172,10.967,1.213;8.788,15.372,0.923;2.199,2.005,0.957;19.010,8.298,0.361;2.280,15.513,1.948;13.374,18.274,0.268;13.316,14.508,0.289;0.568,6.095,0.938;3.098,6.163,0.425;6.816,5.317,0.491;4.424,6.165,1.061;4.055,14.203,1.145;2.339,3.335,2.092;7.811,18.921,0.744;8.652,19.088,0.420;5.921,10.282,0.492;2.431,19.156,0.228;2.185,15.073,2.027;11.957,10.604,0.939;19.649,6.620,0.472;11.281,7.869,0.382;7.288,3.974,0.431;10.341,1.594,1.277;19.506,12.205,0.316;19.617,15.458,0.285;14.317,8.164,0.285;2.365,18.859,0.351;14.189,11.973,1.329;13.490,14.516,1.086;12.545,13.736,1.026;18.102,11.068,0.351;11.388,16.307,0.431;2.960,12.039,1.245;7.017,4.180,2.098;3.118,13.109,0.771;8.750,14.656,0.293;12.054,15.768,0.340;6.525,14.215,2.145;18.779,11.767,1.747;2.514,1.369,0.425;17.179,11.793,0.662;3.419,1.387,1.237;16.737,3.377,0.319;8.526,9.392,0.816;6.185,17.996,0.315;15.205,3.276,0.387;13.718,9.006,1.672;9.759,14.760,0.817;6.998,9.793,1.267;8.603,3.362,1.204;18.237,12.002,1.803;5.279,17.177,2.469"
29,drone_5,17.1455,6.5259,17.0000,17.0000,"2.347,9.515,0.494;18.301,13.223,1.046;6.689,15.596,2.085;17.102,11.298,0.427;8.172,10.967,1.213;8.788,15.372,0.923;2.199,2.005,0.957;19.010,8.298,0.361;2.280,15.513,1.948;13.374,18.274,0.268;13.316,14.508,0.289;0.568,6.095,0.938;3.098,6.163,0.425;6.816,5.317,0.491;4.424,6.165,1.061;4.055,14.203,1.145;2.339,3.335,2.092;7.811,18.921,0.744;8.652,19.088,0.420;5.921,10.282,0.492;2.431,19.156,0.228;2.185,15.073,2.027;11.957,10.604,0.939;19.649,6.620,0.472;11.281,7.869,0.382;7.288,3.974,0.431;10.341,1.594,1.277;19.506,12.205,0.316;19.617,15.458,0.285;14.317,8.164,0.285;2.365,18.859,0.351;14.189,11.973,1.329;13.490,14.516,1.086;12.545,13.736,1.026;18.102,11.068,0.351;11.388,16.307,0.431;2.960,12.039,1.245;7.017,4.180,2.098;3.118,13.109,0.771;8.750,14.656,0.293;12.054,15.768,0.340;6.525,14.215,2.145;18.779,11.767,1.747;2.514,1.369,0.425;17.179,11.793,0.662;3.419,1.387,1.237;16.737,3.377,0.319;8.526,9.392,0.816;6.185,17.996,0.315;15.205,3.276,0.387;13.718,9.006,1.672;9.759,14.760,0.817;6.998,9.793,1.267;8.603,3.362,1.204;18.237,12.002,1.803;5.279,17.177,2.469"
29,drone_6,18.2890,7.4132,17.0000,17.0000,"2.347,9.515,0.494;18.301,13.223,1.046;6.689,15.596,2.085;17.102,11.298,0.427;8.172,10.967,1.213;8.788,15.372,0.923;2.199,2.005,0.957;19.010,8.298,0.361;2.280,15.513,1.948;13.374,18.274,0.268;13.316,14.508,0.289;0.568,6.095,0.938;3.098,6.163,0.425;6.816,5.317,0.491;4.424,6.165,1.061;4.055,14.203,1.145;2.339,3.335,2.092;7.811,18.921,0.744;8.652,19.088,0.420;5.921,10.282,0.492;2.431,19.156,0.228;2.185,15.073,2.027;11.957,10.604,0.939;19.649,6.620,0.472;11.281,7.869,0.382;7.288,3.974,0.431;10.341,1.594,1.277;19.506,12.205,0.316;19.617,15.458,0.285;14.317,8.164,0.285;2.365,18.859,0.351;14.189,11.973,1.329;13.490,14.516,1.086;12.545,13.736,1.026;18.102,11.068,0.351;11.388,16.307,0.431;2.960,12.039,1.245;7.017,4.180,2.098;3.118,13.109,0.771;8.750,14.656,0.293;12.054,15.768,0.340;6.525,14.215,2.145;18.779,11.767,1.747;2.514,1.369,0.425;17.179,11.793,0.662;3.419,1.387,1.237;16.737,3.377,0.319;8.526,9.392,0.816;6.185,17.996,0.315;15.205,3.276,0.387;13.718,9.006,1.672;9.759,14.760,0.817;6.998,9.793,1.267;8.603,3.362,1.204;18.237,12.002,1.803;5.279,17.177,2.469"
29,drone_7,16.8033,7.9824,17.0000,17.0000,"2.347,9.515,0.494;18.301,13.223,1.046;6.689,15.596,2.085;17.102,11.298,0.427;8.172,10.967,1.213;8.788,15.372,0.923;2.199,2.005,0.957;19.010,8.298,0.361;2.280,15.513,1.948;13.374,18.274,0.268;13.316,14.508,0.289;0.568,6.095,0.938;3.098,6.163,0.425;6.816,5.317,0.491;4.424,6.165,1.061;4.055,14.203,1.145;2.339,3.335,2.092;7.811,18.921,0.744;8.652,19.088,0.420;5.921,10.282,0.492;2.431,19.156,0.228;2.185,15.073,2.027;11.957,10.604,0.939;19.649,6.620,0.472;11.281,7.869,0.382;7.288,3.974,0.431;10.341,1.594,1.277;19.506,12.205,0.316;19.617,15.458,0.285;14.317,8.164,0.285;2.365,18.859,0.351;14.189,11.973,1.329;13.490,14.516,1.086;12.545,13.736,1.026;18.102,11.068,0.351;11.388,16.307,0.431;2.960,12.039,1.245;7.017,4.180,2.098;3.118,13.109,0.771;8.750,14.656,0.293;12.054,15.768,0.340;6.525,14.215,2.145;18.779,11.767,1.747;2.514,1.369,0.425;17.179,11.793,0.662;3.419,1.387,1.237;16.737,3.377,0.319;8.526,9.392,0.816;6.185,17.996,0.315;15.205,3.276,0.387;13.718,9.006,1.672;9.759,14.760,0.817;6.998,9.793,1.267;8.603,3.362,1.204;18.237,12.002,1.803;5.279,17.177,2.469"
29,drone_8,18.7811,5.3661,17.0000,17.0000,"2.347,9.515,0.494;18.301,13.223,1.046;6.689,15.596,2.085;17.102,11.298,0.427;8.172,10.967,1.213;8.788,15.372,0.923;2.199,2.005,0.957;19.010,8.298,0.361;2.280,15.513,1.948;13.374,18.274,0.268;13.316,14.508,0.289;0.568,6.095,0.938;3.098,6.163,0.425;6.816,5.317,0.491;4.424,6.165,1.061;4.055,14.203,1.145;2.339,3.335,2.092;7.811,18.921,0.744;8.652,19.088,0.420;5.921,10.282,0.492;2.431,19.156,0.228;2.185,15.073,2.027;11.957,10.604,0.939;19.649,6.620,0.472;11.281,7.869,0.382;7.288,3.974,0.431;10.341,1.594,1.277;19.506,12.205,0.316;19.617,15.458,0.285;14.317,8.164,0.285;2.365,18.859,0.351;14.189,11.973,1.329;13.490,14.516,1.086;12.545,13.736,1.026;18.102,11.068,0.351;11.388,16.307,0.431;2.960,12.039,1.245;7.017,4.180,2.098;3.118,13.109,0.771;8.750,14.656,0.293;12.054,15.768,0.340;6.525,14.215,2.145;18.779,11.767,1.747;2.514,1.369,0.425;17.179,11.793,0.662;3.419,1.387,1.237;16.737,3.377,0.319;8.526,9.392,0.816;6.185,17.996,0.315;15.205,3.276,0.387;13.718,9.006,1.672;9.759,14.760,0.817;6.998,9.793,1.267;8.603,3.362,1.204;18.237,12.002,1.803;5.279,17.177,2.469"
29,drone_9,17.3727,5.9887,17.0000,17.0000,"2.347,9.515,0.494;18.301,13.223,1.046;6.689,15.596,2.085;17.102,11.298,0.427;8.172,10.967,1.213;8.788,15.372,0.923;2.199,2.005,0.957;19.010,8.298,0.361;2.280,15.513,1.948;13.374,18.274,0.268;13.316,14.508,0.289;0.568,6.095,0.938;3.098,6.163,0.425;6.816,5.317,0.491;4.424,6.165,1.061;4.055,14.203,1.145;2.339,3.335,2.092;7.811,18.921,0.744;8.652,19.088,0.420;5.921,10.282,0.492;2.431,19.156,0.228;2.185,15.073,2.027;11.957,10.604,0.939;19.649,6.620,0.472;11.281,7.869,0.382;7.288,3.974,0.431;10.341,1.594,1.277;19.506,12.205,0.316;19.617,15.458,0.285;14.317,8.164,0.285;2.365,18.859,0.351;14.189,11.973,1.329;13.490,14.516,1.086;12.545,13.736,1.026;18.102,11.068,0.351;11.388,16.307,0.431;2.960,12.039,1.245;7.017,4.180,2.098;3.118,13.109,0.771;8.750,14.656,0.293;12.054,15.768,0.340;6.525,14.215,2.145;18.779,11.767,1.747;2.514,1.369,0.425;17.179,11.793,0.662;3.419,1.387,1.237;16.737,3.377,0.319;8.526,9.392,0.816;6.185,17.996,0.315;15.205,3.276,0.387;13.718,9.006,1.672;9.759,14.760,0.817;6.998,9.793,1.267;8.603,3.362,1.204;18.237,12.002,1.803;5.279,17.177,2.469"
30,drone_0,16.7159,6.9814,17.0000,17.0000,"2.347,9.515,0.494;18.301,13.223,1.046;6.689,15.596,2.085;17.102,11.298,0.427;8.172,10.967,1.213;8.788,15.372,0.923;2.199,2.005,0.957;19.010,8.298,0.361;2.280,15.513,1.948;13.374,18.274,0.268;13.316,14.508,0.289;0.568,6.095,0.938;3.098,6.163,0.425;6.816,5.317,0.491;4.424,6.165,1.061;4.055,14.203,1.145;2.339,3.335,2.092;7.811,18.921,0.744;8.652,19.088,0.420;5.921,10.282,0.492;2.431,19.156,0.228;2.185,15.073,2.027;11.957,10.604,0.939;19.649,6.620,0.472;11.281,7.869,0.382;7.288,3.974,0.431;10.341,1.594,1.277;19.506,12.205,0.316;19.617,15.458,0.285;14.317,8.164,0.285;2.365,18.859,0.351;14.189,11.973,1.329;13.490,14.516,1.086;12.545,13.736,1.026;18.102,11.068,0.351;11.388,16.307,0.431;2.960,12.039,1.245;7.017,4.180,2.098;3.118,13.109,0.771;8.750,14.656,0.293;12.054,15.768,0.340;6.525,14.215,2.145;18.779,11.767,1.747;2.514,1.369,0.425;17.179,11.793,0.662;3.419,1.387,1.237;16.737,3.377,0.319;8.526,9.392,0.816;6.185,17.996,0.315;15.205,3.276,0.387;13.718,9.006,1.672;9.759,14.760,0.817;6.998,9.793,1.267;8.603,3.362,1.204;18.237,12.002,1.803;5.279,17.177,2.469"
30,drone_1,18.1740,6.2988,17.0000,17.0000,"2.347,9.515,0.494;18.301,13.223,1.046;6.689,15.596,2.085;17.102,11.298,0.427;8.172,10.967,1.213;8.788,15.372,0.923;2.199,2.005,0.957;19.010,8.298,0.361;2.280,15.513,1.948;13.374,18.274,0.268;13.316,14.508,0.289;0.568,6.095,0.938;3.098,6.163,0.425;6.816,5.317,0.491;4.424,6.165,1.061;4.055,14.203,1.145;2.339,3.335,2.092;7.811,18.921,0.744;8.652,19.088,0.420;5.921,10.282,0.492;2.431,19.156,0.228;2.185,15.073,2.027;11.957,10.604,0.939;19.649,6.620,0.472;11.281,7.869,0.382;7.288,3.974,0.431;10.341,1.594,1.277;19.506,12.205,0.316;19.617,15.458,0.285;14.317,8.164,0.285;2.365,18.859,0.351;14.189,11.973,1.329;13.490,14.516,1.086;12.545,13.736,1.026;18.102,11.068,0.351;11.388,16.307,0.431;2.960,12.039,1.245;7.017,4.180,2.098;3.118,13.109,0.771;8.750,14.656,0.293;12.054,15.768,0.340;6.525,14.215,2.145;18.779,11.767,1.747;2.514,1.369,0.425;17.179,11.793,0.662;3.419,1.387,1.237;16.737,3.377,0.319;8.526,9.392,0.816;6.185,17.996,0.315;15.205,3.276,0.387;13.718,9.006,1.672;9.759,14.760,0.817;6.998,9.793,1.267;8.603,3.362,1.204;18.237,12.002,1.803;5.279,17.177,2.469"
30,drone_2,17.5263,7.5710,17.0000,17.0000,"2.347,9.515,0.494;18.301,13.223,1.046;6.689,15.596,2.085;17.102,11.298,0.427;8.172,10.967,1.213;8.788,15.372,0.923;2.199,2.005,0.957;19.010,8.298,0.361;2.280,15.513,1.948;13.374,18.274,0.268;13.316,14.508,0.289;0.568,6.095,0.938;3.098,6.163,0.425;6.816,5.317,0.491;4.424,6.165,1.061;4.055,14.203,1.145;2.339,3.335,2.092;7.811,18.921,0.744;8.652,19.088,0.420;5.921,10.282,0.492;2.431,19.156,0.228;2.185,15.073,2.027;11.957,10.604,0.939;19.649,6.620,0.472;11.281,7.869,0.382;7.288,3.974,0.431;10.341,1.594,1.277;19.506,12.205,0.316;19.617,15.458,0.285;14.317,8.164,0.285;2.365,18.859,0.351;14.189,11.973,1.329;13.490,14.516,1.086;12.545,13.736,1.026;18.102,11.068,0.351;11.388,16.307,0.431;2.960,12.039,1.245;7.017,4.180,2.098;3.118,13.109,0.771;8.750,14.656,0.293;12.054,15.768,0.340;6.525,14.215,2.145;18.779,11.767,1.747;2.514,1.369,0.425;17.179,11.793,0.662;3.419,1.387,1.237;16.737,3.377,0.319;8.526,9.392,0.816;6.185,17.996,0.315;15.205,3.276,0.387;13.718,9.006,1.672;9.759,14.760,0.817;6.998,9.793,1.267;8.603,3.362,1.204;18.237,12.002,1.803;5.279,17.177,2.469"
30,drone_3,14.4091,6.7013,17.0000,17.0000,"2.347,9.515,0.494;18.301,13.223,1.046;6.689,15.596,2.085;17.102,11.298,0.427;8.172,10.967,1.213;8.788,15.372,0.923;2.199,2.005,0.957;19.010,8.298,0.361;2.280,15.513,1.948;13.374,18.274,0.268;13.316,14.508,0.289;0.568,6.095,0.938;3.098,6.163,0.425;6.816,5.317,0.491;4.424,6.165,1.061;4.055,14.203,1.145;2.339,3.335,2.092;7.811,18.921,0.744;8.652,19.088,0.420;5.921,10.282,0.492;2.431,19.156,0.228;2.185,15.073,2.027;11.957,10.604,0.939;19.649,6.620,0.472;11.281,7.869,0.382;7.288,3.974,0.431;10.341,1.594,1.277;19.506,12.205,0.316;19.617,15.458,0.285;14.317,8.164,0.285;2.365,18.859,0.351;14.189,11.973,1.329;13.490,14.516,1.086;12.545,13.736,1.026;18.102,11.068,0.351;11.388,16.307,0.431;2.960,12.039,1.245;7.017,4.180,2.098;3.118,13.109,0.771;8.750,14.656,0.293;12.054,15.768,0.340;6.525,14.215,2.145;18.779,11.767,1.747;2.514,1.369,0.425;17.179,11.793,0.662;3.419,1.387,1.237;16.737,3.377,0.319;8.526,9.392,0.816;6.185,17.996,0.315;15.205,3.276,0.387;13.718,9.006,1.672;9.759,14.760,0.817;6.998,9.793,1.267;8.603,3.362,1.204;18.237,12.002,1.803;5.279,17.177,2.469"
30,drone_4,18.8474,6.1993,17.0000,17.0000,"2.347,9.515,0.494;18.301,13.223,1.046;6.689,15.596,2.085;17.102,11.298,0.427;8.172,10.967,1.213;8.788,15.372,0.923;2.199,2.005,0.957;19.010,8.298,0.361;2.280,15.513,1.948;13.374,18.274,0.268;13.316,14.508,0.289;0.568,6.095,0.938;3.098,6.163,0.425;6.816,5.317,0.491;4.424,6.165,1.061;4.055,14.203,1.145;2.339,3.335,2.092;7.811,18.921,0.744;8.652,19.088,0.420;5.921,10.282,0.492;2.431,19.156,0.228;2.185,15.073,2.027;11.957,10.604,0.939;19.649,6.620,0.472;11.281,7.869,0.382;7.288,3.974,0.431;10.341,1.594,1.277;19.506,12.205,0.316;19.617,15.458,0.285;14.317,8.164,0.285;2.365,18.859,0.351;14.189,11.973,1.329;13.490,14.516,1.086;12.545,13.736,1.026;18.102,11.068,0.351;11.388,16.307,0.431;2.960,12.039,1.245;7.017,4.180,2.098;3.118,13.109,0.771;8.750,14.656,0.293;12.054,15.768,0.340;6.525,14.215,2.145;18.779,11.767,1.747;2.514,1.369,0.425;17.179,11.793,0.662;3.419,1.387,1.237;16.737,3.377,0.319;8.526,9.392,0.816;6.185,17.996,0.315;15.205,3.276,0.387;13.718,9.006,1.672;9.759,14.760,0.817;6.998,9.793,1.267;8.603,3.362,1.204;18.237,12.002,1.803;5.279,17.177,2.469"
30,drone_5,17.3332,6.5950,17.0000,17.0000,"2.347,9.515,0.494;18.301,13.223,1.046;6.689,15.596,2.085;17.102,11.298,0.427;8.172,10.967,1.213;8.788,15.372,0.923;2.199,2.005,0.957;19.010,8.298,0.361;2.280,15.513,1.948;13.374,18.274,0.268;13.316,14.508,0.289;0.568,6.095,0.938;3.098,6.163,0.425;6.816,5.317,0.491;4.424,6.165,1.061;4.055,14.203,1.145;2.339,3.335,2.092;7.811,18.921,0.744;8.652,19.088,0.420;5.921,10.282,0.492;2.431,19.156,0.228;2.185,15.073,2.027;11.957,10.604,0.939;19.649,6.620,0.472;11.281,7.869,0.382;7.288,3.974,0.431;10.341,1.594,1.277;19.506,12.205,0.316;19.617,15.458,0.285;14.317,8.164,0.285;2.365,18.859,0.351;14.189,11.973,1.329;13.490,14.516,1.086;12.545,13.736,1.026;18.102,11.068,0.351;11.388,16.307,0.431;2.960,12.039,1.245;7.017,4.180,2.098;3.118,13.109,0.771;8.750,14.656,0.293;12.054,15.768,0.340;6.525,14.215,2.145;18.779,11.767,1.747;2.514,1.369,0.425;17.179,11.793,0.662;3.419,1.387,1.237;16.737,3.377,0.319;8.526,9.392,0.816;6.185,17.996,0.315;15.205,3.276,0.387;13.718,9.006,1.672;9.759,14.760,0.817;6.998,9.793,1.267;8.603,3.362,1.204;18.237,12.002,1.803;5.279,17.177,2.469"
30,drone_6,18.4636,7.5107,17.0000,17.0000,"2.347,9.515,0.494;18.301,13.223,1.046;6.689,15.596,2.085;17.102,11.298,0.427;8.172,10.967,1.213;8.788,15.372,0.923;2.199,2.005,0.957;19.010,8.298,0.361;2.280,15.513,1.948;13.374,18.274,0.268;13.316,14.508,0.289;0.568,6.095,0.938;3.098,6.163,0.425;6.816,5.317,0.491;4.424,6.165,1.061;4.055,14.203,1.145;2.339,3.335,2.092;7.811,18.921,0.744;8.652,19.088,0.420;5.921,10.282,0.492;2.431,19.156,0.228;2.185,15.073,2.027;11.957,10.604,0.939;19.649,6.620,0.472;11.281,7.869,0.382;7.288,3.974,0.431;10.341,1.594,1.277;19.506,12.205,0.316;19.617,15.458,0.285;14.317,8.164,0.285;2.365,18.859,0.351;14.189,11.973,1.329;13.490,14.516,1.086;12.545,13.736,1.026;18.102,11.068,0.351;11.388,16.307,0.431;2.960,12.039,1.245;7.017,4.180,2.098;3.118,13.109,0.771;8.750,14.656,0.293;12.054,15.768,0.340;6.525,14.215,2.145;18.779,11.767,1.747;2.514,1.369,0.425;17.179,11.793,0.662;3.419,1.387,1.237;16.737,3.377,0.319;8.526,9.392,0.816;6.185,17.996,0.315;15.205,3.276,0.387;13.718,9.006,1.672;9.759,14.760,0.817;6.998,9.793,1.267;8.603,3.362,1.204;18.237,12.002,1.803;5.279,17.177,2.469"
30,drone_7,16.9631,8.1027,17.0000,17.0000,"2.347,9.515,0.494;18.301,13.223,1.046;6.689,15.596,2.085;17.102,11.298,0.427;8.172,10.967,1.213;8.788,15.372,0.923;2.199,2.005,0.957;19.010,8.298,0.361;2.280,15.513,1.948;13.374,18.274,0.268;13.316,14.508,0.289;0.568,6.095,0.938;3.098,6.163,0.425;6.816,5.317,0.491;4.424,6.165,1.061;4.055,14.203,1.145;2.339,3.335,2.092;7.811,18.921,0.744;8.652,19.088,0.420;5.921,10.282,0.492;2.431,19.156,0.228;2.185,15.073,2.027;11.957,10.604,0.939;19.649,6.620,0.472;11.281,7.869,0.382;7.288,3.974,0.431;10.341,1.594,1.277;19.506,12.205,0.316;19.617,15.458,0.285;14.317,8.164,0.285;2.365,18.859,0.351;14.189,11.973,1.329;13.490,14.516,1.086;12.545,13.736,1.026;18.102,11.068,0.351;11.388,16.307,0.431;2.960,12.039,1.245;7.017,4.180,2.098;3.118,13.109,0.771;8.750,14.656,0.293;12.054,15.768,0.340;6.525,14.215,2.145;18.779,11.767,1.747;2.514,1.369,0.425;17.179,11.793,0.662;3.419,1.387,1.237;16.737,3.377,0.319;8.526,9.392,0.816;6.185,17.996,0.315;15.205,3.276,0.387;13.718,9.006,1.672;9.759,14.760,0.817;6.998,9.793,1.267;8.603,3.362,1.204;18.237,12.002,1.803;5.279,17.177,2.469"
30,drone_8,18.9788,5.3964,17.0000,17.0000,"2.347,9.515,0.494;18.301,13.223,1.046;6.689,15.596,2.085;17.102,11.298,0.427;8.172,10.967,1.213;8.788,15.372,0.923;2.199,2.005,0.957;19.010,8.298,0.361;2.280,15.513,1.948;13.374,18.274,0.268;13.316,14.508,0.289;0.568,6.095,0.938;3.098,6.163,0.425;6.816,5.317,0.491;4.424,6.165,1.061;4.055,14.203,1.145;2.339,3.335,2.092;7.811,18.921,0.744;8.652,19.088,0.420;5.921,10.282,0.492;2.431,19.156,0.228;2.185,15.073,2.027;11.957,10.604,0.939;19.649,6.620,0.472;11.281,7.869,0.382;7.288,3.974,0.431;10.341,1.594,1.277;19.506,12.205,0.316;19.617,15.458,0.285;14.317,8.164,0.285;2.365,18.859,0.351;14.189,11.973,1.329;13.490,14.516,1.086;12.545,13.736,1.026;18.102,11.068,0.351;11.388,16.307,0.431;2.960,12.039,1.245;7.017,4.180,2.098;3.118,13.109,0.771;8.750,14.656,0.293;12.054,15.768,0.340;6.525,14.215,2.145;18.779,11.767,1.747;2.514,1.369,0.425;17.179,11.793,0.662;3.419,1.387,1.237;16.737,3.377,0.319;8.526,9.392,0.816;6.185,17.996,0.315;15.205,3.276,0.387;13.718,9.006,1.672;9.759,14.760,0.817;6.998,9.793,1.267;8.603,3.362,1.204;18.237,12.002,1.803;5.279,17.177,2.469"
30,drone_9,17.5607,6.0570,17.0000,17.0000,"2.347,9.515,0.494;18.301,13.223,1.046;6.689,15.596,2.085;17.102,11.298,0.427;8.172,10.967,1.213;8.788,15.372,0.923;2.199,2.005,0.957;19.010,8.298,0.361;2.280,15.513,1.948;13.374,18.274,0.268;13.316,14.508,0.289;0.568,6.095,0.938;3.098,6.163,0.425;6.816,5.317,0.491;4.424,6.165,1.061;4.055,14.203,1.145;2.339,3.335,2.092;7.811,18.921,0.744;8.652,19.088,0.420;5.921,10.282,0.492;2.431,19.156,0.228;2.185,15.073,2.027;11.957,10.604,0.939;19.649,6.620,0.472;11.281,7.869,0.382;7.288,3.974,0.431;10.341,1.594,1.277;19.506,12.205,0.316;19.617,15.458,0.285;14.317,8.164,0.285;2.365,18.859,0.351;14.189,11.973,1.329;13.490,14.516,1.086;12.545,13.736,1.026;18.102,11.068,0.351;11.388,16.307,0.431;2.960,12.039,1.245;7.017,4.180,2.098;3.118,13.109,0.771;8.750,14.656,0.293;12.054,15.768,0.340;6.525,14.215,2.145;18.779,11.767,1.747;2.514,1.369,0.425;17.179,11.793,0.662;3.419,1.387,1.237;16.737,3.377,0.319;8.526,9.392,0.816;6.185,17.996,0.315;15.205,3.276,0.387;13.718,9.006,1.672;9.759,14.760,0.817;6.998,9.793,1.267;8.603,3.362,1.204;18.237,12.002,1.803;5.279,17.177,2.469"
31,drone_0,16.9041,7.0491,17.0000,17.0000,"2.347,9.515,0.494;18.301,13.223,1.046;6.689,15.596,2.085;17.102,11.298,0.427;8.172,10.967,1.213;8.788,15.372,0.923;2.199,2.005,0.957;19.010,8.298,0.361;2.280,15.513,1.948;13.374,18.274,0.268;13.316,14.508,0.289;0.568,6.095,0.938;3.098,6.163,0.425;6.816,5.317,0.491;4.424,6.165,1.061;4.055,14.203,1.145;2.339,3.335,2.092;7.811,18.921,0.744;8.652,19.088,0.420;5.921,10.282,0.492;2.431,19.156,0.228;2.185,15.073,2.027;11.957,10.604,0.939;19.649,6.620,0.472;11.281,7.869,0.382;7.288,3.974,0.431;10.341,1.594,1.277;19.506,12.205,0.316;19.617,15.458,0.285;14.317,8.164,0.285;2.365,18.859,0.351;14.189,11.973,1.329;13.490,14.516,1.086;12.545,13.736,1.026;18.102,11.068,0.351;11.388,16.307,0.431;2.960,12.039,1.245;7.017,4.180,2.098;3.118,13.109,0.771;8.750,14.656,0.293;12.054,15.768,0.340;6.525,14.215,2.145;18.779,11.767,1.747;2.514,1.369,0.425;17.179,11.793,0.662;3.419,1.387,1.237;16.737,3.377,0.319;8.526,9.392,0.816;6.185,17.996,0.315;15.205,3.276,0.387;13.718,9.006,1.672;9.759,14.760,0.817;6.998,9.793,1.267;8.603,3.362,1.204;18.237,12.002,1.803;5.279,17.177,2.469"
31,drone_1,18.3688,6.3442,17.0000,17.0000,"2.347,9.515,0.494;18.301,13.223,1.046;6.689,15.596,2.085;17.102,11.298,0.427;8.172,10.967,1.213;8.788,15.372,0.923;2.199,2.005,0.957;19.010,8.298,0.361;2.280,15.513,1.948;13.374,18.274,0.268;13.316,14.508,0.289;0.568,6.095,0.938;3.098,6.163,0.425;6.816,5.317,0.491;4.424,6.165,1.061;4.055,14.203,1.145;2.339,3.335,2.092;7.811,18.921,0.744;8.652,19.088,0.420;5.921,10.282,0.492;2.431,19.156,0.228;2.185,15.073,2.027;11.957,10.604,0.939;19.649,6.620,0.472;11.281,7.869,0.382;7.288,3.974,0.431;10.341,1.594,1.277;19.506,12.205,0.316;19.617,15.458,0.285;14.317,8.164,0.285;2.365,18.859,0.351;14.189,11.973,1.329;13.490,14.516,1.086;12.545,13.736,1.026;18.102,11.068,0.351;11.388,16.307,0.431;2.960,12.039,1.245;7.017,4.180,2.098;3.118,13.109,0.771;8.750,14.656,0.293;12.054,15.768,0.340;6.525,14.215,2.145;18.779,11.767,1.747;2.514,1.369,0.425;17.179,11.793,0.662;3.419,1.387,1.237;16.737,3.377,0.319;8.526,9.392,0.816;6.185,17.996,0.315;15.205,3.276,0.387;13.718,9.006,1.672;9.759,14.760,0.817;6.998,9.793,1.267;8.603,3.362,1.204;18.237,12.002,1.803;5.279,17.177,2.469"
31,drone_2,17.7109,7.6479,17.0000,17.0000,"2.347,9.515,0.494;18.301,13.223,1.046;6.689,15.596,2.085;17.102,11.298,0.427;8.172,10.967,1.213;8.788,15.372,0.923;2.199,2.005,0.957;19.010,8.298,0.361;2.280,15.513,1.948;13.374,18.274,0.268;13.316,14.508,0.289;0.568,6.095,0.938;3.098,6.163,0.425;6.816,5.317,0.491;4.424,6.165,1.061;4.055,14.203,1.145;2.339,3.335,2.092;7.811,18.921,0.744;8.652,19.088,0.420;5.921,10.282,0.492;2.431,19.156,0.228;2.185,15.073,2.027;11.957,10.604,0.939;19.649,6.620,0.472;11.281,7.869,0.382;7.288,3.974,0.431;10.341,1.594,1.277;19.506,12.205,0.316;19.617,15.458,0.285;14.317,8.164,0.285;2.365,18.859,0.351;14.189,11.973,1.329;13.490,14.516,1.086;12.545,13.736,1.026;18.102,11.068,0.351;11.388,16.307,0.431;2.960,12.039,1.245;7.017,4.180,2.098;3.118,13.109,0.771;8.750,14.656,0.293;12.054,15.768,0.340;6.525,14.215,2.145;18.779,11.767,1.747;2.514,1.369,0.425;17.179,11.793,0.662;3.419,1.387,1.237;16.737,3.377,0.319;8.526,9.392,0.816;6.185,17.996,0.315;15.205,3.276,0.387;13.718,9.006,1.672;9.759,14.760,0.817;6.998,9.793,1.267;8.603,3.362,1.204;18.237,12.002,1.803;5.279,17.177,2.469"
31,drone_3,14.6091,6.7037,17.0000,17.0000,"2.347,9.515,0.494;18.301,13.223,1.046;6.689,15.596,2.085;17.102,11.298,0.427;8.172,10.967,1.213;8.788,15.372,0.923;2.199,2.005,0.957;19.010,8.298,0.361;2.280,15.513,1.948;13.374,18.274,0.268;13.316,14.508,0.289;0.568,6.095,0.938;3.098,6.163,0.425;6.816,5.317,0.491;4.424,6.165,1.061;4.055,14.203,1.145;2.339,3.335,2.092;7.811,18.921,0.744;8.652,19.088,0.420;5.921,10.282,0.492;2.431,19.156,0.228;2.185,15.073,2.027;11.957,10.604,0.939;19.649,6.620,0.472;11.281,7.869,0.382;7.288,3.974,0.431;10.341,1.594,1.277;19.506,12.205,0.316;19.617,15.458,0.285;14.317,8.164,0.285;2.365,18.859,0.351;14.189,11.973,1.329;13.490,14.516,1.086;12.545,13.736,1.026;18.102,11.068,0.351;11.388,16.307,0.431;2.960,12.039,1.245;7.017,4.180,2.098;3.118,13.109,0.771;8.750,14.656,0.293;12.054,15.768,0.340;6.525,14.215,2.145;18.779,11.767,1.747;2.514,1.369,0.425;17.179,11.793,0.662;3.419,1.387,1.237;16.737,3.377,0.319;8.526,9.392,0.816;6.185,17.996,0.315;15.205,3.276,0.387;13.718,9.006,1.672;9.759,14.760,0.817;6.998,9.793,1.267;8.603,3.362,1.204;18.237,12.002,1.803;5.279,17.177,2.469"
31,drone_4,19.0396,6.2546,17.0000,17.0000,"2.347,9.515,0.494;18.301,13.223,1.046;6.689,15.596,2.085;17.102,11.298,0.427;8.172,10.967,1.213;8.788,15.372,0.923;2.199,2.005,0.957;19.010,8.298,0.361;2.280,15.513,1.948;13.374,18.274,0.268;13.316,14.508,0.289;0.568,6.095,0.938;3.098,6.163,0.425;6.816,5.317,0.491;4.424,6.165,1.061;4.055,14.203,1.145;2.339,3.335,2.092;7.811,18.921,0.744;8.652,19.088,0.420;5.921,10.282,0.492;2.431,19.156,0.228;2.185,15.073,2.027;11.957,10.604,0.939;19.649,6.620,0.472;11.281,7.869,0.382;7.288,3.974,0.431;10.341,1.594,1.277;19.506,12.205,0.316;19.617,15.458,0.285;14.317,8.164,0.285;2.365,18.859,0.351;14.189,11.973,1.329;13.490,14.516,1.086;12.545,13.736,1.026;18.102,11.068,0.351;11.388,16.307,0.431;2.960,12.039,1.245;7.017,4.180,2.098;3.118,13.109,0.771;8.750,14.656,0.293;12.054,15.768,0.340;6.525,14.215,2.145;18.779,11.767,1.747;2.514,1.369,0.425;17.179,11.793,0.662;3.419,1.387,1.237;16.737,3.377,0.319;8.526,9.392,0.816;6.185,17.996,0.315;15.205,3.276,0.387;13.718,9.006,1.672;9.759,14.760,0.817;6.998,9.793,1.267;8.603,3.362,1.204;18.237,12.002,1.803;5.279,17.177,2.469"
31,drone_5,17.5234,6.6568,17.0000,17.0000,"2.347,9.515,0.494;18.301,13.223,1.046;6.689,15.596,2.085;17.102,11.298,0.427;8.172,10.967,1.213;8.788,15.372,0.923;2.199,2.005,0.957;19.010,8.298,0.361;2.280,15.513,1.948;13.374,18.274,0.268;13.316,14.508,0.289;0.568,6.095,0.938;3.098,6.163,0.425;6.816,5.317,0.491;4.424,6.165,1.061;4.055,14.203,1.145;2.339,3.335,2.092;7.811,18.921,0.744;8.652,19.088,0.420;5.921,10.282,0.492;2.431,19.156,0.228;2.185,15.073,2.027;11.957,10.604,0.939;19.649,6.620,0.472;11.281,7.869,0.382;7.288,3.974,0.431;10.341,1.594,1.277;19.506,12.205,0.316;19.617,15.458,0.285;14.317,8.164,0.285;2.365,18.859,0.351;14.189,11.973,1.329;13.490,14.516,1.086;12.545,13.736,1.026;18.102,11.068,0.351;11.388,16.307,0.431;2.960,12.039,1.245;7.017,4.180,2.098;3.118,13.109,0.771;8.750,14.656,0.293;12.054,15.768,0.340;6.525,14.215,2.145;18.779,11.767,1.747;2.514,1.369,0.425;17.179,11.793,0.662;3.419,1.387,1.237;16.737,3.377,0.319;8.526,9.392,0.816;6.185,17.996,0.315;15.205,3.276,0.387;13.718,9.006,1.672;9.759,14.760,0.817;6.998,9.793,1.267;8.603,3.362,1.204;18.237,12.002,1.803;5.279,17.177,2.469"
31,drone_6,18.6431,7.5990,17.0000,17.0000,"2.347,9.515,0.494;18.301,13.223,1.046;6.689,15.596,2.085;17.102,11.298,0.427;8.172,10.967,1.213;8.788,15.372,0.923;2.199,2.005,0.957;19.010,8.298,0.361;2.280,15.513,1.948;13.374,18.274,0.268;13.316,14.508,0.289;0.568,6.095,0.938;3.098,6.163,0.425;6.816,5.317,0.491;4.424,6.165,1.061;4.055,14.203,1.145;2.339,3.335,2.092;7.811,18.921,0.744;8.652,19.088,0.420;5.921,10.282,0.492;2.431,19.156,0.228;2.185,15.073,2.027;11.957,10.604,0.939;19.649,6.620,0.472;11.281,7.869,0.382;7.288,3.974,0.431;10.341,1.594,1.277;19.506,12.205,0.316;19.617,15.458,0.285;14.317,8.164,0.285;2.365,18.859,0.351;14.189,11.973,1.329;13.490,14.516,1.086;12.545,13.736,1.026;18.102,11.068,0.351;11.388,16.307,0.431;2.960,12.039,1.245;7.017,4.180,2.098;3.118,13.109,0.771;8.750,14.656,0.293;12.054,15.768,0.340;6.525,14.215,2.145;18.779,11.767,1.747;2.514,1.369,0.425;17.179,11.793,0.662;3.419,1.387,1.237;16.737,3.377,0.319;8.526,9.392,0.816;6.185,17.996,0.315;15.205,3.276,0.387;13.718,9.006,1.672;9.759,14.760,0.817;6.998,9.793,1.267;8.603,3.362,1.204;18.237,12.002,1.803;5.279,17.177,2.469"
31,drone_7,17.1310,8.2114,17.0000,17.0000,"2.347,9.515,0.494;18.301,13.223,1.046;6.689,15.596,2.085;17.102,11.298,0.427;8.172,10.967,1.213;8.788,15.372,0.923;2.199,2.005,0.957;19.010,8.298,0.361;2.280,15.513,1.948;13.374,18.274,0.268;13.316,14.508,0.289;0.568,6.095,0.938;3.098,6.163,0.425;6.816,5.317,0.491;4.424,6.165,1.061;4.055,14.203,1.145;2.339,3.335,2.092;7.811,18.921,0.744;8.652,19.088,0.420;5.921,10.282,0.492;2.431,19.156,0.228;2.185,15.073,2.027;11.957,10.604,0.939;19.649,6.620,0.472;11.281,7.869,0.382;7.288,3.974,0.431;10.341,1.594,1.277;19.506,12.205,0.316;19.617,15.458,0.285;14.317,8.164,0.285;2.365,18.859,0.351;14.189,11.973,1.329;13.490,14.516,1.086;12.545,13.736,1.026;18.102,11.068,0.351;11.388,16.307,0.431;2.960,12.039,1.245;7.017,4.180,2.098;3.118,13.109,0.771;8.750,14.656,0.293;12.054,15.768,0.340;6.525,14.215,2.145;18.779,11.767,1.747;2.514,1.369,0.425;17.179,11.793,0.662;3.419,1.387,1.237;16.737,3.377,0.319;8.526,9.392,0.816;6.185,17.996,0.315;15.205,3.276,0.387;13.718,9.006,1.672;9.759,14.760,0.817;6.998,9.793,1.267;8.603,3.362,1.204;18.237,12.002,1.803;5.279,17.177,2.469"
31,drone_8,19.1764,5.4079,17.0000,17.0000,"2.347,9.515,0.494;18.301,13.223,1.046;6.689,15.596,2.085;17.102,11.298,0.427;8.172,10.967,1.213;8.788,15.372,0.923;2.199,2.005,0.957;19.010,8.298,0.361;2.280,15.513,1.948;13.374,18.274,0.268;13.316,14.508,0.289;0.568,6.095,0.938;3.098,6.163,0.425;6.816,5.317,0.491;4.424,6.165,1.061;4.055,14.203,1.145;2.339,3.335,2.092;7.811,18.921,0.744;8.652,19.088,0.420;5.921,10.282,0.492;2.431,19.156,0.228;2.185,15.073,2.027;11.957,10.604,0.939;19.649,6.620,0.472;11.281,7.869,0.382;7.288,3.974,0.431;10.341,1.594,1.277;19.506,12.205,0.316;19.617,15.458,0.285;14.317,8.164,0.285;2.365,18.859,0.351;14.189,11.973,1.329;13.490,14.516,1.086;12.545,13.736,1.026;18.102,11.068,0.351;11.388,16.307,0.431;2.960,12.039,1.245;7.017,4.180,2.098;3.118,13.109,0.771;8.750,14.656,0.293;12.054,15.768,0.340;6.525,14.215,2.145;18.779,11.767,1.747;2.514,1.369,0.425;17.179,11.793,0.662;3.419,1.387,1.237;16.737,3.377,0.319;8.526,9.392,0.816;6.185,17.996,0.315;15.205,3.276,0.387;13.718,9.006,1.672;9.759,14.760,0.817;6.998,9.793,1.267;8.603,3.362,1.204;18.237,12.002,1.803;5.279,17.177,2.469"
31,drone_9,17.7518,6.1159,17.0000,17.0000,"2.347,9.515,0.494;18.301,13.223,1.046;6.689,15.596,2.085;17.102,11.298,0.427;8.172,10.967,1.213;8.788,15.372,0.923;2.199,2.005,0.957;19.010,8.298,0.361;2.280,15.513,1.948;13.374,18.274,0.268;13.316,14.508,0.289;0.568,6.095,0.938;3.098,6.163,0.425;6.816,5.317,0.491;4.424,6.165,1.061;4.055,14.203,1.145;2.339,3.335,2.092;7.811,18.921,0.744;8.652,19.088,0.420;5.921,10.282,0.492;2.431,19.156,0.228;2.185,15.073,2.027;11.957,10.604,0.939;19.649,6.620,0.472;11.281,7.869,0.382;7.288,3.974,0.431;10.341,1.594,1.277;19.506,12.205,0.316;19.617,15.458,0.285;14.317,8.164,0.285;2.365,18.859,0.351;14.189,11.973,1.329;13.490,14.516,1.086;12.545,13.736,1.026;18.102,11.068,0.351;11.388,16.307,0.431;2.960,12.039,1.245;7.017,4.180,2.098;3.118,13.109,0.771;8.750,14.656,0.293;12.054,15.768,0.340;6.525,14.215,2.145;18.779,11.767,1.747;2.514,1.369,0.425;17.179,11.793,0.662;3.419,1.387,1.237;16.737,3.377,0.319;8.526,9.392,0.816;6.185,17.996,0.315;15.205,3.276,0.387;13.718,9.006,1.672;9.759,14.760,0.817;6.998,9.793,1.267;8.603,3.362,1.204;18.237,12.002,1.803;5.279,17.177,2.469"
32,drone_0,17.0908,7.1207,17.0000,17.0000,"2.347,9.515,0.494;18.301,13.223,1.046;6.689,15.596,2.085;17.102,11.298,0.427;8.172,10.967,1.213;8.788,15.372,0.923;2.199,2.005,0.957;19.010,8.298,0.361;2.280,15.513,1.948;13.374,18.274,0.268;13.316,14.508,0.289;0.568,6.095,0.938;3.098,6.163,0.425;6.816,5.317,0.491;4.424,6.165,1.061;4.055,14.203,1.145;2.339,3.335,2.092;7.811,18.921,0.744;8.652,19.088,0.420;5.921,10.282,0.492;2.431,19.156,0.228;2.185,15.073,2.027;11.957,10.604,0.939;19.649,6.620,0.472;11.281,7.869,0.382;7.288,3.974,0.431;10.341,1.594,1.277;19.506,12.205,0.316;19.617,15.458,0.285;14.317,8.164,0.285;2.365,18.859,0.351;14.189,11.973,1.329;13.490,14.516,1.086;12.545,13.736,1.026;18.102,11.068,0.351;11.388,16.307,0.431;2.960,12.039,1.245;7.017,4.180,2.098;3.118,13.109,0.771;8.750,14.656,0.293;12.054,15.768,0.340;6.525,14.215,2.145;18.779,11.767,1.747;2.514,1.369,0.425;17.179,11.793,0.662;3.419,1.387,1.237;16.737,3.377,0.319;8.526,9.392,0.816;6.185,17.996,0.315;15.205,3.276,0.387;13.718,9.006,1.672;9.759,14.760,0.817;6.998,9.793,1.267;8.603,3.362,1.204;18.237,12.002,1.803;5.279,17.177,2.469"
32,drone_1,18.5647,6.3845,17.0000,17.0000,"2.347,9.515,0.494;18.301,13.223,1.046;6.689,15.596,2.085;17.102,11.298,0.427;8.172,10.967,1.213;8.788,15.372,0.923;2.199,2.005,0.957;19.010,8.298,0.361;2.280,15.513,1.948;13.374,18.274,0.268;13.316,14.508,0.289;0.568,6.095,0.938;3.098,6.163,0.425;6.816,5.317,0.491;4.424,6.165,1.061;4.055,14.203,1.145;2.339,3.335,2.092;7.811,18.921,0.744;8.652,19.088,0.420;5.921,10.282,0.492;2.431,19.156,0.228;2.185,15.073,2.027;11.957,10.604,0.939;19.649,6.620,0.472;11.281,7.869,0.382;7.288,3.974,0.431;10.341,1.594,1.277;19.506,12.205,0.316;19.617,15.458,0.285;14.317,8.164,0.285;2.365,18.859,0.351;14.189,11.973,1.329;13.490,14.516,1.086;12.545,13.736,1.026;18.102,11.068,0.351;11.388,16.307,0.431;2.960,12.039,1.245;7.017,4.180,2.098;3.118,13.109,0.771;8.750,14.656,0.293;12.054,15.768,0.340;6.525,14.215,2.145;18.779,11.767,1.747;2.514,1.369,0.425;17.179,11.793,0.662;3.419,1.387,1.237;16.737,3.377,0.319;8.526,9.392,0.816;6.185,17.996,0.315;15.205,3.276,0.387;13.718,9.006,1.672;9.759,14.760,0.817;6.998,9.793,1.267;8.603,3.362,1.204;18.237,12.002,1.803;5.279,17.177,2.469"
32,drone_2,17.8966,7.7224,17.0000,17.0000,"2.347,9.515,0.494;18.301,13.223,1.046;6.689,15.596,2.085;17.102,11.298,0.427;8.172,10.967,1.213;8.788,15.372,0.923;2.199,2.005,0.957;19.010,8.298,0.361;2.280,15.513,1.948;13.374,18.274,0.268;13.316,14.508,0.289;0.568,6.095,0.938;3.098,6.163,0.425;6.816,5.317,0.491;4.424,6.165,1.061;4.055,14.203,1.145;2.339,3.335,2.092;7.811,18.921,0.744;8.652,19.088,0.420;5.921,10.282,0.492;2.431,19.156,0.228;2.185,15.073,2.027;11.957,10.604,0.939;19.649,6.620,0.472;11.281,7.869,0.382;7.288,3.974,0.431;10.341,1.594,1.277;19.506,12.205,0.316;19.617,15.458,0.285;14.317,8.164,0.285;2.365,18.859,0.351;14.189,11.973,1.329;13.490,14.516,1.086;12.545,13.736,1.026;18.102,11.068,0.351;11.388,16.307,0.431;2.960,12.039,1.245;7.017,4.180,2.098;3.118,13.109,0.771;8.750,14.656,0.293;12.054,15.768,0.340;6.525,14.215,2.145;18.779,11.767,1.747;2.514,1.369,0.425;17.179,11.793,0.662;3.419,1.387,1.237;16.737,3.377,0.319;8.526,9.392,0.816;6.185,17.996,0.315;15.205,3.276,0.387;13.718,9.006,1.672;9.759,14.760,0.817;6.998,9.793,1.267;8.603,3.362,1.204;18.237,12.002,1.803;5.279,17.177,2.469"
32,drone_3,14.8090,6.6977,17.0000,17.0000,"2.347,9.515,0.494;18.301,13.223,1.046;6.689,15.596,2.085;17.102,11.298,0.427;8.172,10.967,1.213;8.788,15.372,0.923;2.199,2.005,0.957;19.010,8.298,0.361;2.280,15.513,1.948;13.374,18.274,0.268;13.316,14.508,0.289;0.568,6.095,0.938;3.098,6.163,0.425;6.816,5.317,0.491;4.424,6.165,1.061;4.055,14.203,1.145;2.339,3.335,2.092;7.811,18.921,0.744;8.652,19.088,0.420;5.921,10.282,0.492;2.431,19.156,0.228;2.185,15.073,2.027;11.957,10.604,0.939;19.649,6.620,0.472;11.281,7.869,0.382;7.288,3.974,0.431;10.341,1.594,1.277;19.506,12.205,0.316;19.617,15.458,0.285;14.317,8.164,0.285;2.365,18.859,0.351;14.189,11.973,1.329;13.490,14.516,1.086;12.545,13.736,1.026;18.102,11.068,0.351;11.388,16.307,0.431;2.960,12.039,1.245;7.017,4.180,2.098;3.118,13.109,0.771;8.750,14.656,0.293;12.054,15.768,0.340;6.525,14.215,2.145;18.779,11.767,1.747;2.514,1.369,0.425;17.179,11.793,0.662;3.419,1.387,1.237;16.737,3.377,0.319;8.526,9.392,0.816;6.185,17.996,0.315;15.205,3.276,0.387;13.718,9.006,1.672;9.759,14.760,0.817;6.998,9.793,1.267;8.603,3.362,1.204;18.237,12.002,1.803;5.279,17.177,2.469"
32,drone_4,-100.0000,-100.0000,17.0000,17.0000,"2.347,9.515,0.494;18.301,13.223,1.046;6.689,15.596,2.085;17.102,11.298,0.427;8.172,10.967,1.213;8.788,15.372,0.923;2.199,2.005,0.957;19.010,8.298,0.361;2.280,15.513,1.948;13.374,18.274,0.268;13.316,14.508,0.289;0.568,6.095,0.938;3.098,6.163,0.425;6.816,5.317,0.491;4.424,6.165,1.061;4.055,14.203,1.145;2.339,3.335,2.092;7.811,18.921,0.744;8.652,19.088,0.420;5.921,10.282,0.492;2.431,19.156,0.228;2.185,15.073,2.027;11.957,10.604,0.939;19.649,6.620,0.472;11.281,7.869,0.382;7.288,3.974,0.431;10.341,1.594,1.277;19.506,12.205,0.316;19.617,15.458,0.285;14.317,8.164,0.285;2.365,18.859,0.351;14.189,11.973,1.329;13.490,14.516,1.086;12.545,13.736,1.026;18.102,11.068,0.351;11.388,16.307,0.431;2.960,12.039,1.245;7.017,4.180,2.098;3.118,13.109,0.771;8.750,14.656,0.293;12.054,15.768,0.340;6.525,14.215,2.145;18.779,11.767,1.747;2.514,1.369,0.425;17.179,11.793,0.662;3.419,1.387,1.237;16.737,3.377,0.319;8.526,9.392,0.816;6.185,17.996,0.315;15.205,3.276,0.387;13.718,9.006,1.672;9.759,14.760,0.817;6.998,9.793,1.267;8.603,3.362,1.204;18.237,12.002,1.803;5.279,17.177,2.469"
32,drone_5,17.7137,6.7182,17.0000,17.0000,"2.347,9.515,0.494;18.301,13.223,1.046;6.689,15.596,2.085;17.102,11.298,0.427;8.172,10.967,1.213;8.788,15.372,0.923;2.199,2.005,0.957;19.010,8.298,0.361;2.280,15.513,1.948;13.374,18.274,0.268;13.316,14.508,0.289;0.568,6.095,0.938;3.098,6.163,0.425;6.816,5.317,0.491;4.424,6.165,1.061;4.055,14.203,1.145;2.339,3.335,2.092;7.811,18.921,0.744;8.652,19.088,0.420;5.921,10.282,0.492;2.431,19.156,0.228;2.185,15.073,2.027;11.957,10.604,0.939;19.649,6.620,0.472;11.281,7.869,0.382;7.288,3.974,0.431;10.341,1.594,1.277;19.506,12.205,0.316;19.617,15.458,0.285;14.317,8.164,0.285;2.365,18.859,0.351;14.189,11.973,1.329;13.490,14.516,1.086;12.545,13.736,1.026;18.102,11.068,0.351;11.388,16.307,0.431;2.960,12.039,1.245;7.017,4.180,2.098;3.118,13.109,0.771;8.750,14.656,0.293;12.054,15.768,0.340;6.525,14.215,2.145;18.779,11.767,1.747;2.514,1.369,0.425;17.179,11.793,0.662;3.419,1.387,1.237;16.737,3.377,0.319;8.526,9.392,0.816;6.185,17.996,0.315;15.205,3.276,0.387;13.718,9.006,1.672;9.759,14.760,0.817;6.998,9.793,1.267;8.603,3.362,1.204;18.237,12.002,1.803;5.279,17.177,2.469"
32,drone_6,18.8250,7.6821,17.0000,17.0000,"2.347,9.515,0.494;18.301,13.223,1.046;6.689,15.596,2.085;17.102,11.298,0.427;8.172,10.967,1.213;8.788,15.372,0.923;2.199,2.005,0.957;19.010,8.298,0.361;2.280,15.513,1.948;13.374,18.274,0.268;13.316,14.508,0.289;0.568,6.095,0.938;3.098,6.163,0.425;6.816,5.317,0.491;4.424,6.165,1.061;4.055,14.203,1.145;2.339,3.335,2.092;7.811,18.921,0.744;8.652,19.088,0.420;5.921,10.282,0.492;2.431,19.156,0.228;2.185,15.073,2.027;11.957,10.604,0.939;19.649,6.620,0.472;11.281,7.869,0.382;7.288,3.974,0.431;10.341,1.594,1.277;19.506,12.205,0.316;19.617,15.458,0.285;14.317,8.164,0.285;2.365,18.859,0.351;14.189,11.973,1.329;13.490,14.516,1.086;12.545,13.736,1.026;18.102,11.068,0.351;11.388,16.307,0.431;2.960,12.039,1.245;7.017,4.180,2.098;3.118,13.109,0.771;8.750,14.656,0.293;12.054,15.768,0.340;6.525,14.215,2.145;18.779,11.767,1.747;2.514,1.369,0.425;17.179,11.793,0.662;3.419,1.387,1.237;16.737,3.377,0.319;8.526,9.392,0.816;6.185,17.996,0.315;15.205,3.276,0.387;13.718,9.006,1.672;9.759,14.760,0.817;6.998,9.793,1.267;8.603,3.362,1.204;18.237,12.002,1.803;5.279,17.177,2.469"
32,drone_7,17.3042,8.3114,17.0000,17.0000,"2.347,9.515,0.494;18.301,13.223,1.046;6.689,15.596,2.085;17.102,11.298,0.427;8.172,10.967,1.213;8.788,15.372,0.923;2.199,2.005,0.957;19.010,8.298,0.361;2.280,15.513,1.948;13.374,18.274,0.268;13.316,14.508,0.289;0.568,6.095,0.938;3.098,6.163,0.425;6.816,5.317,0.491;4.424,6.165,1.061;4.055,14.203,1.145;2.339,3.335,2.092;7.811,18.921,0.744;8.652,19.088,0.420;5.921,10.282,0.492;2.431,19.156,0.228;2.185,15.073,2.027;11.957,10.604,0.939;19.649,6.620,0.472;11.281,7.869,0.382;7.288,3.974,0.431;10.341,1.594,1.277;19.506,12.205,0.316;19.617,15.458,0.285;14.317,8.164,0.285;2.365,18.859,0.351;14.189,11.973,1.329;13.490,14.516,1.086;12.545,13.736,1.026;18.102,11.068,0.351;11.388,16.307,0.431;2.960,12.039,1.245;7.017,4.180,2.098;3.118,13.109,0.771;8.750,14.656,0.293;12.054,15.768,0.340;6.525,14.215,2.145;18.779,11.767,1.747;2.514,1.369,0.425;17.179,11.793,0.662;3.419,1.387,1.237;16.737,3.377,0.319;8.526,9.392,0.816;6.185,17.996,0.315;15.205,3.276,0.387;13.718,9.006,1.672;9.759,14.760,0.817;6.998,9.793,1.267;8.603,3.362,1.204;18.237,12.002,1.803;5.279,17.177,2.469"
32,drone_8,19.3578,5.4293,17.0000,17.0000,"2.347,9.515,0.494;18.301,13.223,1.046;6.689,15.596,2.085;17.102,11.298,0.427;8.172,10.967,1.213;8.788,15.372,0.923;2.199,2.005,0.957;19.010,8.298,0.361;2.280,15.513,1.948;13.374,18.274,0.268;13.316,14.508,0.289;0.568,6.095,0.938;3.098,6.163,0.425;6.816,5.317,0.491;4.424,6.165,1.061;4.055,14.203,1.145;2.339,3.335,2.092;7.811,18.921,0.744;8.652,19.088,0.420;5.921,10.282,0.492;2.431,19.156,0.228;2.185,15.073,2.027;11.957,10.604,0.939;19.649,6.620,0.472;11.281,7.869,0.382;7.288,3.974,0.431;10.341,1.594,1.277;19.506,12.205,0.316;19.617,15.458,0.285;14.317,8.164,0.285;2.365,18.859,0.351;14.189,11.973,1.329;13.490,14.516,1.086;12.545,13.736,1.026;18.102,11.068,0.351;11.388,16.307,0.431;2.960,12.039,1.245;7.017,4.180,2.098;3.118,13.109,0.771;8.750,14.656,0.293;12.054,15.768,0.340;6.525,14.215,2.145;18.779,11.767,1.747;2.514,1.369,0.425;17.179,11.793,0.662;3.419,1.387,1.237;16.737,3.377,0.319;8.526,9.392,0.816;6.185,17.996,0.315;15.205,3.276,0.387;13.718,9.006,1.672;9.759,14.760,0.817;6.998,9.793,1.267;8.603,3.362,1.204;18.237,12.002,1.803;5.279,17.177,2.469"
32,drone_9,17.9403,6.1826,17.0000,17.0000,"2.347,9.515,0.494;18.301,13.223,1.046;6.689,15.596,2.085;17.102,11.298,0.427;8.172,10.967,1.213;8.788,15.372,0.923;2.199,2.005,0.957;19.010,8.298,0.361;2.280,15.513,1.948;13.374,18.274,0.268;13.316,14.508,0.289;0.568,6.095,0.938;3.098,6.163,0.425;6.816,5.317,0.491;4.424,6.165,1.061;4.055,14.203,1.145;2.339,3.335,2.092;7.811,18.921,0.744;8.652,19.088,0.420;5.921,10.282,0.492;2.431,19.156,0.228;2.185,15.073,2.027;11.957,10.604,0.939;19.649,6.620,0.472;11.281,7.869,0.382;7.288,3.974,0.431;10.341,1.594,1.277;19.506,12.205,0.316;19.617,15.458,0.285;14.317,8.164,0.285;2.365,18.859,0.351;14.189,11.973,1.329;13.490,14.516,1.086;12.545,13.736,1.026;18.102,11.068,0.351;11.388,16.307,0.431;2.960,12.039,1.245;7.017,4.180,2.098;3.118,13.109,0.771;8.750,14.656,0.293;12.054,15.768,0.340;6.525,14.215,2.145;18.779,11.767,1.747;2.514,1.369,0.425;17.179,11.793,0.662;3.419,1.387,1.237;16.737,3.377,0.319;8.526,9.392,0.816;6.185,17.996,0.315;15.205,3.276,0.387;13.718,9.006,1.672;9.759,14.760,0.817;6.998,9.793,1.267;8.603,3.362,1.204;18.237,12.002,1.803;5.279,17.177,2.469"
33,drone_0,17.2684,7.2126,17.0000,17.0000,"2.347,9.515,0.494;18.301,13.223,1.046;6.689,15.596,2.085;17.102,11.298,0.427;8.172,10.967,1.213;8.788,15.372,0.923;2.199,2.005,0.957;19.010,8.298,0.361;2.280,15.513,1.948;13.374,18.274,0.268;13.316,14.508,0.289;0.568,6.095,0.938;3.098,6.163,0.425;6.816,5.317,0.491;4.424,6.165,1.061;4.055,14.203,1.145;2.339,3.335,2.092;7.811,18.921,0.744;8.652,19.088,0.420;5.921,10.282,0.492;2.431,19.156,0.228;2.185,15.073,2.027;11.957,10.604,0.939;19.649,6.620,0.472;11.281,7.869,0.382;7.288,3.974,0.431;10.341,1.594,1.277;19.506,12.205,0.316;19.617,15.458,0.285;14.317,8.164,0.285;2.365,18.859,0.351;14.189,11.973,1.329;13.490,14.516,1.086;12.545,13.736,1.026;18.102,11.068,0.351;11.388,16.307,0.431;2.960,12.039,1.245;7.017,4.180,2.098;3.118,13.109,0.771;8.750,14.656,0.293;12.054,15.768,0.340;6.525,14.215,2.145;18.779,11.767,1.747;2.514,1.369,0.425;17.179,11.793,0.662;3.419,1.387,1.237;16.737,3.377,0.319;8.526,9.392,0.816;6.185,17.996,0.315;15.205,3.276,0.387;13.718,9.006,1.672;9.759,14.760,0.817;6.998,9.793,1.267;8.603,3.362,1.204;18.237,12.002,1.803;5.279,17.177,2.469"
33,drone_1,18.7577,6.4369,17.0000,17.0000,"2.347,9.515,0.494;18.301,13.223,1.046;6.689,15.596,2.085;17.102,11.298,0.427;8.172,10.967,1.213;8.788,15.372,0.923;2.199,2.005,0.957;19.010,8.298,0.361;2.280,15.513,1.948;13.374,18.274,0.268;13.316,14.508,0.289;0.568,6.095,0.938;3.098,6.163,0.425;6.816,5.317,0.491;4.424,6.165,1.061;4.055,14.203,1.145;2.339,3.335,2.092;7.811,18.921,0.744;8.652,19.088,0.420;5.921,10.282,0.492;2.431,19.156,0.228;2.185,15.073,2.027;11.957,10.604,0.939;19.649,6.620,0.472;11.281,7.869,0.382;7.288,3.974,0.431;10.341,1.594,1.277;19.506,12.205,0.316;19.617,15.458,0.285;14.317,8.164,0.285;2.365,18.859,0.351;14.189,11.973,1.329;13.490,14.516,1.086;12.545,13.736,1.026;18.102,11.068,0.351;11.388,16.307,0.431;2.960,12.039,1.245;7.017,4.180,2.098;3.118,13.109,0.771;8.750,14.656,0.293;12.054,15.768,0.340;6.525,14.215,2.145;18.779,11.767,1.747;2.514,1.369,0.425;17.179,11.793,0.662;3.419,1.387,1.237;16.737,3.377,0.319;8.526,9.392,0.816;6.185,17.996,0.315;15.205,3.276,0.387;13.718,9.006,1.672;9.759,14.760,0.817;6.998,9.793,1.267;8.603,3.362,1.204;18.237,12.002,1.803;5.279,17.177,2.469"
33,drone_2,18.0795,7.8031,17.0000,17.0000,"2.347,9.515,0.494;18.301,13.223,1.046;6.689,15.596,2.085;17.102,11.298,0.427;8.172,10.967,1.213;8.788,15.372,0.923;2.199,2.005,0.957;19.010,8.298,0.361;2.280,15.513,1.948;13.374,18.274,0.268;13.316,14.508,0.289;0.568,6.095,0.938;3.098,6.163,0.425;6.816,5.317,0.491;4.424,6.165,1.061;4.055,14.203,1.145;2.339,3.335,2.092;7.811,18.921,0.744;8.652,19.088,0.420;5.921,10.282,0.492;2.431,19.156,0.228;2.185,15.073,2.027;11.957,10.604,0.939;19.649,6.620,0.472;11.281,7.869,0.382;7.288,3.974,0.431;10.341,1.594,1.277;19.506,12.205,0.316;19.617,15.458,0.285;14.317,8.164,0.285;2.365,18.859,0.351;14.189,11.973,1.329;13.490,14.516,1.086;12.545,13.736,1.026;18.102,11.068,0.351;11.388,16.307,0.431;2.960,12.039,1.245;7.017,4.180,2.098;3.118,13.109,0.771;8.750,14.656,0.293;12.054,15.768,0.340;6.525,14.215,2.145;18.779,11.767,1.747;2.514,1.369,0.425;17.179,11.793,0.662;3.419,1.387,1.237;16.737,3.377,0.319;8.526,9.392,0.816;6.185,17.996,0.315;15.205,3.276,0.387;13.718,9.006,1.672;9.759,14.760,0.817;6.998,9.793,1.267;8.603,3.362,1.204;18.237,12.002,1.803;5.279,17.177,2.469"
33,drone_3,15.0087,6.7081,17.0000,17.0000,"2.347,9.515,0.494;18.301,13.223,1.046;6.689,15.596,2.085;17.102,11.298,0.427;8.172,10.967,1.213;8.788,15.372,0.923;2.199,2.005,0.957;19.010,8.298,0.361;2.280,15.513,1.948;13.374,18.274,0.268;13.316,14.508,0.289;0.568,6.095,0.938;3.098,6.163,0.425;6.816,5.317,0.491;4.424,6.165,1.061;4.055,14.203,1.145;2.339,3.335,2.092;7.811,18.921,0.744;8.652,19.088,0.420;5.921,10.282,0.492;2.431,19.156,0.228;2.185,15.073,2.027;11.957,10.604,0.939;19.649,6.620,0.472;11.281,7.869,0.382;7.288,3.974,0.431;10.341,1.594,1.277;19.506,12.205,0.316;19.617,15.458,0.285;14.317,8.164,0.285;2.365,18.859,0.351;14.189,11.973,1.329;13.490,14.516,1.086;12.545,13.736,1.026;18.102,11.068,0.351;11.388,16.307,0.431;2.960,12.039,1.245;7.017,4.180,2.098;3.118,13.109,0.771;8.750,14.656,0.293;12.054,15.768,0.340;6.525,14.215,2.145;18.779,11.767,1.747;2.514,1.369,0.425;17.179,11.793,0.662;3.419,1.387,1.237;16.737,3.377,0.319;8.526,9.392,0.816;6.185,17.996,0.315;15.205,3.276,0.387;13.718,9.006,1.672;9.759,14.760,0.817;6.998,9.793,1.267;8.603,3.362,1.204;18.237,12.002,1.803;5.279,17.177,2.469"
33,drone_5,17.8980,6.7959,17.0000,17.0000,"2.347,9.515,0.494;18.301,13.223,1.046;6.689,15.596,2.085;17.102,11.298,0.427;8.172,10.967,1.213;8.788,15.372,0.923;2.199,2.005,0.957;19.010,8.298,0.361;2.280,15.513,1.948;13.374,18.274,0.268;13.316,14.508,0.289;0.568,6.095,0.938;3.098,6.163,0.425;6.816,5.317,0.491;4.424,6.165,1.061;4.055,14.203,1.145;2.339,3.335,2.092;7.811,18.921,0.744;8.652,19.088,0.420;5.921,10.282,0.492;2.431,19.156,0.228;2.185,15.073,2.027;11.957,10.604,0.939;19.649,6.620,0.472;11.281,7.869,0.382;7.288,3.974,0.431;10.341,1.594,1.277;19.506,12.205,0.316;19.617,15.458,0.285;14.317,8.164,0.285;2.365,18.859,0.351;14.189,11.973,1.329;13.490,14.516,1.086;12.545,13.736,1.026;18.102,11.068,0.351;11.388,16.307,0.431;2.960,12.039,1.245;7.017,4.180,2.098;3.118,13.109,0.771;8.750,14.656,0.293;12.054,15.768,0.340;6.525,14.215,2.145;18.779,11.767,1.747;2.514,1.369,0.425;17.179,11.793,0.662;3.419,1.387,1.237;16.737,3.377,0.319;8.526,9.392,0.816;6.185,17.996,0.315;15.205,3.276,0.387;13.718,9.006,1.672;9.759,14.760,0.817;6.998,9.793,1.267;8.603,3.362,1.204;18.237,12.002,1.803;5.279,17.177,2.469"
33,drone_6,-100.0000,-100.0000,17.0000,17.0000,"2.347,9.515,0.494;18.301,13.223,1.046;6.689,15.596,2.085;17.102,11.298,0.427;8.172,10.967,1.213;8.788,15.372,0.923;2.199,2.005,0.957;19.010,8.298,0.361;2.280,15.513,1.948;13.374,18.274,0.268;13.316,14.508,0.289;0.568,6.095,0.938;3.098,6.163,0.425;6.816,5.317,0.491;4.424,6.165,1.061;4.055,14.203,1.145;2.339,3.335,2.092;7.811,18.921,0.744;8.652,19.088,0.420;5.921,10.282,0.492;2.431,19.156,0.228;2.185,15.073,2.027;11.957,10.604,0.939;19.649,6.620,0.472;11.281,7.869,0.382;7.288,3.974,0.431;10.341,1.594,1.277;19.506,12.205,0.316;19.617,15.458,0.285;14.317,8.164,0.285;2.365,18.859,0.351;14.189,11.973,1.329;13.490,14.516,1.086;12.545,13.736,1.026;18.102,11.068,0.351;11.388,16.307,0.431;2.960,12.039,1.245;7.017,4.180,2.098;3.118,13.109,0.771;8.750,14.656,0.293;12.054,15.768,0.340;6.525,14.215,2.145;18.779,11.767,1.747;2.514,1.369,0.425;17.179,11.793,0.662;3.419,1.387,1.237;16.737,3.377,0.319;8.526,9.392,0.816;6.185,17.996,0.315;15.205,3.276,0.387;13.718,9.006,1.672;9.759,14.760,0.817;6.998,9.793,1.267;8.603,3.362,1.204;18.237,12.002,1.803;5.279,17.177,2.469"
33,drone_7,17.4762,8.4135,17.0000,17.0000,"2.347,9.515,0.494;18.301,13.223,1.046;6.689,15.596,2.085;17.102,11.298,0.427;8.172,10.967,1.213;8.788,15.372,0.923;2.199,2.005,0.957;19.010,8.298,0.361;2.280,15.513,1.948;13.374,18.274,0.268;13.316,14.508,0.289;0.568,6.095,0.938;3.098,6.163,0.425;6.816,5.317,0.491;4.424,6.165,1.061;4.055,14.203,1.145;2.339,3.335,2.092;7.811,18.921,0.744;8.652,19.088,0.420;5.921,10.282,0.492;2.431,19.156,0.228;2.185,15.073,2.027;11.957,10.604,0.939;19.649,6.620,0.472;11.281,7.869,0.382;7.288,3.974,0.431;10.341,1.594,1.277;19.506,12.205,0.316;19.617,15.458,0.285;14.317,8.164,0.285;2.365,18.859,0.351;14.189,11.973,1.329;13.490,14.516,1.086;12.545,13.736,1.026;18.102,11.068,0.351;11.388,16.307,0.431;2.960,12.039,1.245;7.017,4.180,2.098;3.118,13.109,0.771;8.750,14.656,0.293;12.054,15.768,0.340;6.525,14.215,2.145;18.779,11.767,1.747;2.514,1.369,0.425;17.179,11.793,0.662;3.419,1.387,1.237;16.737,3.377,0.319;8.526,9.392,0.816;6.185,17.996,0.315;15.205,3.276,0.387;13.718,9.006,1.672;9.759,14.760,0.817;6.998,9.793,1.267;8.603,3.362,1.204;18.237,12.002,1.803;5.279,17.177,2.469"
33,drone_8,19.5272,5.4656,17.0000,17.0000,"2.347,9.515,0.494;18.301,13.223,1.046;6.689,15.596,2.085;17.102,11.298,0.427;8.172,10.967,1.213;8.788,15.372,0.923;2.199,2.005,0.957;19.010,8.298,0.361;2.280,15.513,1.948;13.374,18.274,0.268;13.316,14.508,0.289;0.568,6.095,0.938;3.098,6.163,0.425;6.816,5.317,0.491;4.424,6.165,1.061;4.055,14.203,1.145;2.339,3.335,2.092;7.811,18.921,0.744;8.652,19.088,0.420;5.921,10.282,0.492;2.431,19.156,0.228;2.185,15.073,2.027;11.957,10.604,0.939;19.649,6.620,0.472;11.281,7.869,0.382;7.288,3.974,0.431;10.341,1.594,1.277;19.506,12.205,0.316;19.617,15.458,0.285;14.317,8.164,0.285;2.365,18.859,0.351;14.189,11.973,1.329;13.490,14.516,1.086;12.545,13.736,1.026;18.102,11.068,0.351;11.388,16.307,0.431;2.960,12.039,1.245;7.017,4.180,2.098;3.118,13.109,0.771;8.750,14.656,0.293;12.054,15.768,0.340;6.525,14.215,2.145;18.779,11.767,1.747;2.514,1.369,0.425;17.179,11.793,0.662;3.419,1.387,1.237;16.737,3.377,0.319;8.526,9.392,0.816;6.185,17.996,0.315;15.205,3.276,0.387;13.718,9.006,1.672;9.759,14.760,0.817;6.998,9.793,1.267;8.603,3.362,1.204;18.237,12.002,1.803;5.279,17.177,2.469"
33,drone_9,18.1184,6.2737,17.0000,17.0000,"2.347,9.515,0.494;18.301,13.223,1.046;6.689,15.596,2.085;17.102,11.298,0.427;8.172,10.967,1.213;8.788,15.372,0.923;2.199,2.005,0.957;19.010,8.298,0.361;2.280,15.513,1.948;13.374,18.274,0.268;13.316,14.508,0.289;0.568,6.095,0.938;3.098,6.163,0.425;6.816,5.317,0.491;4.424,6.165,1.061;4.055,14.203,1.145;2.339,3.335,2.092;7.811,18.921,0.744;8.652,19.088,0.420;5.921,10.282,0.492;2.431,19.156,0.228;2.185,15.073,2.027;11.957,10.604,0.939;19.649,6.620,0.472;11.281,7.869,0.382;7.288,3.974,0.431;10.341,1.594,1.277;19.506,12.205,0.316;19.617,15.458,0.285;14.317,8.164,0.285;2.365,18.859,0.351;14.189,11.973,1.329;13.490,14.516,1.086;12.545,13.736,1.026;18.102,11.068,0.351;11.388,16.307,0.431;2.960,12.039,1.245;7.017,4.180,2.098;3.118,13.109,0.771;8.750,14.656,0.293;12.054,15.768,0.340;6.525,14.215,2.145;18.779,11.767,1.747;2.514,1.369,0.425;17.179,11.793,0.662;3.419,1.387,1.237;16.737,3.377,0.319;8.526,9.392,0.816;6.185,17.996,0.315;15.205,3.276,0.387;13.718,9.006,1.672;9.759,14.760,0.817;6.998,9.793,1.267;8.603,3.362,1.204;18.237,12.002,1.803;5.279,17.177,2.469"
34,drone_0,17.4258,7.3361,17.0000,17.0000,"2.347,9.515,0.494;18.301,13.223,1.046;6.689,15.596,2.085;17.102,11.298,0.427;8.172,10.967,1.213;8.788,15.372,0.923;2.199,2.005,0.957;19.010,8.298,0.361;2.280,15.513,1.948;13.374,18.274,0.268;13.316,14.508,0.289;0.568,6.095,0.938;3.098,6.163,0.425;6.816,5.317,0.491;4.424,6.165,1.061;4.055,14.203,1.145;2.339,3.335,2.092;7.811,18.921,0.744;8.652,19.088,0.420;5.921,10.282,0.492;2.431,19.156,0.228;2.185,15.073,2.027;11.957,10.604,0.939;19.649,6.620,0.472;11.281,7.869,0.382;7.288,3.974,0.431;10.341,1.594,1.277;19.506,12.205,0.316;19.617,15.458,0.285;14.317,8.164,0.285;2.365,18.859,0.351;14.189,11.973,1.329;13.490,14.516,1.086;12.545,13.736,1.026;18.102,11.068,0.351;11.388,16.307,0.431;2.960,12.039,1.245;7.017,4.180,2.098;3.118,13.109,0.771;8.750,14.656,0.293;12.054,15.768,0.340;6.525,14.215,2.145;18.779,11.767,1.747;2.514,1.369,0.425;17.179,11.793,0.662;3.419,1.387,1.237;16.737,3.377,0.319;8.526,9.392,0.816;6.185,17.996,0.315;15.205,3.276,0.387;13.718,9.006,1.672;9.759,14.760,0.817;6.998,9.793,1.267;8.603,3.362,1.204;18.237,12.002,1.803;5.279,17.177,2.469"
34,drone_1,18.9384,6.5225,17.0000,17.0000,"2.347,9.515,0.494;18.301,13.223,1.046;6.689,15.596,2.085;17.102,11.298,0.427;8.172,10.967,1.213;8.788,15.372,0.923;2.199,2.005,0.957;19.010,8.298,0.361;2.280,15.513,1.948;13.374,18.274,0.268;13.316,14.508,0.289;0.568,6.095,0.938;3.098,6.163,0.425;6.816,5.317,0.491;4.424,6.165,1.061;4.055,14.203,1.145;2.339,3.335,2.092;7.811,18.921,0.744;8.652,19.088,0.420;5.921,10.282,0.492;2.431,19.156,0.228;2.185,15.073,2.027;11.957,10.604,0.939;19.649,6.620,0.472;11.281,7.869,0.382;7.288,3.974,0.431;10.341,1.594,1.277;19.506,12.205,0.316;19.617,15.458,0.285;14.317,8.164,0.285;2.365,18.859,0.351;14.189,11.973,1.329;13.490,14.516,1.086;12.545,13.736,1.026;18.102,11.068,0.351;11.388,16.307,0.431;2.960,12.039,1.245;7.017,4.180,2.098;3.118,13.109,0.771;8.750,14.656,0.293;12.054,15.768,0.340;6.525,14.215,2.145;18.779,11.767,1.747;2.514,1.369,0.425;17.179,11.793,0.662;3.419,1.387,1.237;16.737,3.377,0.319;8.526,9.392,0.816;6.185,17.996,0.315;15.205,3.276,0.387;13.718,9.006,1.672;9.759,14.760,0.817;6.998,9.793,1.267;8.603,3.362,1.204;18.237,12.002,1.803;5.279,17.177,2.469"
34,drone_2,18.2548,7.8994,17.0000,17.0000,"2.347,9.515,0.494;18.301,13.223,1.046;6.689,15.596,2.085;17.102,11.298,0.427;8.172,10.967,1.213;8.788,15.372,0.923;2.199,2.005,0.957;19.010,8.298,0.361;2.280,15.513,1.948;13.374,18.274,0.268;13.316,14.508,0.289;0.568,6.095,0.938;3.098,6.163,0.425;6.816,5.317,0.491;4.424,6.165,1.061;4.055,14.203,1.145;2.339,3.335,2.092;7.811,18.921,0.744;8.652,19.088,0.420;5.921,10.282,0.492;2.431,19.156,0.228;2.185,15.073,2.027;11.957,10.604,0.939;19.649,6.620,0.472;11.281,7.869,0.382;7.288,3.974,0.431;10.341,1.594,1.277;19.506,12.205,0.316;19.617,15.458,0.285;14.317,8.164,0.285;2.365,18.859,0.351;14.189,11.973,1.329;13.490,14.516,1.086;12.545,13.736,1.026;18.102,11.068,0.351;11.388,16.307,0.431;2.960,12.039,1.245;7.017,4.180,2.098;3.118,13.109,0.771;8.750,14.656,0.293;12.054,15.768,0.340;6.525,14.215,2.145;18.779,11.767,1.747;2.514,1.369,0.425;17.179,11.793,0.662;3.419,1.387,1.237;16.737,3.377,0.319;8.526,9.392,0.816;6.185,17.996,0.315;15.205,3.276,0.387;13.718,9.006,1.672;9.759,14.760,0.817;6.998,9.793,1.267;8.603,3.362,1.204;18.237,12.002,1.803;5.279,17.177,2.469"
34,drone_3,15.2044,6.7497,17.0000,17.0000,"2.347,9.515,0.494;18.301,13.223,1.046;6.689,15.596,2.085;17.102,11.298,0.427;8.172,10.967,1.213;8.788,15.372,0.923;2.199,2.005,0.957;19.010,8.298,0.361;2.280,15.513,1.948;13.374,18.274,0.268;13.316,14.508,0.289;0.568,6.095,0.938;3.098,6.163,0.425;6.816,5.317,0.491;4.424,6.165,1.061;4.055,14.203,1.145;2.339,3.335,2.092;7.811,18.921,0.744;8.652,19.088,0.420;5.921,10.282,0.492;2.431,19.156,0.228;2.185,15.073,2.027;11.957,10.604,0.939;19.649,6.620,0.472;11.281,7.869,0.382;7.288,3.974,0.431;10.341,1.594,1.277;19.506,12.205,0.316;19.617,15.458,0.285;14.317,8.164,0.285;2.365,18.859,0.351;14.189,11.973,1.329;13.490,14.516,1.086;12.545,13.736,1.026;18.102,11.068,0.351;11.388,16.307,0.431;2.960,12.039,1.245;7.017,4.180,2.098;3.118,13.109,0.771;8.750,14.656,0.293;12.054,15.768,0.340;6.525,14.215,2.145;18.779,11.767,1.747;2.514,1.369,0.425;17.179,11.793,0.662;3.419,1.387,1.237;16.737,3.377,0.319;8.526,9.392,0.816;6.185,17.996,0.315;15.205,3.276,0.387;13.718,9.006,1.672;9.759,14.760,0.817;6.998,9.793,1.267;8.603,3.362,1.204;18.237,12.002,1.803;5.279,17.177,2.469"
34,drone_5,18.0554,6.9194,17.0000,17.0000,"2.347,9.515,0.494;18.301,13.223,1.046;6.689,15.596,2.085;17.102,11.298,0.427;8.172,10.967,1.213;8.788,15.372,0.923;2.199,2.005,0.957;19.010,8.298,0.361;2.280,15.513,1.948;13.374,18.274,0.268;13.316,14.508,0.289;0.568,6.095,0.938;3.098,6.163,0.425;6.816,5.317,0.491;4.424,6.165,1.061;4.055,14.203,1.145;2.339,3.335,2.092;7.811,18.921,0.744;8.652,19.088,0.420;5.921,10.282,0.492;2.431,19.156,0.228;2.185,15.073,2.027;11.957,10.604,0.939;19.649,6.620,0.472;11.281,7.869,0.382;7.288,3.974,0.431;10.341,1.594,1.277;19.506,12.205,0.316;19.617,15.458,0.285;14.317,8.164,0.285;2.365,18.859,0.351;14.189,11.973,1.329;13.490,14.516,1.086;12.545,13.736,1.026;18.102,11.068,0.351;11.388,16.307,0.431;2.960,12.039,1.245;7.017,4.180,2.098;3.118,13.109,0.771;8.750,14.656,0.293;12.054,15.768,0.340;6.525,14.215,2.145;18.779,11.767,1.747;2.514,1.369,0.425;17.179,11.793,0.662;3.419,1.387,1.237;16.737,3.377,0.319;8.526,9.392,0.816;6.185,17.996,0.315;15.205,3.276,0.387;13.718,9.006,1.672;9.759,14.760,0.817;6.998,9.793,1.267;8.603,3.362,1.204;18.237,12.002,1.803;5.279,17.177,2.469"
34,drone_7,17.6230,8.5493,17.0000,17.0000,"2.347,9.515,0.494;18.301,13.223,1.046;6.689,15.596,2.085;17.102,11.298,0.427;8.172,10.967,1.213;8.788,15.372,0.923;2.199,2.005,0.957;19.010,8.298,0.361;2.280,15.513,1.948;13.374,18.274,0.268;13.316,14.508,0.289;0.568,6.095,0.938;3.098,6.163,0.425;6.816,5.317,0.491;4.424,6.165,1.061;4.055,14.203,1.145;2.339,3.335,2.092;7.811,18.921,0.744;8.652,19.088,0.420;5.921,10.282,0.492;2.431,19.156,0.228;2.185,15.073,2.027;11.957,10.604,0.939;19.649,6.620,0.472;11.281,7.869,0.382;7.288,3.974,0.431;10.341,1.594,1.277;19.506,12.205,0.316;19.617,15.458,0.285;14.317,8.164,0.285;2.365,18.859,0.351;14.189,11.973,1.329;13.490,14.516,1.086;12.545,13.736,1.026;18.102,11.068,0.351;11.388,16.307,0.431;2.960,12.039,1.245;7.017,4.180,2.098;3.118,13.109,0.771;8.750,14.656,0.293;12.054,15.768,0.340;6.525,14.215,2.145;18.779,11.767,1.747;2.514,1.369,0.425;17.179,11.793,0.662;3.419,1.387,1.237;16.737,3.377,0.319;8.526,9.392,0.816;6.185,17.996,0.315;15.205,3.276,0.387;13.718,9.006,1.672;9.759,14.760,0.817;6.998,9.793,1.267;8.603,3.362,1.204;18.237,12.002,1.803;5.279,17.177,2.469"
34,drone_8,19.6951,5.5690,17.0000,17.0000,"2.347,9.515,0.494;18.301,13.223,1.046;6.689,15.596,2.085;17.102,11.298,0.427;8.172,10.967,1.213;8.788,15.372,0.923;2.199,2.005,0.957;19.010,8.298,0.361;2.280,15.513,1.948;13.374,18.274,0.268;13.316,14.508,0.289;0.568,6.095,0.938;3.098,6.163,0.425;6.816,5.317,0.491;4.424,6.165,1.061;4.055,14.203,1.145;2.339,3.335,2.092;7.811,18.921,0.744;8.652,19.088,0.420;5.921,10.282,0.492;2.431,19.156,0.228;2.185,15.073,2.027;11.957,10.604,0.939;19.649,6.620,0.472;11.281,7.869,0.382;7.288,3.974,0.431;10.341,1.594,1.277;19.506,12.205,0.316;19.617,15.458,0.285;14.317,8.164,0.285;2.365,18.859,0.351;14.189,11.973,1.329;13.490,14.516,1.086;12.545,13.736,1.026;18.102,11.068,0.351;11.388,16.307,0.431;2.960,12.039,1.245;7.017,4.180,2.098;3.118,13.109,0.771;8.750,14.656,0.293;12.054,15.768,0.340;6.525,14.215,2.145;18.779,11.767,1.747;2.514,1.369,0.425;17.179,11.793,0.662;3.419,1.387,1.237;16.737,3.377,0.319;8.526,9.392,0.816;6.185,17.996,0.315;15.205,3.276,0.387;13.718,9.006,1.672;9.759,14.760,0.817;6.998,9.793,1.267;8.603,3.362,1.204;18.237,12.002,1.803;5.279,17.177,2.469"
34,drone_9,18.2701,6.4041,17.0000,17.0000,"2.347,9.515,0.494;18.301,13.223,1.046;6.689,15.596,2.085;17.102,11.298,0.427;8.172,10.967,1.213;8.788,15.372,0.923;2.199,2.005,0.957;19.010,8.298,0.361;2.280,15.513,1.948;13.374,18.274,0.268;13.316,14.508,0.289;0.568,6.095,0.938;3.098,6.163,0.425;6.816,5.317,0.491;4.424,6.165,1.061;4.055,14.203,1.145;2.339,3.335,2.092;7.811,18.921,0.744;8.652,19.088,0.420;5.921,10.282,0.492;2.431,19.156,0.228;2.185,15.073,2.027;11.957,10.604,0.939;19.649,6.620,0.472;11.281,7.869,0.382;7.288,3.974,0.431;10.341,1.594,1.277;19.506,12.205,0.316;19.617,15.458,0.285;14.317,8.164,0.285;2.365,18.859,0.351;14.189,11.973,1.329;13.490,14.516,1.086;12.545,13.736,1.026;18.102,11.068,0.351;11.388,16.307,0.431;2.960,12.039,1.245;7.017,4.180,2.098;3.118,13.109,0.771;8.750,14.656,0.293;12.054,15.768,0.340;6.525,14.215,2.145;18.779,11.767,1.747;2.514,1.369,0.425;17.179,11.793,0.662;3.419,1.387,1.237;16.737,3.377,0.319;8.526,9.392,0.816;6.185,17.996,0.315;15.205,3.276,0.387;13.718,9.006,1.672;9.759,14.760,0.817;6.998,9.793,1.267;8.603,3.362,1.204;18.237,12.002,1.803;5.279,17.177,2.469"
35,drone_0,17.5769,7.4671,17.0000,17.0000,"2.347,9.515,0.494;18.301,13.223,1.046;6.689,15.596,2.085;17.102,11.298,0.427;8.172,10.967,1.213;8.788,15.372,0.923;2.199,2.005,0.957;19.010,8.298,0.361;2.280,15.513,1.948;13.374,18.274,0.268;13.316,14.508,0.289;0.568,6.095,0.938;3.098,6.163,0.425;6.816,5.317,0.491;4.424,6.165,1.061;4.055,14.203,1.145;2.339,3.335,2.092;7.811,18.921,0.744;8.652,19.088,0.420;5.921,10.282,0.492;2.431,19.156,0.228;2.185,15.073,2.027;11.957,10.604,0.939;19.649,6.620,0.472;11.281,7.869,0.382;7.288,3.974,0.431;10.341,1.594,1.277;19.506,12.205,0.316;19.617,15.458,0.285;14.317,8.164,0.285;2.365,18.859,0.351;14.189,11.973,1.329;13.490,14.516,1.086;12.545,13.736,1.026;18.102,11.068,0.351;11.388,16.307,0.431;2.960,12.039,1.245;7.017,4.180,2.098;3.118,13.109,0.771;8.750,14.656,0.293;12.054,15.768,0.340;6.525,14.215,2.145;18.779,11.767,1.747;2.514,1.369,0.425;17.179,11.793,0.662;3.419,1.387,1.237;16.737,3.377,0.319;8.526,9.392,0.816;6.185,17.996,0.315;15.205,3.276,0.387;13.718,9.006,1.672;9.759,14.760,0.817;6.998,9.793,1.267;8.603,3.362,1.204;18.237,12.002,1.803;5.279,17.177,2.469"
35,drone_1,-100.0000,-100.0000,17.0000,17.0000,"2.347,9.515,0.494;18.301,13.223,1.046;6.689,15.596,2.085;17.102,11.298,0.427;8.172,10.967,1.213;8.788,15.372,0.923;2.199,2.005,0.957;19.010,8.298,0.361;2.280,15.513,1.948;13.374,18.274,0.268;13.316,14.508,0.289;0.568,6.095,0.938;3.098,6.163,0.425;6.816,5.317,0.491;4.424,6.165,1.061;4.055,14.203,1.145;2.339,3.335,2.092;7.811,18.921,0.744;8.652,19.088,0.420;5.921,10.282,0.492;2.431,19.156,0.228;2.185,15.073,2.027;11.957,10.604,0.939;19.649,6.620,0.472;11.281,7.869,0.382;7.288,3.974,0.431;10.341,1.594,1.277;19.506,12.205,0.316;19.617,15.458,0.285;14.317,8.164,0.285;2.365,18.859,0.351;14.189,11.973,1.329;13.490,14.516,1.086;12.545,13.736,1.026;18.102,11.068,0.351;11.388,16.307,0.431;2.960,12.039,1.245;7.017,4.180,2.098;3.118,13.109,0.771;8.750,14.656,0.293;12.054,15.768,0.340;6.525,14.215,2.145;18.779,11.767,1.747;2.514,1.369,0.425;17.179,11.793,0.662;3.419,1.387,1.237;16.737,3.377,0.319;8.526,9.392,0.816;6.185,17.996,0.315;15.205,3.276,0.387;13.718,9.006,1.672;9.759,14.760,0.817;6.998,9.793,1.267;8.603,3.362,1.204;18.237,12.002,1.803;5.279,17.177,2.469"
35,drone_2,18.4310,7.9941,17.0000,17.0000,"2.347,9.515,0.494;18.301,13.223,1.046;6.689,15.596,2.085;17.102,11.298,0.427;8.172,10.967,1.213;8.788,15.372,0.923;2.199,2.005,0.957;19.010,8.298,0.361;2.280,15.513,1.948;13.374,18.274,0.268;13.316,14.508,0.289;0.568,6.095,0.938;3.098,6.163,0.425;6.816,5.317,0.491;4.424,6.165,1.061;4.055,14.203,1.145;2.339,3.335,2.092;7.811,18.921,0.744;8.652,19.088,0.420;5.921,10.282,0.492;2.431,19.156,0.228;2.185,15.073,2.027;11.957,10.604,0.939;19.649,6.620,0.472;11.281,7.869,0.382;7.288,3.974,0.431;10.341,1.594,1.277;19.506,12.205,0.316;19.617,15.458,0.285;14.317,8.164,0.285;2.365,18.859,0.351;14.189,11.973,1.329;13.490,14.516,1.086;12.545,13.736,1.026;18.102,11.068,0.351;11.388,16.307,0.431;2.960,12.039,1.245;7.017,4.180,2.098;3.118,13.109,0.771;8.750,14.656,0.293;12.054,15.768,0.340;6.525,14.215,2.145;18.779,11.767,1.747;2.514,1.369,0.425;17.179,11.793,0.662;3.419,1.387,1.237;16.737,3.377,0.319;8.526,9.392,0.816;6.185,17.996,0.315;15.205,3.276,0.387;13.718,9.006,1.672;9.759,14.760,0.817;6.998,9.793,1.267;8.603,3.362,1.204;18.237,12.002,1.803;5.279,17.177,2.469"
35,drone_3,15.4025,6.7771,17.0000,17.0000,"2.347,9.515,0.494;18.301,13.223,1.046;6.689,15.596,2.085;17.102,11.298,0.427;8.172,10.967,1.213;8.788,15.372,0.923;2.199,2.005,0.957;19.010,8.298,0.361;2.280,15.513,1.948;13.374,18.274,0.268;13.316,14.508,0.289;0.568,6.095,0.938;3.098,6.163,0.425;6.816,5.317,0.491;4.424,6.165,1.061;4.055,14.203,1.145;2.339,3.335,2.092;7.811,18.921,0.744;8.652,19.088,0.420;5.921,10.282,0.492;2.431,19.156,0.228;2.185,15.073,2.027;11.957,10.604,0.939;19.649,6.620,0.472;11.281,7.869,0.382;7.288,3.974,0.431;10.341,1.594,1.277;19.506,12.205,0.316;19.617,15.458,0.285;14.317,8.164,0.285;2.365,18.859,0.351;14.189,11.973,1.329;13.490,14.516,1.086;12.545,13.736,1.026;18.102,11.068,0.351;11.388,16.307,0.431;2.960,12.039,1.245;7.017,4.180,2.098;3.118,13.109,0.771;8.750,14.656,0.293;12.054,15.768,0.340;6.525,14.215,2.145;18.779,11.767,1.747;2.514,1.369,0.425;17.179,11.793,0.662;3.419,1.387,1.237;16.737,3.377,0.319;8.526,9.392,0.816;6.185,17.996,0.315;15.205,3.276,0.387;13.718,9.006,1.672;9.759,14.760,0.817;6.998,9.793,1.267;8.603,3.362,1.204;18.237,12.002,1.803;5.279,17.177,2.469"
35,drone_5,18.1917,7.0657,17.0000,17.0000,"2.347,9.515,0.494;18.301,13.223,1.046;6.689,15.596,2.085;17.102,11.298,0.427;8.172,10.967,1.213;8.788,15.372,0.923;2.199,2.005,0.957;19.010,8.298,0.361;2.280,15.513,1.948;13.374,18.274,0.268;13.316,14.508,0.289;0.568,6.095,0.938;3.098,6.163,0.425;6.816,5.317,0.491;4.424,6.165,1.061;4.055,14.203,1.145;2.339,3.335,2.092;7.811,18.921,0.744;8.652,19.088,0.420;5.921,10.282,0.492;2.431,19.156,0.228;2.185,15.073,2.027;11.957,10.604,0.939;19.649,6.620,0.472;11.281,7.869,0.382;7.288,3.974,0.431;10.341,1.594,1.277;19.506,12.205,0.316;19.617,15.458,0.285;14.317,8.164,0.285;2.365,18.859,0.351;14.189,11.973,1.329;13.490,14.516,1.086;12.545,13.736,1.026;18.102,11.068,0.351;11.388,16.307,0.431;2.960,12.039,1.245;7.017,4.180,2.098;3.118,13.109,0.771;8.750,14.656,0.293;12.054,15.768,0.340;6.525,14.215,2.145;18.779,11.767,1.747;2.514,1.369,0.425;17.179,11.793,0.662;3.419,1.387,1.237;16.737,3.377,0.319;8.526,9.392,0.816;6.185,17.996,0.315;15.205,3.276,0.387;13.718,9.006,1.672;9.759,14.760,0.817;6.998,9.793,1.267;8.603,3.362,1.204;18.237,12.002,1.803;5.279,17.177,2.469"
35,drone_7,17.7397,8.7117,17.0000,17.0000,"2.347,9.515,0.494;18.301,13.223,1.046;6.689,15.596,2.085;17.102,11.298,0.427;8.172,10.967,1.213;8.788,15.372,0.923;2.199,2.005,0.957;19.010,8.298,0.361;2.280,15.513,1.948;13.374,18.274,0.268;13.316,14.508,0.289;0.568,6.095,0.938;3.098,6.163,0.425;6.816,5.317,0.491;4.424,6.165,1.061;4.055,14.203,1.145;2.339,3.335,2.092;7.811,18.921,0.744;8.652,19.088,0.420;5.921,10.282,0.492;2.431,19.156,0.228;2.185,15.073,2.027;11.957,10.604,0.939;19.649,6.620,0.472;11.281,7.869,0.382;7.288,3.974,0.431;10.341,1.594,1.277;19.506,12.205,0.316;19.617,15.458,0.285;14.317,8.164,0.285;2.365,18.859,0.351;14.189,11.973,1.329;13.490,14.516,1.086;12.545,13.736,1.026;18.102,11.068,0.351;11.388,16.307,0.431;2.960,12.039,1.245;7.017,4.180,2.098;3.118,13.109,0.771;8.750,14.656,0.293;12.054,15.768,0.340;6.525,14.215,2.145;18.779,11.767,1.747;2.514,1.369,0.425;17.179,11.793,0.662;3.419,1.387,1.237;16.737,3.377,0.319;8.526,9.392,0.816;6.185,17.996,0.315;15.205,3.276,0.387;13.718,9.006,1.672;9.759,14.760,0.817;6.998,9.793,1.267;8.603,3.362,1.204;18.237,12.002,1.803;5.279,17.177,2.469"
35,drone_8,19.8260,5.7203,17.0000,17.0000,"2.347,9.515,0.494;18.301,13.223,1.046;6.689,15.596,2.085;17.102,11.298,0.427;8.172,10.967,1.213;8.788,15.372,0.923;2.199,2.005,0.957;19.010,8.298,0.361;2.280,15.513,1.948;13.374,18.274,0.268;13.316,14.508,0.289;0.568,6.095,0.938;3.098,6.163,0.425;6.816,5.317,0.491;4.424,6.165,1.061;4.055,14.203,1.145;2.339,3.335,2.092;7.811,18.921,0.744;8.652,19.088,0.420;5.921,10.282,0.492;2.431,19.156,0.228;2.185,15.073,2.027;11.957,10.604,0.939;19.649,6.620,0.472;11.281,7.869,0.382;7.288,3.974,0.431;10.341,1.594,1.277;19.506,12.205,0.316;19.617,15.458,0.285;14.317,8.164,0.285;2.365,18.859,0.351;14.189,11.973,1.329;13.490,14.516,1.086;12.545,13.736,1.026;18.102,11.068,0.351;11.388,16.307,0.431;2.960,12.039,1.245;7.017,4.180,2.098;3.118,13.109,0.771;8.750,14.656,0.293;12.054,15.768,0.340;6.525,14.215,2.145;18.779,11.767,1.747;2.514,1.369,0.425;17.179,11.793,0.662;3.419,1.387,1.237;16.737,3.377,0.319;8.526,9.392,0.816;6.185,17.996,0.315;15.205,3.276,0.387;13.718,9.006,1.672;9.759,14.760,0.817;6.998,9.793,1.267;8.603,3.362,1.204;18.237,12.002,1.803;5.279,17.177,2.469"
35,drone_9,18.3893,6.5646,17.0000,17.0000,"2.347,9.515,0.494;18.301,13.223,1.046;6.689,15.596,2.085;17.102,11.298,0.427;8.172,10.967,1.213;8.788,15.372,0.923;2.199,2.005,0.957;19.010,8.298,0.361;2.280,15.513,1.948;13.374,18.274,0.268;13.316,14.508,0.289;0.568,6.095,0.938;3.098,6.163,0.425;6.816,5.317,0.491;4.424,6.165,1.061;4.055,14.203,1.145;2.339,3.335,2.092;7.811,18.921,0.744;8.652,19.088,0.420;5.921,10.282,0.492;2.431,19.156,0.228;2.185,15.073,2.027;11.957,10.604,0.939;19.649,6.620,0.472;11.281,7.869,0.382;7.288,3.974,0.431;10.341,1.594,1.277;19.506,12.205,0.316;19.617,15.458,0.285;14.317,8.164,0.285;2.365,18.859,0.351;14.189,11.973,1.329;13.490,14.516,1.086;12.545,13.736,1.026;18.102,11.068,0.351;11.388,16.307,0.431;2.960,12.039,1.245;7.017,4.180,2.098;3.118,13.109,0.771;8.750,14.656,0.293;12.054,15.768,0.340;6.525,14.215,2.145;18.779,11.767,1.747;2.514,1.369,0.425;17.179,11.793,0.662;3.419,1.387,1.237;16.737,3.377,0.319;8.526,9.392,0.816;6.185,17.996,0.315;15.205,3.276,0.387;13.718,9.006,1.672;9.759,14.760,0.817;6.998,9.793,1.267;8.603,3.362,1.204;18.237,12.002,1.803;5.279,17.177,2.469"
36,drone_0,17.7259,7.6006,17.0000,17.0000,"2.347,9.515,0.494;18.301,13.223,1.046;6.689,15.596,2.085;17.102,11.298,0.427;8.172,10.967,1.213;8.788,15.372,0.923;2.199,2.005,0.957;19.010,8.298,0.361;2.280,15.513,1.948;13.374,18.274,0.268;13.316,14.508,0.289;0.568,6.095,0.938;3.098,6.163,0.425;6.816,5.317,0.491;4.424,6.165,1.061;4.055,14.203,1.145;2.339,3.335,2.092;7.811,18.921,0.744;8.652,19.088,0.420;5.921,10.282,0.492;2.431,19.156,0.228;2.185,15.073,2.027;11.957,10.604,0.939;19.649,6.620,0.472;11.281,7.869,0.382;7.288,3.974,0.431;10.341,1.594,1.277;19.506,12.205,0.316;19.617,15.458,0.285;14.317,8.164,0.285;2.365,18.859,0.351;14.189,11.973,1.329;13.490,14.516,1.086;12.545,13.736,1.026;18.102,11.068,0.351;11.388,16.307,0.431;2.960,12.039,1.245;7.017,4.180,2.098;3.118,13.109,0.771;8.750,14.656,0.293;12.054,15.768,0.340;6.525,14.215,2.145;18.779,11.767,1.747;2.514,1.369,0.425;17.179,11.793,0.662;3.419,1.387,1.237;16.737,3.377,0.319;8.526,9.392,0.816;6.185,17.996,0.315;15.205,3.276,0.387;13.718,9.006,1.672;9.759,14.760,0.817;6.998,9.793,1.267;8.603,3.362,1.204;18.237,12.002,1.803;5.279,17.177,2.469"
36,drone_2,-100.0000,-100.0000,17.0000,17.0000,"2.347,9.515,0.494;18.301,13.223,1.046;6.689,15.596,2.085;17.102,11.298,0.427;8.172,10.967,1.213;8.788,15.372,0.923;2.199,2.005,0.957;19.010,8.298,0.361;2.280,15.513,1.948;13.374,18.274,0.268;13.316,14.508,0.289;0.568,6.095,0.938;3.098,6.163,0.425;6.816,5.317,0.491;4.424,6.165,1.061;4.055,14.203,1.145;2.339,3.335,2.092;7.811,18.921,0.744;8.652,19.088,0.420;5.921,10.282,0.492;2.431,19.156,0.228;2.185,15.073,2.027;11.957,10.604,0.939;19.649,6.620,0.472;11.281,7.869,0.382;7.288,3.974,0.431;10.341,1.594,1.277;19.506,12.205,0.316;19.617,15.458,0.285;14.317,8.164,0.285;2.365,18.859,0.351;14.189,11.973,1.329;13.490,14.516,1.086;12.545,13.736,1.026;18.102,11.068,0.351;11.388,16.307,0.431;2.960,12.039,1.245;7.017,4.180,2.098;3.118,13.109,0.771;8.750,14.656,0.293;12.054,15.768,0.340;6.525,14.215,2.145;18.779,11.767,1.747;2.514,1.369,0.425;17.179,11.793,0.662;3.419,1.387,1.237;16.737,3.377,0.319;8.526,9.392,0.816;6.185,17.996,0.315;15.205,3.276,0.387;13.718,9.006,1.672;9.759,14.760,0.817;6.998,9.793,1.267;8.603,3.362,1.204;18.237,12.002,1.803;5.279,17.177,2.469"
36,drone_3,15.6005,6.8055,17.0000,17.0000,"2.347,9.515,0.494;18.301,13.223,1.046;6.689,15.596,2.085;17.102,11.298,0.427;8.172,10.967,1.213;8.788,15.372,0.923;2.199,2.005,0.957;19.010,8.298,0.361;2.280,15.513,1.948;13.374,18.274,0.268;13.316,14.508,0.289;0.568,6.095,0.938;3.098,6.163,0.425;6.816,5.317,0.491;4.424,6.165,1.061;4.055,14.203,1.145;2.339,3.335,2.092;7.811,18.921,0.744;8.652,19.088,0.420;5.921,10.282,0.492;2.431,19.156,0.228;2.185,15.073,2.027;11.957,10.604,0.939;19.649,6.620,0.472;11.281,7.869,0.382;7.288,3.974,0.431;10.341,1.594,1.277;19.506,12.205,0.316;19.617,15.458,0.285;14.317,8.164,0.285;2.365,18.859,0.351;14.189,11.973,1.329;13.490,14.516,1.086;12.545,13.736,1.026;18.102,11.068,0.351;11.388,16.307,0.431;2.960,12.039,1.245;7.017,4.180,2.098;3.118,13.109,0.771;8.750,14.656,0.293;12.054,15.768,0.340;6.525,14.215,2.145;18.779,11.767,1.747;2.514,1.369,0.425;17.179,11.793,0.662;3.419,1.387,1.237;16.737,3.377,0.319;8.526,9.392,0.816;6.185,17.996,0.315;15.205,3.276,0.387;13.718,9.006,1.672;9.759,14.760,0.817;6.998,9.793,1.267;8.603,3.362,1.204;18.237,12.002,1.803;5.279,17.177,2.469"
36,drone_5,18.3273,7.2127,17.0000,17.0000,"2.347,9.515,0.494;18.301,13.223,1.046;6.689,15.596,2.085;17.102,11.298,0.427;8.172,10.967,1.213;8.788,15.372,0.923;2.199,2.005,0.957;19.010,8.298,0.361;2.280,15.513,1.948;13.374,18.274,0.268;13.316,14.508,0.289;0.568,6.095,0.938;3.098,6.163,0.425;6.816,5.317,0.491;4.424,6.165,1.061;4.055,14.203,1.145;2.339,3.335,2.092;7.811,18.921,0.744;8.652,19.088,0.420;5.921,10.282,0.492;2.431,19.156,0.228;2.185,15.073,2.027;11.957,10.604,0.939;19.649,6.620,0.472;11.281,7.869,0.382;7.288,3.974,0.431;10.341,1.594,1.277;19.506,12.205,0.316;19.617,15.458,0.285;14.317,8.164,0.285;2.365,18.859,0.351;14.189,11.973,1.329;13.490,14.516,1.086;12.545,13.736,1.026;18.102,11.068,0.351;11.388,16.307,0.431;2.960,12.039,1.245;7.017,4.180,2.098;3.118,13.109,0.771;8.750,14.656,0.293;12.054,15.768,0.340;6.525,14.215,2.145;18.779,11.767,1.747;2.514,1.369,0.425;17.179,11.793,0.662;3.419,1.387,1.237;16.737,3.377,0.319;8.526,9.392,0.816;6.185,17.996,0.315;15.205,3.276,0.387;13.718,9.006,1.672;9.759,14.760,0.817;6.998,9.793,1.267;8.603,3.362,1.204;18.237,12.002,1.803;5.279,17.177,2.469"
36,drone_7,17.8205,8.8947,17.0000,17.0000,"2.347,9.515,0.494;18.301,13.223,1.046;6.689,15.596,2.085;17.102,11.298,0.427;8.172,10.967,1.213;8.788,15.372,0.923;2.199,2.005,0.957;19.010,8.298,0.361;2.280,15.513,1.948;13.374,18.274,0.268;13.316,14.508,0.289;0.568,6.095,0.938;3.098,6.163,0.425;6.816,5.317,0.491;4.424,6.165,1.061;4.055,14.203,1.145;2.339,3.335,2.092;7.811,18.921,0.744;8.652,19.088,0.420;5.921,10.282,0.492;2.431,19.156,0.228;2.185,15.073,2.027;11.957,10.604,0.939;19.649,6.620,0.472;11.281,7.869,0.382;7.288,3.974,0.431;10.341,1.594,1.277;19.506,12.205,0.316;19.617,15.458,0.285;14.317,8.164,0.285;2.365,18.859,0.351;14.189,11.973,1.329;13.490,14.516,1.086;12.545,13.736,1.026;18.102,11.068,0.351;11.388,16.307,0.431;2.960,12.039,1.245;7.017,4.180,2.098;3.118,13.109,0.771;8.750,14.656,0.293;12.054,15.768,0.340;6.525,14.215,2.145;18.779,11.767,1.747;2.514,1.369,0.425;17.179,11.793,0.662;3.419,1.387,1.237;16.737,3.377,0.319;8.526,9.392,0.816;6.185,17.996,0.315;15.205,3.276,0.387;13.718,9.006,1.672;9.759,14.760,0.817;6.998,9.793,1.267;8.603,3.362,1.204;18.237,12.002,1.803;5.279,17.177,2.469"
36,drone_8,19.9375,5.8863,17.0000,17.0000,"2.347,9.515,0.494;18.301,13.223,1.046;6.689,15.596,2.085;17.102,11.298,0.427;8.172,10.967,1.213;8.788,15.372,0.923;2.199,2.005,0.957;19.010,8.298,0.361;2.280,15.513,1.948;13.374,18.274,0.268;13.316,14.508,0.289;0.568,6.095,0.938;3.098,6.163,0.425;6.816,5.317,0.491;4.424,6.165,1.061;4.055,14.203,1.145;2.339,3.335,2.092;7.811,18.921,0.744;8.652,19.088,0.420;5.921,10.282,0.492;2.431,19.156,0.228;2.185,15.073,2.027;11.957,10.604,0.939;19.649,6.620,0.472;11.281,7.869,0.382;7.288,3.974,0.431;10.341,1.594,1.277;19.506,12.205,0.316;19.617,15.458,0.285;14.317,8.164,0.285;2.365,18.859,0.351;14.189,11.973,1.329;13.490,14.516,1.086;12.545,13.736,1.026;18.102,11.068,0.351;11.388,16.307,0.431;2.960,12.039,1.245;7.017,4.180,2.098;3.118,13.109,0.771;8.750,14.656,0.293;12.054,15.768,0.340;6.525,14.215,2.145;18.779,11.767,1.747;2.514,1.369,0.425;17.179,11.793,0.662;3.419,1.387,1.237;16.737,3.377,0.319;8.526,9.392,0.816;6.185,17.996,0.315;15.205,3.276,0.387;13.718,9.006,1.672;9.759,14.760,0.817;6.998,9.793,1.267;8.603,3.362,1.204;18.237,12.002,1.803;5.279,17.177,2.469"
36,drone_9,18.4557,6.7533,17.0000,17.0000,"2.347,9.515,0.494;18.301,13.223,1.046;6.689,15.596,2.085;17.102,11.298,0.427;8.172,10.967,1.213;8.788,15.372,0.923;2.199,2.005,0.957;19.010,8.298,0.361;2.280,15.513,1.948;13.374,18.274,0.268;13.316,14.508,0.289;0.568,6.095,0.938;3.098,6.163,0.425;6.816,5.317,0.491;4.424,6.165,1.061;4.055,14.203,1.145;2.339,3.335,2.092;7.811,18.921,0.744;8.652,19.088,0.420;5.921,10.282,0.492;2.431,19.156,0.228;2.185,15.073,2.027;11.957,10.604,0.939;19.649,6.620,0.472;11.281,7.869,0.382;7.288,3.974,0.431;10.341,1.594,1.277;19.506,12.205,0.316;19.617,15.458,0.285;14.317,8.164,0.285;2.365,18.859,0.351;14.189,11.973,1.329;13.490,14.516,1.086;12.545,13.736,1.026;18.102,11.068,0.351;11.388,16.307,0.431;2.960,12.039,1.245;7.017,4.180,2.098;3.118,13.109,0.771;8.750,14.656,0.293;12.054,15.768,0.340;6.525,14.215,2.145;18.779,11.767,1.747;2.514,1.369,0.425;17.179,11.793,0.662;3.419,1.387,1.237;16.737,3.377,0.319;8.526,9.392,0.816;6.185,17.996,0.315;15.205,3.276,0.387;13.718,9.006,1.672;9.759,14.760,0.817;6.998,9.793,1.267;8.603,3.362,1.204;18.237,12.002,1.803;5.279,17.177,2.469"
37,drone_0,17.8472,7.7596,17.0000,17.0000,"2.347,9.515,0.494;18.301,13.223,1.046;6.689,15.596,2.085;17.102,11.298,0.427;8.172,10.967,1.213;8.788,15.372,0.923;2.199,2.005,0.957;19.010,8.298,0.361;2.280,15.513,1.948;13.374,18.274,0.268;13.316,14.508,0.289;0.568,6.095,0.938;3.098,6.163,0.425;6.816,5.317,0.491;4.424,6.165,1.061;4.055,14.203,1.145;2.339,3.335,2.092;7.811,18.921,0.744;8.652,19.088,0.420;5.921,10.282,0.492;2.431,19.156,0.228;2.185,15.073,2.027;11.957,10.604,0.939;19.649,6.620,0.472;11.281,7.869,0.382;7.288,3.974,0.431;10.341,1.594,1.277;19.506,12.205,0.316;19.617,15.458,0.285;14.317,8.164,0.285;2.365,18.859,0.351;14.189,11.973,1.329;13.490,14.516,1.086;12.545,13.736,1.026;18.102,11.068,0.351;11.388,16.307,0.431;2.960,12.039,1.245;7.017,4.180,2.098;3.118,13.109,0.771;8.750,14.656,0.293;12.054,15.768,0.340;6.525,14.215,2.145;18.779,11.767,1.747;2.514,1.369,0.425;17.179,11.793,0.662;3.419,1.387,1.237;16.737,3.377,0.319;8.526,9.392,0.816;6.185,17.996,0.315;15.205,3.276,0.387;13.718,9.006,1.672;9.759,14.760,0.817;6.998,9.793,1.267;8.603,3.362,1.204;18.237,12.002,1.803;5.279,17.177,2.469"
37,drone_3,15.7729,6.9067,17.0000,17.0000,"2.347,9.515,0.494;18.301,13.223,1.046;6.689,15.596,2.085;17.102,11.298,0.427;8.172,10.967,1.213;8.788,15.372,0.923;2.199,2.005,0.957;19.010,8.298,0.361;2.280,15.513,1.948;13.374,18.274,0.268;13.316,14.508,0.289;0.568,6.095,0.938;3.098,6.163,0.425;6.816,5.317,0.491;4.424,6.165,1.061;4.055,14.203,1.145;2.339,3.335,2.092;7.811,18.921,0.744;8.652,19.088,0.420;5.921,10.282,0.492;2.431,19.156,0.228;2.185,15.073,2.027;11.957,10.604,0.939;19.649,6.620,0.472;11.281,7.869,0.382;7.288,3.974,0.431;10.341,1.594,1.277;19.506,12.205,0.316;19.617,15.458,0.285;14.317,8.164,0.285;2.365,18.859,0.351;14.189,11.973,1.329;13.490,14.516,1.086;12.545,13.736,1.026;18.102,11.068,0.351;11.388,16.307,0.431;2.960,12.039,1.245;7.017,4.180,2.098;3.118,13.109,0.771;8.750,14.656,0.293;12.054,15.768,0.340;6.525,14.215,2.145;18.779,11.767,1.747;2.514,1.369,0.425;17.179,11.793,0.662;3.419,1.387,1.237;16.737,3.377,0.319;8.526,9.392,0.816;6.185,17.996,0.315;15.205,3.276,0.387;13.718,9.006,1.672;9.759,14.760,0.817;6.998,9.793,1.267;8.603,3.362,1.204;18.237,12.002,1.803;5.279,17.177,2.469"
37,drone_5,18.4653,7.3574,17.0000,17.0000,"2.347,9.515,0.494;18.301,13.223,1.046;6.689,15.596,2.085;17.102,11.298,0.427;8.172,10.967,1.213;8.788,15.372,0.923;2.199,2.005,0.957;19.010,8.298,0.361;2.280,15.513,1.948;13.374,18.274,0.268;13.316,14.508,0.289;0.568,6.095,0.938;3.098,6.163,0.425;6.816,5.317,0.491;4.424,6.165,1.061;4.055,14.203,1.145;2.339,3.335,2.092;7.811,18.921,0.744;8.652,19.088,0.420;5.921,10.282,0.492;2.431,19.156,0.228;2.185,15.073,2.027;11.957,10.604,0.939;19.649,6.620,0.472;11.281,7.869,0.382;7.288,3.974,0.431;10.341,1.594,1.277;19.506,12.205,0.316;19.617,15.458,0.285;14.317,8.164,0.285;2.365,18.859,0.351;14.189,11.973,1.329;13.490,14.516,1.086;12.545,13.736,1.026;18.102,11.068,0.351;11.388,16.307,0.431;2.960,12.039,1.245;7.017,4.180,2.098;3.118,13.109,0.771;8.750,14.656,0.293;12.054,15.768,0.340;6.525,14.215,2.145;18.779,11.767,1.747;2.514,1.369,0.425;17.179,11.793,0.662;3.419,1.387,1.237;16.737,3.377,0.319;8.526,9.392,0.816;6.185,17.996,0.315;15.205,3.276,0.387;13.718,9.006,1.672;9.759,14.760,0.817;6.998,9.793,1.267;8.603,3.362,1.204;18.237,12.002,1.803;5.279,17.177,2.469"
37,drone_7,17.8982,9.0790,17.0000,17.0000,"2.347,9.515,0.494;18.301,13.223,1.046;6.689,15.596,2.085;17.102,11.298,0.427;8.172,10.967,1.213;8.788,15.372,0.923;2.199,2.005,0.957;19.010,8.298,0.361;2.280,15.513,1.948;13.374,18.274,0.268;13.316,14.508,0.289;0.568,6.095,0.938;3.098,6.163,0.425;6.816,5.317,0.491;4.424,6.165,1.061;4.055,14.203,1.145;2.339,3.335,2.092;7.811,18.921,0.744;8.652,19.088,0.420;5.921,10.282,0.492;2.431,19.156,0.228;2.185,15.073,2.027;11.957,10.604,0.939;19.649,6.620,0.472;11.281,7.869,0.382;7.288,3.974,0.431;10.341,1.594,1.277;19.506,12.205,0.316;19.617,15.458,0.285;14.317,8.164,0.285;2.365,18.859,0.351;14.189,11.973,1.329;13.490,14.516,1.086;12.545,13.736,1.026;18.102,11.068,0.351;11.388,16.307,0.431;2.960,12.039,1.245;7.017,4.180,2.098;3.118,13.109,0.771;8.750,14.656,0.293;12.054,15.768,0.340;6.525,14.215,2.145;18.779,11.767,1.747;2.514,1.369,0.425;17.179,11.793,0.662;3.419,1.387,1.237;16.737,3.377,0.319;8.526,9.392,0.816;6.185,17.996,0.315;15.205,3.276,0.387;13.718,9.006,1.672;9.759,14.760,0.817;6.998,9.793,1.267;8.603,3.362,1.204;18.237,12.002,1.803;5.279,17.177,2.469"
37,drone_8,-100.0000,-100.0000,17.0000,17.0000,"2.347,9.515,0.494;18.301,13.223,1.046;6.689,15.596,2.085;17.102,11.298,0.427;8.172,10.967,1.213;8.788,15.372,0.923;2.199,2.005,0.957;19.010,8.298,0.361;2.280,15.513,1.948;13.374,18.274,0.268;13.316,14.508,0.289;0.568,6.095,0.938;3.098,6.163,0.425;6.816,5.317,0.491;4.424,6.165,1.061;4.055,14.203,1.145;2.339,3.335,2.092;7.811,18.921,0.744;8.652,19.088,0.420;5.921,10.282,0.492;2.431,19.156,0.228;2.185,15.073,2.027;11.957,10.604,0.939;19.649,6.620,0.472;11.281,7.869,0.382;7.288,3.974,0.431;10.341,1.594,1.277;19.506,12.205,0.316;19.617,15.458,0.285;14.317,8.164,0.285;2.365,18.859,0.351;14.189,11.973,1.329;13.490,14.516,1.086;12.545,13.736,1.026;18.102,11.068,0.351;11.388,16.307,0.431;2.960,12.039,1.245;7.017,4.180,2.098;3.118,13.109,0.771;8.750,14.656,0.293;12.054,15.768,0.340;6.525,14.215,2.145;18.779,11.767,1.747;2.514,1.369,0.425;17.179,11.793,0.662;3.419,1.387,1.237;16.737,3.377,0.319;8.526,9.392,0.816;6.185,17.996,0.315;15.205,3.276,0.387;13.718,9.006,1.672;9.759,14.760,0.817;6.998,9.793,1.267;8.603,3.362,1.204;18.237,12.002,1.803;5.279,17.177,2.469"
37,drone_9,18.4885,6.9506,17.0000,17.0000,"2.347,9.515,0.494;18.301,13.223,1.046;6.689,15.596,2.085;17.102,11.298,0.427;8.172,10.967,1.213;8.788,15.372,0.923;2.199,2.005,0.957;19.010,8.298,0.361;2.280,15.513,1.948;13.374,18.274,0.268;13.316,14.508,0.289;0.568,6.095,0.938;3.098,6.163,0.425;6.816,5.317,0.491;4.424,6.165,1.061;4.055,14.203,1.145;2.339,3.335,2.092;7.811,18.921,0.744;8.652,19.088,0.420;5.921,10.282,0.492;2.431,19.156,0.228;2.185,15.073,2.027;11.957,10.604,0.939;19.649,6.620,0.472;11.281,7.869,0.382;7.288,3.974,0.431;10.341,1.594,1.277;19.506,12.205,0.316;19.617,15.458,0.285;14.317,8.164,0.285;2.365,18.859,0.351;14.189,11.973,1.329;13.490,14.516,1.086;12.545,13.736,1.026;18.102,11.068,0.351;11.388,16.307,0.431;2.960,12.039,1.245;7.017,4.180,2.098;3.118,13.109,0.771;8.750,14.656,0.293;12.054,15.768,0.340;6.525,14.215,2.145;18.779,11.767,1.747;2.514,1.369,0.425;17.179,11.793,0.662;3.419,1.387,1.237;16.737,3.377,0.319;8.526,9.392,0.816;6.185,17.996,0.315;15.205,3.276,0.387;13.718,9.006,1.672;9.759,14.760,0.817;6.998,9.793,1.267;8.603,3.362,1.204;18.237,12.002,1.803;5.279,17.177,2.469"
38,drone_0,17.9391,7.9372,17.0000,17.0000,"2.347,9.515,0.494;18.301,13.223,1.046;6.689,15.596,2.085;17.102,11.298,0.427;8.172,10.967,1.213;8.788,15.372,0.923;2.199,2.005,0.957;19.010,8.298,0.361;2.280,15.513,1.948;13.374,18.274,0.268;13.316,14.508,0.289;0.568,6.095,0.938;3.098,6.163,0.425;6.816,5.317,0.491;4.424,6.165,1.061;4.055,14.203,1.145;2.339,3.335,2.092;7.811,18.921,0.744;8.652,19.088,0.420;5.921,10.282,0.492;2.431,19.156,0.228;2.185,15.073,2.027;11.957,10.604,0.939;19.649,6.620,0.472;11.281,7.869,0.382;7.288,3.974,0.431;10.341,1.594,1.277;19.506,12.205,0.316;19.617,15.458,0.285;14.317,8.164,0.285;2.365,18.859,0.351;14.189,11.973,1.329;13.490,14.516,1.086;12.545,13.736,1.026;18.102,11.068,0.351;11.388,16.307,0.431;2.960,12.039,1.245;7.017,4.180,2.098;3.118,13.109,0.771;8.750,14.656,0.293;12.054,15.768,0.340;6.525,14.215,2.145;18.779,11.767,1.747;2.514,1.369,0.425;17.179,11.793,0.662;3.419,1.387,1.237;16.737,3.377,0.319;8.526,9.392,0.816;6.185,17.996,0.315;15.205,3.276,0.387;13.718,9.006,1.672;9.759,14.760,0.817;6.998,9.793,1.267;8.603,3.362,1.204;18.237,12.002,1.803;5.279,17.177,2.469"
38,drone_3,15.9353,7.0235,17.0000,17.0000,"2.347,9.515,0.494;18.301,13.223,1.046;6.689,15.596,2.085;17.102,11.298,0.427;8.172,10.967,1.213;8.788,15.372,0.923;2.199,2.005,0.957;19.010,8.298,0.361;2.280,15.513,1.948;13.374,18.274,0.268;13.316,14.508,0.289;0.568,6.095,0.938;3.098,6.163,0.425;6.816,5.317,0.491;4.424,6.165,1.061;4.055,14.203,1.145;2.339,3.335,2.092;7.811,18.921,0.744;8.652,19.088,0.420;5.921,10.282,0.492;2.431,19.156,0.228;2.185,15.073,2.027;11.957,10.604,0.939;19.649,6.620,0.472;11.281,7.869,0.382;7.288,3.974,0.431;10.341,1.594,1.277;19.506,12.205,0.316;19.617,15.458,0.285;14.317,8.164,0.285;2.365,18.859,0.351;14.189,11.973,1.329;13.490,14.516,1.086;12.545,13.736,1.026;18.102,11.068,0.351;11.388,16.307,0.431;2.960,12.039,1.245;7.017,4.180,2.098;3.118,13.109,0.771;8.750,14.656,0.293;12.054,15.768,0.340;6.525,14.215,2.145;18.779,11.767,1.747;2.514,1.369,0.425;17.179,11.793,0.662;3.419,1.387,1.237;16.737,3.377,0.319;8.526,9.392,0.816;6.185,17.996,0.315;15.205,3.276,0.387;13.718,9.006,1.672;9.759,14.760,0.817;6.998,9.793,1.267;8.603,3.362,1.204;18.237,12.002,1.803;5.279,17.177,2.469"
38,drone_5,18.6043,7.5013,17.0000,17.0000,"2.347,9.515,0.494;18.301,13.223,1.046;6.689,15.596,2.085;17.102,11.298,0.427;8.172,10.967,1.213;8.788,15.372,0.923;2.199,2.005,0.957;19.010,8.298,0.361;2.280,15.513,1.948;13.374,18.274,0.268;13.316,14.508,0.289;0.568,6.095,0.938;3.098,6.163,0.425;6.816,5.317,0.491;4.424,6.165,1.061;4.055,14.203,1.145;2.339,3.335,2.092;7.811,18.921,0.744;8.652,19.088,0.420;5.921,10.282,0.492;2.431,19.156,0.228;2.185,15.073,2.027;11.957,10.604,0.939;19.649,6.620,0.472;11.281,7.869,0.382;7.288,3.974,0.431;10.341,1.594,1.277;19.506,12.205,0.316;19.617,15.458,0.285;14.317,8.164,0.285;2.365,18.859,0.351;14.189,11.973,1.329;13.490,14.516,1.086;12.545,13.736,1.026;18.102,11.068,0.351;11.388,16.307,0.431;2.960,12.039,1.245;7.017,4.180,2.098;3.118,13.109,0.771;8.750,14.656,0.293;12.054,15.768,0.340;6.525,14.215,2.145;18.779,11.767,1.747;2.514,1.369,0.425;17.179,11.793,0.662;3.419,1.387,1.237;16.737,3.377,0.319;8.526,9.392,0.816;6.185,17.996,0.315;15.205,3.276,0.387;13.718,9.006,1.672;9.759,14.760,0.817;6.998,9.793,1.267;8.603,3.362,1.204;18.237,12.002,1.803;5.279,17.177,2.469"
38,drone_7,17.9810,9.2610,17.0000,17.0000,"2.347,9.515,0.494;18.301,13.223,1.046;6.689,15.596,2.085;17.102,11.298,0.427;8.172,10.967,1.213;8.788,15.372,0.923;2.199,2.005,0.957;19.010,8.298,0.361;2.280,15.513,1.948;13.374,18.274,0.268;13.316,14.508,0.289;0.568,6.095,0.938;3.098,6.163,0.425;6.816,5.317,0.491;4.424,6.165,1.061;4.055,14.203,1.145;2.339,3.335,2.092;7.811,18.921,0.744;8.652,19.088,0.420;5.921,10.282,0.492;2.431,19.156,0.228;2.185,15.073,2.027;11.957,10.604,0.939;19.649,6.620,0.472;11.281,7.869,0.382;7.288,3.974,0.431;10.341,1.594,1.277;19.506,12.205,0.316;19.617,15.458,0.285;14.317,8.164,0.285;2.365,18.859,0.351;14.189,11.973,1.329;13.490,14.516,1.086;12.545,13.736,1.026;18.102,11.068,0.351;11.388,16.307,0.431;2.960,12.039,1.245;7.017,4.180,2.098;3.118,13.109,0.771;8.750,14.656,0.293;12.054,15.768,0.340;6.525,14.215,2.145;18.779,11.767,1.747;2.514,1.369,0.425;17.179,11.793,0.662;3.419,1.387,1.237;16.737,3.377,0.319;8.526,9.392,0.816;6.185,17.996,0.315;15.205,3.276,0.387;13.718,9.006,1.672;9.759,14.760,0.817;6.998,9.793,1.267;8.603,3.362,1.204;18.237,12.002,1.803;5.279,17.177,2.469"
38,drone_9,18.5050,7.1499,17.0000,17.0000,"2.347,9.515,0.494;18.301,13.223,1.046;6.689,15.596,2.085;17.102,11.298,0.427;8.172,10.967,1.213;8.788,15.372,0.923;2.199,2.005,0.957;19.010,8.298,0.361;2.280,15.513,1.948;13.374,18.274,0.268;13.316,14.508,0.289;0.568,6.095,0.938;3.098,6.163,0.425;6.816,5.317,0.491;4.424,6.165,1.061;4.055,14.203,1.145;2.339,3.335,2.092;7.811,18.921,0.744;8.652,19.088,0.420;5.921,10.282,0.492;2.431,19.156,0.228;2.185,15.073,2.027;11.957,10.604,0.939;19.649,6.620,0.472;11.281,7.869,0.382;7.288,3.974,0.431;10.341,1.594,1.277;19.506,12.205,0.316;19.617,15.458,0.285;14.317,8.164,0.285;2.365,18.859,0.351;14.189,11.973,1.329;13.490,14.516,1.086;12.545,13.736,1.026;18.102,11.068,0.351;11.388,16.307,0.431;2.960,12.039,1.245;7.017,4.180,2.098;3.118,13.109,0.771;8.750,14.656,0.293;12.054,15.768,0.340;6.525,14.215,2.145;18.779,11.767,1.747;2.514,1.369,0.425;17.179,11.793,0.662;3.419,1.387,1.237;16.737,3.377,0.319;8.526,9.392,0.816;6.185,17.996,0.315;15.205,3.276,0.387;13.718,9.006,1.672;9.759,14.760,0.817;6.998,9.793,1.267;8.603,3.362,1.204;18.237,12.002,1.803;5.279,17.177,2.469"
39,drone_0,18.0139,8.1227,17.0000,17.0000,"2.347,9.515,0.494;18.301,13.223,1.046;6.689,15.596,2.085;17.102,11.298,0.427;8.172,10.967,1.213;8.788,15.372,0.923;2.199,2.005,0.957;19.010,8.298,0.361;2.280,15.513,1.948;13.374,18.274,0.268;13.316,14.508,0.289;0.568,6.095,0.938;3.098,6.163,0.425;6.816,5.317,0.491;4.424,6.165,1.061;4.055,14.203,1.145;2.339,3.335,2.092;7.811,18.921,0.744;8.652,19.088,0.420;5.921,10.282,0.492;2.431,19.156,0.228;2.185,15.073,2.027;11.957,10.604,0.939;19.649,6.620,0.472;11.281,7.869,0.382;7.288,3.974,0.431;10.341,1.594,1.277;19.506,12.205,0.316;19.617,15.458,0.285;14.317,8.164,0.285;2.365,18.859,0.351;14.189,11.973,1.329;13.490,14.516,1.086;12.545,13.736,1.026;18.102,11.068,0.351;11.388,16.307,0.431;2.960,12.039,1.245;7.017,4.180,2.098;3.118,13.109,0.771;8.750,14.656,0.293;12.054,15.768,0.340;6.525,14.215,2.145;18.779,11.767,1.747;2.514,1.369,0.425;17.179,11.793,0.662;3.419,1.387,1.237;16.737,3.377,0.319;8.526,9.392,0.816;6.185,17.996,0.315;15.205,3.276,0.387;13.718,9.006,1.672;9.759,14.760,0.817;6.998,9.793,1.267;8.603,3.362,1.204;18.237,12.002,1.803;5.279,17.177,2.469"
39,drone_3,16.0685,7.1727,17.0000,17.0000,"2.347,9.515,0.494;18.301,13.223,1.046;6.689,15.596,2.085;17.102,11.298,0.427;8.172,10.967,1.213;8.788,15.372,0.923;2.199,2.005,0.957;19.010,8.298,0.361;2.280,15.513,1.948;13.374,18.274,0.268;13.316,14.508,0.289;0.568,6.095,0.938;3.098,6.163,0.425;6.816,5.317,0.491;4.424,6.165,1.061;4.055,14.203,1.145;2.339,3.335,2.092;7.811,18.921,0.744;8.652,19.088,0.420;5.921,10.282,0.492;2.431,19.156,0.228;2.185,15.073,2.027;11.957,10.604,0.939;19.649,6.620,0.472;11.281,7.869,0.382;7.288,3.974,0.431;10.341,1.594,1.277;19.506,12.205,0.316;19.617,15.458,0.285;14.317,8.164,0.285;2.365,18.859,0.351;14.189,11.973,1.329;13.490,14.516,1.086;12.545,13.736,1.026;18.102,11.068,0.351;11.388,16.307,0.431;2.960,12.039,1.245;7.017,4.180,2.098;3.118,13.109,0.771;8.750,14.656,0.293;12.054,15.768,0.340;6.525,14.215,2.145;18.779,11.767,1.747;2.514,1.369,0.425;17.179,11.793,0.662;3.419,1.387,1.237;16.737,3.377,0.319;8.526,9.392,0.816;6.185,17.996,0.315;15.205,3.276,0.387;13.718,9.006,1.672;9.759,14.760,0.817;6.998,9.793,1.267;8.603,3.362,1.204;18.237,12.002,1.803;5.279,17.177,2.469"
39,drone_5,18.7265,7.6596,17.0000,17.0000,"2.347,9.515,0.494;18.301,13.223,1.046;6.689,15.596,2.085;17.102,11.298,0.427;8.172,10.967,1.213;8.788,15.372,0.923;2.199,2.005,0.957;19.010,8.298,0.361;2.280,15.513,1.948;13.374,18.274,0.268;13.316,14.508,0.289;0.568,6.095,0.938;3.098,6.163,0.425;6.816,5.317,0.491;4.424,6.165,1.061;4.055,14.203,1.145;2.339,3.335,2.092;7.811,18.921,0.744;8.652,19.088,0.420;5.921,10.282,0.492;2.431,19.156,0.228;2.185,15.073,2.027;11.957,10.604,0.939;19.649,6.620,0.472;11.281,7.869,0.382;7.288,3.974,0.431;10.341,1.594,1.277;19.506,12.205,0.316;19.617,15.458,0.285;14.317,8.164,0.285;2.365,18.859,0.351;14.189,11.973,1.329;13.490,14.516,1.086;12.545,13.736,1.026;18.102,11.068,0.351;11.388,16.307,0.431;2.960,12.039,1.245;7.017,4.180,2.098;3.118,13.109,0.771;8.750,14.656,0.293;12.054,15.768,0.340;6.525,14.215,2.145;18.779,11.767,1.747;2.514,1.369,0.425;17.179,11.793,0.662;3.419,1.387,1.237;16.737,3.377,0.319;8.526,9.392,0.816;6.185,17.996,0.315;15.205,3.276,0.387;13.718,9.006,1.672;9.759,14.760,0.817;6.998,9.793,1.267;8.603,3.362,1.204;18.237,12.002,1.803;5.279,17.177,2.469"
39,drone_7,18.0379,9.4527,17.0000,17.0000,"2.347,9.515,0.494;18.301,13.223,1.046;6.689,15.596,2.085;17.102,11.298,0.427;8.172,10.967,1.213;8.788,15.372,0.923;2.199,2.005,0.957;19.010,8.298,0.361;2.280,15.513,1.948;13.374,18.274,0.268;13.316,14.508,0.289;0.568,6.095,0.938;3.098,6.163,0.425;6.816,5.317,0.491;4.424,6.165,1.061;4.055,14.203,1.145;2.339,3.335,2.092;7.811,18.921,0.744;8.652,19.088,0.420;5.921,10.282,0.492;2.431,19.156,0.228;2.185,15.073,2.027;11.957,10.604,0.939;19.649,6.620,0.472;11.281,7.869,0.382;7.288,3.974,0.431;10.341,1.594,1.277;19.506,12.205,0.316;19.617,15.458,0.285;14.317,8.164,0.285;2.365,18.859,0.351;14.189,11.973,1.329;13.490,14.516,1.086;12.545,13.736,1.026;18.102,11.068,0.351;11.388,16.307,0.431;2.960,12.039,1.245;7.017,4.180,2.098;3.118,13.109,0.771;8.750,14.656,0.293;12.054,15.768,0.340;6.525,14.215,2.145;18.779,11.767,1.747;2.514,1.369,0.425;17.179,11.793,0.662;3.419,1.387,1.237;16.737,3.377,0.319;8.526,9.392,0.816;6.185,17.996,0.315;15.205,3.276,0.387;13.718,9.006,1.672;9.759,14.760,0.817;6.998,9.793,1.267;8.603,3.362,1.204;18.237,12.002,1.803;5.279,17.177,2.469"
39,drone_9,18.5036,7.3499,17.0000,17.0000,"2.347,9.515,0.494;18.301,13.223,1.046;6.689,15.596,2.085;17.102,11.298,0.427;8.172,10.967,1.213;8.788,15.372,0.923;2.199,2.005,0.957;19.010,8.298,0.361;2.280,15.513,1.948;13.374,18.274,0.268;13.316,14.508,0.289;0.568,6.095,0.938;3.098,6.163,0.425;6.816,5.317,0.491;4.424,6.165,1.061;4.055,14.203,1.145;2.339,3.335,2.092;7.811,18.921,0.744;8.652,19.088,0.420;5.921,10.282,0.492;2.431,19.156,0.228;2.185,15.073,2.027;11.957,10.604,0.939;19.649,6.620,0.472;11.281,7.869,0.382;7.288,3.974,0.431;10.341,1.594,1.277;19.506,12.205,0.316;19.617,15.458,0.285;14.317,8.164,0.285;2.365,18.859,0.351;14.189,11.973,1.329;13.490,14.516,1.086;12.545,13.736,1.026;18.102,11.068,0.351;11.388,16.307,0.431;2.960,12.039,1.245;7.017,4.180,2.098;3.118,13.109,0.771;8.750,14.656,0.293;12.054,15.768,0.340;6.525,14.215,2.145;18.779,11.767,1.747;2.514,1.369,0.425;17.179,11.793,0.662;3.419,1.387,1.237;16.737,3.377,0.319;8.526,9.392,0.816;6.185,17.996,0.315;15.205,3.276,0.387;13.718,9.006,1.672;9.759,14.760,0.817;6.998,9.793,1.267;8.603,3.362,1.204;18.237,12.002,1.803;5.279,17.177,2.469"
40,drone_0,18.0858,8.3093,17.0000,17.0000,"2.347,9.515,0.494;18.301,13.223,1.046;6.689,15.596,2.085;17.102,11.298,0.427;8.172,10.967,1.213;8.788,15.372,0.923;2.199,2.005,0.957;19.010,8.298,0.361;2.280,15.513,1.948;13.374,18.274,0.268;13.316,14.508,0.289;0.568,6.095,0.938;3.098,6.163,0.425;6.816,5.317,0.491;4.424,6.165,1.061;4.055,14.203,1.145;2.339,3.335,2.092;7.811,18.921,0.744;8.652,19.088,0.420;5.921,10.282,0.492;2.431,19.156,0.228;2.185,15.073,2.027;11.957,10.604,0.939;19.649,6.620,0.472;11.281,7.869,0.382;7.288,3.974,0.431;10.341,1.594,1.277;19.506,12.205,0.316;19.617,15.458,0.285;14.317,8.164,0.285;2.365,18.859,0.351;14.189,11.973,1.329;13.490,14.516,1.086;12.545,13.736,1.026;18.102,11.068,0.351;11.388,16.307,0.431;2.960,12.039,1.245;7.017,4.180,2.098;3.118,13.109,0.771;8.750,14.656,0.293;12.054,15.768,0.340;6.525,14.215,2.145;18.779,11.767,1.747;2.514,1.369,0.425;17.179,11.793,0.662;3.419,1.387,1.237;16.737,3.377,0.319;8.526,9.392,0.816;6.185,17.996,0.315;15.205,3.276,0.387;13.718,9.006,1.672;9.759,14.760,0.817;6.998,9.793,1.267;8.603,3.362,1.204;18.237,12.002,1.803;5.279,17.177,2.469"
40,drone_3,16.1874,7.3335,17.0000,17.0000,"2.347,9.515,0.494;18.301,13.223,1.046;6.689,15.596,2.085;17.102,11.298,0.427;8.172,10.967,1.213;8.788,15.372,0.923;2.199,2.005,0.957;19.010,8.298,0.361;2.280,15.513,1.948;13.374,18.274,0.268;13.316,14.508,0.289;0.568,6.095,0.938;3.098,6.163,0.425;6.816,5.317,0.491;4.424,6.165,1.061;4.055,14.203,1.145;2.339,3.335,2.092;7.811,18.921,0.744;8.652,19.088,0.420;5.921,10.282,0.492;2.431,19.156,0.228;2.185,15.073,2.027;11.957,10.604,0.939;19.649,6.620,0.472;11.281,7.869,0.382;7.288,3.974,0.431;10.341,1.594,1.277;19.506,12.205,0.316;19.617,15.458,0.285;14.317,8.164,0.285;2.365,18.859,0.351;14.189,11.973,1.329;13.490,14.516,1.086;12.545,13.736,1.026;18.102,11.068,0.351;11.388,16.307,0.431;2.960,12.039,1.245;7.017,4.180,2.098;3.118,13.109,0.771;8.750,14.656,0.293;12.054,15.768,0.340;6.525,14.215,2.145;18.779,11.767,1.747;2.514,1.369,0.425;17.179,11.793,0.662;3.419,1.387,1.237;16.737,3.377,0.319;8.526,9.392,0.816;6.185,17.996,0.315;15.205,3.276,0.387;13.718,9.006,1.672;9.759,14.760,0.817;6.998,9.793,1.267;8.603,3.362,1.204;18.237,12.002,1.803;5.279,17.177,2.469"
40,drone_5,-100.0000,-100.0000,17.0000,17.0000,"2.347,9.515,0.494;18.301,13.223,1.046;6.689,15.596,2.085;17.102,11.298,0.427;8.172,10.967,1.213;8.788,15.372,0.923;2.199,2.005,0.957;19.010,8.298,0.361;2.280,15.513,1.948;13.374,18.274,0.268;13.316,14.508,0.289;0.568,6.095,0.938;3.098,6.163,0.425;6.816,5.317,0.491;4.424,6.165,1.061;4.055,14.203,1.145;2.339,3.335,2.092;7.811,18.921,0.744;8.652,19.088,0.420;5.921,10.282,0.492;2.431,19.156,0.228;2.185,15.073,2.027;11.957,10.604,0.939;19.649,6.620,0.472;11.281,7.869,0.382;7.288,3.974,0.431;10.341,1.594,1.277;19.506,12.205,0.316;19.617,15.458,0.285;14.317,8.164,0.285;2.365,18.859,0.351;14.189,11.973,1.329;13.490,14.516,1.086;12.545,13.736,1.026;18.102,11.068,0.351;11.388,16.307,0.431;2.960,12.039,1.245;7.017,4.180,2.098;3.118,13.109,0.771;8.750,14.656,0.293;12.054,15.768,0.340;6.525,14.215,2.145;18.779,11.767,1.747;2.514,1.369,0.425;17.179,11.793,0.662;3.419,1.387,1.237;16.737,3.377,0.319;8.526,9.392,0.816;6.185,17.996,0.315;15.205,3.276,0.387;13.718,9.006,1.672;9.759,14.760,0.817;6.998,9.793,1.267;8.603,3.362,1.204;18.237,12.002,1.803;5.279,17.177,2.469"
40,drone_7,18.0859,9.6469,17.0000,17.0000,"2.347,9.515,0.494;18.301,13.223,1.046;6.689,15.596,2.085;17.102,11.298,0.427;8.172,10.967,1.213;8.788,15.372,0.923;2.199,2.005,0.957;19.010,8.298,0.361;2.280,15.513,1.948;13.374,18.274,0.268;13.316,14.508,0.289;0.568,6.095,0.938;3.098,6.163,0.425;6.816,5.317,0.491;4.424,6.165,1.061;4.055,14.203,1.145;2.339,3.335,2.092;7.811,18.921,0.744;8.652,19.088,0.420;5.921,10.282,0.492;2.431,19.156,0.228;2.185,15.073,2.027;11.957,10.604,0.939;19.649,6.620,0.472;11.281,7.869,0.382;7.288,3.974,0.431;10.341,1.594,1.277;19.506,12.205,0.316;19.617,15.458,0.285;14.317,8.164,0.285;2.365,18.859,0.351;14.189,11.973,1.329;13.490,14.516,1.086;12.545,13.736,1.026;18.102,11.068,0.351;11.388,16.307,0.431;2.960,12.039,1.245;7.017,4.180,2.098;3.118,13.109,0.771;8.750,14.656,0.293;12.054,15.768,0.340;6.525,14.215,2.145;18.779,11.767,1.747;2.514,1.369,0.425;17.179,11.793,0.662;3.419,1.387,1.237;16.737,3.377,0.319;8.526,9.392,0.816;6.185,17.996,0.315;15.205,3.276,0.387;13.718,9.006,1.672;9.759,14.760,0.817;6.998,9.793,1.267;8.603,3.362,1.204;18.237,12.002,1.803;5.279,17.177,2.469"
40,drone_9,18.5030,7.5499,17.0000,17.0000,"2.347,9.515,0.494;18.301,13.223,1.046;6.689,15.596,2.085;17.102,11.298,0.427;8.172,10.967,1.213;8.788,15.372,0.923;2.199,2.005,0.957;19.010,8.298,0.361;2.280,15.513,1.948;13.374,18.274,0.268;13.316,14.508,0.289;0.568,6.095,0.938;3.098,6.163,0.425;6.816,5.317,0.491;4.424,6.165,1.061;4.055,14.203,1.145;2.339,3.335,2.092;7.811,18.921,0.744;8.652,19.088,0.420;5.921,10.282,0.492;2.431,19.156,0.228;2.185,15.073,2.027;11.957,10.604,0.939;19.649,6.620,0.472;11.281,7.869,0.382;7.288,3.974,0.431;10.341,1.594,1.277;19.506,12.205,0.316;19.617,15.458,0.285;14.317,8.164,0.285;2.365,18.859,0.351;14.189,11.973,1.329;13.490,14.516,1.086;12.545,13.736,1.026;18.102,11.068,0.351;11.388,16.307,0.431;2.960,12.039,1.245;7.017,4.180,2.098;3.118,13.109,0.771;8.750,14.656,0.293;12.054,15.768,0.340;6.525,14.215,2.145;18.779,11.767,1.747;2.514,1.369,0.425;17.179,11.793,0.662;3.419,1.387,1.237;16.737,3.377,0.319;8.526,9.392,0.816;6.185,17.996,0.315;15.205,3.276,0.387;13.718,9.006,1.672;9.759,14.760,0.817;6.998,9.793,1.267;8.603,3.362,1.204;18.237,12.002,1.803;5.279,17.177,2.469"
41,drone_0,18.1574,8.4961,17.0000,17.0000,"2.347,9.515,0.494;18.301,13.223,1.046;6.689,15.596,2.085;17.102,11.298,0.427;8.172,10.967,1.213;8.788,15.372,0.923;2.199,2.005,0.957;19.010,8.298,0.361;2.280,15.513,1.948;13.374,18.274,0.268;13.316,14.508,0.289;0.568,6.095,0.938;3.098,6.163,0.425;6.816,5.317,0.491;4.424,6.165,1.061;4.055,14.203,1.145;2.339,3.335,2.092;7.811,18.921,0.744;8.652,19.088,0.420;5.921,10.282,0.492;2.431,19.156,0.228;2.185,15.073,2.027;11.957,10.604,0.939;19.649,6.620,0.472;11.281,7.869,0.382;7.288,3.974,0.431;10.341,1.594,1.277;19.506,12.205,0.316;19.617,15.458,0.285;14.317,8.164,0.285;2.365,18.859,0.351;14.189,11.973,1.329;13.490,14.516,1.086;12.545,13.736,1.026;18.102,11.068,0.351;11.388,16.307,0.431;2.960,12.039,1.245;7.017,4.180,2.098;3.118,13.109,0.771;8.750,14.656,0.293;12.054,15.768,0.340;6.525,14.215,2.145;18.779,11.767,1.747;2.514,1.369,0.425;17.179,11.793,0.662;3.419,1.387,1.237;16.737,3.377,0.319;8.526,9.392,0.816;6.185,17.996,0.315;15.205,3.276,0.387;13.718,9.006,1.672;9.759,14.760,0.817;6.998,9.793,1.267;8.603,3.362,1.204;18.237,12.002,1.803;5.279,17.177,2.469"
41,drone_3,16.3006,7.4984,17.0000,17.0000,"2.347,9.515,0.494;18.301,13.223,1.046;6.689,15.596,2.085;17.102,11.298,0.427;8.172,10.967,1.213;8.788,15.372,0.923;2.199,2.005,0.957;19.010,8.298,0.361;2.280,15.513,1.948;13.374,18.274,0.268;13.316,14.508,0.289;0.568,6.095,0.938;3.098,6.163,0.425;6.816,5.317,0.491;4.424,6.165,1.061;4.055,14.203,1.145;2.339,3.335,2.092;7.811,18.921,0.744;8.652,19.088,0.420;5.921,10.282,0.492;2.431,19.156,0.228;2.185,15.073,2.027;11.957,10.604,0.939;19.649,6.620,0.472;11.281,7.869,0.382;7.288,3.974,0.431;10.341,1.594,1.277;19.506,12.205,0.316;19.617,15.458,0.285;14.317,8.164,0.285;2.365,18.859,0.351;14.189,11.973,1.329;13.490,14.516,1.086;12.545,13.736,1.026;18.102,11.068,0.351;11.388,16.307,0.431;2.960,12.039,1.245;7.017,4.180,2.098;3.118,13.109,0.771;8.750,14.656,0.293;12.054,15.768,0.340;6.525,14.215,2.145;18.779,11.767,1.747;2.514,1.369,0.425;17.179,11.793,0.662;3.419,1.387,1.237;16.737,3.377,0.319;8.526,9.392,0.816;6.185,17.996,0.315;15.205,3.276,0.387;13.718,9.006,1.672;9.759,14.760,0.817;6.998,9.793,1.267;8.603,3.362,1.204;18.237,12.002,1.803;5.279,17.177,2.469"
41,drone_7,18.1155,9.8447,17.0000,17.0000,"2.347,9.515,0.494;18.301,13.223,1.046;6.689,15.596,2.085;17.102,11.298,0.427;8.172,10.967,1.213;8.788,15.372,0.923;2.199,2.005,0.957;19.010,8.298,0.361;2.280,15.513,1.948;13.374,18.274,0.268;13.316,14.508,0.289;0.568,6.095,0.938;3.098,6.163,0.425;6.816,5.317,0.491;4.424,6.165,1.061;4.055,14.203,1.145;2.339,3.335,2.092;7.811,18.921,0.744;8.652,19.088,0.420;5.921,10.282,0.492;2.431,19.156,0.228;2.185,15.073,2.027;11.957,10.604,0.939;19.649,6.620,0.472;11.281,7.869,0.382;7.288,3.974,0.431;10.341,1.594,1.277;19.506,12.205,0.316;19.617,15.458,0.285;14.317,8.164,0.285;2.365,18.859,0.351;14.189,11.973,1.329;13.490,14.516,1.086;12.545,13.736,1.026;18.102,11.068,0.351;11.388,16.307,0.431;2.960,12.039,1.245;7.017,4.180,2.098;3.118,13.109,0.771;8.750,14.656,0.293;12.054,15.768,0.340;6.525,14.215,2.145;18.779,11.767,1.747;2.514,1.369,0.425;17.179,11.793,0.662;3.419,1.387,1.237;16.737,3.377,0.319;8.526,9.392,0.816;6.185,17.996,0.315;15.205,3.276,0.387;13.718,9.006,1.672;9.759,14.760,0.817;6.998,9.793,1.267;8.603,3.362,1.204;18.237,12.002,1.803;5.279,17.177,2.469"
41,drone_9,18.4771,7.7482,17.0000,17.0000,"2.347,9.515,0.494;18.301,13.223,1.046;6.689,15.596,2.085;17.102,11.298,0.427;8.172,10.967,1.213;8.788,15.372,0.923;2.199,2.005,0.957;19.010,8.298,0.361;2.280,15.513,1.948;13.374,18.274,0.268;13.316,14.508,0.289;0.568,6.095,0.938;3.098,6.163,0.425;6.816,5.317,0.491;4.424,6.165,1.061;4.055,14.203,1.145;2.339,3.335,2.092;7.811,18.921,0.744;8.652,19.088,0.420;5.921,10.282,0.492;2.431,19.156,0.228;2.185,15.073,2.027;11.957,10.604,0.939;19.649,6.620,0.472;11.281,7.869,0.382;7.288,3.974,0.431;10.341,1.594,1.277;19.506,12.205,0.316;19.617,15.458,0.285;14.317,8.164,0.285;2.365,18.859,0.351;14.189,11.973,1.329;13.490,14.516,1.086;12.545,13.736,1.026;18.102,11.068,0.351;11.388,16.307,0.431;2.960,12.039,1.245;7.017,4.180,2.098;3.118,13.109,0.771;8.750,14.656,0.293;12.054,15.768,0.340;6.525,14.215,2.145;18.779,11.767,1.747;2.514,1.369,0.425;17.179,11.793,0.662;3.419,1.387,1.237;16.737,3.377,0.319;8.526,9.392,0.816;6.185,17.996,0.315;15.205,3.276,0.387;13.718,9.006,1.672;9.759,14.760,0.817;6.998,9.793,1.267;8.603,3.362,1.204;18.237,12.002,1.803;5.279,17.177,2.469"
42,drone_0,18.2457,8.6755,17.0000,17.0000,"2.347,9.515,0.494;18.301,13.223,1.046;6.689,15.596,2.085;17.102,11.298,0.427;8.172,10.967,1.213;8.788,15.372,0.923;2.199,2.005,0.957;19.010,8.298,0.361;2.280,15.513,1.948;13.374,18.274,0.268;13.316,14.508,0.289;0.568,6.095,0.938;3.098,6.163,0.425;6.816,5.317,0.491;4.424,6.165,1.061;4.055,14.203,1.145;2.339,3.335,2.092;7.811,18.921,0.744;8.652,19.088,0.420;5.921,10.282,0.492;2.431,19.156,0.228;2.185,15.073,2.027;11.957,10.604,0.939;19.649,6.620,0.472;11.281,7.869,0.382;7.288,3.974,0.431;10.341,1.594,1.277;19.506,12.205,0.316;19.617,15.458,0.285;14.317,8.164,0.285;2.365,18.859,0.351;14.189,11.973,1.329;13.490,14.516,1.086;12.545,13.736,1.026;18.102,11.068,0.351;11.388,16.307,0.431;2.960,12.039,1.245;7.017,4.180,2.098;3.118,13.109,0.771;8.750,14.656,0.293;12.054,15.768,0.340;6.525,14.215,2.145;18.779,11.767,1.747;2.514,1.369,0.425;17.179,11.793,0.662;3.419,1.387,1.237;16.737,3.377,0.319;8.526,9.392,0.816;6.185,17.996,0.315;15.205,3.276,0.387;13.718,9.006,1.672;9.759,14.760,0.817;6.998,9.793,1.267;8.603,3.362,1.204;18.237,12.002,1.803;5.279,17.177,2.469"
42,drone_3,16.4355,7.6460,17.0000,17.0000,"2.347,9.515,0.494;18.301,13.223,1.046;6.689,15.596,2.085;17.102,11.298,0.427;8.172,10.967,1.213;8.788,15.372,0.923;2.199,2.005,0.957;19.010,8.298,0.361;2.280,15.513,1.948;13.374,18.274,0.268;13.316,14.508,0.289;0.568,6.095,0.938;3.098,6.163,0.425;6.816,5.317,0.491;4.424,6.165,1.061;4.055,14.203,1.145;2.339,3.335,2.092;7.811,18.921,0.744;8.652,19.088,0.420;5.921,10.282,0.492;2.431,19.156,0.228;2.185,15.073,2.027;11.957,10.604,0.939;19.649,6.620,0.472;11.281,7.869,0.382;7.288,3.974,0.431;10.341,1.594,1.277;19.506,12.205,0.316;19.617,15.458,0.285;14.317,8.164,0.285;2.365,18.859,0.351;14.189,11.973,1.329;13.490,14.516,1.086;12.545,13.736,1.026;18.102,11.068,0.351;11.388,16.307,0.431;2.960,12.039,1.245;7.017,4.180,2.098;3.118,13.109,0.771;8.750,14.656,0.293;12.054,15.768,0.340;6.525,14.215,2.145;18.779,11.767,1.747;2.514,1.369,0.425;17.179,11.793,0.662;3.419,1.387,1.237;16.737,3.377,0.319;8.526,9.392,0.816;6.185,17.996,0.315;15.205,3.276,0.387;13.718,9.006,1.672;9.759,14.760,0.817;6.998,9.793,1.267;8.603,3.362,1.204;18.237,12.002,1.803;5.279,17.177,2.469"
42,drone_7,-100.0000,-100.0000,17.0000,17.0000,"2.347,9.515,0.494;18.301,13.223,1.046;6.689,15.596,2.085;17.102,11.298,0.427;8.172,10.967,1.213;8.788,15.372,0.923;2.199,2.005,0.957;19.010,8.298,0.361;2.280,15.513,1.948;13.374,18.274,0.268;13.316,14.508,0.289;0.568,6.095,0.938;3.098,6.163,0.425;6.816,5.317,0.491;4.424,6.165,1.061;4.055,14.203,1.145;2.339,3.335,2.092;7.811,18.921,0.744;8.652,19.088,0.420;5.921,10.282,0.492;2.431,19.156,0.228;2.185,15.073,2.027;11.957,10.604,0.939;19.649,6.620,0.472;11.281,7.869,0.382;7.288,3.974,0.431;10.341,1.594,1.277;19.506,12.205,0.316;19.617,15.458,0.285;14.317,8.164,0.285;2.365,18.859,0.351;14.189,11.973,1.329;13.490,14.516,1.086;12.545,13.736,1.026;18.102,11.068,0.351;11.388,16.307,0.431;2.960,12.039,1.245;7.017,4.180,2.098;3.118,13.109,0.771;8.750,14.656,0.293;12.054,15.768,0.340;6.525,14.215,2.145;18.779,11.767,1.747;2.514,1.369,0.425;17.179,11.793,0.662;3.419,1.387,1.237;16.737,3.377,0.319;8.526,9.392,0.816;6.185,17.996,0.315;15.205,3.276,0.387;13.718,9.006,1.672;9.759,14.760,0.817;6.998,9.793,1.267;8.603,3.362,1.204;18.237,12.002,1.803;5.279,17.177,2.469"
42,drone_9,18.4200,7.9399,17.0000,17.0000,"2.347,9.515,0.494;18.301,13.223,1.046;6.689,15.596,2.085;17.102,11.298,0.427;8.172,10.967,1.213;8.788,15.372,0.923;2.199,2.005,0.957;19.010,8.298,0.361;2.280,15.513,1.948;13.374,18.274,0.268;13.316,14.508,0.289;0.568,6.095,0.938;3.098,6.163,0.425;6.816,5.317,0.491;4.424,6.165,1.061;4.055,14.203,1.145;2.339,3.335,2.092;7.811,18.921,0.744;8.652,19.088,0.420;5.921,10.282,0.492;2.431,19.156,0.228;2.185,15.073,2.027;11.957,10.604,0.939;19.649,6.620,0.472;11.281,7.869,0.382;7.288,3.974,0.431;10.341,1.594,1.277;19.506,12.205,0.316;19.617,15.458,0.285;14.317,8.164,0.285;2.365,18.859,0.351;14.189,11.973,1.329;13.490,14.516,1.086;12.545,13.736,1.026;18.102,11.068,0.351;11.388,16.307,0.431;2.960,12.039,1.245;7.017,4.180,2.098;3.118,13.109,0.771;8.750,14.656,0.293;12.054,15.768,0.340;6.525,14.215,2.145;18.779,11.767,1.747;2.514,1.369,0.425;17.179,11.793,0.662;3.419,1.387,1.237;16.737,3.377,0.319;8.526,9.392,0.816;6.185,17.996,0.315;15.205,3.276,0.387;13.718,9.006,1.672;9.759,14.760,0.817;6.998,9.793,1.267;8.603,3.362,1.204;18.237,12.002,1.803;5.279,17.177,2.469"
43,drone_0,18.3574,8.8414,17.0000,17.0000,"2.347,9.515,0.494;18.301,13.223,1.046;6.689,15.596,2.085;17.102,11.298,0.427;8.172,10.967,1.213;8.788,15.372,0.923;2.199,2.005,0.957;19.010,8.298,0.361;2.280,15.513,1.948;13.374,18.274,0.268;13.316,14.508,0.289;0.568,6.095,0.938;3.098,6.163,0.425;6.816,5.317,0.491;4.424,6.165,1.061;4.055,14.203,1.145;2.339,3.335,2.092;7.811,18.921,0.744;8.652,19.088,0.420;5.921,10.282,0.492;2.431,19.156,0.228;2.185,15.073,2.027;11.957,10.604,0.939;19.649,6.620,0.472;11.281,7.869,0.382;7.288,3.974,0.431;10.341,1.594,1.277;19.506,12.205,0.316;19.617,15.458,0.285;14.317,8.164,0.285;2.365,18.859,0.351;14.189,11.973,1.329;13.490,14.516,1.086;12.545,13.736,1.026;18.102,11.068,0.351;11.388,16.307,0.431;2.960,12.039,1.245;7.017,4.180,2.098;3.118,13.109,0.771;8.750,14.656,0.293;12.054,15.768,0.340;6.525,14.215,2.145;18.779,11.767,1.747;2.514,1.369,0.425;17.179,11.793,0.662;3.419,1.387,1.237;16.737,3.377,0.319;8.526,9.392,0.816;6.185,17.996,0.315;15.205,3.276,0.387;13.718,9.006,1.672;9.759,14.760,0.817;6.998,9.793,1.267;8.603,3.362,1.204;18.237,12.002,1.803;5.279,17.177,2.469"
43,drone_3,16.5833,7.7808,17.0000,17.0000,"2.347,9.515,0.494;18.301,13.223,1.046;6.689,15.596,2.085;17.102,11.298,0.427;8.172,10.967,1.213;8.788,15.372,0.923;2.199,2.005,0.957;19.010,8.298,0.361;2.280,15.513,1.948;13.374,18.274,0.268;13.316,14.508,0.289;0.568,6.095,0.938;3.098,6.163,0.425;6.816,5.317,0.491;4.424,6.165,1.061;4.055,14.203,1.145;2.339,3.335,2.092;7.811,18.921,0.744;8.652,19.088,0.420;5.921,10.282,0.492;2.431,19.156,0.228;2.185,15.073,2.027;11.957,10.604,0.939;19.649,6.620,0.472;11.281,7.869,0.382;7.288,3.974,0.431;10.341,1.594,1.277;19.506,12.205,0.316;19.617,15.458,0.285;14.317,8.164,0.285;2.365,18.859,0.351;14.189,11.973,1.329;13.490,14.516,1.086;12.545,13.736,1.026;18.102,11.068,0.351;11.388,16.307,0.431;2.960,12.039,1.245;7.017,4.180,2.098;3.118,13.109,0.771;8.750,14.656,0.293;12.054,15.768,0.340;6.525,14.215,2.145;18.779,11.767,1.747;2.514,1.369,0.425;17.179,11.793,0.662;3.419,1.387,1.237;16.737,3.377,0.319;8.526,9.392,0.816;6.185,17.996,0.315;15.205,3.276,0.387;13.718,9.006,1.672;9.759,14.760,0.817;6.998,9.793,1.267;8.603,3.362,1.204;18.237,12.002,1.803;5.279,17.177,2.469"
43,drone_9,18.3260,8.1164,17.0000,17.0000,"2.347,9.515,0.494;18.301,13.223,1.046;6.689,15.596,2.085;17.102,11.298,0.427;8.172,10.967,1.213;8.788,15.372,0.923;2.199,2.005,0.957;19.010,8.298,0.361;2.280,15.513,1.948;13.374,18.274,0.268;13.316,14.508,0.289;0.568,6.095,0.938;3.098,6.163,0.425;6.816,5.317,0.491;4.424,6.165,1.061;4.055,14.203,1.145;2.339,3.335,2.092;7.811,18.921,0.744;8.652,19.088,0.420;5.921,10.282,0.492;2.431,19.156,0.228;2.185,15.073,2.027;11.957,10.604,0.939;19.649,6.620,0.472;11.281,7.869,0.382;7.288,3.974,0.431;10.341,1.594,1.277;19.506,12.205,0.316;19.617,15.458,0.285;14.317,8.164,0.285;2.365,18.859,0.351;14.189,11.973,1.329;13.490,14.516,1.086;12.545,13.736,1.026;18.102,11.068,0.351;11.388,16.307,0.431;2.960,12.039,1.245;7.017,4.180,2.098;3.118,13.109,0.771;8.750,14.656,0.293;12.054,15.768,0.340;6.525,14.215,2.145;18.779,11.767,1.747;2.514,1.369,0.425;17.179,11.793,0.662;3.419,1.387,1.237;16.737,3.377,0.319;8.526,9.392,0.816;6.185,17.996,0.315;15.205,3.276,0.387;13.718,9.006,1.672;9.759,14.760,0.817;6.998,9.793,1.267;8.603,3.362,1.204;18.237,12.002,1.803;5.279,17.177,2.469"
44,drone_0,18.4440,9.0217,17.0000,17.0000,"2.347,9.515,0.494;18.301,13.223,1.046;6.689,15.596,2.085;17.102,11.298,0.427;8.172,10.967,1.213;8.788,15.372,0.923;2.199,2.005,0.957;19.010,8.298,0.361;2.280,15.513,1.948;13.374,18.274,0.268;13.316,14.508,0.289;0.568,6.095,0.938;3.098,6.163,0.425;6.816,5.317,0.491;4.424,6.165,1.061;4.055,14.203,1.145;2.339,3.335,2.092;7.811,18.921,0.744;8.652,19.088,0.420;5.921,10.282,0.492;2.431,19.156,0.228;2.185,15.073,2.027;11.957,10.604,0.939;19.649,6.620,0.472;11.281,7.869,0.382;7.288,3.974,0.431;10.341,1.594,1.277;19.506,12.205,0.316;19.617,15.458,0.285;14.317,8.164,0.285;2.365,18.859,0.351;14.189,11.973,1.329;13.490,14.516,1.086;12.545,13.736,1.026;18.102,11.068,0.351;11.388,16.307,0.431;2.960,12.039,1.245;7.017,4.180,2.098;3.118,13.109,0.771;8.750,14.656,0.293;12.054,15.768,0.340;6.525,14.215,2.145;18.779,11.767,1.747;2.514,1.369,0.425;17.179,11.793,0.662;3.419,1.387,1.237;16.737,3.377,0.319;8.526,9.392,0.816;6.185,17.996,0.315;15.205,3.276,0.387;13.718,9.006,1.672;9.759,14.760,0.817;6.998,9.793,1.267;8.603,3.362,1.204;18.237,12.002,1.803;5.279,17.177,2.469"
44,drone_3,16.7061,7.9386,17.0000,17.0000,"2.347,9.515,0.494;18.301,13.223,1.046;6.689,15.596,2.085;17.102,11.298,0.427;8.172,10.967,1.213;8.788,15.372,0.923;2.199,2.005,0.957;19.010,8.298,0.361;2.280,15.513,1.948;13.374,18.274,0.268;13.316,14.508,0.289;0.568,6.095,0.938;3.098,6.163,0.425;6.816,5.317,0.491;4.424,6.165,1.061;4.055,14.203,1.145;2.339,3.335,2.092;7.811,18.921,0.744;8.652,19.088,0.420;5.921,10.282,0.492;2.431,19.156,0.228;2.185,15.073,2.027;11.957,10.604,0.939;19.649,6.620,0.472;11.281,7.869,0.382;7.288,3.974,0.431;10.341,1.594,1.277;19.506,12.205,0.316;19.617,15.458,0.285;14.317,8.164,0.285;2.365,18.859,0.351;14.189,11.973,1.329;13.490,14.516,1.086;12.545,13.736,1.026;18.102,11.068,0.351;11.388,16.307,0.431;2.960,12.039,1.245;7.017,4.180,2.098;3.118,13.109,0.771;8.750,14.656,0.293;12.054,15.768,0.340;6.525,14.215,2.145;18.779,11.767,1.747;2.514,1.369,0.425;17.179,11.793,0.662;3.419,1.387,1.237;16.737,3.377,0.319;8.526,9.392,0.816;6.185,17.996,0.315;15.205,3.276,0.387;13.718,9.006,1.672;9.759,14.760,0.817;6.998,9.793,1.267;8.603,3.362,1.204;18.237,12.002,1.803;5.279,17.177,2.469"
44,drone_9,18.2555,8.3036,17.0000,17.0000,"2.347,9.515,0.494;18.301,13.223,1.046;6.689,15.596,2.085;17.102,11.298,0.427;8.172,10.967,1.213;8.788,15.372,0.923;2.199,2.005,0.957;19.010,8.298,0.361;2.280,15.513,1.948;13.374,18.274,0.268;13.316,14.508,0.289;0.568,6.095,0.938;3.098,6.163,0.425;6.816,5.317,0.491;4.424,6.165,1.061;4.055,14.203,1.145;2.339,3.335,2.092;7.811,18.921,0.744;8.652,19.088,0.420;5.921,10.282,0.492;2.431,19.156,0.228;2.185,15.073,2.027;11.957,10.604,0.939;19.649,6.620,0.472;11.281,7.869,0.382;7.288,3.974,0.431;10.341,1.594,1.277;19.506,12.205,0.316;19.617,15.458,0.285;14.317,8.164,0.285;2.365,18.859,0.351;14.189,11.973,1.329;13.490,14.516,1.086;12.545,13.736,1.026;18.102,11.068,0.351;11.388,16.307,0.431;2.960,12.039,1.245;7.017,4.180,2.098;3.118,13.109,0.771;8.750,14.656,0.293;12.054,15.768,0.340;6.525,14.215,2.145;18.779,11.767,1.747;2.514,1.369,0.425;17.179,11.793,0.662;3.419,1.387,1.237;16.737,3.377,0.319;8.526,9.392,0.816;6.185,17.996,0.315;15.205,3.276,0.387;13.718,9.006,1.672;9.759,14.760,0.817;6.998,9.793,1.267;8.603,3.362,1.204;18.237,12.002,1.803;5.279,17.177,2.469"
45,drone_0,18.5195,9.2069,17.0000,17.0000,"2.347,9.515,0.494;18.301,13.223,1.046;6.689,15.596,2.085;17.102,11.298,0.427;8.172,10.967,1.213;8.788,15.372,0.923;2.199,2.005,0.957;19.010,8.298,0.361;2.280,15.513,1.948;13.374,18.274,0.268;13.316,14.508,0.289;0.568,6.095,0.938;3.098,6.163,0.425;6.816,5.317,0.491;4.424,6.165,1.061;4.055,14.203,1.145;2.339,3.335,2.092;7.811,18.921,0.744;8.652,19.088,0.420;5.921,10.282,0.492;2.431,19.156,0.228;2.185,15.073,2.027;11.957,10.604,0.939;19.649,6.620,0.472;11.281,7.869,0.382;7.288,3.974,0.431;10.341,1.594,1.277;19.506,12.205,0.316;19.617,15.458,0.285;14.317,8.164,0.285;2.365,18.859,0.351;14.189,11.973,1.329;13.490,14.516,1.086;12.545,13.736,1.026;18.102,11.068,0.351;11.388,16.307,0.431;2.960,12.039,1.245;7.017,4.180,2.098;3.118,13.109,0.771;8.750,14.656,0.293;12.054,15.768,0.340;6.525,14.215,2.145;18.779,11.767,1.747;2.514,1.369,0.425;17.179,11.793,0.662;3.419,1.387,1.237;16.737,3.377,0.319;8.526,9.392,0.816;6.185,17.996,0.315;15.205,3.276,0.387;13.718,9.006,1.672;9.759,14.760,0.817;6.998,9.793,1.267;8.603,3.362,1.204;18.237,12.002,1.803;5.279,17.177,2.469"
45,drone_3,16.8063,8.1118,17.0000,17.0000,"2.347,9.515,0.494;18.301,13.223,1.046;6.689,15.596,2.085;17.102,11.298,0.427;8.172,10.967,1.213;8.788,15.372,0.923;2.199,2.005,0.957;19.010,8.298,0.361;2.280,15.513,1.948;13.374,18.274,0.268;13.316,14.508,0.289;0.568,6.095,0.938;3.098,6.163,0.425;6.816,5.317,0.491;4.424,6.165,1.061;4.055,14.203,1.145;2.339,3.335,2.092;7.811,18.921,0.744;8.652,19.088,0.420;5.921,10.282,0.492;2.431,19.156,0.228;2.185,15.073,2.027;11.957,10.604,0.939;19.649,6.620,0.472;11.281,7.869,0.382;7.288,3.974,0.431;10.341,1.594,1.277;19.506,12.205,0.316;19.617,15.458,0.285;14.317,8.164,0.285;2.365,18.859,0.351;14.189,11.973,1.329;13.490,14.516,1.086;12.545,13.736,1.026;18.102,11.068,0.351;11.388,16.307,0.431;2.960,12.039,1.245;7.017,4.180,2.098;3.118,13.109,0.771;8.750,14.656,0.293;12.054,15.768,0.340;6.525,14.215,2.145;18.779,11.767,1.747;2.514,1.369,0.425;17.179,11.793,0.662;3.419,1.387,1.237;16.737,3.377,0.319;8.526,9.392,0.816;6.185,17.996,0.315;15.205,3.276,0.387;13.718,9.006,1.672;9.759,14.760,0.817;6.998,9.793,1.267;8.603,3.362,1.204;18.237,12.002,1.803;5.279,17.177,2.469"
45,drone_9,18.1794,8.4885,17.0000,17.0000,"2.347,9.515,0.494;18.301,13.223,1.046;6.689,15.596,2.085;17.102,11.298,0.427;8.172,10.967,1.213;8.788,15.372,0.923;2.199,2.005,0.957;19.010,8.298,0.361;2.280,15.513,1.948;13.374,18.274,0.268;13.316,14.508,0.289;0.568,6.095,0.938;3.098,6.163,0.425;6.816,5.317,0.491;4.424,6.165,1.061;4.055,14.203,1.145;2.339,3.335,2.092;7.811,18.921,0.744;8.652,19.088,0.420;5.921,10.282,0.492;2.431,19.156,0.228;2.185,15.073,2.027;11.957,10.604,0.939;19.649,6.620,0.472;11.281,7.869,0.382;7.288,3.974,0.431;10.341,1.594,1.277;19.506,12.205,0.316;19.617,15.458,0.285;14.317,8.164,0.285;2.365,18.859,0.351;14.189,11.973,1.329;13.490,14.516,1.086;12.545,13.736,1.026;18.102,11.068,0.351;11.388,16.307,0.431;2.960,12.039,1.245;7.017,4.180,2.098;3.118,13.109,0.771;8.750,14.656,0.293;12.054,15.768,0.340;6.525,14.215,2.145;18.779,11.767,1.747;2.514,1.369,0.425;17.179,11.793,0.662;3.419,1.387,1.237;16.737,3.377,0.319;8.526,9.392,0.816;6.185,17.996,0.315;15.205,3.276,0.387;13.718,9.006,1.672;9.759,14.760,0.817;6.998,9.793,1.267;8.603,3.362,1.204;18.237,12.002,1.803;5.279,17.177,2.469"
46,drone_0,18.5915,9.3935,17.0000,17.0000,"2.347,9.515,0.494;18.301,13.223,1.046;6.689,15.596,2.085;17.102,11.298,0.427;8.172,10.967,1.213;8.788,15.372,0.923;2.199,2.005,0.957;19.010,8.298,0.361;2.280,15.513,1.948;13.374,18.274,0.268;13.316,14.508,0.289;0.568,6.095,0.938;3.098,6.163,0.425;6.816,5.317,0.491;4.424,6.165,1.061;4.055,14.203,1.145;2.339,3.335,2.092;7.811,18.921,0.744;8.652,19.088,0.420;5.921,10.282,0.492;2.431,19.156,0.228;2.185,15.073,2.027;11.957,10.604,0.939;19.649,6.620,0.472;11.281,7.869,0.382;7.288,3.974,0.431;10.341,1.594,1.277;19.506,12.205,0.316;19.617,15.458,0.285;14.317,8.164,0.285;2.365,18.859,0.351;14.189,11.973,1.329;13.490,14.516,1.086;12.545,13.736,1.026;18.102,11.068,0.351;11.388,16.307,0.431;2.960,12.039,1.245;7.017,4.180,2.098;3.118,13.109,0.771;8.750,14.656,0.293;12.054,15.768,0.340;6.525,14.215,2.145;18.779,11.767,1.747;2.514,1.369,0.425;17.179,11.793,0.662;3.419,1.387,1.237;16.737,3.377,0.319;8.526,9.392,0.816;6.185,17.996,0.315;15.205,3.276,0.387;13.718,9.006,1.672;9.759,14.760,0.817;6.998,9.793,1.267;8.603,3.362,1.204;18.237,12.002,1.803;5.279,17.177,2.469"
46,drone_3,16.8827,8.2966,17.0000,17.0000,"2.347,9.515,0.494;18.301,13.223,1.046;6.689,15.596,2.085;17.102,11.298,0.427;8.172,10.967,1.213;8.788,15.372,0.923;2.199,2.005,0.957;19.010,8.298,0.361;2.280,15.513,1.948;13.374,18.274,0.268;13.316,14.508,0.289;0.568,6.095,0.938;3.098,6.163,0.425;6.816,5.317,0.491;4.424,6.165,1.061;4.055,14.203,1.145;2.339,3.335,2.092;7.811,18.921,0.744;8.652,19.088,0.420;5.921,10.282,0.492;2.431,19.156,0.228;2.185,15.073,2.027;11.957,10.604,0.939;19.649,6.620,0.472;11.281,7.869,0.382;7.288,3.974,0.431;10.341,1.594,1.277;19.506,12.205,0.316;19.617,15.458,0.285;14.317,8.164,0.285;2.365,18.859,0.351;14.189,11.973,1.329;13.490,14.516,1.086;12.545,13.736,1.026;18.102,11.068,0.351;11.388,16.307,0.431;2.960,12.039,1.245;7.017,4.180,2.098;3.118,13.109,0.771;8.750,14.656,0.293;12.054,15.768,0.340;6.525,14.215,2.145;18.779,11.767,1.747;2.514,1.369,0.425;17.179,11.793,0.662;3.419,1.387,1.237;16.737,3.377,0.319;8.526,9.392,0.816;6.185,17.996,0.315;15.205,3.276,0.387;13.718,9.006,1.672;9.759,14.760,0.817;6.998,9.793,1.267;8.603,3.362,1.204;18.237,12.002,1.803;5.279,17.177,2.469"
46,drone_9,18.1055,8.6744,17.0000,17.0000,"2.347,9.515,0.494;18.301,13.223,1.046;6.689,15.596,2.085;17.102,11.298,0.427;8.172,10.967,1.213;8.788,15.372,0.923;2.199,2.005,0.957;19.010,8.298,0.361;2.280,15.513,1.948;13.374,18.274,0.268;13.316,14.508,0.289;0.568,6.095,0.938;3.098,6.163,0.425;6.816,5.317,0.491;4.424,6.165,1.061;4.055,14.203,1.145;2.339,3.335,2.092;7.811,18.921,0.744;8.652,19.088,0.420;5.921,10.282,0.492;2.431,19.156,0.228;2.185,15.073,2.027;11.957,10.604,0.939;19.649,6.620,0.472;11.281,7.869,0.382;7.288,3.974,0.431;10.341,1.594,1.277;19.506,12.205,0.316;19.617,15.458,0.285;14.317,8.164,0.285;2.365,18.859,0.351;14.189,11.973,1.329;13.490,14.516,1.086;12.545,13.736,1.026;18.102,11.068,0.351;11.388,16.307,0.431;2.960,12.039,1.245;7.017,4.180,2.098;3.118,13.109,0.771;8.750,14.656,0.293;12.054,15.768,0.340;6.525,14.215,2.145;18.779,11.767,1.747;2.514,1.369,0.425;17.179,11.793,0.662;3.419,1.387,1.237;16.737,3.377,0.319;8.526,9.392,0.816;6.185,17.996,0.315;15.205,3.276,0.387;13.718,9.006,1.672;9.759,14.760,0.817;6.998,9.793,1.267;8.603,3.362,1.204;18.237,12.002,1.803;5.279,17.177,2.469"
47,drone_0,18.6660,9.5791,17.0000,17.0000,"2.347,9.515,0.494;18.301,13.223,1.046;6.689,15.596,2.085;17.102,11.298,0.427;8.172,10.967,1.213;8.788,15.372,0.923;2.199,2.005,0.957;19.010,8.298,0.361;2.280,15.513,1.948;13.374,18.274,0.268;13.316,14.508,0.289;0.568,6.095,0.938;3.098,6.163,0.425;6.816,5.317,0.491;4.424,6.165,1.061;4.055,14.203,1.145;2.339,3.335,2.092;7.811,18.921,0.744;8.652,19.088,0.420;5.921,10.282,0.492;2.431,19.156,0.228;2.185,15.073,2.027;11.957,10.604,0.939;19.649,6.620,0.472;11.281,7.869,0.382;7.288,3.974,0.431;10.341,1.594,1.277;19.506,12.205,0.316;19.617,15.458,0.285;14.317,8.164,0.285;2.365,18.859,0.351;14.189,11.973,1.329;13.490,14.516,1.086;12.545,13.736,1.026;18.102,11.068,0.351;11.388,16.307,0.431;2.960,12.039,1.245;7.017,4.180,2.098;3.118,13.109,0.771;8.750,14.656,0.293;12.054,15.768,0.340;6.525,14.215,2.145;18.779,11.767,1.747;2.514,1.369,0.425;17.179,11.793,0.662;3.419,1.387,1.237;16.737,3.377,0.319;8.526,9.392,0.816;6.185,17.996,0.315;15.205,3.276,0.387;13.718,9.006,1.672;9.759,14.760,0.817;6.998,9.793,1.267;8.603,3.362,1.204;18.237,12.002,1.803;5.279,17.177,2.469"
47,drone_3,16.9412,8.4878,17.0000,17.0000,"2.347,9.515,0.494;18.301,13.223,1.046;6.689,15.596,2.085;17.102,11.298,0.427;8.172,10.967,1.213;8.788,15.372,0.923;2.199,2.005,0.957;19.010,8.298,0.361;2.280,15.513,1.948;13.374,18.274,0.268;13.316,14.508,0.289;0.568,6.095,0.938;3.098,6.163,0.425;6.816,5.317,0.491;4.424,6.165,1.061;4.055,14.203,1.145;2.339,3.335,2.092;7.811,18.921,0.744;8.652,19.088,0.420;5.921,10.282,0.492;2.431,19.156,0.228;2.185,15.073,2.027;11.957,10.604,0.939;19.649,6.620,0.472;11.281,7.869,0.382;7.288,3.974,0.431;10.341,1.594,1.277;19.506,12.205,0.316;19.617,15.458,0.285;14.317,8.164,0.285;2.365,18.859,0.351;14.189,11.973,1.329;13.490,14.516,1.086;12.545,13.736,1.026;18.102,11.068,0.351;11.388,16.307,0.431;2.960,12.039,1.245;7.017,4.180,2.098;3.118,13.109,0.771;8.750,14.656,0.293;12.054,15.768,0.340;6.525,14.215,2.145;18.779,11.767,1.747;2.514,1.369,0.425;17.179,11.793,0.662;3.419,1.387,1.237;16.737,3.377,0.319;8.526,9.392,0.816;6.185,17.996,0.315;15.205,3.276,0.387;13.718,9.006,1.672;9.759,14.760,0.817;6.998,9.793,1.267;8.603,3.362,1.204;18.237,12.002,1.803;5.279,17.177,2.469"
47,drone_9,18.0407,8.8636,17.0000,17.0000,"2.347,9.515,0.494;18.301,13.223,1.046;6.689,15.596,2.085;17.102,11.298,0.427;8.172,10.967,1.213;8.788,15.372,0.923;2.199,2.005,0.957;19.010,8.298,0.361;2.280,15.513,1.948;13.374,18.274,0.268;13.316,14.508,0.289;0.568,6.095,0.938;3.098,6.163,0.425;6.816,5.317,0.491;4.424,6.165,1.061;4.055,14.203,1.145;2.339,3.335,2.092;7.811,18.921,0.744;8.652,19.088,0.420;5.921,10.282,0.492;2.431,19.156,0.228;2.185,15.073,2.027;11.957,10.604,0.939;19.649,6.620,0.472;11.281,7.869,0.382;7.288,3.974,0.431;10.341,1.594,1.277;19.506,12.205,0.316;19.617,15.458,0.285;14.317,8.164,0.285;2.365,18.859,0.351;14.189,11.973,1.329;13.490,14.516,1.086;12.545,13.736,1.026;18.102,11.068,0.351;11.388,16.307,0.431;2.960,12.039,1.245;7.017,4.180,2.098;3.118,13.109,0.771;8.750,14.656,0.293;12.054,15.768,0.340;6.525,14.215,2.145;18.779,11.767,1.747;2.514,1.369,0.425;17.179,11.793,0.662;3.419,1.387,1.237;16.737,3.377,0.319;8.526,9.392,0.816;6.185,17.996,0.315;15.205,3.276,0.387;13.718,9.006,1.672;9.759,14.760,0.817;6.998,9.793,1.267;8.603,3.362,1.204;18.237,12.002,1.803;5.279,17.177,2.469"
48,drone_0,18.7616,9.7548,17.0000,17.0000,"2.347,9.515,0.494;18.301,13.223,1.046;6.689,15.596,2.085;17.102,11.298,0.427;8.172,10.967,1.213;8.788,15.372,0.923;2.199,2.005,0.957;19.010,8.298,0.361;2.280,15.513,1.948;13.374,18.274,0.268;13.316,14.508,0.289;0.568,6.095,0.938;3.098,6.163,0.425;6.816,5.317,0.491;4.424,6.165,1.061;4.055,14.203,1.145;2.339,3.335,2.092;7.811,18.921,0.744;8.652,19.088,0.420;5.921,10.282,0.492;2.431,19.156,0.228;2.185,15.073,2.027;11.957,10.604,0.939;19.649,6.620,0.472;11.281,7.869,0.382;7.288,3.974,0.431;10.341,1.594,1.277;19.506,12.205,0.316;19.617,15.458,0.285;14.317,8.164,0.285;2.365,18.859,0.351;14.189,11.973,1.329;13.490,14.516,1.086;12.545,13.736,1.026;18.102,11.068,0.351;11.388,16.307,0.431;2.960,12.039,1.245;7.017,4.180,2.098;3.118,13.109,0.771;8.750,14.656,0.293;12.054,15.768,0.340;6.525,14.215,2.145;18.779,11.767,1.747;2.514,1.369,0.425;17.179,11.793,0.662;3.419,1.387,1.237;16.737,3.377,0.319;8.526,9.392,0.816;6.185,17.996,0.315;15.205,3.276,0.387;13.718,9.006,1.672;9.759,14.760,0.817;6.998,9.793,1.267;8.603,3.362,1.204;18.237,12.002,1.803;5.279,17.177,2.469"
48,drone_3,16.9861,8.6827,17.0000,17.0000,"2.347,9.515,0.494;18.301,13.223,1.046;6.689,15.596,2.085;17.102,11.298,0.427;8.172,10.967,1.213;8.788,15.372,0.923;2.199,2.005,0.957;19.010,8.298,0.361;2.280,15.513,1.948;13.374,18.274,0.268;13.316,14.508,0.289;0.568,6.095,0.938;3.098,6.163,0.425;6.816,5.317,0.491;4.424,6.165,1.061;4.055,14.203,1.145;2.339,3.335,2.092;7.811,18.921,0.744;8.652,19.088,0.420;5.921,10.282,0.492;2.431,19.156,0.228;2.185,15.073,2.027;11.957,10.604,0.939;19.649,6.620,0.472;11.281,7.869,0.382;7.288,3.974,0.431;10.341,1.594,1.277;19.506,12.205,0.316;19.617,15.458,0.285;14.317,8.164,0.285;2.365,18.859,0.351;14.189,11.973,1.329;13.490,14.516,1.086;12.545,13.736,1.026;18.102,11.068,0.351;11.388,16.307,0.431;2.960,12.039,1.245;7.017,4.180,2.098;3.118,13.109,0.771;8.750,14.656,0.293;12.054,15.768,0.340;6.525,14.215,2.145;18.779,11.767,1.747;2.514,1.369,0.425;17.179,11.793,0.662;3.419,1.387,1.237;16.737,3.377,0.319;8.526,9.392,0.816;6.185,17.996,0.315;15.205,3.276,0.387;13.718,9.006,1.672;9.759,14.760,0.817;6.998,9.793,1.267;8.603,3.362,1.204;18.237,12.002,1.803;5.279,17.177,2.469"
48,drone_9,17.9837,9.0553,17.0000,17.0000,"2.347,9.515,0.494;18.301,13.223,1.046;6.689,15.596,2.085;17.102,11.298,0.427;8.172,10.967,1.213;8.788,15.372,0.923;2.199,2.005,0.957;19.010,8.298,0.361;2.280,15.513,1.948;13.374,18.274,0.268;13.316,14.508,0.289;0.568,6.095,0.938;3.098,6.163,0.425;6.816,5.317,0.491;4.424,6.165,1.061;4.055,14.203,1.145;2.339,3.335,2.092;7.811,18.921,0.744;8.652,19.088,0.420;5.921,10.282,0.492;2.431,19.156,0.228;2.185,15.073,2.027;11.957,10.604,0.939;19.649,6.620,0.472;11.281,7.869,0.382;7.288,3.974,0.431;10.341,1.594,1.277;19.506,12.205,0.316;19.617,15.458,0.285;14.317,8.164,0.285;2.365,18.859,0.351;14.189,11.973,1.329;13.490,14.516,1.086;12.545,13.736,1.026;18.102,11.068,0.351;11.388,16.307,0.431;2.960,12.039,1.245;7.017,4.180,2.098;3.118,13.109,0.771;8.750,14.656,0.293;12.054,15.768,0.340;6.525,14.215,2.145;18.779,11.767,1.747;2.514,1.369,0.425;17.179,11.793,0.662;3.419,1.387,1.237;16.737,3.377,0.319;8.526,9.392,0.816;6.185,17.996,0.315;15.205,3.276,0.387;13.718,9.006,1.672;9.759,14.760,0.817;6.998,9.793,1.267;8.603,3.362,1.204;18.237,12.002,1.803;5.279,17.177,2.469"
49,drone_0,-100.0000,-100.0000,17.0000,17.0000,"2.347,9.515,0.494;18.301,13.223,1.046;6.689,15.596,2.085;17.102,11.298,0.427;8.172,10.967,1.213;8.788,15.372,0.923;2.199,2.005,0.957;19.010,8.298,0.361;2.280,15.513,1.948;13.374,18.274,0.268;13.316,14.508,0.289;0.568,6.095,0.938;3.098,6.163,0.425;6.816,5.317,0.491;4.424,6.165,1.061;4.055,14.203,1.145;2.339,3.335,2.092;7.811,18.921,0.744;8.652,19.088,0.420;5.921,10.282,0.492;2.431,19.156,0.228;2.185,15.073,2.027;11.957,10.604,0.939;19.649,6.620,0.472;11.281,7.869,0.382;7.288,3.974,0.431;10.341,1.594,1.277;19.506,12.205,0.316;19.617,15.458,0.285;14.317,8.164,0.285;2.365,18.859,0.351;14.189,11.973,1.329;13.490,14.516,1.086;12.545,13.736,1.026;18.102,11.068,0.351;11.388,16.307,0.431;2.960,12.039,1.245;7.017,4.180,2.098;3.118,13.109,0.771;8.750,14.656,0.293;12.054,15.768,0.340;6.525,14.215,2.145;18.779,11.767,1.747;2.514,1.369,0.425;17.179,11.793,0.662;3.419,1.387,1.237;16.737,3.377,0.319;8.526,9.392,0.816;6.185,17.996,0.315;15.205,3.276,0.387;13.718,9.006,1.672;9.759,14.760,0.817;6.998,9.793,1.267;8.603,3.362,1.204;18.237,12.002,1.803;5.279,17.177,2.469"
49,drone_3,17.0192,8.8800,17.0000,17.0000,"2.347,9.515,0.494;18.301,13.223,1.046;6.689,15.596,2.085;17.102,11.298,0.427;8.172,10.967,1.213;8.788,15.372,0.923;2.199,2.005,0.957;19.010,8.298,0.361;2.280,15.513,1.948;13.374,18.274,0.268;13.316,14.508,0.289;0.568,6.095,0.938;3.098,6.163,0.425;6.816,5.317,0.491;4.424,6.165,1.061;4.055,14.203,1.145;2.339,3.335,2.092;7.811,18.921,0.744;8.652,19.088,0.420;5.921,10.282,0.492;2.431,19.156,0.228;2.185,15.073,2.027;11.957,10.604,0.939;19.649,6.620,0.472;11.281,7.869,0.382;7.288,3.974,0.431;10.341,1.594,1.277;19.506,12.205,0.316;19.617,15.458,0.285;14.317,8.164,0.285;2.365,18.859,0.351;14.189,11.973,1.329;13.490,14.516,1.086;12.545,13.736,1.026;18.102,11.068,0.351;11.388,16.307,0.431;2.960,12.039,1.245;7.017,4.180,2.098;3.118,13.109,0.771;8.750,14.656,0.293;12.054,15.768,0.340;6.525,14.215,2.145;18.779,11.767,1.747;2.514,1.369,0.425;17.179,11.793,0.662;3.419,1.387,1.237;16.737,3.377,0.319;8.526,9.392,0.816;6.185,17.996,0.315;15.205,3.276,0.387;13.718,9.006,1.672;9.759,14.760,0.817;6.998,9.793,1.267;8.603,3.362,1.204;18.237,12.002,1.803;5.279,17.177,2.469"
49,drone_9,17.9453,9.2516,17.0000,17.0000,"2.347,9.515,0.494;18.301,13.223,1.046;6.689,15.596,2.085;17.102,11.298,0.427;8.172,10.967,1.213;8.788,15.372,0.923;2.199,2.005,0.957;19.010,8.298,0.361;2.280,15.513,1.948;13.374,18.274,0.268;13.316,14.508,0.289;0.568,6.095,0.938;3.098,6.163,0.425;6.816,5.317,0.491;4.424,6.165,1.061;4.055,14.203,1.145;2.339,3.335,2.092;7.811,18.921,0.744;8.652,19.088,0.420;5.921,10.282,0.492;2.431,19.156,0.228;2.185,15.073,2.027;11.957,10.604,0.939;19.649,6.620,0.472;11.281,7.869,0.382;7.288,3.974,0.431;10.341,1.594,1.277;19.506,12.205,0.316;19.617,15.458,0.285;14.317,8.164,0.285;2.365,18.859,0.351;14.189,11.973,1.329;13.490,14.516,1.086;12.545,13.736,1.026;18.102,11.068,0.351;11.388,16.307,0.431;2.960,12.039,1.245;7.017,4.180,2.098;3.118,13.109,0.771;8.750,14.656,0.293;12.054,15.768,0.340;6.525,14.215,2.145;18.779,11.767,1.747;2.514,1.369,0.425;17.179,11.793,0.662;3.419,1.387,1.237;16.737,3.377,0.319;8.526,9.392,0.816;6.185,17.996,0.315;15.205,3.276,0.387;13.718,9.006,1.672;9.759,14.760,0.817;6.998,9.793,1.267;8.603,3.362,1.204;18.237,12.002,1.803;5.279,17.177,2.469"
50,drone_3,17.0411,9.0788,17.0000,17.0000,"2.347,9.515,0.494;18.301,13.223,1.046;6.689,15.596,2.085;17.102,11.298,0.427;8.172,10.967,1.213;8.788,15.372,0.923;2.199,2.005,0.957;19.010,8.298,0.361;2.280,15.513,1.948;13.374,18.274,0.268;13.316,14.508,0.289;0.568,6.095,0.938;3.098,6.163,0.425;6.816,5.317,0.491;4.424,6.165,1.061;4.055,14.203,1.145;2.339,3.335,2.092;7.811,18.921,0.744;8.652,19.088,0.420;5.921,10.282,0.492;2.431,19.156,0.228;2.185,15.073,2.027;11.957,10.604,0.939;19.649,6.620,0.472;11.281,7.869,0.382;7.288,3.974,0.431;10.341,1.594,1.277;19.506,12.205,0.316;19.617,15.458,0.285;14.317,8.164,0.285;2.365,18.859,0.351;14.189,11.973,1.329;13.490,14.516,1.086;12.545,13.736,1.026;18.102,11.068,0.351;11.388,16.307,0.431;2.960,12.039,1.245;7.017,4.180,2.098;3.118,13.109,0.771;8.750,14.656,0.293;12.054,15.768,0.340;6.525,14.215,2.145;18.779,11.767,1.747;2.514,1.369,0.425;17.179,11.793,0.662;3.419,1.387,1.237;16.737,3.377,0.319;8.526,9.392,0.816;6.185,17.996,0.315;15.205,3.276,0.387;13.718,9.006,1.672;9.759,14.760,0.817;6.998,9.793,1.267;8.603,3.362,1.204;18.237,12.002,1.803;5.279,17.177,2.469"
50,drone_9,17.9108,9.4486,17.0000,17.0000,"2.347,9.515,0.494;18.301,13.223,1.046;6.689,15.596,2.085;17.102,11.298,0.427;8.172,10.967,1.213;8.788,15.372,0.923;2.199,2.005,0.957;19.010,8.298,0.361;2.280,15.513,1.948;13.374,18.274,0.268;13.316,14.508,0.289;0.568,6.095,0.938;3.098,6.163,0.425;6.816,5.317,0.491;4.424,6.165,1.061;4.055,14.203,1.145;2.339,3.335,2.092;7.811,18.921,0.744;8.652,19.088,0.420;5.921,10.282,0.492;2.431,19.156,0.228;2.185,15.073,2.027;11.957,10.604,0.939;19.649,6.620,0.472;11.281,7.869,0.382;7.288,3.974,0.431;10.341,1.594,1.277;19.506,12.205,0.316;19.617,15.458,0.285;14.317,8.164,0.285;2.365,18.859,0.351;14.189,11.973,1.329;13.490,14.516,1.086;12.545,13.736,1.026;18.102,11.068,0.351;11.388,16.307,0.431;2.960,12.039,1.245;7.017,4.180,2.098;3.118,13.109,0.771;8.750,14.656,0.293;12.054,15.768,0.340;6.525,14.215,2.145;18.779,11.767,1.747;2.514,1.369,0.425;17.179,11.793,0.662;3.419,1.387,1.237;16.737,3.377,0.319;8.526,9.392,0.816;6.185,17.996,0.315;15.205,3.276,0.387;13.718,9.006,1.672;9.759,14.760,0.817;6.998,9.793,1.267;8.603,3.362,1.204;18.237,12.002,1.803;5.279,17.177,2.469"
51,drone_3,17.0782,9.2753,17.0000,17.0000,"2.347,9.515,0.494;18.301,13.223,1.046;6.689,15.596,2.085;17.102,11.298,0.427;8.172,10.967,1.213;8.788,15.372,0.923;2.199,2.005,0.957;19.010,8.298,0.361;2.280,15.513,1.948;13.374,18.274,0.268;13.316,14.508,0.289;0.568,6.095,0.938;3.098,6.163,0.425;6.816,5.317,0.491;4.424,6.165,1.061;4.055,14.203,1.145;2.339,3.335,2.092;7.811,18.921,0.744;8.652,19.088,0.420;5.921,10.282,0.492;2.431,19.156,0.228;2.185,15.073,2.027;11.957,10.604,0.939;19.649,6.620,0.472;11.281,7.869,0.382;7.288,3.974,0.431;10.341,1.594,1.277;19.506,12.205,0.316;19.617,15.458,0.285;14.317,8.164,0.285;2.365,18.859,0.351;14.189,11.973,1.329;13.490,14.516,1.086;12.545,13.736,1.026;18.102,11.068,0.351;11.388,16.307,0.431;2.960,12.039,1.245;7.017,4.180,2.098;3.118,13.109,0.771;8.750,14.656,0.293;12.054,15.768,0.340;6.525,14.215,2.145;18.779,11.767,1.747;2.514,1.369,0.425;17.179,11.793,0.662;3.419,1.387,1.237;16.737,3.377,0.319;8.526,9.392,0.816;6.185,17.996,0.315;15.205,3.276,0.387;13.718,9.006,1.672;9.759,14.760,0.817;6.998,9.793,1.267;8.603,3.362,1.204;18.237,12.002,1.803;5.279,17.177,2.469"
51,drone_9,17.8435,9.6369,17.0000,17.0000,"2.347,9.515,0.494;18.301,13.223,1.046;6.689,15.596,2.085;17.102,11.298,0.427;8.172,10.967,1.213;8.788,15.372,0.923;2.199,2.005,0.957;19.010,8.298,0.361;2.280,15.513,1.948;13.374,18.274,0.268;13.316,14.508,0.289;0.568,6.095,0.938;3.098,6.163,0.425;6.816,5.317,0.491;4.424,6.165,1.061;4.055,14.203,1.145;2.339,3.335,2.092;7.811,18.921,0.744;8.652,19.088,0.420;5.921,10.282,0.492;2.431,19.156,0.228;2.185,15.073,2.027;11.957,10.604,0.939;19.649,6.620,0.472;11.281,7.869,0.382;7.288,3.974,0.431;10.341,1.594,1.277;19.506,12.205,0.316;19.617,15.458,0.285;14.317,8.164,0.285;2.365,18.859,0.351;14.189,11.973,1.329;13.490,14.516,1.086;12.545,13.736,1.026;18.102,11.068,0.351;11.388,16.307,0.431;2.960,12.039,1.245;7.017,4.180,2.098;3.118,13.109,0.771;8.750,14.656,0.293;12.054,15.768,0.340;6.525,14.215,2.145;18.779,11.767,1.747;2.514,1.369,0.425;17.179,11.793,0.662;3.419,1.387,1.237;16.737,3.377,0.319;8.526,9.392,0.816;6.185,17.996,0.315;15.205,3.276,0.387;13.718,9.006,1.672;9.759,14.760,0.817;6.998,9.793,1.267;8.603,3.362,1.204;18.237,12.002,1.803;5.279,17.177,2.469"
52,drone_3,17.1215,9.4706,17.0000,17.0000,"2.347,9.515,0.494;18.301,13.223,1.046;6.689,15.596,2.085;17.102,11.298,0.427;8.172,10.967,1.213;8.788,15.372,0.923;2.199,2.005,0.957;19.010,8.298,0.361;2.280,15.513,1.948;13.374,18.274,0.268;13.316,14.508,0.289;0.568,6.095,0.938;3.098,6.163,0.425;6.816,5.317,0.491;4.424,6.165,1.061;4.055,14.203,1.145;2.339,3.335,2.092;7.811,18.921,0.744;8.652,19.088,0.420;5.921,10.282,0.492;2.431,19.156,0.228;2.185,15.073,2.027;11.957,10.604,0.939;19.649,6.620,0.472;11.281,7.869,0.382;7.288,3.974,0.431;10.341,1.594,1.277;19.506,12.205,0.316;19.617,15.458,0.285;14.317,8.164,0.285;2.365,18.859,0.351;14.189,11.973,1.329;13.490,14.516,1.086;12.545,13.736,1.026;18.102,11.068,0.351;11.388,16.307,0.431;2.960,12.039,1.245;7.017,4.180,2.098;3.118,13.109,0.771;8.750,14.656,0.293;12.054,15.768,0.340;6.525,14.215,2.145;18.779,11.767,1.747;2.514,1.369,0.425;17.179,11.793,0.662;3.419,1.387,1.237;16.737,3.377,0.319;8.526,9.392,0.816;6.185,17.996,0.315;15.205,3.276,0.387;13.718,9.006,1.672;9.759,14.760,0.817;6.998,9.793,1.267;8.603,3.362,1.204;18.237,12.002,1.803;5.279,17.177,2.469"
52,drone_9,17.7652,9.8210,17.0000,17.0000,"2.347,9.515,0.494;18.301,13.223,1.046;6.689,15.596,2.085;17.102,11.298,0.427;8.172,10.967,1.213;8.788,15.372,0.923;2.199,2.005,0.957;19.010,8.298,0.361;2.280,15.513,1.948;13.374,18.274,0.268;13.316,14.508,0.289;0.568,6.095,0.938;3.098,6.163,0.425;6.816,5.317,0.491;4.424,6.165,1.061;4.055,14.203,1.145;2.339,3.335,2.092;7.811,18.921,0.744;8.652,19.088,0.420;5.921,10.282,0.492;2.431,19.156,0.228;2.185,15.073,2.027;11.957,10.604,0.939;19.649,6.620,0.472;11.281,7.869,0.382;7.288,3.974,0.431;10.341,1.594,1.277;19.506,12.205,0.316;19.617,15.458,0.285;14.317,8.164,0.285;2.365,18.859,0.351;14.189,11.973,1.329;13.490,14.516,1.086;12.545,13.736,1.026;18.102,11.068,0.351;11.388,16.307,0.431;2.960,12.039,1.245;7.017,4.180,2.098;3.118,13.109,0.771;8.750,14.656,0.293;12.054,15.768,0.340;6.525,14.215,2.145;18.779,11.767,1.747;2.514,1.369,0.425;17.179,11.793,0.662;3.419,1.387,1.237;16.737,3.377,0.319;8.526,9.392,0.816;6.185,17.996,0.315;15.205,3.276,0.387;13.718,9.006,1.672;9.759,14.760,0.817;6.998,9.793,1.267;8.603,3.362,1.204;18.237,12.002,1.803;5.279,17.177,2.469"
53,drone_3,17.1716,9.6642,17.0000,17.0000,"2.347,9.515,0.494;18.301,13.223,1.046;6.689,15.596,2.085;17.102,11.298,0.427;8.172,10.967,1.213;8.788,15.372,0.923;2.199,2.005,0.957;19.010,8.298,0.361;2.280,15.513,1.948;13.374,18.274,0.268;13.316,14.508,0.289;0.568,6.095,0.938;3.098,6.163,0.425;6.816,5.317,0.491;4.424,6.165,1.061;4.055,14.203,1.145;2.339,3.335,2.092;7.811,18.921,0.744;8.652,19.088,0.420;5.921,10.282,0.492;2.431,19.156,0.228;2.185,15.073,2.027;11.957,10.604,0.939;19.649,6.620,0.472;11.281,7.869,0.382;7.288,3.974,0.431;10.341,1.594,1.277;19.506,12.205,0.316;19.617,15.458,0.285;14.317,8.164,0.285;2.365,18.859,0.351;14.189,11.973,1.329;13.490,14.516,1.086;12.545,13.736,1.026;18.102,11.068,0.351;11.388,16.307,0.431;2.960,12.039,1.245;7.017,4.180,2.098;3.118,13.109,0.771;8.750,14.656,0.293;12.054,15.768,0.340;6.525,14.215,2.145;18.779,11.767,1.747;2.514,1.369,0.425;17.179,11.793,0.662;3.419,1.387,1.237;16.737,3.377,0.319;8.526,9.392,0.816;6.185,17.996,0.315;15.205,3.276,0.387;13.718,9.006,1.672;9.759,14.760,0.817;6.998,9.793,1.267;8.603,3.362,1.204;18.237,12.002,1.803;5.279,17.177,2.469"
53,drone_9,17.6823,10.0030,17.0000,17.0000,"2.347,9.515,0.494;18.301,13.223,1.046;6.689,15.596,2.085;17.102,11.298,0.427;8.172,10.967,1.213;8.788,15.372,0.923;2.199,2.005,0.957;19.010,8.298,0.361;2.280,15.513,1.948;13.374,18.274,0.268;13.316,14.508,0.289;0.568,6.095,0.938;3.098,6.163,0.425;6.816,5.317,0.491;4.424,6.165,1.061;4.055,14.203,1.145;2.339,3.335,2.092;7.811,18.921,0.744;8.652,19.088,0.420;5.921,10.282,0.492;2.431,19.156,0.228;2.185,15.073,2.027;11.957,10.604,0.939;19.649,6.620,0.472;11.281,7.869,0.382;7.288,3.974,0.431;10.341,1.594,1.277;19.506,12.205,0.316;19.617,15.458,0.285;14.317,8.164,0.285;2.365,18.859,0.351;14.189,11.973,1.329;13.490,14.516,1.086;12.545,13.736,1.026;18.102,11.068,0.351;11.388,16.307,0.431;2.960,12.039,1.245;7.017,4.180,2.098;3.118,13.109,0.771;8.750,14.656,0.293;12.054,15.768,0.340;6.525,14.215,2.145;18.779,11.767,1.747;2.514,1.369,0.425;17.179,11.793,0.662;3.419,1.387,1.237;16.737,3.377,0.319;8.526,9.392,0.816;6.185,17.996,0.315;15.205,3.276,0.387;13.718,9.006,1.672;9.759,14.760,0.817;6.998,9.793,1.267;8.603,3.362,1.204;18.237,12.002,1.803;5.279,17.177,2.469"
54,drone_3,17.2269,9.8564,17.0000,17.0000,"2.347,9.515,0.494;18.301,13.223,1.046;6.689,15.596,2.085;17.102,11.298,0.427;8.172,10.967,1.213;8.788,15.372,0.923;2.199,2.005,0.957;19.010,8.298,0.361;2.280,15.513,1.948;13.374,18.274,0.268;13.316,14.508,0.289;0.568,6.095,0.938;3.098,6.163,0.425;6.816,5.317,0.491;4.424,6.165,1.061;4.055,14.203,1.145;2.339,3.335,2.092;7.811,18.921,0.744;8.652,19.088,0.420;5.921,10.282,0.492;2.431,19.156,0.228;2.185,15.073,2.027;11.957,10.604,0.939;19.649,6.620,0.472;11.281,7.869,0.382;7.288,3.974,0.431;10.341,1.594,1.277;19.506,12.205,0.316;19.617,15.458,0.285;14.317,8.164,0.285;2.365,18.859,0.351;14.189,11.973,1.329;13.490,14.516,1.086;12.545,13.736,1.026;18.102,11.068,0.351;11.388,16.307,0.431;2.960,12.039,1.245;7.017,4.180,2.098;3.118,13.109,0.771;8.750,14.656,0.293;12.054,15.768,0.340;6.525,14.215,2.145;18.779,11.767,1.747;2.514,1.369,0.425;17.179,11.793,0.662;3.419,1.387,1.237;16.737,3.377,0.319;8.526,9.392,0.816;6.185,17.996,0.315;15.205,3.276,0.387;13.718,9.006,1.672;9.759,14.760,0.817;6.998,9.793,1.267;8.603,3.362,1.204;18.237,12.002,1.803;5.279,17.177,2.469"
54,drone_9,-100.0000,-100.0000,17.0000,17.0000,"2.347,9.515,0.494;18.301,13.223,1.046;6.689,15.596,2.085;17.102,11.298,0.427;8.172,10.967,1.213;8.788,15.372,0.923;2.199,2.005,0.957;19.010,8.298,0.361;2.280,15.513,1.948;13.374,18.274,0.268;13.316,14.508,0.289;0.568,6.095,0.938;3.098,6.163,0.425;6.816,5.317,0.491;4.424,6.165,1.061;4.055,14.203,1.145;2.339,3.335,2.092;7.811,18.921,0.744;8.652,19.088,0.420;5.921,10.282,0.492;2.431,19.156,0.228;2.185,15.073,2.027;11.957,10.604,0.939;19.649,6.620,0.472;11.281,7.869,0.382;7.288,3.974,0.431;10.341,1.594,1.277;19.506,12.205,0.316;19.617,15.458,0.285;14.317,8.164,0.285;2.365,18.859,0.351;14.189,11.973,1.329;13.490,14.516,1.086;12.545,13.736,1.026;18.102,11.068,0.351;11.388,16.307,0.431;2.960,12.039,1.245;7.017,4.180,2.098;3.118,13.109,0.771;8.750,14.656,0.293;12.054,15.768,0.340;6.525,14.215,2.145;18.779,11.767,1.747;2.514,1.369,0.425;17.179,11.793,0.662;3.419,1.387,1.237;16.737,3.377,0.319;8.526,9.392,0.816;6.185,17.996,0.315;15.205,3.276,0.387;13.718,9.006,1.672;9.759,14.760,0.817;6.998,9.793,1.267;8.603,3.362,1.204;18.237,12.002,1.803;5.279,17.177,2.469"
55,drone_3,17.2845,10.0479,17.0000,17.0000,"2.347,9.515,0.494;18.301,13.223,1.046;6.689,15.596,2.085;17.102,11.298,0.427;8.172,10.967,1.213;8.788,15.372,0.923;2.199,2.005,0.957;19.010,8.298,0.361;2.280,15.513,1.948;13.374,18.274,0.268;13.316,14.508,0.289;0.568,6.095,0.938;3.098,6.163,0.425;6.816,5.317,0.491;4.424,6.165,1.061;4.055,14.203,1.145;2.339,3.335,2.092;7.811,18.921,0.744;8.652,19.088,0.420;5.921,10.282,0.492;2.431,19.156,0.228;2.185,15.073,2.027;11.957,10.604,0.939;19.649,6.620,0.472;11.281,7.869,0.382;7.288,3.974,0.431;10.341,1.594,1.277;19.506,12.205,0.316;19.617,15.458,0.285;14.317,8.164,0.285;2.365,18.859,0.351;14.189,11.973,1.329;13.490,14.516,1.086;12.545,13.736,1.026;18.102,11.068,0.351;11.388,16.307,0.431;2.960,12.039,1.245;7.017,4.180,2.098;3.118,13.109,0.771;8.750,14.656,0.293;12.054,15.768,0.340;6.525,14.215,2.145;18.779,11.767,1.747;2.514,1.369,0.425;17.179,11.793,0.662;3.419,1.387,1.237;16.737,3.377,0.319;8.526,9.392,0.816;6.185,17.996,0.315;15.205,3.276,0.387;13.718,9.006,1.672;9.759,14.760,0.817;6.998,9.793,1.267;8.603,3.362,1.204;18.237,12.002,1.803;5.279,17.177,2.469"
56,drone_3,17.3284,10.2430,17.0000,17.0000,"2.347,9.515,0.494;18.301,13.223,1.046;6.689,15.596,2.085;17.102,11.298,0.427;8.172,10.967,1.213;8.788,15.372,0.923;2.199,2.005,0.957;19.010,8.298,0.361;2.280,15.513,1.948;13.374,18.274,0.268;13.316,14.508,0.289;0.568,6.095,0.938;3.098,6.163,0.425;6.816,5.317,0.491;4.424,6.165,1.061;4.055,14.203,1.145;2.339,3.335,2.092;7.811,18.921,0.744;8.652,19.088,0.420;5.921,10.282,0.492;2.431,19.156,0.228;2.185,15.073,2.027;11.957,10.604,0.939;19.649,6.620,0.472;11.281,7.869,0.382;7.288,3.974,0.431;10.341,1.594,1.277;19.506,12.205,0.316;19.617,15.458,0.285;14.317,8.164,0.285;2.365,18.859,0.351;14.189,11.973,1.329;13.490,14.516,1.086;12.545,13.736,1.026;18.102,11.068,0.351;11.388,16.307,0.431;2.960,12.039,1.245;7.017,4.180,2.098;3.118,13.109,0.771;8.750,14.656,0.293;12.054,15.768,0.340;6.525,14.215,2.145;18.779,11.767,1.747;2.514,1.369,0.425;17.179,11.793,0.662;3.419,1.387,1.237;16.737,3.377,0.319;8.526,9.392,0.816;6.185,17.996,0.315;15.205,3.276,0.387;13.718,9.006,1.672;9.759,14.760,0.817;6.998,9.793,1.267;8.603,3.362,1.204;18.237,12.002,1.803;5.279,17.177,2.469"
