Step,Agent,X,Y,Goal_X,Goal_Y,Obstacles
0,drone_0,18.907,7.383,11.528,10.640,"14.927867894972593,1.9417923666224648,0.6851088007879556;9.581603859062518,1.7165682560455653,1.2502531594349593;9.390093762647613,15.472761448915204,2.171069838955237;19.533980818859707,17.049180100391123,0.27883058946767136;10.26526511140737,1.392277412259023,1.016178670844001;3.348893179695101,14.251866662958317,2.4185601003318604;3.4658463430243227,2.9891174118935857,0.21873102450163456;11.48626419771846,13.846024245365946,0.41596374877409237;5.718556999345342,8.252639224464476,0.3082740680827401;5.41842524027721,5.36907783143671,0.36053001055856554;5.263915430660201,12.511724220330363,0.47075426437758255;5.371172332057537,16.5795681636937,2.275404858158624;17.01738932692288,3.949288472633914,1.0833734478179253;1.2152499625451305,9.264165891219097,0.6289695736007946;2.5152666477933683,4.227481450075309,0.31479177433064687;0.8812631632839998,12.985708095722533,0.4433356300474305;18.23134962994997,17.499124477037014,1.7140616004040665;14.70574069346987,10.138925022682221,0.4018617649899432;0.41828819810825524,18.647760106540918,0.22147400162659886;4.200221053635278,15.46778249624208,0.43191318400781337;6.298497731957038,17.535487675311437,0.9892719758789834"
0,drone_1,6.622,2.687,11.528,10.640,"14.927867894972593,1.9417923666224648,0.6851088007879556;9.581603859062518,1.7165682560455653,1.2502531594349593;9.390093762647613,15.472761448915204,2.171069838955237;19.533980818859707,17.049180100391123,0.27883058946767136;10.26526511140737,1.392277412259023,1.016178670844001;3.348893179695101,14.251866662958317,2.4185601003318604;3.4658463430243227,2.9891174118935857,0.21873102450163456;11.48626419771846,13.846024245365946,0.41596374877409237;5.718556999345342,8.252639224464476,0.3082740680827401;5.41842524027721,5.36907783143671,0.36053001055856554;5.263915430660201,12.511724220330363,0.47075426437758255;5.371172332057537,16.5795681636937,2.275404858158624;17.01738932692288,3.949288472633914,1.0833734478179253;1.2152499625451305,9.264165891219097,0.6289695736007946;2.5152666477933683,4.227481450075309,0.31479177433064687;0.8812631632839998,12.985708095722533,0.4433356300474305;18.23134962994997,17.499124477037014,1.7140616004040665;14.70574069346987,10.138925022682221,0.4018617649899432;0.41828819810825524,18.647760106540918,0.22147400162659886;4.200221053635278,15.46778249624208,0.43191318400781337;6.298497731957038,17.535487675311437,0.9892719758789834"
0,drone_2,2.616,1.069,11.528,10.640,"14.927867894972593,1.9417923666224648,0.6851088007879556;9.581603859062518,1.7165682560455653,1.2502531594349593;9.390093762647613,15.472761448915204,2.171069838955237;19.533980818859707,17.049180100391123,0.27883058946767136;10.26526511140737,1.392277412259023,1.016178670844001;3.348893179695101,14.251866662958317,2.4185601003318604;3.4658463430243227,2.9891174118935857,0.21873102450163456;11.48626419771846,13.846024245365946,0.41596374877409237;5.718556999345342,8.252639224464476,0.3082740680827401;5.41842524027721,5.36907783143671,0.36053001055856554;5.263915430660201,12.511724220330363,0.47075426437758255;5.371172332057537,16.5795681636937,2.275404858158624;17.01738932692288,3.949288472633914,1.0833734478179253;1.2152499625451305,9.264165891219097,0.6289695736007946;2.5152666477933683,4.227481450075309,0.31479177433064687;0.8812631632839998,12.985708095722533,0.4433356300474305;18.23134962994997,17.499124477037014,1.7140616004040665;14.70574069346987,10.138925022682221,0.4018617649899432;0.41828819810825524,18.647760106540918,0.22147400162659886;4.200221053635278,15.46778249624208,0.43191318400781337;6.298497731957038,17.535487675311437,0.9892719758789834"
0,drone_3,17.323,1.696,11.528,10.640,"14.927867894972593,1.9417923666224648,0.6851088007879556;9.581603859062518,1.7165682560455653,1.2502531594349593;9.390093762647613,15.472761448915204,2.171069838955237;19.533980818859707,17.049180100391123,0.27883058946767136;10.26526511140737,1.392277412259023,1.016178670844001;3.348893179695101,14.251866662958317,2.4185601003318604;3.4658463430243227,2.9891174118935857,0.21873102450163456;11.48626419771846,13.846024245365946,0.41596374877409237;5.718556999345342,8.252639224464476,0.3082740680827401;5.41842524027721,5.36907783143671,0.36053001055856554;5.263915430660201,12.511724220330363,0.47075426437758255;5.371172332057537,16.5795681636937,2.275404858158624;17.01738932692288,3.949288472633914,1.0833734478179253;1.2152499625451305,9.264165891219097,0.6289695736007946;2.5152666477933683,4.227481450075309,0.31479177433064687;0.8812631632839998,12.985708095722533,0.4433356300474305;18.23134962994997,17.499124477037014,1.7140616004040665;14.70574069346987,10.138925022682221,0.4018617649899432;0.41828819810825524,18.647760106540918,0.22147400162659886;4.200221053635278,15.46778249624208,0.43191318400781337;6.298497731957038,17.535487675311437,0.9892719758789834"
0,drone_4,3.623,8.175,11.528,10.640,"14.927867894972593,1.9417923666224648,0.6851088007879556;9.581603859062518,1.7165682560455653,1.2502531594349593;9.390093762647613,15.472761448915204,2.171069838955237;19.533980818859707,17.049180100391123,0.27883058946767136;10.26526511140737,1.392277412259023,1.016178670844001;3.348893179695101,14.251866662958317,2.4185601003318604;3.4658463430243227,2.9891174118935857,0.21873102450163456;11.48626419771846,13.846024245365946,0.41596374877409237;5.718556999345342,8.252639224464476,0.3082740680827401;5.41842524027721,5.36907783143671,0.36053001055856554;5.263915430660201,12.511724220330363,0.47075426437758255;5.371172332057537,16.5795681636937,2.275404858158624;17.01738932692288,3.949288472633914,1.0833734478179253;1.2152499625451305,9.264165891219097,0.6289695736007946;2.5152666477933683,4.227481450075309,0.31479177433064687;0.8812631632839998,12.985708095722533,0.4433356300474305;18.23134962994997,17.499124477037014,1.7140616004040665;14.70574069346987,10.138925022682221,0.4018617649899432;0.41828819810825524,18.647760106540918,0.22147400162659886;4.200221053635278,15.46778249624208,0.43191318400781337;6.298497731957038,17.535487675311437,0.9892719758789834"
0,drone_5,18.523,15.223,11.528,10.640,"14.927867894972593,1.9417923666224648,0.6851088007879556;9.581603859062518,1.7165682560455653,1.2502531594349593;9.390093762647613,15.472761448915204,2.171069838955237;19.533980818859707,17.049180100391123,0.27883058946767136;10.26526511140737,1.392277412259023,1.016178670844001;3.348893179695101,14.251866662958317,2.4185601003318604;3.4658463430243227,2.9891174118935857,0.21873102450163456;11.48626419771846,13.846024245365946,0.41596374877409237;5.718556999345342,8.252639224464476,0.3082740680827401;5.41842524027721,5.36907783143671,0.36053001055856554;5.263915430660201,12.511724220330363,0.47075426437758255;5.371172332057537,16.5795681636937,2.275404858158624;17.01738932692288,3.949288472633914,1.0833734478179253;1.2152499625451305,9.264165891219097,0.6289695736007946;2.5152666477933683,4.227481450075309,0.31479177433064687;0.8812631632839998,12.985708095722533,0.4433356300474305;18.23134962994997,17.499124477037014,1.7140616004040665;14.70574069346987,10.138925022682221,0.4018617649899432;0.41828819810825524,18.647760106540918,0.22147400162659886;4.200221053635278,15.46778249624208,0.43191318400781337;6.298497731957038,17.535487675311437,0.9892719758789834"
0,drone_6,7.695,3.553,11.528,10.640,"14.927867894972593,1.9417923666224648,0.6851088007879556;9.581603859062518,1.7165682560455653,1.2502531594349593;9.390093762647613,15.472761448915204,2.171069838955237;19.533980818859707,17.049180100391123,0.27883058946767136;10.26526511140737,1.392277412259023,1.016178670844001;3.348893179695101,14.251866662958317,2.4185601003318604;3.4658463430243227,2.9891174118935857,0.21873102450163456;11.48626419771846,13.846024245365946,0.41596374877409237;5.718556999345342,8.252639224464476,0.3082740680827401;5.41842524027721,5.36907783143671,0.36053001055856554;5.263915430660201,12.511724220330363,0.47075426437758255;5.371172332057537,16.5795681636937,2.275404858158624;17.01738932692288,3.949288472633914,1.0833734478179253;1.2152499625451305,9.264165891219097,0.6289695736007946;2.5152666477933683,4.227481450075309,0.31479177433064687;0.8812631632839998,12.985708095722533,0.4433356300474305;18.23134962994997,17.499124477037014,1.7140616004040665;14.70574069346987,10.138925022682221,0.4018617649899432;0.41828819810825524,18.647760106540918,0.22147400162659886;4.200221053635278,15.46778249624208,0.43191318400781337;6.298497731957038,17.535487675311437,0.9892719758789834"
0,drone_7,2.576,6.934,11.528,10.640,"14.927867894972593,1.9417923666224648,0.6851088007879556;9.581603859062518,1.7165682560455653,1.2502531594349593;9.390093762647613,15.472761448915204,2.171069838955237;19.533980818859707,17.049180100391123,0.27883058946767136;10.26526511140737,1.392277412259023,1.016178670844001;3.348893179695101,14.251866662958317,2.4185601003318604;3.4658463430243227,2.9891174118935857,0.21873102450163456;11.48626419771846,13.846024245365946,0.41596374877409237;5.718556999345342,8.252639224464476,0.3082740680827401;5.41842524027721,5.36907783143671,0.36053001055856554;5.263915430660201,12.511724220330363,0.47075426437758255;5.371172332057537,16.5795681636937,2.275404858158624;17.01738932692288,3.949288472633914,1.0833734478179253;1.2152499625451305,9.264165891219097,0.6289695736007946;2.5152666477933683,4.227481450075309,0.31479177433064687;0.8812631632839998,12.985708095722533,0.4433356300474305;18.23134962994997,17.499124477037014,1.7140616004040665;14.70574069346987,10.138925022682221,0.4018617649899432;0.41828819810825524,18.647760106540918,0.22147400162659886;4.200221053635278,15.46778249624208,0.43191318400781337;6.298497731957038,17.535487675311437,0.9892719758789834"
0,drone_8,1.367,3.669,11.528,10.640,"14.927867894972593,1.9417923666224648,0.6851088007879556;9.581603859062518,1.7165682560455653,1.2502531594349593;9.390093762647613,15.472761448915204,2.171069838955237;19.533980818859707,17.049180100391123,0.27883058946767136;10.26526511140737,1.392277412259023,1.016178670844001;3.348893179695101,14.251866662958317,2.4185601003318604;3.4658463430243227,2.9891174118935857,0.21873102450163456;11.48626419771846,13.846024245365946,0.41596374877409237;5.718556999345342,8.252639224464476,0.3082740680827401;5.41842524027721,5.36907783143671,0.36053001055856554;5.263915430660201,12.511724220330363,0.47075426437758255;5.371172332057537,16.5795681636937,2.275404858158624;17.01738932692288,3.949288472633914,1.0833734478179253;1.2152499625451305,9.264165891219097,0.6289695736007946;2.5152666477933683,4.227481450075309,0.31479177433064687;0.8812631632839998,12.985708095722533,0.4433356300474305;18.23134962994997,17.499124477037014,1.7140616004040665;14.70574069346987,10.138925022682221,0.4018617649899432;0.41828819810825524,18.647760106540918,0.22147400162659886;4.200221053635278,15.46778249624208,0.43191318400781337;6.298497731957038,17.535487675311437,0.9892719758789834"
0,drone_9,4.267,5.988,11.528,10.640,"14.927867894972593,1.9417923666224648,0.6851088007879556;9.581603859062518,1.7165682560455653,1.2502531594349593;9.390093762647613,15.472761448915204,2.171069838955237;19.533980818859707,17.049180100391123,0.27883058946767136;10.26526511140737,1.392277412259023,1.016178670844001;3.348893179695101,14.251866662958317,2.4185601003318604;3.4658463430243227,2.9891174118935857,0.21873102450163456;11.48626419771846,13.846024245365946,0.41596374877409237;5.718556999345342,8.252639224464476,0.3082740680827401;5.41842524027721,5.36907783143671,0.36053001055856554;5.263915430660201,12.511724220330363,0.47075426437758255;5.371172332057537,16.5795681636937,2.275404858158624;17.01738932692288,3.949288472633914,1.0833734478179253;1.2152499625451305,9.264165891219097,0.6289695736007946;2.5152666477933683,4.227481450075309,0.31479177433064687;0.8812631632839998,12.985708095722533,0.4433356300474305;18.23134962994997,17.499124477037014,1.7140616004040665;14.70574069346987,10.138925022682221,0.4018617649899432;0.41828819810825524,18.647760106540918,0.22147400162659886;4.200221053635278,15.46778249624208,0.43191318400781337;6.298497731957038,17.535487675311437,0.9892719758789834"
1,drone_0,18.807,7.483,11.528,10.640,"14.927867894972593,1.9417923666224648,0.6851088007879556;9.581603859062518,1.7165682560455653,1.2502531594349593;9.390093762647613,15.472761448915204,2.171069838955237;19.533980818859707,17.049180100391123,0.27883058946767136;10.26526511140737,1.392277412259023,1.016178670844001;3.348893179695101,14.251866662958317,2.4185601003318604;3.4658463430243227,2.9891174118935857,0.21873102450163456;11.48626419771846,13.846024245365946,0.41596374877409237;5.718556999345342,8.252639224464476,0.3082740680827401;5.41842524027721,5.36907783143671,0.36053001055856554;5.263915430660201,12.511724220330363,0.47075426437758255;5.371172332057537,16.5795681636937,2.275404858158624;17.01738932692288,3.949288472633914,1.0833734478179253;1.2152499625451305,9.264165891219097,0.6289695736007946;2.5152666477933683,4.227481450075309,0.31479177433064687;0.8812631632839998,12.985708095722533,0.4433356300474305;18.23134962994997,17.499124477037014,1.7140616004040665;14.70574069346987,10.138925022682221,0.4018617649899432;0.41828819810825524,18.647760106540918,0.22147400162659886;4.200221053635278,15.46778249624208,0.43191318400781337;6.298497731957038,17.535487675311437,0.9892719758789834"
1,drone_1,6.722,2.787,11.528,10.640,"14.927867894972593,1.9417923666224648,0.6851088007879556;9.581603859062518,1.7165682560455653,1.2502531594349593;9.390093762647613,15.472761448915204,2.171069838955237;19.533980818859707,17.049180100391123,0.27883058946767136;10.26526511140737,1.392277412259023,1.016178670844001;3.348893179695101,14.251866662958317,2.4185601003318604;3.4658463430243227,2.9891174118935857,0.21873102450163456;11.48626419771846,13.846024245365946,0.41596374877409237;5.718556999345342,8.252639224464476,0.3082740680827401;5.41842524027721,5.36907783143671,0.36053001055856554;5.263915430660201,12.511724220330363,0.47075426437758255;5.371172332057537,16.5795681636937,2.275404858158624;17.01738932692288,3.949288472633914,1.0833734478179253;1.2152499625451305,9.264165891219097,0.6289695736007946;2.5152666477933683,4.227481450075309,0.31479177433064687;0.8812631632839998,12.985708095722533,0.4433356300474305;18.23134962994997,17.499124477037014,1.7140616004040665;14.70574069346987,10.138925022682221,0.4018617649899432;0.41828819810825524,18.647760106540918,0.22147400162659886;4.200221053635278,15.46778249624208,0.43191318400781337;6.298497731957038,17.535487675311437,0.9892719758789834"
1,drone_2,2.716,1.169,11.528,10.640,"14.927867894972593,1.9417923666224648,0.6851088007879556;9.581603859062518,1.7165682560455653,1.2502531594349593;9.390093762647613,15.472761448915204,2.171069838955237;19.533980818859707,17.049180100391123,0.27883058946767136;10.26526511140737,1.392277412259023,1.016178670844001;3.348893179695101,14.251866662958317,2.4185601003318604;3.4658463430243227,2.9891174118935857,0.21873102450163456;11.48626419771846,13.846024245365946,0.41596374877409237;5.718556999345342,8.252639224464476,0.3082740680827401;5.41842524027721,5.36907783143671,0.36053001055856554;5.263915430660201,12.511724220330363,0.47075426437758255;5.371172332057537,16.5795681636937,2.275404858158624;17.01738932692288,3.949288472633914,1.0833734478179253;1.2152499625451305,9.264165891219097,0.6289695736007946;2.5152666477933683,4.227481450075309,0.31479177433064687;0.8812631632839998,12.985708095722533,0.4433356300474305;18.23134962994997,17.499124477037014,1.7140616004040665;14.70574069346987,10.138925022682221,0.4018617649899432;0.41828819810825524,18.647760106540918,0.22147400162659886;4.200221053635278,15.46778249624208,0.43191318400781337;6.298497731957038,17.535487675311437,0.9892719758789834"
1,drone_3,17.223,1.796,11.528,10.640,"14.927867894972593,1.9417923666224648,0.6851088007879556;9.581603859062518,1.7165682560455653,1.2502531594349593;9.390093762647613,15.472761448915204,2.171069838955237;19.533980818859707,17.049180100391123,0.27883058946767136;10.26526511140737,1.392277412259023,1.016178670844001;3.348893179695101,14.251866662958317,2.4185601003318604;3.4658463430243227,2.9891174118935857,0.21873102450163456;11.48626419771846,13.846024245365946,0.41596374877409237;5.718556999345342,8.252639224464476,0.3082740680827401;5.41842524027721,5.36907783143671,0.36053001055856554;5.263915430660201,12.511724220330363,0.47075426437758255;5.371172332057537,16.5795681636937,2.275404858158624;17.01738932692288,3.949288472633914,1.0833734478179253;1.2152499625451305,9.264165891219097,0.6289695736007946;2.5152666477933683,4.227481450075309,0.31479177433064687;0.8812631632839998,12.985708095722533,0.4433356300474305;18.23134962994997,17.499124477037014,1.7140616004040665;14.70574069346987,10.138925022682221,0.4018617649899432;0.41828819810825524,18.647760106540918,0.22147400162659886;4.200221053635278,15.46778249624208,0.43191318400781337;6.298497731957038,17.535487675311437,0.9892719758789834"
1,drone_4,3.723,8.275,11.528,10.640,"14.927867894972593,1.9417923666224648,0.6851088007879556;9.581603859062518,1.7165682560455653,1.2502531594349593;9.390093762647613,15.472761448915204,2.171069838955237;19.533980818859707,17.049180100391123,0.27883058946767136;10.26526511140737,1.392277412259023,1.016178670844001;3.348893179695101,14.251866662958317,2.4185601003318604;3.4658463430243227,2.9891174118935857,0.21873102450163456;11.48626419771846,13.846024245365946,0.41596374877409237;5.718556999345342,8.252639224464476,0.3082740680827401;5.41842524027721,5.36907783143671,0.36053001055856554;5.263915430660201,12.511724220330363,0.47075426437758255;5.371172332057537,16.5795681636937,2.275404858158624;17.01738932692288,3.949288472633914,1.0833734478179253;1.2152499625451305,9.264165891219097,0.6289695736007946;2.5152666477933683,4.227481450075309,0.31479177433064687;0.8812631632839998,12.985708095722533,0.4433356300474305;18.23134962994997,17.499124477037014,1.7140616004040665;14.70574069346987,10.138925022682221,0.4018617649899432;0.41828819810825524,18.647760106540918,0.22147400162659886;4.200221053635278,15.46778249624208,0.43191318400781337;6.298497731957038,17.535487675311437,0.9892719758789834"
1,drone_5,18.423,15.123,11.528,10.640,"14.927867894972593,1.9417923666224648,0.6851088007879556;9.581603859062518,1.7165682560455653,1.2502531594349593;9.390093762647613,15.472761448915204,2.171069838955237;19.533980818859707,17.049180100391123,0.27883058946767136;10.26526511140737,1.392277412259023,1.016178670844001;3.348893179695101,14.251866662958317,2.4185601003318604;3.4658463430243227,2.9891174118935857,0.21873102450163456;11.48626419771846,13.846024245365946,0.41596374877409237;5.718556999345342,8.252639224464476,0.3082740680827401;5.41842524027721,5.36907783143671,0.36053001055856554;5.263915430660201,12.511724220330363,0.47075426437758255;5.371172332057537,16.5795681636937,2.275404858158624;17.01738932692288,3.949288472633914,1.0833734478179253;1.2152499625451305,9.264165891219097,0.6289695736007946;2.5152666477933683,4.227481450075309,0.31479177433064687;0.8812631632839998,12.985708095722533,0.4433356300474305;18.23134962994997,17.499124477037014,1.7140616004040665;14.70574069346987,10.138925022682221,0.4018617649899432;0.41828819810825524,18.647760106540918,0.22147400162659886;4.200221053635278,15.46778249624208,0.43191318400781337;6.298497731957038,17.535487675311437,0.9892719758789834"
1,drone_6,7.795,3.653,11.528,10.640,"14.927867894972593,1.9417923666224648,0.6851088007879556;9.581603859062518,1.7165682560455653,1.2502531594349593;9.390093762647613,15.472761448915204,2.171069838955237;19.533980818859707,17.049180100391123,0.27883058946767136;10.26526511140737,1.392277412259023,1.016178670844001;3.348893179695101,14.251866662958317,2.4185601003318604;3.4658463430243227,2.9891174118935857,0.21873102450163456;11.48626419771846,13.846024245365946,0.41596374877409237;5.718556999345342,8.252639224464476,0.3082740680827401;5.41842524027721,5.36907783143671,0.36053001055856554;5.263915430660201,12.511724220330363,0.47075426437758255;5.371172332057537,16.5795681636937,2.275404858158624;17.01738932692288,3.949288472633914,1.0833734478179253;1.2152499625451305,9.264165891219097,0.6289695736007946;2.5152666477933683,4.227481450075309,0.31479177433064687;0.8812631632839998,12.985708095722533,0.4433356300474305;18.23134962994997,17.499124477037014,1.7140616004040665;14.70574069346987,10.138925022682221,0.4018617649899432;0.41828819810825524,18.647760106540918,0.22147400162659886;4.200221053635278,15.46778249624208,0.43191318400781337;6.298497731957038,17.535487675311437,0.9892719758789834"
1,drone_7,2.676,7.034,11.528,10.640,"14.927867894972593,1.9417923666224648,0.6851088007879556;9.581603859062518,1.7165682560455653,1.2502531594349593;9.390093762647613,15.472761448915204,2.171069838955237;19.533980818859707,17.049180100391123,0.27883058946767136;10.26526511140737,1.392277412259023,1.016178670844001;3.348893179695101,14.251866662958317,2.4185601003318604;3.4658463430243227,2.9891174118935857,0.21873102450163456;11.48626419771846,13.846024245365946,0.41596374877409237;5.718556999345342,8.252639224464476,0.3082740680827401;5.41842524027721,5.36907783143671,0.36053001055856554;5.263915430660201,12.511724220330363,0.47075426437758255;5.371172332057537,16.5795681636937,2.275404858158624;17.01738932692288,3.949288472633914,1.0833734478179253;1.2152499625451305,9.264165891219097,0.6289695736007946;2.5152666477933683,4.227481450075309,0.31479177433064687;0.8812631632839998,12.985708095722533,0.4433356300474305;18.23134962994997,17.499124477037014,1.7140616004040665;14.70574069346987,10.138925022682221,0.4018617649899432;0.41828819810825524,18.647760106540918,0.22147400162659886;4.200221053635278,15.46778249624208,0.43191318400781337;6.298497731957038,17.535487675311437,0.9892719758789834"
1,drone_8,1.467,3.769,11.528,10.640,"14.927867894972593,1.9417923666224648,0.6851088007879556;9.581603859062518,1.7165682560455653,1.2502531594349593;9.390093762647613,15.472761448915204,2.171069838955237;19.533980818859707,17.049180100391123,0.27883058946767136;10.26526511140737,1.392277412259023,1.016178670844001;3.348893179695101,14.251866662958317,2.4185601003318604;3.4658463430243227,2.9891174118935857,0.21873102450163456;11.48626419771846,13.846024245365946,0.41596374877409237;5.718556999345342,8.252639224464476,0.3082740680827401;5.41842524027721,5.36907783143671,0.36053001055856554;5.263915430660201,12.511724220330363,0.47075426437758255;5.371172332057537,16.5795681636937,2.275404858158624;17.01738932692288,3.949288472633914,1.0833734478179253;1.2152499625451305,9.264165891219097,0.6289695736007946;2.5152666477933683,4.227481450075309,0.31479177433064687;0.8812631632839998,12.985708095722533,0.4433356300474305;18.23134962994997,17.499124477037014,1.7140616004040665;14.70574069346987,10.138925022682221,0.4018617649899432;0.41828819810825524,18.647760106540918,0.22147400162659886;4.200221053635278,15.46778249624208,0.43191318400781337;6.298497731957038,17.535487675311437,0.9892719758789834"
1,drone_9,4.367,6.088,11.528,10.640,"14.927867894972593,1.9417923666224648,0.6851088007879556;9.581603859062518,1.7165682560455653,1.2502531594349593;9.390093762647613,15.472761448915204,2.171069838955237;19.533980818859707,17.049180100391123,0.27883058946767136;10.26526511140737,1.392277412259023,1.016178670844001;3.348893179695101,14.251866662958317,2.4185601003318604;3.4658463430243227,2.9891174118935857,0.21873102450163456;11.48626419771846,13.846024245365946,0.41596374877409237;5.718556999345342,8.252639224464476,0.3082740680827401;5.41842524027721,5.36907783143671,0.36053001055856554;5.263915430660201,12.511724220330363,0.47075426437758255;5.371172332057537,16.5795681636937,2.275404858158624;17.01738932692288,3.949288472633914,1.0833734478179253;1.2152499625451305,9.264165891219097,0.6289695736007946;2.5152666477933683,4.227481450075309,0.31479177433064687;0.8812631632839998,12.985708095722533,0.4433356300474305;18.23134962994997,17.499124477037014,1.7140616004040665;14.70574069346987,10.138925022682221,0.4018617649899432;0.41828819810825524,18.647760106540918,0.22147400162659886;4.200221053635278,15.46778249624208,0.43191318400781337;6.298497731957038,17.535487675311437,0.9892719758789834"
2,drone_0,18.665,7.624,11.528,10.640,"14.927867894972593,1.9417923666224648,0.6851088007879556;9.581603859062518,1.7165682560455653,1.2502531594349593;9.390093762647613,15.472761448915204,2.171069838955237;19.533980818859707,17.049180100391123,0.27883058946767136;10.26526511140737,1.392277412259023,1.016178670844001;3.348893179695101,14.251866662958317,2.4185601003318604;3.4658463430243227,2.9891174118935857,0.21873102450163456;11.48626419771846,13.846024245365946,0.41596374877409237;5.718556999345342,8.252639224464476,0.3082740680827401;5.41842524027721,5.36907783143671,0.36053001055856554;5.263915430660201,12.511724220330363,0.47075426437758255;5.371172332057537,16.5795681636937,2.275404858158624;17.01738932692288,3.949288472633914,1.0833734478179253;1.2152499625451305,9.264165891219097,0.6289695736007946;2.5152666477933683,4.227481450075309,0.31479177433064687;0.8812631632839998,12.985708095722533,0.4433356300474305;18.23134962994997,17.499124477037014,1.7140616004040665;14.70574069346987,10.138925022682221,0.4018617649899432;0.41828819810825524,18.647760106540918,0.22147400162659886;4.200221053635278,15.46778249624208,0.43191318400781337;6.298497731957038,17.535487675311437,0.9892719758789834"
2,drone_1,6.863,2.928,11.528,10.640,"14.927867894972593,1.9417923666224648,0.6851088007879556;9.581603859062518,1.7165682560455653,1.2502531594349593;9.390093762647613,15.472761448915204,2.171069838955237;19.533980818859707,17.049180100391123,0.27883058946767136;10.26526511140737,1.392277412259023,1.016178670844001;3.348893179695101,14.251866662958317,2.4185601003318604;3.4658463430243227,2.9891174118935857,0.21873102450163456;11.48626419771846,13.846024245365946,0.41596374877409237;5.718556999345342,8.252639224464476,0.3082740680827401;5.41842524027721,5.36907783143671,0.36053001055856554;5.263915430660201,12.511724220330363,0.47075426437758255;5.371172332057537,16.5795681636937,2.275404858158624;17.01738932692288,3.949288472633914,1.0833734478179253;1.2152499625451305,9.264165891219097,0.6289695736007946;2.5152666477933683,4.227481450075309,0.31479177433064687;0.8812631632839998,12.985708095722533,0.4433356300474305;18.23134962994997,17.499124477037014,1.7140616004040665;14.70574069346987,10.138925022682221,0.4018617649899432;0.41828819810825524,18.647760106540918,0.22147400162659886;4.200221053635278,15.46778249624208,0.43191318400781337;6.298497731957038,17.535487675311437,0.9892719758789834"
2,drone_2,2.857,1.310,11.528,10.640,"14.927867894972593,1.9417923666224648,0.6851088007879556;9.581603859062518,1.7165682560455653,1.2502531594349593;9.390093762647613,15.472761448915204,2.171069838955237;19.533980818859707,17.049180100391123,0.27883058946767136;10.26526511140737,1.392277412259023,1.016178670844001;3.348893179695101,14.251866662958317,2.4185601003318604;3.4658463430243227,2.9891174118935857,0.21873102450163456;11.48626419771846,13.846024245365946,0.41596374877409237;5.718556999345342,8.252639224464476,0.3082740680827401;5.41842524027721,5.36907783143671,0.36053001055856554;5.263915430660201,12.511724220330363,0.47075426437758255;5.371172332057537,16.5795681636937,2.275404858158624;17.01738932692288,3.949288472633914,1.0833734478179253;1.2152499625451305,9.264165891219097,0.6289695736007946;2.5152666477933683,4.227481450075309,0.31479177433064687;0.8812631632839998,12.985708095722533,0.4433356300474305;18.23134962994997,17.499124477037014,1.7140616004040665;14.70574069346987,10.138925022682221,0.4018617649899432;0.41828819810825524,18.647760106540918,0.22147400162659886;4.200221053635278,15.46778249624208,0.43191318400781337;6.298497731957038,17.535487675311437,0.9892719758789834"
2,drone_3,17.081,1.938,11.528,10.640,"14.927867894972593,1.9417923666224648,0.6851088007879556;9.581603859062518,1.7165682560455653,1.2502531594349593;9.390093762647613,15.472761448915204,2.171069838955237;19.533980818859707,17.049180100391123,0.27883058946767136;10.26526511140737,1.392277412259023,1.016178670844001;3.348893179695101,14.251866662958317,2.4185601003318604;3.4658463430243227,2.9891174118935857,0.21873102450163456;11.48626419771846,13.846024245365946,0.41596374877409237;5.718556999345342,8.252639224464476,0.3082740680827401;5.41842524027721,5.36907783143671,0.36053001055856554;5.263915430660201,12.511724220330363,0.47075426437758255;5.371172332057537,16.5795681636937,2.275404858158624;17.01738932692288,3.949288472633914,1.0833734478179253;1.2152499625451305,9.264165891219097,0.6289695736007946;2.5152666477933683,4.227481450075309,0.31479177433064687;0.8812631632839998,12.985708095722533,0.4433356300474305;18.23134962994997,17.499124477037014,1.7140616004040665;14.70574069346987,10.138925022682221,0.4018617649899432;0.41828819810825524,18.647760106540918,0.22147400162659886;4.200221053635278,15.46778249624208,0.43191318400781337;6.298497731957038,17.535487675311437,0.9892719758789834"
2,drone_4,3.923,8.275,11.528,10.640,"14.927867894972593,1.9417923666224648,0.6851088007879556;9.581603859062518,1.7165682560455653,1.2502531594349593;9.390093762647613,15.472761448915204,2.171069838955237;19.533980818859707,17.049180100391123,0.27883058946767136;10.26526511140737,1.392277412259023,1.016178670844001;3.348893179695101,14.251866662958317,2.4185601003318604;3.4658463430243227,2.9891174118935857,0.21873102450163456;11.48626419771846,13.846024245365946,0.41596374877409237;5.718556999345342,8.252639224464476,0.3082740680827401;5.41842524027721,5.36907783143671,0.36053001055856554;5.263915430660201,12.511724220330363,0.47075426437758255;5.371172332057537,16.5795681636937,2.275404858158624;17.01738932692288,3.949288472633914,1.0833734478179253;1.2152499625451305,9.264165891219097,0.6289695736007946;2.5152666477933683,4.227481450075309,0.31479177433064687;0.8812631632839998,12.985708095722533,0.4433356300474305;18.23134962994997,17.499124477037014,1.7140616004040665;14.70574069346987,10.138925022682221,0.4018617649899432;0.41828819810825524,18.647760106540918,0.22147400162659886;4.200221053635278,15.46778249624208,0.43191318400781337;6.298497731957038,17.535487675311437,0.9892719758789834"
2,drone_5,18.282,14.981,11.528,10.640,"14.927867894972593,1.9417923666224648,0.6851088007879556;9.581603859062518,1.7165682560455653,1.2502531594349593;9.390093762647613,15.472761448915204,2.171069838955237;19.533980818859707,17.049180100391123,0.27883058946767136;10.26526511140737,1.392277412259023,1.016178670844001;3.348893179695101,14.251866662958317,2.4185601003318604;3.4658463430243227,2.9891174118935857,0.21873102450163456;11.48626419771846,13.846024245365946,0.41596374877409237;5.718556999345342,8.252639224464476,0.3082740680827401;5.41842524027721,5.36907783143671,0.36053001055856554;5.263915430660201,12.511724220330363,0.47075426437758255;5.371172332057537,16.5795681636937,2.275404858158624;17.01738932692288,3.949288472633914,1.0833734478179253;1.2152499625451305,9.264165891219097,0.6289695736007946;2.5152666477933683,4.227481450075309,0.31479177433064687;0.8812631632839998,12.985708095722533,0.4433356300474305;18.23134962994997,17.499124477037014,1.7140616004040665;14.70574069346987,10.138925022682221,0.4018617649899432;0.41828819810825524,18.647760106540918,0.22147400162659886;4.200221053635278,15.46778249624208,0.43191318400781337;6.298497731957038,17.535487675311437,0.9892719758789834"
2,drone_6,7.936,3.795,11.528,10.640,"14.927867894972593,1.9417923666224648,0.6851088007879556;9.581603859062518,1.7165682560455653,1.2502531594349593;9.390093762647613,15.472761448915204,2.171069838955237;19.533980818859707,17.049180100391123,0.27883058946767136;10.26526511140737,1.392277412259023,1.016178670844001;3.348893179695101,14.251866662958317,2.4185601003318604;3.4658463430243227,2.9891174118935857,0.21873102450163456;11.48626419771846,13.846024245365946,0.41596374877409237;5.718556999345342,8.252639224464476,0.3082740680827401;5.41842524027721,5.36907783143671,0.36053001055856554;5.263915430660201,12.511724220330363,0.47075426437758255;5.371172332057537,16.5795681636937,2.275404858158624;17.01738932692288,3.949288472633914,1.0833734478179253;1.2152499625451305,9.264165891219097,0.6289695736007946;2.5152666477933683,4.227481450075309,0.31479177433064687;0.8812631632839998,12.985708095722533,0.4433356300474305;18.23134962994997,17.499124477037014,1.7140616004040665;14.70574069346987,10.138925022682221,0.4018617649899432;0.41828819810825524,18.647760106540918,0.22147400162659886;4.200221053635278,15.46778249624208,0.43191318400781337;6.298497731957038,17.535487675311437,0.9892719758789834"
2,drone_7,2.817,7.176,11.528,10.640,"14.927867894972593,1.9417923666224648,0.6851088007879556;9.581603859062518,1.7165682560455653,1.2502531594349593;9.390093762647613,15.472761448915204,2.171069838955237;19.533980818859707,17.049180100391123,0.27883058946767136;10.26526511140737,1.392277412259023,1.016178670844001;3.348893179695101,14.251866662958317,2.4185601003318604;3.4658463430243227,2.9891174118935857,0.21873102450163456;11.48626419771846,13.846024245365946,0.41596374877409237;5.718556999345342,8.252639224464476,0.3082740680827401;5.41842524027721,5.36907783143671,0.36053001055856554;5.263915430660201,12.511724220330363,0.47075426437758255;5.371172332057537,16.5795681636937,2.275404858158624;17.01738932692288,3.949288472633914,1.0833734478179253;1.2152499625451305,9.264165891219097,0.6289695736007946;2.5152666477933683,4.227481450075309,0.31479177433064687;0.8812631632839998,12.985708095722533,0.4433356300474305;18.23134962994997,17.499124477037014,1.7140616004040665;14.70574069346987,10.138925022682221,0.4018617649899432;0.41828819810825524,18.647760106540918,0.22147400162659886;4.200221053635278,15.46778249624208,0.43191318400781337;6.298497731957038,17.535487675311437,0.9892719758789834"
2,drone_8,1.609,3.910,11.528,10.640,"14.927867894972593,1.9417923666224648,0.6851088007879556;9.581603859062518,1.7165682560455653,1.2502531594349593;9.390093762647613,15.472761448915204,2.171069838955237;19.533980818859707,17.049180100391123,0.27883058946767136;10.26526511140737,1.392277412259023,1.016178670844001;3.348893179695101,14.251866662958317,2.4185601003318604;3.4658463430243227,2.9891174118935857,0.21873102450163456;11.48626419771846,13.846024245365946,0.41596374877409237;5.718556999345342,8.252639224464476,0.3082740680827401;5.41842524027721,5.36907783143671,0.36053001055856554;5.263915430660201,12.511724220330363,0.47075426437758255;5.371172332057537,16.5795681636937,2.275404858158624;17.01738932692288,3.949288472633914,1.0833734478179253;1.2152499625451305,9.264165891219097,0.6289695736007946;2.5152666477933683,4.227481450075309,0.31479177433064687;0.8812631632839998,12.985708095722533,0.4433356300474305;18.23134962994997,17.499124477037014,1.7140616004040665;14.70574069346987,10.138925022682221,0.4018617649899432;0.41828819810825524,18.647760106540918,0.22147400162659886;4.200221053635278,15.46778249624208,0.43191318400781337;6.298497731957038,17.535487675311437,0.9892719758789834"
2,drone_9,4.509,6.229,11.528,10.640,"14.927867894972593,1.9417923666224648,0.6851088007879556;9.581603859062518,1.7165682560455653,1.2502531594349593;9.390093762647613,15.472761448915204,2.171069838955237;19.533980818859707,17.049180100391123,0.27883058946767136;10.26526511140737,1.392277412259023,1.016178670844001;3.348893179695101,14.251866662958317,2.4185601003318604;3.4658463430243227,2.9891174118935857,0.21873102450163456;11.48626419771846,13.846024245365946,0.41596374877409237;5.718556999345342,8.252639224464476,0.3082740680827401;5.41842524027721,5.36907783143671,0.36053001055856554;5.263915430660201,12.511724220330363,0.47075426437758255;5.371172332057537,16.5795681636937,2.275404858158624;17.01738932692288,3.949288472633914,1.0833734478179253;1.2152499625451305,9.264165891219097,0.6289695736007946;2.5152666477933683,4.227481450075309,0.31479177433064687;0.8812631632839998,12.985708095722533,0.4433356300474305;18.23134962994997,17.499124477037014,1.7140616004040665;14.70574069346987,10.138925022682221,0.4018617649899432;0.41828819810825524,18.647760106540918,0.22147400162659886;4.200221053635278,15.46778249624208,0.43191318400781337;6.298497731957038,17.535487675311437,0.9892719758789834"
3,drone_0,18.524,7.766,11.528,10.640,"14.927867894972593,1.9417923666224648,0.6851088007879556;9.581603859062518,1.7165682560455653,1.2502531594349593;9.390093762647613,15.472761448915204,2.171069838955237;19.533980818859707,17.049180100391123,0.27883058946767136;10.26526511140737,1.392277412259023,1.016178670844001;3.348893179695101,14.251866662958317,2.4185601003318604;3.4658463430243227,2.9891174118935857,0.21873102450163456;11.48626419771846,13.846024245365946,0.41596374877409237;5.718556999345342,8.252639224464476,0.3082740680827401;5.41842524027721,5.36907783143671,0.36053001055856554;5.263915430660201,12.511724220330363,0.47075426437758255;5.371172332057537,16.5795681636937,2.275404858158624;17.01738932692288,3.949288472633914,1.0833734478179253;1.2152499625451305,9.264165891219097,0.6289695736007946;2.5152666477933683,4.227481450075309,0.31479177433064687;0.8812631632839998,12.985708095722533,0.4433356300474305;18.23134962994997,17.499124477037014,1.7140616004040665;14.70574069346987,10.138925022682221,0.4018617649899432;0.41828819810825524,18.647760106540918,0.22147400162659886;4.200221053635278,15.46778249624208,0.43191318400781337;6.298497731957038,17.535487675311437,0.9892719758789834"
3,drone_1,7.004,3.070,11.528,10.640,"14.927867894972593,1.9417923666224648,0.6851088007879556;9.581603859062518,1.7165682560455653,1.2502531594349593;9.390093762647613,15.472761448915204,2.171069838955237;19.533980818859707,17.049180100391123,0.27883058946767136;10.26526511140737,1.392277412259023,1.016178670844001;3.348893179695101,14.251866662958317,2.4185601003318604;3.4658463430243227,2.9891174118935857,0.21873102450163456;11.48626419771846,13.846024245365946,0.41596374877409237;5.718556999345342,8.252639224464476,0.3082740680827401;5.41842524027721,5.36907783143671,0.36053001055856554;5.263915430660201,12.511724220330363,0.47075426437758255;5.371172332057537,16.5795681636937,2.275404858158624;17.01738932692288,3.949288472633914,1.0833734478179253;1.2152499625451305,9.264165891219097,0.6289695736007946;2.5152666477933683,4.227481450075309,0.31479177433064687;0.8812631632839998,12.985708095722533,0.4433356300474305;18.23134962994997,17.499124477037014,1.7140616004040665;14.70574069346987,10.138925022682221,0.4018617649899432;0.41828819810825524,18.647760106540918,0.22147400162659886;4.200221053635278,15.46778249624208,0.43191318400781337;6.298497731957038,17.535487675311437,0.9892719758789834"
3,drone_2,2.998,1.452,11.528,10.640,"14.927867894972593,1.9417923666224648,0.6851088007879556;9.581603859062518,1.7165682560455653,1.2502531594349593;9.390093762647613,15.472761448915204,2.171069838955237;19.533980818859707,17.049180100391123,0.27883058946767136;10.26526511140737,1.392277412259023,1.016178670844001;3.348893179695101,14.251866662958317,2.4185601003318604;3.4658463430243227,2.9891174118935857,0.21873102450163456;11.48626419771846,13.846024245365946,0.41596374877409237;5.718556999345342,8.252639224464476,0.3082740680827401;5.41842524027721,5.36907783143671,0.36053001055856554;5.263915430660201,12.511724220330363,0.47075426437758255;5.371172332057537,16.5795681636937,2.275404858158624;17.01738932692288,3.949288472633914,1.0833734478179253;1.2152499625451305,9.264165891219097,0.6289695736007946;2.5152666477933683,4.227481450075309,0.31479177433064687;0.8812631632839998,12.985708095722533,0.4433356300474305;18.23134962994997,17.499124477037014,1.7140616004040665;14.70574069346987,10.138925022682221,0.4018617649899432;0.41828819810825524,18.647760106540918,0.22147400162659886;4.200221053635278,15.46778249624208,0.43191318400781337;6.298497731957038,17.535487675311437,0.9892719758789834"
3,drone_3,16.940,2.079,11.528,10.640,"14.927867894972593,1.9417923666224648,0.6851088007879556;9.581603859062518,1.7165682560455653,1.2502531594349593;9.390093762647613,15.472761448915204,2.171069838955237;19.533980818859707,17.049180100391123,0.27883058946767136;10.26526511140737,1.392277412259023,1.016178670844001;3.348893179695101,14.251866662958317,2.4185601003318604;3.4658463430243227,2.9891174118935857,0.21873102450163456;11.48626419771846,13.846024245365946,0.41596374877409237;5.718556999345342,8.252639224464476,0.3082740680827401;5.41842524027721,5.36907783143671,0.36053001055856554;5.263915430660201,12.511724220330363,0.47075426437758255;5.371172332057537,16.5795681636937,2.275404858158624;17.01738932692288,3.949288472633914,1.0833734478179253;1.2152499625451305,9.264165891219097,0.6289695736007946;2.5152666477933683,4.227481450075309,0.31479177433064687;0.8812631632839998,12.985708095722533,0.4433356300474305;18.23134962994997,17.499124477037014,1.7140616004040665;14.70574069346987,10.138925022682221,0.4018617649899432;0.41828819810825524,18.647760106540918,0.22147400162659886;4.200221053635278,15.46778249624208,0.43191318400781337;6.298497731957038,17.535487675311437,0.9892719758789834"
3,drone_4,4.113,8.338,11.528,10.640,"14.927867894972593,1.9417923666224648,0.6851088007879556;9.581603859062518,1.7165682560455653,1.2502531594349593;9.390093762647613,15.472761448915204,2.171069838955237;19.533980818859707,17.049180100391123,0.27883058946767136;10.26526511140737,1.392277412259023,1.016178670844001;3.348893179695101,14.251866662958317,2.4185601003318604;3.4658463430243227,2.9891174118935857,0.21873102450163456;11.48626419771846,13.846024245365946,0.41596374877409237;5.718556999345342,8.252639224464476,0.3082740680827401;5.41842524027721,5.36907783143671,0.36053001055856554;5.263915430660201,12.511724220330363,0.47075426437758255;5.371172332057537,16.5795681636937,2.275404858158624;17.01738932692288,3.949288472633914,1.0833734478179253;1.2152499625451305,9.264165891219097,0.6289695736007946;2.5152666477933683,4.227481450075309,0.31479177433064687;0.8812631632839998,12.985708095722533,0.4433356300474305;18.23134962994997,17.499124477037014,1.7140616004040665;14.70574069346987,10.138925022682221,0.4018617649899432;0.41828819810825524,18.647760106540918,0.22147400162659886;4.200221053635278,15.46778249624208,0.43191318400781337;6.298497731957038,17.535487675311437,0.9892719758789834"
3,drone_5,18.141,14.840,11.528,10.640,"14.927867894972593,1.9417923666224648,0.6851088007879556;9.581603859062518,1.7165682560455653,1.2502531594349593;9.390093762647613,15.472761448915204,2.171069838955237;19.533980818859707,17.049180100391123,0.27883058946767136;10.26526511140737,1.392277412259023,1.016178670844001;3.348893179695101,14.251866662958317,2.4185601003318604;3.4658463430243227,2.9891174118935857,0.21873102450163456;11.48626419771846,13.846024245365946,0.41596374877409237;5.718556999345342,8.252639224464476,0.3082740680827401;5.41842524027721,5.36907783143671,0.36053001055856554;5.263915430660201,12.511724220330363,0.47075426437758255;5.371172332057537,16.5795681636937,2.275404858158624;17.01738932692288,3.949288472633914,1.0833734478179253;1.2152499625451305,9.264165891219097,0.6289695736007946;2.5152666477933683,4.227481450075309,0.31479177433064687;0.8812631632839998,12.985708095722533,0.4433356300474305;18.23134962994997,17.499124477037014,1.7140616004040665;14.70574069346987,10.138925022682221,0.4018617649899432;0.41828819810825524,18.647760106540918,0.22147400162659886;4.200221053635278,15.46778249624208,0.43191318400781337;6.298497731957038,17.535487675311437,0.9892719758789834"
3,drone_6,8.078,3.936,11.528,10.640,"14.927867894972593,1.9417923666224648,0.6851088007879556;9.581603859062518,1.7165682560455653,1.2502531594349593;9.390093762647613,15.472761448915204,2.171069838955237;19.533980818859707,17.049180100391123,0.27883058946767136;10.26526511140737,1.392277412259023,1.016178670844001;3.348893179695101,14.251866662958317,2.4185601003318604;3.4658463430243227,2.9891174118935857,0.21873102450163456;11.48626419771846,13.846024245365946,0.41596374877409237;5.718556999345342,8.252639224464476,0.3082740680827401;5.41842524027721,5.36907783143671,0.36053001055856554;5.263915430660201,12.511724220330363,0.47075426437758255;5.371172332057537,16.5795681636937,2.275404858158624;17.01738932692288,3.949288472633914,1.0833734478179253;1.2152499625451305,9.264165891219097,0.6289695736007946;2.5152666477933683,4.227481450075309,0.31479177433064687;0.8812631632839998,12.985708095722533,0.4433356300474305;18.23134962994997,17.499124477037014,1.7140616004040665;14.70574069346987,10.138925022682221,0.4018617649899432;0.41828819810825524,18.647760106540918,0.22147400162659886;4.200221053635278,15.46778249624208,0.43191318400781337;6.298497731957038,17.535487675311437,0.9892719758789834"
3,drone_7,3.014,7.210,11.528,10.640,"14.927867894972593,1.9417923666224648,0.6851088007879556;9.581603859062518,1.7165682560455653,1.2502531594349593;9.390093762647613,15.472761448915204,2.171069838955237;19.533980818859707,17.049180100391123,0.27883058946767136;10.26526511140737,1.392277412259023,1.016178670844001;3.348893179695101,14.251866662958317,2.4185601003318604;3.4658463430243227,2.9891174118935857,0.21873102450163456;11.48626419771846,13.846024245365946,0.41596374877409237;5.718556999345342,8.252639224464476,0.3082740680827401;5.41842524027721,5.36907783143671,0.36053001055856554;5.263915430660201,12.511724220330363,0.47075426437758255;5.371172332057537,16.5795681636937,2.275404858158624;17.01738932692288,3.949288472633914,1.0833734478179253;1.2152499625451305,9.264165891219097,0.6289695736007946;2.5152666477933683,4.227481450075309,0.31479177433064687;0.8812631632839998,12.985708095722533,0.4433356300474305;18.23134962994997,17.499124477037014,1.7140616004040665;14.70574069346987,10.138925022682221,0.4018617649899432;0.41828819810825524,18.647760106540918,0.22147400162659886;4.200221053635278,15.46778249624208,0.43191318400781337;6.298497731957038,17.535487675311437,0.9892719758789834"
3,drone_8,1.750,4.052,11.528,10.640,"14.927867894972593,1.9417923666224648,0.6851088007879556;9.581603859062518,1.7165682560455653,1.2502531594349593;9.390093762647613,15.472761448915204,2.171069838955237;19.533980818859707,17.049180100391123,0.27883058946767136;10.26526511140737,1.392277412259023,1.016178670844001;3.348893179695101,14.251866662958317,2.4185601003318604;3.4658463430243227,2.9891174118935857,0.21873102450163456;11.48626419771846,13.846024245365946,0.41596374877409237;5.718556999345342,8.252639224464476,0.3082740680827401;5.41842524027721,5.36907783143671,0.36053001055856554;5.263915430660201,12.511724220330363,0.47075426437758255;5.371172332057537,16.5795681636937,2.275404858158624;17.01738932692288,3.949288472633914,1.0833734478179253;1.2152499625451305,9.264165891219097,0.6289695736007946;2.5152666477933683,4.227481450075309,0.31479177433064687;0.8812631632839998,12.985708095722533,0.4433356300474305;18.23134962994997,17.499124477037014,1.7140616004040665;14.70574069346987,10.138925022682221,0.4018617649899432;0.41828819810825524,18.647760106540918,0.22147400162659886;4.200221053635278,15.46778249624208,0.43191318400781337;6.298497731957038,17.535487675311437,0.9892719758789834"
3,drone_9,4.650,6.370,11.528,10.640,"14.927867894972593,1.9417923666224648,0.6851088007879556;9.581603859062518,1.7165682560455653,1.2502531594349593;9.390093762647613,15.472761448915204,2.171069838955237;19.533980818859707,17.049180100391123,0.27883058946767136;10.26526511140737,1.392277412259023,1.016178670844001;3.348893179695101,14.251866662958317,2.4185601003318604;3.4658463430243227,2.9891174118935857,0.21873102450163456;11.48626419771846,13.846024245365946,0.41596374877409237;5.718556999345342,8.252639224464476,0.3082740680827401;5.41842524027721,5.36907783143671,0.36053001055856554;5.263915430660201,12.511724220330363,0.47075426437758255;5.371172332057537,16.5795681636937,2.275404858158624;17.01738932692288,3.949288472633914,1.0833734478179253;1.2152499625451305,9.264165891219097,0.6289695736007946;2.5152666477933683,4.227481450075309,0.31479177433064687;0.8812631632839998,12.985708095722533,0.4433356300474305;18.23134962994997,17.499124477037014,1.7140616004040665;14.70574069346987,10.138925022682221,0.4018617649899432;0.41828819810825524,18.647760106540918,0.22147400162659886;4.200221053635278,15.46778249624208,0.43191318400781337;6.298497731957038,17.535487675311437,0.9892719758789834"
4,drone_0,18.382,7.907,11.528,10.640,"14.927867894972593,1.9417923666224648,0.6851088007879556;9.581603859062518,1.7165682560455653,1.2502531594349593;9.390093762647613,15.472761448915204,2.171069838955237;19.533980818859707,17.049180100391123,0.27883058946767136;10.26526511140737,1.392277412259023,1.016178670844001;3.348893179695101,14.251866662958317,2.4185601003318604;3.4658463430243227,2.9891174118935857,0.21873102450163456;11.48626419771846,13.846024245365946,0.41596374877409237;5.718556999345342,8.252639224464476,0.3082740680827401;5.41842524027721,5.36907783143671,0.36053001055856554;5.263915430660201,12.511724220330363,0.47075426437758255;5.371172332057537,16.5795681636937,2.275404858158624;17.01738932692288,3.949288472633914,1.0833734478179253;1.2152499625451305,9.264165891219097,0.6289695736007946;2.5152666477933683,4.227481450075309,0.31479177433064687;0.8812631632839998,12.985708095722533,0.4433356300474305;18.23134962994997,17.499124477037014,1.7140616004040665;14.70574069346987,10.138925022682221,0.4018617649899432;0.41828819810825524,18.647760106540918,0.22147400162659886;4.200221053635278,15.46778249624208,0.43191318400781337;6.298497731957038,17.535487675311437,0.9892719758789834"
4,drone_1,7.146,3.211,11.528,10.640,"14.927867894972593,1.9417923666224648,0.6851088007879556;9.581603859062518,1.7165682560455653,1.2502531594349593;9.390093762647613,15.472761448915204,2.171069838955237;19.533980818859707,17.049180100391123,0.27883058946767136;10.26526511140737,1.392277412259023,1.016178670844001;3.348893179695101,14.251866662958317,2.4185601003318604;3.4658463430243227,2.9891174118935857,0.21873102450163456;11.48626419771846,13.846024245365946,0.41596374877409237;5.718556999345342,8.252639224464476,0.3082740680827401;5.41842524027721,5.36907783143671,0.36053001055856554;5.263915430660201,12.511724220330363,0.47075426437758255;5.371172332057537,16.5795681636937,2.275404858158624;17.01738932692288,3.949288472633914,1.0833734478179253;1.2152499625451305,9.264165891219097,0.6289695736007946;2.5152666477933683,4.227481450075309,0.31479177433064687;0.8812631632839998,12.985708095722533,0.4433356300474305;18.23134962994997,17.499124477037014,1.7140616004040665;14.70574069346987,10.138925022682221,0.4018617649899432;0.41828819810825524,18.647760106540918,0.22147400162659886;4.200221053635278,15.46778249624208,0.43191318400781337;6.298497731957038,17.535487675311437,0.9892719758789834"
4,drone_2,3.140,1.593,11.528,10.640,"14.927867894972593,1.9417923666224648,0.6851088007879556;9.581603859062518,1.7165682560455653,1.2502531594349593;9.390093762647613,15.472761448915204,2.171069838955237;19.533980818859707,17.049180100391123,0.27883058946767136;10.26526511140737,1.392277412259023,1.016178670844001;3.348893179695101,14.251866662958317,2.4185601003318604;3.4658463430243227,2.9891174118935857,0.21873102450163456;11.48626419771846,13.846024245365946,0.41596374877409237;5.718556999345342,8.252639224464476,0.3082740680827401;5.41842524027721,5.36907783143671,0.36053001055856554;5.263915430660201,12.511724220330363,0.47075426437758255;5.371172332057537,16.5795681636937,2.275404858158624;17.01738932692288,3.949288472633914,1.0833734478179253;1.2152499625451305,9.264165891219097,0.6289695736007946;2.5152666477933683,4.227481450075309,0.31479177433064687;0.8812631632839998,12.985708095722533,0.4433356300474305;18.23134962994997,17.499124477037014,1.7140616004040665;14.70574069346987,10.138925022682221,0.4018617649899432;0.41828819810825524,18.647760106540918,0.22147400162659886;4.200221053635278,15.46778249624208,0.43191318400781337;6.298497731957038,17.535487675311437,0.9892719758789834"
4,drone_3,16.799,2.221,11.528,10.640,"14.927867894972593,1.9417923666224648,0.6851088007879556;9.581603859062518,1.7165682560455653,1.2502531594349593;9.390093762647613,15.472761448915204,2.171069838955237;19.533980818859707,17.049180100391123,0.27883058946767136;10.26526511140737,1.392277412259023,1.016178670844001;3.348893179695101,14.251866662958317,2.4185601003318604;3.4658463430243227,2.9891174118935857,0.21873102450163456;11.48626419771846,13.846024245365946,0.41596374877409237;5.718556999345342,8.252639224464476,0.3082740680827401;5.41842524027721,5.36907783143671,0.36053001055856554;5.263915430660201,12.511724220330363,0.47075426437758255;5.371172332057537,16.5795681636937,2.275404858158624;17.01738932692288,3.949288472633914,1.0833734478179253;1.2152499625451305,9.264165891219097,0.6289695736007946;2.5152666477933683,4.227481450075309,0.31479177433064687;0.8812631632839998,12.985708095722533,0.4433356300474305;18.23134962994997,17.499124477037014,1.7140616004040665;14.70574069346987,10.138925022682221,0.4018617649899432;0.41828819810825524,18.647760106540918,0.22147400162659886;4.200221053635278,15.46778249624208,0.43191318400781337;6.298497731957038,17.535487675311437,0.9892719758789834"
4,drone_4,4.311,8.313,11.528,10.640,"14.927867894972593,1.9417923666224648,0.6851088007879556;9.581603859062518,1.7165682560455653,1.2502531594349593;9.390093762647613,15.472761448915204,2.171069838955237;19.533980818859707,17.049180100391123,0.27883058946767136;10.26526511140737,1.392277412259023,1.016178670844001;3.348893179695101,14.251866662958317,2.4185601003318604;3.4658463430243227,2.9891174118935857,0.21873102450163456;11.48626419771846,13.846024245365946,0.41596374877409237;5.718556999345342,8.252639224464476,0.3082740680827401;5.41842524027721,5.36907783143671,0.36053001055856554;5.263915430660201,12.511724220330363,0.47075426437758255;5.371172332057537,16.5795681636937,2.275404858158624;17.01738932692288,3.949288472633914,1.0833734478179253;1.2152499625451305,9.264165891219097,0.6289695736007946;2.5152666477933683,4.227481450075309,0.31479177433064687;0.8812631632839998,12.985708095722533,0.4433356300474305;18.23134962994997,17.499124477037014,1.7140616004040665;14.70574069346987,10.138925022682221,0.4018617649899432;0.41828819810825524,18.647760106540918,0.22147400162659886;4.200221053635278,15.46778249624208,0.43191318400781337;6.298497731957038,17.535487675311437,0.9892719758789834"
4,drone_5,17.999,14.698,11.528,10.640,"14.927867894972593,1.9417923666224648,0.6851088007879556;9.581603859062518,1.7165682560455653,1.2502531594349593;9.390093762647613,15.472761448915204,2.171069838955237;19.533980818859707,17.049180100391123,0.27883058946767136;10.26526511140737,1.392277412259023,1.016178670844001;3.348893179695101,14.251866662958317,2.4185601003318604;3.4658463430243227,2.9891174118935857,0.21873102450163456;11.48626419771846,13.846024245365946,0.41596374877409237;5.718556999345342,8.252639224464476,0.3082740680827401;5.41842524027721,5.36907783143671,0.36053001055856554;5.263915430660201,12.511724220330363,0.47075426437758255;5.371172332057537,16.5795681636937,2.275404858158624;17.01738932692288,3.949288472633914,1.0833734478179253;1.2152499625451305,9.264165891219097,0.6289695736007946;2.5152666477933683,4.227481450075309,0.31479177433064687;0.8812631632839998,12.985708095722533,0.4433356300474305;18.23134962994997,17.499124477037014,1.7140616004040665;14.70574069346987,10.138925022682221,0.4018617649899432;0.41828819810825524,18.647760106540918,0.22147400162659886;4.200221053635278,15.46778249624208,0.43191318400781337;6.298497731957038,17.535487675311437,0.9892719758789834"
4,drone_6,8.219,4.077,11.528,10.640,"14.927867894972593,1.9417923666224648,0.6851088007879556;9.581603859062518,1.7165682560455653,1.2502531594349593;9.390093762647613,15.472761448915204,2.171069838955237;19.533980818859707,17.049180100391123,0.27883058946767136;10.26526511140737,1.392277412259023,1.016178670844001;3.348893179695101,14.251866662958317,2.4185601003318604;3.4658463430243227,2.9891174118935857,0.21873102450163456;11.48626419771846,13.846024245365946,0.41596374877409237;5.718556999345342,8.252639224464476,0.3082740680827401;5.41842524027721,5.36907783143671,0.36053001055856554;5.263915430660201,12.511724220330363,0.47075426437758255;5.371172332057537,16.5795681636937,2.275404858158624;17.01738932692288,3.949288472633914,1.0833734478179253;1.2152499625451305,9.264165891219097,0.6289695736007946;2.5152666477933683,4.227481450075309,0.31479177433064687;0.8812631632839998,12.985708095722533,0.4433356300474305;18.23134962994997,17.499124477037014,1.7140616004040665;14.70574069346987,10.138925022682221,0.4018617649899432;0.41828819810825524,18.647760106540918,0.22147400162659886;4.200221053635278,15.46778249624208,0.43191318400781337;6.298497731957038,17.535487675311437,0.9892719758789834"
4,drone_7,3.197,7.292,11.528,10.640,"14.927867894972593,1.9417923666224648,0.6851088007879556;9.581603859062518,1.7165682560455653,1.2502531594349593;9.390093762647613,15.472761448915204,2.171069838955237;19.533980818859707,17.049180100391123,0.27883058946767136;10.26526511140737,1.392277412259023,1.016178670844001;3.348893179695101,14.251866662958317,2.4185601003318604;3.4658463430243227,2.9891174118935857,0.21873102450163456;11.48626419771846,13.846024245365946,0.41596374877409237;5.718556999345342,8.252639224464476,0.3082740680827401;5.41842524027721,5.36907783143671,0.36053001055856554;5.263915430660201,12.511724220330363,0.47075426437758255;5.371172332057537,16.5795681636937,2.275404858158624;17.01738932692288,3.949288472633914,1.0833734478179253;1.2152499625451305,9.264165891219097,0.6289695736007946;2.5152666477933683,4.227481450075309,0.31479177433064687;0.8812631632839998,12.985708095722533,0.4433356300474305;18.23134962994997,17.499124477037014,1.7140616004040665;14.70574069346987,10.138925022682221,0.4018617649899432;0.41828819810825524,18.647760106540918,0.22147400162659886;4.200221053635278,15.46778249624208,0.43191318400781337;6.298497731957038,17.535487675311437,0.9892719758789834"
4,drone_8,1.784,4.249,11.528,10.640,"14.927867894972593,1.9417923666224648,0.6851088007879556;9.581603859062518,1.7165682560455653,1.2502531594349593;9.390093762647613,15.472761448915204,2.171069838955237;19.533980818859707,17.049180100391123,0.27883058946767136;10.26526511140737,1.392277412259023,1.016178670844001;3.348893179695101,14.251866662958317,2.4185601003318604;3.4658463430243227,2.9891174118935857,0.21873102450163456;11.48626419771846,13.846024245365946,0.41596374877409237;5.718556999345342,8.252639224464476,0.3082740680827401;5.41842524027721,5.36907783143671,0.36053001055856554;5.263915430660201,12.511724220330363,0.47075426437758255;5.371172332057537,16.5795681636937,2.275404858158624;17.01738932692288,3.949288472633914,1.0833734478179253;1.2152499625451305,9.264165891219097,0.6289695736007946;2.5152666477933683,4.227481450075309,0.31479177433064687;0.8812631632839998,12.985708095722533,0.4433356300474305;18.23134962994997,17.499124477037014,1.7140616004040665;14.70574069346987,10.138925022682221,0.4018617649899432;0.41828819810825524,18.647760106540918,0.22147400162659886;4.200221053635278,15.46778249624208,0.43191318400781337;6.298497731957038,17.535487675311437,0.9892719758789834"
4,drone_9,4.791,6.512,11.528,10.640,"14.927867894972593,1.9417923666224648,0.6851088007879556;9.581603859062518,1.7165682560455653,1.2502531594349593;9.390093762647613,15.472761448915204,2.171069838955237;19.533980818859707,17.049180100391123,0.27883058946767136;10.26526511140737,1.392277412259023,1.016178670844001;3.348893179695101,14.251866662958317,2.4185601003318604;3.4658463430243227,2.9891174118935857,0.21873102450163456;11.48626419771846,13.846024245365946,0.41596374877409237;5.718556999345342,8.252639224464476,0.3082740680827401;5.41842524027721,5.36907783143671,0.36053001055856554;5.263915430660201,12.511724220330363,0.47075426437758255;5.371172332057537,16.5795681636937,2.275404858158624;17.01738932692288,3.949288472633914,1.0833734478179253;1.2152499625451305,9.264165891219097,0.6289695736007946;2.5152666477933683,4.227481450075309,0.31479177433064687;0.8812631632839998,12.985708095722533,0.4433356300474305;18.23134962994997,17.499124477037014,1.7140616004040665;14.70574069346987,10.138925022682221,0.4018617649899432;0.41828819810825524,18.647760106540918,0.22147400162659886;4.200221053635278,15.46778249624208,0.43191318400781337;6.298497731957038,17.535487675311437,0.9892719758789834"
5,drone_0,18.241,8.048,11.528,10.640,"14.927867894972593,1.9417923666224648,0.6851088007879556;9.581603859062518,1.7165682560455653,1.2502531594349593;9.390093762647613,15.472761448915204,2.171069838955237;19.533980818859707,17.049180100391123,0.27883058946767136;10.26526511140737,1.392277412259023,1.016178670844001;3.348893179695101,14.251866662958317,2.4185601003318604;3.4658463430243227,2.9891174118935857,0.21873102450163456;11.48626419771846,13.846024245365946,0.41596374877409237;5.718556999345342,8.252639224464476,0.3082740680827401;5.41842524027721,5.36907783143671,0.36053001055856554;5.263915430660201,12.511724220330363,0.47075426437758255;5.371172332057537,16.5795681636937,2.275404858158624;17.01738932692288,3.949288472633914,1.0833734478179253;1.2152499625451305,9.264165891219097,0.6289695736007946;2.5152666477933683,4.227481450075309,0.31479177433064687;0.8812631632839998,12.985708095722533,0.4433356300474305;18.23134962994997,17.499124477037014,1.7140616004040665;14.70574069346987,10.138925022682221,0.4018617649899432;0.41828819810825524,18.647760106540918,0.22147400162659886;4.200221053635278,15.46778249624208,0.43191318400781337;6.298497731957038,17.535487675311437,0.9892719758789834"
5,drone_1,7.287,3.352,11.528,10.640,"14.927867894972593,1.9417923666224648,0.6851088007879556;9.581603859062518,1.7165682560455653,1.2502531594349593;9.390093762647613,15.472761448915204,2.171069838955237;19.533980818859707,17.049180100391123,0.27883058946767136;10.26526511140737,1.392277412259023,1.016178670844001;3.348893179695101,14.251866662958317,2.4185601003318604;3.4658463430243227,2.9891174118935857,0.21873102450163456;11.48626419771846,13.846024245365946,0.41596374877409237;5.718556999345342,8.252639224464476,0.3082740680827401;5.41842524027721,5.36907783143671,0.36053001055856554;5.263915430660201,12.511724220330363,0.47075426437758255;5.371172332057537,16.5795681636937,2.275404858158624;17.01738932692288,3.949288472633914,1.0833734478179253;1.2152499625451305,9.264165891219097,0.6289695736007946;2.5152666477933683,4.227481450075309,0.31479177433064687;0.8812631632839998,12.985708095722533,0.4433356300474305;18.23134962994997,17.499124477037014,1.7140616004040665;14.70574069346987,10.138925022682221,0.4018617649899432;0.41828819810825524,18.647760106540918,0.22147400162659886;4.200221053635278,15.46778249624208,0.43191318400781337;6.298497731957038,17.535487675311437,0.9892719758789834"
5,drone_2,3.281,1.735,11.528,10.640,"14.927867894972593,1.9417923666224648,0.6851088007879556;9.581603859062518,1.7165682560455653,1.2502531594349593;9.390093762647613,15.472761448915204,2.171069838955237;19.533980818859707,17.049180100391123,0.27883058946767136;10.26526511140737,1.392277412259023,1.016178670844001;3.348893179695101,14.251866662958317,2.4185601003318604;3.4658463430243227,2.9891174118935857,0.21873102450163456;11.48626419771846,13.846024245365946,0.41596374877409237;5.718556999345342,8.252639224464476,0.3082740680827401;5.41842524027721,5.36907783143671,0.36053001055856554;5.263915430660201,12.511724220330363,0.47075426437758255;5.371172332057537,16.5795681636937,2.275404858158624;17.01738932692288,3.949288472633914,1.0833734478179253;1.2152499625451305,9.264165891219097,0.6289695736007946;2.5152666477933683,4.227481450075309,0.31479177433064687;0.8812631632839998,12.985708095722533,0.4433356300474305;18.23134962994997,17.499124477037014,1.7140616004040665;14.70574069346987,10.138925022682221,0.4018617649899432;0.41828819810825524,18.647760106540918,0.22147400162659886;4.200221053635278,15.46778249624208,0.43191318400781337;6.298497731957038,17.535487675311437,0.9892719758789834"
5,drone_3,16.657,2.362,11.528,10.640,"14.927867894972593,1.9417923666224648,0.6851088007879556;9.581603859062518,1.7165682560455653,1.2502531594349593;9.390093762647613,15.472761448915204,2.171069838955237;19.533980818859707,17.049180100391123,0.27883058946767136;10.26526511140737,1.392277412259023,1.016178670844001;3.348893179695101,14.251866662958317,2.4185601003318604;3.4658463430243227,2.9891174118935857,0.21873102450163456;11.48626419771846,13.846024245365946,0.41596374877409237;5.718556999345342,8.252639224464476,0.3082740680827401;5.41842524027721,5.36907783143671,0.36053001055856554;5.263915430660201,12.511724220330363,0.47075426437758255;5.371172332057537,16.5795681636937,2.275404858158624;17.01738932692288,3.949288472633914,1.0833734478179253;1.2152499625451305,9.264165891219097,0.6289695736007946;2.5152666477933683,4.227481450075309,0.31479177433064687;0.8812631632839998,12.985708095722533,0.4433356300474305;18.23134962994997,17.499124477037014,1.7140616004040665;14.70574069346987,10.138925022682221,0.4018617649899432;0.41828819810825524,18.647760106540918,0.22147400162659886;4.200221053635278,15.46778249624208,0.43191318400781337;6.298497731957038,17.535487675311437,0.9892719758789834"
5,drone_4,4.505,8.361,11.528,10.640,"14.927867894972593,1.9417923666224648,0.6851088007879556;9.581603859062518,1.7165682560455653,1.2502531594349593;9.390093762647613,15.472761448915204,2.171069838955237;19.533980818859707,17.049180100391123,0.27883058946767136;10.26526511140737,1.392277412259023,1.016178670844001;3.348893179695101,14.251866662958317,2.4185601003318604;3.4658463430243227,2.9891174118935857,0.21873102450163456;11.48626419771846,13.846024245365946,0.41596374877409237;5.718556999345342,8.252639224464476,0.3082740680827401;5.41842524027721,5.36907783143671,0.36053001055856554;5.263915430660201,12.511724220330363,0.47075426437758255;5.371172332057537,16.5795681636937,2.275404858158624;17.01738932692288,3.949288472633914,1.0833734478179253;1.2152499625451305,9.264165891219097,0.6289695736007946;2.5152666477933683,4.227481450075309,0.31479177433064687;0.8812631632839998,12.985708095722533,0.4433356300474305;18.23134962994997,17.499124477037014,1.7140616004040665;14.70574069346987,10.138925022682221,0.4018617649899432;0.41828819810825524,18.647760106540918,0.22147400162659886;4.200221053635278,15.46778249624208,0.43191318400781337;6.298497731957038,17.535487675311437,0.9892719758789834"
5,drone_5,17.858,14.557,11.528,10.640,"14.927867894972593,1.9417923666224648,0.6851088007879556;9.581603859062518,1.7165682560455653,1.2502531594349593;9.390093762647613,15.472761448915204,2.171069838955237;19.533980818859707,17.049180100391123,0.27883058946767136;10.26526511140737,1.392277412259023,1.016178670844001;3.348893179695101,14.251866662958317,2.4185601003318604;3.4658463430243227,2.9891174118935857,0.21873102450163456;11.48626419771846,13.846024245365946,0.41596374877409237;5.718556999345342,8.252639224464476,0.3082740680827401;5.41842524027721,5.36907783143671,0.36053001055856554;5.263915430660201,12.511724220330363,0.47075426437758255;5.371172332057537,16.5795681636937,2.275404858158624;17.01738932692288,3.949288472633914,1.0833734478179253;1.2152499625451305,9.264165891219097,0.6289695736007946;2.5152666477933683,4.227481450075309,0.31479177433064687;0.8812631632839998,12.985708095722533,0.4433356300474305;18.23134962994997,17.499124477037014,1.7140616004040665;14.70574069346987,10.138925022682221,0.4018617649899432;0.41828819810825524,18.647760106540918,0.22147400162659886;4.200221053635278,15.46778249624208,0.43191318400781337;6.298497731957038,17.535487675311437,0.9892719758789834"
5,drone_6,8.360,4.219,11.528,10.640,"14.927867894972593,1.9417923666224648,0.6851088007879556;9.581603859062518,1.7165682560455653,1.2502531594349593;9.390093762647613,15.472761448915204,2.171069838955237;19.533980818859707,17.049180100391123,0.27883058946767136;10.26526511140737,1.392277412259023,1.016178670844001;3.348893179695101,14.251866662958317,2.4185601003318604;3.4658463430243227,2.9891174118935857,0.21873102450163456;11.48626419771846,13.846024245365946,0.41596374877409237;5.718556999345342,8.252639224464476,0.3082740680827401;5.41842524027721,5.36907783143671,0.36053001055856554;5.263915430660201,12.511724220330363,0.47075426437758255;5.371172332057537,16.5795681636937,2.275404858158624;17.01738932692288,3.949288472633914,1.0833734478179253;1.2152499625451305,9.264165891219097,0.6289695736007946;2.5152666477933683,4.227481450075309,0.31479177433064687;0.8812631632839998,12.985708095722533,0.4433356300474305;18.23134962994997,17.499124477037014,1.7140616004040665;14.70574069346987,10.138925022682221,0.4018617649899432;0.41828819810825524,18.647760106540918,0.22147400162659886;4.200221053635278,15.46778249624208,0.43191318400781337;6.298497731957038,17.535487675311437,0.9892719758789834"
5,drone_7,3.365,7.400,11.528,10.640,"14.927867894972593,1.9417923666224648,0.6851088007879556;9.581603859062518,1.7165682560455653,1.2502531594349593;9.390093762647613,15.472761448915204,2.171069838955237;19.533980818859707,17.049180100391123,0.27883058946767136;10.26526511140737,1.392277412259023,1.016178670844001;3.348893179695101,14.251866662958317,2.4185601003318604;3.4658463430243227,2.9891174118935857,0.21873102450163456;11.48626419771846,13.846024245365946,0.41596374877409237;5.718556999345342,8.252639224464476,0.3082740680827401;5.41842524027721,5.36907783143671,0.36053001055856554;5.263915430660201,12.511724220330363,0.47075426437758255;5.371172332057537,16.5795681636937,2.275404858158624;17.01738932692288,3.949288472633914,1.0833734478179253;1.2152499625451305,9.264165891219097,0.6289695736007946;2.5152666477933683,4.227481450075309,0.31479177433064687;0.8812631632839998,12.985708095722533,0.4433356300474305;18.23134962994997,17.499124477037014,1.7140616004040665;14.70574069346987,10.138925022682221,0.4018617649899432;0.41828819810825524,18.647760106540918,0.22147400162659886;4.200221053635278,15.46778249624208,0.43191318400781337;6.298497731957038,17.535487675311437,0.9892719758789834"
5,drone_8,1.741,4.444,11.528,10.640,"14.927867894972593,1.9417923666224648,0.6851088007879556;9.581603859062518,1.7165682560455653,1.2502531594349593;9.390093762647613,15.472761448915204,2.171069838955237;19.533980818859707,17.049180100391123,0.27883058946767136;10.26526511140737,1.392277412259023,1.016178670844001;3.348893179695101,14.251866662958317,2.4185601003318604;3.4658463430243227,2.9891174118935857,0.21873102450163456;11.48626419771846,13.846024245365946,0.41596374877409237;5.718556999345342,8.252639224464476,0.3082740680827401;5.41842524027721,5.36907783143671,0.36053001055856554;5.263915430660201,12.511724220330363,0.47075426437758255;5.371172332057537,16.5795681636937,2.275404858158624;17.01738932692288,3.949288472633914,1.0833734478179253;1.2152499625451305,9.264165891219097,0.6289695736007946;2.5152666477933683,4.227481450075309,0.31479177433064687;0.8812631632839998,12.985708095722533,0.4433356300474305;18.23134962994997,17.499124477037014,1.7140616004040665;14.70574069346987,10.138925022682221,0.4018617649899432;0.41828819810825524,18.647760106540918,0.22147400162659886;4.200221053635278,15.46778249624208,0.43191318400781337;6.298497731957038,17.535487675311437,0.9892719758789834"
5,drone_9,4.933,6.653,11.528,10.640,"14.927867894972593,1.9417923666224648,0.6851088007879556;9.581603859062518,1.7165682560455653,1.2502531594349593;9.390093762647613,15.472761448915204,2.171069838955237;19.533980818859707,17.049180100391123,0.27883058946767136;10.26526511140737,1.392277412259023,1.016178670844001;3.348893179695101,14.251866662958317,2.4185601003318604;3.4658463430243227,2.9891174118935857,0.21873102450163456;11.48626419771846,13.846024245365946,0.41596374877409237;5.718556999345342,8.252639224464476,0.3082740680827401;5.41842524027721,5.36907783143671,0.36053001055856554;5.263915430660201,12.511724220330363,0.47075426437758255;5.371172332057537,16.5795681636937,2.275404858158624;17.01738932692288,3.949288472633914,1.0833734478179253;1.2152499625451305,9.264165891219097,0.6289695736007946;2.5152666477933683,4.227481450075309,0.31479177433064687;0.8812631632839998,12.985708095722533,0.4433356300474305;18.23134962994997,17.499124477037014,1.7140616004040665;14.70574069346987,10.138925022682221,0.4018617649899432;0.41828819810825524,18.647760106540918,0.22147400162659886;4.200221053635278,15.46778249624208,0.43191318400781337;6.298497731957038,17.535487675311437,0.9892719758789834"
6,drone_0,18.099,8.190,11.528,10.640,"14.927867894972593,1.9417923666224648,0.6851088007879556;9.581603859062518,1.7165682560455653,1.2502531594349593;9.390093762647613,15.472761448915204,2.171069838955237;19.533980818859707,17.049180100391123,0.27883058946767136;10.26526511140737,1.392277412259023,1.016178670844001;3.348893179695101,14.251866662958317,2.4185601003318604;3.4658463430243227,2.9891174118935857,0.21873102450163456;11.48626419771846,13.846024245365946,0.41596374877409237;5.718556999345342,8.252639224464476,0.3082740680827401;5.41842524027721,5.36907783143671,0.36053001055856554;5.263915430660201,12.511724220330363,0.47075426437758255;5.371172332057537,16.5795681636937,2.275404858158624;17.01738932692288,3.949288472633914,1.0833734478179253;1.2152499625451305,9.264165891219097,0.6289695736007946;2.5152666477933683,4.227481450075309,0.31479177433064687;0.8812631632839998,12.985708095722533,0.4433356300474305;18.23134962994997,17.499124477037014,1.7140616004040665;14.70574069346987,10.138925022682221,0.4018617649899432;0.41828819810825524,18.647760106540918,0.22147400162659886;4.200221053635278,15.46778249624208,0.43191318400781337;6.298497731957038,17.535487675311437,0.9892719758789834"
6,drone_1,7.429,3.494,11.528,10.640,"14.927867894972593,1.9417923666224648,0.6851088007879556;9.581603859062518,1.7165682560455653,1.2502531594349593;9.390093762647613,15.472761448915204,2.171069838955237;19.533980818859707,17.049180100391123,0.27883058946767136;10.26526511140737,1.392277412259023,1.016178670844001;3.348893179695101,14.251866662958317,2.4185601003318604;3.4658463430243227,2.9891174118935857,0.21873102450163456;11.48626419771846,13.846024245365946,0.41596374877409237;5.718556999345342,8.252639224464476,0.3082740680827401;5.41842524027721,5.36907783143671,0.36053001055856554;5.263915430660201,12.511724220330363,0.47075426437758255;5.371172332057537,16.5795681636937,2.275404858158624;17.01738932692288,3.949288472633914,1.0833734478179253;1.2152499625451305,9.264165891219097,0.6289695736007946;2.5152666477933683,4.227481450075309,0.31479177433064687;0.8812631632839998,12.985708095722533,0.4433356300474305;18.23134962994997,17.499124477037014,1.7140616004040665;14.70574069346987,10.138925022682221,0.4018617649899432;0.41828819810825524,18.647760106540918,0.22147400162659886;4.200221053635278,15.46778249624208,0.43191318400781337;6.298497731957038,17.535487675311437,0.9892719758789834"
6,drone_2,3.423,1.876,11.528,10.640,"14.927867894972593,1.9417923666224648,0.6851088007879556;9.581603859062518,1.7165682560455653,1.2502531594349593;9.390093762647613,15.472761448915204,2.171069838955237;19.533980818859707,17.049180100391123,0.27883058946767136;10.26526511140737,1.392277412259023,1.016178670844001;3.348893179695101,14.251866662958317,2.4185601003318604;3.4658463430243227,2.9891174118935857,0.21873102450163456;11.48626419771846,13.846024245365946,0.41596374877409237;5.718556999345342,8.252639224464476,0.3082740680827401;5.41842524027721,5.36907783143671,0.36053001055856554;5.263915430660201,12.511724220330363,0.47075426437758255;5.371172332057537,16.5795681636937,2.275404858158624;17.01738932692288,3.949288472633914,1.0833734478179253;1.2152499625451305,9.264165891219097,0.6289695736007946;2.5152666477933683,4.227481450075309,0.31479177433064687;0.8812631632839998,12.985708095722533,0.4433356300474305;18.23134962994997,17.499124477037014,1.7140616004040665;14.70574069346987,10.138925022682221,0.4018617649899432;0.41828819810825524,18.647760106540918,0.22147400162659886;4.200221053635278,15.46778249624208,0.43191318400781337;6.298497731957038,17.535487675311437,0.9892719758789834"
6,drone_3,16.516,2.503,11.528,10.640,"14.927867894972593,1.9417923666224648,0.6851088007879556;9.581603859062518,1.7165682560455653,1.2502531594349593;9.390093762647613,15.472761448915204,2.171069838955237;19.533980818859707,17.049180100391123,0.27883058946767136;10.26526511140737,1.392277412259023,1.016178670844001;3.348893179695101,14.251866662958317,2.4185601003318604;3.4658463430243227,2.9891174118935857,0.21873102450163456;11.48626419771846,13.846024245365946,0.41596374877409237;5.718556999345342,8.252639224464476,0.3082740680827401;5.41842524027721,5.36907783143671,0.36053001055856554;5.263915430660201,12.511724220330363,0.47075426437758255;5.371172332057537,16.5795681636937,2.275404858158624;17.01738932692288,3.949288472633914,1.0833734478179253;1.2152499625451305,9.264165891219097,0.6289695736007946;2.5152666477933683,4.227481450075309,0.31479177433064687;0.8812631632839998,12.985708095722533,0.4433356300474305;18.23134962994997,17.499124477037014,1.7140616004040665;14.70574069346987,10.138925022682221,0.4018617649899432;0.41828819810825524,18.647760106540918,0.22147400162659886;4.200221053635278,15.46778249624208,0.43191318400781337;6.298497731957038,17.535487675311437,0.9892719758789834"
6,drone_4,4.684,8.452,11.528,10.640,"14.927867894972593,1.9417923666224648,0.6851088007879556;9.581603859062518,1.7165682560455653,1.2502531594349593;9.390093762647613,15.472761448915204,2.171069838955237;19.533980818859707,17.049180100391123,0.27883058946767136;10.26526511140737,1.392277412259023,1.016178670844001;3.348893179695101,14.251866662958317,2.4185601003318604;3.4658463430243227,2.9891174118935857,0.21873102450163456;11.48626419771846,13.846024245365946,0.41596374877409237;5.718556999345342,8.252639224464476,0.3082740680827401;5.41842524027721,5.36907783143671,0.36053001055856554;5.263915430660201,12.511724220330363,0.47075426437758255;5.371172332057537,16.5795681636937,2.275404858158624;17.01738932692288,3.949288472633914,1.0833734478179253;1.2152499625451305,9.264165891219097,0.6289695736007946;2.5152666477933683,4.227481450075309,0.31479177433064687;0.8812631632839998,12.985708095722533,0.4433356300474305;18.23134962994997,17.499124477037014,1.7140616004040665;14.70574069346987,10.138925022682221,0.4018617649899432;0.41828819810825524,18.647760106540918,0.22147400162659886;4.200221053635278,15.46778249624208,0.43191318400781337;6.298497731957038,17.535487675311437,0.9892719758789834"
6,drone_5,17.716,14.416,11.528,10.640,"14.927867894972593,1.9417923666224648,0.6851088007879556;9.581603859062518,1.7165682560455653,1.2502531594349593;9.390093762647613,15.472761448915204,2.171069838955237;19.533980818859707,17.049180100391123,0.27883058946767136;10.26526511140737,1.392277412259023,1.016178670844001;3.348893179695101,14.251866662958317,2.4185601003318604;3.4658463430243227,2.9891174118935857,0.21873102450163456;11.48626419771846,13.846024245365946,0.41596374877409237;5.718556999345342,8.252639224464476,0.3082740680827401;5.41842524027721,5.36907783143671,0.36053001055856554;5.263915430660201,12.511724220330363,0.47075426437758255;5.371172332057537,16.5795681636937,2.275404858158624;17.01738932692288,3.949288472633914,1.0833734478179253;1.2152499625451305,9.264165891219097,0.6289695736007946;2.5152666477933683,4.227481450075309,0.31479177433064687;0.8812631632839998,12.985708095722533,0.4433356300474305;18.23134962994997,17.499124477037014,1.7140616004040665;14.70574069346987,10.138925022682221,0.4018617649899432;0.41828819810825524,18.647760106540918,0.22147400162659886;4.200221053635278,15.46778249624208,0.43191318400781337;6.298497731957038,17.535487675311437,0.9892719758789834"
6,drone_6,8.502,4.360,11.528,10.640,"14.927867894972593,1.9417923666224648,0.6851088007879556;9.581603859062518,1.7165682560455653,1.2502531594349593;9.390093762647613,15.472761448915204,2.171069838955237;19.533980818859707,17.049180100391123,0.27883058946767136;10.26526511140737,1.392277412259023,1.016178670844001;3.348893179695101,14.251866662958317,2.4185601003318604;3.4658463430243227,2.9891174118935857,0.21873102450163456;11.48626419771846,13.846024245365946,0.41596374877409237;5.718556999345342,8.252639224464476,0.3082740680827401;5.41842524027721,5.36907783143671,0.36053001055856554;5.263915430660201,12.511724220330363,0.47075426437758255;5.371172332057537,16.5795681636937,2.275404858158624;17.01738932692288,3.949288472633914,1.0833734478179253;1.2152499625451305,9.264165891219097,0.6289695736007946;2.5152666477933683,4.227481450075309,0.31479177433064687;0.8812631632839998,12.985708095722533,0.4433356300474305;18.23134962994997,17.499124477037014,1.7140616004040665;14.70574069346987,10.138925022682221,0.4018617649899432;0.41828819810825524,18.647760106540918,0.22147400162659886;4.200221053635278,15.46778249624208,0.43191318400781337;6.298497731957038,17.535487675311437,0.9892719758789834"
6,drone_7,3.522,7.523,11.528,10.640,"14.927867894972593,1.9417923666224648,0.6851088007879556;9.581603859062518,1.7165682560455653,1.2502531594349593;9.390093762647613,15.472761448915204,2.171069838955237;19.533980818859707,17.049180100391123,0.27883058946767136;10.26526511140737,1.392277412259023,1.016178670844001;3.348893179695101,14.251866662958317,2.4185601003318604;3.4658463430243227,2.9891174118935857,0.21873102450163456;11.48626419771846,13.846024245365946,0.41596374877409237;5.718556999345342,8.252639224464476,0.3082740680827401;5.41842524027721,5.36907783143671,0.36053001055856554;5.263915430660201,12.511724220330363,0.47075426437758255;5.371172332057537,16.5795681636937,2.275404858158624;17.01738932692288,3.949288472633914,1.0833734478179253;1.2152499625451305,9.264165891219097,0.6289695736007946;2.5152666477933683,4.227481450075309,0.31479177433064687;0.8812631632839998,12.985708095722533,0.4433356300474305;18.23134962994997,17.499124477037014,1.7140616004040665;14.70574069346987,10.138925022682221,0.4018617649899432;0.41828819810825524,18.647760106540918,0.22147400162659886;4.200221053635278,15.46778249624208,0.43191318400781337;6.298497731957038,17.535487675311437,0.9892719758789834"
6,drone_8,1.778,4.641,11.528,10.640,"14.927867894972593,1.9417923666224648,0.6851088007879556;9.581603859062518,1.7165682560455653,1.2502531594349593;9.390093762647613,15.472761448915204,2.171069838955237;19.533980818859707,17.049180100391123,0.27883058946767136;10.26526511140737,1.392277412259023,1.016178670844001;3.348893179695101,14.251866662958317,2.4185601003318604;3.4658463430243227,2.9891174118935857,0.21873102450163456;11.48626419771846,13.846024245365946,0.41596374877409237;5.718556999345342,8.252639224464476,0.3082740680827401;5.41842524027721,5.36907783143671,0.36053001055856554;5.263915430660201,12.511724220330363,0.47075426437758255;5.371172332057537,16.5795681636937,2.275404858158624;17.01738932692288,3.949288472633914,1.0833734478179253;1.2152499625451305,9.264165891219097,0.6289695736007946;2.5152666477933683,4.227481450075309,0.31479177433064687;0.8812631632839998,12.985708095722533,0.4433356300474305;18.23134962994997,17.499124477037014,1.7140616004040665;14.70574069346987,10.138925022682221,0.4018617649899432;0.41828819810825524,18.647760106540918,0.22147400162659886;4.200221053635278,15.46778249624208,0.43191318400781337;6.298497731957038,17.535487675311437,0.9892719758789834"
6,drone_9,5.074,6.795,11.528,10.640,"14.927867894972593,1.9417923666224648,0.6851088007879556;9.581603859062518,1.7165682560455653,1.2502531594349593;9.390093762647613,15.472761448915204,2.171069838955237;19.533980818859707,17.049180100391123,0.27883058946767136;10.26526511140737,1.392277412259023,1.016178670844001;3.348893179695101,14.251866662958317,2.4185601003318604;3.4658463430243227,2.9891174118935857,0.21873102450163456;11.48626419771846,13.846024245365946,0.41596374877409237;5.718556999345342,8.252639224464476,0.3082740680827401;5.41842524027721,5.36907783143671,0.36053001055856554;5.263915430660201,12.511724220330363,0.47075426437758255;5.371172332057537,16.5795681636937,2.275404858158624;17.01738932692288,3.949288472633914,1.0833734478179253;1.2152499625451305,9.264165891219097,0.6289695736007946;2.5152666477933683,4.227481450075309,0.31479177433064687;0.8812631632839998,12.985708095722533,0.4433356300474305;18.23134962994997,17.499124477037014,1.7140616004040665;14.70574069346987,10.138925022682221,0.4018617649899432;0.41828819810825524,18.647760106540918,0.22147400162659886;4.200221053635278,15.46778249624208,0.43191318400781337;6.298497731957038,17.535487675311437,0.9892719758789834"
7,drone_0,17.958,8.331,11.528,10.640,"14.927867894972593,1.9417923666224648,0.6851088007879556;9.581603859062518,1.7165682560455653,1.2502531594349593;9.390093762647613,15.472761448915204,2.171069838955237;19.533980818859707,17.049180100391123,0.27883058946767136;10.26526511140737,1.392277412259023,1.016178670844001;3.348893179695101,14.251866662958317,2.4185601003318604;3.4658463430243227,2.9891174118935857,0.21873102450163456;11.48626419771846,13.846024245365946,0.41596374877409237;5.718556999345342,8.252639224464476,0.3082740680827401;5.41842524027721,5.36907783143671,0.36053001055856554;5.263915430660201,12.511724220330363,0.47075426437758255;5.371172332057537,16.5795681636937,2.275404858158624;17.01738932692288,3.949288472633914,1.0833734478179253;1.2152499625451305,9.264165891219097,0.6289695736007946;2.5152666477933683,4.227481450075309,0.31479177433064687;0.8812631632839998,12.985708095722533,0.4433356300474305;18.23134962994997,17.499124477037014,1.7140616004040665;14.70574069346987,10.138925022682221,0.4018617649899432;0.41828819810825524,18.647760106540918,0.22147400162659886;4.200221053635278,15.46778249624208,0.43191318400781337;6.298497731957038,17.535487675311437,0.9892719758789834"
7,drone_1,7.570,3.635,11.528,10.640,"14.927867894972593,1.9417923666224648,0.6851088007879556;9.581603859062518,1.7165682560455653,1.2502531594349593;9.390093762647613,15.472761448915204,2.171069838955237;19.533980818859707,17.049180100391123,0.27883058946767136;10.26526511140737,1.392277412259023,1.016178670844001;3.348893179695101,14.251866662958317,2.4185601003318604;3.4658463430243227,2.9891174118935857,0.21873102450163456;11.48626419771846,13.846024245365946,0.41596374877409237;5.718556999345342,8.252639224464476,0.3082740680827401;5.41842524027721,5.36907783143671,0.36053001055856554;5.263915430660201,12.511724220330363,0.47075426437758255;5.371172332057537,16.5795681636937,2.275404858158624;17.01738932692288,3.949288472633914,1.0833734478179253;1.2152499625451305,9.264165891219097,0.6289695736007946;2.5152666477933683,4.227481450075309,0.31479177433064687;0.8812631632839998,12.985708095722533,0.4433356300474305;18.23134962994997,17.499124477037014,1.7140616004040665;14.70574069346987,10.138925022682221,0.4018617649899432;0.41828819810825524,18.647760106540918,0.22147400162659886;4.200221053635278,15.46778249624208,0.43191318400781337;6.298497731957038,17.535487675311437,0.9892719758789834"
7,drone_2,3.564,2.018,11.528,10.640,"14.927867894972593,1.9417923666224648,0.6851088007879556;9.581603859062518,1.7165682560455653,1.2502531594349593;9.390093762647613,15.472761448915204,2.171069838955237;19.533980818859707,17.049180100391123,0.27883058946767136;10.26526511140737,1.392277412259023,1.016178670844001;3.348893179695101,14.251866662958317,2.4185601003318604;3.4658463430243227,2.9891174118935857,0.21873102450163456;11.48626419771846,13.846024245365946,0.41596374877409237;5.718556999345342,8.252639224464476,0.3082740680827401;5.41842524027721,5.36907783143671,0.36053001055856554;5.263915430660201,12.511724220330363,0.47075426437758255;5.371172332057537,16.5795681636937,2.275404858158624;17.01738932692288,3.949288472633914,1.0833734478179253;1.2152499625451305,9.264165891219097,0.6289695736007946;2.5152666477933683,4.227481450075309,0.31479177433064687;0.8812631632839998,12.985708095722533,0.4433356300474305;18.23134962994997,17.499124477037014,1.7140616004040665;14.70574069346987,10.138925022682221,0.4018617649899432;0.41828819810825524,18.647760106540918,0.22147400162659886;4.200221053635278,15.46778249624208,0.43191318400781337;6.298497731957038,17.535487675311437,0.9892719758789834"
7,drone_3,16.319,2.537,11.528,10.640,"14.927867894972593,1.9417923666224648,0.6851088007879556;9.581603859062518,1.7165682560455653,1.2502531594349593;9.390093762647613,15.472761448915204,2.171069838955237;19.533980818859707,17.049180100391123,0.27883058946767136;10.26526511140737,1.392277412259023,1.016178670844001;3.348893179695101,14.251866662958317,2.4185601003318604;3.4658463430243227,2.9891174118935857,0.21873102450163456;11.48626419771846,13.846024245365946,0.41596374877409237;5.718556999345342,8.252639224464476,0.3082740680827401;5.41842524027721,5.36907783143671,0.36053001055856554;5.263915430660201,12.511724220330363,0.47075426437758255;5.371172332057537,16.5795681636937,2.275404858158624;17.01738932692288,3.949288472633914,1.0833734478179253;1.2152499625451305,9.264165891219097,0.6289695736007946;2.5152666477933683,4.227481450075309,0.31479177433064687;0.8812631632839998,12.985708095722533,0.4433356300474305;18.23134962994997,17.499124477037014,1.7140616004040665;14.70574069346987,10.138925022682221,0.4018617649899432;0.41828819810825524,18.647760106540918,0.22147400162659886;4.200221053635278,15.46778249624208,0.43191318400781337;6.298497731957038,17.535487675311437,0.9892719758789834"
7,drone_4,4.849,8.565,11.528,10.640,"14.927867894972593,1.9417923666224648,0.6851088007879556;9.581603859062518,1.7165682560455653,1.2502531594349593;9.390093762647613,15.472761448915204,2.171069838955237;19.533980818859707,17.049180100391123,0.27883058946767136;10.26526511140737,1.392277412259023,1.016178670844001;3.348893179695101,14.251866662958317,2.4185601003318604;3.4658463430243227,2.9891174118935857,0.21873102450163456;11.48626419771846,13.846024245365946,0.41596374877409237;5.718556999345342,8.252639224464476,0.3082740680827401;5.41842524027721,5.36907783143671,0.36053001055856554;5.263915430660201,12.511724220330363,0.47075426437758255;5.371172332057537,16.5795681636937,2.275404858158624;17.01738932692288,3.949288472633914,1.0833734478179253;1.2152499625451305,9.264165891219097,0.6289695736007946;2.5152666477933683,4.227481450075309,0.31479177433064687;0.8812631632839998,12.985708095722533,0.4433356300474305;18.23134962994997,17.499124477037014,1.7140616004040665;14.70574069346987,10.138925022682221,0.4018617649899432;0.41828819810825524,18.647760106540918,0.22147400162659886;4.200221053635278,15.46778249624208,0.43191318400781337;6.298497731957038,17.535487675311437,0.9892719758789834"
7,drone_5,17.575,14.274,11.528,10.640,"14.927867894972593,1.9417923666224648,0.6851088007879556;9.581603859062518,1.7165682560455653,1.2502531594349593;9.390093762647613,15.472761448915204,2.171069838955237;19.533980818859707,17.049180100391123,0.27883058946767136;10.26526511140737,1.392277412259023,1.016178670844001;3.348893179695101,14.251866662958317,2.4185601003318604;3.4658463430243227,2.9891174118935857,0.21873102450163456;11.48626419771846,13.846024245365946,0.41596374877409237;5.718556999345342,8.252639224464476,0.3082740680827401;5.41842524027721,5.36907783143671,0.36053001055856554;5.263915430660201,12.511724220330363,0.47075426437758255;5.371172332057537,16.5795681636937,2.275404858158624;17.01738932692288,3.949288472633914,1.0833734478179253;1.2152499625451305,9.264165891219097,0.6289695736007946;2.5152666477933683,4.227481450075309,0.31479177433064687;0.8812631632839998,12.985708095722533,0.4433356300474305;18.23134962994997,17.499124477037014,1.7140616004040665;14.70574069346987,10.138925022682221,0.4018617649899432;0.41828819810825524,18.647760106540918,0.22147400162659886;4.200221053635278,15.46778249624208,0.43191318400781337;6.298497731957038,17.535487675311437,0.9892719758789834"
7,drone_6,8.643,4.502,11.528,10.640,"14.927867894972593,1.9417923666224648,0.6851088007879556;9.581603859062518,1.7165682560455653,1.2502531594349593;9.390093762647613,15.472761448915204,2.171069838955237;19.533980818859707,17.049180100391123,0.27883058946767136;10.26526511140737,1.392277412259023,1.016178670844001;3.348893179695101,14.251866662958317,2.4185601003318604;3.4658463430243227,2.9891174118935857,0.21873102450163456;11.48626419771846,13.846024245365946,0.41596374877409237;5.718556999345342,8.252639224464476,0.3082740680827401;5.41842524027721,5.36907783143671,0.36053001055856554;5.263915430660201,12.511724220330363,0.47075426437758255;5.371172332057537,16.5795681636937,2.275404858158624;17.01738932692288,3.949288472633914,1.0833734478179253;1.2152499625451305,9.264165891219097,0.6289695736007946;2.5152666477933683,4.227481450075309,0.31479177433064687;0.8812631632839998,12.985708095722533,0.4433356300474305;18.23134962994997,17.499124477037014,1.7140616004040665;14.70574069346987,10.138925022682221,0.4018617649899432;0.41828819810825524,18.647760106540918,0.22147400162659886;4.200221053635278,15.46778249624208,0.43191318400781337;6.298497731957038,17.535487675311437,0.9892719758789834"
7,drone_7,3.674,7.654,11.528,10.640,"14.927867894972593,1.9417923666224648,0.6851088007879556;9.581603859062518,1.7165682560455653,1.2502531594349593;9.390093762647613,15.472761448915204,2.171069838955237;19.533980818859707,17.049180100391123,0.27883058946767136;10.26526511140737,1.392277412259023,1.016178670844001;3.348893179695101,14.251866662958317,2.4185601003318604;3.4658463430243227,2.9891174118935857,0.21873102450163456;11.48626419771846,13.846024245365946,0.41596374877409237;5.718556999345342,8.252639224464476,0.3082740680827401;5.41842524027721,5.36907783143671,0.36053001055856554;5.263915430660201,12.511724220330363,0.47075426437758255;5.371172332057537,16.5795681636937,2.275404858158624;17.01738932692288,3.949288472633914,1.0833734478179253;1.2152499625451305,9.264165891219097,0.6289695736007946;2.5152666477933683,4.227481450075309,0.31479177433064687;0.8812631632839998,12.985708095722533,0.4433356300474305;18.23134962994997,17.499124477037014,1.7140616004040665;14.70574069346987,10.138925022682221,0.4018617649899432;0.41828819810825524,18.647760106540918,0.22147400162659886;4.200221053635278,15.46778249624208,0.43191318400781337;6.298497731957038,17.535487675311437,0.9892719758789834"
7,drone_8,1.862,4.822,11.528,10.640,"14.927867894972593,1.9417923666224648,0.6851088007879556;9.581603859062518,1.7165682560455653,1.2502531594349593;9.390093762647613,15.472761448915204,2.171069838955237;19.533980818859707,17.049180100391123,0.27883058946767136;10.26526511140737,1.392277412259023,1.016178670844001;3.348893179695101,14.251866662958317,2.4185601003318604;3.4658463430243227,2.9891174118935857,0.21873102450163456;11.48626419771846,13.846024245365946,0.41596374877409237;5.718556999345342,8.252639224464476,0.3082740680827401;5.41842524027721,5.36907783143671,0.36053001055856554;5.263915430660201,12.511724220330363,0.47075426437758255;5.371172332057537,16.5795681636937,2.275404858158624;17.01738932692288,3.949288472633914,1.0833734478179253;1.2152499625451305,9.264165891219097,0.6289695736007946;2.5152666477933683,4.227481450075309,0.31479177433064687;0.8812631632839998,12.985708095722533,0.4433356300474305;18.23134962994997,17.499124477037014,1.7140616004040665;14.70574069346987,10.138925022682221,0.4018617649899432;0.41828819810825524,18.647760106540918,0.22147400162659886;4.200221053635278,15.46778249624208,0.43191318400781337;6.298497731957038,17.535487675311437,0.9892719758789834"
7,drone_9,5.216,6.936,11.528,10.640,"14.927867894972593,1.9417923666224648,0.6851088007879556;9.581603859062518,1.7165682560455653,1.2502531594349593;9.390093762647613,15.472761448915204,2.171069838955237;19.533980818859707,17.049180100391123,0.27883058946767136;10.26526511140737,1.392277412259023,1.016178670844001;3.348893179695101,14.251866662958317,2.4185601003318604;3.4658463430243227,2.9891174118935857,0.21873102450163456;11.48626419771846,13.846024245365946,0.41596374877409237;5.718556999345342,8.252639224464476,0.3082740680827401;5.41842524027721,5.36907783143671,0.36053001055856554;5.263915430660201,12.511724220330363,0.47075426437758255;5.371172332057537,16.5795681636937,2.275404858158624;17.01738932692288,3.949288472633914,1.0833734478179253;1.2152499625451305,9.264165891219097,0.6289695736007946;2.5152666477933683,4.227481450075309,0.31479177433064687;0.8812631632839998,12.985708095722533,0.4433356300474305;18.23134962994997,17.499124477037014,1.7140616004040665;14.70574069346987,10.138925022682221,0.4018617649899432;0.41828819810825524,18.647760106540918,0.22147400162659886;4.200221053635278,15.46778249624208,0.43191318400781337;6.298497731957038,17.535487675311437,0.9892719758789834"
8,drone_0,17.817,8.473,11.528,10.640,"14.927867894972593,1.9417923666224648,0.6851088007879556;9.581603859062518,1.7165682560455653,1.2502531594349593;9.390093762647613,15.472761448915204,2.171069838955237;19.533980818859707,17.049180100391123,0.27883058946767136;10.26526511140737,1.392277412259023,1.016178670844001;3.348893179695101,14.251866662958317,2.4185601003318604;3.4658463430243227,2.9891174118935857,0.21873102450163456;11.48626419771846,13.846024245365946,0.41596374877409237;5.718556999345342,8.252639224464476,0.3082740680827401;5.41842524027721,5.36907783143671,0.36053001055856554;5.263915430660201,12.511724220330363,0.47075426437758255;5.371172332057537,16.5795681636937,2.275404858158624;17.01738932692288,3.949288472633914,1.0833734478179253;1.2152499625451305,9.264165891219097,0.6289695736007946;2.5152666477933683,4.227481450075309,0.31479177433064687;0.8812631632839998,12.985708095722533,0.4433356300474305;18.23134962994997,17.499124477037014,1.7140616004040665;14.70574069346987,10.138925022682221,0.4018617649899432;0.41828819810825524,18.647760106540918,0.22147400162659886;4.200221053635278,15.46778249624208,0.43191318400781337;6.298497731957038,17.535487675311437,0.9892719758789834"
8,drone_1,7.712,3.777,11.528,10.640,"14.927867894972593,1.9417923666224648,0.6851088007879556;9.581603859062518,1.7165682560455653,1.2502531594349593;9.390093762647613,15.472761448915204,2.171069838955237;19.533980818859707,17.049180100391123,0.27883058946767136;10.26526511140737,1.392277412259023,1.016178670844001;3.348893179695101,14.251866662958317,2.4185601003318604;3.4658463430243227,2.9891174118935857,0.21873102450163456;11.48626419771846,13.846024245365946,0.41596374877409237;5.718556999345342,8.252639224464476,0.3082740680827401;5.41842524027721,5.36907783143671,0.36053001055856554;5.263915430660201,12.511724220330363,0.47075426437758255;5.371172332057537,16.5795681636937,2.275404858158624;17.01738932692288,3.949288472633914,1.0833734478179253;1.2152499625451305,9.264165891219097,0.6289695736007946;2.5152666477933683,4.227481450075309,0.31479177433064687;0.8812631632839998,12.985708095722533,0.4433356300474305;18.23134962994997,17.499124477037014,1.7140616004040665;14.70574069346987,10.138925022682221,0.4018617649899432;0.41828819810825524,18.647760106540918,0.22147400162659886;4.200221053635278,15.46778249624208,0.43191318400781337;6.298497731957038,17.535487675311437,0.9892719758789834"
8,drone_2,3.706,2.159,11.528,10.640,"14.927867894972593,1.9417923666224648,0.6851088007879556;9.581603859062518,1.7165682560455653,1.2502531594349593;9.390093762647613,15.472761448915204,2.171069838955237;19.533980818859707,17.049180100391123,0.27883058946767136;10.26526511140737,1.392277412259023,1.016178670844001;3.348893179695101,14.251866662958317,2.4185601003318604;3.4658463430243227,2.9891174118935857,0.21873102450163456;11.48626419771846,13.846024245365946,0.41596374877409237;5.718556999345342,8.252639224464476,0.3082740680827401;5.41842524027721,5.36907783143671,0.36053001055856554;5.263915430660201,12.511724220330363,0.47075426437758255;5.371172332057537,16.5795681636937,2.275404858158624;17.01738932692288,3.949288472633914,1.0833734478179253;1.2152499625451305,9.264165891219097,0.6289695736007946;2.5152666477933683,4.227481450075309,0.31479177433064687;0.8812631632839998,12.985708095722533,0.4433356300474305;18.23134962994997,17.499124477037014,1.7140616004040665;14.70574069346987,10.138925022682221,0.4018617649899432;0.41828819810825524,18.647760106540918,0.22147400162659886;4.200221053635278,15.46778249624208,0.43191318400781337;6.298497731957038,17.535487675311437,0.9892719758789834"
8,drone_3,16.136,2.619,11.528,10.640,"14.927867894972593,1.9417923666224648,0.6851088007879556;9.581603859062518,1.7165682560455653,1.2502531594349593;9.390093762647613,15.472761448915204,2.171069838955237;19.533980818859707,17.049180100391123,0.27883058946767136;10.26526511140737,1.392277412259023,1.016178670844001;3.348893179695101,14.251866662958317,2.4185601003318604;3.4658463430243227,2.9891174118935857,0.21873102450163456;11.48626419771846,13.846024245365946,0.41596374877409237;5.718556999345342,8.252639224464476,0.3082740680827401;5.41842524027721,5.36907783143671,0.36053001055856554;5.263915430660201,12.511724220330363,0.47075426437758255;5.371172332057537,16.5795681636937,2.275404858158624;17.01738932692288,3.949288472633914,1.0833734478179253;1.2152499625451305,9.264165891219097,0.6289695736007946;2.5152666477933683,4.227481450075309,0.31479177433064687;0.8812631632839998,12.985708095722533,0.4433356300474305;18.23134962994997,17.499124477037014,1.7140616004040665;14.70574069346987,10.138925022682221,0.4018617649899432;0.41828819810825524,18.647760106540918,0.22147400162659886;4.200221053635278,15.46778249624208,0.43191318400781337;6.298497731957038,17.535487675311437,0.9892719758789834"
8,drone_4,5.005,8.690,11.528,10.640,"14.927867894972593,1.9417923666224648,0.6851088007879556;9.581603859062518,1.7165682560455653,1.2502531594349593;9.390093762647613,15.472761448915204,2.171069838955237;19.533980818859707,17.049180100391123,0.27883058946767136;10.26526511140737,1.392277412259023,1.016178670844001;3.348893179695101,14.251866662958317,2.4185601003318604;3.4658463430243227,2.9891174118935857,0.21873102450163456;11.48626419771846,13.846024245365946,0.41596374877409237;5.718556999345342,8.252639224464476,0.3082740680827401;5.41842524027721,5.36907783143671,0.36053001055856554;5.263915430660201,12.511724220330363,0.47075426437758255;5.371172332057537,16.5795681636937,2.275404858158624;17.01738932692288,3.949288472633914,1.0833734478179253;1.2152499625451305,9.264165891219097,0.6289695736007946;2.5152666477933683,4.227481450075309,0.31479177433064687;0.8812631632839998,12.985708095722533,0.4433356300474305;18.23134962994997,17.499124477037014,1.7140616004040665;14.70574069346987,10.138925022682221,0.4018617649899432;0.41828819810825524,18.647760106540918,0.22147400162659886;4.200221053635278,15.46778249624208,0.43191318400781337;6.298497731957038,17.535487675311437,0.9892719758789834"
8,drone_5,17.433,14.133,11.528,10.640,"14.927867894972593,1.9417923666224648,0.6851088007879556;9.581603859062518,1.7165682560455653,1.2502531594349593;9.390093762647613,15.472761448915204,2.171069838955237;19.533980818859707,17.049180100391123,0.27883058946767136;10.26526511140737,1.392277412259023,1.016178670844001;3.348893179695101,14.251866662958317,2.4185601003318604;3.4658463430243227,2.9891174118935857,0.21873102450163456;11.48626419771846,13.846024245365946,0.41596374877409237;5.718556999345342,8.252639224464476,0.3082740680827401;5.41842524027721,5.36907783143671,0.36053001055856554;5.263915430660201,12.511724220330363,0.47075426437758255;5.371172332057537,16.5795681636937,2.275404858158624;17.01738932692288,3.949288472633914,1.0833734478179253;1.2152499625451305,9.264165891219097,0.6289695736007946;2.5152666477933683,4.227481450075309,0.31479177433064687;0.8812631632839998,12.985708095722533,0.4433356300474305;18.23134962994997,17.499124477037014,1.7140616004040665;14.70574069346987,10.138925022682221,0.4018617649899432;0.41828819810825524,18.647760106540918,0.22147400162659886;4.200221053635278,15.46778249624208,0.43191318400781337;6.298497731957038,17.535487675311437,0.9892719758789834"
8,drone_6,8.785,4.643,11.528,10.640,"14.927867894972593,1.9417923666224648,0.6851088007879556;9.581603859062518,1.7165682560455653,1.2502531594349593;9.390093762647613,15.472761448915204,2.171069838955237;19.533980818859707,17.049180100391123,0.27883058946767136;10.26526511140737,1.392277412259023,1.016178670844001;3.348893179695101,14.251866662958317,2.4185601003318604;3.4658463430243227,2.9891174118935857,0.21873102450163456;11.48626419771846,13.846024245365946,0.41596374877409237;5.718556999345342,8.252639224464476,0.3082740680827401;5.41842524027721,5.36907783143671,0.36053001055856554;5.263915430660201,12.511724220330363,0.47075426437758255;5.371172332057537,16.5795681636937,2.275404858158624;17.01738932692288,3.949288472633914,1.0833734478179253;1.2152499625451305,9.264165891219097,0.6289695736007946;2.5152666477933683,4.227481450075309,0.31479177433064687;0.8812631632839998,12.985708095722533,0.4433356300474305;18.23134962994997,17.499124477037014,1.7140616004040665;14.70574069346987,10.138925022682221,0.4018617649899432;0.41828819810825524,18.647760106540918,0.22147400162659886;4.200221053635278,15.46778249624208,0.43191318400781337;6.298497731957038,17.535487675311437,0.9892719758789834"
8,drone_7,3.821,7.789,11.528,10.640,"14.927867894972593,1.9417923666224648,0.6851088007879556;9.581603859062518,1.7165682560455653,1.2502531594349593;9.390093762647613,15.472761448915204,2.171069838955237;19.533980818859707,17.049180100391123,0.27883058946767136;10.26526511140737,1.392277412259023,1.016178670844001;3.348893179695101,14.251866662958317,2.4185601003318604;3.4658463430243227,2.9891174118935857,0.21873102450163456;11.48626419771846,13.846024245365946,0.41596374877409237;5.718556999345342,8.252639224464476,0.3082740680827401;5.41842524027721,5.36907783143671,0.36053001055856554;5.263915430660201,12.511724220330363,0.47075426437758255;5.371172332057537,16.5795681636937,2.275404858158624;17.01738932692288,3.949288472633914,1.0833734478179253;1.2152499625451305,9.264165891219097,0.6289695736007946;2.5152666477933683,4.227481450075309,0.31479177433064687;0.8812631632839998,12.985708095722533,0.4433356300474305;18.23134962994997,17.499124477037014,1.7140616004040665;14.70574069346987,10.138925022682221,0.4018617649899432;0.41828819810825524,18.647760106540918,0.22147400162659886;4.200221053635278,15.46778249624208,0.43191318400781337;6.298497731957038,17.535487675311437,0.9892719758789834"
8,drone_8,1.972,4.989,11.528,10.640,"14.927867894972593,1.9417923666224648,0.6851088007879556;9.581603859062518,1.7165682560455653,1.2502531594349593;9.390093762647613,15.472761448915204,2.171069838955237;19.533980818859707,17.049180100391123,0.27883058946767136;10.26526511140737,1.392277412259023,1.016178670844001;3.348893179695101,14.251866662958317,2.4185601003318604;3.4658463430243227,2.9891174118935857,0.21873102450163456;11.48626419771846,13.846024245365946,0.41596374877409237;5.718556999345342,8.252639224464476,0.3082740680827401;5.41842524027721,5.36907783143671,0.36053001055856554;5.263915430660201,12.511724220330363,0.47075426437758255;5.371172332057537,16.5795681636937,2.275404858158624;17.01738932692288,3.949288472633914,1.0833734478179253;1.2152499625451305,9.264165891219097,0.6289695736007946;2.5152666477933683,4.227481450075309,0.31479177433064687;0.8812631632839998,12.985708095722533,0.4433356300474305;18.23134962994997,17.499124477037014,1.7140616004040665;14.70574069346987,10.138925022682221,0.4018617649899432;0.41828819810825524,18.647760106540918,0.22147400162659886;4.200221053635278,15.46778249624208,0.43191318400781337;6.298497731957038,17.535487675311437,0.9892719758789834"
8,drone_9,5.357,7.077,11.528,10.640,"14.927867894972593,1.9417923666224648,0.6851088007879556;9.581603859062518,1.7165682560455653,1.2502531594349593;9.390093762647613,15.472761448915204,2.171069838955237;19.533980818859707,17.049180100391123,0.27883058946767136;10.26526511140737,1.392277412259023,1.016178670844001;3.348893179695101,14.251866662958317,2.4185601003318604;3.4658463430243227,2.9891174118935857,0.21873102450163456;11.48626419771846,13.846024245365946,0.41596374877409237;5.718556999345342,8.252639224464476,0.3082740680827401;5.41842524027721,5.36907783143671,0.36053001055856554;5.263915430660201,12.511724220330363,0.47075426437758255;5.371172332057537,16.5795681636937,2.275404858158624;17.01738932692288,3.949288472633914,1.0833734478179253;1.2152499625451305,9.264165891219097,0.6289695736007946;2.5152666477933683,4.227481450075309,0.31479177433064687;0.8812631632839998,12.985708095722533,0.4433356300474305;18.23134962994997,17.499124477037014,1.7140616004040665;14.70574069346987,10.138925022682221,0.4018617649899432;0.41828819810825524,18.647760106540918,0.22147400162659886;4.200221053635278,15.46778249624208,0.43191318400781337;6.298497731957038,17.535487675311437,0.9892719758789834"
9,drone_0,17.675,8.614,11.528,10.640,"14.927867894972593,1.9417923666224648,0.6851088007879556;9.581603859062518,1.7165682560455653,1.2502531594349593;9.390093762647613,15.472761448915204,2.171069838955237;19.533980818859707,17.049180100391123,0.27883058946767136;10.26526511140737,1.392277412259023,1.016178670844001;3.348893179695101,14.251866662958317,2.4185601003318604;3.4658463430243227,2.9891174118935857,0.21873102450163456;11.48626419771846,13.846024245365946,0.41596374877409237;5.718556999345342,8.252639224464476,0.3082740680827401;5.41842524027721,5.36907783143671,0.36053001055856554;5.263915430660201,12.511724220330363,0.47075426437758255;5.371172332057537,16.5795681636937,2.275404858158624;17.01738932692288,3.949288472633914,1.0833734478179253;1.2152499625451305,9.264165891219097,0.6289695736007946;2.5152666477933683,4.227481450075309,0.31479177433064687;0.8812631632839998,12.985708095722533,0.4433356300474305;18.23134962994997,17.499124477037014,1.7140616004040665;14.70574069346987,10.138925022682221,0.4018617649899432;0.41828819810825524,18.647760106540918,0.22147400162659886;4.200221053635278,15.46778249624208,0.43191318400781337;6.298497731957038,17.535487675311437,0.9892719758789834"
9,drone_1,7.853,3.918,11.528,10.640,"14.927867894972593,1.9417923666224648,0.6851088007879556;9.581603859062518,1.7165682560455653,1.2502531594349593;9.390093762647613,15.472761448915204,2.171069838955237;19.533980818859707,17.049180100391123,0.27883058946767136;10.26526511140737,1.392277412259023,1.016178670844001;3.348893179695101,14.251866662958317,2.4185601003318604;3.4658463430243227,2.9891174118935857,0.21873102450163456;11.48626419771846,13.846024245365946,0.41596374877409237;5.718556999345342,8.252639224464476,0.3082740680827401;5.41842524027721,5.36907783143671,0.36053001055856554;5.263915430660201,12.511724220330363,0.47075426437758255;5.371172332057537,16.5795681636937,2.275404858158624;17.01738932692288,3.949288472633914,1.0833734478179253;1.2152499625451305,9.264165891219097,0.6289695736007946;2.5152666477933683,4.227481450075309,0.31479177433064687;0.8812631632839998,12.985708095722533,0.4433356300474305;18.23134962994997,17.499124477037014,1.7140616004040665;14.70574069346987,10.138925022682221,0.4018617649899432;0.41828819810825524,18.647760106540918,0.22147400162659886;4.200221053635278,15.46778249624208,0.43191318400781337;6.298497731957038,17.535487675311437,0.9892719758789834"
9,drone_2,3.847,2.300,11.528,10.640,"14.927867894972593,1.9417923666224648,0.6851088007879556;9.581603859062518,1.7165682560455653,1.2502531594349593;9.390093762647613,15.472761448915204,2.171069838955237;19.533980818859707,17.049180100391123,0.27883058946767136;10.26526511140737,1.392277412259023,1.016178670844001;3.348893179695101,14.251866662958317,2.4185601003318604;3.4658463430243227,2.9891174118935857,0.21873102450163456;11.48626419771846,13.846024245365946,0.41596374877409237;5.718556999345342,8.252639224464476,0.3082740680827401;5.41842524027721,5.36907783143671,0.36053001055856554;5.263915430660201,12.511724220330363,0.47075426437758255;5.371172332057537,16.5795681636937,2.275404858158624;17.01738932692288,3.949288472633914,1.0833734478179253;1.2152499625451305,9.264165891219097,0.6289695736007946;2.5152666477933683,4.227481450075309,0.31479177433064687;0.8812631632839998,12.985708095722533,0.4433356300474305;18.23134962994997,17.499124477037014,1.7140616004040665;14.70574069346987,10.138925022682221,0.4018617649899432;0.41828819810825524,18.647760106540918,0.22147400162659886;4.200221053635278,15.46778249624208,0.43191318400781337;6.298497731957038,17.535487675311437,0.9892719758789834"
9,drone_3,15.968,2.728,11.528,10.640,"14.927867894972593,1.9417923666224648,0.6851088007879556;9.581603859062518,1.7165682560455653,1.2502531594349593;9.390093762647613,15.472761448915204,2.171069838955237;19.533980818859707,17.049180100391123,0.27883058946767136;10.26526511140737,1.392277412259023,1.016178670844001;3.348893179695101,14.251866662958317,2.4185601003318604;3.4658463430243227,2.9891174118935857,0.21873102450163456;11.48626419771846,13.846024245365946,0.41596374877409237;5.718556999345342,8.252639224464476,0.3082740680827401;5.41842524027721,5.36907783143671,0.36053001055856554;5.263915430660201,12.511724220330363,0.47075426437758255;5.371172332057537,16.5795681636937,2.275404858158624;17.01738932692288,3.949288472633914,1.0833734478179253;1.2152499625451305,9.264165891219097,0.6289695736007946;2.5152666477933683,4.227481450075309,0.31479177433064687;0.8812631632839998,12.985708095722533,0.4433356300474305;18.23134962994997,17.499124477037014,1.7140616004040665;14.70574069346987,10.138925022682221,0.4018617649899432;0.41828819810825524,18.647760106540918,0.22147400162659886;4.200221053635278,15.46778249624208,0.43191318400781337;6.298497731957038,17.535487675311437,0.9892719758789834"
9,drone_4,5.155,8.822,11.528,10.640,"14.927867894972593,1.9417923666224648,0.6851088007879556;9.581603859062518,1.7165682560455653,1.2502531594349593;9.390093762647613,15.472761448915204,2.171069838955237;19.533980818859707,17.049180100391123,0.27883058946767136;10.26526511140737,1.392277412259023,1.016178670844001;3.348893179695101,14.251866662958317,2.4185601003318604;3.4658463430243227,2.9891174118935857,0.21873102450163456;11.48626419771846,13.846024245365946,0.41596374877409237;5.718556999345342,8.252639224464476,0.3082740680827401;5.41842524027721,5.36907783143671,0.36053001055856554;5.263915430660201,12.511724220330363,0.47075426437758255;5.371172332057537,16.5795681636937,2.275404858158624;17.01738932692288,3.949288472633914,1.0833734478179253;1.2152499625451305,9.264165891219097,0.6289695736007946;2.5152666477933683,4.227481450075309,0.31479177433064687;0.8812631632839998,12.985708095722533,0.4433356300474305;18.23134962994997,17.499124477037014,1.7140616004040665;14.70574069346987,10.138925022682221,0.4018617649899432;0.41828819810825524,18.647760106540918,0.22147400162659886;4.200221053635278,15.46778249624208,0.43191318400781337;6.298497731957038,17.535487675311437,0.9892719758789834"
9,drone_5,17.292,13.991,11.528,10.640,"14.927867894972593,1.9417923666224648,0.6851088007879556;9.581603859062518,1.7165682560455653,1.2502531594349593;9.390093762647613,15.472761448915204,2.171069838955237;19.533980818859707,17.049180100391123,0.27883058946767136;10.26526511140737,1.392277412259023,1.016178670844001;3.348893179695101,14.251866662958317,2.4185601003318604;3.4658463430243227,2.9891174118935857,0.21873102450163456;11.48626419771846,13.846024245365946,0.41596374877409237;5.718556999345342,8.252639224464476,0.3082740680827401;5.41842524027721,5.36907783143671,0.36053001055856554;5.263915430660201,12.511724220330363,0.47075426437758255;5.371172332057537,16.5795681636937,2.275404858158624;17.01738932692288,3.949288472633914,1.0833734478179253;1.2152499625451305,9.264165891219097,0.6289695736007946;2.5152666477933683,4.227481450075309,0.31479177433064687;0.8812631632839998,12.985708095722533,0.4433356300474305;18.23134962994997,17.499124477037014,1.7140616004040665;14.70574069346987,10.138925022682221,0.4018617649899432;0.41828819810825524,18.647760106540918,0.22147400162659886;4.200221053635278,15.46778249624208,0.43191318400781337;6.298497731957038,17.535487675311437,0.9892719758789834"
9,drone_6,8.926,4.785,11.528,10.640,"14.927867894972593,1.9417923666224648,0.6851088007879556;9.581603859062518,1.7165682560455653,1.2502531594349593;9.390093762647613,15.472761448915204,2.171069838955237;19.533980818859707,17.049180100391123,0.27883058946767136;10.26526511140737,1.392277412259023,1.016178670844001;3.348893179695101,14.251866662958317,2.4185601003318604;3.4658463430243227,2.9891174118935857,0.21873102450163456;11.48626419771846,13.846024245365946,0.41596374877409237;5.718556999345342,8.252639224464476,0.3082740680827401;5.41842524027721,5.36907783143671,0.36053001055856554;5.263915430660201,12.511724220330363,0.47075426437758255;5.371172332057537,16.5795681636937,2.275404858158624;17.01738932692288,3.949288472633914,1.0833734478179253;1.2152499625451305,9.264165891219097,0.6289695736007946;2.5152666477933683,4.227481450075309,0.31479177433064687;0.8812631632839998,12.985708095722533,0.4433356300474305;18.23134962994997,17.499124477037014,1.7140616004040665;14.70574069346987,10.138925022682221,0.4018617649899432;0.41828819810825524,18.647760106540918,0.22147400162659886;4.200221053635278,15.46778249624208,0.43191318400781337;6.298497731957038,17.535487675311437,0.9892719758789834"
9,drone_7,3.966,7.927,11.528,10.640,"14.927867894972593,1.9417923666224648,0.6851088007879556;9.581603859062518,1.7165682560455653,1.2502531594349593;9.390093762647613,15.472761448915204,2.171069838955237;19.533980818859707,17.049180100391123,0.27883058946767136;10.26526511140737,1.392277412259023,1.016178670844001;3.348893179695101,14.251866662958317,2.4185601003318604;3.4658463430243227,2.9891174118935857,0.21873102450163456;11.48626419771846,13.846024245365946,0.41596374877409237;5.718556999345342,8.252639224464476,0.3082740680827401;5.41842524027721,5.36907783143671,0.36053001055856554;5.263915430660201,12.511724220330363,0.47075426437758255;5.371172332057537,16.5795681636937,2.275404858158624;17.01738932692288,3.949288472633914,1.0833734478179253;1.2152499625451305,9.264165891219097,0.6289695736007946;2.5152666477933683,4.227481450075309,0.31479177433064687;0.8812631632839998,12.985708095722533,0.4433356300474305;18.23134962994997,17.499124477037014,1.7140616004040665;14.70574069346987,10.138925022682221,0.4018617649899432;0.41828819810825524,18.647760106540918,0.22147400162659886;4.200221053635278,15.46778249624208,0.43191318400781337;6.298497731957038,17.535487675311437,0.9892719758789834"
9,drone_8,2.095,5.147,11.528,10.640,"14.927867894972593,1.9417923666224648,0.6851088007879556;9.581603859062518,1.7165682560455653,1.2502531594349593;9.390093762647613,15.472761448915204,2.171069838955237;19.533980818859707,17.049180100391123,0.27883058946767136;10.26526511140737,1.392277412259023,1.016178670844001;3.348893179695101,14.251866662958317,2.4185601003318604;3.4658463430243227,2.9891174118935857,0.21873102450163456;11.48626419771846,13.846024245365946,0.41596374877409237;5.718556999345342,8.252639224464476,0.3082740680827401;5.41842524027721,5.36907783143671,0.36053001055856554;5.263915430660201,12.511724220330363,0.47075426437758255;5.371172332057537,16.5795681636937,2.275404858158624;17.01738932692288,3.949288472633914,1.0833734478179253;1.2152499625451305,9.264165891219097,0.6289695736007946;2.5152666477933683,4.227481450075309,0.31479177433064687;0.8812631632839998,12.985708095722533,0.4433356300474305;18.23134962994997,17.499124477037014,1.7140616004040665;14.70574069346987,10.138925022682221,0.4018617649899432;0.41828819810825524,18.647760106540918,0.22147400162659886;4.200221053635278,15.46778249624208,0.43191318400781337;6.298497731957038,17.535487675311437,0.9892719758789834"
9,drone_9,5.499,7.219,11.528,10.640,"14.927867894972593,1.9417923666224648,0.6851088007879556;9.581603859062518,1.7165682560455653,1.2502531594349593;9.390093762647613,15.472761448915204,2.171069838955237;19.533980818859707,17.049180100391123,0.27883058946767136;10.26526511140737,1.392277412259023,1.016178670844001;3.348893179695101,14.251866662958317,2.4185601003318604;3.4658463430243227,2.9891174118935857,0.21873102450163456;11.48626419771846,13.846024245365946,0.41596374877409237;5.718556999345342,8.252639224464476,0.3082740680827401;5.41842524027721,5.36907783143671,0.36053001055856554;5.263915430660201,12.511724220330363,0.47075426437758255;5.371172332057537,16.5795681636937,2.275404858158624;17.01738932692288,3.949288472633914,1.0833734478179253;1.2152499625451305,9.264165891219097,0.6289695736007946;2.5152666477933683,4.227481450075309,0.31479177433064687;0.8812631632839998,12.985708095722533,0.4433356300474305;18.23134962994997,17.499124477037014,1.7140616004040665;14.70574069346987,10.138925022682221,0.4018617649899432;0.41828819810825524,18.647760106540918,0.22147400162659886;4.200221053635278,15.46778249624208,0.43191318400781337;6.298497731957038,17.535487675311437,0.9892719758789834"
10,drone_0,17.534,8.756,11.528,10.640,"14.927867894972593,1.9417923666224648,0.6851088007879556;9.581603859062518,1.7165682560455653,1.2502531594349593;9.390093762647613,15.472761448915204,2.171069838955237;19.533980818859707,17.049180100391123,0.27883058946767136;10.26526511140737,1.392277412259023,1.016178670844001;3.348893179695101,14.251866662958317,2.4185601003318604;3.4658463430243227,2.9891174118935857,0.21873102450163456;11.48626419771846,13.846024245365946,0.41596374877409237;5.718556999345342,8.252639224464476,0.3082740680827401;5.41842524027721,5.36907783143671,0.36053001055856554;5.263915430660201,12.511724220330363,0.47075426437758255;5.371172332057537,16.5795681636937,2.275404858158624;17.01738932692288,3.949288472633914,1.0833734478179253;1.2152499625451305,9.264165891219097,0.6289695736007946;2.5152666477933683,4.227481450075309,0.31479177433064687;0.8812631632839998,12.985708095722533,0.4433356300474305;18.23134962994997,17.499124477037014,1.7140616004040665;14.70574069346987,10.138925022682221,0.4018617649899432;0.41828819810825524,18.647760106540918,0.22147400162659886;4.200221053635278,15.46778249624208,0.43191318400781337;6.298497731957038,17.535487675311437,0.9892719758789834"
10,drone_1,7.994,4.060,11.528,10.640,"14.927867894972593,1.9417923666224648,0.6851088007879556;9.581603859062518,1.7165682560455653,1.2502531594349593;9.390093762647613,15.472761448915204,2.171069838955237;19.533980818859707,17.049180100391123,0.27883058946767136;10.26526511140737,1.392277412259023,1.016178670844001;3.348893179695101,14.251866662958317,2.4185601003318604;3.4658463430243227,2.9891174118935857,0.21873102450163456;11.48626419771846,13.846024245365946,0.41596374877409237;5.718556999345342,8.252639224464476,0.3082740680827401;5.41842524027721,5.36907783143671,0.36053001055856554;5.263915430660201,12.511724220330363,0.47075426437758255;5.371172332057537,16.5795681636937,2.275404858158624;17.01738932692288,3.949288472633914,1.0833734478179253;1.2152499625451305,9.264165891219097,0.6289695736007946;2.5152666477933683,4.227481450075309,0.31479177433064687;0.8812631632839998,12.985708095722533,0.4433356300474305;18.23134962994997,17.499124477037014,1.7140616004040665;14.70574069346987,10.138925022682221,0.4018617649899432;0.41828819810825524,18.647760106540918,0.22147400162659886;4.200221053635278,15.46778249624208,0.43191318400781337;6.298497731957038,17.535487675311437,0.9892719758789834"
10,drone_2,3.988,2.442,11.528,10.640,"14.927867894972593,1.9417923666224648,0.6851088007879556;9.581603859062518,1.7165682560455653,1.2502531594349593;9.390093762647613,15.472761448915204,2.171069838955237;19.533980818859707,17.049180100391123,0.27883058946767136;10.26526511140737,1.392277412259023,1.016178670844001;3.348893179695101,14.251866662958317,2.4185601003318604;3.4658463430243227,2.9891174118935857,0.21873102450163456;11.48626419771846,13.846024245365946,0.41596374877409237;5.718556999345342,8.252639224464476,0.3082740680827401;5.41842524027721,5.36907783143671,0.36053001055856554;5.263915430660201,12.511724220330363,0.47075426437758255;5.371172332057537,16.5795681636937,2.275404858158624;17.01738932692288,3.949288472633914,1.0833734478179253;1.2152499625451305,9.264165891219097,0.6289695736007946;2.5152666477933683,4.227481450075309,0.31479177433064687;0.8812631632839998,12.985708095722533,0.4433356300474305;18.23134962994997,17.499124477037014,1.7140616004040665;14.70574069346987,10.138925022682221,0.4018617649899432;0.41828819810825524,18.647760106540918,0.22147400162659886;4.200221053635278,15.46778249624208,0.43191318400781337;6.298497731957038,17.535487675311437,0.9892719758789834"
10,drone_3,15.810,2.851,11.528,10.640,"14.927867894972593,1.9417923666224648,0.6851088007879556;9.581603859062518,1.7165682560455653,1.2502531594349593;9.390093762647613,15.472761448915204,2.171069838955237;19.533980818859707,17.049180100391123,0.27883058946767136;10.26526511140737,1.392277412259023,1.016178670844001;3.348893179695101,14.251866662958317,2.4185601003318604;3.4658463430243227,2.9891174118935857,0.21873102450163456;11.48626419771846,13.846024245365946,0.41596374877409237;5.718556999345342,8.252639224464476,0.3082740680827401;5.41842524027721,5.36907783143671,0.36053001055856554;5.263915430660201,12.511724220330363,0.47075426437758255;5.371172332057537,16.5795681636937,2.275404858158624;17.01738932692288,3.949288472633914,1.0833734478179253;1.2152499625451305,9.264165891219097,0.6289695736007946;2.5152666477933683,4.227481450075309,0.31479177433064687;0.8812631632839998,12.985708095722533,0.4433356300474305;18.23134962994997,17.499124477037014,1.7140616004040665;14.70574069346987,10.138925022682221,0.4018617649899432;0.41828819810825524,18.647760106540918,0.22147400162659886;4.200221053635278,15.46778249624208,0.43191318400781337;6.298497731957038,17.535487675311437,0.9892719758789834"
10,drone_4,5.302,8.958,11.528,10.640,"14.927867894972593,1.9417923666224648,0.6851088007879556;9.581603859062518,1.7165682560455653,1.2502531594349593;9.390093762647613,15.472761448915204,2.171069838955237;19.533980818859707,17.049180100391123,0.27883058946767136;10.26526511140737,1.392277412259023,1.016178670844001;3.348893179695101,14.251866662958317,2.4185601003318604;3.4658463430243227,2.9891174118935857,0.21873102450163456;11.48626419771846,13.846024245365946,0.41596374877409237;5.718556999345342,8.252639224464476,0.3082740680827401;5.41842524027721,5.36907783143671,0.36053001055856554;5.263915430660201,12.511724220330363,0.47075426437758255;5.371172332057537,16.5795681636937,2.275404858158624;17.01738932692288,3.949288472633914,1.0833734478179253;1.2152499625451305,9.264165891219097,0.6289695736007946;2.5152666477933683,4.227481450075309,0.31479177433064687;0.8812631632839998,12.985708095722533,0.4433356300474305;18.23134962994997,17.499124477037014,1.7140616004040665;14.70574069346987,10.138925022682221,0.4018617649899432;0.41828819810825524,18.647760106540918,0.22147400162659886;4.200221053635278,15.46778249624208,0.43191318400781337;6.298497731957038,17.535487675311437,0.9892719758789834"
10,drone_5,17.151,13.850,11.528,10.640,"14.927867894972593,1.9417923666224648,0.6851088007879556;9.581603859062518,1.7165682560455653,1.2502531594349593;9.390093762647613,15.472761448915204,2.171069838955237;19.533980818859707,17.049180100391123,0.27883058946767136;10.26526511140737,1.392277412259023,1.016178670844001;3.348893179695101,14.251866662958317,2.4185601003318604;3.4658463430243227,2.9891174118935857,0.21873102450163456;11.48626419771846,13.846024245365946,0.41596374877409237;5.718556999345342,8.252639224464476,0.3082740680827401;5.41842524027721,5.36907783143671,0.36053001055856554;5.263915430660201,12.511724220330363,0.47075426437758255;5.371172332057537,16.5795681636937,2.275404858158624;17.01738932692288,3.949288472633914,1.0833734478179253;1.2152499625451305,9.264165891219097,0.6289695736007946;2.5152666477933683,4.227481450075309,0.31479177433064687;0.8812631632839998,12.985708095722533,0.4433356300474305;18.23134962994997,17.499124477037014,1.7140616004040665;14.70574069346987,10.138925022682221,0.4018617649899432;0.41828819810825524,18.647760106540918,0.22147400162659886;4.200221053635278,15.46778249624208,0.43191318400781337;6.298497731957038,17.535487675311437,0.9892719758789834"
10,drone_6,9.067,4.926,11.528,10.640,"14.927867894972593,1.9417923666224648,0.6851088007879556;9.581603859062518,1.7165682560455653,1.2502531594349593;9.390093762647613,15.472761448915204,2.171069838955237;19.533980818859707,17.049180100391123,0.27883058946767136;10.26526511140737,1.392277412259023,1.016178670844001;3.348893179695101,14.251866662958317,2.4185601003318604;3.4658463430243227,2.9891174118935857,0.21873102450163456;11.48626419771846,13.846024245365946,0.41596374877409237;5.718556999345342,8.252639224464476,0.3082740680827401;5.41842524027721,5.36907783143671,0.36053001055856554;5.263915430660201,12.511724220330363,0.47075426437758255;5.371172332057537,16.5795681636937,2.275404858158624;17.01738932692288,3.949288472633914,1.0833734478179253;1.2152499625451305,9.264165891219097,0.6289695736007946;2.5152666477933683,4.227481450075309,0.31479177433064687;0.8812631632839998,12.985708095722533,0.4433356300474305;18.23134962994997,17.499124477037014,1.7140616004040665;14.70574069346987,10.138925022682221,0.4018617649899432;0.41828819810825524,18.647760106540918,0.22147400162659886;4.200221053635278,15.46778249624208,0.43191318400781337;6.298497731957038,17.535487675311437,0.9892719758789834"
10,drone_7,4.110,8.066,11.528,10.640,"14.927867894972593,1.9417923666224648,0.6851088007879556;9.581603859062518,1.7165682560455653,1.2502531594349593;9.390093762647613,15.472761448915204,2.171069838955237;19.533980818859707,17.049180100391123,0.27883058946767136;10.26526511140737,1.392277412259023,1.016178670844001;3.348893179695101,14.251866662958317,2.4185601003318604;3.4658463430243227,2.9891174118935857,0.21873102450163456;11.48626419771846,13.846024245365946,0.41596374877409237;5.718556999345342,8.252639224464476,0.3082740680827401;5.41842524027721,5.36907783143671,0.36053001055856554;5.263915430660201,12.511724220330363,0.47075426437758255;5.371172332057537,16.5795681636937,2.275404858158624;17.01738932692288,3.949288472633914,1.0833734478179253;1.2152499625451305,9.264165891219097,0.6289695736007946;2.5152666477933683,4.227481450075309,0.31479177433064687;0.8812631632839998,12.985708095722533,0.4433356300474305;18.23134962994997,17.499124477037014,1.7140616004040665;14.70574069346987,10.138925022682221,0.4018617649899432;0.41828819810825524,18.647760106540918,0.22147400162659886;4.200221053635278,15.46778249624208,0.43191318400781337;6.298497731957038,17.535487675311437,0.9892719758789834"
10,drone_8,2.226,5.298,11.528,10.640,"14.927867894972593,1.9417923666224648,0.6851088007879556;9.581603859062518,1.7165682560455653,1.2502531594349593;9.390093762647613,15.472761448915204,2.171069838955237;19.533980818859707,17.049180100391123,0.27883058946767136;10.26526511140737,1.392277412259023,1.016178670844001;3.348893179695101,14.251866662958317,2.4185601003318604;3.4658463430243227,2.9891174118935857,0.21873102450163456;11.48626419771846,13.846024245365946,0.41596374877409237;5.718556999345342,8.252639224464476,0.3082740680827401;5.41842524027721,5.36907783143671,0.36053001055856554;5.263915430660201,12.511724220330363,0.47075426437758255;5.371172332057537,16.5795681636937,2.275404858158624;17.01738932692288,3.949288472633914,1.0833734478179253;1.2152499625451305,9.264165891219097,0.6289695736007946;2.5152666477933683,4.227481450075309,0.31479177433064687;0.8812631632839998,12.985708095722533,0.4433356300474305;18.23134962994997,17.499124477037014,1.7140616004040665;14.70574069346987,10.138925022682221,0.4018617649899432;0.41828819810825524,18.647760106540918,0.22147400162659886;4.200221053635278,15.46778249624208,0.43191318400781337;6.298497731957038,17.535487675311437,0.9892719758789834"
10,drone_9,5.640,7.360,11.528,10.640,"14.927867894972593,1.9417923666224648,0.6851088007879556;9.581603859062518,1.7165682560455653,1.2502531594349593;9.390093762647613,15.472761448915204,2.171069838955237;19.533980818859707,17.049180100391123,0.27883058946767136;10.26526511140737,1.392277412259023,1.016178670844001;3.348893179695101,14.251866662958317,2.4185601003318604;3.4658463430243227,2.9891174118935857,0.21873102450163456;11.48626419771846,13.846024245365946,0.41596374877409237;5.718556999345342,8.252639224464476,0.3082740680827401;5.41842524027721,5.36907783143671,0.36053001055856554;5.263915430660201,12.511724220330363,0.47075426437758255;5.371172332057537,16.5795681636937,2.275404858158624;17.01738932692288,3.949288472633914,1.0833734478179253;1.2152499625451305,9.264165891219097,0.6289695736007946;2.5152666477933683,4.227481450075309,0.31479177433064687;0.8812631632839998,12.985708095722533,0.4433356300474305;18.23134962994997,17.499124477037014,1.7140616004040665;14.70574069346987,10.138925022682221,0.4018617649899432;0.41828819810825524,18.647760106540918,0.22147400162659886;4.200221053635278,15.46778249624208,0.43191318400781337;6.298497731957038,17.535487675311437,0.9892719758789834"
11,drone_0,17.392,8.897,11.528,10.640,"14.927867894972593,1.9417923666224648,0.6851088007879556;9.581603859062518,1.7165682560455653,1.2502531594349593;9.390093762647613,15.472761448915204,2.171069838955237;19.533980818859707,17.049180100391123,0.27883058946767136;10.26526511140737,1.392277412259023,1.016178670844001;3.348893179695101,14.251866662958317,2.4185601003318604;3.4658463430243227,2.9891174118935857,0.21873102450163456;11.48626419771846,13.846024245365946,0.41596374877409237;5.718556999345342,8.252639224464476,0.3082740680827401;5.41842524027721,5.36907783143671,0.36053001055856554;5.263915430660201,12.511724220330363,0.47075426437758255;5.371172332057537,16.5795681636937,2.275404858158624;17.01738932692288,3.949288472633914,1.0833734478179253;1.2152499625451305,9.264165891219097,0.6289695736007946;2.5152666477933683,4.227481450075309,0.31479177433064687;0.8812631632839998,12.985708095722533,0.4433356300474305;18.23134962994997,17.499124477037014,1.7140616004040665;14.70574069346987,10.138925022682221,0.4018617649899432;0.41828819810825524,18.647760106540918,0.22147400162659886;4.200221053635278,15.46778249624208,0.43191318400781337;6.298497731957038,17.535487675311437,0.9892719758789834"
11,drone_1,8.136,4.201,11.528,10.640,"14.927867894972593,1.9417923666224648,0.6851088007879556;9.581603859062518,1.7165682560455653,1.2502531594349593;9.390093762647613,15.472761448915204,2.171069838955237;19.533980818859707,17.049180100391123,0.27883058946767136;10.26526511140737,1.392277412259023,1.016178670844001;3.348893179695101,14.251866662958317,2.4185601003318604;3.4658463430243227,2.9891174118935857,0.21873102450163456;11.48626419771846,13.846024245365946,0.41596374877409237;5.718556999345342,8.252639224464476,0.3082740680827401;5.41842524027721,5.36907783143671,0.36053001055856554;5.263915430660201,12.511724220330363,0.47075426437758255;5.371172332057537,16.5795681636937,2.275404858158624;17.01738932692288,3.949288472633914,1.0833734478179253;1.2152499625451305,9.264165891219097,0.6289695736007946;2.5152666477933683,4.227481450075309,0.31479177433064687;0.8812631632839998,12.985708095722533,0.4433356300474305;18.23134962994997,17.499124477037014,1.7140616004040665;14.70574069346987,10.138925022682221,0.4018617649899432;0.41828819810825524,18.647760106540918,0.22147400162659886;4.200221053635278,15.46778249624208,0.43191318400781337;6.298497731957038,17.535487675311437,0.9892719758789834"
11,drone_2,4.130,2.583,11.528,10.640,"14.927867894972593,1.9417923666224648,0.6851088007879556;9.581603859062518,1.7165682560455653,1.2502531594349593;9.390093762647613,15.472761448915204,2.171069838955237;19.533980818859707,17.049180100391123,0.27883058946767136;10.26526511140737,1.392277412259023,1.016178670844001;3.348893179695101,14.251866662958317,2.4185601003318604;3.4658463430243227,2.9891174118935857,0.21873102450163456;11.48626419771846,13.846024245365946,0.41596374877409237;5.718556999345342,8.252639224464476,0.3082740680827401;5.41842524027721,5.36907783143671,0.36053001055856554;5.263915430660201,12.511724220330363,0.47075426437758255;5.371172332057537,16.5795681636937,2.275404858158624;17.01738932692288,3.949288472633914,1.0833734478179253;1.2152499625451305,9.264165891219097,0.6289695736007946;2.5152666477933683,4.227481450075309,0.31479177433064687;0.8812631632839998,12.985708095722533,0.4433356300474305;18.23134962994997,17.499124477037014,1.7140616004040665;14.70574069346987,10.138925022682221,0.4018617649899432;0.41828819810825524,18.647760106540918,0.22147400162659886;4.200221053635278,15.46778249624208,0.43191318400781337;6.298497731957038,17.535487675311437,0.9892719758789834"
11,drone_3,15.659,2.981,11.528,10.640,"14.927867894972593,1.9417923666224648,0.6851088007879556;9.581603859062518,1.7165682560455653,1.2502531594349593;9.390093762647613,15.472761448915204,2.171069838955237;19.533980818859707,17.049180100391123,0.27883058946767136;10.26526511140737,1.392277412259023,1.016178670844001;3.348893179695101,14.251866662958317,2.4185601003318604;3.4658463430243227,2.9891174118935857,0.21873102450163456;11.48626419771846,13.846024245365946,0.41596374877409237;5.718556999345342,8.252639224464476,0.3082740680827401;5.41842524027721,5.36907783143671,0.36053001055856554;5.263915430660201,12.511724220330363,0.47075426437758255;5.371172332057537,16.5795681636937,2.275404858158624;17.01738932692288,3.949288472633914,1.0833734478179253;1.2152499625451305,9.264165891219097,0.6289695736007946;2.5152666477933683,4.227481450075309,0.31479177433064687;0.8812631632839998,12.985708095722533,0.4433356300474305;18.23134962994997,17.499124477037014,1.7140616004040665;14.70574069346987,10.138925022682221,0.4018617649899432;0.41828819810825524,18.647760106540918,0.22147400162659886;4.200221053635278,15.46778249624208,0.43191318400781337;6.298497731957038,17.535487675311437,0.9892719758789834"
11,drone_4,5.446,9.096,11.528,10.640,"14.927867894972593,1.9417923666224648,0.6851088007879556;9.581603859062518,1.7165682560455653,1.2502531594349593;9.390093762647613,15.472761448915204,2.171069838955237;19.533980818859707,17.049180100391123,0.27883058946767136;10.26526511140737,1.392277412259023,1.016178670844001;3.348893179695101,14.251866662958317,2.4185601003318604;3.4658463430243227,2.9891174118935857,0.21873102450163456;11.48626419771846,13.846024245365946,0.41596374877409237;5.718556999345342,8.252639224464476,0.3082740680827401;5.41842524027721,5.36907783143671,0.36053001055856554;5.263915430660201,12.511724220330363,0.47075426437758255;5.371172332057537,16.5795681636937,2.275404858158624;17.01738932692288,3.949288472633914,1.0833734478179253;1.2152499625451305,9.264165891219097,0.6289695736007946;2.5152666477933683,4.227481450075309,0.31479177433064687;0.8812631632839998,12.985708095722533,0.4433356300474305;18.23134962994997,17.499124477037014,1.7140616004040665;14.70574069346987,10.138925022682221,0.4018617649899432;0.41828819810825524,18.647760106540918,0.22147400162659886;4.200221053635278,15.46778249624208,0.43191318400781337;6.298497731957038,17.535487675311437,0.9892719758789834"
11,drone_5,17.009,13.709,11.528,10.640,"14.927867894972593,1.9417923666224648,0.6851088007879556;9.581603859062518,1.7165682560455653,1.2502531594349593;9.390093762647613,15.472761448915204,2.171069838955237;19.533980818859707,17.049180100391123,0.27883058946767136;10.26526511140737,1.392277412259023,1.016178670844001;3.348893179695101,14.251866662958317,2.4185601003318604;3.4658463430243227,2.9891174118935857,0.21873102450163456;11.48626419771846,13.846024245365946,0.41596374877409237;5.718556999345342,8.252639224464476,0.3082740680827401;5.41842524027721,5.36907783143671,0.36053001055856554;5.263915430660201,12.511724220330363,0.47075426437758255;5.371172332057537,16.5795681636937,2.275404858158624;17.01738932692288,3.949288472633914,1.0833734478179253;1.2152499625451305,9.264165891219097,0.6289695736007946;2.5152666477933683,4.227481450075309,0.31479177433064687;0.8812631632839998,12.985708095722533,0.4433356300474305;18.23134962994997,17.499124477037014,1.7140616004040665;14.70574069346987,10.138925022682221,0.4018617649899432;0.41828819810825524,18.647760106540918,0.22147400162659886;4.200221053635278,15.46778249624208,0.43191318400781337;6.298497731957038,17.535487675311437,0.9892719758789834"
11,drone_6,9.209,5.067,11.528,10.640,"14.927867894972593,1.9417923666224648,0.6851088007879556;9.581603859062518,1.7165682560455653,1.2502531594349593;9.390093762647613,15.472761448915204,2.171069838955237;19.533980818859707,17.049180100391123,0.27883058946767136;10.26526511140737,1.392277412259023,1.016178670844001;3.348893179695101,14.251866662958317,2.4185601003318604;3.4658463430243227,2.9891174118935857,0.21873102450163456;11.48626419771846,13.846024245365946,0.41596374877409237;5.718556999345342,8.252639224464476,0.3082740680827401;5.41842524027721,5.36907783143671,0.36053001055856554;5.263915430660201,12.511724220330363,0.47075426437758255;5.371172332057537,16.5795681636937,2.275404858158624;17.01738932692288,3.949288472633914,1.0833734478179253;1.2152499625451305,9.264165891219097,0.6289695736007946;2.5152666477933683,4.227481450075309,0.31479177433064687;0.8812631632839998,12.985708095722533,0.4433356300474305;18.23134962994997,17.499124477037014,1.7140616004040665;14.70574069346987,10.138925022682221,0.4018617649899432;0.41828819810825524,18.647760106540918,0.22147400162659886;4.200221053635278,15.46778249624208,0.43191318400781337;6.298497731957038,17.535487675311437,0.9892719758789834"
11,drone_7,4.252,8.206,11.528,10.640,"14.927867894972593,1.9417923666224648,0.6851088007879556;9.581603859062518,1.7165682560455653,1.2502531594349593;9.390093762647613,15.472761448915204,2.171069838955237;19.533980818859707,17.049180100391123,0.27883058946767136;10.26526511140737,1.392277412259023,1.016178670844001;3.348893179695101,14.251866662958317,2.4185601003318604;3.4658463430243227,2.9891174118935857,0.21873102450163456;11.48626419771846,13.846024245365946,0.41596374877409237;5.718556999345342,8.252639224464476,0.3082740680827401;5.41842524027721,5.36907783143671,0.36053001055856554;5.263915430660201,12.511724220330363,0.47075426437758255;5.371172332057537,16.5795681636937,2.275404858158624;17.01738932692288,3.949288472633914,1.0833734478179253;1.2152499625451305,9.264165891219097,0.6289695736007946;2.5152666477933683,4.227481450075309,0.31479177433064687;0.8812631632839998,12.985708095722533,0.4433356300474305;18.23134962994997,17.499124477037014,1.7140616004040665;14.70574069346987,10.138925022682221,0.4018617649899432;0.41828819810825524,18.647760106540918,0.22147400162659886;4.200221053635278,15.46778249624208,0.43191318400781337;6.298497731957038,17.535487675311437,0.9892719758789834"
11,drone_8,2.362,5.445,11.528,10.640,"14.927867894972593,1.9417923666224648,0.6851088007879556;9.581603859062518,1.7165682560455653,1.2502531594349593;9.390093762647613,15.472761448915204,2.171069838955237;19.533980818859707,17.049180100391123,0.27883058946767136;10.26526511140737,1.392277412259023,1.016178670844001;3.348893179695101,14.251866662958317,2.4185601003318604;3.4658463430243227,2.9891174118935857,0.21873102450163456;11.48626419771846,13.846024245365946,0.41596374877409237;5.718556999345342,8.252639224464476,0.3082740680827401;5.41842524027721,5.36907783143671,0.36053001055856554;5.263915430660201,12.511724220330363,0.47075426437758255;5.371172332057537,16.5795681636937,2.275404858158624;17.01738932692288,3.949288472633914,1.0833734478179253;1.2152499625451305,9.264165891219097,0.6289695736007946;2.5152666477933683,4.227481450075309,0.31479177433064687;0.8812631632839998,12.985708095722533,0.4433356300474305;18.23134962994997,17.499124477037014,1.7140616004040665;14.70574069346987,10.138925022682221,0.4018617649899432;0.41828819810825524,18.647760106540918,0.22147400162659886;4.200221053635278,15.46778249624208,0.43191318400781337;6.298497731957038,17.535487675311437,0.9892719758789834"
11,drone_9,5.837,7.394,11.528,10.640,"14.927867894972593,1.9417923666224648,0.6851088007879556;9.581603859062518,1.7165682560455653,1.2502531594349593;9.390093762647613,15.472761448915204,2.171069838955237;19.533980818859707,17.049180100391123,0.27883058946767136;10.26526511140737,1.392277412259023,1.016178670844001;3.348893179695101,14.251866662958317,2.4185601003318604;3.4658463430243227,2.9891174118935857,0.21873102450163456;11.48626419771846,13.846024245365946,0.41596374877409237;5.718556999345342,8.252639224464476,0.3082740680827401;5.41842524027721,5.36907783143671,0.36053001055856554;5.263915430660201,12.511724220330363,0.47075426437758255;5.371172332057537,16.5795681636937,2.275404858158624;17.01738932692288,3.949288472633914,1.0833734478179253;1.2152499625451305,9.264165891219097,0.6289695736007946;2.5152666477933683,4.227481450075309,0.31479177433064687;0.8812631632839998,12.985708095722533,0.4433356300474305;18.23134962994997,17.499124477037014,1.7140616004040665;14.70574069346987,10.138925022682221,0.4018617649899432;0.41828819810825524,18.647760106540918,0.22147400162659886;4.200221053635278,15.46778249624208,0.43191318400781337;6.298497731957038,17.535487675311437,0.9892719758789834"
12,drone_0,17.251,9.038,11.528,10.640,"14.927867894972593,1.9417923666224648,0.6851088007879556;9.581603859062518,1.7165682560455653,1.2502531594349593;9.390093762647613,15.472761448915204,2.171069838955237;19.533980818859707,17.049180100391123,0.27883058946767136;10.26526511140737,1.392277412259023,1.016178670844001;3.348893179695101,14.251866662958317,2.4185601003318604;3.4658463430243227,2.9891174118935857,0.21873102450163456;11.48626419771846,13.846024245365946,0.41596374877409237;5.718556999345342,8.252639224464476,0.3082740680827401;5.41842524027721,5.36907783143671,0.36053001055856554;5.263915430660201,12.511724220330363,0.47075426437758255;5.371172332057537,16.5795681636937,2.275404858158624;17.01738932692288,3.949288472633914,1.0833734478179253;1.2152499625451305,9.264165891219097,0.6289695736007946;2.5152666477933683,4.227481450075309,0.31479177433064687;0.8812631632839998,12.985708095722533,0.4433356300474305;18.23134962994997,17.499124477037014,1.7140616004040665;14.70574069346987,10.138925022682221,0.4018617649899432;0.41828819810825524,18.647760106540918,0.22147400162659886;4.200221053635278,15.46778249624208,0.43191318400781337;6.298497731957038,17.535487675311437,0.9892719758789834"
12,drone_1,8.277,4.342,11.528,10.640,"14.927867894972593,1.9417923666224648,0.6851088007879556;9.581603859062518,1.7165682560455653,1.2502531594349593;9.390093762647613,15.472761448915204,2.171069838955237;19.533980818859707,17.049180100391123,0.27883058946767136;10.26526511140737,1.392277412259023,1.016178670844001;3.348893179695101,14.251866662958317,2.4185601003318604;3.4658463430243227,2.9891174118935857,0.21873102450163456;11.48626419771846,13.846024245365946,0.41596374877409237;5.718556999345342,8.252639224464476,0.3082740680827401;5.41842524027721,5.36907783143671,0.36053001055856554;5.263915430660201,12.511724220330363,0.47075426437758255;5.371172332057537,16.5795681636937,2.275404858158624;17.01738932692288,3.949288472633914,1.0833734478179253;1.2152499625451305,9.264165891219097,0.6289695736007946;2.5152666477933683,4.227481450075309,0.31479177433064687;0.8812631632839998,12.985708095722533,0.4433356300474305;18.23134962994997,17.499124477037014,1.7140616004040665;14.70574069346987,10.138925022682221,0.4018617649899432;0.41828819810825524,18.647760106540918,0.22147400162659886;4.200221053635278,15.46778249624208,0.43191318400781337;6.298497731957038,17.535487675311437,0.9892719758789834"
12,drone_2,4.271,2.725,11.528,10.640,"14.927867894972593,1.9417923666224648,0.6851088007879556;9.581603859062518,1.7165682560455653,1.2502531594349593;9.390093762647613,15.472761448915204,2.171069838955237;19.533980818859707,17.049180100391123,0.27883058946767136;10.26526511140737,1.392277412259023,1.016178670844001;3.348893179695101,14.251866662958317,2.4185601003318604;3.4658463430243227,2.9891174118935857,0.21873102450163456;11.48626419771846,13.846024245365946,0.41596374877409237;5.718556999345342,8.252639224464476,0.3082740680827401;5.41842524027721,5.36907783143671,0.36053001055856554;5.263915430660201,12.511724220330363,0.47075426437758255;5.371172332057537,16.5795681636937,2.275404858158624;17.01738932692288,3.949288472633914,1.0833734478179253;1.2152499625451305,9.264165891219097,0.6289695736007946;2.5152666477933683,4.227481450075309,0.31479177433064687;0.8812631632839998,12.985708095722533,0.4433356300474305;18.23134962994997,17.499124477037014,1.7140616004040665;14.70574069346987,10.138925022682221,0.4018617649899432;0.41828819810825524,18.647760106540918,0.22147400162659886;4.200221053635278,15.46778249624208,0.43191318400781337;6.298497731957038,17.535487675311437,0.9892719758789834"
12,drone_3,15.512,3.117,11.528,10.640,"14.927867894972593,1.9417923666224648,0.6851088007879556;9.581603859062518,1.7165682560455653,1.2502531594349593;9.390093762647613,15.472761448915204,2.171069838955237;19.533980818859707,17.049180100391123,0.27883058946767136;10.26526511140737,1.392277412259023,1.016178670844001;3.348893179695101,14.251866662958317,2.4185601003318604;3.4658463430243227,2.9891174118935857,0.21873102450163456;11.48626419771846,13.846024245365946,0.41596374877409237;5.718556999345342,8.252639224464476,0.3082740680827401;5.41842524027721,5.36907783143671,0.36053001055856554;5.263915430660201,12.511724220330363,0.47075426437758255;5.371172332057537,16.5795681636937,2.275404858158624;17.01738932692288,3.949288472633914,1.0833734478179253;1.2152499625451305,9.264165891219097,0.6289695736007946;2.5152666477933683,4.227481450075309,0.31479177433064687;0.8812631632839998,12.985708095722533,0.4433356300474305;18.23134962994997,17.499124477037014,1.7140616004040665;14.70574069346987,10.138925022682221,0.4018617649899432;0.41828819810825524,18.647760106540918,0.22147400162659886;4.200221053635278,15.46778249624208,0.43191318400781337;6.298497731957038,17.535487675311437,0.9892719758789834"
12,drone_4,5.644,9.127,11.528,10.640,"14.927867894972593,1.9417923666224648,0.6851088007879556;9.581603859062518,1.7165682560455653,1.2502531594349593;9.390093762647613,15.472761448915204,2.171069838955237;19.533980818859707,17.049180100391123,0.27883058946767136;10.26526511140737,1.392277412259023,1.016178670844001;3.348893179695101,14.251866662958317,2.4185601003318604;3.4658463430243227,2.9891174118935857,0.21873102450163456;11.48626419771846,13.846024245365946,0.41596374877409237;5.718556999345342,8.252639224464476,0.3082740680827401;5.41842524027721,5.36907783143671,0.36053001055856554;5.263915430660201,12.511724220330363,0.47075426437758255;5.371172332057537,16.5795681636937,2.275404858158624;17.01738932692288,3.949288472633914,1.0833734478179253;1.2152499625451305,9.264165891219097,0.6289695736007946;2.5152666477933683,4.227481450075309,0.31479177433064687;0.8812631632839998,12.985708095722533,0.4433356300474305;18.23134962994997,17.499124477037014,1.7140616004040665;14.70574069346987,10.138925022682221,0.4018617649899432;0.41828819810825524,18.647760106540918,0.22147400162659886;4.200221053635278,15.46778249624208,0.43191318400781337;6.298497731957038,17.535487675311437,0.9892719758789834"
12,drone_5,16.868,13.567,11.528,10.640,"14.927867894972593,1.9417923666224648,0.6851088007879556;9.581603859062518,1.7165682560455653,1.2502531594349593;9.390093762647613,15.472761448915204,2.171069838955237;19.533980818859707,17.049180100391123,0.27883058946767136;10.26526511140737,1.392277412259023,1.016178670844001;3.348893179695101,14.251866662958317,2.4185601003318604;3.4658463430243227,2.9891174118935857,0.21873102450163456;11.48626419771846,13.846024245365946,0.41596374877409237;5.718556999345342,8.252639224464476,0.3082740680827401;5.41842524027721,5.36907783143671,0.36053001055856554;5.263915430660201,12.511724220330363,0.47075426437758255;5.371172332057537,16.5795681636937,2.275404858158624;17.01738932692288,3.949288472633914,1.0833734478179253;1.2152499625451305,9.264165891219097,0.6289695736007946;2.5152666477933683,4.227481450075309,0.31479177433064687;0.8812631632839998,12.985708095722533,0.4433356300474305;18.23134962994997,17.499124477037014,1.7140616004040665;14.70574069346987,10.138925022682221,0.4018617649899432;0.41828819810825524,18.647760106540918,0.22147400162659886;4.200221053635278,15.46778249624208,0.43191318400781337;6.298497731957038,17.535487675311437,0.9892719758789834"
12,drone_6,9.350,5.209,11.528,10.640,"14.927867894972593,1.9417923666224648,0.6851088007879556;9.581603859062518,1.7165682560455653,1.2502531594349593;9.390093762647613,15.472761448915204,2.171069838955237;19.533980818859707,17.049180100391123,0.27883058946767136;10.26526511140737,1.392277412259023,1.016178670844001;3.348893179695101,14.251866662958317,2.4185601003318604;3.4658463430243227,2.9891174118935857,0.21873102450163456;11.48626419771846,13.846024245365946,0.41596374877409237;5.718556999345342,8.252639224464476,0.3082740680827401;5.41842524027721,5.36907783143671,0.36053001055856554;5.263915430660201,12.511724220330363,0.47075426437758255;5.371172332057537,16.5795681636937,2.275404858158624;17.01738932692288,3.949288472633914,1.0833734478179253;1.2152499625451305,9.264165891219097,0.6289695736007946;2.5152666477933683,4.227481450075309,0.31479177433064687;0.8812631632839998,12.985708095722533,0.4433356300474305;18.23134962994997,17.499124477037014,1.7140616004040665;14.70574069346987,10.138925022682221,0.4018617649899432;0.41828819810825524,18.647760106540918,0.22147400162659886;4.200221053635278,15.46778249624208,0.43191318400781337;6.298497731957038,17.535487675311437,0.9892719758789834"
12,drone_7,4.394,8.347,11.528,10.640,"14.927867894972593,1.9417923666224648,0.6851088007879556;9.581603859062518,1.7165682560455653,1.2502531594349593;9.390093762647613,15.472761448915204,2.171069838955237;19.533980818859707,17.049180100391123,0.27883058946767136;10.26526511140737,1.392277412259023,1.016178670844001;3.348893179695101,14.251866662958317,2.4185601003318604;3.4658463430243227,2.9891174118935857,0.21873102450163456;11.48626419771846,13.846024245365946,0.41596374877409237;5.718556999345342,8.252639224464476,0.3082740680827401;5.41842524027721,5.36907783143671,0.36053001055856554;5.263915430660201,12.511724220330363,0.47075426437758255;5.371172332057537,16.5795681636937,2.275404858158624;17.01738932692288,3.949288472633914,1.0833734478179253;1.2152499625451305,9.264165891219097,0.6289695736007946;2.5152666477933683,4.227481450075309,0.31479177433064687;0.8812631632839998,12.985708095722533,0.4433356300474305;18.23134962994997,17.499124477037014,1.7140616004040665;14.70574069346987,10.138925022682221,0.4018617649899432;0.41828819810825524,18.647760106540918,0.22147400162659886;4.200221053635278,15.46778249624208,0.43191318400781337;6.298497731957038,17.535487675311437,0.9892719758789834"
12,drone_8,2.500,5.590,11.528,10.640,"14.927867894972593,1.9417923666224648,0.6851088007879556;9.581603859062518,1.7165682560455653,1.2502531594349593;9.390093762647613,15.472761448915204,2.171069838955237;19.533980818859707,17.049180100391123,0.27883058946767136;10.26526511140737,1.392277412259023,1.016178670844001;3.348893179695101,14.251866662958317,2.4185601003318604;3.4658463430243227,2.9891174118935857,0.21873102450163456;11.48626419771846,13.846024245365946,0.41596374877409237;5.718556999345342,8.252639224464476,0.3082740680827401;5.41842524027721,5.36907783143671,0.36053001055856554;5.263915430660201,12.511724220330363,0.47075426437758255;5.371172332057537,16.5795681636937,2.275404858158624;17.01738932692288,3.949288472633914,1.0833734478179253;1.2152499625451305,9.264165891219097,0.6289695736007946;2.5152666477933683,4.227481450075309,0.31479177433064687;0.8812631632839998,12.985708095722533,0.4433356300474305;18.23134962994997,17.499124477037014,1.7140616004040665;14.70574069346987,10.138925022682221,0.4018617649899432;0.41828819810825524,18.647760106540918,0.22147400162659886;4.200221053635278,15.46778249624208,0.43191318400781337;6.298497731957038,17.535487675311437,0.9892719758789834"
12,drone_9,6.032,7.351,11.528,10.640,"14.927867894972593,1.9417923666224648,0.6851088007879556;9.581603859062518,1.7165682560455653,1.2502531594349593;9.390093762647613,15.472761448915204,2.171069838955237;19.533980818859707,17.049180100391123,0.27883058946767136;10.26526511140737,1.392277412259023,1.016178670844001;3.348893179695101,14.251866662958317,2.4185601003318604;3.4658463430243227,2.9891174118935857,0.21873102450163456;11.48626419771846,13.846024245365946,0.41596374877409237;5.718556999345342,8.252639224464476,0.3082740680827401;5.41842524027721,5.36907783143671,0.36053001055856554;5.263915430660201,12.511724220330363,0.47075426437758255;5.371172332057537,16.5795681636937,2.275404858158624;17.01738932692288,3.949288472633914,1.0833734478179253;1.2152499625451305,9.264165891219097,0.6289695736007946;2.5152666477933683,4.227481450075309,0.31479177433064687;0.8812631632839998,12.985708095722533,0.4433356300474305;18.23134962994997,17.499124477037014,1.7140616004040665;14.70574069346987,10.138925022682221,0.4018617649899432;0.41828819810825524,18.647760106540918,0.22147400162659886;4.200221053635278,15.46778249624208,0.43191318400781337;6.298497731957038,17.535487675311437,0.9892719758789834"
13,drone_0,17.110,9.180,11.528,10.640,"14.927867894972593,1.9417923666224648,0.6851088007879556;9.581603859062518,1.7165682560455653,1.2502531594349593;9.390093762647613,15.472761448915204,2.171069838955237;19.533980818859707,17.049180100391123,0.27883058946767136;10.26526511140737,1.392277412259023,1.016178670844001;3.348893179695101,14.251866662958317,2.4185601003318604;3.4658463430243227,2.9891174118935857,0.21873102450163456;11.48626419771846,13.846024245365946,0.41596374877409237;5.718556999345342,8.252639224464476,0.3082740680827401;5.41842524027721,5.36907783143671,0.36053001055856554;5.263915430660201,12.511724220330363,0.47075426437758255;5.371172332057537,16.5795681636937,2.275404858158624;17.01738932692288,3.949288472633914,1.0833734478179253;1.2152499625451305,9.264165891219097,0.6289695736007946;2.5152666477933683,4.227481450075309,0.31479177433064687;0.8812631632839998,12.985708095722533,0.4433356300474305;18.23134962994997,17.499124477037014,1.7140616004040665;14.70574069346987,10.138925022682221,0.4018617649899432;0.41828819810825524,18.647760106540918,0.22147400162659886;4.200221053635278,15.46778249624208,0.43191318400781337;6.298497731957038,17.535487675311437,0.9892719758789834"
13,drone_1,8.419,4.484,11.528,10.640,"14.927867894972593,1.9417923666224648,0.6851088007879556;9.581603859062518,1.7165682560455653,1.2502531594349593;9.390093762647613,15.472761448915204,2.171069838955237;19.533980818859707,17.049180100391123,0.27883058946767136;10.26526511140737,1.392277412259023,1.016178670844001;3.348893179695101,14.251866662958317,2.4185601003318604;3.4658463430243227,2.9891174118935857,0.21873102450163456;11.48626419771846,13.846024245365946,0.41596374877409237;5.718556999345342,8.252639224464476,0.3082740680827401;5.41842524027721,5.36907783143671,0.36053001055856554;5.263915430660201,12.511724220330363,0.47075426437758255;5.371172332057537,16.5795681636937,2.275404858158624;17.01738932692288,3.949288472633914,1.0833734478179253;1.2152499625451305,9.264165891219097,0.6289695736007946;2.5152666477933683,4.227481450075309,0.31479177433064687;0.8812631632839998,12.985708095722533,0.4433356300474305;18.23134962994997,17.499124477037014,1.7140616004040665;14.70574069346987,10.138925022682221,0.4018617649899432;0.41828819810825524,18.647760106540918,0.22147400162659886;4.200221053635278,15.46778249624208,0.43191318400781337;6.298497731957038,17.535487675311437,0.9892719758789834"
13,drone_2,4.413,2.866,11.528,10.640,"14.927867894972593,1.9417923666224648,0.6851088007879556;9.581603859062518,1.7165682560455653,1.2502531594349593;9.390093762647613,15.472761448915204,2.171069838955237;19.533980818859707,17.049180100391123,0.27883058946767136;10.26526511140737,1.392277412259023,1.016178670844001;3.348893179695101,14.251866662958317,2.4185601003318604;3.4658463430243227,2.9891174118935857,0.21873102450163456;11.48626419771846,13.846024245365946,0.41596374877409237;5.718556999345342,8.252639224464476,0.3082740680827401;5.41842524027721,5.36907783143671,0.36053001055856554;5.263915430660201,12.511724220330363,0.47075426437758255;5.371172332057537,16.5795681636937,2.275404858158624;17.01738932692288,3.949288472633914,1.0833734478179253;1.2152499625451305,9.264165891219097,0.6289695736007946;2.5152666477933683,4.227481450075309,0.31479177433064687;0.8812631632839998,12.985708095722533,0.4433356300474305;18.23134962994997,17.499124477037014,1.7140616004040665;14.70574069346987,10.138925022682221,0.4018617649899432;0.41828819810825524,18.647760106540918,0.22147400162659886;4.200221053635278,15.46778249624208,0.43191318400781337;6.298497731957038,17.535487675311437,0.9892719758789834"
13,drone_3,15.367,3.254,11.528,10.640,"14.927867894972593,1.9417923666224648,0.6851088007879556;9.581603859062518,1.7165682560455653,1.2502531594349593;9.390093762647613,15.472761448915204,2.171069838955237;19.533980818859707,17.049180100391123,0.27883058946767136;10.26526511140737,1.392277412259023,1.016178670844001;3.348893179695101,14.251866662958317,2.4185601003318604;3.4658463430243227,2.9891174118935857,0.21873102450163456;11.48626419771846,13.846024245365946,0.41596374877409237;5.718556999345342,8.252639224464476,0.3082740680827401;5.41842524027721,5.36907783143671,0.36053001055856554;5.263915430660201,12.511724220330363,0.47075426437758255;5.371172332057537,16.5795681636937,2.275404858158624;17.01738932692288,3.949288472633914,1.0833734478179253;1.2152499625451305,9.264165891219097,0.6289695736007946;2.5152666477933683,4.227481450075309,0.31479177433064687;0.8812631632839998,12.985708095722533,0.4433356300474305;18.23134962994997,17.499124477037014,1.7140616004040665;14.70574069346987,10.138925022682221,0.4018617649899432;0.41828819810825524,18.647760106540918,0.22147400162659886;4.200221053635278,15.46778249624208,0.43191318400781337;6.298497731957038,17.535487675311437,0.9892719758789834"
13,drone_4,5.827,9.208,11.528,10.640,"14.927867894972593,1.9417923666224648,0.6851088007879556;9.581603859062518,1.7165682560455653,1.2502531594349593;9.390093762647613,15.472761448915204,2.171069838955237;19.533980818859707,17.049180100391123,0.27883058946767136;10.26526511140737,1.392277412259023,1.016178670844001;3.348893179695101,14.251866662958317,2.4185601003318604;3.4658463430243227,2.9891174118935857,0.21873102450163456;11.48626419771846,13.846024245365946,0.41596374877409237;5.718556999345342,8.252639224464476,0.3082740680827401;5.41842524027721,5.36907783143671,0.36053001055856554;5.263915430660201,12.511724220330363,0.47075426437758255;5.371172332057537,16.5795681636937,2.275404858158624;17.01738932692288,3.949288472633914,1.0833734478179253;1.2152499625451305,9.264165891219097,0.6289695736007946;2.5152666477933683,4.227481450075309,0.31479177433064687;0.8812631632839998,12.985708095722533,0.4433356300474305;18.23134962994997,17.499124477037014,1.7140616004040665;14.70574069346987,10.138925022682221,0.4018617649899432;0.41828819810825524,18.647760106540918,0.22147400162659886;4.200221053635278,15.46778249624208,0.43191318400781337;6.298497731957038,17.535487675311437,0.9892719758789834"
13,drone_5,16.726,13.426,11.528,10.640,"14.927867894972593,1.9417923666224648,0.6851088007879556;9.581603859062518,1.7165682560455653,1.2502531594349593;9.390093762647613,15.472761448915204,2.171069838955237;19.533980818859707,17.049180100391123,0.27883058946767136;10.26526511140737,1.392277412259023,1.016178670844001;3.348893179695101,14.251866662958317,2.4185601003318604;3.4658463430243227,2.9891174118935857,0.21873102450163456;11.48626419771846,13.846024245365946,0.41596374877409237;5.718556999345342,8.252639224464476,0.3082740680827401;5.41842524027721,5.36907783143671,0.36053001055856554;5.263915430660201,12.511724220330363,0.47075426437758255;5.371172332057537,16.5795681636937,2.275404858158624;17.01738932692288,3.949288472633914,1.0833734478179253;1.2152499625451305,9.264165891219097,0.6289695736007946;2.5152666477933683,4.227481450075309,0.31479177433064687;0.8812631632839998,12.985708095722533,0.4433356300474305;18.23134962994997,17.499124477037014,1.7140616004040665;14.70574069346987,10.138925022682221,0.4018617649899432;0.41828819810825524,18.647760106540918,0.22147400162659886;4.200221053635278,15.46778249624208,0.43191318400781337;6.298497731957038,17.535487675311437,0.9892719758789834"
13,drone_6,9.492,5.350,11.528,10.640,"14.927867894972593,1.9417923666224648,0.6851088007879556;9.581603859062518,1.7165682560455653,1.2502531594349593;9.390093762647613,15.472761448915204,2.171069838955237;19.533980818859707,17.049180100391123,0.27883058946767136;10.26526511140737,1.392277412259023,1.016178670844001;3.348893179695101,14.251866662958317,2.4185601003318604;3.4658463430243227,2.9891174118935857,0.21873102450163456;11.48626419771846,13.846024245365946,0.41596374877409237;5.718556999345342,8.252639224464476,0.3082740680827401;5.41842524027721,5.36907783143671,0.36053001055856554;5.263915430660201,12.511724220330363,0.47075426437758255;5.371172332057537,16.5795681636937,2.275404858158624;17.01738932692288,3.949288472633914,1.0833734478179253;1.2152499625451305,9.264165891219097,0.6289695736007946;2.5152666477933683,4.227481450075309,0.31479177433064687;0.8812631632839998,12.985708095722533,0.4433356300474305;18.23134962994997,17.499124477037014,1.7140616004040665;14.70574069346987,10.138925022682221,0.4018617649899432;0.41828819810825524,18.647760106540918,0.22147400162659886;4.200221053635278,15.46778249624208,0.43191318400781337;6.298497731957038,17.535487675311437,0.9892719758789834"
13,drone_7,4.536,8.488,11.528,10.640,"14.927867894972593,1.9417923666224648,0.6851088007879556;9.581603859062518,1.7165682560455653,1.2502531594349593;9.390093762647613,15.472761448915204,2.171069838955237;19.533980818859707,17.049180100391123,0.27883058946767136;10.26526511140737,1.392277412259023,1.016178670844001;3.348893179695101,14.251866662958317,2.4185601003318604;3.4658463430243227,2.9891174118935857,0.21873102450163456;11.48626419771846,13.846024245365946,0.41596374877409237;5.718556999345342,8.252639224464476,0.3082740680827401;5.41842524027721,5.36907783143671,0.36053001055856554;5.263915430660201,12.511724220330363,0.47075426437758255;5.371172332057537,16.5795681636937,2.275404858158624;17.01738932692288,3.949288472633914,1.0833734478179253;1.2152499625451305,9.264165891219097,0.6289695736007946;2.5152666477933683,4.227481450075309,0.31479177433064687;0.8812631632839998,12.985708095722533,0.4433356300474305;18.23134962994997,17.499124477037014,1.7140616004040665;14.70574069346987,10.138925022682221,0.4018617649899432;0.41828819810825524,18.647760106540918,0.22147400162659886;4.200221053635278,15.46778249624208,0.43191318400781337;6.298497731957038,17.535487675311437,0.9892719758789834"
13,drone_8,2.639,5.733,11.528,10.640,"14.927867894972593,1.9417923666224648,0.6851088007879556;9.581603859062518,1.7165682560455653,1.2502531594349593;9.390093762647613,15.472761448915204,2.171069838955237;19.533980818859707,17.049180100391123,0.27883058946767136;10.26526511140737,1.392277412259023,1.016178670844001;3.348893179695101,14.251866662958317,2.4185601003318604;3.4658463430243227,2.9891174118935857,0.21873102450163456;11.48626419771846,13.846024245365946,0.41596374877409237;5.718556999345342,8.252639224464476,0.3082740680827401;5.41842524027721,5.36907783143671,0.36053001055856554;5.263915430660201,12.511724220330363,0.47075426437758255;5.371172332057537,16.5795681636937,2.275404858158624;17.01738932692288,3.949288472633914,1.0833734478179253;1.2152499625451305,9.264165891219097,0.6289695736007946;2.5152666477933683,4.227481450075309,0.31479177433064687;0.8812631632839998,12.985708095722533,0.4433356300474305;18.23134962994997,17.499124477037014,1.7140616004040665;14.70574069346987,10.138925022682221,0.4018617649899432;0.41828819810825524,18.647760106540918,0.22147400162659886;4.200221053635278,15.46778249624208,0.43191318400781337;6.298497731957038,17.535487675311437,0.9892719758789834"
13,drone_9,6.229,7.388,11.528,10.640,"14.927867894972593,1.9417923666224648,0.6851088007879556;9.581603859062518,1.7165682560455653,1.2502531594349593;9.390093762647613,15.472761448915204,2.171069838955237;19.533980818859707,17.049180100391123,0.27883058946767136;10.26526511140737,1.392277412259023,1.016178670844001;3.348893179695101,14.251866662958317,2.4185601003318604;3.4658463430243227,2.9891174118935857,0.21873102450163456;11.48626419771846,13.846024245365946,0.41596374877409237;5.718556999345342,8.252639224464476,0.3082740680827401;5.41842524027721,5.36907783143671,0.36053001055856554;5.263915430660201,12.511724220330363,0.47075426437758255;5.371172332057537,16.5795681636937,2.275404858158624;17.01738932692288,3.949288472633914,1.0833734478179253;1.2152499625451305,9.264165891219097,0.6289695736007946;2.5152666477933683,4.227481450075309,0.31479177433064687;0.8812631632839998,12.985708095722533,0.4433356300474305;18.23134962994997,17.499124477037014,1.7140616004040665;14.70574069346987,10.138925022682221,0.4018617649899432;0.41828819810825524,18.647760106540918,0.22147400162659886;4.200221053635278,15.46778249624208,0.43191318400781337;6.298497731957038,17.535487675311437,0.9892719758789834"
14,drone_0,16.968,9.321,11.528,10.640,"14.927867894972593,1.9417923666224648,0.6851088007879556;9.581603859062518,1.7165682560455653,1.2502531594349593;9.390093762647613,15.472761448915204,2.171069838955237;19.533980818859707,17.049180100391123,0.27883058946767136;10.26526511140737,1.392277412259023,1.016178670844001;3.348893179695101,14.251866662958317,2.4185601003318604;3.4658463430243227,2.9891174118935857,0.21873102450163456;11.48626419771846,13.846024245365946,0.41596374877409237;5.718556999345342,8.252639224464476,0.3082740680827401;5.41842524027721,5.36907783143671,0.36053001055856554;5.263915430660201,12.511724220330363,0.47075426437758255;5.371172332057537,16.5795681636937,2.275404858158624;17.01738932692288,3.949288472633914,1.0833734478179253;1.2152499625451305,9.264165891219097,0.6289695736007946;2.5152666477933683,4.227481450075309,0.31479177433064687;0.8812631632839998,12.985708095722533,0.4433356300474305;18.23134962994997,17.499124477037014,1.7140616004040665;14.70574069346987,10.138925022682221,0.4018617649899432;0.41828819810825524,18.647760106540918,0.22147400162659886;4.200221053635278,15.46778249624208,0.43191318400781337;6.298497731957038,17.535487675311437,0.9892719758789834"
14,drone_1,8.560,4.625,11.528,10.640,"14.927867894972593,1.9417923666224648,0.6851088007879556;9.581603859062518,1.7165682560455653,1.2502531594349593;9.390093762647613,15.472761448915204,2.171069838955237;19.533980818859707,17.049180100391123,0.27883058946767136;10.26526511140737,1.392277412259023,1.016178670844001;3.348893179695101,14.251866662958317,2.4185601003318604;3.4658463430243227,2.9891174118935857,0.21873102450163456;11.48626419771846,13.846024245365946,0.41596374877409237;5.718556999345342,8.252639224464476,0.3082740680827401;5.41842524027721,5.36907783143671,0.36053001055856554;5.263915430660201,12.511724220330363,0.47075426437758255;5.371172332057537,16.5795681636937,2.275404858158624;17.01738932692288,3.949288472633914,1.0833734478179253;1.2152499625451305,9.264165891219097,0.6289695736007946;2.5152666477933683,4.227481450075309,0.31479177433064687;0.8812631632839998,12.985708095722533,0.4433356300474305;18.23134962994997,17.499124477037014,1.7140616004040665;14.70574069346987,10.138925022682221,0.4018617649899432;0.41828819810825524,18.647760106540918,0.22147400162659886;4.200221053635278,15.46778249624208,0.43191318400781337;6.298497731957038,17.535487675311437,0.9892719758789834"
14,drone_2,4.554,3.007,11.528,10.640,"14.927867894972593,1.9417923666224648,0.6851088007879556;9.581603859062518,1.7165682560455653,1.2502531594349593;9.390093762647613,15.472761448915204,2.171069838955237;19.533980818859707,17.049180100391123,0.27883058946767136;10.26526511140737,1.392277412259023,1.016178670844001;3.348893179695101,14.251866662958317,2.4185601003318604;3.4658463430243227,2.9891174118935857,0.21873102450163456;11.48626419771846,13.846024245365946,0.41596374877409237;5.718556999345342,8.252639224464476,0.3082740680827401;5.41842524027721,5.36907783143671,0.36053001055856554;5.263915430660201,12.511724220330363,0.47075426437758255;5.371172332057537,16.5795681636937,2.275404858158624;17.01738932692288,3.949288472633914,1.0833734478179253;1.2152499625451305,9.264165891219097,0.6289695736007946;2.5152666477933683,4.227481450075309,0.31479177433064687;0.8812631632839998,12.985708095722533,0.4433356300474305;18.23134962994997,17.499124477037014,1.7140616004040665;14.70574069346987,10.138925022682221,0.4018617649899432;0.41828819810825524,18.647760106540918,0.22147400162659886;4.200221053635278,15.46778249624208,0.43191318400781337;6.298497731957038,17.535487675311437,0.9892719758789834"
14,drone_3,15.223,3.394,11.528,10.640,"14.927867894972593,1.9417923666224648,0.6851088007879556;9.581603859062518,1.7165682560455653,1.2502531594349593;9.390093762647613,15.472761448915204,2.171069838955237;19.533980818859707,17.049180100391123,0.27883058946767136;10.26526511140737,1.392277412259023,1.016178670844001;3.348893179695101,14.251866662958317,2.4185601003318604;3.4658463430243227,2.9891174118935857,0.21873102450163456;11.48626419771846,13.846024245365946,0.41596374877409237;5.718556999345342,8.252639224464476,0.3082740680827401;5.41842524027721,5.36907783143671,0.36053001055856554;5.263915430660201,12.511724220330363,0.47075426437758255;5.371172332057537,16.5795681636937,2.275404858158624;17.01738932692288,3.949288472633914,1.0833734478179253;1.2152499625451305,9.264165891219097,0.6289695736007946;2.5152666477933683,4.227481450075309,0.31479177433064687;0.8812631632839998,12.985708095722533,0.4433356300474305;18.23134962994997,17.499124477037014,1.7140616004040665;14.70574069346987,10.138925022682221,0.4018617649899432;0.41828819810825524,18.647760106540918,0.22147400162659886;4.200221053635278,15.46778249624208,0.43191318400781337;6.298497731957038,17.535487675311437,0.9892719758789834"
14,drone_4,6.026,9.194,11.528,10.640,"14.927867894972593,1.9417923666224648,0.6851088007879556;9.581603859062518,1.7165682560455653,1.2502531594349593;9.390093762647613,15.472761448915204,2.171069838955237;19.533980818859707,17.049180100391123,0.27883058946767136;10.26526511140737,1.392277412259023,1.016178670844001;3.348893179695101,14.251866662958317,2.4185601003318604;3.4658463430243227,2.9891174118935857,0.21873102450163456;11.48626419771846,13.846024245365946,0.41596374877409237;5.718556999345342,8.252639224464476,0.3082740680827401;5.41842524027721,5.36907783143671,0.36053001055856554;5.263915430660201,12.511724220330363,0.47075426437758255;5.371172332057537,16.5795681636937,2.275404858158624;17.01738932692288,3.949288472633914,1.0833734478179253;1.2152499625451305,9.264165891219097,0.6289695736007946;2.5152666477933683,4.227481450075309,0.31479177433064687;0.8812631632839998,12.985708095722533,0.4433356300474305;18.23134962994997,17.499124477037014,1.7140616004040665;14.70574069346987,10.138925022682221,0.4018617649899432;0.41828819810825524,18.647760106540918,0.22147400162659886;4.200221053635278,15.46778249624208,0.43191318400781337;6.298497731957038,17.535487675311437,0.9892719758789834"
14,drone_5,16.585,13.284,11.528,10.640,"14.927867894972593,1.9417923666224648,0.6851088007879556;9.581603859062518,1.7165682560455653,1.2502531594349593;9.390093762647613,15.472761448915204,2.171069838955237;19.533980818859707,17.049180100391123,0.27883058946767136;10.26526511140737,1.392277412259023,1.016178670844001;3.348893179695101,14.251866662958317,2.4185601003318604;3.4658463430243227,2.9891174118935857,0.21873102450163456;11.48626419771846,13.846024245365946,0.41596374877409237;5.718556999345342,8.252639224464476,0.3082740680827401;5.41842524027721,5.36907783143671,0.36053001055856554;5.263915430660201,12.511724220330363,0.47075426437758255;5.371172332057537,16.5795681636937,2.275404858158624;17.01738932692288,3.949288472633914,1.0833734478179253;1.2152499625451305,9.264165891219097,0.6289695736007946;2.5152666477933683,4.227481450075309,0.31479177433064687;0.8812631632839998,12.985708095722533,0.4433356300474305;18.23134962994997,17.499124477037014,1.7140616004040665;14.70574069346987,10.138925022682221,0.4018617649899432;0.41828819810825524,18.647760106540918,0.22147400162659886;4.200221053635278,15.46778249624208,0.43191318400781337;6.298497731957038,17.535487675311437,0.9892719758789834"
14,drone_6,9.633,5.492,11.528,10.640,"14.927867894972593,1.9417923666224648,0.6851088007879556;9.581603859062518,1.7165682560455653,1.2502531594349593;9.390093762647613,15.472761448915204,2.171069838955237;19.533980818859707,17.049180100391123,0.27883058946767136;10.26526511140737,1.392277412259023,1.016178670844001;3.348893179695101,14.251866662958317,2.4185601003318604;3.4658463430243227,2.9891174118935857,0.21873102450163456;11.48626419771846,13.846024245365946,0.41596374877409237;5.718556999345342,8.252639224464476,0.3082740680827401;5.41842524027721,5.36907783143671,0.36053001055856554;5.263915430660201,12.511724220330363,0.47075426437758255;5.371172332057537,16.5795681636937,2.275404858158624;17.01738932692288,3.949288472633914,1.0833734478179253;1.2152499625451305,9.264165891219097,0.6289695736007946;2.5152666477933683,4.227481450075309,0.31479177433064687;0.8812631632839998,12.985708095722533,0.4433356300474305;18.23134962994997,17.499124477037014,1.7140616004040665;14.70574069346987,10.138925022682221,0.4018617649899432;0.41828819810825524,18.647760106540918,0.22147400162659886;4.200221053635278,15.46778249624208,0.43191318400781337;6.298497731957038,17.535487675311437,0.9892719758789834"
14,drone_7,4.678,8.629,11.528,10.640,"14.927867894972593,1.9417923666224648,0.6851088007879556;9.581603859062518,1.7165682560455653,1.2502531594349593;9.390093762647613,15.472761448915204,2.171069838955237;19.533980818859707,17.049180100391123,0.27883058946767136;10.26526511140737,1.392277412259023,1.016178670844001;3.348893179695101,14.251866662958317,2.4185601003318604;3.4658463430243227,2.9891174118935857,0.21873102450163456;11.48626419771846,13.846024245365946,0.41596374877409237;5.718556999345342,8.252639224464476,0.3082740680827401;5.41842524027721,5.36907783143671,0.36053001055856554;5.263915430660201,12.511724220330363,0.47075426437758255;5.371172332057537,16.5795681636937,2.275404858158624;17.01738932692288,3.949288472633914,1.0833734478179253;1.2152499625451305,9.264165891219097,0.6289695736007946;2.5152666477933683,4.227481450075309,0.31479177433064687;0.8812631632839998,12.985708095722533,0.4433356300474305;18.23134962994997,17.499124477037014,1.7140616004040665;14.70574069346987,10.138925022682221,0.4018617649899432;0.41828819810825524,18.647760106540918,0.22147400162659886;4.200221053635278,15.46778249624208,0.43191318400781337;6.298497731957038,17.535487675311437,0.9892719758789834"
14,drone_8,2.779,5.876,11.528,10.640,"14.927867894972593,1.9417923666224648,0.6851088007879556;9.581603859062518,1.7165682560455653,1.2502531594349593;9.390093762647613,15.472761448915204,2.171069838955237;19.533980818859707,17.049180100391123,0.27883058946767136;10.26526511140737,1.392277412259023,1.016178670844001;3.348893179695101,14.251866662958317,2.4185601003318604;3.4658463430243227,2.9891174118935857,0.21873102450163456;11.48626419771846,13.846024245365946,0.41596374877409237;5.718556999345342,8.252639224464476,0.3082740680827401;5.41842524027721,5.36907783143671,0.36053001055856554;5.263915430660201,12.511724220330363,0.47075426437758255;5.371172332057537,16.5795681636937,2.275404858158624;17.01738932692288,3.949288472633914,1.0833734478179253;1.2152499625451305,9.264165891219097,0.6289695736007946;2.5152666477933683,4.227481450075309,0.31479177433064687;0.8812631632839998,12.985708095722533,0.4433356300474305;18.23134962994997,17.499124477037014,1.7140616004040665;14.70574069346987,10.138925022682221,0.4018617649899432;0.41828819810825524,18.647760106540918,0.22147400162659886;4.200221053635278,15.46778249624208,0.43191318400781337;6.298497731957038,17.535487675311437,0.9892719758789834"
14,drone_9,6.410,7.472,11.528,10.640,"14.927867894972593,1.9417923666224648,0.6851088007879556;9.581603859062518,1.7165682560455653,1.2502531594349593;9.390093762647613,15.472761448915204,2.171069838955237;19.533980818859707,17.049180100391123,0.27883058946767136;10.26526511140737,1.392277412259023,1.016178670844001;3.348893179695101,14.251866662958317,2.4185601003318604;3.4658463430243227,2.9891174118935857,0.21873102450163456;11.48626419771846,13.846024245365946,0.41596374877409237;5.718556999345342,8.252639224464476,0.3082740680827401;5.41842524027721,5.36907783143671,0.36053001055856554;5.263915430660201,12.511724220330363,0.47075426437758255;5.371172332057537,16.5795681636937,2.275404858158624;17.01738932692288,3.949288472633914,1.0833734478179253;1.2152499625451305,9.264165891219097,0.6289695736007946;2.5152666477933683,4.227481450075309,0.31479177433064687;0.8812631632839998,12.985708095722533,0.4433356300474305;18.23134962994997,17.499124477037014,1.7140616004040665;14.70574069346987,10.138925022682221,0.4018617649899432;0.41828819810825524,18.647760106540918,0.22147400162659886;4.200221053635278,15.46778249624208,0.43191318400781337;6.298497731957038,17.535487675311437,0.9892719758789834"
15,drone_0,16.827,9.463,11.528,10.640,"14.927867894972593,1.9417923666224648,0.6851088007879556;9.581603859062518,1.7165682560455653,1.2502531594349593;9.390093762647613,15.472761448915204,2.171069838955237;19.533980818859707,17.049180100391123,0.27883058946767136;10.26526511140737,1.392277412259023,1.016178670844001;3.348893179695101,14.251866662958317,2.4185601003318604;3.4658463430243227,2.9891174118935857,0.21873102450163456;11.48626419771846,13.846024245365946,0.41596374877409237;5.718556999345342,8.252639224464476,0.3082740680827401;5.41842524027721,5.36907783143671,0.36053001055856554;5.263915430660201,12.511724220330363,0.47075426437758255;5.371172332057537,16.5795681636937,2.275404858158624;17.01738932692288,3.949288472633914,1.0833734478179253;1.2152499625451305,9.264165891219097,0.6289695736007946;2.5152666477933683,4.227481450075309,0.31479177433064687;0.8812631632839998,12.985708095722533,0.4433356300474305;18.23134962994997,17.499124477037014,1.7140616004040665;14.70574069346987,10.138925022682221,0.4018617649899432;0.41828819810825524,18.647760106540918,0.22147400162659886;4.200221053635278,15.46778249624208,0.43191318400781337;6.298497731957038,17.535487675311437,0.9892719758789834"
15,drone_1,8.702,4.767,11.528,10.640,"14.927867894972593,1.9417923666224648,0.6851088007879556;9.581603859062518,1.7165682560455653,1.2502531594349593;9.390093762647613,15.472761448915204,2.171069838955237;19.533980818859707,17.049180100391123,0.27883058946767136;10.26526511140737,1.392277412259023,1.016178670844001;3.348893179695101,14.251866662958317,2.4185601003318604;3.4658463430243227,2.9891174118935857,0.21873102450163456;11.48626419771846,13.846024245365946,0.41596374877409237;5.718556999345342,8.252639224464476,0.3082740680827401;5.41842524027721,5.36907783143671,0.36053001055856554;5.263915430660201,12.511724220330363,0.47075426437758255;5.371172332057537,16.5795681636937,2.275404858158624;17.01738932692288,3.949288472633914,1.0833734478179253;1.2152499625451305,9.264165891219097,0.6289695736007946;2.5152666477933683,4.227481450075309,0.31479177433064687;0.8812631632839998,12.985708095722533,0.4433356300474305;18.23134962994997,17.499124477037014,1.7140616004040665;14.70574069346987,10.138925022682221,0.4018617649899432;0.41828819810825524,18.647760106540918,0.22147400162659886;4.200221053635278,15.46778249624208,0.43191318400781337;6.298497731957038,17.535487675311437,0.9892719758789834"
15,drone_2,4.696,3.149,11.528,10.640,"14.927867894972593,1.9417923666224648,0.6851088007879556;9.581603859062518,1.7165682560455653,1.2502531594349593;9.390093762647613,15.472761448915204,2.171069838955237;19.533980818859707,17.049180100391123,0.27883058946767136;10.26526511140737,1.392277412259023,1.016178670844001;3.348893179695101,14.251866662958317,2.4185601003318604;3.4658463430243227,2.9891174118935857,0.21873102450163456;11.48626419771846,13.846024245365946,0.41596374877409237;5.718556999345342,8.252639224464476,0.3082740680827401;5.41842524027721,5.36907783143671,0.36053001055856554;5.263915430660201,12.511724220330363,0.47075426437758255;5.371172332057537,16.5795681636937,2.275404858158624;17.01738932692288,3.949288472633914,1.0833734478179253;1.2152499625451305,9.264165891219097,0.6289695736007946;2.5152666477933683,4.227481450075309,0.31479177433064687;0.8812631632839998,12.985708095722533,0.4433356300474305;18.23134962994997,17.499124477037014,1.7140616004040665;14.70574069346987,10.138925022682221,0.4018617649899432;0.41828819810825524,18.647760106540918,0.22147400162659886;4.200221053635278,15.46778249624208,0.43191318400781337;6.298497731957038,17.535487675311437,0.9892719758789834"
15,drone_3,15.081,3.534,11.528,10.640,"14.927867894972593,1.9417923666224648,0.6851088007879556;9.581603859062518,1.7165682560455653,1.2502531594349593;9.390093762647613,15.472761448915204,2.171069838955237;19.533980818859707,17.049180100391123,0.27883058946767136;10.26526511140737,1.392277412259023,1.016178670844001;3.348893179695101,14.251866662958317,2.4185601003318604;3.4658463430243227,2.9891174118935857,0.21873102450163456;11.48626419771846,13.846024245365946,0.41596374877409237;5.718556999345342,8.252639224464476,0.3082740680827401;5.41842524027721,5.36907783143671,0.36053001055856554;5.263915430660201,12.511724220330363,0.47075426437758255;5.371172332057537,16.5795681636937,2.275404858158624;17.01738932692288,3.949288472633914,1.0833734478179253;1.2152499625451305,9.264165891219097,0.6289695736007946;2.5152666477933683,4.227481450075309,0.31479177433064687;0.8812631632839998,12.985708095722533,0.4433356300474305;18.23134962994997,17.499124477037014,1.7140616004040665;14.70574069346987,10.138925022682221,0.4018617649899432;0.41828819810825524,18.647760106540918,0.22147400162659886;4.200221053635278,15.46778249624208,0.43191318400781337;6.298497731957038,17.535487675311437,0.9892719758789834"
15,drone_4,6.218,9.249,11.528,10.640,"14.927867894972593,1.9417923666224648,0.6851088007879556;9.581603859062518,1.7165682560455653,1.2502531594349593;9.390093762647613,15.472761448915204,2.171069838955237;19.533980818859707,17.049180100391123,0.27883058946767136;10.26526511140737,1.392277412259023,1.016178670844001;3.348893179695101,14.251866662958317,2.4185601003318604;3.4658463430243227,2.9891174118935857,0.21873102450163456;11.48626419771846,13.846024245365946,0.41596374877409237;5.718556999345342,8.252639224464476,0.3082740680827401;5.41842524027721,5.36907783143671,0.36053001055856554;5.263915430660201,12.511724220330363,0.47075426437758255;5.371172332057537,16.5795681636937,2.275404858158624;17.01738932692288,3.949288472633914,1.0833734478179253;1.2152499625451305,9.264165891219097,0.6289695736007946;2.5152666477933683,4.227481450075309,0.31479177433064687;0.8812631632839998,12.985708095722533,0.4433356300474305;18.23134962994997,17.499124477037014,1.7140616004040665;14.70574069346987,10.138925022682221,0.4018617649899432;0.41828819810825524,18.647760106540918,0.22147400162659886;4.200221053635278,15.46778249624208,0.43191318400781337;6.298497731957038,17.535487675311437,0.9892719758789834"
15,drone_5,16.444,13.143,11.528,10.640,"14.927867894972593,1.9417923666224648,0.6851088007879556;9.581603859062518,1.7165682560455653,1.2502531594349593;9.390093762647613,15.472761448915204,2.171069838955237;19.533980818859707,17.049180100391123,0.27883058946767136;10.26526511140737,1.392277412259023,1.016178670844001;3.348893179695101,14.251866662958317,2.4185601003318604;3.4658463430243227,2.9891174118935857,0.21873102450163456;11.48626419771846,13.846024245365946,0.41596374877409237;5.718556999345342,8.252639224464476,0.3082740680827401;5.41842524027721,5.36907783143671,0.36053001055856554;5.263915430660201,12.511724220330363,0.47075426437758255;5.371172332057537,16.5795681636937,2.275404858158624;17.01738932692288,3.949288472633914,1.0833734478179253;1.2152499625451305,9.264165891219097,0.6289695736007946;2.5152666477933683,4.227481450075309,0.31479177433064687;0.8812631632839998,12.985708095722533,0.4433356300474305;18.23134962994997,17.499124477037014,1.7140616004040665;14.70574069346987,10.138925022682221,0.4018617649899432;0.41828819810825524,18.647760106540918,0.22147400162659886;4.200221053635278,15.46778249624208,0.43191318400781337;6.298497731957038,17.535487675311437,0.9892719758789834"
15,drone_6,9.775,5.633,11.528,10.640,"14.927867894972593,1.9417923666224648,0.6851088007879556;9.581603859062518,1.7165682560455653,1.2502531594349593;9.390093762647613,15.472761448915204,2.171069838955237;19.533980818859707,17.049180100391123,0.27883058946767136;10.26526511140737,1.392277412259023,1.016178670844001;3.348893179695101,14.251866662958317,2.4185601003318604;3.4658463430243227,2.9891174118935857,0.21873102450163456;11.48626419771846,13.846024245365946,0.41596374877409237;5.718556999345342,8.252639224464476,0.3082740680827401;5.41842524027721,5.36907783143671,0.36053001055856554;5.263915430660201,12.511724220330363,0.47075426437758255;5.371172332057537,16.5795681636937,2.275404858158624;17.01738932692288,3.949288472633914,1.0833734478179253;1.2152499625451305,9.264165891219097,0.6289695736007946;2.5152666477933683,4.227481450075309,0.31479177433064687;0.8812631632839998,12.985708095722533,0.4433356300474305;18.23134962994997,17.499124477037014,1.7140616004040665;14.70574069346987,10.138925022682221,0.4018617649899432;0.41828819810825524,18.647760106540918,0.22147400162659886;4.200221053635278,15.46778249624208,0.43191318400781337;6.298497731957038,17.535487675311437,0.9892719758789834"
15,drone_7,4.819,8.770,11.528,10.640,"14.927867894972593,1.9417923666224648,0.6851088007879556;9.581603859062518,1.7165682560455653,1.2502531594349593;9.390093762647613,15.472761448915204,2.171069838955237;19.533980818859707,17.049180100391123,0.27883058946767136;10.26526511140737,1.392277412259023,1.016178670844001;3.348893179695101,14.251866662958317,2.4185601003318604;3.4658463430243227,2.9891174118935857,0.21873102450163456;11.48626419771846,13.846024245365946,0.41596374877409237;5.718556999345342,8.252639224464476,0.3082740680827401;5.41842524027721,5.36907783143671,0.36053001055856554;5.263915430660201,12.511724220330363,0.47075426437758255;5.371172332057537,16.5795681636937,2.275404858158624;17.01738932692288,3.949288472633914,1.0833734478179253;1.2152499625451305,9.264165891219097,0.6289695736007946;2.5152666477933683,4.227481450075309,0.31479177433064687;0.8812631632839998,12.985708095722533,0.4433356300474305;18.23134962994997,17.499124477037014,1.7140616004040665;14.70574069346987,10.138925022682221,0.4018617649899432;0.41828819810825524,18.647760106540918,0.22147400162659886;4.200221053635278,15.46778249624208,0.43191318400781337;6.298497731957038,17.535487675311437,0.9892719758789834"
15,drone_8,2.920,6.018,11.528,10.640,"14.927867894972593,1.9417923666224648,0.6851088007879556;9.581603859062518,1.7165682560455653,1.2502531594349593;9.390093762647613,15.472761448915204,2.171069838955237;19.533980818859707,17.049180100391123,0.27883058946767136;10.26526511140737,1.392277412259023,1.016178670844001;3.348893179695101,14.251866662958317,2.4185601003318604;3.4658463430243227,2.9891174118935857,0.21873102450163456;11.48626419771846,13.846024245365946,0.41596374877409237;5.718556999345342,8.252639224464476,0.3082740680827401;5.41842524027721,5.36907783143671,0.36053001055856554;5.263915430660201,12.511724220330363,0.47075426437758255;5.371172332057537,16.5795681636937,2.275404858158624;17.01738932692288,3.949288472633914,1.0833734478179253;1.2152499625451305,9.264165891219097,0.6289695736007946;2.5152666477933683,4.227481450075309,0.31479177433064687;0.8812631632839998,12.985708095722533,0.4433356300474305;18.23134962994997,17.499124477037014,1.7140616004040665;14.70574069346987,10.138925022682221,0.4018617649899432;0.41828819810825524,18.647760106540918,0.22147400162659886;4.200221053635278,15.46778249624208,0.43191318400781337;6.298497731957038,17.535487675311437,0.9892719758789834"
15,drone_9,6.577,7.582,11.528,10.640,"14.927867894972593,1.9417923666224648,0.6851088007879556;9.581603859062518,1.7165682560455653,1.2502531594349593;9.390093762647613,15.472761448915204,2.171069838955237;19.533980818859707,17.049180100391123,0.27883058946767136;10.26526511140737,1.392277412259023,1.016178670844001;3.348893179695101,14.251866662958317,2.4185601003318604;3.4658463430243227,2.9891174118935857,0.21873102450163456;11.48626419771846,13.846024245365946,0.41596374877409237;5.718556999345342,8.252639224464476,0.3082740680827401;5.41842524027721,5.36907783143671,0.36053001055856554;5.263915430660201,12.511724220330363,0.47075426437758255;5.371172332057537,16.5795681636937,2.275404858158624;17.01738932692288,3.949288472633914,1.0833734478179253;1.2152499625451305,9.264165891219097,0.6289695736007946;2.5152666477933683,4.227481450075309,0.31479177433064687;0.8812631632839998,12.985708095722533,0.4433356300474305;18.23134962994997,17.499124477037014,1.7140616004040665;14.70574069346987,10.138925022682221,0.4018617649899432;0.41828819810825524,18.647760106540918,0.22147400162659886;4.200221053635278,15.46778249624208,0.43191318400781337;6.298497731957038,17.535487675311437,0.9892719758789834"
16,drone_0,16.685,9.604,11.528,10.640,"14.927867894972593,1.9417923666224648,0.6851088007879556;9.581603859062518,1.7165682560455653,1.2502531594349593;9.390093762647613,15.472761448915204,2.171069838955237;19.533980818859707,17.049180100391123,0.27883058946767136;10.26526511140737,1.392277412259023,1.016178670844001;3.348893179695101,14.251866662958317,2.4185601003318604;3.4658463430243227,2.9891174118935857,0.21873102450163456;11.48626419771846,13.846024245365946,0.41596374877409237;5.718556999345342,8.252639224464476,0.3082740680827401;5.41842524027721,5.36907783143671,0.36053001055856554;5.263915430660201,12.511724220330363,0.47075426437758255;5.371172332057537,16.5795681636937,2.275404858158624;17.01738932692288,3.949288472633914,1.0833734478179253;1.2152499625451305,9.264165891219097,0.6289695736007946;2.5152666477933683,4.227481450075309,0.31479177433064687;0.8812631632839998,12.985708095722533,0.4433356300474305;18.23134962994997,17.499124477037014,1.7140616004040665;14.70574069346987,10.138925022682221,0.4018617649899432;0.41828819810825524,18.647760106540918,0.22147400162659886;4.200221053635278,15.46778249624208,0.43191318400781337;6.298497731957038,17.535487675311437,0.9892719758789834"
16,drone_1,8.843,4.908,11.528,10.640,"14.927867894972593,1.9417923666224648,0.6851088007879556;9.581603859062518,1.7165682560455653,1.2502531594349593;9.390093762647613,15.472761448915204,2.171069838955237;19.533980818859707,17.049180100391123,0.27883058946767136;10.26526511140737,1.392277412259023,1.016178670844001;3.348893179695101,14.251866662958317,2.4185601003318604;3.4658463430243227,2.9891174118935857,0.21873102450163456;11.48626419771846,13.846024245365946,0.41596374877409237;5.718556999345342,8.252639224464476,0.3082740680827401;5.41842524027721,5.36907783143671,0.36053001055856554;5.263915430660201,12.511724220330363,0.47075426437758255;5.371172332057537,16.5795681636937,2.275404858158624;17.01738932692288,3.949288472633914,1.0833734478179253;1.2152499625451305,9.264165891219097,0.6289695736007946;2.5152666477933683,4.227481450075309,0.31479177433064687;0.8812631632839998,12.985708095722533,0.4433356300474305;18.23134962994997,17.499124477037014,1.7140616004040665;14.70574069346987,10.138925022682221,0.4018617649899432;0.41828819810825524,18.647760106540918,0.22147400162659886;4.200221053635278,15.46778249624208,0.43191318400781337;6.298497731957038,17.535487675311437,0.9892719758789834"
16,drone_2,4.837,3.290,11.528,10.640,"14.927867894972593,1.9417923666224648,0.6851088007879556;9.581603859062518,1.7165682560455653,1.2502531594349593;9.390093762647613,15.472761448915204,2.171069838955237;19.533980818859707,17.049180100391123,0.27883058946767136;10.26526511140737,1.392277412259023,1.016178670844001;3.348893179695101,14.251866662958317,2.4185601003318604;3.4658463430243227,2.9891174118935857,0.21873102450163456;11.48626419771846,13.846024245365946,0.41596374877409237;5.718556999345342,8.252639224464476,0.3082740680827401;5.41842524027721,5.36907783143671,0.36053001055856554;5.263915430660201,12.511724220330363,0.47075426437758255;5.371172332057537,16.5795681636937,2.275404858158624;17.01738932692288,3.949288472633914,1.0833734478179253;1.2152499625451305,9.264165891219097,0.6289695736007946;2.5152666477933683,4.227481450075309,0.31479177433064687;0.8812631632839998,12.985708095722533,0.4433356300474305;18.23134962994997,17.499124477037014,1.7140616004040665;14.70574069346987,10.138925022682221,0.4018617649899432;0.41828819810825524,18.647760106540918,0.22147400162659886;4.200221053635278,15.46778249624208,0.43191318400781337;6.298497731957038,17.535487675311437,0.9892719758789834"
16,drone_3,14.938,3.675,11.528,10.640,"14.927867894972593,1.9417923666224648,0.6851088007879556;9.581603859062518,1.7165682560455653,1.2502531594349593;9.390093762647613,15.472761448915204,2.171069838955237;19.533980818859707,17.049180100391123,0.27883058946767136;10.26526511140737,1.392277412259023,1.016178670844001;3.348893179695101,14.251866662958317,2.4185601003318604;3.4658463430243227,2.9891174118935857,0.21873102450163456;11.48626419771846,13.846024245365946,0.41596374877409237;5.718556999345342,8.252639224464476,0.3082740680827401;5.41842524027721,5.36907783143671,0.36053001055856554;5.263915430660201,12.511724220330363,0.47075426437758255;5.371172332057537,16.5795681636937,2.275404858158624;17.01738932692288,3.949288472633914,1.0833734478179253;1.2152499625451305,9.264165891219097,0.6289695736007946;2.5152666477933683,4.227481450075309,0.31479177433064687;0.8812631632839998,12.985708095722533,0.4433356300474305;18.23134962994997,17.499124477037014,1.7140616004040665;14.70574069346987,10.138925022682221,0.4018617649899432;0.41828819810825524,18.647760106540918,0.22147400162659886;4.200221053635278,15.46778249624208,0.43191318400781337;6.298497731957038,17.535487675311437,0.9892719758789834"
16,drone_4,6.395,9.343,11.528,10.640,"14.927867894972593,1.9417923666224648,0.6851088007879556;9.581603859062518,1.7165682560455653,1.2502531594349593;9.390093762647613,15.472761448915204,2.171069838955237;19.533980818859707,17.049180100391123,0.27883058946767136;10.26526511140737,1.392277412259023,1.016178670844001;3.348893179695101,14.251866662958317,2.4185601003318604;3.4658463430243227,2.9891174118935857,0.21873102450163456;11.48626419771846,13.846024245365946,0.41596374877409237;5.718556999345342,8.252639224464476,0.3082740680827401;5.41842524027721,5.36907783143671,0.36053001055856554;5.263915430660201,12.511724220330363,0.47075426437758255;5.371172332057537,16.5795681636937,2.275404858158624;17.01738932692288,3.949288472633914,1.0833734478179253;1.2152499625451305,9.264165891219097,0.6289695736007946;2.5152666477933683,4.227481450075309,0.31479177433064687;0.8812631632839998,12.985708095722533,0.4433356300474305;18.23134962994997,17.499124477037014,1.7140616004040665;14.70574069346987,10.138925022682221,0.4018617649899432;0.41828819810825524,18.647760106540918,0.22147400162659886;4.200221053635278,15.46778249624208,0.43191318400781337;6.298497731957038,17.535487675311437,0.9892719758789834"
16,drone_5,16.302,13.001,11.528,10.640,"14.927867894972593,1.9417923666224648,0.6851088007879556;9.581603859062518,1.7165682560455653,1.2502531594349593;9.390093762647613,15.472761448915204,2.171069838955237;19.533980818859707,17.049180100391123,0.27883058946767136;10.26526511140737,1.392277412259023,1.016178670844001;3.348893179695101,14.251866662958317,2.4185601003318604;3.4658463430243227,2.9891174118935857,0.21873102450163456;11.48626419771846,13.846024245365946,0.41596374877409237;5.718556999345342,8.252639224464476,0.3082740680827401;5.41842524027721,5.36907783143671,0.36053001055856554;5.263915430660201,12.511724220330363,0.47075426437758255;5.371172332057537,16.5795681636937,2.275404858158624;17.01738932692288,3.949288472633914,1.0833734478179253;1.2152499625451305,9.264165891219097,0.6289695736007946;2.5152666477933683,4.227481450075309,0.31479177433064687;0.8812631632839998,12.985708095722533,0.4433356300474305;18.23134962994997,17.499124477037014,1.7140616004040665;14.70574069346987,10.138925022682221,0.4018617649899432;0.41828819810825524,18.647760106540918,0.22147400162659886;4.200221053635278,15.46778249624208,0.43191318400781337;6.298497731957038,17.535487675311437,0.9892719758789834"
16,drone_6,9.916,5.775,11.528,10.640,"14.927867894972593,1.9417923666224648,0.6851088007879556;9.581603859062518,1.7165682560455653,1.2502531594349593;9.390093762647613,15.472761448915204,2.171069838955237;19.533980818859707,17.049180100391123,0.27883058946767136;10.26526511140737,1.392277412259023,1.016178670844001;3.348893179695101,14.251866662958317,2.4185601003318604;3.4658463430243227,2.9891174118935857,0.21873102450163456;11.48626419771846,13.846024245365946,0.41596374877409237;5.718556999345342,8.252639224464476,0.3082740680827401;5.41842524027721,5.36907783143671,0.36053001055856554;5.263915430660201,12.511724220330363,0.47075426437758255;5.371172332057537,16.5795681636937,2.275404858158624;17.01738932692288,3.949288472633914,1.0833734478179253;1.2152499625451305,9.264165891219097,0.6289695736007946;2.5152666477933683,4.227481450075309,0.31479177433064687;0.8812631632839998,12.985708095722533,0.4433356300474305;18.23134962994997,17.499124477037014,1.7140616004040665;14.70574069346987,10.138925022682221,0.4018617649899432;0.41828819810825524,18.647760106540918,0.22147400162659886;4.200221053635278,15.46778249624208,0.43191318400781337;6.298497731957038,17.535487675311437,0.9892719758789834"
16,drone_7,4.961,8.912,11.528,10.640,"14.927867894972593,1.9417923666224648,0.6851088007879556;9.581603859062518,1.7165682560455653,1.2502531594349593;9.390093762647613,15.472761448915204,2.171069838955237;19.533980818859707,17.049180100391123,0.27883058946767136;10.26526511140737,1.392277412259023,1.016178670844001;3.348893179695101,14.251866662958317,2.4185601003318604;3.4658463430243227,2.9891174118935857,0.21873102450163456;11.48626419771846,13.846024245365946,0.41596374877409237;5.718556999345342,8.252639224464476,0.3082740680827401;5.41842524027721,5.36907783143671,0.36053001055856554;5.263915430660201,12.511724220330363,0.47075426437758255;5.371172332057537,16.5795681636937,2.275404858158624;17.01738932692288,3.949288472633914,1.0833734478179253;1.2152499625451305,9.264165891219097,0.6289695736007946;2.5152666477933683,4.227481450075309,0.31479177433064687;0.8812631632839998,12.985708095722533,0.4433356300474305;18.23134962994997,17.499124477037014,1.7140616004040665;14.70574069346987,10.138925022682221,0.4018617649899432;0.41828819810825524,18.647760106540918,0.22147400162659886;4.200221053635278,15.46778249624208,0.43191318400781337;6.298497731957038,17.535487675311437,0.9892719758789834"
16,drone_8,3.061,6.160,11.528,10.640,"14.927867894972593,1.9417923666224648,0.6851088007879556;9.581603859062518,1.7165682560455653,1.2502531594349593;9.390093762647613,15.472761448915204,2.171069838955237;19.533980818859707,17.049180100391123,0.27883058946767136;10.26526511140737,1.392277412259023,1.016178670844001;3.348893179695101,14.251866662958317,2.4185601003318604;3.4658463430243227,2.9891174118935857,0.21873102450163456;11.48626419771846,13.846024245365946,0.41596374877409237;5.718556999345342,8.252639224464476,0.3082740680827401;5.41842524027721,5.36907783143671,0.36053001055856554;5.263915430660201,12.511724220330363,0.47075426437758255;5.371172332057537,16.5795681636937,2.275404858158624;17.01738932692288,3.949288472633914,1.0833734478179253;1.2152499625451305,9.264165891219097,0.6289695736007946;2.5152666477933683,4.227481450075309,0.31479177433064687;0.8812631632839998,12.985708095722533,0.4433356300474305;18.23134962994997,17.499124477037014,1.7140616004040665;14.70574069346987,10.138925022682221,0.4018617649899432;0.41828819810825524,18.647760106540918,0.22147400162659886;4.200221053635278,15.46778249624208,0.43191318400781337;6.298497731957038,17.535487675311437,0.9892719758789834"
16,drone_9,6.735,7.705,11.528,10.640,"14.927867894972593,1.9417923666224648,0.6851088007879556;9.581603859062518,1.7165682560455653,1.2502531594349593;9.390093762647613,15.472761448915204,2.171069838955237;19.533980818859707,17.049180100391123,0.27883058946767136;10.26526511140737,1.392277412259023,1.016178670844001;3.348893179695101,14.251866662958317,2.4185601003318604;3.4658463430243227,2.9891174118935857,0.21873102450163456;11.48626419771846,13.846024245365946,0.41596374877409237;5.718556999345342,8.252639224464476,0.3082740680827401;5.41842524027721,5.36907783143671,0.36053001055856554;5.263915430660201,12.511724220330363,0.47075426437758255;5.371172332057537,16.5795681636937,2.275404858158624;17.01738932692288,3.949288472633914,1.0833734478179253;1.2152499625451305,9.264165891219097,0.6289695736007946;2.5152666477933683,4.227481450075309,0.31479177433064687;0.8812631632839998,12.985708095722533,0.4433356300474305;18.23134962994997,17.499124477037014,1.7140616004040665;14.70574069346987,10.138925022682221,0.4018617649899432;0.41828819810825524,18.647760106540918,0.22147400162659886;4.200221053635278,15.46778249624208,0.43191318400781337;6.298497731957038,17.535487675311437,0.9892719758789834"
17,drone_0,16.544,9.746,11.528,10.640,"14.927867894972593,1.9417923666224648,0.6851088007879556;9.581603859062518,1.7165682560455653,1.2502531594349593;9.390093762647613,15.472761448915204,2.171069838955237;19.533980818859707,17.049180100391123,0.27883058946767136;10.26526511140737,1.392277412259023,1.016178670844001;3.348893179695101,14.251866662958317,2.4185601003318604;3.4658463430243227,2.9891174118935857,0.21873102450163456;11.48626419771846,13.846024245365946,0.41596374877409237;5.718556999345342,8.252639224464476,0.3082740680827401;5.41842524027721,5.36907783143671,0.36053001055856554;5.263915430660201,12.511724220330363,0.47075426437758255;5.371172332057537,16.5795681636937,2.275404858158624;17.01738932692288,3.949288472633914,1.0833734478179253;1.2152499625451305,9.264165891219097,0.6289695736007946;2.5152666477933683,4.227481450075309,0.31479177433064687;0.8812631632839998,12.985708095722533,0.4433356300474305;18.23134962994997,17.499124477037014,1.7140616004040665;14.70574069346987,10.138925022682221,0.4018617649899432;0.41828819810825524,18.647760106540918,0.22147400162659886;4.200221053635278,15.46778249624208,0.43191318400781337;6.298497731957038,17.535487675311437,0.9892719758789834"
17,drone_1,8.984,5.050,11.528,10.640,"14.927867894972593,1.9417923666224648,0.6851088007879556;9.581603859062518,1.7165682560455653,1.2502531594349593;9.390093762647613,15.472761448915204,2.171069838955237;19.533980818859707,17.049180100391123,0.27883058946767136;10.26526511140737,1.392277412259023,1.016178670844001;3.348893179695101,14.251866662958317,2.4185601003318604;3.4658463430243227,2.9891174118935857,0.21873102450163456;11.48626419771846,13.846024245365946,0.41596374877409237;5.718556999345342,8.252639224464476,0.3082740680827401;5.41842524027721,5.36907783143671,0.36053001055856554;5.263915430660201,12.511724220330363,0.47075426437758255;5.371172332057537,16.5795681636937,2.275404858158624;17.01738932692288,3.949288472633914,1.0833734478179253;1.2152499625451305,9.264165891219097,0.6289695736007946;2.5152666477933683,4.227481450075309,0.31479177433064687;0.8812631632839998,12.985708095722533,0.4433356300474305;18.23134962994997,17.499124477037014,1.7140616004040665;14.70574069346987,10.138925022682221,0.4018617649899432;0.41828819810825524,18.647760106540918,0.22147400162659886;4.200221053635278,15.46778249624208,0.43191318400781337;6.298497731957038,17.535487675311437,0.9892719758789834"
17,drone_2,4.978,3.432,11.528,10.640,"14.927867894972593,1.9417923666224648,0.6851088007879556;9.581603859062518,1.7165682560455653,1.2502531594349593;9.390093762647613,15.472761448915204,2.171069838955237;19.533980818859707,17.049180100391123,0.27883058946767136;10.26526511140737,1.392277412259023,1.016178670844001;3.348893179695101,14.251866662958317,2.4185601003318604;3.4658463430243227,2.9891174118935857,0.21873102450163456;11.48626419771846,13.846024245365946,0.41596374877409237;5.718556999345342,8.252639224464476,0.3082740680827401;5.41842524027721,5.36907783143671,0.36053001055856554;5.263915430660201,12.511724220330363,0.47075426437758255;5.371172332057537,16.5795681636937,2.275404858158624;17.01738932692288,3.949288472633914,1.0833734478179253;1.2152499625451305,9.264165891219097,0.6289695736007946;2.5152666477933683,4.227481450075309,0.31479177433064687;0.8812631632839998,12.985708095722533,0.4433356300474305;18.23134962994997,17.499124477037014,1.7140616004040665;14.70574069346987,10.138925022682221,0.4018617649899432;0.41828819810825524,18.647760106540918,0.22147400162659886;4.200221053635278,15.46778249624208,0.43191318400781337;6.298497731957038,17.535487675311437,0.9892719758789834"
17,drone_3,14.797,3.816,11.528,10.640,"14.927867894972593,1.9417923666224648,0.6851088007879556;9.581603859062518,1.7165682560455653,1.2502531594349593;9.390093762647613,15.472761448915204,2.171069838955237;19.533980818859707,17.049180100391123,0.27883058946767136;10.26526511140737,1.392277412259023,1.016178670844001;3.348893179695101,14.251866662958317,2.4185601003318604;3.4658463430243227,2.9891174118935857,0.21873102450163456;11.48626419771846,13.846024245365946,0.41596374877409237;5.718556999345342,8.252639224464476,0.3082740680827401;5.41842524027721,5.36907783143671,0.36053001055856554;5.263915430660201,12.511724220330363,0.47075426437758255;5.371172332057537,16.5795681636937,2.275404858158624;17.01738932692288,3.949288472633914,1.0833734478179253;1.2152499625451305,9.264165891219097,0.6289695736007946;2.5152666477933683,4.227481450075309,0.31479177433064687;0.8812631632839998,12.985708095722533,0.4433356300474305;18.23134962994997,17.499124477037014,1.7140616004040665;14.70574069346987,10.138925022682221,0.4018617649899432;0.41828819810825524,18.647760106540918,0.22147400162659886;4.200221053635278,15.46778249624208,0.43191318400781337;6.298497731957038,17.535487675311437,0.9892719758789834"
17,drone_4,6.595,9.339,11.528,10.640,"14.927867894972593,1.9417923666224648,0.6851088007879556;9.581603859062518,1.7165682560455653,1.2502531594349593;9.390093762647613,15.472761448915204,2.171069838955237;19.533980818859707,17.049180100391123,0.27883058946767136;10.26526511140737,1.392277412259023,1.016178670844001;3.348893179695101,14.251866662958317,2.4185601003318604;3.4658463430243227,2.9891174118935857,0.21873102450163456;11.48626419771846,13.846024245365946,0.41596374877409237;5.718556999345342,8.252639224464476,0.3082740680827401;5.41842524027721,5.36907783143671,0.36053001055856554;5.263915430660201,12.511724220330363,0.47075426437758255;5.371172332057537,16.5795681636937,2.275404858158624;17.01738932692288,3.949288472633914,1.0833734478179253;1.2152499625451305,9.264165891219097,0.6289695736007946;2.5152666477933683,4.227481450075309,0.31479177433064687;0.8812631632839998,12.985708095722533,0.4433356300474305;18.23134962994997,17.499124477037014,1.7140616004040665;14.70574069346987,10.138925022682221,0.4018617649899432;0.41828819810825524,18.647760106540918,0.22147400162659886;4.200221053635278,15.46778249624208,0.43191318400781337;6.298497731957038,17.535487675311437,0.9892719758789834"
17,drone_5,16.161,12.860,11.528,10.640,"14.927867894972593,1.9417923666224648,0.6851088007879556;9.581603859062518,1.7165682560455653,1.2502531594349593;9.390093762647613,15.472761448915204,2.171069838955237;19.533980818859707,17.049180100391123,0.27883058946767136;10.26526511140737,1.392277412259023,1.016178670844001;3.348893179695101,14.251866662958317,2.4185601003318604;3.4658463430243227,2.9891174118935857,0.21873102450163456;11.48626419771846,13.846024245365946,0.41596374877409237;5.718556999345342,8.252639224464476,0.3082740680827401;5.41842524027721,5.36907783143671,0.36053001055856554;5.263915430660201,12.511724220330363,0.47075426437758255;5.371172332057537,16.5795681636937,2.275404858158624;17.01738932692288,3.949288472633914,1.0833734478179253;1.2152499625451305,9.264165891219097,0.6289695736007946;2.5152666477933683,4.227481450075309,0.31479177433064687;0.8812631632839998,12.985708095722533,0.4433356300474305;18.23134962994997,17.499124477037014,1.7140616004040665;14.70574069346987,10.138925022682221,0.4018617649899432;0.41828819810825524,18.647760106540918,0.22147400162659886;4.200221053635278,15.46778249624208,0.43191318400781337;6.298497731957038,17.535487675311437,0.9892719758789834"
17,drone_6,10.057,5.916,11.528,10.640,"14.927867894972593,1.9417923666224648,0.6851088007879556;9.581603859062518,1.7165682560455653,1.2502531594349593;9.390093762647613,15.472761448915204,2.171069838955237;19.533980818859707,17.049180100391123,0.27883058946767136;10.26526511140737,1.392277412259023,1.016178670844001;3.348893179695101,14.251866662958317,2.4185601003318604;3.4658463430243227,2.9891174118935857,0.21873102450163456;11.48626419771846,13.846024245365946,0.41596374877409237;5.718556999345342,8.252639224464476,0.3082740680827401;5.41842524027721,5.36907783143671,0.36053001055856554;5.263915430660201,12.511724220330363,0.47075426437758255;5.371172332057537,16.5795681636937,2.275404858158624;17.01738932692288,3.949288472633914,1.0833734478179253;1.2152499625451305,9.264165891219097,0.6289695736007946;2.5152666477933683,4.227481450075309,0.31479177433064687;0.8812631632839998,12.985708095722533,0.4433356300474305;18.23134962994997,17.499124477037014,1.7140616004040665;14.70574069346987,10.138925022682221,0.4018617649899432;0.41828819810825524,18.647760106540918,0.22147400162659886;4.200221053635278,15.46778249624208,0.43191318400781337;6.298497731957038,17.535487675311437,0.9892719758789834"
17,drone_7,5.102,9.053,11.528,10.640,"14.927867894972593,1.9417923666224648,0.6851088007879556;9.581603859062518,1.7165682560455653,1.2502531594349593;9.390093762647613,15.472761448915204,2.171069838955237;19.533980818859707,17.049180100391123,0.27883058946767136;10.26526511140737,1.392277412259023,1.016178670844001;3.348893179695101,14.251866662958317,2.4185601003318604;3.4658463430243227,2.9891174118935857,0.21873102450163456;11.48626419771846,13.846024245365946,0.41596374877409237;5.718556999345342,8.252639224464476,0.3082740680827401;5.41842524027721,5.36907783143671,0.36053001055856554;5.263915430660201,12.511724220330363,0.47075426437758255;5.371172332057537,16.5795681636937,2.275404858158624;17.01738932692288,3.949288472633914,1.0833734478179253;1.2152499625451305,9.264165891219097,0.6289695736007946;2.5152666477933683,4.227481450075309,0.31479177433064687;0.8812631632839998,12.985708095722533,0.4433356300474305;18.23134962994997,17.499124477037014,1.7140616004040665;14.70574069346987,10.138925022682221,0.4018617649899432;0.41828819810825524,18.647760106540918,0.22147400162659886;4.200221053635278,15.46778249624208,0.43191318400781337;6.298497731957038,17.535487675311437,0.9892719758789834"
17,drone_8,3.202,6.301,11.528,10.640,"14.927867894972593,1.9417923666224648,0.6851088007879556;9.581603859062518,1.7165682560455653,1.2502531594349593;9.390093762647613,15.472761448915204,2.171069838955237;19.533980818859707,17.049180100391123,0.27883058946767136;10.26526511140737,1.392277412259023,1.016178670844001;3.348893179695101,14.251866662958317,2.4185601003318604;3.4658463430243227,2.9891174118935857,0.21873102450163456;11.48626419771846,13.846024245365946,0.41596374877409237;5.718556999345342,8.252639224464476,0.3082740680827401;5.41842524027721,5.36907783143671,0.36053001055856554;5.263915430660201,12.511724220330363,0.47075426437758255;5.371172332057537,16.5795681636937,2.275404858158624;17.01738932692288,3.949288472633914,1.0833734478179253;1.2152499625451305,9.264165891219097,0.6289695736007946;2.5152666477933683,4.227481450075309,0.31479177433064687;0.8812631632839998,12.985708095722533,0.4433356300474305;18.23134962994997,17.499124477037014,1.7140616004040665;14.70574069346987,10.138925022682221,0.4018617649899432;0.41828819810825524,18.647760106540918,0.22147400162659886;4.200221053635278,15.46778249624208,0.43191318400781337;6.298497731957038,17.535487675311437,0.9892719758789834"
17,drone_9,6.886,7.836,11.528,10.640,"14.927867894972593,1.9417923666224648,0.6851088007879556;9.581603859062518,1.7165682560455653,1.2502531594349593;9.390093762647613,15.472761448915204,2.171069838955237;19.533980818859707,17.049180100391123,0.27883058946767136;10.26526511140737,1.392277412259023,1.016178670844001;3.348893179695101,14.251866662958317,2.4185601003318604;3.4658463430243227,2.9891174118935857,0.21873102450163456;11.48626419771846,13.846024245365946,0.41596374877409237;5.718556999345342,8.252639224464476,0.3082740680827401;5.41842524027721,5.36907783143671,0.36053001055856554;5.263915430660201,12.511724220330363,0.47075426437758255;5.371172332057537,16.5795681636937,2.275404858158624;17.01738932692288,3.949288472633914,1.0833734478179253;1.2152499625451305,9.264165891219097,0.6289695736007946;2.5152666477933683,4.227481450075309,0.31479177433064687;0.8812631632839998,12.985708095722533,0.4433356300474305;18.23134962994997,17.499124477037014,1.7140616004040665;14.70574069346987,10.138925022682221,0.4018617649899432;0.41828819810825524,18.647760106540918,0.22147400162659886;4.200221053635278,15.46778249624208,0.43191318400781337;6.298497731957038,17.535487675311437,0.9892719758789834"
18,drone_0,16.402,9.887,11.528,10.640,"14.927867894972593,1.9417923666224648,0.6851088007879556;9.581603859062518,1.7165682560455653,1.2502531594349593;9.390093762647613,15.472761448915204,2.171069838955237;19.533980818859707,17.049180100391123,0.27883058946767136;10.26526511140737,1.392277412259023,1.016178670844001;3.348893179695101,14.251866662958317,2.4185601003318604;3.4658463430243227,2.9891174118935857,0.21873102450163456;11.48626419771846,13.846024245365946,0.41596374877409237;5.718556999345342,8.252639224464476,0.3082740680827401;5.41842524027721,5.36907783143671,0.36053001055856554;5.263915430660201,12.511724220330363,0.47075426437758255;5.371172332057537,16.5795681636937,2.275404858158624;17.01738932692288,3.949288472633914,1.0833734478179253;1.2152499625451305,9.264165891219097,0.6289695736007946;2.5152666477933683,4.227481450075309,0.31479177433064687;0.8812631632839998,12.985708095722533,0.4433356300474305;18.23134962994997,17.499124477037014,1.7140616004040665;14.70574069346987,10.138925022682221,0.4018617649899432;0.41828819810825524,18.647760106540918,0.22147400162659886;4.200221053635278,15.46778249624208,0.43191318400781337;6.298497731957038,17.535487675311437,0.9892719758789834"
18,drone_1,9.126,5.191,11.528,10.640,"14.927867894972593,1.9417923666224648,0.6851088007879556;9.581603859062518,1.7165682560455653,1.2502531594349593;9.390093762647613,15.472761448915204,2.171069838955237;19.533980818859707,17.049180100391123,0.27883058946767136;10.26526511140737,1.392277412259023,1.016178670844001;3.348893179695101,14.251866662958317,2.4185601003318604;3.4658463430243227,2.9891174118935857,0.21873102450163456;11.48626419771846,13.846024245365946,0.41596374877409237;5.718556999345342,8.252639224464476,0.3082740680827401;5.41842524027721,5.36907783143671,0.36053001055856554;5.263915430660201,12.511724220330363,0.47075426437758255;5.371172332057537,16.5795681636937,2.275404858158624;17.01738932692288,3.949288472633914,1.0833734478179253;1.2152499625451305,9.264165891219097,0.6289695736007946;2.5152666477933683,4.227481450075309,0.31479177433064687;0.8812631632839998,12.985708095722533,0.4433356300474305;18.23134962994997,17.499124477037014,1.7140616004040665;14.70574069346987,10.138925022682221,0.4018617649899432;0.41828819810825524,18.647760106540918,0.22147400162659886;4.200221053635278,15.46778249624208,0.43191318400781337;6.298497731957038,17.535487675311437,0.9892719758789834"
18,drone_2,5.120,3.573,11.528,10.640,"14.927867894972593,1.9417923666224648,0.6851088007879556;9.581603859062518,1.7165682560455653,1.2502531594349593;9.390093762647613,15.472761448915204,2.171069838955237;19.533980818859707,17.049180100391123,0.27883058946767136;10.26526511140737,1.392277412259023,1.016178670844001;3.348893179695101,14.251866662958317,2.4185601003318604;3.4658463430243227,2.9891174118935857,0.21873102450163456;11.48626419771846,13.846024245365946,0.41596374877409237;5.718556999345342,8.252639224464476,0.3082740680827401;5.41842524027721,5.36907783143671,0.36053001055856554;5.263915430660201,12.511724220330363,0.47075426437758255;5.371172332057537,16.5795681636937,2.275404858158624;17.01738932692288,3.949288472633914,1.0833734478179253;1.2152499625451305,9.264165891219097,0.6289695736007946;2.5152666477933683,4.227481450075309,0.31479177433064687;0.8812631632839998,12.985708095722533,0.4433356300474305;18.23134962994997,17.499124477037014,1.7140616004040665;14.70574069346987,10.138925022682221,0.4018617649899432;0.41828819810825524,18.647760106540918,0.22147400162659886;4.200221053635278,15.46778249624208,0.43191318400781337;6.298497731957038,17.535487675311437,0.9892719758789834"
18,drone_3,14.655,3.957,11.528,10.640,"14.927867894972593,1.9417923666224648,0.6851088007879556;9.581603859062518,1.7165682560455653,1.2502531594349593;9.390093762647613,15.472761448915204,2.171069838955237;19.533980818859707,17.049180100391123,0.27883058946767136;10.26526511140737,1.392277412259023,1.016178670844001;3.348893179695101,14.251866662958317,2.4185601003318604;3.4658463430243227,2.9891174118935857,0.21873102450163456;11.48626419771846,13.846024245365946,0.41596374877409237;5.718556999345342,8.252639224464476,0.3082740680827401;5.41842524027721,5.36907783143671,0.36053001055856554;5.263915430660201,12.511724220330363,0.47075426437758255;5.371172332057537,16.5795681636937,2.275404858158624;17.01738932692288,3.949288472633914,1.0833734478179253;1.2152499625451305,9.264165891219097,0.6289695736007946;2.5152666477933683,4.227481450075309,0.31479177433064687;0.8812631632839998,12.985708095722533,0.4433356300474305;18.23134962994997,17.499124477037014,1.7140616004040665;14.70574069346987,10.138925022682221,0.4018617649899432;0.41828819810825524,18.647760106540918,0.22147400162659886;4.200221053635278,15.46778249624208,0.43191318400781337;6.298497731957038,17.535487675311437,0.9892719758789834"
18,drone_4,6.785,9.399,11.528,10.640,"14.927867894972593,1.9417923666224648,0.6851088007879556;9.581603859062518,1.7165682560455653,1.2502531594349593;9.390093762647613,15.472761448915204,2.171069838955237;19.533980818859707,17.049180100391123,0.27883058946767136;10.26526511140737,1.392277412259023,1.016178670844001;3.348893179695101,14.251866662958317,2.4185601003318604;3.4658463430243227,2.9891174118935857,0.21873102450163456;11.48626419771846,13.846024245365946,0.41596374877409237;5.718556999345342,8.252639224464476,0.3082740680827401;5.41842524027721,5.36907783143671,0.36053001055856554;5.263915430660201,12.511724220330363,0.47075426437758255;5.371172332057537,16.5795681636937,2.275404858158624;17.01738932692288,3.949288472633914,1.0833734478179253;1.2152499625451305,9.264165891219097,0.6289695736007946;2.5152666477933683,4.227481450075309,0.31479177433064687;0.8812631632839998,12.985708095722533,0.4433356300474305;18.23134962994997,17.499124477037014,1.7140616004040665;14.70574069346987,10.138925022682221,0.4018617649899432;0.41828819810825524,18.647760106540918,0.22147400162659886;4.200221053635278,15.46778249624208,0.43191318400781337;6.298497731957038,17.535487675311437,0.9892719758789834"
18,drone_5,16.019,12.719,11.528,10.640,"14.927867894972593,1.9417923666224648,0.6851088007879556;9.581603859062518,1.7165682560455653,1.2502531594349593;9.390093762647613,15.472761448915204,2.171069838955237;19.533980818859707,17.049180100391123,0.27883058946767136;10.26526511140737,1.392277412259023,1.016178670844001;3.348893179695101,14.251866662958317,2.4185601003318604;3.4658463430243227,2.9891174118935857,0.21873102450163456;11.48626419771846,13.846024245365946,0.41596374877409237;5.718556999345342,8.252639224464476,0.3082740680827401;5.41842524027721,5.36907783143671,0.36053001055856554;5.263915430660201,12.511724220330363,0.47075426437758255;5.371172332057537,16.5795681636937,2.275404858158624;17.01738932692288,3.949288472633914,1.0833734478179253;1.2152499625451305,9.264165891219097,0.6289695736007946;2.5152666477933683,4.227481450075309,0.31479177433064687;0.8812631632839998,12.985708095722533,0.4433356300474305;18.23134962994997,17.499124477037014,1.7140616004040665;14.70574069346987,10.138925022682221,0.4018617649899432;0.41828819810825524,18.647760106540918,0.22147400162659886;4.200221053635278,15.46778249624208,0.43191318400781337;6.298497731957038,17.535487675311437,0.9892719758789834"
18,drone_6,10.199,6.057,11.528,10.640,"14.927867894972593,1.9417923666224648,0.6851088007879556;9.581603859062518,1.7165682560455653,1.2502531594349593;9.390093762647613,15.472761448915204,2.171069838955237;19.533980818859707,17.049180100391123,0.27883058946767136;10.26526511140737,1.392277412259023,1.016178670844001;3.348893179695101,14.251866662958317,2.4185601003318604;3.4658463430243227,2.9891174118935857,0.21873102450163456;11.48626419771846,13.846024245365946,0.41596374877409237;5.718556999345342,8.252639224464476,0.3082740680827401;5.41842524027721,5.36907783143671,0.36053001055856554;5.263915430660201,12.511724220330363,0.47075426437758255;5.371172332057537,16.5795681636937,2.275404858158624;17.01738932692288,3.949288472633914,1.0833734478179253;1.2152499625451305,9.264165891219097,0.6289695736007946;2.5152666477933683,4.227481450075309,0.31479177433064687;0.8812631632839998,12.985708095722533,0.4433356300474305;18.23134962994997,17.499124477037014,1.7140616004040665;14.70574069346987,10.138925022682221,0.4018617649899432;0.41828819810825524,18.647760106540918,0.22147400162659886;4.200221053635278,15.46778249624208,0.43191318400781337;6.298497731957038,17.535487675311437,0.9892719758789834"
18,drone_7,5.244,9.195,11.528,10.640,"14.927867894972593,1.9417923666224648,0.6851088007879556;9.581603859062518,1.7165682560455653,1.2502531594349593;9.390093762647613,15.472761448915204,2.171069838955237;19.533980818859707,17.049180100391123,0.27883058946767136;10.26526511140737,1.392277412259023,1.016178670844001;3.348893179695101,14.251866662958317,2.4185601003318604;3.4658463430243227,2.9891174118935857,0.21873102450163456;11.48626419771846,13.846024245365946,0.41596374877409237;5.718556999345342,8.252639224464476,0.3082740680827401;5.41842524027721,5.36907783143671,0.36053001055856554;5.263915430660201,12.511724220330363,0.47075426437758255;5.371172332057537,16.5795681636937,2.275404858158624;17.01738932692288,3.949288472633914,1.0833734478179253;1.2152499625451305,9.264165891219097,0.6289695736007946;2.5152666477933683,4.227481450075309,0.31479177433064687;0.8812631632839998,12.985708095722533,0.4433356300474305;18.23134962994997,17.499124477037014,1.7140616004040665;14.70574069346987,10.138925022682221,0.4018617649899432;0.41828819810825524,18.647760106540918,0.22147400162659886;4.200221053635278,15.46778249624208,0.43191318400781337;6.298497731957038,17.535487675311437,0.9892719758789834"
18,drone_8,3.344,6.443,11.528,10.640,"14.927867894972593,1.9417923666224648,0.6851088007879556;9.581603859062518,1.7165682560455653,1.2502531594349593;9.390093762647613,15.472761448915204,2.171069838955237;19.533980818859707,17.049180100391123,0.27883058946767136;10.26526511140737,1.392277412259023,1.016178670844001;3.348893179695101,14.251866662958317,2.4185601003318604;3.4658463430243227,2.9891174118935857,0.21873102450163456;11.48626419771846,13.846024245365946,0.41596374877409237;5.718556999345342,8.252639224464476,0.3082740680827401;5.41842524027721,5.36907783143671,0.36053001055856554;5.263915430660201,12.511724220330363,0.47075426437758255;5.371172332057537,16.5795681636937,2.275404858158624;17.01738932692288,3.949288472633914,1.0833734478179253;1.2152499625451305,9.264165891219097,0.6289695736007946;2.5152666477933683,4.227481450075309,0.31479177433064687;0.8812631632839998,12.985708095722533,0.4433356300474305;18.23134962994997,17.499124477037014,1.7140616004040665;14.70574069346987,10.138925022682221,0.4018617649899432;0.41828819810825524,18.647760106540918,0.22147400162659886;4.200221053635278,15.46778249624208,0.43191318400781337;6.298497731957038,17.535487675311437,0.9892719758789834"
18,drone_9,7.033,7.972,11.528,10.640,"14.927867894972593,1.9417923666224648,0.6851088007879556;9.581603859062518,1.7165682560455653,1.2502531594349593;9.390093762647613,15.472761448915204,2.171069838955237;19.533980818859707,17.049180100391123,0.27883058946767136;10.26526511140737,1.392277412259023,1.016178670844001;3.348893179695101,14.251866662958317,2.4185601003318604;3.4658463430243227,2.9891174118935857,0.21873102450163456;11.48626419771846,13.846024245365946,0.41596374877409237;5.718556999345342,8.252639224464476,0.3082740680827401;5.41842524027721,5.36907783143671,0.36053001055856554;5.263915430660201,12.511724220330363,0.47075426437758255;5.371172332057537,16.5795681636937,2.275404858158624;17.01738932692288,3.949288472633914,1.0833734478179253;1.2152499625451305,9.264165891219097,0.6289695736007946;2.5152666477933683,4.227481450075309,0.31479177433064687;0.8812631632839998,12.985708095722533,0.4433356300474305;18.23134962994997,17.499124477037014,1.7140616004040665;14.70574069346987,10.138925022682221,0.4018617649899432;0.41828819810825524,18.647760106540918,0.22147400162659886;4.200221053635278,15.46778249624208,0.43191318400781337;6.298497731957038,17.535487675311437,0.9892719758789834"
19,drone_0,16.261,10.028,11.528,10.640,"14.927867894972593,1.9417923666224648,0.6851088007879556;9.581603859062518,1.7165682560455653,1.2502531594349593;9.390093762647613,15.472761448915204,2.171069838955237;19.533980818859707,17.049180100391123,0.27883058946767136;10.26526511140737,1.392277412259023,1.016178670844001;3.348893179695101,14.251866662958317,2.4185601003318604;3.4658463430243227,2.9891174118935857,0.21873102450163456;11.48626419771846,13.846024245365946,0.41596374877409237;5.718556999345342,8.252639224464476,0.3082740680827401;5.41842524027721,5.36907783143671,0.36053001055856554;5.263915430660201,12.511724220330363,0.47075426437758255;5.371172332057537,16.5795681636937,2.275404858158624;17.01738932692288,3.949288472633914,1.0833734478179253;1.2152499625451305,9.264165891219097,0.6289695736007946;2.5152666477933683,4.227481450075309,0.31479177433064687;0.8812631632839998,12.985708095722533,0.4433356300474305;18.23134962994997,17.499124477037014,1.7140616004040665;14.70574069346987,10.138925022682221,0.4018617649899432;0.41828819810825524,18.647760106540918,0.22147400162659886;4.200221053635278,15.46778249624208,0.43191318400781337;6.298497731957038,17.535487675311437,0.9892719758789834"
19,drone_1,9.267,5.332,11.528,10.640,"14.927867894972593,1.9417923666224648,0.6851088007879556;9.581603859062518,1.7165682560455653,1.2502531594349593;9.390093762647613,15.472761448915204,2.171069838955237;19.533980818859707,17.049180100391123,0.27883058946767136;10.26526511140737,1.392277412259023,1.016178670844001;3.348893179695101,14.251866662958317,2.4185601003318604;3.4658463430243227,2.9891174118935857,0.21873102450163456;11.48626419771846,13.846024245365946,0.41596374877409237;5.718556999345342,8.252639224464476,0.3082740680827401;5.41842524027721,5.36907783143671,0.36053001055856554;5.263915430660201,12.511724220330363,0.47075426437758255;5.371172332057537,16.5795681636937,2.275404858158624;17.01738932692288,3.949288472633914,1.0833734478179253;1.2152499625451305,9.264165891219097,0.6289695736007946;2.5152666477933683,4.227481450075309,0.31479177433064687;0.8812631632839998,12.985708095722533,0.4433356300474305;18.23134962994997,17.499124477037014,1.7140616004040665;14.70574069346987,10.138925022682221,0.4018617649899432;0.41828819810825524,18.647760106540918,0.22147400162659886;4.200221053635278,15.46778249624208,0.43191318400781337;6.298497731957038,17.535487675311437,0.9892719758789834"
19,drone_2,5.261,3.715,11.528,10.640,"14.927867894972593,1.9417923666224648,0.6851088007879556;9.581603859062518,1.7165682560455653,1.2502531594349593;9.390093762647613,15.472761448915204,2.171069838955237;19.533980818859707,17.049180100391123,0.27883058946767136;10.26526511140737,1.392277412259023,1.016178670844001;3.348893179695101,14.251866662958317,2.4185601003318604;3.4658463430243227,2.9891174118935857,0.21873102450163456;11.48626419771846,13.846024245365946,0.41596374877409237;5.718556999345342,8.252639224464476,0.3082740680827401;5.41842524027721,5.36907783143671,0.36053001055856554;5.263915430660201,12.511724220330363,0.47075426437758255;5.371172332057537,16.5795681636937,2.275404858158624;17.01738932692288,3.949288472633914,1.0833734478179253;1.2152499625451305,9.264165891219097,0.6289695736007946;2.5152666477933683,4.227481450075309,0.31479177433064687;0.8812631632839998,12.985708095722533,0.4433356300474305;18.23134962994997,17.499124477037014,1.7140616004040665;14.70574069346987,10.138925022682221,0.4018617649899432;0.41828819810825524,18.647760106540918,0.22147400162659886;4.200221053635278,15.46778249624208,0.43191318400781337;6.298497731957038,17.535487675311437,0.9892719758789834"
19,drone_3,14.513,4.098,11.528,10.640,"14.927867894972593,1.9417923666224648,0.6851088007879556;9.581603859062518,1.7165682560455653,1.2502531594349593;9.390093762647613,15.472761448915204,2.171069838955237;19.533980818859707,17.049180100391123,0.27883058946767136;10.26526511140737,1.392277412259023,1.016178670844001;3.348893179695101,14.251866662958317,2.4185601003318604;3.4658463430243227,2.9891174118935857,0.21873102450163456;11.48626419771846,13.846024245365946,0.41596374877409237;5.718556999345342,8.252639224464476,0.3082740680827401;5.41842524027721,5.36907783143671,0.36053001055856554;5.263915430660201,12.511724220330363,0.47075426437758255;5.371172332057537,16.5795681636937,2.275404858158624;17.01738932692288,3.949288472633914,1.0833734478179253;1.2152499625451305,9.264165891219097,0.6289695736007946;2.5152666477933683,4.227481450075309,0.31479177433064687;0.8812631632839998,12.985708095722533,0.4433356300474305;18.23134962994997,17.499124477037014,1.7140616004040665;14.70574069346987,10.138925022682221,0.4018617649899432;0.41828819810825524,18.647760106540918,0.22147400162659886;4.200221053635278,15.46778249624208,0.43191318400781337;6.298497731957038,17.535487675311437,0.9892719758789834"
19,drone_4,6.960,9.496,11.528,10.640,"14.927867894972593,1.9417923666224648,0.6851088007879556;9.581603859062518,1.7165682560455653,1.2502531594349593;9.390093762647613,15.472761448915204,2.171069838955237;19.533980818859707,17.049180100391123,0.27883058946767136;10.26526511140737,1.392277412259023,1.016178670844001;3.348893179695101,14.251866662958317,2.4185601003318604;3.4658463430243227,2.9891174118935857,0.21873102450163456;11.48626419771846,13.846024245365946,0.41596374877409237;5.718556999345342,8.252639224464476,0.3082740680827401;5.41842524027721,5.36907783143671,0.36053001055856554;5.263915430660201,12.511724220330363,0.47075426437758255;5.371172332057537,16.5795681636937,2.275404858158624;17.01738932692288,3.949288472633914,1.0833734478179253;1.2152499625451305,9.264165891219097,0.6289695736007946;2.5152666477933683,4.227481450075309,0.31479177433064687;0.8812631632839998,12.985708095722533,0.4433356300474305;18.23134962994997,17.499124477037014,1.7140616004040665;14.70574069346987,10.138925022682221,0.4018617649899432;0.41828819810825524,18.647760106540918,0.22147400162659886;4.200221053635278,15.46778249624208,0.43191318400781337;6.298497731957038,17.535487675311437,0.9892719758789834"
19,drone_5,15.878,12.577,11.528,10.640,"14.927867894972593,1.9417923666224648,0.6851088007879556;9.581603859062518,1.7165682560455653,1.2502531594349593;9.390093762647613,15.472761448915204,2.171069838955237;19.533980818859707,17.049180100391123,0.27883058946767136;10.26526511140737,1.392277412259023,1.016178670844001;3.348893179695101,14.251866662958317,2.4185601003318604;3.4658463430243227,2.9891174118935857,0.21873102450163456;11.48626419771846,13.846024245365946,0.41596374877409237;5.718556999345342,8.252639224464476,0.3082740680827401;5.41842524027721,5.36907783143671,0.36053001055856554;5.263915430660201,12.511724220330363,0.47075426437758255;5.371172332057537,16.5795681636937,2.275404858158624;17.01738932692288,3.949288472633914,1.0833734478179253;1.2152499625451305,9.264165891219097,0.6289695736007946;2.5152666477933683,4.227481450075309,0.31479177433064687;0.8812631632839998,12.985708095722533,0.4433356300474305;18.23134962994997,17.499124477037014,1.7140616004040665;14.70574069346987,10.138925022682221,0.4018617649899432;0.41828819810825524,18.647760106540918,0.22147400162659886;4.200221053635278,15.46778249624208,0.43191318400781337;6.298497731957038,17.535487675311437,0.9892719758789834"
19,drone_6,10.340,6.199,11.528,10.640,"14.927867894972593,1.9417923666224648,0.6851088007879556;9.581603859062518,1.7165682560455653,1.2502531594349593;9.390093762647613,15.472761448915204,2.171069838955237;19.533980818859707,17.049180100391123,0.27883058946767136;10.26526511140737,1.392277412259023,1.016178670844001;3.348893179695101,14.251866662958317,2.4185601003318604;3.4658463430243227,2.9891174118935857,0.21873102450163456;11.48626419771846,13.846024245365946,0.41596374877409237;5.718556999345342,8.252639224464476,0.3082740680827401;5.41842524027721,5.36907783143671,0.36053001055856554;5.263915430660201,12.511724220330363,0.47075426437758255;5.371172332057537,16.5795681636937,2.275404858158624;17.01738932692288,3.949288472633914,1.0833734478179253;1.2152499625451305,9.264165891219097,0.6289695736007946;2.5152666477933683,4.227481450075309,0.31479177433064687;0.8812631632839998,12.985708095722533,0.4433356300474305;18.23134962994997,17.499124477037014,1.7140616004040665;14.70574069346987,10.138925022682221,0.4018617649899432;0.41828819810825524,18.647760106540918,0.22147400162659886;4.200221053635278,15.46778249624208,0.43191318400781337;6.298497731957038,17.535487675311437,0.9892719758789834"
19,drone_7,5.385,9.336,11.528,10.640,"14.927867894972593,1.9417923666224648,0.6851088007879556;9.581603859062518,1.7165682560455653,1.2502531594349593;9.390093762647613,15.472761448915204,2.171069838955237;19.533980818859707,17.049180100391123,0.27883058946767136;10.26526511140737,1.392277412259023,1.016178670844001;3.348893179695101,14.251866662958317,2.4185601003318604;3.4658463430243227,2.9891174118935857,0.21873102450163456;11.48626419771846,13.846024245365946,0.41596374877409237;5.718556999345342,8.252639224464476,0.3082740680827401;5.41842524027721,5.36907783143671,0.36053001055856554;5.263915430660201,12.511724220330363,0.47075426437758255;5.371172332057537,16.5795681636937,2.275404858158624;17.01738932692288,3.949288472633914,1.0833734478179253;1.2152499625451305,9.264165891219097,0.6289695736007946;2.5152666477933683,4.227481450075309,0.31479177433064687;0.8812631632839998,12.985708095722533,0.4433356300474305;18.23134962994997,17.499124477037014,1.7140616004040665;14.70574069346987,10.138925022682221,0.4018617649899432;0.41828819810825524,18.647760106540918,0.22147400162659886;4.200221053635278,15.46778249624208,0.43191318400781337;6.298497731957038,17.535487675311437,0.9892719758789834"
19,drone_8,3.485,6.584,11.528,10.640,"14.927867894972593,1.9417923666224648,0.6851088007879556;9.581603859062518,1.7165682560455653,1.2502531594349593;9.390093762647613,15.472761448915204,2.171069838955237;19.533980818859707,17.049180100391123,0.27883058946767136;10.26526511140737,1.392277412259023,1.016178670844001;3.348893179695101,14.251866662958317,2.4185601003318604;3.4658463430243227,2.9891174118935857,0.21873102450163456;11.48626419771846,13.846024245365946,0.41596374877409237;5.718556999345342,8.252639224464476,0.3082740680827401;5.41842524027721,5.36907783143671,0.36053001055856554;5.263915430660201,12.511724220330363,0.47075426437758255;5.371172332057537,16.5795681636937,2.275404858158624;17.01738932692288,3.949288472633914,1.0833734478179253;1.2152499625451305,9.264165891219097,0.6289695736007946;2.5152666477933683,4.227481450075309,0.31479177433064687;0.8812631632839998,12.985708095722533,0.4433356300474305;18.23134962994997,17.499124477037014,1.7140616004040665;14.70574069346987,10.138925022682221,0.4018617649899432;0.41828819810825524,18.647760106540918,0.22147400162659886;4.200221053635278,15.46778249624208,0.43191318400781337;6.298497731957038,17.535487675311437,0.9892719758789834"
19,drone_9,7.178,8.110,11.528,10.640,"14.927867894972593,1.9417923666224648,0.6851088007879556;9.581603859062518,1.7165682560455653,1.2502531594349593;9.390093762647613,15.472761448915204,2.171069838955237;19.533980818859707,17.049180100391123,0.27883058946767136;10.26526511140737,1.392277412259023,1.016178670844001;3.348893179695101,14.251866662958317,2.4185601003318604;3.4658463430243227,2.9891174118935857,0.21873102450163456;11.48626419771846,13.846024245365946,0.41596374877409237;5.718556999345342,8.252639224464476,0.3082740680827401;5.41842524027721,5.36907783143671,0.36053001055856554;5.263915430660201,12.511724220330363,0.47075426437758255;5.371172332057537,16.5795681636937,2.275404858158624;17.01738932692288,3.949288472633914,1.0833734478179253;1.2152499625451305,9.264165891219097,0.6289695736007946;2.5152666477933683,4.227481450075309,0.31479177433064687;0.8812631632839998,12.985708095722533,0.4433356300474305;18.23134962994997,17.499124477037014,1.7140616004040665;14.70574069346987,10.138925022682221,0.4018617649899432;0.41828819810825524,18.647760106540918,0.22147400162659886;4.200221053635278,15.46778249624208,0.43191318400781337;6.298497731957038,17.535487675311437,0.9892719758789834"
20,drone_0,16.120,10.170,11.528,10.640,"14.927867894972593,1.9417923666224648,0.6851088007879556;9.581603859062518,1.7165682560455653,1.2502531594349593;9.390093762647613,15.472761448915204,2.171069838955237;19.533980818859707,17.049180100391123,0.27883058946767136;10.26526511140737,1.392277412259023,1.016178670844001;3.348893179695101,14.251866662958317,2.4185601003318604;3.4658463430243227,2.9891174118935857,0.21873102450163456;11.48626419771846,13.846024245365946,0.41596374877409237;5.718556999345342,8.252639224464476,0.3082740680827401;5.41842524027721,5.36907783143671,0.36053001055856554;5.263915430660201,12.511724220330363,0.47075426437758255;5.371172332057537,16.5795681636937,2.275404858158624;17.01738932692288,3.949288472633914,1.0833734478179253;1.2152499625451305,9.264165891219097,0.6289695736007946;2.5152666477933683,4.227481450075309,0.31479177433064687;0.8812631632839998,12.985708095722533,0.4433356300474305;18.23134962994997,17.499124477037014,1.7140616004040665;14.70574069346987,10.138925022682221,0.4018617649899432;0.41828819810825524,18.647760106540918,0.22147400162659886;4.200221053635278,15.46778249624208,0.43191318400781337;6.298497731957038,17.535487675311437,0.9892719758789834"
20,drone_1,9.409,5.474,11.528,10.640,"14.927867894972593,1.9417923666224648,0.6851088007879556;9.581603859062518,1.7165682560455653,1.2502531594349593;9.390093762647613,15.472761448915204,2.171069838955237;19.533980818859707,17.049180100391123,0.27883058946767136;10.26526511140737,1.392277412259023,1.016178670844001;3.348893179695101,14.251866662958317,2.4185601003318604;3.4658463430243227,2.9891174118935857,0.21873102450163456;11.48626419771846,13.846024245365946,0.41596374877409237;5.718556999345342,8.252639224464476,0.3082740680827401;5.41842524027721,5.36907783143671,0.36053001055856554;5.263915430660201,12.511724220330363,0.47075426437758255;5.371172332057537,16.5795681636937,2.275404858158624;17.01738932692288,3.949288472633914,1.0833734478179253;1.2152499625451305,9.264165891219097,0.6289695736007946;2.5152666477933683,4.227481450075309,0.31479177433064687;0.8812631632839998,12.985708095722533,0.4433356300474305;18.23134962994997,17.499124477037014,1.7140616004040665;14.70574069346987,10.138925022682221,0.4018617649899432;0.41828819810825524,18.647760106540918,0.22147400162659886;4.200221053635278,15.46778249624208,0.43191318400781337;6.298497731957038,17.535487675311437,0.9892719758789834"
20,drone_2,5.403,3.856,11.528,10.640,"14.927867894972593,1.9417923666224648,0.6851088007879556;9.581603859062518,1.7165682560455653,1.2502531594349593;9.390093762647613,15.472761448915204,2.171069838955237;19.533980818859707,17.049180100391123,0.27883058946767136;10.26526511140737,1.392277412259023,1.016178670844001;3.348893179695101,14.251866662958317,2.4185601003318604;3.4658463430243227,2.9891174118935857,0.21873102450163456;11.48626419771846,13.846024245365946,0.41596374877409237;5.718556999345342,8.252639224464476,0.3082740680827401;5.41842524027721,5.36907783143671,0.36053001055856554;5.263915430660201,12.511724220330363,0.47075426437758255;5.371172332057537,16.5795681636937,2.275404858158624;17.01738932692288,3.949288472633914,1.0833734478179253;1.2152499625451305,9.264165891219097,0.6289695736007946;2.5152666477933683,4.227481450075309,0.31479177433064687;0.8812631632839998,12.985708095722533,0.4433356300474305;18.23134962994997,17.499124477037014,1.7140616004040665;14.70574069346987,10.138925022682221,0.4018617649899432;0.41828819810825524,18.647760106540918,0.22147400162659886;4.200221053635278,15.46778249624208,0.43191318400781337;6.298497731957038,17.535487675311437,0.9892719758789834"
20,drone_3,14.372,4.239,11.528,10.640,"14.927867894972593,1.9417923666224648,0.6851088007879556;9.581603859062518,1.7165682560455653,1.2502531594349593;9.390093762647613,15.472761448915204,2.171069838955237;19.533980818859707,17.049180100391123,0.27883058946767136;10.26526511140737,1.392277412259023,1.016178670844001;3.348893179695101,14.251866662958317,2.4185601003318604;3.4658463430243227,2.9891174118935857,0.21873102450163456;11.48626419771846,13.846024245365946,0.41596374877409237;5.718556999345342,8.252639224464476,0.3082740680827401;5.41842524027721,5.36907783143671,0.36053001055856554;5.263915430660201,12.511724220330363,0.47075426437758255;5.371172332057537,16.5795681636937,2.275404858158624;17.01738932692288,3.949288472633914,1.0833734478179253;1.2152499625451305,9.264165891219097,0.6289695736007946;2.5152666477933683,4.227481450075309,0.31479177433064687;0.8812631632839998,12.985708095722533,0.4433356300474305;18.23134962994997,17.499124477037014,1.7140616004040665;14.70574069346987,10.138925022682221,0.4018617649899432;0.41828819810825524,18.647760106540918,0.22147400162659886;4.200221053635278,15.46778249624208,0.43191318400781337;6.298497731957038,17.535487675311437,0.9892719758789834"
20,drone_4,7.160,9.494,11.528,10.640,"14.927867894972593,1.9417923666224648,0.6851088007879556;9.581603859062518,1.7165682560455653,1.2502531594349593;9.390093762647613,15.472761448915204,2.171069838955237;19.533980818859707,17.049180100391123,0.27883058946767136;10.26526511140737,1.392277412259023,1.016178670844001;3.348893179695101,14.251866662958317,2.4185601003318604;3.4658463430243227,2.9891174118935857,0.21873102450163456;11.48626419771846,13.846024245365946,0.41596374877409237;5.718556999345342,8.252639224464476,0.3082740680827401;5.41842524027721,5.36907783143671,0.36053001055856554;5.263915430660201,12.511724220330363,0.47075426437758255;5.371172332057537,16.5795681636937,2.275404858158624;17.01738932692288,3.949288472633914,1.0833734478179253;1.2152499625451305,9.264165891219097,0.6289695736007946;2.5152666477933683,4.227481450075309,0.31479177433064687;0.8812631632839998,12.985708095722533,0.4433356300474305;18.23134962994997,17.499124477037014,1.7140616004040665;14.70574069346987,10.138925022682221,0.4018617649899432;0.41828819810825524,18.647760106540918,0.22147400162659886;4.200221053635278,15.46778249624208,0.43191318400781337;6.298497731957038,17.535487675311437,0.9892719758789834"
20,drone_5,15.736,12.436,11.528,10.640,"14.927867894972593,1.9417923666224648,0.6851088007879556;9.581603859062518,1.7165682560455653,1.2502531594349593;9.390093762647613,15.472761448915204,2.171069838955237;19.533980818859707,17.049180100391123,0.27883058946767136;10.26526511140737,1.392277412259023,1.016178670844001;3.348893179695101,14.251866662958317,2.4185601003318604;3.4658463430243227,2.9891174118935857,0.21873102450163456;11.48626419771846,13.846024245365946,0.41596374877409237;5.718556999345342,8.252639224464476,0.3082740680827401;5.41842524027721,5.36907783143671,0.36053001055856554;5.263915430660201,12.511724220330363,0.47075426437758255;5.371172332057537,16.5795681636937,2.275404858158624;17.01738932692288,3.949288472633914,1.0833734478179253;1.2152499625451305,9.264165891219097,0.6289695736007946;2.5152666477933683,4.227481450075309,0.31479177433064687;0.8812631632839998,12.985708095722533,0.4433356300474305;18.23134962994997,17.499124477037014,1.7140616004040665;14.70574069346987,10.138925022682221,0.4018617649899432;0.41828819810825524,18.647760106540918,0.22147400162659886;4.200221053635278,15.46778249624208,0.43191318400781337;6.298497731957038,17.535487675311437,0.9892719758789834"
20,drone_6,10.482,6.340,11.528,10.640,"14.927867894972593,1.9417923666224648,0.6851088007879556;9.581603859062518,1.7165682560455653,1.2502531594349593;9.390093762647613,15.472761448915204,2.171069838955237;19.533980818859707,17.049180100391123,0.27883058946767136;10.26526511140737,1.392277412259023,1.016178670844001;3.348893179695101,14.251866662958317,2.4185601003318604;3.4658463430243227,2.9891174118935857,0.21873102450163456;11.48626419771846,13.846024245365946,0.41596374877409237;5.718556999345342,8.252639224464476,0.3082740680827401;5.41842524027721,5.36907783143671,0.36053001055856554;5.263915430660201,12.511724220330363,0.47075426437758255;5.371172332057537,16.5795681636937,2.275404858158624;17.01738932692288,3.949288472633914,1.0833734478179253;1.2152499625451305,9.264165891219097,0.6289695736007946;2.5152666477933683,4.227481450075309,0.31479177433064687;0.8812631632839998,12.985708095722533,0.4433356300474305;18.23134962994997,17.499124477037014,1.7140616004040665;14.70574069346987,10.138925022682221,0.4018617649899432;0.41828819810825524,18.647760106540918,0.22147400162659886;4.200221053635278,15.46778249624208,0.43191318400781337;6.298497731957038,17.535487675311437,0.9892719758789834"
20,drone_7,5.527,9.477,11.528,10.640,"14.927867894972593,1.9417923666224648,0.6851088007879556;9.581603859062518,1.7165682560455653,1.2502531594349593;9.390093762647613,15.472761448915204,2.171069838955237;19.533980818859707,17.049180100391123,0.27883058946767136;10.26526511140737,1.392277412259023,1.016178670844001;3.348893179695101,14.251866662958317,2.4185601003318604;3.4658463430243227,2.9891174118935857,0.21873102450163456;11.48626419771846,13.846024245365946,0.41596374877409237;5.718556999345342,8.252639224464476,0.3082740680827401;5.41842524027721,5.36907783143671,0.36053001055856554;5.263915430660201,12.511724220330363,0.47075426437758255;5.371172332057537,16.5795681636937,2.275404858158624;17.01738932692288,3.949288472633914,1.0833734478179253;1.2152499625451305,9.264165891219097,0.6289695736007946;2.5152666477933683,4.227481450075309,0.31479177433064687;0.8812631632839998,12.985708095722533,0.4433356300474305;18.23134962994997,17.499124477037014,1.7140616004040665;14.70574069346987,10.138925022682221,0.4018617649899432;0.41828819810825524,18.647760106540918,0.22147400162659886;4.200221053635278,15.46778249624208,0.43191318400781337;6.298497731957038,17.535487675311437,0.9892719758789834"
20,drone_8,3.626,6.726,11.528,10.640,"14.927867894972593,1.9417923666224648,0.6851088007879556;9.581603859062518,1.7165682560455653,1.2502531594349593;9.390093762647613,15.472761448915204,2.171069838955237;19.533980818859707,17.049180100391123,0.27883058946767136;10.26526511140737,1.392277412259023,1.016178670844001;3.348893179695101,14.251866662958317,2.4185601003318604;3.4658463430243227,2.9891174118935857,0.21873102450163456;11.48626419771846,13.846024245365946,0.41596374877409237;5.718556999345342,8.252639224464476,0.3082740680827401;5.41842524027721,5.36907783143671,0.36053001055856554;5.263915430660201,12.511724220330363,0.47075426437758255;5.371172332057537,16.5795681636937,2.275404858158624;17.01738932692288,3.949288472633914,1.0833734478179253;1.2152499625451305,9.264165891219097,0.6289695736007946;2.5152666477933683,4.227481450075309,0.31479177433064687;0.8812631632839998,12.985708095722533,0.4433356300474305;18.23134962994997,17.499124477037014,1.7140616004040665;14.70574069346987,10.138925022682221,0.4018617649899432;0.41828819810825524,18.647760106540918,0.22147400162659886;4.200221053635278,15.46778249624208,0.43191318400781337;6.298497731957038,17.535487675311437,0.9892719758789834"
20,drone_9,7.321,8.249,11.528,10.640,"14.927867894972593,1.9417923666224648,0.6851088007879556;9.581603859062518,1.7165682560455653,1.2502531594349593;9.390093762647613,15.472761448915204,2.171069838955237;19.533980818859707,17.049180100391123,0.27883058946767136;10.26526511140737,1.392277412259023,1.016178670844001;3.348893179695101,14.251866662958317,2.4185601003318604;3.4658463430243227,2.9891174118935857,0.21873102450163456;11.48626419771846,13.846024245365946,0.41596374877409237;5.718556999345342,8.252639224464476,0.3082740680827401;5.41842524027721,5.36907783143671,0.36053001055856554;5.263915430660201,12.511724220330363,0.47075426437758255;5.371172332057537,16.5795681636937,2.275404858158624;17.01738932692288,3.949288472633914,1.0833734478179253;1.2152499625451305,9.264165891219097,0.6289695736007946;2.5152666477933683,4.227481450075309,0.31479177433064687;0.8812631632839998,12.985708095722533,0.4433356300474305;18.23134962994997,17.499124477037014,1.7140616004040665;14.70574069346987,10.138925022682221,0.4018617649899432;0.41828819810825524,18.647760106540918,0.22147400162659886;4.200221053635278,15.46778249624208,0.43191318400781337;6.298497731957038,17.535487675311437,0.9892719758789834"
21,drone_0,15.978,10.311,11.528,10.640,"14.927867894972593,1.9417923666224648,0.6851088007879556;9.581603859062518,1.7165682560455653,1.2502531594349593;9.390093762647613,15.472761448915204,2.171069838955237;19.533980818859707,17.049180100391123,0.27883058946767136;10.26526511140737,1.392277412259023,1.016178670844001;3.348893179695101,14.251866662958317,2.4185601003318604;3.4658463430243227,2.9891174118935857,0.21873102450163456;11.48626419771846,13.846024245365946,0.41596374877409237;5.718556999345342,8.252639224464476,0.3082740680827401;5.41842524027721,5.36907783143671,0.36053001055856554;5.263915430660201,12.511724220330363,0.47075426437758255;5.371172332057537,16.5795681636937,2.275404858158624;17.01738932692288,3.949288472633914,1.0833734478179253;1.2152499625451305,9.264165891219097,0.6289695736007946;2.5152666477933683,4.227481450075309,0.31479177433064687;0.8812631632839998,12.985708095722533,0.4433356300474305;18.23134962994997,17.499124477037014,1.7140616004040665;14.70574069346987,10.138925022682221,0.4018617649899432;0.41828819810825524,18.647760106540918,0.22147400162659886;4.200221053635278,15.46778249624208,0.43191318400781337;6.298497731957038,17.535487675311437,0.9892719758789834"
21,drone_1,9.550,5.615,11.528,10.640,"14.927867894972593,1.9417923666224648,0.6851088007879556;9.581603859062518,1.7165682560455653,1.2502531594349593;9.390093762647613,15.472761448915204,2.171069838955237;19.533980818859707,17.049180100391123,0.27883058946767136;10.26526511140737,1.392277412259023,1.016178670844001;3.348893179695101,14.251866662958317,2.4185601003318604;3.4658463430243227,2.9891174118935857,0.21873102450163456;11.48626419771846,13.846024245365946,0.41596374877409237;5.718556999345342,8.252639224464476,0.3082740680827401;5.41842524027721,5.36907783143671,0.36053001055856554;5.263915430660201,12.511724220330363,0.47075426437758255;5.371172332057537,16.5795681636937,2.275404858158624;17.01738932692288,3.949288472633914,1.0833734478179253;1.2152499625451305,9.264165891219097,0.6289695736007946;2.5152666477933683,4.227481450075309,0.31479177433064687;0.8812631632839998,12.985708095722533,0.4433356300474305;18.23134962994997,17.499124477037014,1.7140616004040665;14.70574069346987,10.138925022682221,0.4018617649899432;0.41828819810825524,18.647760106540918,0.22147400162659886;4.200221053635278,15.46778249624208,0.43191318400781337;6.298497731957038,17.535487675311437,0.9892719758789834"
21,drone_2,5.544,3.997,11.528,10.640,"14.927867894972593,1.9417923666224648,0.6851088007879556;9.581603859062518,1.7165682560455653,1.2502531594349593;9.390093762647613,15.472761448915204,2.171069838955237;19.533980818859707,17.049180100391123,0.27883058946767136;10.26526511140737,1.392277412259023,1.016178670844001;3.348893179695101,14.251866662958317,2.4185601003318604;3.4658463430243227,2.9891174118935857,0.21873102450163456;11.48626419771846,13.846024245365946,0.41596374877409237;5.718556999345342,8.252639224464476,0.3082740680827401;5.41842524027721,5.36907783143671,0.36053001055856554;5.263915430660201,12.511724220330363,0.47075426437758255;5.371172332057537,16.5795681636937,2.275404858158624;17.01738932692288,3.949288472633914,1.0833734478179253;1.2152499625451305,9.264165891219097,0.6289695736007946;2.5152666477933683,4.227481450075309,0.31479177433064687;0.8812631632839998,12.985708095722533,0.4433356300474305;18.23134962994997,17.499124477037014,1.7140616004040665;14.70574069346987,10.138925022682221,0.4018617649899432;0.41828819810825524,18.647760106540918,0.22147400162659886;4.200221053635278,15.46778249624208,0.43191318400781337;6.298497731957038,17.535487675311437,0.9892719758789834"
21,drone_3,14.230,4.381,11.528,10.640,"14.927867894972593,1.9417923666224648,0.6851088007879556;9.581603859062518,1.7165682560455653,1.2502531594349593;9.390093762647613,15.472761448915204,2.171069838955237;19.533980818859707,17.049180100391123,0.27883058946767136;10.26526511140737,1.392277412259023,1.016178670844001;3.348893179695101,14.251866662958317,2.4185601003318604;3.4658463430243227,2.9891174118935857,0.21873102450163456;11.48626419771846,13.846024245365946,0.41596374877409237;5.718556999345342,8.252639224464476,0.3082740680827401;5.41842524027721,5.36907783143671,0.36053001055856554;5.263915430660201,12.511724220330363,0.47075426437758255;5.371172332057537,16.5795681636937,2.275404858158624;17.01738932692288,3.949288472633914,1.0833734478179253;1.2152499625451305,9.264165891219097,0.6289695736007946;2.5152666477933683,4.227481450075309,0.31479177433064687;0.8812631632839998,12.985708095722533,0.4433356300474305;18.23134962994997,17.499124477037014,1.7140616004040665;14.70574069346987,10.138925022682221,0.4018617649899432;0.41828819810825524,18.647760106540918,0.22147400162659886;4.200221053635278,15.46778249624208,0.43191318400781337;6.298497731957038,17.535487675311437,0.9892719758789834"
21,drone_4,7.351,9.556,11.528,10.640,"14.927867894972593,1.9417923666224648,0.6851088007879556;9.581603859062518,1.7165682560455653,1.2502531594349593;9.390093762647613,15.472761448915204,2.171069838955237;19.533980818859707,17.049180100391123,0.27883058946767136;10.26526511140737,1.392277412259023,1.016178670844001;3.348893179695101,14.251866662958317,2.4185601003318604;3.4658463430243227,2.9891174118935857,0.21873102450163456;11.48626419771846,13.846024245365946,0.41596374877409237;5.718556999345342,8.252639224464476,0.3082740680827401;5.41842524027721,5.36907783143671,0.36053001055856554;5.263915430660201,12.511724220330363,0.47075426437758255;5.371172332057537,16.5795681636937,2.275404858158624;17.01738932692288,3.949288472633914,1.0833734478179253;1.2152499625451305,9.264165891219097,0.6289695736007946;2.5152666477933683,4.227481450075309,0.31479177433064687;0.8812631632839998,12.985708095722533,0.4433356300474305;18.23134962994997,17.499124477037014,1.7140616004040665;14.70574069346987,10.138925022682221,0.4018617649899432;0.41828819810825524,18.647760106540918,0.22147400162659886;4.200221053635278,15.46778249624208,0.43191318400781337;6.298497731957038,17.535487675311437,0.9892719758789834"
21,drone_5,15.595,12.294,11.528,10.640,"14.927867894972593,1.9417923666224648,0.6851088007879556;9.581603859062518,1.7165682560455653,1.2502531594349593;9.390093762647613,15.472761448915204,2.171069838955237;19.533980818859707,17.049180100391123,0.27883058946767136;10.26526511140737,1.392277412259023,1.016178670844001;3.348893179695101,14.251866662958317,2.4185601003318604;3.4658463430243227,2.9891174118935857,0.21873102450163456;11.48626419771846,13.846024245365946,0.41596374877409237;5.718556999345342,8.252639224464476,0.3082740680827401;5.41842524027721,5.36907783143671,0.36053001055856554;5.263915430660201,12.511724220330363,0.47075426437758255;5.371172332057537,16.5795681636937,2.275404858158624;17.01738932692288,3.949288472633914,1.0833734478179253;1.2152499625451305,9.264165891219097,0.6289695736007946;2.5152666477933683,4.227481450075309,0.31479177433064687;0.8812631632839998,12.985708095722533,0.4433356300474305;18.23134962994997,17.499124477037014,1.7140616004040665;14.70574069346987,10.138925022682221,0.4018617649899432;0.41828819810825524,18.647760106540918,0.22147400162659886;4.200221053635278,15.46778249624208,0.43191318400781337;6.298497731957038,17.535487675311437,0.9892719758789834"
21,drone_6,10.623,6.482,11.528,10.640,"14.927867894972593,1.9417923666224648,0.6851088007879556;9.581603859062518,1.7165682560455653,1.2502531594349593;9.390093762647613,15.472761448915204,2.171069838955237;19.533980818859707,17.049180100391123,0.27883058946767136;10.26526511140737,1.392277412259023,1.016178670844001;3.348893179695101,14.251866662958317,2.4185601003318604;3.4658463430243227,2.9891174118935857,0.21873102450163456;11.48626419771846,13.846024245365946,0.41596374877409237;5.718556999345342,8.252639224464476,0.3082740680827401;5.41842524027721,5.36907783143671,0.36053001055856554;5.263915430660201,12.511724220330363,0.47075426437758255;5.371172332057537,16.5795681636937,2.275404858158624;17.01738932692288,3.949288472633914,1.0833734478179253;1.2152499625451305,9.264165891219097,0.6289695736007946;2.5152666477933683,4.227481450075309,0.31479177433064687;0.8812631632839998,12.985708095722533,0.4433356300474305;18.23134962994997,17.499124477037014,1.7140616004040665;14.70574069346987,10.138925022682221,0.4018617649899432;0.41828819810825524,18.647760106540918,0.22147400162659886;4.200221053635278,15.46778249624208,0.43191318400781337;6.298497731957038,17.535487675311437,0.9892719758789834"
21,drone_7,5.668,9.619,11.528,10.640,"14.927867894972593,1.9417923666224648,0.6851088007879556;9.581603859062518,1.7165682560455653,1.2502531594349593;9.390093762647613,15.472761448915204,2.171069838955237;19.533980818859707,17.049180100391123,0.27883058946767136;10.26526511140737,1.392277412259023,1.016178670844001;3.348893179695101,14.251866662958317,2.4185601003318604;3.4658463430243227,2.9891174118935857,0.21873102450163456;11.48626419771846,13.846024245365946,0.41596374877409237;5.718556999345342,8.252639224464476,0.3082740680827401;5.41842524027721,5.36907783143671,0.36053001055856554;5.263915430660201,12.511724220330363,0.47075426437758255;5.371172332057537,16.5795681636937,2.275404858158624;17.01738932692288,3.949288472633914,1.0833734478179253;1.2152499625451305,9.264165891219097,0.6289695736007946;2.5152666477933683,4.227481450075309,0.31479177433064687;0.8812631632839998,12.985708095722533,0.4433356300474305;18.23134962994997,17.499124477037014,1.7140616004040665;14.70574069346987,10.138925022682221,0.4018617649899432;0.41828819810825524,18.647760106540918,0.22147400162659886;4.200221053635278,15.46778249624208,0.43191318400781337;6.298497731957038,17.535487675311437,0.9892719758789834"
21,drone_8,3.768,6.867,11.528,10.640,"14.927867894972593,1.9417923666224648,0.6851088007879556;9.581603859062518,1.7165682560455653,1.2502531594349593;9.390093762647613,15.472761448915204,2.171069838955237;19.533980818859707,17.049180100391123,0.27883058946767136;10.26526511140737,1.392277412259023,1.016178670844001;3.348893179695101,14.251866662958317,2.4185601003318604;3.4658463430243227,2.9891174118935857,0.21873102450163456;11.48626419771846,13.846024245365946,0.41596374877409237;5.718556999345342,8.252639224464476,0.3082740680827401;5.41842524027721,5.36907783143671,0.36053001055856554;5.263915430660201,12.511724220330363,0.47075426437758255;5.371172332057537,16.5795681636937,2.275404858158624;17.01738932692288,3.949288472633914,1.0833734478179253;1.2152499625451305,9.264165891219097,0.6289695736007946;2.5152666477933683,4.227481450075309,0.31479177433064687;0.8812631632839998,12.985708095722533,0.4433356300474305;18.23134962994997,17.499124477037014,1.7140616004040665;14.70574069346987,10.138925022682221,0.4018617649899432;0.41828819810825524,18.647760106540918,0.22147400162659886;4.200221053635278,15.46778249624208,0.43191318400781337;6.298497731957038,17.535487675311437,0.9892719758789834"
21,drone_9,7.464,8.390,11.528,10.640,"14.927867894972593,1.9417923666224648,0.6851088007879556;9.581603859062518,1.7165682560455653,1.2502531594349593;9.390093762647613,15.472761448915204,2.171069838955237;19.533980818859707,17.049180100391123,0.27883058946767136;10.26526511140737,1.392277412259023,1.016178670844001;3.348893179695101,14.251866662958317,2.4185601003318604;3.4658463430243227,2.9891174118935857,0.21873102450163456;11.48626419771846,13.846024245365946,0.41596374877409237;5.718556999345342,8.252639224464476,0.3082740680827401;5.41842524027721,5.36907783143671,0.36053001055856554;5.263915430660201,12.511724220330363,0.47075426437758255;5.371172332057537,16.5795681636937,2.275404858158624;17.01738932692288,3.949288472633914,1.0833734478179253;1.2152499625451305,9.264165891219097,0.6289695736007946;2.5152666477933683,4.227481450075309,0.31479177433064687;0.8812631632839998,12.985708095722533,0.4433356300474305;18.23134962994997,17.499124477037014,1.7140616004040665;14.70574069346987,10.138925022682221,0.4018617649899432;0.41828819810825524,18.647760106540918,0.22147400162659886;4.200221053635278,15.46778249624208,0.43191318400781337;6.298497731957038,17.535487675311437,0.9892719758789834"
22,drone_0,15.837,10.453,11.528,10.640,"14.927867894972593,1.9417923666224648,0.6851088007879556;9.581603859062518,1.7165682560455653,1.2502531594349593;9.390093762647613,15.472761448915204,2.171069838955237;19.533980818859707,17.049180100391123,0.27883058946767136;10.26526511140737,1.392277412259023,1.016178670844001;3.348893179695101,14.251866662958317,2.4185601003318604;3.4658463430243227,2.9891174118935857,0.21873102450163456;11.48626419771846,13.846024245365946,0.41596374877409237;5.718556999345342,8.252639224464476,0.3082740680827401;5.41842524027721,5.36907783143671,0.36053001055856554;5.263915430660201,12.511724220330363,0.47075426437758255;5.371172332057537,16.5795681636937,2.275404858158624;17.01738932692288,3.949288472633914,1.0833734478179253;1.2152499625451305,9.264165891219097,0.6289695736007946;2.5152666477933683,4.227481450075309,0.31479177433064687;0.8812631632839998,12.985708095722533,0.4433356300474305;18.23134962994997,17.499124477037014,1.7140616004040665;14.70574069346987,10.138925022682221,0.4018617649899432;0.41828819810825524,18.647760106540918,0.22147400162659886;4.200221053635278,15.46778249624208,0.43191318400781337;6.298497731957038,17.535487675311437,0.9892719758789834"
22,drone_1,9.691,5.757,11.528,10.640,"14.927867894972593,1.9417923666224648,0.6851088007879556;9.581603859062518,1.7165682560455653,1.2502531594349593;9.390093762647613,15.472761448915204,2.171069838955237;19.533980818859707,17.049180100391123,0.27883058946767136;10.26526511140737,1.392277412259023,1.016178670844001;3.348893179695101,14.251866662958317,2.4185601003318604;3.4658463430243227,2.9891174118935857,0.21873102450163456;11.48626419771846,13.846024245365946,0.41596374877409237;5.718556999345342,8.252639224464476,0.3082740680827401;5.41842524027721,5.36907783143671,0.36053001055856554;5.263915430660201,12.511724220330363,0.47075426437758255;5.371172332057537,16.5795681636937,2.275404858158624;17.01738932692288,3.949288472633914,1.0833734478179253;1.2152499625451305,9.264165891219097,0.6289695736007946;2.5152666477933683,4.227481450075309,0.31479177433064687;0.8812631632839998,12.985708095722533,0.4433356300474305;18.23134962994997,17.499124477037014,1.7140616004040665;14.70574069346987,10.138925022682221,0.4018617649899432;0.41828819810825524,18.647760106540918,0.22147400162659886;4.200221053635278,15.46778249624208,0.43191318400781337;6.298497731957038,17.535487675311437,0.9892719758789834"
22,drone_2,5.685,4.139,11.528,10.640,"14.927867894972593,1.9417923666224648,0.6851088007879556;9.581603859062518,1.7165682560455653,1.2502531594349593;9.390093762647613,15.472761448915204,2.171069838955237;19.533980818859707,17.049180100391123,0.27883058946767136;10.26526511140737,1.392277412259023,1.016178670844001;3.348893179695101,14.251866662958317,2.4185601003318604;3.4658463430243227,2.9891174118935857,0.21873102450163456;11.48626419771846,13.846024245365946,0.41596374877409237;5.718556999345342,8.252639224464476,0.3082740680827401;5.41842524027721,5.36907783143671,0.36053001055856554;5.263915430660201,12.511724220330363,0.47075426437758255;5.371172332057537,16.5795681636937,2.275404858158624;17.01738932692288,3.949288472633914,1.0833734478179253;1.2152499625451305,9.264165891219097,0.6289695736007946;2.5152666477933683,4.227481450075309,0.31479177433064687;0.8812631632839998,12.985708095722533,0.4433356300474305;18.23134962994997,17.499124477037014,1.7140616004040665;14.70574069346987,10.138925022682221,0.4018617649899432;0.41828819810825524,18.647760106540918,0.22147400162659886;4.200221053635278,15.46778249624208,0.43191318400781337;6.298497731957038,17.535487675311437,0.9892719758789834"
22,drone_3,14.089,4.522,11.528,10.640,"14.927867894972593,1.9417923666224648,0.6851088007879556;9.581603859062518,1.7165682560455653,1.2502531594349593;9.390093762647613,15.472761448915204,2.171069838955237;19.533980818859707,17.049180100391123,0.27883058946767136;10.26526511140737,1.392277412259023,1.016178670844001;3.348893179695101,14.251866662958317,2.4185601003318604;3.4658463430243227,2.9891174118935857,0.21873102450163456;11.48626419771846,13.846024245365946,0.41596374877409237;5.718556999345342,8.252639224464476,0.3082740680827401;5.41842524027721,5.36907783143671,0.36053001055856554;5.263915430660201,12.511724220330363,0.47075426437758255;5.371172332057537,16.5795681636937,2.275404858158624;17.01738932692288,3.949288472633914,1.0833734478179253;1.2152499625451305,9.264165891219097,0.6289695736007946;2.5152666477933683,4.227481450075309,0.31479177433064687;0.8812631632839998,12.985708095722533,0.4433356300474305;18.23134962994997,17.499124477037014,1.7140616004040665;14.70574069346987,10.138925022682221,0.4018617649899432;0.41828819810825524,18.647760106540918,0.22147400162659886;4.200221053635278,15.46778249624208,0.43191318400781337;6.298497731957038,17.535487675311437,0.9892719758789834"
22,drone_4,7.549,9.530,11.528,10.640,"14.927867894972593,1.9417923666224648,0.6851088007879556;9.581603859062518,1.7165682560455653,1.2502531594349593;9.390093762647613,15.472761448915204,2.171069838955237;19.533980818859707,17.049180100391123,0.27883058946767136;10.26526511140737,1.392277412259023,1.016178670844001;3.348893179695101,14.251866662958317,2.4185601003318604;3.4658463430243227,2.9891174118935857,0.21873102450163456;11.48626419771846,13.846024245365946,0.41596374877409237;5.718556999345342,8.252639224464476,0.3082740680827401;5.41842524027721,5.36907783143671,0.36053001055856554;5.263915430660201,12.511724220330363,0.47075426437758255;5.371172332057537,16.5795681636937,2.275404858158624;17.01738932692288,3.949288472633914,1.0833734478179253;1.2152499625451305,9.264165891219097,0.6289695736007946;2.5152666477933683,4.227481450075309,0.31479177433064687;0.8812631632839998,12.985708095722533,0.4433356300474305;18.23134962994997,17.499124477037014,1.7140616004040665;14.70574069346987,10.138925022682221,0.4018617649899432;0.41828819810825524,18.647760106540918,0.22147400162659886;4.200221053635278,15.46778249624208,0.43191318400781337;6.298497731957038,17.535487675311437,0.9892719758789834"
22,drone_5,15.454,12.153,11.528,10.640,"14.927867894972593,1.9417923666224648,0.6851088007879556;9.581603859062518,1.7165682560455653,1.2502531594349593;9.390093762647613,15.472761448915204,2.171069838955237;19.533980818859707,17.049180100391123,0.27883058946767136;10.26526511140737,1.392277412259023,1.016178670844001;3.348893179695101,14.251866662958317,2.4185601003318604;3.4658463430243227,2.9891174118935857,0.21873102450163456;11.48626419771846,13.846024245365946,0.41596374877409237;5.718556999345342,8.252639224464476,0.3082740680827401;5.41842524027721,5.36907783143671,0.36053001055856554;5.263915430660201,12.511724220330363,0.47075426437758255;5.371172332057537,16.5795681636937,2.275404858158624;17.01738932692288,3.949288472633914,1.0833734478179253;1.2152499625451305,9.264165891219097,0.6289695736007946;2.5152666477933683,4.227481450075309,0.31479177433064687;0.8812631632839998,12.985708095722533,0.4433356300474305;18.23134962994997,17.499124477037014,1.7140616004040665;14.70574069346987,10.138925022682221,0.4018617649899432;0.41828819810825524,18.647760106540918,0.22147400162659886;4.200221053635278,15.46778249624208,0.43191318400781337;6.298497731957038,17.535487675311437,0.9892719758789834"
22,drone_6,10.765,6.623,11.528,10.640,"14.927867894972593,1.9417923666224648,0.6851088007879556;9.581603859062518,1.7165682560455653,1.2502531594349593;9.390093762647613,15.472761448915204,2.171069838955237;19.533980818859707,17.049180100391123,0.27883058946767136;10.26526511140737,1.392277412259023,1.016178670844001;3.348893179695101,14.251866662958317,2.4185601003318604;3.4658463430243227,2.9891174118935857,0.21873102450163456;11.48626419771846,13.846024245365946,0.41596374877409237;5.718556999345342,8.252639224464476,0.3082740680827401;5.41842524027721,5.36907783143671,0.36053001055856554;5.263915430660201,12.511724220330363,0.47075426437758255;5.371172332057537,16.5795681636937,2.275404858158624;17.01738932692288,3.949288472633914,1.0833734478179253;1.2152499625451305,9.264165891219097,0.6289695736007946;2.5152666477933683,4.227481450075309,0.31479177433064687;0.8812631632839998,12.985708095722533,0.4433356300474305;18.23134962994997,17.499124477037014,1.7140616004040665;14.70574069346987,10.138925022682221,0.4018617649899432;0.41828819810825524,18.647760106540918,0.22147400162659886;4.200221053635278,15.46778249624208,0.43191318400781337;6.298497731957038,17.535487675311437,0.9892719758789834"
22,drone_7,5.810,9.760,11.528,10.640,"14.927867894972593,1.9417923666224648,0.6851088007879556;9.581603859062518,1.7165682560455653,1.2502531594349593;9.390093762647613,15.472761448915204,2.171069838955237;19.533980818859707,17.049180100391123,0.27883058946767136;10.26526511140737,1.392277412259023,1.016178670844001;3.348893179695101,14.251866662958317,2.4185601003318604;3.4658463430243227,2.9891174118935857,0.21873102450163456;11.48626419771846,13.846024245365946,0.41596374877409237;5.718556999345342,8.252639224464476,0.3082740680827401;5.41842524027721,5.36907783143671,0.36053001055856554;5.263915430660201,12.511724220330363,0.47075426437758255;5.371172332057537,16.5795681636937,2.275404858158624;17.01738932692288,3.949288472633914,1.0833734478179253;1.2152499625451305,9.264165891219097,0.6289695736007946;2.5152666477933683,4.227481450075309,0.31479177433064687;0.8812631632839998,12.985708095722533,0.4433356300474305;18.23134962994997,17.499124477037014,1.7140616004040665;14.70574069346987,10.138925022682221,0.4018617649899432;0.41828819810825524,18.647760106540918,0.22147400162659886;4.200221053635278,15.46778249624208,0.43191318400781337;6.298497731957038,17.535487675311437,0.9892719758789834"
22,drone_8,3.909,7.009,11.528,10.640,"14.927867894972593,1.9417923666224648,0.6851088007879556;9.581603859062518,1.7165682560455653,1.2502531594349593;9.390093762647613,15.472761448915204,2.171069838955237;19.533980818859707,17.049180100391123,0.27883058946767136;10.26526511140737,1.392277412259023,1.016178670844001;3.348893179695101,14.251866662958317,2.4185601003318604;3.4658463430243227,2.9891174118935857,0.21873102450163456;11.48626419771846,13.846024245365946,0.41596374877409237;5.718556999345342,8.252639224464476,0.3082740680827401;5.41842524027721,5.36907783143671,0.36053001055856554;5.263915430660201,12.511724220330363,0.47075426437758255;5.371172332057537,16.5795681636937,2.275404858158624;17.01738932692288,3.949288472633914,1.0833734478179253;1.2152499625451305,9.264165891219097,0.6289695736007946;2.5152666477933683,4.227481450075309,0.31479177433064687;0.8812631632839998,12.985708095722533,0.4433356300474305;18.23134962994997,17.499124477037014,1.7140616004040665;14.70574069346987,10.138925022682221,0.4018617649899432;0.41828819810825524,18.647760106540918,0.22147400162659886;4.200221053635278,15.46778249624208,0.43191318400781337;6.298497731957038,17.535487675311437,0.9892719758789834"
22,drone_9,7.606,8.530,11.528,10.640,"14.927867894972593,1.9417923666224648,0.6851088007879556;9.581603859062518,1.7165682560455653,1.2502531594349593;9.390093762647613,15.472761448915204,2.171069838955237;19.533980818859707,17.049180100391123,0.27883058946767136;10.26526511140737,1.392277412259023,1.016178670844001;3.348893179695101,14.251866662958317,2.4185601003318604;3.4658463430243227,2.9891174118935857,0.21873102450163456;11.48626419771846,13.846024245365946,0.41596374877409237;5.718556999345342,8.252639224464476,0.3082740680827401;5.41842524027721,5.36907783143671,0.36053001055856554;5.263915430660201,12.511724220330363,0.47075426437758255;5.371172332057537,16.5795681636937,2.275404858158624;17.01738932692288,3.949288472633914,1.0833734478179253;1.2152499625451305,9.264165891219097,0.6289695736007946;2.5152666477933683,4.227481450075309,0.31479177433064687;0.8812631632839998,12.985708095722533,0.4433356300474305;18.23134962994997,17.499124477037014,1.7140616004040665;14.70574069346987,10.138925022682221,0.4018617649899432;0.41828819810825524,18.647760106540918,0.22147400162659886;4.200221053635278,15.46778249624208,0.43191318400781337;6.298497731957038,17.535487675311437,0.9892719758789834"
23,drone_0,15.695,10.594,11.528,10.640,"14.927867894972593,1.9417923666224648,0.6851088007879556;9.581603859062518,1.7165682560455653,1.2502531594349593;9.390093762647613,15.472761448915204,2.171069838955237;19.533980818859707,17.049180100391123,0.27883058946767136;10.26526511140737,1.392277412259023,1.016178670844001;3.348893179695101,14.251866662958317,2.4185601003318604;3.4658463430243227,2.9891174118935857,0.21873102450163456;11.48626419771846,13.846024245365946,0.41596374877409237;5.718556999345342,8.252639224464476,0.3082740680827401;5.41842524027721,5.36907783143671,0.36053001055856554;5.263915430660201,12.511724220330363,0.47075426437758255;5.371172332057537,16.5795681636937,2.275404858158624;17.01738932692288,3.949288472633914,1.0833734478179253;1.2152499625451305,9.264165891219097,0.6289695736007946;2.5152666477933683,4.227481450075309,0.31479177433064687;0.8812631632839998,12.985708095722533,0.4433356300474305;18.23134962994997,17.499124477037014,1.7140616004040665;14.70574069346987,10.138925022682221,0.4018617649899432;0.41828819810825524,18.647760106540918,0.22147400162659886;4.200221053635278,15.46778249624208,0.43191318400781337;6.298497731957038,17.535487675311437,0.9892719758789834"
23,drone_1,9.833,5.898,11.528,10.640,"14.927867894972593,1.9417923666224648,0.6851088007879556;9.581603859062518,1.7165682560455653,1.2502531594349593;9.390093762647613,15.472761448915204,2.171069838955237;19.533980818859707,17.049180100391123,0.27883058946767136;10.26526511140737,1.392277412259023,1.016178670844001;3.348893179695101,14.251866662958317,2.4185601003318604;3.4658463430243227,2.9891174118935857,0.21873102450163456;11.48626419771846,13.846024245365946,0.41596374877409237;5.718556999345342,8.252639224464476,0.3082740680827401;5.41842524027721,5.36907783143671,0.36053001055856554;5.263915430660201,12.511724220330363,0.47075426437758255;5.371172332057537,16.5795681636937,2.275404858158624;17.01738932692288,3.949288472633914,1.0833734478179253;1.2152499625451305,9.264165891219097,0.6289695736007946;2.5152666477933683,4.227481450075309,0.31479177433064687;0.8812631632839998,12.985708095722533,0.4433356300474305;18.23134962994997,17.499124477037014,1.7140616004040665;14.70574069346987,10.138925022682221,0.4018617649899432;0.41828819810825524,18.647760106540918,0.22147400162659886;4.200221053635278,15.46778249624208,0.43191318400781337;6.298497731957038,17.535487675311437,0.9892719758789834"
23,drone_2,5.827,4.280,11.528,10.640,"14.927867894972593,1.9417923666224648,0.6851088007879556;9.581603859062518,1.7165682560455653,1.2502531594349593;9.390093762647613,15.472761448915204,2.171069838955237;19.533980818859707,17.049180100391123,0.27883058946767136;10.26526511140737,1.392277412259023,1.016178670844001;3.348893179695101,14.251866662958317,2.4185601003318604;3.4658463430243227,2.9891174118935857,0.21873102450163456;11.48626419771846,13.846024245365946,0.41596374877409237;5.718556999345342,8.252639224464476,0.3082740680827401;5.41842524027721,5.36907783143671,0.36053001055856554;5.263915430660201,12.511724220330363,0.47075426437758255;5.371172332057537,16.5795681636937,2.275404858158624;17.01738932692288,3.949288472633914,1.0833734478179253;1.2152499625451305,9.264165891219097,0.6289695736007946;2.5152666477933683,4.227481450075309,0.31479177433064687;0.8812631632839998,12.985708095722533,0.4433356300474305;18.23134962994997,17.499124477037014,1.7140616004040665;14.70574069346987,10.138925022682221,0.4018617649899432;0.41828819810825524,18.647760106540918,0.22147400162659886;4.200221053635278,15.46778249624208,0.43191318400781337;6.298497731957038,17.535487675311437,0.9892719758789834"
23,drone_3,13.947,4.664,11.528,10.640,"14.927867894972593,1.9417923666224648,0.6851088007879556;9.581603859062518,1.7165682560455653,1.2502531594349593;9.390093762647613,15.472761448915204,2.171069838955237;19.533980818859707,17.049180100391123,0.27883058946767136;10.26526511140737,1.392277412259023,1.016178670844001;3.348893179695101,14.251866662958317,2.4185601003318604;3.4658463430243227,2.9891174118935857,0.21873102450163456;11.48626419771846,13.846024245365946,0.41596374877409237;5.718556999345342,8.252639224464476,0.3082740680827401;5.41842524027721,5.36907783143671,0.36053001055856554;5.263915430660201,12.511724220330363,0.47075426437758255;5.371172332057537,16.5795681636937,2.275404858158624;17.01738932692288,3.949288472633914,1.0833734478179253;1.2152499625451305,9.264165891219097,0.6289695736007946;2.5152666477933683,4.227481450075309,0.31479177433064687;0.8812631632839998,12.985708095722533,0.4433356300474305;18.23134962994997,17.499124477037014,1.7140616004040665;14.70574069346987,10.138925022682221,0.4018617649899432;0.41828819810825524,18.647760106540918,0.22147400162659886;4.200221053635278,15.46778249624208,0.43191318400781337;6.298497731957038,17.535487675311437,0.9892719758789834"
23,drone_4,7.743,9.578,11.528,10.640,"14.927867894972593,1.9417923666224648,0.6851088007879556;9.581603859062518,1.7165682560455653,1.2502531594349593;9.390093762647613,15.472761448915204,2.171069838955237;19.533980818859707,17.049180100391123,0.27883058946767136;10.26526511140737,1.392277412259023,1.016178670844001;3.348893179695101,14.251866662958317,2.4185601003318604;3.4658463430243227,2.9891174118935857,0.21873102450163456;11.48626419771846,13.846024245365946,0.41596374877409237;5.718556999345342,8.252639224464476,0.3082740680827401;5.41842524027721,5.36907783143671,0.36053001055856554;5.263915430660201,12.511724220330363,0.47075426437758255;5.371172332057537,16.5795681636937,2.275404858158624;17.01738932692288,3.949288472633914,1.0833734478179253;1.2152499625451305,9.264165891219097,0.6289695736007946;2.5152666477933683,4.227481450075309,0.31479177433064687;0.8812631632839998,12.985708095722533,0.4433356300474305;18.23134962994997,17.499124477037014,1.7140616004040665;14.70574069346987,10.138925022682221,0.4018617649899432;0.41828819810825524,18.647760106540918,0.22147400162659886;4.200221053635278,15.46778249624208,0.43191318400781337;6.298497731957038,17.535487675311437,0.9892719758789834"
23,drone_5,15.312,12.011,11.528,10.640,"14.927867894972593,1.9417923666224648,0.6851088007879556;9.581603859062518,1.7165682560455653,1.2502531594349593;9.390093762647613,15.472761448915204,2.171069838955237;19.533980818859707,17.049180100391123,0.27883058946767136;10.26526511140737,1.392277412259023,1.016178670844001;3.348893179695101,14.251866662958317,2.4185601003318604;3.4658463430243227,2.9891174118935857,0.21873102450163456;11.48626419771846,13.846024245365946,0.41596374877409237;5.718556999345342,8.252639224464476,0.3082740680827401;5.41842524027721,5.36907783143671,0.36053001055856554;5.263915430660201,12.511724220330363,0.47075426437758255;5.371172332057537,16.5795681636937,2.275404858158624;17.01738932692288,3.949288472633914,1.0833734478179253;1.2152499625451305,9.264165891219097,0.6289695736007946;2.5152666477933683,4.227481450075309,0.31479177433064687;0.8812631632839998,12.985708095722533,0.4433356300474305;18.23134962994997,17.499124477037014,1.7140616004040665;14.70574069346987,10.138925022682221,0.4018617649899432;0.41828819810825524,18.647760106540918,0.22147400162659886;4.200221053635278,15.46778249624208,0.43191318400781337;6.298497731957038,17.535487675311437,0.9892719758789834"
23,drone_6,10.906,6.764,11.528,10.640,"14.927867894972593,1.9417923666224648,0.6851088007879556;9.581603859062518,1.7165682560455653,1.2502531594349593;9.390093762647613,15.472761448915204,2.171069838955237;19.533980818859707,17.049180100391123,0.27883058946767136;10.26526511140737,1.392277412259023,1.016178670844001;3.348893179695101,14.251866662958317,2.4185601003318604;3.4658463430243227,2.9891174118935857,0.21873102450163456;11.48626419771846,13.846024245365946,0.41596374877409237;5.718556999345342,8.252639224464476,0.3082740680827401;5.41842524027721,5.36907783143671,0.36053001055856554;5.263915430660201,12.511724220330363,0.47075426437758255;5.371172332057537,16.5795681636937,2.275404858158624;17.01738932692288,3.949288472633914,1.0833734478179253;1.2152499625451305,9.264165891219097,0.6289695736007946;2.5152666477933683,4.227481450075309,0.31479177433064687;0.8812631632839998,12.985708095722533,0.4433356300474305;18.23134962994997,17.499124477037014,1.7140616004040665;14.70574069346987,10.138925022682221,0.4018617649899432;0.41828819810825524,18.647760106540918,0.22147400162659886;4.200221053635278,15.46778249624208,0.43191318400781337;6.298497731957038,17.535487675311437,0.9892719758789834"
23,drone_7,5.966,9.884,11.528,10.640,"14.927867894972593,1.9417923666224648,0.6851088007879556;9.581603859062518,1.7165682560455653,1.2502531594349593;9.390093762647613,15.472761448915204,2.171069838955237;19.533980818859707,17.049180100391123,0.27883058946767136;10.26526511140737,1.392277412259023,1.016178670844001;3.348893179695101,14.251866662958317,2.4185601003318604;3.4658463430243227,2.9891174118935857,0.21873102450163456;11.48626419771846,13.846024245365946,0.41596374877409237;5.718556999345342,8.252639224464476,0.3082740680827401;5.41842524027721,5.36907783143671,0.36053001055856554;5.263915430660201,12.511724220330363,0.47075426437758255;5.371172332057537,16.5795681636937,2.275404858158624;17.01738932692288,3.949288472633914,1.0833734478179253;1.2152499625451305,9.264165891219097,0.6289695736007946;2.5152666477933683,4.227481450075309,0.31479177433064687;0.8812631632839998,12.985708095722533,0.4433356300474305;18.23134962994997,17.499124477037014,1.7140616004040665;14.70574069346987,10.138925022682221,0.4018617649899432;0.41828819810825524,18.647760106540918,0.22147400162659886;4.200221053635278,15.46778249624208,0.43191318400781337;6.298497731957038,17.535487675311437,0.9892719758789834"
23,drone_8,4.102,7.062,11.528,10.640,"14.927867894972593,1.9417923666224648,0.6851088007879556;9.581603859062518,1.7165682560455653,1.2502531594349593;9.390093762647613,15.472761448915204,2.171069838955237;19.533980818859707,17.049180100391123,0.27883058946767136;10.26526511140737,1.392277412259023,1.016178670844001;3.348893179695101,14.251866662958317,2.4185601003318604;3.4658463430243227,2.9891174118935857,0.21873102450163456;11.48626419771846,13.846024245365946,0.41596374877409237;5.718556999345342,8.252639224464476,0.3082740680827401;5.41842524027721,5.36907783143671,0.36053001055856554;5.263915430660201,12.511724220330363,0.47075426437758255;5.371172332057537,16.5795681636937,2.275404858158624;17.01738932692288,3.949288472633914,1.0833734478179253;1.2152499625451305,9.264165891219097,0.6289695736007946;2.5152666477933683,4.227481450075309,0.31479177433064687;0.8812631632839998,12.985708095722533,0.4433356300474305;18.23134962994997,17.499124477037014,1.7140616004040665;14.70574069346987,10.138925022682221,0.4018617649899432;0.41828819810825524,18.647760106540918,0.22147400162659886;4.200221053635278,15.46778249624208,0.43191318400781337;6.298497731957038,17.535487675311437,0.9892719758789834"
23,drone_9,7.803,8.563,11.528,10.640,"14.927867894972593,1.9417923666224648,0.6851088007879556;9.581603859062518,1.7165682560455653,1.2502531594349593;9.390093762647613,15.472761448915204,2.171069838955237;19.533980818859707,17.049180100391123,0.27883058946767136;10.26526511140737,1.392277412259023,1.016178670844001;3.348893179695101,14.251866662958317,2.4185601003318604;3.4658463430243227,2.9891174118935857,0.21873102450163456;11.48626419771846,13.846024245365946,0.41596374877409237;5.718556999345342,8.252639224464476,0.3082740680827401;5.41842524027721,5.36907783143671,0.36053001055856554;5.263915430660201,12.511724220330363,0.47075426437758255;5.371172332057537,16.5795681636937,2.275404858158624;17.01738932692288,3.949288472633914,1.0833734478179253;1.2152499625451305,9.264165891219097,0.6289695736007946;2.5152666477933683,4.227481450075309,0.31479177433064687;0.8812631632839998,12.985708095722533,0.4433356300474305;18.23134962994997,17.499124477037014,1.7140616004040665;14.70574069346987,10.138925022682221,0.4018617649899432;0.41828819810825524,18.647760106540918,0.22147400162659886;4.200221053635278,15.46778249624208,0.43191318400781337;6.298497731957038,17.535487675311437,0.9892719758789834"
24,drone_0,15.554,10.736,11.528,10.640,"14.927867894972593,1.9417923666224648,0.6851088007879556;9.581603859062518,1.7165682560455653,1.2502531594349593;9.390093762647613,15.472761448915204,2.171069838955237;19.533980818859707,17.049180100391123,0.27883058946767136;10.26526511140737,1.392277412259023,1.016178670844001;3.348893179695101,14.251866662958317,2.4185601003318604;3.4658463430243227,2.9891174118935857,0.21873102450163456;11.48626419771846,13.846024245365946,0.41596374877409237;5.718556999345342,8.252639224464476,0.3082740680827401;5.41842524027721,5.36907783143671,0.36053001055856554;5.263915430660201,12.511724220330363,0.47075426437758255;5.371172332057537,16.5795681636937,2.275404858158624;17.01738932692288,3.949288472633914,1.0833734478179253;1.2152499625451305,9.264165891219097,0.6289695736007946;2.5152666477933683,4.227481450075309,0.31479177433064687;0.8812631632839998,12.985708095722533,0.4433356300474305;18.23134962994997,17.499124477037014,1.7140616004040665;14.70574069346987,10.138925022682221,0.4018617649899432;0.41828819810825524,18.647760106540918,0.22147400162659886;4.200221053635278,15.46778249624208,0.43191318400781337;6.298497731957038,17.535487675311437,0.9892719758789834"
24,drone_1,9.974,6.039,11.528,10.640,"14.927867894972593,1.9417923666224648,0.6851088007879556;9.581603859062518,1.7165682560455653,1.2502531594349593;9.390093762647613,15.472761448915204,2.171069838955237;19.533980818859707,17.049180100391123,0.27883058946767136;10.26526511140737,1.392277412259023,1.016178670844001;3.348893179695101,14.251866662958317,2.4185601003318604;3.4658463430243227,2.9891174118935857,0.21873102450163456;11.48626419771846,13.846024245365946,0.41596374877409237;5.718556999345342,8.252639224464476,0.3082740680827401;5.41842524027721,5.36907783143671,0.36053001055856554;5.263915430660201,12.511724220330363,0.47075426437758255;5.371172332057537,16.5795681636937,2.275404858158624;17.01738932692288,3.949288472633914,1.0833734478179253;1.2152499625451305,9.264165891219097,0.6289695736007946;2.5152666477933683,4.227481450075309,0.31479177433064687;0.8812631632839998,12.985708095722533,0.4433356300474305;18.23134962994997,17.499124477037014,1.7140616004040665;14.70574069346987,10.138925022682221,0.4018617649899432;0.41828819810825524,18.647760106540918,0.22147400162659886;4.200221053635278,15.46778249624208,0.43191318400781337;6.298497731957038,17.535487675311437,0.9892719758789834"
24,drone_2,5.968,4.422,11.528,10.640,"14.927867894972593,1.9417923666224648,0.6851088007879556;9.581603859062518,1.7165682560455653,1.2502531594349593;9.390093762647613,15.472761448915204,2.171069838955237;19.533980818859707,17.049180100391123,0.27883058946767136;10.26526511140737,1.392277412259023,1.016178670844001;3.348893179695101,14.251866662958317,2.4185601003318604;3.4658463430243227,2.9891174118935857,0.21873102450163456;11.48626419771846,13.846024245365946,0.41596374877409237;5.718556999345342,8.252639224464476,0.3082740680827401;5.41842524027721,5.36907783143671,0.36053001055856554;5.263915430660201,12.511724220330363,0.47075426437758255;5.371172332057537,16.5795681636937,2.275404858158624;17.01738932692288,3.949288472633914,1.0833734478179253;1.2152499625451305,9.264165891219097,0.6289695736007946;2.5152666477933683,4.227481450075309,0.31479177433064687;0.8812631632839998,12.985708095722533,0.4433356300474305;18.23134962994997,17.499124477037014,1.7140616004040665;14.70574069346987,10.138925022682221,0.4018617649899432;0.41828819810825524,18.647760106540918,0.22147400162659886;4.200221053635278,15.46778249624208,0.43191318400781337;6.298497731957038,17.535487675311437,0.9892719758789834"
24,drone_3,13.806,4.805,11.528,10.640,"14.927867894972593,1.9417923666224648,0.6851088007879556;9.581603859062518,1.7165682560455653,1.2502531594349593;9.390093762647613,15.472761448915204,2.171069838955237;19.533980818859707,17.049180100391123,0.27883058946767136;10.26526511140737,1.392277412259023,1.016178670844001;3.348893179695101,14.251866662958317,2.4185601003318604;3.4658463430243227,2.9891174118935857,0.21873102450163456;11.48626419771846,13.846024245365946,0.41596374877409237;5.718556999345342,8.252639224464476,0.3082740680827401;5.41842524027721,5.36907783143671,0.36053001055856554;5.263915430660201,12.511724220330363,0.47075426437758255;5.371172332057537,16.5795681636937,2.275404858158624;17.01738932692288,3.949288472633914,1.0833734478179253;1.2152499625451305,9.264165891219097,0.6289695736007946;2.5152666477933683,4.227481450075309,0.31479177433064687;0.8812631632839998,12.985708095722533,0.4433356300474305;18.23134962994997,17.499124477037014,1.7140616004040665;14.70574069346987,10.138925022682221,0.4018617649899432;0.41828819810825524,18.647760106540918,0.22147400162659886;4.200221053635278,15.46778249624208,0.43191318400781337;6.298497731957038,17.535487675311437,0.9892719758789834"
24,drone_4,7.940,9.543,11.528,10.640,"14.927867894972593,1.9417923666224648,0.6851088007879556;9.581603859062518,1.7165682560455653,1.2502531594349593;9.390093762647613,15.472761448915204,2.171069838955237;19.533980818859707,17.049180100391123,0.27883058946767136;10.26526511140737,1.392277412259023,1.016178670844001;3.348893179695101,14.251866662958317,2.4185601003318604;3.4658463430243227,2.9891174118935857,0.21873102450163456;11.48626419771846,13.846024245365946,0.41596374877409237;5.718556999345342,8.252639224464476,0.3082740680827401;5.41842524027721,5.36907783143671,0.36053001055856554;5.263915430660201,12.511724220330363,0.47075426437758255;5.371172332057537,16.5795681636937,2.275404858158624;17.01738932692288,3.949288472633914,1.0833734478179253;1.2152499625451305,9.264165891219097,0.6289695736007946;2.5152666477933683,4.227481450075309,0.31479177433064687;0.8812631632839998,12.985708095722533,0.4433356300474305;18.23134962994997,17.499124477037014,1.7140616004040665;14.70574069346987,10.138925022682221,0.4018617649899432;0.41828819810825524,18.647760106540918,0.22147400162659886;4.200221053635278,15.46778249624208,0.43191318400781337;6.298497731957038,17.535487675311437,0.9892719758789834"
24,drone_5,15.171,11.870,11.528,10.640,"14.927867894972593,1.9417923666224648,0.6851088007879556;9.581603859062518,1.7165682560455653,1.2502531594349593;9.390093762647613,15.472761448915204,2.171069838955237;19.533980818859707,17.049180100391123,0.27883058946767136;10.26526511140737,1.392277412259023,1.016178670844001;3.348893179695101,14.251866662958317,2.4185601003318604;3.4658463430243227,2.9891174118935857,0.21873102450163456;11.48626419771846,13.846024245365946,0.41596374877409237;5.718556999345342,8.252639224464476,0.3082740680827401;5.41842524027721,5.36907783143671,0.36053001055856554;5.263915430660201,12.511724220330363,0.47075426437758255;5.371172332057537,16.5795681636937,2.275404858158624;17.01738932692288,3.949288472633914,1.0833734478179253;1.2152499625451305,9.264165891219097,0.6289695736007946;2.5152666477933683,4.227481450075309,0.31479177433064687;0.8812631632839998,12.985708095722533,0.4433356300474305;18.23134962994997,17.499124477037014,1.7140616004040665;14.70574069346987,10.138925022682221,0.4018617649899432;0.41828819810825524,18.647760106540918,0.22147400162659886;4.200221053635278,15.46778249624208,0.43191318400781337;6.298497731957038,17.535487675311437,0.9892719758789834"
24,drone_6,11.047,6.906,11.528,10.640,"14.927867894972593,1.9417923666224648,0.6851088007879556;9.581603859062518,1.7165682560455653,1.2502531594349593;9.390093762647613,15.472761448915204,2.171069838955237;19.533980818859707,17.049180100391123,0.27883058946767136;10.26526511140737,1.392277412259023,1.016178670844001;3.348893179695101,14.251866662958317,2.4185601003318604;3.4658463430243227,2.9891174118935857,0.21873102450163456;11.48626419771846,13.846024245365946,0.41596374877409237;5.718556999345342,8.252639224464476,0.3082740680827401;5.41842524027721,5.36907783143671,0.36053001055856554;5.263915430660201,12.511724220330363,0.47075426437758255;5.371172332057537,16.5795681636937,2.275404858158624;17.01738932692288,3.949288472633914,1.0833734478179253;1.2152499625451305,9.264165891219097,0.6289695736007946;2.5152666477933683,4.227481450075309,0.31479177433064687;0.8812631632839998,12.985708095722533,0.4433356300474305;18.23134962994997,17.499124477037014,1.7140616004040665;14.70574069346987,10.138925022682221,0.4018617649899432;0.41828819810825524,18.647760106540918,0.22147400162659886;4.200221053635278,15.46778249624208,0.43191318400781337;6.298497731957038,17.535487675311437,0.9892719758789834"
24,drone_7,6.165,9.903,11.528,10.640,"14.927867894972593,1.9417923666224648,0.6851088007879556;9.581603859062518,1.7165682560455653,1.2502531594349593;9.390093762647613,15.472761448915204,2.171069838955237;19.533980818859707,17.049180100391123,0.27883058946767136;10.26526511140737,1.392277412259023,1.016178670844001;3.348893179695101,14.251866662958317,2.4185601003318604;3.4658463430243227,2.9891174118935857,0.21873102450163456;11.48626419771846,13.846024245365946,0.41596374877409237;5.718556999345342,8.252639224464476,0.3082740680827401;5.41842524027721,5.36907783143671,0.36053001055856554;5.263915430660201,12.511724220330363,0.47075426437758255;5.371172332057537,16.5795681636937,2.275404858158624;17.01738932692288,3.949288472633914,1.0833734478179253;1.2152499625451305,9.264165891219097,0.6289695736007946;2.5152666477933683,4.227481450075309,0.31479177433064687;0.8812631632839998,12.985708095722533,0.4433356300474305;18.23134962994997,17.499124477037014,1.7140616004040665;14.70574069346987,10.138925022682221,0.4018617649899432;0.41828819810825524,18.647760106540918,0.22147400162659886;4.200221053635278,15.46778249624208,0.43191318400781337;6.298497731957038,17.535487675311437,0.9892719758789834"
24,drone_8,4.279,7.155,11.528,10.640,"14.927867894972593,1.9417923666224648,0.6851088007879556;9.581603859062518,1.7165682560455653,1.2502531594349593;9.390093762647613,15.472761448915204,2.171069838955237;19.533980818859707,17.049180100391123,0.27883058946767136;10.26526511140737,1.392277412259023,1.016178670844001;3.348893179695101,14.251866662958317,2.4185601003318604;3.4658463430243227,2.9891174118935857,0.21873102450163456;11.48626419771846,13.846024245365946,0.41596374877409237;5.718556999345342,8.252639224464476,0.3082740680827401;5.41842524027721,5.36907783143671,0.36053001055856554;5.263915430660201,12.511724220330363,0.47075426437758255;5.371172332057537,16.5795681636937,2.275404858158624;17.01738932692288,3.949288472633914,1.0833734478179253;1.2152499625451305,9.264165891219097,0.6289695736007946;2.5152666477933683,4.227481450075309,0.31479177433064687;0.8812631632839998,12.985708095722533,0.4433356300474305;18.23134962994997,17.499124477037014,1.7140616004040665;14.70574069346987,10.138925022682221,0.4018617649899432;0.41828819810825524,18.647760106540918,0.22147400162659886;4.200221053635278,15.46778249624208,0.43191318400781337;6.298497731957038,17.535487675311437,0.9892719758789834"
24,drone_9,7.960,8.634,11.528,10.640,"14.927867894972593,1.9417923666224648,0.6851088007879556;9.581603859062518,1.7165682560455653,1.2502531594349593;9.390093762647613,15.472761448915204,2.171069838955237;19.533980818859707,17.049180100391123,0.27883058946767136;10.26526511140737,1.392277412259023,1.016178670844001;3.348893179695101,14.251866662958317,2.4185601003318604;3.4658463430243227,2.9891174118935857,0.21873102450163456;11.48626419771846,13.846024245365946,0.41596374877409237;5.718556999345342,8.252639224464476,0.3082740680827401;5.41842524027721,5.36907783143671,0.36053001055856554;5.263915430660201,12.511724220330363,0.47075426437758255;5.371172332057537,16.5795681636937,2.275404858158624;17.01738932692288,3.949288472633914,1.0833734478179253;1.2152499625451305,9.264165891219097,0.6289695736007946;2.5152666477933683,4.227481450075309,0.31479177433064687;0.8812631632839998,12.985708095722533,0.4433356300474305;18.23134962994997,17.499124477037014,1.7140616004040665;14.70574069346987,10.138925022682221,0.4018617649899432;0.41828819810825524,18.647760106540918,0.22147400162659886;4.200221053635278,15.46778249624208,0.43191318400781337;6.298497731957038,17.535487675311437,0.9892719758789834"
25,drone_0,15.412,10.877,11.528,10.640,"14.927867894972593,1.9417923666224648,0.6851088007879556;9.581603859062518,1.7165682560455653,1.2502531594349593;9.390093762647613,15.472761448915204,2.171069838955237;19.533980818859707,17.049180100391123,0.27883058946767136;10.26526511140737,1.392277412259023,1.016178670844001;3.348893179695101,14.251866662958317,2.4185601003318604;3.4658463430243227,2.9891174118935857,0.21873102450163456;11.48626419771846,13.846024245365946,0.41596374877409237;5.718556999345342,8.252639224464476,0.3082740680827401;5.41842524027721,5.36907783143671,0.36053001055856554;5.263915430660201,12.511724220330363,0.47075426437758255;5.371172332057537,16.5795681636937,2.275404858158624;17.01738932692288,3.949288472633914,1.0833734478179253;1.2152499625451305,9.264165891219097,0.6289695736007946;2.5152666477933683,4.227481450075309,0.31479177433064687;0.8812631632839998,12.985708095722533,0.4433356300474305;18.23134962994997,17.499124477037014,1.7140616004040665;14.70574069346987,10.138925022682221,0.4018617649899432;0.41828819810825524,18.647760106540918,0.22147400162659886;4.200221053635278,15.46778249624208,0.43191318400781337;6.298497731957038,17.535487675311437,0.9892719758789834"
25,drone_1,10.116,6.181,11.528,10.640,"14.927867894972593,1.9417923666224648,0.6851088007879556;9.581603859062518,1.7165682560455653,1.2502531594349593;9.390093762647613,15.472761448915204,2.171069838955237;19.533980818859707,17.049180100391123,0.27883058946767136;10.26526511140737,1.392277412259023,1.016178670844001;3.348893179695101,14.251866662958317,2.4185601003318604;3.4658463430243227,2.9891174118935857,0.21873102450163456;11.48626419771846,13.846024245365946,0.41596374877409237;5.718556999345342,8.252639224464476,0.3082740680827401;5.41842524027721,5.36907783143671,0.36053001055856554;5.263915430660201,12.511724220330363,0.47075426437758255;5.371172332057537,16.5795681636937,2.275404858158624;17.01738932692288,3.949288472633914,1.0833734478179253;1.2152499625451305,9.264165891219097,0.6289695736007946;2.5152666477933683,4.227481450075309,0.31479177433064687;0.8812631632839998,12.985708095722533,0.4433356300474305;18.23134962994997,17.499124477037014,1.7140616004040665;14.70574069346987,10.138925022682221,0.4018617649899432;0.41828819810825524,18.647760106540918,0.22147400162659886;4.200221053635278,15.46778249624208,0.43191318400781337;6.298497731957038,17.535487675311437,0.9892719758789834"
25,drone_2,6.110,4.563,11.528,10.640,"14.927867894972593,1.9417923666224648,0.6851088007879556;9.581603859062518,1.7165682560455653,1.2502531594349593;9.390093762647613,15.472761448915204,2.171069838955237;19.533980818859707,17.049180100391123,0.27883058946767136;10.26526511140737,1.392277412259023,1.016178670844001;3.348893179695101,14.251866662958317,2.4185601003318604;3.4658463430243227,2.9891174118935857,0.21873102450163456;11.48626419771846,13.846024245365946,0.41596374877409237;5.718556999345342,8.252639224464476,0.3082740680827401;5.41842524027721,5.36907783143671,0.36053001055856554;5.263915430660201,12.511724220330363,0.47075426437758255;5.371172332057537,16.5795681636937,2.275404858158624;17.01738932692288,3.949288472633914,1.0833734478179253;1.2152499625451305,9.264165891219097,0.6289695736007946;2.5152666477933683,4.227481450075309,0.31479177433064687;0.8812631632839998,12.985708095722533,0.4433356300474305;18.23134962994997,17.499124477037014,1.7140616004040665;14.70574069346987,10.138925022682221,0.4018617649899432;0.41828819810825524,18.647760106540918,0.22147400162659886;4.200221053635278,15.46778249624208,0.43191318400781337;6.298497731957038,17.535487675311437,0.9892719758789834"
25,drone_3,13.665,4.946,11.528,10.640,"14.927867894972593,1.9417923666224648,0.6851088007879556;9.581603859062518,1.7165682560455653,1.2502531594349593;9.390093762647613,15.472761448915204,2.171069838955237;19.533980818859707,17.049180100391123,0.27883058946767136;10.26526511140737,1.392277412259023,1.016178670844001;3.348893179695101,14.251866662958317,2.4185601003318604;3.4658463430243227,2.9891174118935857,0.21873102450163456;11.48626419771846,13.846024245365946,0.41596374877409237;5.718556999345342,8.252639224464476,0.3082740680827401;5.41842524027721,5.36907783143671,0.36053001055856554;5.263915430660201,12.511724220330363,0.47075426437758255;5.371172332057537,16.5795681636937,2.275404858158624;17.01738932692288,3.949288472633914,1.0833734478179253;1.2152499625451305,9.264165891219097,0.6289695736007946;2.5152666477933683,4.227481450075309,0.31479177433064687;0.8812631632839998,12.985708095722533,0.4433356300474305;18.23134962994997,17.499124477037014,1.7140616004040665;14.70574069346987,10.138925022682221,0.4018617649899432;0.41828819810825524,18.647760106540918,0.22147400162659886;4.200221053635278,15.46778249624208,0.43191318400781337;6.298497731957038,17.535487675311437,0.9892719758789834"
25,drone_4,8.108,9.580,11.528,10.640,"14.927867894972593,1.9417923666224648,0.6851088007879556;9.581603859062518,1.7165682560455653,1.2502531594349593;9.390093762647613,15.472761448915204,2.171069838955237;19.533980818859707,17.049180100391123,0.27883058946767136;10.26526511140737,1.392277412259023,1.016178670844001;3.348893179695101,14.251866662958317,2.4185601003318604;3.4658463430243227,2.9891174118935857,0.21873102450163456;11.48626419771846,13.846024245365946,0.41596374877409237;5.718556999345342,8.252639224464476,0.3082740680827401;5.41842524027721,5.36907783143671,0.36053001055856554;5.263915430660201,12.511724220330363,0.47075426437758255;5.371172332057537,16.5795681636937,2.275404858158624;17.01738932692288,3.949288472633914,1.0833734478179253;1.2152499625451305,9.264165891219097,0.6289695736007946;2.5152666477933683,4.227481450075309,0.31479177433064687;0.8812631632839998,12.985708095722533,0.4433356300474305;18.23134962994997,17.499124477037014,1.7140616004040665;14.70574069346987,10.138925022682221,0.4018617649899432;0.41828819810825524,18.647760106540918,0.22147400162659886;4.200221053635278,15.46778249624208,0.43191318400781337;6.298497731957038,17.535487675311437,0.9892719758789834"
25,drone_5,15.029,11.729,11.528,10.640,"14.927867894972593,1.9417923666224648,0.6851088007879556;9.581603859062518,1.7165682560455653,1.2502531594349593;9.390093762647613,15.472761448915204,2.171069838955237;19.533980818859707,17.049180100391123,0.27883058946767136;10.26526511140737,1.392277412259023,1.016178670844001;3.348893179695101,14.251866662958317,2.4185601003318604;3.4658463430243227,2.9891174118935857,0.21873102450163456;11.48626419771846,13.846024245365946,0.41596374877409237;5.718556999345342,8.252639224464476,0.3082740680827401;5.41842524027721,5.36907783143671,0.36053001055856554;5.263915430660201,12.511724220330363,0.47075426437758255;5.371172332057537,16.5795681636937,2.275404858158624;17.01738932692288,3.949288472633914,1.0833734478179253;1.2152499625451305,9.264165891219097,0.6289695736007946;2.5152666477933683,4.227481450075309,0.31479177433064687;0.8812631632839998,12.985708095722533,0.4433356300474305;18.23134962994997,17.499124477037014,1.7140616004040665;14.70574069346987,10.138925022682221,0.4018617649899432;0.41828819810825524,18.647760106540918,0.22147400162659886;4.200221053635278,15.46778249624208,0.43191318400781337;6.298497731957038,17.535487675311437,0.9892719758789834"
25,drone_6,11.189,7.047,11.528,10.640,"14.927867894972593,1.9417923666224648,0.6851088007879556;9.581603859062518,1.7165682560455653,1.2502531594349593;9.390093762647613,15.472761448915204,2.171069838955237;19.533980818859707,17.049180100391123,0.27883058946767136;10.26526511140737,1.392277412259023,1.016178670844001;3.348893179695101,14.251866662958317,2.4185601003318604;3.4658463430243227,2.9891174118935857,0.21873102450163456;11.48626419771846,13.846024245365946,0.41596374877409237;5.718556999345342,8.252639224464476,0.3082740680827401;5.41842524027721,5.36907783143671,0.36053001055856554;5.263915430660201,12.511724220330363,0.47075426437758255;5.371172332057537,16.5795681636937,2.275404858158624;17.01738932692288,3.949288472633914,1.0833734478179253;1.2152499625451305,9.264165891219097,0.6289695736007946;2.5152666477933683,4.227481450075309,0.31479177433064687;0.8812631632839998,12.985708095722533,0.4433356300474305;18.23134962994997,17.499124477037014,1.7140616004040665;14.70574069346987,10.138925022682221,0.4018617649899432;0.41828819810825524,18.647760106540918,0.22147400162659886;4.200221053635278,15.46778249624208,0.43191318400781337;6.298497731957038,17.535487675311437,0.9892719758789834"
25,drone_7,6.351,9.977,11.528,10.640,"14.927867894972593,1.9417923666224648,0.6851088007879556;9.581603859062518,1.7165682560455653,1.2502531594349593;9.390093762647613,15.472761448915204,2.171069838955237;19.533980818859707,17.049180100391123,0.27883058946767136;10.26526511140737,1.392277412259023,1.016178670844001;3.348893179695101,14.251866662958317,2.4185601003318604;3.4658463430243227,2.9891174118935857,0.21873102450163456;11.48626419771846,13.846024245365946,0.41596374877409237;5.718556999345342,8.252639224464476,0.3082740680827401;5.41842524027721,5.36907783143671,0.36053001055856554;5.263915430660201,12.511724220330363,0.47075426437758255;5.371172332057537,16.5795681636937,2.275404858158624;17.01738932692288,3.949288472633914,1.0833734478179253;1.2152499625451305,9.264165891219097,0.6289695736007946;2.5152666477933683,4.227481450075309,0.31479177433064687;0.8812631632839998,12.985708095722533,0.4433356300474305;18.23134962994997,17.499124477037014,1.7140616004040665;14.70574069346987,10.138925022682221,0.4018617649899432;0.41828819810825524,18.647760106540918,0.22147400162659886;4.200221053635278,15.46778249624208,0.43191318400781337;6.298497731957038,17.535487675311437,0.9892719758789834"
25,drone_8,4.479,7.150,11.528,10.640,"14.927867894972593,1.9417923666224648,0.6851088007879556;9.581603859062518,1.7165682560455653,1.2502531594349593;9.390093762647613,15.472761448915204,2.171069838955237;19.533980818859707,17.049180100391123,0.27883058946767136;10.26526511140737,1.392277412259023,1.016178670844001;3.348893179695101,14.251866662958317,2.4185601003318604;3.4658463430243227,2.9891174118935857,0.21873102450163456;11.48626419771846,13.846024245365946,0.41596374877409237;5.718556999345342,8.252639224464476,0.3082740680827401;5.41842524027721,5.36907783143671,0.36053001055856554;5.263915430660201,12.511724220330363,0.47075426437758255;5.371172332057537,16.5795681636937,2.275404858158624;17.01738932692288,3.949288472633914,1.0833734478179253;1.2152499625451305,9.264165891219097,0.6289695736007946;2.5152666477933683,4.227481450075309,0.31479177433064687;0.8812631632839998,12.985708095722533,0.4433356300474305;18.23134962994997,17.499124477037014,1.7140616004040665;14.70574069346987,10.138925022682221,0.4018617649899432;0.41828819810825524,18.647760106540918,0.22147400162659886;4.200221053635278,15.46778249624208,0.43191318400781337;6.298497731957038,17.535487675311437,0.9892719758789834"
25,drone_9,8.131,8.614,11.528,10.640,"14.927867894972593,1.9417923666224648,0.6851088007879556;9.581603859062518,1.7165682560455653,1.2502531594349593;9.390093762647613,15.472761448915204,2.171069838955237;19.533980818859707,17.049180100391123,0.27883058946767136;10.26526511140737,1.392277412259023,1.016178670844001;3.348893179695101,14.251866662958317,2.4185601003318604;3.4658463430243227,2.9891174118935857,0.21873102450163456;11.48626419771846,13.846024245365946,0.41596374877409237;5.718556999345342,8.252639224464476,0.3082740680827401;5.41842524027721,5.36907783143671,0.36053001055856554;5.263915430660201,12.511724220330363,0.47075426437758255;5.371172332057537,16.5795681636937,2.275404858158624;17.01738932692288,3.949288472633914,1.0833734478179253;1.2152499625451305,9.264165891219097,0.6289695736007946;2.5152666477933683,4.227481450075309,0.31479177433064687;0.8812631632839998,12.985708095722533,0.4433356300474305;18.23134962994997,17.499124477037014,1.7140616004040665;14.70574069346987,10.138925022682221,0.4018617649899432;0.41828819810825524,18.647760106540918,0.22147400162659886;4.200221053635278,15.46778249624208,0.43191318400781337;6.298497731957038,17.535487675311437,0.9892719758789834"
26,drone_0,15.291,10.999,11.528,10.640,"14.927867894972593,1.9417923666224648,0.6851088007879556;9.581603859062518,1.7165682560455653,1.2502531594349593;9.390093762647613,15.472761448915204,2.171069838955237;19.533980818859707,17.049180100391123,0.27883058946767136;10.26526511140737,1.392277412259023,1.016178670844001;3.348893179695101,14.251866662958317,2.4185601003318604;3.4658463430243227,2.9891174118935857,0.21873102450163456;11.48626419771846,13.846024245365946,0.41596374877409237;5.718556999345342,8.252639224464476,0.3082740680827401;5.41842524027721,5.36907783143671,0.36053001055856554;5.263915430660201,12.511724220330363,0.47075426437758255;5.371172332057537,16.5795681636937,2.275404858158624;17.01738932692288,3.949288472633914,1.0833734478179253;1.2152499625451305,9.264165891219097,0.6289695736007946;2.5152666477933683,4.227481450075309,0.31479177433064687;0.8812631632839998,12.985708095722533,0.4433356300474305;18.23134962994997,17.499124477037014,1.7140616004040665;14.70574069346987,10.138925022682221,0.4018617649899432;0.41828819810825524,18.647760106540918,0.22147400162659886;4.200221053635278,15.46778249624208,0.43191318400781337;6.298497731957038,17.535487675311437,0.9892719758789834"
26,drone_1,10.257,6.322,11.528,10.640,"14.927867894972593,1.9417923666224648,0.6851088007879556;9.581603859062518,1.7165682560455653,1.2502531594349593;9.390093762647613,15.472761448915204,2.171069838955237;19.533980818859707,17.049180100391123,0.27883058946767136;10.26526511140737,1.392277412259023,1.016178670844001;3.348893179695101,14.251866662958317,2.4185601003318604;3.4658463430243227,2.9891174118935857,0.21873102450163456;11.48626419771846,13.846024245365946,0.41596374877409237;5.718556999345342,8.252639224464476,0.3082740680827401;5.41842524027721,5.36907783143671,0.36053001055856554;5.263915430660201,12.511724220330363,0.47075426437758255;5.371172332057537,16.5795681636937,2.275404858158624;17.01738932692288,3.949288472633914,1.0833734478179253;1.2152499625451305,9.264165891219097,0.6289695736007946;2.5152666477933683,4.227481450075309,0.31479177433064687;0.8812631632839998,12.985708095722533,0.4433356300474305;18.23134962994997,17.499124477037014,1.7140616004040665;14.70574069346987,10.138925022682221,0.4018617649899432;0.41828819810825524,18.647760106540918,0.22147400162659886;4.200221053635278,15.46778249624208,0.43191318400781337;6.298497731957038,17.535487675311437,0.9892719758789834"
26,drone_2,6.251,4.705,11.528,10.640,"14.927867894972593,1.9417923666224648,0.6851088007879556;9.581603859062518,1.7165682560455653,1.2502531594349593;9.390093762647613,15.472761448915204,2.171069838955237;19.533980818859707,17.049180100391123,0.27883058946767136;10.26526511140737,1.392277412259023,1.016178670844001;3.348893179695101,14.251866662958317,2.4185601003318604;3.4658463430243227,2.9891174118935857,0.21873102450163456;11.48626419771846,13.846024245365946,0.41596374877409237;5.718556999345342,8.252639224464476,0.3082740680827401;5.41842524027721,5.36907783143671,0.36053001055856554;5.263915430660201,12.511724220330363,0.47075426437758255;5.371172332057537,16.5795681636937,2.275404858158624;17.01738932692288,3.949288472633914,1.0833734478179253;1.2152499625451305,9.264165891219097,0.6289695736007946;2.5152666477933683,4.227481450075309,0.31479177433064687;0.8812631632839998,12.985708095722533,0.4433356300474305;18.23134962994997,17.499124477037014,1.7140616004040665;14.70574069346987,10.138925022682221,0.4018617649899432;0.41828819810825524,18.647760106540918,0.22147400162659886;4.200221053635278,15.46778249624208,0.43191318400781337;6.298497731957038,17.535487675311437,0.9892719758789834"
26,drone_3,13.523,5.088,11.528,10.640,"14.927867894972593,1.9417923666224648,0.6851088007879556;9.581603859062518,1.7165682560455653,1.2502531594349593;9.390093762647613,15.472761448915204,2.171069838955237;19.533980818859707,17.049180100391123,0.27883058946767136;10.26526511140737,1.392277412259023,1.016178670844001;3.348893179695101,14.251866662958317,2.4185601003318604;3.4658463430243227,2.9891174118935857,0.21873102450163456;11.48626419771846,13.846024245365946,0.41596374877409237;5.718556999345342,8.252639224464476,0.3082740680827401;5.41842524027721,5.36907783143671,0.36053001055856554;5.263915430660201,12.511724220330363,0.47075426437758255;5.371172332057537,16.5795681636937,2.275404858158624;17.01738932692288,3.949288472633914,1.0833734478179253;1.2152499625451305,9.264165891219097,0.6289695736007946;2.5152666477933683,4.227481450075309,0.31479177433064687;0.8812631632839998,12.985708095722533,0.4433356300474305;18.23134962994997,17.499124477037014,1.7140616004040665;14.70574069346987,10.138925022682221,0.4018617649899432;0.41828819810825524,18.647760106540918,0.22147400162659886;4.200221053635278,15.46778249624208,0.43191318400781337;6.298497731957038,17.535487675311437,0.9892719758789834"
26,drone_4,8.263,9.656,11.528,10.640,"14.927867894972593,1.9417923666224648,0.6851088007879556;9.581603859062518,1.7165682560455653,1.2502531594349593;9.390093762647613,15.472761448915204,2.171069838955237;19.533980818859707,17.049180100391123,0.27883058946767136;10.26526511140737,1.392277412259023,1.016178670844001;3.348893179695101,14.251866662958317,2.4185601003318604;3.4658463430243227,2.9891174118935857,0.21873102450163456;11.48626419771846,13.846024245365946,0.41596374877409237;5.718556999345342,8.252639224464476,0.3082740680827401;5.41842524027721,5.36907783143671,0.36053001055856554;5.263915430660201,12.511724220330363,0.47075426437758255;5.371172332057537,16.5795681636937,2.275404858158624;17.01738932692288,3.949288472633914,1.0833734478179253;1.2152499625451305,9.264165891219097,0.6289695736007946;2.5152666477933683,4.227481450075309,0.31479177433064687;0.8812631632839998,12.985708095722533,0.4433356300474305;18.23134962994997,17.499124477037014,1.7140616004040665;14.70574069346987,10.138925022682221,0.4018617649899432;0.41828819810825524,18.647760106540918,0.22147400162659886;4.200221053635278,15.46778249624208,0.43191318400781337;6.298497731957038,17.535487675311437,0.9892719758789834"
26,drone_5,14.860,11.700,11.528,10.640,"14.927867894972593,1.9417923666224648,0.6851088007879556;9.581603859062518,1.7165682560455653,1.2502531594349593;9.390093762647613,15.472761448915204,2.171069838955237;19.533980818859707,17.049180100391123,0.27883058946767136;10.26526511140737,1.392277412259023,1.016178670844001;3.348893179695101,14.251866662958317,2.4185601003318604;3.4658463430243227,2.9891174118935857,0.21873102450163456;11.48626419771846,13.846024245365946,0.41596374877409237;5.718556999345342,8.252639224464476,0.3082740680827401;5.41842524027721,5.36907783143671,0.36053001055856554;5.263915430660201,12.511724220330363,0.47075426437758255;5.371172332057537,16.5795681636937,2.275404858158624;17.01738932692288,3.949288472633914,1.0833734478179253;1.2152499625451305,9.264165891219097,0.6289695736007946;2.5152666477933683,4.227481450075309,0.31479177433064687;0.8812631632839998,12.985708095722533,0.4433356300474305;18.23134962994997,17.499124477037014,1.7140616004040665;14.70574069346987,10.138925022682221,0.4018617649899432;0.41828819810825524,18.647760106540918,0.22147400162659886;4.200221053635278,15.46778249624208,0.43191318400781337;6.298497731957038,17.535487675311437,0.9892719758789834"
26,drone_6,11.330,7.189,11.528,10.640,"14.927867894972593,1.9417923666224648,0.6851088007879556;9.581603859062518,1.7165682560455653,1.2502531594349593;9.390093762647613,15.472761448915204,2.171069838955237;19.533980818859707,17.049180100391123,0.27883058946767136;10.26526511140737,1.392277412259023,1.016178670844001;3.348893179695101,14.251866662958317,2.4185601003318604;3.4658463430243227,2.9891174118935857,0.21873102450163456;11.48626419771846,13.846024245365946,0.41596374877409237;5.718556999345342,8.252639224464476,0.3082740680827401;5.41842524027721,5.36907783143671,0.36053001055856554;5.263915430660201,12.511724220330363,0.47075426437758255;5.371172332057537,16.5795681636937,2.275404858158624;17.01738932692288,3.949288472633914,1.0833734478179253;1.2152499625451305,9.264165891219097,0.6289695736007946;2.5152666477933683,4.227481450075309,0.31479177433064687;0.8812631632839998,12.985708095722533,0.4433356300474305;18.23134962994997,17.499124477037014,1.7140616004040665;14.70574069346987,10.138925022682221,0.4018617649899432;0.41828819810825524,18.647760106540918,0.22147400162659886;4.200221053635278,15.46778249624208,0.43191318400781337;6.298497731957038,17.535487675311437,0.9892719758789834"
26,drone_7,6.551,9.959,11.528,10.640,"14.927867894972593,1.9417923666224648,0.6851088007879556;9.581603859062518,1.7165682560455653,1.2502531594349593;9.390093762647613,15.472761448915204,2.171069838955237;19.533980818859707,17.049180100391123,0.27883058946767136;10.26526511140737,1.392277412259023,1.016178670844001;3.348893179695101,14.251866662958317,2.4185601003318604;3.4658463430243227,2.9891174118935857,0.21873102450163456;11.48626419771846,13.846024245365946,0.41596374877409237;5.718556999345342,8.252639224464476,0.3082740680827401;5.41842524027721,5.36907783143671,0.36053001055856554;5.263915430660201,12.511724220330363,0.47075426437758255;5.371172332057537,16.5795681636937,2.275404858158624;17.01738932692288,3.949288472633914,1.0833734478179253;1.2152499625451305,9.264165891219097,0.6289695736007946;2.5152666477933683,4.227481450075309,0.31479177433064687;0.8812631632839998,12.985708095722533,0.4433356300474305;18.23134962994997,17.499124477037014,1.7140616004040665;14.70574069346987,10.138925022682221,0.4018617649899432;0.41828819810825524,18.647760106540918,0.22147400162659886;4.200221053635278,15.46778249624208,0.43191318400781337;6.298497731957038,17.535487675311437,0.9892719758789834"
26,drone_8,4.670,7.210,11.528,10.640,"14.927867894972593,1.9417923666224648,0.6851088007879556;9.581603859062518,1.7165682560455653,1.2502531594349593;9.390093762647613,15.472761448915204,2.171069838955237;19.533980818859707,17.049180100391123,0.27883058946767136;10.26526511140737,1.392277412259023,1.016178670844001;3.348893179695101,14.251866662958317,2.4185601003318604;3.4658463430243227,2.9891174118935857,0.21873102450163456;11.48626419771846,13.846024245365946,0.41596374877409237;5.718556999345342,8.252639224464476,0.3082740680827401;5.41842524027721,5.36907783143671,0.36053001055856554;5.263915430660201,12.511724220330363,0.47075426437758255;5.371172332057537,16.5795681636937,2.275404858158624;17.01738932692288,3.949288472633914,1.0833734478179253;1.2152499625451305,9.264165891219097,0.6289695736007946;2.5152666477933683,4.227481450075309,0.31479177433064687;0.8812631632839998,12.985708095722533,0.4433356300474305;18.23134962994997,17.499124477037014,1.7140616004040665;14.70574069346987,10.138925022682221,0.4018617649899432;0.41828819810825524,18.647760106540918,0.22147400162659886;4.200221053635278,15.46778249624208,0.43191318400781337;6.298497731957038,17.535487675311437,0.9892719758789834"
26,drone_9,8.323,8.671,11.528,10.640,"14.927867894972593,1.9417923666224648,0.6851088007879556;9.581603859062518,1.7165682560455653,1.2502531594349593;9.390093762647613,15.472761448915204,2.171069838955237;19.533980818859707,17.049180100391123,0.27883058946767136;10.26526511140737,1.392277412259023,1.016178670844001;3.348893179695101,14.251866662958317,2.4185601003318604;3.4658463430243227,2.9891174118935857,0.21873102450163456;11.48626419771846,13.846024245365946,0.41596374877409237;5.718556999345342,8.252639224464476,0.3082740680827401;5.41842524027721,5.36907783143671,0.36053001055856554;5.263915430660201,12.511724220330363,0.47075426437758255;5.371172332057537,16.5795681636937,2.275404858158624;17.01738932692288,3.949288472633914,1.0833734478179253;1.2152499625451305,9.264165891219097,0.6289695736007946;2.5152666477933683,4.227481450075309,0.31479177433064687;0.8812631632839998,12.985708095722533,0.4433356300474305;18.23134962994997,17.499124477037014,1.7140616004040665;14.70574069346987,10.138925022682221,0.4018617649899432;0.41828819810825524,18.647760106540918,0.22147400162659886;4.200221053635278,15.46778249624208,0.43191318400781337;6.298497731957038,17.535487675311437,0.9892719758789834"
27,drone_0,15.169,11.120,11.528,10.640,"14.927867894972593,1.9417923666224648,0.6851088007879556;9.581603859062518,1.7165682560455653,1.2502531594349593;9.390093762647613,15.472761448915204,2.171069838955237;19.533980818859707,17.049180100391123,0.27883058946767136;10.26526511140737,1.392277412259023,1.016178670844001;3.348893179695101,14.251866662958317,2.4185601003318604;3.4658463430243227,2.9891174118935857,0.21873102450163456;11.48626419771846,13.846024245365946,0.41596374877409237;5.718556999345342,8.252639224464476,0.3082740680827401;5.41842524027721,5.36907783143671,0.36053001055856554;5.263915430660201,12.511724220330363,0.47075426437758255;5.371172332057537,16.5795681636937,2.275404858158624;17.01738932692288,3.949288472633914,1.0833734478179253;1.2152499625451305,9.264165891219097,0.6289695736007946;2.5152666477933683,4.227481450075309,0.31479177433064687;0.8812631632839998,12.985708095722533,0.4433356300474305;18.23134962994997,17.499124477037014,1.7140616004040665;14.70574069346987,10.138925022682221,0.4018617649899432;0.41828819810825524,18.647760106540918,0.22147400162659886;4.200221053635278,15.46778249624208,0.43191318400781337;6.298497731957038,17.535487675311437,0.9892719758789834"
27,drone_1,10.399,6.464,11.528,10.640,"14.927867894972593,1.9417923666224648,0.6851088007879556;9.581603859062518,1.7165682560455653,1.2502531594349593;9.390093762647613,15.472761448915204,2.171069838955237;19.533980818859707,17.049180100391123,0.27883058946767136;10.26526511140737,1.392277412259023,1.016178670844001;3.348893179695101,14.251866662958317,2.4185601003318604;3.4658463430243227,2.9891174118935857,0.21873102450163456;11.48626419771846,13.846024245365946,0.41596374877409237;5.718556999345342,8.252639224464476,0.3082740680827401;5.41842524027721,5.36907783143671,0.36053001055856554;5.263915430660201,12.511724220330363,0.47075426437758255;5.371172332057537,16.5795681636937,2.275404858158624;17.01738932692288,3.949288472633914,1.0833734478179253;1.2152499625451305,9.264165891219097,0.6289695736007946;2.5152666477933683,4.227481450075309,0.31479177433064687;0.8812631632839998,12.985708095722533,0.4433356300474305;18.23134962994997,17.499124477037014,1.7140616004040665;14.70574069346987,10.138925022682221,0.4018617649899432;0.41828819810825524,18.647760106540918,0.22147400162659886;4.200221053635278,15.46778249624208,0.43191318400781337;6.298497731957038,17.535487675311437,0.9892719758789834"
27,drone_2,6.393,4.846,11.528,10.640,"14.927867894972593,1.9417923666224648,0.6851088007879556;9.581603859062518,1.7165682560455653,1.2502531594349593;9.390093762647613,15.472761448915204,2.171069838955237;19.533980818859707,17.049180100391123,0.27883058946767136;10.26526511140737,1.392277412259023,1.016178670844001;3.348893179695101,14.251866662958317,2.4185601003318604;3.4658463430243227,2.9891174118935857,0.21873102450163456;11.48626419771846,13.846024245365946,0.41596374877409237;5.718556999345342,8.252639224464476,0.3082740680827401;5.41842524027721,5.36907783143671,0.36053001055856554;5.263915430660201,12.511724220330363,0.47075426437758255;5.371172332057537,16.5795681636937,2.275404858158624;17.01738932692288,3.949288472633914,1.0833734478179253;1.2152499625451305,9.264165891219097,0.6289695736007946;2.5152666477933683,4.227481450075309,0.31479177433064687;0.8812631632839998,12.985708095722533,0.4433356300474305;18.23134962994997,17.499124477037014,1.7140616004040665;14.70574069346987,10.138925022682221,0.4018617649899432;0.41828819810825524,18.647760106540918,0.22147400162659886;4.200221053635278,15.46778249624208,0.43191318400781337;6.298497731957038,17.535487675311437,0.9892719758789834"
27,drone_3,13.382,5.229,11.528,10.640,"14.927867894972593,1.9417923666224648,0.6851088007879556;9.581603859062518,1.7165682560455653,1.2502531594349593;9.390093762647613,15.472761448915204,2.171069838955237;19.533980818859707,17.049180100391123,0.27883058946767136;10.26526511140737,1.392277412259023,1.016178670844001;3.348893179695101,14.251866662958317,2.4185601003318604;3.4658463430243227,2.9891174118935857,0.21873102450163456;11.48626419771846,13.846024245365946,0.41596374877409237;5.718556999345342,8.252639224464476,0.3082740680827401;5.41842524027721,5.36907783143671,0.36053001055856554;5.263915430660201,12.511724220330363,0.47075426437758255;5.371172332057537,16.5795681636937,2.275404858158624;17.01738932692288,3.949288472633914,1.0833734478179253;1.2152499625451305,9.264165891219097,0.6289695736007946;2.5152666477933683,4.227481450075309,0.31479177433064687;0.8812631632839998,12.985708095722533,0.4433356300474305;18.23134962994997,17.499124477037014,1.7140616004040665;14.70574069346987,10.138925022682221,0.4018617649899432;0.41828819810825524,18.647760106540918,0.22147400162659886;4.200221053635278,15.46778249624208,0.43191318400781337;6.298497731957038,17.535487675311437,0.9892719758789834"
27,drone_4,8.434,9.640,11.528,10.640,"14.927867894972593,1.9417923666224648,0.6851088007879556;9.581603859062518,1.7165682560455653,1.2502531594349593;9.390093762647613,15.472761448915204,2.171069838955237;19.533980818859707,17.049180100391123,0.27883058946767136;10.26526511140737,1.392277412259023,1.016178670844001;3.348893179695101,14.251866662958317,2.4185601003318604;3.4658463430243227,2.9891174118935857,0.21873102450163456;11.48626419771846,13.846024245365946,0.41596374877409237;5.718556999345342,8.252639224464476,0.3082740680827401;5.41842524027721,5.36907783143671,0.36053001055856554;5.263915430660201,12.511724220330363,0.47075426437758255;5.371172332057537,16.5795681636937,2.275404858158624;17.01738932692288,3.949288472633914,1.0833734478179253;1.2152499625451305,9.264165891219097,0.6289695736007946;2.5152666477933683,4.227481450075309,0.31479177433064687;0.8812631632839998,12.985708095722533,0.4433356300474305;18.23134962994997,17.499124477037014,1.7140616004040665;14.70574069346987,10.138925022682221,0.4018617649899432;0.41828819810825524,18.647760106540918,0.22147400162659886;4.200221053635278,15.46778249624208,0.43191318400781337;6.298497731957038,17.535487675311437,0.9892719758789834"
27,drone_5,14.704,11.625,11.528,10.640,"14.927867894972593,1.9417923666224648,0.6851088007879556;9.581603859062518,1.7165682560455653,1.2502531594349593;9.390093762647613,15.472761448915204,2.171069838955237;19.533980818859707,17.049180100391123,0.27883058946767136;10.26526511140737,1.392277412259023,1.016178670844001;3.348893179695101,14.251866662958317,2.4185601003318604;3.4658463430243227,2.9891174118935857,0.21873102450163456;11.48626419771846,13.846024245365946,0.41596374877409237;5.718556999345342,8.252639224464476,0.3082740680827401;5.41842524027721,5.36907783143671,0.36053001055856554;5.263915430660201,12.511724220330363,0.47075426437758255;5.371172332057537,16.5795681636937,2.275404858158624;17.01738932692288,3.949288472633914,1.0833734478179253;1.2152499625451305,9.264165891219097,0.6289695736007946;2.5152666477933683,4.227481450075309,0.31479177433064687;0.8812631632839998,12.985708095722533,0.4433356300474305;18.23134962994997,17.499124477037014,1.7140616004040665;14.70574069346987,10.138925022682221,0.4018617649899432;0.41828819810825524,18.647760106540918,0.22147400162659886;4.200221053635278,15.46778249624208,0.43191318400781337;6.298497731957038,17.535487675311437,0.9892719758789834"
27,drone_6,11.472,7.330,11.528,10.640,"14.927867894972593,1.9417923666224648,0.6851088007879556;9.581603859062518,1.7165682560455653,1.2502531594349593;9.390093762647613,15.472761448915204,2.171069838955237;19.533980818859707,17.049180100391123,0.27883058946767136;10.26526511140737,1.392277412259023,1.016178670844001;3.348893179695101,14.251866662958317,2.4185601003318604;3.4658463430243227,2.9891174118935857,0.21873102450163456;11.48626419771846,13.846024245365946,0.41596374877409237;5.718556999345342,8.252639224464476,0.3082740680827401;5.41842524027721,5.36907783143671,0.36053001055856554;5.263915430660201,12.511724220330363,0.47075426437758255;5.371172332057537,16.5795681636937,2.275404858158624;17.01738932692288,3.949288472633914,1.0833734478179253;1.2152499625451305,9.264165891219097,0.6289695736007946;2.5152666477933683,4.227481450075309,0.31479177433064687;0.8812631632839998,12.985708095722533,0.4433356300474305;18.23134962994997,17.499124477037014,1.7140616004040665;14.70574069346987,10.138925022682221,0.4018617649899432;0.41828819810825524,18.647760106540918,0.22147400162659886;4.200221053635278,15.46778249624208,0.43191318400781337;6.298497731957038,17.535487675311437,0.9892719758789834"
27,drone_7,6.743,10.011,11.528,10.640,"14.927867894972593,1.9417923666224648,0.6851088007879556;9.581603859062518,1.7165682560455653,1.2502531594349593;9.390093762647613,15.472761448915204,2.171069838955237;19.533980818859707,17.049180100391123,0.27883058946767136;10.26526511140737,1.392277412259023,1.016178670844001;3.348893179695101,14.251866662958317,2.4185601003318604;3.4658463430243227,2.9891174118935857,0.21873102450163456;11.48626419771846,13.846024245365946,0.41596374877409237;5.718556999345342,8.252639224464476,0.3082740680827401;5.41842524027721,5.36907783143671,0.36053001055856554;5.263915430660201,12.511724220330363,0.47075426437758255;5.371172332057537,16.5795681636937,2.275404858158624;17.01738932692288,3.949288472633914,1.0833734478179253;1.2152499625451305,9.264165891219097,0.6289695736007946;2.5152666477933683,4.227481450075309,0.31479177433064687;0.8812631632839998,12.985708095722533,0.4433356300474305;18.23134962994997,17.499124477037014,1.7140616004040665;14.70574069346987,10.138925022682221,0.4018617649899432;0.41828819810825524,18.647760106540918,0.22147400162659886;4.200221053635278,15.46778249624208,0.43191318400781337;6.298497731957038,17.535487675311437,0.9892719758789834"
27,drone_8,4.868,7.183,11.528,10.640,"14.927867894972593,1.9417923666224648,0.6851088007879556;9.581603859062518,1.7165682560455653,1.2502531594349593;9.390093762647613,15.472761448915204,2.171069838955237;19.533980818859707,17.049180100391123,0.27883058946767136;10.26526511140737,1.392277412259023,1.016178670844001;3.348893179695101,14.251866662958317,2.4185601003318604;3.4658463430243227,2.9891174118935857,0.21873102450163456;11.48626419771846,13.846024245365946,0.41596374877409237;5.718556999345342,8.252639224464476,0.3082740680827401;5.41842524027721,5.36907783143671,0.36053001055856554;5.263915430660201,12.511724220330363,0.47075426437758255;5.371172332057537,16.5795681636937,2.275404858158624;17.01738932692288,3.949288472633914,1.0833734478179253;1.2152499625451305,9.264165891219097,0.6289695736007946;2.5152666477933683,4.227481450075309,0.31479177433064687;0.8812631632839998,12.985708095722533,0.4433356300474305;18.23134962994997,17.499124477037014,1.7140616004040665;14.70574069346987,10.138925022682221,0.4018617649899432;0.41828819810825524,18.647760106540918,0.22147400162659886;4.200221053635278,15.46778249624208,0.43191318400781337;6.298497731957038,17.535487675311437,0.9892719758789834"
27,drone_9,8.493,8.646,11.528,10.640,"14.927867894972593,1.9417923666224648,0.6851088007879556;9.581603859062518,1.7165682560455653,1.2502531594349593;9.390093762647613,15.472761448915204,2.171069838955237;19.533980818859707,17.049180100391123,0.27883058946767136;10.26526511140737,1.392277412259023,1.016178670844001;3.348893179695101,14.251866662958317,2.4185601003318604;3.4658463430243227,2.9891174118935857,0.21873102450163456;11.48626419771846,13.846024245365946,0.41596374877409237;5.718556999345342,8.252639224464476,0.3082740680827401;5.41842524027721,5.36907783143671,0.36053001055856554;5.263915430660201,12.511724220330363,0.47075426437758255;5.371172332057537,16.5795681636937,2.275404858158624;17.01738932692288,3.949288472633914,1.0833734478179253;1.2152499625451305,9.264165891219097,0.6289695736007946;2.5152666477933683,4.227481450075309,0.31479177433064687;0.8812631632839998,12.985708095722533,0.4433356300474305;18.23134962994997,17.499124477037014,1.7140616004040665;14.70574069346987,10.138925022682221,0.4018617649899432;0.41828819810825524,18.647760106540918,0.22147400162659886;4.200221053635278,15.46778249624208,0.43191318400781337;6.298497731957038,17.535487675311437,0.9892719758789834"
28,drone_0,14.998,11.137,11.528,10.640,"14.927867894972593,1.9417923666224648,0.6851088007879556;9.581603859062518,1.7165682560455653,1.2502531594349593;9.390093762647613,15.472761448915204,2.171069838955237;19.533980818859707,17.049180100391123,0.27883058946767136;10.26526511140737,1.392277412259023,1.016178670844001;3.348893179695101,14.251866662958317,2.4185601003318604;3.4658463430243227,2.9891174118935857,0.21873102450163456;11.48626419771846,13.846024245365946,0.41596374877409237;5.718556999345342,8.252639224464476,0.3082740680827401;5.41842524027721,5.36907783143671,0.36053001055856554;5.263915430660201,12.511724220330363,0.47075426437758255;5.371172332057537,16.5795681636937,2.275404858158624;17.01738932692288,3.949288472633914,1.0833734478179253;1.2152499625451305,9.264165891219097,0.6289695736007946;2.5152666477933683,4.227481450075309,0.31479177433064687;0.8812631632839998,12.985708095722533,0.4433356300474305;18.23134962994997,17.499124477037014,1.7140616004040665;14.70574069346987,10.138925022682221,0.4018617649899432;0.41828819810825524,18.647760106540918,0.22147400162659886;4.200221053635278,15.46778249624208,0.43191318400781337;6.298497731957038,17.535487675311437,0.9892719758789834"
28,drone_1,10.540,6.605,11.528,10.640,"14.927867894972593,1.9417923666224648,0.6851088007879556;9.581603859062518,1.7165682560455653,1.2502531594349593;9.390093762647613,15.472761448915204,2.171069838955237;19.533980818859707,17.049180100391123,0.27883058946767136;10.26526511140737,1.392277412259023,1.016178670844001;3.348893179695101,14.251866662958317,2.4185601003318604;3.4658463430243227,2.9891174118935857,0.21873102450163456;11.48626419771846,13.846024245365946,0.41596374877409237;5.718556999345342,8.252639224464476,0.3082740680827401;5.41842524027721,5.36907783143671,0.36053001055856554;5.263915430660201,12.511724220330363,0.47075426437758255;5.371172332057537,16.5795681636937,2.275404858158624;17.01738932692288,3.949288472633914,1.0833734478179253;1.2152499625451305,9.264165891219097,0.6289695736007946;2.5152666477933683,4.227481450075309,0.31479177433064687;0.8812631632839998,12.985708095722533,0.4433356300474305;18.23134962994997,17.499124477037014,1.7140616004040665;14.70574069346987,10.138925022682221,0.4018617649899432;0.41828819810825524,18.647760106540918,0.22147400162659886;4.200221053635278,15.46778249624208,0.43191318400781337;6.298497731957038,17.535487675311437,0.9892719758789834"
28,drone_2,6.534,4.987,11.528,10.640,"14.927867894972593,1.9417923666224648,0.6851088007879556;9.581603859062518,1.7165682560455653,1.2502531594349593;9.390093762647613,15.472761448915204,2.171069838955237;19.533980818859707,17.049180100391123,0.27883058946767136;10.26526511140737,1.392277412259023,1.016178670844001;3.348893179695101,14.251866662958317,2.4185601003318604;3.4658463430243227,2.9891174118935857,0.21873102450163456;11.48626419771846,13.846024245365946,0.41596374877409237;5.718556999345342,8.252639224464476,0.3082740680827401;5.41842524027721,5.36907783143671,0.36053001055856554;5.263915430660201,12.511724220330363,0.47075426437758255;5.371172332057537,16.5795681636937,2.275404858158624;17.01738932692288,3.949288472633914,1.0833734478179253;1.2152499625451305,9.264165891219097,0.6289695736007946;2.5152666477933683,4.227481450075309,0.31479177433064687;0.8812631632839998,12.985708095722533,0.4433356300474305;18.23134962994997,17.499124477037014,1.7140616004040665;14.70574069346987,10.138925022682221,0.4018617649899432;0.41828819810825524,18.647760106540918,0.22147400162659886;4.200221053635278,15.46778249624208,0.43191318400781337;6.298497731957038,17.535487675311437,0.9892719758789834"
28,drone_3,13.240,5.371,11.528,10.640,"14.927867894972593,1.9417923666224648,0.6851088007879556;9.581603859062518,1.7165682560455653,1.2502531594349593;9.390093762647613,15.472761448915204,2.171069838955237;19.533980818859707,17.049180100391123,0.27883058946767136;10.26526511140737,1.392277412259023,1.016178670844001;3.348893179695101,14.251866662958317,2.4185601003318604;3.4658463430243227,2.9891174118935857,0.21873102450163456;11.48626419771846,13.846024245365946,0.41596374877409237;5.718556999345342,8.252639224464476,0.3082740680827401;5.41842524027721,5.36907783143671,0.36053001055856554;5.263915430660201,12.511724220330363,0.47075426437758255;5.371172332057537,16.5795681636937,2.275404858158624;17.01738932692288,3.949288472633914,1.0833734478179253;1.2152499625451305,9.264165891219097,0.6289695736007946;2.5152666477933683,4.227481450075309,0.31479177433064687;0.8812631632839998,12.985708095722533,0.4433356300474305;18.23134962994997,17.499124477037014,1.7140616004040665;14.70574069346987,10.138925022682221,0.4018617649899432;0.41828819810825524,18.647760106540918,0.22147400162659886;4.200221053635278,15.46778249624208,0.43191318400781337;6.298497731957038,17.535487675311437,0.9892719758789834"
28,drone_4,8.599,9.690,11.528,10.640,"14.927867894972593,1.9417923666224648,0.6851088007879556;9.581603859062518,1.7165682560455653,1.2502531594349593;9.390093762647613,15.472761448915204,2.171069838955237;19.533980818859707,17.049180100391123,0.27883058946767136;10.26526511140737,1.392277412259023,1.016178670844001;3.348893179695101,14.251866662958317,2.4185601003318604;3.4658463430243227,2.9891174118935857,0.21873102450163456;11.48626419771846,13.846024245365946,0.41596374877409237;5.718556999345342,8.252639224464476,0.3082740680827401;5.41842524027721,5.36907783143671,0.36053001055856554;5.263915430660201,12.511724220330363,0.47075426437758255;5.371172332057537,16.5795681636937,2.275404858158624;17.01738932692288,3.949288472633914,1.0833734478179253;1.2152499625451305,9.264165891219097,0.6289695736007946;2.5152666477933683,4.227481450075309,0.31479177433064687;0.8812631632839998,12.985708095722533,0.4433356300474305;18.23134962994997,17.499124477037014,1.7140616004040665;14.70574069346987,10.138925022682221,0.4018617649899432;0.41828819810825524,18.647760106540918,0.22147400162659886;4.200221053635278,15.46778249624208,0.43191318400781337;6.298497731957038,17.535487675311437,0.9892719758789834"
28,drone_5,14.533,11.642,11.528,10.640,"14.927867894972593,1.9417923666224648,0.6851088007879556;9.581603859062518,1.7165682560455653,1.2502531594349593;9.390093762647613,15.472761448915204,2.171069838955237;19.533980818859707,17.049180100391123,0.27883058946767136;10.26526511140737,1.392277412259023,1.016178670844001;3.348893179695101,14.251866662958317,2.4185601003318604;3.4658463430243227,2.9891174118935857,0.21873102450163456;11.48626419771846,13.846024245365946,0.41596374877409237;5.718556999345342,8.252639224464476,0.3082740680827401;5.41842524027721,5.36907783143671,0.36053001055856554;5.263915430660201,12.511724220330363,0.47075426437758255;5.371172332057537,16.5795681636937,2.275404858158624;17.01738932692288,3.949288472633914,1.0833734478179253;1.2152499625451305,9.264165891219097,0.6289695736007946;2.5152666477933683,4.227481450075309,0.31479177433064687;0.8812631632839998,12.985708095722533,0.4433356300474305;18.23134962994997,17.499124477037014,1.7140616004040665;14.70574069346987,10.138925022682221,0.4018617649899432;0.41828819810825524,18.647760106540918,0.22147400162659886;4.200221053635278,15.46778249624208,0.43191318400781337;6.298497731957038,17.535487675311437,0.9892719758789834"
28,drone_6,11.613,7.472,11.528,10.640,"14.927867894972593,1.9417923666224648,0.6851088007879556;9.581603859062518,1.7165682560455653,1.2502531594349593;9.390093762647613,15.472761448915204,2.171069838955237;19.533980818859707,17.049180100391123,0.27883058946767136;10.26526511140737,1.392277412259023,1.016178670844001;3.348893179695101,14.251866662958317,2.4185601003318604;3.4658463430243227,2.9891174118935857,0.21873102450163456;11.48626419771846,13.846024245365946,0.41596374877409237;5.718556999345342,8.252639224464476,0.3082740680827401;5.41842524027721,5.36907783143671,0.36053001055856554;5.263915430660201,12.511724220330363,0.47075426437758255;5.371172332057537,16.5795681636937,2.275404858158624;17.01738932692288,3.949288472633914,1.0833734478179253;1.2152499625451305,9.264165891219097,0.6289695736007946;2.5152666477933683,4.227481450075309,0.31479177433064687;0.8812631632839998,12.985708095722533,0.4433356300474305;18.23134962994997,17.499124477037014,1.7140616004040665;14.70574069346987,10.138925022682221,0.4018617649899432;0.41828819810825524,18.647760106540918,0.22147400162659886;4.200221053635278,15.46778249624208,0.43191318400781337;6.298497731957038,17.535487675311437,0.9892719758789834"
28,drone_7,6.941,9.979,11.528,10.640,"14.927867894972593,1.9417923666224648,0.6851088007879556;9.581603859062518,1.7165682560455653,1.2502531594349593;9.390093762647613,15.472761448915204,2.171069838955237;19.533980818859707,17.049180100391123,0.27883058946767136;10.26526511140737,1.392277412259023,1.016178670844001;3.348893179695101,14.251866662958317,2.4185601003318604;3.4658463430243227,2.9891174118935857,0.21873102450163456;11.48626419771846,13.846024245365946,0.41596374877409237;5.718556999345342,8.252639224464476,0.3082740680827401;5.41842524027721,5.36907783143671,0.36053001055856554;5.263915430660201,12.511724220330363,0.47075426437758255;5.371172332057537,16.5795681636937,2.275404858158624;17.01738932692288,3.949288472633914,1.0833734478179253;1.2152499625451305,9.264165891219097,0.6289695736007946;2.5152666477933683,4.227481450075309,0.31479177433064687;0.8812631632839998,12.985708095722533,0.4433356300474305;18.23134962994997,17.499124477037014,1.7140616004040665;14.70574069346987,10.138925022682221,0.4018617649899432;0.41828819810825524,18.647760106540918,0.22147400162659886;4.200221053635278,15.46778249624208,0.43191318400781337;6.298497731957038,17.535487675311437,0.9892719758789834"
28,drone_8,5.062,7.230,11.528,10.640,"14.927867894972593,1.9417923666224648,0.6851088007879556;9.581603859062518,1.7165682560455653,1.2502531594349593;9.390093762647613,15.472761448915204,2.171069838955237;19.533980818859707,17.049180100391123,0.27883058946767136;10.26526511140737,1.392277412259023,1.016178670844001;3.348893179695101,14.251866662958317,2.4185601003318604;3.4658463430243227,2.9891174118935857,0.21873102450163456;11.48626419771846,13.846024245365946,0.41596374877409237;5.718556999345342,8.252639224464476,0.3082740680827401;5.41842524027721,5.36907783143671,0.36053001055856554;5.263915430660201,12.511724220330363,0.47075426437758255;5.371172332057537,16.5795681636937,2.275404858158624;17.01738932692288,3.949288472633914,1.0833734478179253;1.2152499625451305,9.264165891219097,0.6289695736007946;2.5152666477933683,4.227481450075309,0.31479177433064687;0.8812631632839998,12.985708095722533,0.4433356300474305;18.23134962994997,17.499124477037014,1.7140616004040665;14.70574069346987,10.138925022682221,0.4018617649899432;0.41828819810825524,18.647760106540918,0.22147400162659886;4.200221053635278,15.46778249624208,0.43191318400781337;6.298497731957038,17.535487675311437,0.9892719758789834"
28,drone_9,8.686,8.699,11.528,10.640,"14.927867894972593,1.9417923666224648,0.6851088007879556;9.581603859062518,1.7165682560455653,1.2502531594349593;9.390093762647613,15.472761448915204,2.171069838955237;19.533980818859707,17.049180100391123,0.27883058946767136;10.26526511140737,1.392277412259023,1.016178670844001;3.348893179695101,14.251866662958317,2.4185601003318604;3.4658463430243227,2.9891174118935857,0.21873102450163456;11.48626419771846,13.846024245365946,0.41596374877409237;5.718556999345342,8.252639224464476,0.3082740680827401;5.41842524027721,5.36907783143671,0.36053001055856554;5.263915430660201,12.511724220330363,0.47075426437758255;5.371172332057537,16.5795681636937,2.275404858158624;17.01738932692288,3.949288472633914,1.0833734478179253;1.2152499625451305,9.264165891219097,0.6289695736007946;2.5152666477933683,4.227481450075309,0.31479177433064687;0.8812631632839998,12.985708095722533,0.4433356300474305;18.23134962994997,17.499124477037014,1.7140616004040665;14.70574069346987,10.138925022682221,0.4018617649899432;0.41828819810825524,18.647760106540918,0.22147400162659886;4.200221053635278,15.46778249624208,0.43191318400781337;6.298497731957038,17.535487675311437,0.9892719758789834"
29,drone_0,14.833,11.087,11.528,10.640,"14.927867894972593,1.9417923666224648,0.6851088007879556;9.581603859062518,1.7165682560455653,1.2502531594349593;9.390093762647613,15.472761448915204,2.171069838955237;19.533980818859707,17.049180100391123,0.27883058946767136;10.26526511140737,1.392277412259023,1.016178670844001;3.348893179695101,14.251866662958317,2.4185601003318604;3.4658463430243227,2.9891174118935857,0.21873102450163456;11.48626419771846,13.846024245365946,0.41596374877409237;5.718556999345342,8.252639224464476,0.3082740680827401;5.41842524027721,5.36907783143671,0.36053001055856554;5.263915430660201,12.511724220330363,0.47075426437758255;5.371172332057537,16.5795681636937,2.275404858158624;17.01738932692288,3.949288472633914,1.0833734478179253;1.2152499625451305,9.264165891219097,0.6289695736007946;2.5152666477933683,4.227481450075309,0.31479177433064687;0.8812631632839998,12.985708095722533,0.4433356300474305;18.23134962994997,17.499124477037014,1.7140616004040665;14.70574069346987,10.138925022682221,0.4018617649899432;0.41828819810825524,18.647760106540918,0.22147400162659886;4.200221053635278,15.46778249624208,0.43191318400781337;6.298497731957038,17.535487675311437,0.9892719758789834"
29,drone_1,10.681,6.747,11.528,10.640,"14.927867894972593,1.9417923666224648,0.6851088007879556;9.581603859062518,1.7165682560455653,1.2502531594349593;9.390093762647613,15.472761448915204,2.171069838955237;19.533980818859707,17.049180100391123,0.27883058946767136;10.26526511140737,1.392277412259023,1.016178670844001;3.348893179695101,14.251866662958317,2.4185601003318604;3.4658463430243227,2.9891174118935857,0.21873102450163456;11.48626419771846,13.846024245365946,0.41596374877409237;5.718556999345342,8.252639224464476,0.3082740680827401;5.41842524027721,5.36907783143671,0.36053001055856554;5.263915430660201,12.511724220330363,0.47075426437758255;5.371172332057537,16.5795681636937,2.275404858158624;17.01738932692288,3.949288472633914,1.0833734478179253;1.2152499625451305,9.264165891219097,0.6289695736007946;2.5152666477933683,4.227481450075309,0.31479177433064687;0.8812631632839998,12.985708095722533,0.4433356300474305;18.23134962994997,17.499124477037014,1.7140616004040665;14.70574069346987,10.138925022682221,0.4018617649899432;0.41828819810825524,18.647760106540918,0.22147400162659886;4.200221053635278,15.46778249624208,0.43191318400781337;6.298497731957038,17.535487675311437,0.9892719758789834"
29,drone_2,6.675,5.129,11.528,10.640,"14.927867894972593,1.9417923666224648,0.6851088007879556;9.581603859062518,1.7165682560455653,1.2502531594349593;9.390093762647613,15.472761448915204,2.171069838955237;19.533980818859707,17.049180100391123,0.27883058946767136;10.26526511140737,1.392277412259023,1.016178670844001;3.348893179695101,14.251866662958317,2.4185601003318604;3.4658463430243227,2.9891174118935857,0.21873102450163456;11.48626419771846,13.846024245365946,0.41596374877409237;5.718556999345342,8.252639224464476,0.3082740680827401;5.41842524027721,5.36907783143671,0.36053001055856554;5.263915430660201,12.511724220330363,0.47075426437758255;5.371172332057537,16.5795681636937,2.275404858158624;17.01738932692288,3.949288472633914,1.0833734478179253;1.2152499625451305,9.264165891219097,0.6289695736007946;2.5152666477933683,4.227481450075309,0.31479177433064687;0.8812631632839998,12.985708095722533,0.4433356300474305;18.23134962994997,17.499124477037014,1.7140616004040665;14.70574069346987,10.138925022682221,0.4018617649899432;0.41828819810825524,18.647760106540918,0.22147400162659886;4.200221053635278,15.46778249624208,0.43191318400781337;6.298497731957038,17.535487675311437,0.9892719758789834"
29,drone_3,13.207,5.568,11.528,10.640,"14.927867894972593,1.9417923666224648,0.6851088007879556;9.581603859062518,1.7165682560455653,1.2502531594349593;9.390093762647613,15.472761448915204,2.171069838955237;19.533980818859707,17.049180100391123,0.27883058946767136;10.26526511140737,1.392277412259023,1.016178670844001;3.348893179695101,14.251866662958317,2.4185601003318604;3.4658463430243227,2.9891174118935857,0.21873102450163456;11.48626419771846,13.846024245365946,0.41596374877409237;5.718556999345342,8.252639224464476,0.3082740680827401;5.41842524027721,5.36907783143671,0.36053001055856554;5.263915430660201,12.511724220330363,0.47075426437758255;5.371172332057537,16.5795681636937,2.275404858158624;17.01738932692288,3.949288472633914,1.0833734478179253;1.2152499625451305,9.264165891219097,0.6289695736007946;2.5152666477933683,4.227481450075309,0.31479177433064687;0.8812631632839998,12.985708095722533,0.4433356300474305;18.23134962994997,17.499124477037014,1.7140616004040665;14.70574069346987,10.138925022682221,0.4018617649899432;0.41828819810825524,18.647760106540918,0.22147400162659886;4.200221053635278,15.46778249624208,0.43191318400781337;6.298497731957038,17.535487675311437,0.9892719758789834"
29,drone_4,8.768,9.659,11.528,10.640,"14.927867894972593,1.9417923666224648,0.6851088007879556;9.581603859062518,1.7165682560455653,1.2502531594349593;9.390093762647613,15.472761448915204,2.171069838955237;19.533980818859707,17.049180100391123,0.27883058946767136;10.26526511140737,1.392277412259023,1.016178670844001;3.348893179695101,14.251866662958317,2.4185601003318604;3.4658463430243227,2.9891174118935857,0.21873102450163456;11.48626419771846,13.846024245365946,0.41596374877409237;5.718556999345342,8.252639224464476,0.3082740680827401;5.41842524027721,5.36907783143671,0.36053001055856554;5.263915430660201,12.511724220330363,0.47075426437758255;5.371172332057537,16.5795681636937,2.275404858158624;17.01738932692288,3.949288472633914,1.0833734478179253;1.2152499625451305,9.264165891219097,0.6289695736007946;2.5152666477933683,4.227481450075309,0.31479177433064687;0.8812631632839998,12.985708095722533,0.4433356300474305;18.23134962994997,17.499124477037014,1.7140616004040665;14.70574069346987,10.138925022682221,0.4018617649899432;0.41828819810825524,18.647760106540918,0.22147400162659886;4.200221053635278,15.46778249624208,0.43191318400781337;6.298497731957038,17.535487675311437,0.9892719758789834"
29,drone_5,14.375,11.711,11.528,10.640,"14.927867894972593,1.9417923666224648,0.6851088007879556;9.581603859062518,1.7165682560455653,1.2502531594349593;9.390093762647613,15.472761448915204,2.171069838955237;19.533980818859707,17.049180100391123,0.27883058946767136;10.26526511140737,1.392277412259023,1.016178670844001;3.348893179695101,14.251866662958317,2.4185601003318604;3.4658463430243227,2.9891174118935857,0.21873102450163456;11.48626419771846,13.846024245365946,0.41596374877409237;5.718556999345342,8.252639224464476,0.3082740680827401;5.41842524027721,5.36907783143671,0.36053001055856554;5.263915430660201,12.511724220330363,0.47075426437758255;5.371172332057537,16.5795681636937,2.275404858158624;17.01738932692288,3.949288472633914,1.0833734478179253;1.2152499625451305,9.264165891219097,0.6289695736007946;2.5152666477933683,4.227481450075309,0.31479177433064687;0.8812631632839998,12.985708095722533,0.4433356300474305;18.23134962994997,17.499124477037014,1.7140616004040665;14.70574069346987,10.138925022682221,0.4018617649899432;0.41828819810825524,18.647760106540918,0.22147400162659886;4.200221053635278,15.46778249624208,0.43191318400781337;6.298497731957038,17.535487675311437,0.9892719758789834"
29,drone_6,11.754,7.613,11.528,10.640,"14.927867894972593,1.9417923666224648,0.6851088007879556;9.581603859062518,1.7165682560455653,1.2502531594349593;9.390093762647613,15.472761448915204,2.171069838955237;19.533980818859707,17.049180100391123,0.27883058946767136;10.26526511140737,1.392277412259023,1.016178670844001;3.348893179695101,14.251866662958317,2.4185601003318604;3.4658463430243227,2.9891174118935857,0.21873102450163456;11.48626419771846,13.846024245365946,0.41596374877409237;5.718556999345342,8.252639224464476,0.3082740680827401;5.41842524027721,5.36907783143671,0.36053001055856554;5.263915430660201,12.511724220330363,0.47075426437758255;5.371172332057537,16.5795681636937,2.275404858158624;17.01738932692288,3.949288472633914,1.0833734478179253;1.2152499625451305,9.264165891219097,0.6289695736007946;2.5152666477933683,4.227481450075309,0.31479177433064687;0.8812631632839998,12.985708095722533,0.4433356300474305;18.23134962994997,17.499124477037014,1.7140616004040665;14.70574069346987,10.138925022682221,0.4018617649899432;0.41828819810825524,18.647760106540918,0.22147400162659886;4.200221053635278,15.46778249624208,0.43191318400781337;6.298497731957038,17.535487675311437,0.9892719758789834"
29,drone_7,7.136,10.024,11.528,10.640,"14.927867894972593,1.9417923666224648,0.6851088007879556;9.581603859062518,1.7165682560455653,1.2502531594349593;9.390093762647613,15.472761448915204,2.171069838955237;19.533980818859707,17.049180100391123,0.27883058946767136;10.26526511140737,1.392277412259023,1.016178670844001;3.348893179695101,14.251866662958317,2.4185601003318604;3.4658463430243227,2.9891174118935857,0.21873102450163456;11.48626419771846,13.846024245365946,0.41596374877409237;5.718556999345342,8.252639224464476,0.3082740680827401;5.41842524027721,5.36907783143671,0.36053001055856554;5.263915430660201,12.511724220330363,0.47075426437758255;5.371172332057537,16.5795681636937,2.275404858158624;17.01738932692288,3.949288472633914,1.0833734478179253;1.2152499625451305,9.264165891219097,0.6289695736007946;2.5152666477933683,4.227481450075309,0.31479177433064687;0.8812631632839998,12.985708095722533,0.4433356300474305;18.23134962994997,17.499124477037014,1.7140616004040665;14.70574069346987,10.138925022682221,0.4018617649899432;0.41828819810825524,18.647760106540918,0.22147400162659886;4.200221053635278,15.46778249624208,0.43191318400781337;6.298497731957038,17.535487675311437,0.9892719758789834"
29,drone_8,5.259,7.195,11.528,10.640,"14.927867894972593,1.9417923666224648,0.6851088007879556;9.581603859062518,1.7165682560455653,1.2502531594349593;9.390093762647613,15.472761448915204,2.171069838955237;19.533980818859707,17.049180100391123,0.27883058946767136;10.26526511140737,1.392277412259023,1.016178670844001;3.348893179695101,14.251866662958317,2.4185601003318604;3.4658463430243227,2.9891174118935857,0.21873102450163456;11.48626419771846,13.846024245365946,0.41596374877409237;5.718556999345342,8.252639224464476,0.3082740680827401;5.41842524027721,5.36907783143671,0.36053001055856554;5.263915430660201,12.511724220330363,0.47075426437758255;5.371172332057537,16.5795681636937,2.275404858158624;17.01738932692288,3.949288472633914,1.0833734478179253;1.2152499625451305,9.264165891219097,0.6289695736007946;2.5152666477933683,4.227481450075309,0.31479177433064687;0.8812631632839998,12.985708095722533,0.4433356300474305;18.23134962994997,17.499124477037014,1.7140616004040665;14.70574069346987,10.138925022682221,0.4018617649899432;0.41828819810825524,18.647760106540918,0.22147400162659886;4.200221053635278,15.46778249624208,0.43191318400781337;6.298497731957038,17.535487675311437,0.9892719758789834"
29,drone_9,8.839,8.779,11.528,10.640,"14.927867894972593,1.9417923666224648,0.6851088007879556;9.581603859062518,1.7165682560455653,1.2502531594349593;9.390093762647613,15.472761448915204,2.171069838955237;19.533980818859707,17.049180100391123,0.27883058946767136;10.26526511140737,1.392277412259023,1.016178670844001;3.348893179695101,14.251866662958317,2.4185601003318604;3.4658463430243227,2.9891174118935857,0.21873102450163456;11.48626419771846,13.846024245365946,0.41596374877409237;5.718556999345342,8.252639224464476,0.3082740680827401;5.41842524027721,5.36907783143671,0.36053001055856554;5.263915430660201,12.511724220330363,0.47075426437758255;5.371172332057537,16.5795681636937,2.275404858158624;17.01738932692288,3.949288472633914,1.0833734478179253;1.2152499625451305,9.264165891219097,0.6289695736007946;2.5152666477933683,4.227481450075309,0.31479177433064687;0.8812631632839998,12.985708095722533,0.4433356300474305;18.23134962994997,17.499124477037014,1.7140616004040665;14.70574069346987,10.138925022682221,0.4018617649899432;0.41828819810825524,18.647760106540918,0.22147400162659886;4.200221053635278,15.46778249624208,0.43191318400781337;6.298497731957038,17.535487675311437,0.9892719758789834"
30,drone_0,14.664,11.118,11.528,10.640,"14.927867894972593,1.9417923666224648,0.6851088007879556;9.581603859062518,1.7165682560455653,1.2502531594349593;9.390093762647613,15.472761448915204,2.171069838955237;19.533980818859707,17.049180100391123,0.27883058946767136;10.26526511140737,1.392277412259023,1.016178670844001;3.348893179695101,14.251866662958317,2.4185601003318604;3.4658463430243227,2.9891174118935857,0.21873102450163456;11.48626419771846,13.846024245365946,0.41596374877409237;5.718556999345342,8.252639224464476,0.3082740680827401;5.41842524027721,5.36907783143671,0.36053001055856554;5.263915430660201,12.511724220330363,0.47075426437758255;5.371172332057537,16.5795681636937,2.275404858158624;17.01738932692288,3.949288472633914,1.0833734478179253;1.2152499625451305,9.264165891219097,0.6289695736007946;2.5152666477933683,4.227481450075309,0.31479177433064687;0.8812631632839998,12.985708095722533,0.4433356300474305;18.23134962994997,17.499124477037014,1.7140616004040665;14.70574069346987,10.138925022682221,0.4018617649899432;0.41828819810825524,18.647760106540918,0.22147400162659886;4.200221053635278,15.46778249624208,0.43191318400781337;6.298497731957038,17.535487675311437,0.9892719758789834"
30,drone_1,10.823,6.888,11.528,10.640,"14.927867894972593,1.9417923666224648,0.6851088007879556;9.581603859062518,1.7165682560455653,1.2502531594349593;9.390093762647613,15.472761448915204,2.171069838955237;19.533980818859707,17.049180100391123,0.27883058946767136;10.26526511140737,1.392277412259023,1.016178670844001;3.348893179695101,14.251866662958317,2.4185601003318604;3.4658463430243227,2.9891174118935857,0.21873102450163456;11.48626419771846,13.846024245365946,0.41596374877409237;5.718556999345342,8.252639224464476,0.3082740680827401;5.41842524027721,5.36907783143671,0.36053001055856554;5.263915430660201,12.511724220330363,0.47075426437758255;5.371172332057537,16.5795681636937,2.275404858158624;17.01738932692288,3.949288472633914,1.0833734478179253;1.2152499625451305,9.264165891219097,0.6289695736007946;2.5152666477933683,4.227481450075309,0.31479177433064687;0.8812631632839998,12.985708095722533,0.4433356300474305;18.23134962994997,17.499124477037014,1.7140616004040665;14.70574069346987,10.138925022682221,0.4018617649899432;0.41828819810825524,18.647760106540918,0.22147400162659886;4.200221053635278,15.46778249624208,0.43191318400781337;6.298497731957038,17.535487675311437,0.9892719758789834"
30,drone_2,6.817,5.270,11.528,10.640,"14.927867894972593,1.9417923666224648,0.6851088007879556;9.581603859062518,1.7165682560455653,1.2502531594349593;9.390093762647613,15.472761448915204,2.171069838955237;19.533980818859707,17.049180100391123,0.27883058946767136;10.26526511140737,1.392277412259023,1.016178670844001;3.348893179695101,14.251866662958317,2.4185601003318604;3.4658463430243227,2.9891174118935857,0.21873102450163456;11.48626419771846,13.846024245365946,0.41596374877409237;5.718556999345342,8.252639224464476,0.3082740680827401;5.41842524027721,5.36907783143671,0.36053001055856554;5.263915430660201,12.511724220330363,0.47075426437758255;5.371172332057537,16.5795681636937,2.275404858158624;17.01738932692288,3.949288472633914,1.0833734478179253;1.2152499625451305,9.264165891219097,0.6289695736007946;2.5152666477933683,4.227481450075309,0.31479177433064687;0.8812631632839998,12.985708095722533,0.4433356300474305;18.23134962994997,17.499124477037014,1.7140616004040665;14.70574069346987,10.138925022682221,0.4018617649899432;0.41828819810825524,18.647760106540918,0.22147400162659886;4.200221053635278,15.46778249624208,0.43191318400781337;6.298497731957038,17.535487675311437,0.9892719758789834"
30,drone_3,13.234,5.766,11.528,10.640,"14.927867894972593,1.9417923666224648,0.6851088007879556;9.581603859062518,1.7165682560455653,1.2502531594349593;9.390093762647613,15.472761448915204,2.171069838955237;19.533980818859707,17.049180100391123,0.27883058946767136;10.26526511140737,1.392277412259023,1.016178670844001;3.348893179695101,14.251866662958317,2.4185601003318604;3.4658463430243227,2.9891174118935857,0.21873102450163456;11.48626419771846,13.846024245365946,0.41596374877409237;5.718556999345342,8.252639224464476,0.3082740680827401;5.41842524027721,5.36907783143671,0.36053001055856554;5.263915430660201,12.511724220330363,0.47075426437758255;5.371172332057537,16.5795681636937,2.275404858158624;17.01738932692288,3.949288472633914,1.0833734478179253;1.2152499625451305,9.264165891219097,0.6289695736007946;2.5152666477933683,4.227481450075309,0.31479177433064687;0.8812631632839998,12.985708095722533,0.4433356300474305;18.23134962994997,17.499124477037014,1.7140616004040665;14.70574069346987,10.138925022682221,0.4018617649899432;0.41828819810825524,18.647760106540918,0.22147400162659886;4.200221053635278,15.46778249624208,0.43191318400781337;6.298497731957038,17.535487675311437,0.9892719758789834"
30,drone_4,8.935,9.701,11.528,10.640,"14.927867894972593,1.9417923666224648,0.6851088007879556;9.581603859062518,1.7165682560455653,1.2502531594349593;9.390093762647613,15.472761448915204,2.171069838955237;19.533980818859707,17.049180100391123,0.27883058946767136;10.26526511140737,1.392277412259023,1.016178670844001;3.348893179695101,14.251866662958317,2.4185601003318604;3.4658463430243227,2.9891174118935857,0.21873102450163456;11.48626419771846,13.846024245365946,0.41596374877409237;5.718556999345342,8.252639224464476,0.3082740680827401;5.41842524027721,5.36907783143671,0.36053001055856554;5.263915430660201,12.511724220330363,0.47075426437758255;5.371172332057537,16.5795681636937,2.275404858158624;17.01738932692288,3.949288472633914,1.0833734478179253;1.2152499625451305,9.264165891219097,0.6289695736007946;2.5152666477933683,4.227481450075309,0.31479177433064687;0.8812631632839998,12.985708095722533,0.4433356300474305;18.23134962994997,17.499124477037014,1.7140616004040665;14.70574069346987,10.138925022682221,0.4018617649899432;0.41828819810825524,18.647760106540918,0.22147400162659886;4.200221053635278,15.46778249624208,0.43191318400781337;6.298497731957038,17.535487675311437,0.9892719758789834"
30,drone_5,14.204,11.690,11.528,10.640,"14.927867894972593,1.9417923666224648,0.6851088007879556;9.581603859062518,1.7165682560455653,1.2502531594349593;9.390093762647613,15.472761448915204,2.171069838955237;19.533980818859707,17.049180100391123,0.27883058946767136;10.26526511140737,1.392277412259023,1.016178670844001;3.348893179695101,14.251866662958317,2.4185601003318604;3.4658463430243227,2.9891174118935857,0.21873102450163456;11.48626419771846,13.846024245365946,0.41596374877409237;5.718556999345342,8.252639224464476,0.3082740680827401;5.41842524027721,5.36907783143671,0.36053001055856554;5.263915430660201,12.511724220330363,0.47075426437758255;5.371172332057537,16.5795681636937,2.275404858158624;17.01738932692288,3.949288472633914,1.0833734478179253;1.2152499625451305,9.264165891219097,0.6289695736007946;2.5152666477933683,4.227481450075309,0.31479177433064687;0.8812631632839998,12.985708095722533,0.4433356300474305;18.23134962994997,17.499124477037014,1.7140616004040665;14.70574069346987,10.138925022682221,0.4018617649899432;0.41828819810825524,18.647760106540918,0.22147400162659886;4.200221053635278,15.46778249624208,0.43191318400781337;6.298497731957038,17.535487675311437,0.9892719758789834"
30,drone_6,11.812,7.804,11.528,10.640,"14.927867894972593,1.9417923666224648,0.6851088007879556;9.581603859062518,1.7165682560455653,1.2502531594349593;9.390093762647613,15.472761448915204,2.171069838955237;19.533980818859707,17.049180100391123,0.27883058946767136;10.26526511140737,1.392277412259023,1.016178670844001;3.348893179695101,14.251866662958317,2.4185601003318604;3.4658463430243227,2.9891174118935857,0.21873102450163456;11.48626419771846,13.846024245365946,0.41596374877409237;5.718556999345342,8.252639224464476,0.3082740680827401;5.41842524027721,5.36907783143671,0.36053001055856554;5.263915430660201,12.511724220330363,0.47075426437758255;5.371172332057537,16.5795681636937,2.275404858158624;17.01738932692288,3.949288472633914,1.0833734478179253;1.2152499625451305,9.264165891219097,0.6289695736007946;2.5152666477933683,4.227481450075309,0.31479177433064687;0.8812631632839998,12.985708095722533,0.4433356300474305;18.23134962994997,17.499124477037014,1.7140616004040665;14.70574069346987,10.138925022682221,0.4018617649899432;0.41828819810825524,18.647760106540918,0.22147400162659886;4.200221053635278,15.46778249624208,0.43191318400781337;6.298497731957038,17.535487675311437,0.9892719758789834"
30,drone_7,7.332,9.987,11.528,10.640,"14.927867894972593,1.9417923666224648,0.6851088007879556;9.581603859062518,1.7165682560455653,1.2502531594349593;9.390093762647613,15.472761448915204,2.171069838955237;19.533980818859707,17.049180100391123,0.27883058946767136;10.26526511140737,1.392277412259023,1.016178670844001;3.348893179695101,14.251866662958317,2.4185601003318604;3.4658463430243227,2.9891174118935857,0.21873102450163456;11.48626419771846,13.846024245365946,0.41596374877409237;5.718556999345342,8.252639224464476,0.3082740680827401;5.41842524027721,5.36907783143671,0.36053001055856554;5.263915430660201,12.511724220330363,0.47075426437758255;5.371172332057537,16.5795681636937,2.275404858158624;17.01738932692288,3.949288472633914,1.0833734478179253;1.2152499625451305,9.264165891219097,0.6289695736007946;2.5152666477933683,4.227481450075309,0.31479177433064687;0.8812631632839998,12.985708095722533,0.4433356300474305;18.23134962994997,17.499124477037014,1.7140616004040665;14.70574069346987,10.138925022682221,0.4018617649899432;0.41828819810825524,18.647760106540918,0.22147400162659886;4.200221053635278,15.46778249624208,0.43191318400781337;6.298497731957038,17.535487675311437,0.9892719758789834"
30,drone_8,5.454,7.238,11.528,10.640,"14.927867894972593,1.9417923666224648,0.6851088007879556;9.581603859062518,1.7165682560455653,1.2502531594349593;9.390093762647613,15.472761448915204,2.171069838955237;19.533980818859707,17.049180100391123,0.27883058946767136;10.26526511140737,1.392277412259023,1.016178670844001;3.348893179695101,14.251866662958317,2.4185601003318604;3.4658463430243227,2.9891174118935857,0.21873102450163456;11.48626419771846,13.846024245365946,0.41596374877409237;5.718556999345342,8.252639224464476,0.3082740680827401;5.41842524027721,5.36907783143671,0.36053001055856554;5.263915430660201,12.511724220330363,0.47075426437758255;5.371172332057537,16.5795681636937,2.275404858158624;17.01738932692288,3.949288472633914,1.0833734478179253;1.2152499625451305,9.264165891219097,0.6289695736007946;2.5152666477933683,4.227481450075309,0.31479177433064687;0.8812631632839998,12.985708095722533,0.4433356300474305;18.23134962994997,17.499124477037014,1.7140616004040665;14.70574069346987,10.138925022682221,0.4018617649899432;0.41828819810825524,18.647760106540918,0.22147400162659886;4.200221053635278,15.46778249624208,0.43191318400781337;6.298497731957038,17.535487675311437,0.9892719758789834"
30,drone_9,9.010,8.765,11.528,10.640,"14.927867894972593,1.9417923666224648,0.6851088007879556;9.581603859062518,1.7165682560455653,1.2502531594349593;9.390093762647613,15.472761448915204,2.171069838955237;19.533980818859707,17.049180100391123,0.27883058946767136;10.26526511140737,1.392277412259023,1.016178670844001;3.348893179695101,14.251866662958317,2.4185601003318604;3.4658463430243227,2.9891174118935857,0.21873102450163456;11.48626419771846,13.846024245365946,0.41596374877409237;5.718556999345342,8.252639224464476,0.3082740680827401;5.41842524027721,5.36907783143671,0.36053001055856554;5.263915430660201,12.511724220330363,0.47075426437758255;5.371172332057537,16.5795681636937,2.275404858158624;17.01738932692288,3.949288472633914,1.0833734478179253;1.2152499625451305,9.264165891219097,0.6289695736007946;2.5152666477933683,4.227481450075309,0.31479177433064687;0.8812631632839998,12.985708095722533,0.4433356300474305;18.23134962994997,17.499124477037014,1.7140616004040665;14.70574069346987,10.138925022682221,0.4018617649899432;0.41828819810825524,18.647760106540918,0.22147400162659886;4.200221053635278,15.46778249624208,0.43191318400781337;6.298497731957038,17.535487675311437,0.9892719758789834"
31,drone_0,14.505,11.183,11.528,10.640,"14.927867894972593,1.9417923666224648,0.6851088007879556;9.581603859062518,1.7165682560455653,1.2502531594349593;9.390093762647613,15.472761448915204,2.171069838955237;19.533980818859707,17.049180100391123,0.27883058946767136;10.26526511140737,1.392277412259023,1.016178670844001;3.348893179695101,14.251866662958317,2.4185601003318604;3.4658463430243227,2.9891174118935857,0.21873102450163456;11.48626419771846,13.846024245365946,0.41596374877409237;5.718556999345342,8.252639224464476,0.3082740680827401;5.41842524027721,5.36907783143671,0.36053001055856554;5.263915430660201,12.511724220330363,0.47075426437758255;5.371172332057537,16.5795681636937,2.275404858158624;17.01738932692288,3.949288472633914,1.0833734478179253;1.2152499625451305,9.264165891219097,0.6289695736007946;2.5152666477933683,4.227481450075309,0.31479177433064687;0.8812631632839998,12.985708095722533,0.4433356300474305;18.23134962994997,17.499124477037014,1.7140616004040665;14.70574069346987,10.138925022682221,0.4018617649899432;0.41828819810825524,18.647760106540918,0.22147400162659886;4.200221053635278,15.46778249624208,0.43191318400781337;6.298497731957038,17.535487675311437,0.9892719758789834"
31,drone_1,10.964,7.029,11.528,10.640,"14.927867894972593,1.9417923666224648,0.6851088007879556;9.581603859062518,1.7165682560455653,1.2502531594349593;9.390093762647613,15.472761448915204,2.171069838955237;19.533980818859707,17.049180100391123,0.27883058946767136;10.26526511140737,1.392277412259023,1.016178670844001;3.348893179695101,14.251866662958317,2.4185601003318604;3.4658463430243227,2.9891174118935857,0.21873102450163456;11.48626419771846,13.846024245365946,0.41596374877409237;5.718556999345342,8.252639224464476,0.3082740680827401;5.41842524027721,5.36907783143671,0.36053001055856554;5.263915430660201,12.511724220330363,0.47075426437758255;5.371172332057537,16.5795681636937,2.275404858158624;17.01738932692288,3.949288472633914,1.0833734478179253;1.2152499625451305,9.264165891219097,0.6289695736007946;2.5152666477933683,4.227481450075309,0.31479177433064687;0.8812631632839998,12.985708095722533,0.4433356300474305;18.23134962994997,17.499124477037014,1.7140616004040665;14.70574069346987,10.138925022682221,0.4018617649899432;0.41828819810825524,18.647760106540918,0.22147400162659886;4.200221053635278,15.46778249624208,0.43191318400781337;6.298497731957038,17.535487675311437,0.9892719758789834"
31,drone_2,6.958,5.412,11.528,10.640,"14.927867894972593,1.9417923666224648,0.6851088007879556;9.581603859062518,1.7165682560455653,1.2502531594349593;9.390093762647613,15.472761448915204,2.171069838955237;19.533980818859707,17.049180100391123,0.27883058946767136;10.26526511140737,1.392277412259023,1.016178670844001;3.348893179695101,14.251866662958317,2.4185601003318604;3.4658463430243227,2.9891174118935857,0.21873102450163456;11.48626419771846,13.846024245365946,0.41596374877409237;5.718556999345342,8.252639224464476,0.3082740680827401;5.41842524027721,5.36907783143671,0.36053001055856554;5.263915430660201,12.511724220330363,0.47075426437758255;5.371172332057537,16.5795681636937,2.275404858158624;17.01738932692288,3.949288472633914,1.0833734478179253;1.2152499625451305,9.264165891219097,0.6289695736007946;2.5152666477933683,4.227481450075309,0.31479177433064687;0.8812631632839998,12.985708095722533,0.4433356300474305;18.23134962994997,17.499124477037014,1.7140616004040665;14.70574069346987,10.138925022682221,0.4018617649899432;0.41828819810825524,18.647760106540918,0.22147400162659886;4.200221053635278,15.46778249624208,0.43191318400781337;6.298497731957038,17.535487675311437,0.9892719758789834"
31,drone_3,13.187,5.960,11.528,10.640,"14.927867894972593,1.9417923666224648,0.6851088007879556;9.581603859062518,1.7165682560455653,1.2502531594349593;9.390093762647613,15.472761448915204,2.171069838955237;19.533980818859707,17.049180100391123,0.27883058946767136;10.26526511140737,1.392277412259023,1.016178670844001;3.348893179695101,14.251866662958317,2.4185601003318604;3.4658463430243227,2.9891174118935857,0.21873102450163456;11.48626419771846,13.846024245365946,0.41596374877409237;5.718556999345342,8.252639224464476,0.3082740680827401;5.41842524027721,5.36907783143671,0.36053001055856554;5.263915430660201,12.511724220330363,0.47075426437758255;5.371172332057537,16.5795681636937,2.275404858158624;17.01738932692288,3.949288472633914,1.0833734478179253;1.2152499625451305,9.264165891219097,0.6289695736007946;2.5152666477933683,4.227481450075309,0.31479177433064687;0.8812631632839998,12.985708095722533,0.4433356300474305;18.23134962994997,17.499124477037014,1.7140616004040665;14.70574069346987,10.138925022682221,0.4018617649899432;0.41828819810825524,18.647760106540918,0.22147400162659886;4.200221053635278,15.46778249624208,0.43191318400781337;6.298497731957038,17.535487675311437,0.9892719758789834"
31,drone_4,9.087,9.782,11.528,10.640,"14.927867894972593,1.9417923666224648,0.6851088007879556;9.581603859062518,1.7165682560455653,1.2502531594349593;9.390093762647613,15.472761448915204,2.171069838955237;19.533980818859707,17.049180100391123,0.27883058946767136;10.26526511140737,1.392277412259023,1.016178670844001;3.348893179695101,14.251866662958317,2.4185601003318604;3.4658463430243227,2.9891174118935857,0.21873102450163456;11.48626419771846,13.846024245365946,0.41596374877409237;5.718556999345342,8.252639224464476,0.3082740680827401;5.41842524027721,5.36907783143671,0.36053001055856554;5.263915430660201,12.511724220330363,0.47075426437758255;5.371172332057537,16.5795681636937,2.275404858158624;17.01738932692288,3.949288472633914,1.0833734478179253;1.2152499625451305,9.264165891219097,0.6289695736007946;2.5152666477933683,4.227481450075309,0.31479177433064687;0.8812631632839998,12.985708095722533,0.4433356300474305;18.23134962994997,17.499124477037014,1.7140616004040665;14.70574069346987,10.138925022682221,0.4018617649899432;0.41828819810825524,18.647760106540918,0.22147400162659886;4.200221053635278,15.46778249624208,0.43191318400781337;6.298497731957038,17.535487675311437,0.9892719758789834"
31,drone_5,14.047,11.619,11.528,10.640,"14.927867894972593,1.9417923666224648,0.6851088007879556;9.581603859062518,1.7165682560455653,1.2502531594349593;9.390093762647613,15.472761448915204,2.171069838955237;19.533980818859707,17.049180100391123,0.27883058946767136;10.26526511140737,1.392277412259023,1.016178670844001;3.348893179695101,14.251866662958317,2.4185601003318604;3.4658463430243227,2.9891174118935857,0.21873102450163456;11.48626419771846,13.846024245365946,0.41596374877409237;5.718556999345342,8.252639224464476,0.3082740680827401;5.41842524027721,5.36907783143671,0.36053001055856554;5.263915430660201,12.511724220330363,0.47075426437758255;5.371172332057537,16.5795681636937,2.275404858158624;17.01738932692288,3.949288472633914,1.0833734478179253;1.2152499625451305,9.264165891219097,0.6289695736007946;2.5152666477933683,4.227481450075309,0.31479177433064687;0.8812631632839998,12.985708095722533,0.4433356300474305;18.23134962994997,17.499124477037014,1.7140616004040665;14.70574069346987,10.138925022682221,0.4018617649899432;0.41828819810825524,18.647760106540918,0.22147400162659886;4.200221053635278,15.46778249624208,0.43191318400781337;6.298497731957038,17.535487675311437,0.9892719758789834"
31,drone_6,11.908,7.980,11.528,10.640,"14.927867894972593,1.9417923666224648,0.6851088007879556;9.581603859062518,1.7165682560455653,1.2502531594349593;9.390093762647613,15.472761448915204,2.171069838955237;19.533980818859707,17.049180100391123,0.27883058946767136;10.26526511140737,1.392277412259023,1.016178670844001;3.348893179695101,14.251866662958317,2.4185601003318604;3.4658463430243227,2.9891174118935857,0.21873102450163456;11.48626419771846,13.846024245365946,0.41596374877409237;5.718556999345342,8.252639224464476,0.3082740680827401;5.41842524027721,5.36907783143671,0.36053001055856554;5.263915430660201,12.511724220330363,0.47075426437758255;5.371172332057537,16.5795681636937,2.275404858158624;17.01738932692288,3.949288472633914,1.0833734478179253;1.2152499625451305,9.264165891219097,0.6289695736007946;2.5152666477933683,4.227481450075309,0.31479177433064687;0.8812631632839998,12.985708095722533,0.4433356300474305;18.23134962994997,17.499124477037014,1.7140616004040665;14.70574069346987,10.138925022682221,0.4018617649899432;0.41828819810825524,18.647760106540918,0.22147400162659886;4.200221053635278,15.46778249624208,0.43191318400781337;6.298497731957038,17.535487675311437,0.9892719758789834"
31,drone_7,7.528,10.029,11.528,10.640,"14.927867894972593,1.9417923666224648,0.6851088007879556;9.581603859062518,1.7165682560455653,1.2502531594349593;9.390093762647613,15.472761448915204,2.171069838955237;19.533980818859707,17.049180100391123,0.27883058946767136;10.26526511140737,1.392277412259023,1.016178670844001;3.348893179695101,14.251866662958317,2.4185601003318604;3.4658463430243227,2.9891174118935857,0.21873102450163456;11.48626419771846,13.846024245365946,0.41596374877409237;5.718556999345342,8.252639224464476,0.3082740680827401;5.41842524027721,5.36907783143671,0.36053001055856554;5.263915430660201,12.511724220330363,0.47075426437758255;5.371172332057537,16.5795681636937,2.275404858158624;17.01738932692288,3.949288472633914,1.0833734478179253;1.2152499625451305,9.264165891219097,0.6289695736007946;2.5152666477933683,4.227481450075309,0.31479177433064687;0.8812631632839998,12.985708095722533,0.4433356300474305;18.23134962994997,17.499124477037014,1.7140616004040665;14.70574069346987,10.138925022682221,0.4018617649899432;0.41828819810825524,18.647760106540918,0.22147400162659886;4.200221053635278,15.46778249624208,0.43191318400781337;6.298497731957038,17.535487675311437,0.9892719758789834"
31,drone_8,5.651,7.200,11.528,10.640,"14.927867894972593,1.9417923666224648,0.6851088007879556;9.581603859062518,1.7165682560455653,1.2502531594349593;9.390093762647613,15.472761448915204,2.171069838955237;19.533980818859707,17.049180100391123,0.27883058946767136;10.26526511140737,1.392277412259023,1.016178670844001;3.348893179695101,14.251866662958317,2.4185601003318604;3.4658463430243227,2.9891174118935857,0.21873102450163456;11.48626419771846,13.846024245365946,0.41596374877409237;5.718556999345342,8.252639224464476,0.3082740680827401;5.41842524027721,5.36907783143671,0.36053001055856554;5.263915430660201,12.511724220330363,0.47075426437758255;5.371172332057537,16.5795681636937,2.275404858158624;17.01738932692288,3.949288472633914,1.0833734478179253;1.2152499625451305,9.264165891219097,0.6289695736007946;2.5152666477933683,4.227481450075309,0.31479177433064687;0.8812631632839998,12.985708095722533,0.4433356300474305;18.23134962994997,17.499124477037014,1.7140616004040665;14.70574069346987,10.138925022682221,0.4018617649899432;0.41828819810825524,18.647760106540918,0.22147400162659886;4.200221053635278,15.46778249624208,0.43191318400781337;6.298497731957038,17.535487675311437,0.9892719758789834"
31,drone_9,9.201,8.826,11.528,10.640,"14.927867894972593,1.9417923666224648,0.6851088007879556;9.581603859062518,1.7165682560455653,1.2502531594349593;9.390093762647613,15.472761448915204,2.171069838955237;19.533980818859707,17.049180100391123,0.27883058946767136;10.26526511140737,1.392277412259023,1.016178670844001;3.348893179695101,14.251866662958317,2.4185601003318604;3.4658463430243227,2.9891174118935857,0.21873102450163456;11.48626419771846,13.846024245365946,0.41596374877409237;5.718556999345342,8.252639224464476,0.3082740680827401;5.41842524027721,5.36907783143671,0.36053001055856554;5.263915430660201,12.511724220330363,0.47075426437758255;5.371172332057537,16.5795681636937,2.275404858158624;17.01738932692288,3.949288472633914,1.0833734478179253;1.2152499625451305,9.264165891219097,0.6289695736007946;2.5152666477933683,4.227481450075309,0.31479177433064687;0.8812631632839998,12.985708095722533,0.4433356300474305;18.23134962994997,17.499124477037014,1.7140616004040665;14.70574069346987,10.138925022682221,0.4018617649899432;0.41828819810825524,18.647760106540918,0.22147400162659886;4.200221053635278,15.46778249624208,0.43191318400781337;6.298497731957038,17.535487675311437,0.9892719758789834"
32,drone_0,14.334,11.160,11.528,10.640,"14.927867894972593,1.9417923666224648,0.6851088007879556;9.581603859062518,1.7165682560455653,1.2502531594349593;9.390093762647613,15.472761448915204,2.171069838955237;19.533980818859707,17.049180100391123,0.27883058946767136;10.26526511140737,1.392277412259023,1.016178670844001;3.348893179695101,14.251866662958317,2.4185601003318604;3.4658463430243227,2.9891174118935857,0.21873102450163456;11.48626419771846,13.846024245365946,0.41596374877409237;5.718556999345342,8.252639224464476,0.3082740680827401;5.41842524027721,5.36907783143671,0.36053001055856554;5.263915430660201,12.511724220330363,0.47075426437758255;5.371172332057537,16.5795681636937,2.275404858158624;17.01738932692288,3.949288472633914,1.0833734478179253;1.2152499625451305,9.264165891219097,0.6289695736007946;2.5152666477933683,4.227481450075309,0.31479177433064687;0.8812631632839998,12.985708095722533,0.4433356300474305;18.23134962994997,17.499124477037014,1.7140616004040665;14.70574069346987,10.138925022682221,0.4018617649899432;0.41828819810825524,18.647760106540918,0.22147400162659886;4.200221053635278,15.46778249624208,0.43191318400781337;6.298497731957038,17.535487675311437,0.9892719758789834"
32,drone_1,11.106,7.171,11.528,10.640,"14.927867894972593,1.9417923666224648,0.6851088007879556;9.581603859062518,1.7165682560455653,1.2502531594349593;9.390093762647613,15.472761448915204,2.171069838955237;19.533980818859707,17.049180100391123,0.27883058946767136;10.26526511140737,1.392277412259023,1.016178670844001;3.348893179695101,14.251866662958317,2.4185601003318604;3.4658463430243227,2.9891174118935857,0.21873102450163456;11.48626419771846,13.846024245365946,0.41596374877409237;5.718556999345342,8.252639224464476,0.3082740680827401;5.41842524027721,5.36907783143671,0.36053001055856554;5.263915430660201,12.511724220330363,0.47075426437758255;5.371172332057537,16.5795681636937,2.275404858158624;17.01738932692288,3.949288472633914,1.0833734478179253;1.2152499625451305,9.264165891219097,0.6289695736007946;2.5152666477933683,4.227481450075309,0.31479177433064687;0.8812631632839998,12.985708095722533,0.4433356300474305;18.23134962994997,17.499124477037014,1.7140616004040665;14.70574069346987,10.138925022682221,0.4018617649899432;0.41828819810825524,18.647760106540918,0.22147400162659886;4.200221053635278,15.46778249624208,0.43191318400781337;6.298497731957038,17.535487675311437,0.9892719758789834"
32,drone_2,7.100,5.553,11.528,10.640,"14.927867894972593,1.9417923666224648,0.6851088007879556;9.581603859062518,1.7165682560455653,1.2502531594349593;9.390093762647613,15.472761448915204,2.171069838955237;19.533980818859707,17.049180100391123,0.27883058946767136;10.26526511140737,1.392277412259023,1.016178670844001;3.348893179695101,14.251866662958317,2.4185601003318604;3.4658463430243227,2.9891174118935857,0.21873102450163456;11.48626419771846,13.846024245365946,0.41596374877409237;5.718556999345342,8.252639224464476,0.3082740680827401;5.41842524027721,5.36907783143671,0.36053001055856554;5.263915430660201,12.511724220330363,0.47075426437758255;5.371172332057537,16.5795681636937,2.275404858158624;17.01738932692288,3.949288472633914,1.0833734478179253;1.2152499625451305,9.264165891219097,0.6289695736007946;2.5152666477933683,4.227481450075309,0.31479177433064687;0.8812631632839998,12.985708095722533,0.4433356300474305;18.23134962994997,17.499124477037014,1.7140616004040665;14.70574069346987,10.138925022682221,0.4018617649899432;0.41828819810825524,18.647760106540918,0.22147400162659886;4.200221053635278,15.46778249624208,0.43191318400781337;6.298497731957038,17.535487675311437,0.9892719758789834"
32,drone_3,13.223,6.157,11.528,10.640,"14.927867894972593,1.9417923666224648,0.6851088007879556;9.581603859062518,1.7165682560455653,1.2502531594349593;9.390093762647613,15.472761448915204,2.171069838955237;19.533980818859707,17.049180100391123,0.27883058946767136;10.26526511140737,1.392277412259023,1.016178670844001;3.348893179695101,14.251866662958317,2.4185601003318604;3.4658463430243227,2.9891174118935857,0.21873102450163456;11.48626419771846,13.846024245365946,0.41596374877409237;5.718556999345342,8.252639224464476,0.3082740680827401;5.41842524027721,5.36907783143671,0.36053001055856554;5.263915430660201,12.511724220330363,0.47075426437758255;5.371172332057537,16.5795681636937,2.275404858158624;17.01738932692288,3.949288472633914,1.0833734478179253;1.2152499625451305,9.264165891219097,0.6289695736007946;2.5152666477933683,4.227481450075309,0.31479177433064687;0.8812631632839998,12.985708095722533,0.4433356300474305;18.23134962994997,17.499124477037014,1.7140616004040665;14.70574069346987,10.138925022682221,0.4018617649899432;0.41828819810825524,18.647760106540918,0.22147400162659886;4.200221053635278,15.46778249624208,0.43191318400781337;6.298497731957038,17.535487675311437,0.9892719758789834"
32,drone_4,9.258,9.769,11.528,10.640,"14.927867894972593,1.9417923666224648,0.6851088007879556;9.581603859062518,1.7165682560455653,1.2502531594349593;9.390093762647613,15.472761448915204,2.171069838955237;19.533980818859707,17.049180100391123,0.27883058946767136;10.26526511140737,1.392277412259023,1.016178670844001;3.348893179695101,14.251866662958317,2.4185601003318604;3.4658463430243227,2.9891174118935857,0.21873102450163456;11.48626419771846,13.846024245365946,0.41596374877409237;5.718556999345342,8.252639224464476,0.3082740680827401;5.41842524027721,5.36907783143671,0.36053001055856554;5.263915430660201,12.511724220330363,0.47075426437758255;5.371172332057537,16.5795681636937,2.275404858158624;17.01738932692288,3.949288472633914,1.0833734478179253;1.2152499625451305,9.264165891219097,0.6289695736007946;2.5152666477933683,4.227481450075309,0.31479177433064687;0.8812631632839998,12.985708095722533,0.4433356300474305;18.23134962994997,17.499124477037014,1.7140616004040665;14.70574069346987,10.138925022682221,0.4018617649899432;0.41828819810825524,18.647760106540918,0.22147400162659886;4.200221053635278,15.46778249624208,0.43191318400781337;6.298497731957038,17.535487675311437,0.9892719758789834"
32,drone_5,13.876,11.639,11.528,10.640,"14.927867894972593,1.9417923666224648,0.6851088007879556;9.581603859062518,1.7165682560455653,1.2502531594349593;9.390093762647613,15.472761448915204,2.171069838955237;19.533980818859707,17.049180100391123,0.27883058946767136;10.26526511140737,1.392277412259023,1.016178670844001;3.348893179695101,14.251866662958317,2.4185601003318604;3.4658463430243227,2.9891174118935857,0.21873102450163456;11.48626419771846,13.846024245365946,0.41596374877409237;5.718556999345342,8.252639224464476,0.3082740680827401;5.41842524027721,5.36907783143671,0.36053001055856554;5.263915430660201,12.511724220330363,0.47075426437758255;5.371172332057537,16.5795681636937,2.275404858158624;17.01738932692288,3.949288472633914,1.0833734478179253;1.2152499625451305,9.264165891219097,0.6289695736007946;2.5152666477933683,4.227481450075309,0.31479177433064687;0.8812631632839998,12.985708095722533,0.4433356300474305;18.23134962994997,17.499124477037014,1.7140616004040665;14.70574069346987,10.138925022682221,0.4018617649899432;0.41828819810825524,18.647760106540918,0.22147400162659886;4.200221053635278,15.46778249624208,0.43191318400781337;6.298497731957038,17.535487675311437,0.9892719758789834"
32,drone_6,12.023,8.144,11.528,10.640,"14.927867894972593,1.9417923666224648,0.6851088007879556;9.581603859062518,1.7165682560455653,1.2502531594349593;9.390093762647613,15.472761448915204,2.171069838955237;19.533980818859707,17.049180100391123,0.27883058946767136;10.26526511140737,1.392277412259023,1.016178670844001;3.348893179695101,14.251866662958317,2.4185601003318604;3.4658463430243227,2.9891174118935857,0.21873102450163456;11.48626419771846,13.846024245365946,0.41596374877409237;5.718556999345342,8.252639224464476,0.3082740680827401;5.41842524027721,5.36907783143671,0.36053001055856554;5.263915430660201,12.511724220330363,0.47075426437758255;5.371172332057537,16.5795681636937,2.275404858158624;17.01738932692288,3.949288472633914,1.0833734478179253;1.2152499625451305,9.264165891219097,0.6289695736007946;2.5152666477933683,4.227481450075309,0.31479177433064687;0.8812631632839998,12.985708095722533,0.4433356300474305;18.23134962994997,17.499124477037014,1.7140616004040665;14.70574069346987,10.138925022682221,0.4018617649899432;0.41828819810825524,18.647760106540918,0.22147400162659886;4.200221053635278,15.46778249624208,0.43191318400781337;6.298497731957038,17.535487675311437,0.9892719758789834"
32,drone_7,7.724,9.990,11.528,10.640,"14.927867894972593,1.9417923666224648,0.6851088007879556;9.581603859062518,1.7165682560455653,1.2502531594349593;9.390093762647613,15.472761448915204,2.171069838955237;19.533980818859707,17.049180100391123,0.27883058946767136;10.26526511140737,1.392277412259023,1.016178670844001;3.348893179695101,14.251866662958317,2.4185601003318604;3.4658463430243227,2.9891174118935857,0.21873102450163456;11.48626419771846,13.846024245365946,0.41596374877409237;5.718556999345342,8.252639224464476,0.3082740680827401;5.41842524027721,5.36907783143671,0.36053001055856554;5.263915430660201,12.511724220330363,0.47075426437758255;5.371172332057537,16.5795681636937,2.275404858158624;17.01738932692288,3.949288472633914,1.0833734478179253;1.2152499625451305,9.264165891219097,0.6289695736007946;2.5152666477933683,4.227481450075309,0.31479177433064687;0.8812631632839998,12.985708095722533,0.4433356300474305;18.23134962994997,17.499124477037014,1.7140616004040665;14.70574069346987,10.138925022682221,0.4018617649899432;0.41828819810825524,18.647760106540918,0.22147400162659886;4.200221053635278,15.46778249624208,0.43191318400781337;6.298497731957038,17.535487675311437,0.9892719758789834"
32,drone_8,5.847,7.241,11.528,10.640,"14.927867894972593,1.9417923666224648,0.6851088007879556;9.581603859062518,1.7165682560455653,1.2502531594349593;9.390093762647613,15.472761448915204,2.171069838955237;19.533980818859707,17.049180100391123,0.27883058946767136;10.26526511140737,1.392277412259023,1.016178670844001;3.348893179695101,14.251866662958317,2.4185601003318604;3.4658463430243227,2.9891174118935857,0.21873102450163456;11.48626419771846,13.846024245365946,0.41596374877409237;5.718556999345342,8.252639224464476,0.3082740680827401;5.41842524027721,5.36907783143671,0.36053001055856554;5.263915430660201,12.511724220330363,0.47075426437758255;5.371172332057537,16.5795681636937,2.275404858158624;17.01738932692288,3.949288472633914,1.0833734478179253;1.2152499625451305,9.264165891219097,0.6289695736007946;2.5152666477933683,4.227481450075309,0.31479177433064687;0.8812631632839998,12.985708095722533,0.4433356300474305;18.23134962994997,17.499124477037014,1.7140616004040665;14.70574069346987,10.138925022682221,0.4018617649899432;0.41828819810825524,18.647760106540918,0.22147400162659886;4.200221053635278,15.46778249624208,0.43191318400781337;6.298497731957038,17.535487675311437,0.9892719758789834"
32,drone_9,9.351,8.909,11.528,10.640,"14.927867894972593,1.9417923666224648,0.6851088007879556;9.581603859062518,1.7165682560455653,1.2502531594349593;9.390093762647613,15.472761448915204,2.171069838955237;19.533980818859707,17.049180100391123,0.27883058946767136;10.26526511140737,1.392277412259023,1.016178670844001;3.348893179695101,14.251866662958317,2.4185601003318604;3.4658463430243227,2.9891174118935857,0.21873102450163456;11.48626419771846,13.846024245365946,0.41596374877409237;5.718556999345342,8.252639224464476,0.3082740680827401;5.41842524027721,5.36907783143671,0.36053001055856554;5.263915430660201,12.511724220330363,0.47075426437758255;5.371172332057537,16.5795681636937,2.275404858158624;17.01738932692288,3.949288472633914,1.0833734478179253;1.2152499625451305,9.264165891219097,0.6289695736007946;2.5152666477933683,4.227481450075309,0.31479177433064687;0.8812631632839998,12.985708095722533,0.4433356300474305;18.23134962994997,17.499124477037014,1.7140616004040665;14.70574069346987,10.138925022682221,0.4018617649899432;0.41828819810825524,18.647760106540918,0.22147400162659886;4.200221053635278,15.46778249624208,0.43191318400781337;6.298497731957038,17.535487675311437,0.9892719758789834"
33,drone_0,14.177,11.089,11.528,10.640,"14.927867894972593,1.9417923666224648,0.6851088007879556;9.581603859062518,1.7165682560455653,1.2502531594349593;9.390093762647613,15.472761448915204,2.171069838955237;19.533980818859707,17.049180100391123,0.27883058946767136;10.26526511140737,1.392277412259023,1.016178670844001;3.348893179695101,14.251866662958317,2.4185601003318604;3.4658463430243227,2.9891174118935857,0.21873102450163456;11.48626419771846,13.846024245365946,0.41596374877409237;5.718556999345342,8.252639224464476,0.3082740680827401;5.41842524027721,5.36907783143671,0.36053001055856554;5.263915430660201,12.511724220330363,0.47075426437758255;5.371172332057537,16.5795681636937,2.275404858158624;17.01738932692288,3.949288472633914,1.0833734478179253;1.2152499625451305,9.264165891219097,0.6289695736007946;2.5152666477933683,4.227481450075309,0.31479177433064687;0.8812631632839998,12.985708095722533,0.4433356300474305;18.23134962994997,17.499124477037014,1.7140616004040665;14.70574069346987,10.138925022682221,0.4018617649899432;0.41828819810825524,18.647760106540918,0.22147400162659886;4.200221053635278,15.46778249624208,0.43191318400781337;6.298497731957038,17.535487675311437,0.9892719758789834"
33,drone_1,11.247,7.312,11.528,10.640,"14.927867894972593,1.9417923666224648,0.6851088007879556;9.581603859062518,1.7165682560455653,1.2502531594349593;9.390093762647613,15.472761448915204,2.171069838955237;19.533980818859707,17.049180100391123,0.27883058946767136;10.26526511140737,1.392277412259023,1.016178670844001;3.348893179695101,14.251866662958317,2.4185601003318604;3.4658463430243227,2.9891174118935857,0.21873102450163456;11.48626419771846,13.846024245365946,0.41596374877409237;5.718556999345342,8.252639224464476,0.3082740680827401;5.41842524027721,5.36907783143671,0.36053001055856554;5.263915430660201,12.511724220330363,0.47075426437758255;5.371172332057537,16.5795681636937,2.275404858158624;17.01738932692288,3.949288472633914,1.0833734478179253;1.2152499625451305,9.264165891219097,0.6289695736007946;2.5152666477933683,4.227481450075309,0.31479177433064687;0.8812631632839998,12.985708095722533,0.4433356300474305;18.23134962994997,17.499124477037014,1.7140616004040665;14.70574069346987,10.138925022682221,0.4018617649899432;0.41828819810825524,18.647760106540918,0.22147400162659886;4.200221053635278,15.46778249624208,0.43191318400781337;6.298497731957038,17.535487675311437,0.9892719758789834"
33,drone_2,7.241,5.694,11.528,10.640,"14.927867894972593,1.9417923666224648,0.6851088007879556;9.581603859062518,1.7165682560455653,1.2502531594349593;9.390093762647613,15.472761448915204,2.171069838955237;19.533980818859707,17.049180100391123,0.27883058946767136;10.26526511140737,1.392277412259023,1.016178670844001;3.348893179695101,14.251866662958317,2.4185601003318604;3.4658463430243227,2.9891174118935857,0.21873102450163456;11.48626419771846,13.846024245365946,0.41596374877409237;5.718556999345342,8.252639224464476,0.3082740680827401;5.41842524027721,5.36907783143671,0.36053001055856554;5.263915430660201,12.511724220330363,0.47075426437758255;5.371172332057537,16.5795681636937,2.275404858158624;17.01738932692288,3.949288472633914,1.0833734478179253;1.2152499625451305,9.264165891219097,0.6289695736007946;2.5152666477933683,4.227481450075309,0.31479177433064687;0.8812631632839998,12.985708095722533,0.4433356300474305;18.23134962994997,17.499124477037014,1.7140616004040665;14.70574069346987,10.138925022682221,0.4018617649899432;0.41828819810825524,18.647760106540918,0.22147400162659886;4.200221053635278,15.46778249624208,0.43191318400781337;6.298497731957038,17.535487675311437,0.9892719758789834"
33,drone_3,13.180,6.353,11.528,10.640,"14.927867894972593,1.9417923666224648,0.6851088007879556;9.581603859062518,1.7165682560455653,1.2502531594349593;9.390093762647613,15.472761448915204,2.171069838955237;19.533980818859707,17.049180100391123,0.27883058946767136;10.26526511140737,1.392277412259023,1.016178670844001;3.348893179695101,14.251866662958317,2.4185601003318604;3.4658463430243227,2.9891174118935857,0.21873102450163456;11.48626419771846,13.846024245365946,0.41596374877409237;5.718556999345342,8.252639224464476,0.3082740680827401;5.41842524027721,5.36907783143671,0.36053001055856554;5.263915430660201,12.511724220330363,0.47075426437758255;5.371172332057537,16.5795681636937,2.275404858158624;17.01738932692288,3.949288472633914,1.0833734478179253;1.2152499625451305,9.264165891219097,0.6289695736007946;2.5152666477933683,4.227481450075309,0.31479177433064687;0.8812631632839998,12.985708095722533,0.4433356300474305;18.23134962994997,17.499124477037014,1.7140616004040665;14.70574069346987,10.138925022682221,0.4018617649899432;0.41828819810825524,18.647760106540918,0.22147400162659886;4.200221053635278,15.46778249624208,0.43191318400781337;6.298497731957038,17.535487675311437,0.9892719758789834"
33,drone_4,9.422,9.822,11.528,10.640,"14.927867894972593,1.9417923666224648,0.6851088007879556;9.581603859062518,1.7165682560455653,1.2502531594349593;9.390093762647613,15.472761448915204,2.171069838955237;19.533980818859707,17.049180100391123,0.27883058946767136;10.26526511140737,1.392277412259023,1.016178670844001;3.348893179695101,14.251866662958317,2.4185601003318604;3.4658463430243227,2.9891174118935857,0.21873102450163456;11.48626419771846,13.846024245365946,0.41596374877409237;5.718556999345342,8.252639224464476,0.3082740680827401;5.41842524027721,5.36907783143671,0.36053001055856554;5.263915430660201,12.511724220330363,0.47075426437758255;5.371172332057537,16.5795681636937,2.275404858158624;17.01738932692288,3.949288472633914,1.0833734478179253;1.2152499625451305,9.264165891219097,0.6289695736007946;2.5152666477933683,4.227481450075309,0.31479177433064687;0.8812631632839998,12.985708095722533,0.4433356300474305;18.23134962994997,17.499124477037014,1.7140616004040665;14.70574069346987,10.138925022682221,0.4018617649899432;0.41828819810825524,18.647760106540918,0.22147400162659886;4.200221053635278,15.46778249624208,0.43191318400781337;6.298497731957038,17.535487675311437,0.9892719758789834"
33,drone_5,13.711,11.590,11.528,10.640,"14.927867894972593,1.9417923666224648,0.6851088007879556;9.581603859062518,1.7165682560455653,1.2502531594349593;9.390093762647613,15.472761448915204,2.171069838955237;19.533980818859707,17.049180100391123,0.27883058946767136;10.26526511140737,1.392277412259023,1.016178670844001;3.348893179695101,14.251866662958317,2.4185601003318604;3.4658463430243227,2.9891174118935857,0.21873102450163456;11.48626419771846,13.846024245365946,0.41596374877409237;5.718556999345342,8.252639224464476,0.3082740680827401;5.41842524027721,5.36907783143671,0.36053001055856554;5.263915430660201,12.511724220330363,0.47075426437758255;5.371172332057537,16.5795681636937,2.275404858158624;17.01738932692288,3.949288472633914,1.0833734478179253;1.2152499625451305,9.264165891219097,0.6289695736007946;2.5152666477933683,4.227481450075309,0.31479177433064687;0.8812631632839998,12.985708095722533,0.4433356300474305;18.23134962994997,17.499124477037014,1.7140616004040665;14.70574069346987,10.138925022682221,0.4018617649899432;0.41828819810825524,18.647760106540918,0.22147400162659886;4.200221053635278,15.46778249624208,0.43191318400781337;6.298497731957038,17.535487675311437,0.9892719758789834"
33,drone_6,12.035,8.343,11.528,10.640,"14.927867894972593,1.9417923666224648,0.6851088007879556;9.581603859062518,1.7165682560455653,1.2502531594349593;9.390093762647613,15.472761448915204,2.171069838955237;19.533980818859707,17.049180100391123,0.27883058946767136;10.26526511140737,1.392277412259023,1.016178670844001;3.348893179695101,14.251866662958317,2.4185601003318604;3.4658463430243227,2.9891174118935857,0.21873102450163456;11.48626419771846,13.846024245365946,0.41596374877409237;5.718556999345342,8.252639224464476,0.3082740680827401;5.41842524027721,5.36907783143671,0.36053001055856554;5.263915430660201,12.511724220330363,0.47075426437758255;5.371172332057537,16.5795681636937,2.275404858158624;17.01738932692288,3.949288472633914,1.0833734478179253;1.2152499625451305,9.264165891219097,0.6289695736007946;2.5152666477933683,4.227481450075309,0.31479177433064687;0.8812631632839998,12.985708095722533,0.4433356300474305;18.23134962994997,17.499124477037014,1.7140616004040665;14.70574069346987,10.138925022682221,0.4018617649899432;0.41828819810825524,18.647760106540918,0.22147400162659886;4.200221053635278,15.46778249624208,0.43191318400781337;6.298497731957038,17.535487675311437,0.9892719758789834"
33,drone_7,7.920,10.031,11.528,10.640,"14.927867894972593,1.9417923666224648,0.6851088007879556;9.581603859062518,1.7165682560455653,1.2502531594349593;9.390093762647613,15.472761448915204,2.171069838955237;19.533980818859707,17.049180100391123,0.27883058946767136;10.26526511140737,1.392277412259023,1.016178670844001;3.348893179695101,14.251866662958317,2.4185601003318604;3.4658463430243227,2.9891174118935857,0.21873102450163456;11.48626419771846,13.846024245365946,0.41596374877409237;5.718556999345342,8.252639224464476,0.3082740680827401;5.41842524027721,5.36907783143671,0.36053001055856554;5.263915430660201,12.511724220330363,0.47075426437758255;5.371172332057537,16.5795681636937,2.275404858158624;17.01738932692288,3.949288472633914,1.0833734478179253;1.2152499625451305,9.264165891219097,0.6289695736007946;2.5152666477933683,4.227481450075309,0.31479177433064687;0.8812631632839998,12.985708095722533,0.4433356300474305;18.23134962994997,17.499124477037014,1.7140616004040665;14.70574069346987,10.138925022682221,0.4018617649899432;0.41828819810825524,18.647760106540918,0.22147400162659886;4.200221053635278,15.46778249624208,0.43191318400781337;6.298497731957038,17.535487675311437,0.9892719758789834"
33,drone_8,6.043,7.201,11.528,10.640,"14.927867894972593,1.9417923666224648,0.6851088007879556;9.581603859062518,1.7165682560455653,1.2502531594349593;9.390093762647613,15.472761448915204,2.171069838955237;19.533980818859707,17.049180100391123,0.27883058946767136;10.26526511140737,1.392277412259023,1.016178670844001;3.348893179695101,14.251866662958317,2.4185601003318604;3.4658463430243227,2.9891174118935857,0.21873102450163456;11.48626419771846,13.846024245365946,0.41596374877409237;5.718556999345342,8.252639224464476,0.3082740680827401;5.41842524027721,5.36907783143671,0.36053001055856554;5.263915430660201,12.511724220330363,0.47075426437758255;5.371172332057537,16.5795681636937,2.275404858158624;17.01738932692288,3.949288472633914,1.0833734478179253;1.2152499625451305,9.264165891219097,0.6289695736007946;2.5152666477933683,4.227481450075309,0.31479177433064687;0.8812631632839998,12.985708095722533,0.4433356300474305;18.23134962994997,17.499124477037014,1.7140616004040665;14.70574069346987,10.138925022682221,0.4018617649899432;0.41828819810825524,18.647760106540918,0.22147400162659886;4.200221053635278,15.46778249624208,0.43191318400781337;6.298497731957038,17.535487675311437,0.9892719758789834"
33,drone_9,9.523,8.898,11.528,10.640,"14.927867894972593,1.9417923666224648,0.6851088007879556;9.581603859062518,1.7165682560455653,1.2502531594349593;9.390093762647613,15.472761448915204,2.171069838955237;19.533980818859707,17.049180100391123,0.27883058946767136;10.26526511140737,1.392277412259023,1.016178670844001;3.348893179695101,14.251866662958317,2.4185601003318604;3.4658463430243227,2.9891174118935857,0.21873102450163456;11.48626419771846,13.846024245365946,0.41596374877409237;5.718556999345342,8.252639224464476,0.3082740680827401;5.41842524027721,5.36907783143671,0.36053001055856554;5.263915430660201,12.511724220330363,0.47075426437758255;5.371172332057537,16.5795681636937,2.275404858158624;17.01738932692288,3.949288472633914,1.0833734478179253;1.2152499625451305,9.264165891219097,0.6289695736007946;2.5152666477933683,4.227481450075309,0.31479177433064687;0.8812631632839998,12.985708095722533,0.4433356300474305;18.23134962994997,17.499124477037014,1.7140616004040665;14.70574069346987,10.138925022682221,0.4018617649899432;0.41828819810825524,18.647760106540918,0.22147400162659886;4.200221053635278,15.46778249624208,0.43191318400781337;6.298497731957038,17.535487675311437,0.9892719758789834"
34,drone_0,14.034,10.994,11.528,10.640,"14.927867894972593,1.9417923666224648,0.6851088007879556;9.581603859062518,1.7165682560455653,1.2502531594349593;9.390093762647613,15.472761448915204,2.171069838955237;19.533980818859707,17.049180100391123,0.27883058946767136;10.26526511140737,1.392277412259023,1.016178670844001;3.348893179695101,14.251866662958317,2.4185601003318604;3.4658463430243227,2.9891174118935857,0.21873102450163456;11.48626419771846,13.846024245365946,0.41596374877409237;5.718556999345342,8.252639224464476,0.3082740680827401;5.41842524027721,5.36907783143671,0.36053001055856554;5.263915430660201,12.511724220330363,0.47075426437758255;5.371172332057537,16.5795681636937,2.275404858158624;17.01738932692288,3.949288472633914,1.0833734478179253;1.2152499625451305,9.264165891219097,0.6289695736007946;2.5152666477933683,4.227481450075309,0.31479177433064687;0.8812631632839998,12.985708095722533,0.4433356300474305;18.23134962994997,17.499124477037014,1.7140616004040665;14.70574069346987,10.138925022682221,0.4018617649899432;0.41828819810825524,18.647760106540918,0.22147400162659886;4.200221053635278,15.46778249624208,0.43191318400781337;6.298497731957038,17.535487675311437,0.9892719758789834"
34,drone_1,11.281,7.509,11.528,10.640,"14.927867894972593,1.9417923666224648,0.6851088007879556;9.581603859062518,1.7165682560455653,1.2502531594349593;9.390093762647613,15.472761448915204,2.171069838955237;19.533980818859707,17.049180100391123,0.27883058946767136;10.26526511140737,1.392277412259023,1.016178670844001;3.348893179695101,14.251866662958317,2.4185601003318604;3.4658463430243227,2.9891174118935857,0.21873102450163456;11.48626419771846,13.846024245365946,0.41596374877409237;5.718556999345342,8.252639224464476,0.3082740680827401;5.41842524027721,5.36907783143671,0.36053001055856554;5.263915430660201,12.511724220330363,0.47075426437758255;5.371172332057537,16.5795681636937,2.275404858158624;17.01738932692288,3.949288472633914,1.0833734478179253;1.2152499625451305,9.264165891219097,0.6289695736007946;2.5152666477933683,4.227481450075309,0.31479177433064687;0.8812631632839998,12.985708095722533,0.4433356300474305;18.23134962994997,17.499124477037014,1.7140616004040665;14.70574069346987,10.138925022682221,0.4018617649899432;0.41828819810825524,18.647760106540918,0.22147400162659886;4.200221053635278,15.46778249624208,0.43191318400781337;6.298497731957038,17.535487675311437,0.9892719758789834"
34,drone_2,7.383,5.836,11.528,10.640,"14.927867894972593,1.9417923666224648,0.6851088007879556;9.581603859062518,1.7165682560455653,1.2502531594349593;9.390093762647613,15.472761448915204,2.171069838955237;19.533980818859707,17.049180100391123,0.27883058946767136;10.26526511140737,1.392277412259023,1.016178670844001;3.348893179695101,14.251866662958317,2.4185601003318604;3.4658463430243227,2.9891174118935857,0.21873102450163456;11.48626419771846,13.846024245365946,0.41596374877409237;5.718556999345342,8.252639224464476,0.3082740680827401;5.41842524027721,5.36907783143671,0.36053001055856554;5.263915430660201,12.511724220330363,0.47075426437758255;5.371172332057537,16.5795681636937,2.275404858158624;17.01738932692288,3.949288472633914,1.0833734478179253;1.2152499625451305,9.264165891219097,0.6289695736007946;2.5152666477933683,4.227481450075309,0.31479177433064687;0.8812631632839998,12.985708095722533,0.4433356300474305;18.23134962994997,17.499124477037014,1.7140616004040665;14.70574069346987,10.138925022682221,0.4018617649899432;0.41828819810825524,18.647760106540918,0.22147400162659886;4.200221053635278,15.46778249624208,0.43191318400781337;6.298497731957038,17.535487675311437,0.9892719758789834"
34,drone_3,13.219,6.549,11.528,10.640,"14.927867894972593,1.9417923666224648,0.6851088007879556;9.581603859062518,1.7165682560455653,1.2502531594349593;9.390093762647613,15.472761448915204,2.171069838955237;19.533980818859707,17.049180100391123,0.27883058946767136;10.26526511140737,1.392277412259023,1.016178670844001;3.348893179695101,14.251866662958317,2.4185601003318604;3.4658463430243227,2.9891174118935857,0.21873102450163456;11.48626419771846,13.846024245365946,0.41596374877409237;5.718556999345342,8.252639224464476,0.3082740680827401;5.41842524027721,5.36907783143671,0.36053001055856554;5.263915430660201,12.511724220330363,0.47075426437758255;5.371172332057537,16.5795681636937,2.275404858158624;17.01738932692288,3.949288472633914,1.0833734478179253;1.2152499625451305,9.264165891219097,0.6289695736007946;2.5152666477933683,4.227481450075309,0.31479177433064687;0.8812631632839998,12.985708095722533,0.4433356300474305;18.23134962994997,17.499124477037014,1.7140616004040665;14.70574069346987,10.138925022682221,0.4018617649899432;0.41828819810825524,18.647760106540918,0.22147400162659886;4.200221053635278,15.46778249624208,0.43191318400781337;6.298497731957038,17.535487675311437,0.9892719758789834"
34,drone_4,9.571,9.908,11.528,10.640,"14.927867894972593,1.9417923666224648,0.6851088007879556;9.581603859062518,1.7165682560455653,1.2502531594349593;9.390093762647613,15.472761448915204,2.171069838955237;19.533980818859707,17.049180100391123,0.27883058946767136;10.26526511140737,1.392277412259023,1.016178670844001;3.348893179695101,14.251866662958317,2.4185601003318604;3.4658463430243227,2.9891174118935857,0.21873102450163456;11.48626419771846,13.846024245365946,0.41596374877409237;5.718556999345342,8.252639224464476,0.3082740680827401;5.41842524027721,5.36907783143671,0.36053001055856554;5.263915430660201,12.511724220330363,0.47075426437758255;5.371172332057537,16.5795681636937,2.275404858158624;17.01738932692288,3.949288472633914,1.0833734478179253;1.2152499625451305,9.264165891219097,0.6289695736007946;2.5152666477933683,4.227481450075309,0.31479177433064687;0.8812631632839998,12.985708095722533,0.4433356300474305;18.23134962994997,17.499124477037014,1.7140616004040665;14.70574069346987,10.138925022682221,0.4018617649899432;0.41828819810825524,18.647760106540918,0.22147400162659886;4.200221053635278,15.46778249624208,0.43191318400781337;6.298497731957038,17.535487675311437,0.9892719758789834"
34,drone_5,13.561,11.506,11.528,10.640,"14.927867894972593,1.9417923666224648,0.6851088007879556;9.581603859062518,1.7165682560455653,1.2502531594349593;9.390093762647613,15.472761448915204,2.171069838955237;19.533980818859707,17.049180100391123,0.27883058946767136;10.26526511140737,1.392277412259023,1.016178670844001;3.348893179695101,14.251866662958317,2.4185601003318604;3.4658463430243227,2.9891174118935857,0.21873102450163456;11.48626419771846,13.846024245365946,0.41596374877409237;5.718556999345342,8.252639224464476,0.3082740680827401;5.41842524027721,5.36907783143671,0.36053001055856554;5.263915430660201,12.511724220330363,0.47075426437758255;5.371172332057537,16.5795681636937,2.275404858158624;17.01738932692288,3.949288472633914,1.0833734478179253;1.2152499625451305,9.264165891219097,0.6289695736007946;2.5152666477933683,4.227481450075309,0.31479177433064687;0.8812631632839998,12.985708095722533,0.4433356300474305;18.23134962994997,17.499124477037014,1.7140616004040665;14.70574069346987,10.138925022682221,0.4018617649899432;0.41828819810825524,18.647760106540918,0.22147400162659886;4.200221053635278,15.46778249624208,0.43191318400781337;6.298497731957038,17.535487675311437,0.9892719758789834"
34,drone_6,12.105,8.531,11.528,10.640,"14.927867894972593,1.9417923666224648,0.6851088007879556;9.581603859062518,1.7165682560455653,1.2502531594349593;9.390093762647613,15.472761448915204,2.171069838955237;19.533980818859707,17.049180100391123,0.27883058946767136;10.26526511140737,1.392277412259023,1.016178670844001;3.348893179695101,14.251866662958317,2.4185601003318604;3.4658463430243227,2.9891174118935857,0.21873102450163456;11.48626419771846,13.846024245365946,0.41596374877409237;5.718556999345342,8.252639224464476,0.3082740680827401;5.41842524027721,5.36907783143671,0.36053001055856554;5.263915430660201,12.511724220330363,0.47075426437758255;5.371172332057537,16.5795681636937,2.275404858158624;17.01738932692288,3.949288472633914,1.0833734478179253;1.2152499625451305,9.264165891219097,0.6289695736007946;2.5152666477933683,4.227481450075309,0.31479177433064687;0.8812631632839998,12.985708095722533,0.4433356300474305;18.23134962994997,17.499124477037014,1.7140616004040665;14.70574069346987,10.138925022682221,0.4018617649899432;0.41828819810825524,18.647760106540918,0.22147400162659886;4.200221053635278,15.46778249624208,0.43191318400781337;6.298497731957038,17.535487675311437,0.9892719758789834"
34,drone_7,8.116,9.991,11.528,10.640,"14.927867894972593,1.9417923666224648,0.6851088007879556;9.581603859062518,1.7165682560455653,1.2502531594349593;9.390093762647613,15.472761448915204,2.171069838955237;19.533980818859707,17.049180100391123,0.27883058946767136;10.26526511140737,1.392277412259023,1.016178670844001;3.348893179695101,14.251866662958317,2.4185601003318604;3.4658463430243227,2.9891174118935857,0.21873102450163456;11.48626419771846,13.846024245365946,0.41596374877409237;5.718556999345342,8.252639224464476,0.3082740680827401;5.41842524027721,5.36907783143671,0.36053001055856554;5.263915430660201,12.511724220330363,0.47075426437758255;5.371172332057537,16.5795681636937,2.275404858158624;17.01738932692288,3.949288472633914,1.0833734478179253;1.2152499625451305,9.264165891219097,0.6289695736007946;2.5152666477933683,4.227481450075309,0.31479177433064687;0.8812631632839998,12.985708095722533,0.4433356300474305;18.23134962994997,17.499124477037014,1.7140616004040665;14.70574069346987,10.138925022682221,0.4018617649899432;0.41828819810825524,18.647760106540918,0.22147400162659886;4.200221053635278,15.46778249624208,0.43191318400781337;6.298497731957038,17.535487675311437,0.9892719758789834"
34,drone_8,6.239,7.242,11.528,10.640,"14.927867894972593,1.9417923666224648,0.6851088007879556;9.581603859062518,1.7165682560455653,1.2502531594349593;9.390093762647613,15.472761448915204,2.171069838955237;19.533980818859707,17.049180100391123,0.27883058946767136;10.26526511140737,1.392277412259023,1.016178670844001;3.348893179695101,14.251866662958317,2.4185601003318604;3.4658463430243227,2.9891174118935857,0.21873102450163456;11.48626419771846,13.846024245365946,0.41596374877409237;5.718556999345342,8.252639224464476,0.3082740680827401;5.41842524027721,5.36907783143671,0.36053001055856554;5.263915430660201,12.511724220330363,0.47075426437758255;5.371172332057537,16.5795681636937,2.275404858158624;17.01738932692288,3.949288472633914,1.0833734478179253;1.2152499625451305,9.264165891219097,0.6289695736007946;2.5152666477933683,4.227481450075309,0.31479177433064687;0.8812631632839998,12.985708095722533,0.4433356300474305;18.23134962994997,17.499124477037014,1.7140616004040665;14.70574069346987,10.138925022682221,0.4018617649899432;0.41828819810825524,18.647760106540918,0.22147400162659886;4.200221053635278,15.46778249624208,0.43191318400781337;6.298497731957038,17.535487675311437,0.9892719758789834"
34,drone_9,9.713,8.960,11.528,10.640,"14.927867894972593,1.9417923666224648,0.6851088007879556;9.581603859062518,1.7165682560455653,1.2502531594349593;9.390093762647613,15.472761448915204,2.171069838955237;19.533980818859707,17.049180100391123,0.27883058946767136;10.26526511140737,1.392277412259023,1.016178670844001;3.348893179695101,14.251866662958317,2.4185601003318604;3.4658463430243227,2.9891174118935857,0.21873102450163456;11.48626419771846,13.846024245365946,0.41596374877409237;5.718556999345342,8.252639224464476,0.3082740680827401;5.41842524027721,5.36907783143671,0.36053001055856554;5.263915430660201,12.511724220330363,0.47075426437758255;5.371172332057537,16.5795681636937,2.275404858158624;17.01738932692288,3.949288472633914,1.0833734478179253;1.2152499625451305,9.264165891219097,0.6289695736007946;2.5152666477933683,4.227481450075309,0.31479177433064687;0.8812631632839998,12.985708095722533,0.4433356300474305;18.23134962994997,17.499124477037014,1.7140616004040665;14.70574069346987,10.138925022682221,0.4018617649899432;0.41828819810825524,18.647760106540918,0.22147400162659886;4.200221053635278,15.46778249624208,0.43191318400781337;6.298497731957038,17.535487675311437,0.9892719758789834"
35,drone_0,13.900,10.886,11.528,10.640,"14.927867894972593,1.9417923666224648,0.6851088007879556;9.581603859062518,1.7165682560455653,1.2502531594349593;9.390093762647613,15.472761448915204,2.171069838955237;19.533980818859707,17.049180100391123,0.27883058946767136;10.26526511140737,1.392277412259023,1.016178670844001;3.348893179695101,14.251866662958317,2.4185601003318604;3.4658463430243227,2.9891174118935857,0.21873102450163456;11.48626419771846,13.846024245365946,0.41596374877409237;5.718556999345342,8.252639224464476,0.3082740680827401;5.41842524027721,5.36907783143671,0.36053001055856554;5.263915430660201,12.511724220330363,0.47075426437758255;5.371172332057537,16.5795681636937,2.275404858158624;17.01738932692288,3.949288472633914,1.0833734478179253;1.2152499625451305,9.264165891219097,0.6289695736007946;2.5152666477933683,4.227481450075309,0.31479177433064687;0.8812631632839998,12.985708095722533,0.4433356300474305;18.23134962994997,17.499124477037014,1.7140616004040665;14.70574069346987,10.138925022682221,0.4018617649899432;0.41828819810825524,18.647760106540918,0.22147400162659886;4.200221053635278,15.46778249624208,0.43191318400781337;6.298497731957038,17.535487675311437,0.9892719758789834"
35,drone_1,11.363,7.692,11.528,10.640,"14.927867894972593,1.9417923666224648,0.6851088007879556;9.581603859062518,1.7165682560455653,1.2502531594349593;9.390093762647613,15.472761448915204,2.171069838955237;19.533980818859707,17.049180100391123,0.27883058946767136;10.26526511140737,1.392277412259023,1.016178670844001;3.348893179695101,14.251866662958317,2.4185601003318604;3.4658463430243227,2.9891174118935857,0.21873102450163456;11.48626419771846,13.846024245365946,0.41596374877409237;5.718556999345342,8.252639224464476,0.3082740680827401;5.41842524027721,5.36907783143671,0.36053001055856554;5.263915430660201,12.511724220330363,0.47075426437758255;5.371172332057537,16.5795681636937,2.275404858158624;17.01738932692288,3.949288472633914,1.0833734478179253;1.2152499625451305,9.264165891219097,0.6289695736007946;2.5152666477933683,4.227481450075309,0.31479177433064687;0.8812631632839998,12.985708095722533,0.4433356300474305;18.23134962994997,17.499124477037014,1.7140616004040665;14.70574069346987,10.138925022682221,0.4018617649899432;0.41828819810825524,18.647760106540918,0.22147400162659886;4.200221053635278,15.46778249624208,0.43191318400781337;6.298497731957038,17.535487675311437,0.9892719758789834"
35,drone_2,7.524,5.977,11.528,10.640,"14.927867894972593,1.9417923666224648,0.6851088007879556;9.581603859062518,1.7165682560455653,1.2502531594349593;9.390093762647613,15.472761448915204,2.171069838955237;19.533980818859707,17.049180100391123,0.27883058946767136;10.26526511140737,1.392277412259023,1.016178670844001;3.348893179695101,14.251866662958317,2.4185601003318604;3.4658463430243227,2.9891174118935857,0.21873102450163456;11.48626419771846,13.846024245365946,0.41596374877409237;5.718556999345342,8.252639224464476,0.3082740680827401;5.41842524027721,5.36907783143671,0.36053001055856554;5.263915430660201,12.511724220330363,0.47075426437758255;5.371172332057537,16.5795681636937,2.275404858158624;17.01738932692288,3.949288472633914,1.0833734478179253;1.2152499625451305,9.264165891219097,0.6289695736007946;2.5152666477933683,4.227481450075309,0.31479177433064687;0.8812631632839998,12.985708095722533,0.4433356300474305;18.23134962994997,17.499124477037014,1.7140616004040665;14.70574069346987,10.138925022682221,0.4018617649899432;0.41828819810825524,18.647760106540918,0.22147400162659886;4.200221053635278,15.46778249624208,0.43191318400781337;6.298497731957038,17.535487675311437,0.9892719758789834"
35,drone_3,13.303,6.730,11.528,10.640,"14.927867894972593,1.9417923666224648,0.6851088007879556;9.581603859062518,1.7165682560455653,1.2502531594349593;9.390093762647613,15.472761448915204,2.171069838955237;19.533980818859707,17.049180100391123,0.27883058946767136;10.26526511140737,1.392277412259023,1.016178670844001;3.348893179695101,14.251866662958317,2.4185601003318604;3.4658463430243227,2.9891174118935857,0.21873102450163456;11.48626419771846,13.846024245365946,0.41596374877409237;5.718556999345342,8.252639224464476,0.3082740680827401;5.41842524027721,5.36907783143671,0.36053001055856554;5.263915430660201,12.511724220330363,0.47075426437758255;5.371172332057537,16.5795681636937,2.275404858158624;17.01738932692288,3.949288472633914,1.0833734478179253;1.2152499625451305,9.264165891219097,0.6289695736007946;2.5152666477933683,4.227481450075309,0.31479177433064687;0.8812631632839998,12.985708095722533,0.4433356300474305;18.23134962994997,17.499124477037014,1.7140616004040665;14.70574069346987,10.138925022682221,0.4018617649899432;0.41828819810825524,18.647760106540918,0.22147400162659886;4.200221053635278,15.46778249624208,0.43191318400781337;6.298497731957038,17.535487675311437,0.9892719758789834"
35,drone_4,9.709,10.011,11.528,10.640,"14.927867894972593,1.9417923666224648,0.6851088007879556;9.581603859062518,1.7165682560455653,1.2502531594349593;9.390093762647613,15.472761448915204,2.171069838955237;19.533980818859707,17.049180100391123,0.27883058946767136;10.26526511140737,1.392277412259023,1.016178670844001;3.348893179695101,14.251866662958317,2.4185601003318604;3.4658463430243227,2.9891174118935857,0.21873102450163456;11.48626419771846,13.846024245365946,0.41596374877409237;5.718556999345342,8.252639224464476,0.3082740680827401;5.41842524027721,5.36907783143671,0.36053001055856554;5.263915430660201,12.511724220330363,0.47075426437758255;5.371172332057537,16.5795681636937,2.275404858158624;17.01738932692288,3.949288472633914,1.0833734478179253;1.2152499625451305,9.264165891219097,0.6289695736007946;2.5152666477933683,4.227481450075309,0.31479177433064687;0.8812631632839998,12.985708095722533,0.4433356300474305;18.23134962994997,17.499124477037014,1.7140616004040665;14.70574069346987,10.138925022682221,0.4018617649899432;0.41828819810825524,18.647760106540918,0.22147400162659886;4.200221053635278,15.46778249624208,0.43191318400781337;6.298497731957038,17.535487675311437,0.9892719758789834"
35,drone_5,13.422,11.404,11.528,10.640,"14.927867894972593,1.9417923666224648,0.6851088007879556;9.581603859062518,1.7165682560455653,1.2502531594349593;9.390093762647613,15.472761448915204,2.171069838955237;19.533980818859707,17.049180100391123,0.27883058946767136;10.26526511140737,1.392277412259023,1.016178670844001;3.348893179695101,14.251866662958317,2.4185601003318604;3.4658463430243227,2.9891174118935857,0.21873102450163456;11.48626419771846,13.846024245365946,0.41596374877409237;5.718556999345342,8.252639224464476,0.3082740680827401;5.41842524027721,5.36907783143671,0.36053001055856554;5.263915430660201,12.511724220330363,0.47075426437758255;5.371172332057537,16.5795681636937,2.275404858158624;17.01738932692288,3.949288472633914,1.0833734478179253;1.2152499625451305,9.264165891219097,0.6289695736007946;2.5152666477933683,4.227481450075309,0.31479177433064687;0.8812631632839998,12.985708095722533,0.4433356300474305;18.23134962994997,17.499124477037014,1.7140616004040665;14.70574069346987,10.138925022682221,0.4018617649899432;0.41828819810825524,18.647760106540918,0.22147400162659886;4.200221053635278,15.46778249624208,0.43191318400781337;6.298497731957038,17.535487675311437,0.9892719758789834"
35,drone_6,12.207,8.703,11.528,10.640,"14.927867894972593,1.9417923666224648,0.6851088007879556;9.581603859062518,1.7165682560455653,1.2502531594349593;9.390093762647613,15.472761448915204,2.171069838955237;19.533980818859707,17.049180100391123,0.27883058946767136;10.26526511140737,1.392277412259023,1.016178670844001;3.348893179695101,14.251866662958317,2.4185601003318604;3.4658463430243227,2.9891174118935857,0.21873102450163456;11.48626419771846,13.846024245365946,0.41596374877409237;5.718556999345342,8.252639224464476,0.3082740680827401;5.41842524027721,5.36907783143671,0.36053001055856554;5.263915430660201,12.511724220330363,0.47075426437758255;5.371172332057537,16.5795681636937,2.275404858158624;17.01738932692288,3.949288472633914,1.0833734478179253;1.2152499625451305,9.264165891219097,0.6289695736007946;2.5152666477933683,4.227481450075309,0.31479177433064687;0.8812631632839998,12.985708095722533,0.4433356300474305;18.23134962994997,17.499124477037014,1.7140616004040665;14.70574069346987,10.138925022682221,0.4018617649899432;0.41828819810825524,18.647760106540918,0.22147400162659886;4.200221053635278,15.46778249624208,0.43191318400781337;6.298497731957038,17.535487675311437,0.9892719758789834"
35,drone_7,8.312,10.031,11.528,10.640,"14.927867894972593,1.9417923666224648,0.6851088007879556;9.581603859062518,1.7165682560455653,1.2502531594349593;9.390093762647613,15.472761448915204,2.171069838955237;19.533980818859707,17.049180100391123,0.27883058946767136;10.26526511140737,1.392277412259023,1.016178670844001;3.348893179695101,14.251866662958317,2.4185601003318604;3.4658463430243227,2.9891174118935857,0.21873102450163456;11.48626419771846,13.846024245365946,0.41596374877409237;5.718556999345342,8.252639224464476,0.3082740680827401;5.41842524027721,5.36907783143671,0.36053001055856554;5.263915430660201,12.511724220330363,0.47075426437758255;5.371172332057537,16.5795681636937,2.275404858158624;17.01738932692288,3.949288472633914,1.0833734478179253;1.2152499625451305,9.264165891219097,0.6289695736007946;2.5152666477933683,4.227481450075309,0.31479177433064687;0.8812631632839998,12.985708095722533,0.4433356300474305;18.23134962994997,17.499124477037014,1.7140616004040665;14.70574069346987,10.138925022682221,0.4018617649899432;0.41828819810825524,18.647760106540918,0.22147400162659886;4.200221053635278,15.46778249624208,0.43191318400781337;6.298497731957038,17.535487675311437,0.9892719758789834"
35,drone_8,6.419,7.327,11.528,10.640,"14.927867894972593,1.9417923666224648,0.6851088007879556;9.581603859062518,1.7165682560455653,1.2502531594349593;9.390093762647613,15.472761448915204,2.171069838955237;19.533980818859707,17.049180100391123,0.27883058946767136;10.26526511140737,1.392277412259023,1.016178670844001;3.348893179695101,14.251866662958317,2.4185601003318604;3.4658463430243227,2.9891174118935857,0.21873102450163456;11.48626419771846,13.846024245365946,0.41596374877409237;5.718556999345342,8.252639224464476,0.3082740680827401;5.41842524027721,5.36907783143671,0.36053001055856554;5.263915430660201,12.511724220330363,0.47075426437758255;5.371172332057537,16.5795681636937,2.275404858158624;17.01738932692288,3.949288472633914,1.0833734478179253;1.2152499625451305,9.264165891219097,0.6289695736007946;2.5152666477933683,4.227481450075309,0.31479177433064687;0.8812631632839998,12.985708095722533,0.4433356300474305;18.23134962994997,17.499124477037014,1.7140616004040665;14.70574069346987,10.138925022682221,0.4018617649899432;0.41828819810825524,18.647760106540918,0.22147400162659886;4.200221053635278,15.46778249624208,0.43191318400781337;6.298497731957038,17.535487675311437,0.9892719758789834"
35,drone_9,9.888,9.057,11.528,10.640,"14.927867894972593,1.9417923666224648,0.6851088007879556;9.581603859062518,1.7165682560455653,1.2502531594349593;9.390093762647613,15.472761448915204,2.171069838955237;19.533980818859707,17.049180100391123,0.27883058946767136;10.26526511140737,1.392277412259023,1.016178670844001;3.348893179695101,14.251866662958317,2.4185601003318604;3.4658463430243227,2.9891174118935857,0.21873102450163456;11.48626419771846,13.846024245365946,0.41596374877409237;5.718556999345342,8.252639224464476,0.3082740680827401;5.41842524027721,5.36907783143671,0.36053001055856554;5.263915430660201,12.511724220330363,0.47075426437758255;5.371172332057537,16.5795681636937,2.275404858158624;17.01738932692288,3.949288472633914,1.0833734478179253;1.2152499625451305,9.264165891219097,0.6289695736007946;2.5152666477933683,4.227481450075309,0.31479177433064687;0.8812631632839998,12.985708095722533,0.4433356300474305;18.23134962994997,17.499124477037014,1.7140616004040665;14.70574069346987,10.138925022682221,0.4018617649899432;0.41828819810825524,18.647760106540918,0.22147400162659886;4.200221053635278,15.46778249624208,0.43191318400781337;6.298497731957038,17.535487675311437,0.9892719758789834"
36,drone_0,13.771,10.771,11.528,10.640,"14.927867894972593,1.9417923666224648,0.6851088007879556;9.581603859062518,1.7165682560455653,1.2502531594349593;9.390093762647613,15.472761448915204,2.171069838955237;19.533980818859707,17.049180100391123,0.27883058946767136;10.26526511140737,1.392277412259023,1.016178670844001;3.348893179695101,14.251866662958317,2.4185601003318604;3.4658463430243227,2.9891174118935857,0.21873102450163456;11.48626419771846,13.846024245365946,0.41596374877409237;5.718556999345342,8.252639224464476,0.3082740680827401;5.41842524027721,5.36907783143671,0.36053001055856554;5.263915430660201,12.511724220330363,0.47075426437758255;5.371172332057537,16.5795681636937,2.275404858158624;17.01738932692288,3.949288472633914,1.0833734478179253;1.2152499625451305,9.264165891219097,0.6289695736007946;2.5152666477933683,4.227481450075309,0.31479177433064687;0.8812631632839998,12.985708095722533,0.4433356300474305;18.23134962994997,17.499124477037014,1.7140616004040665;14.70574069346987,10.138925022682221,0.4018617649899432;0.41828819810825524,18.647760106540918,0.22147400162659886;4.200221053635278,15.46778249624208,0.43191318400781337;6.298497731957038,17.535487675311437,0.9892719758789834"
36,drone_1,11.471,7.860,11.528,10.640,"14.927867894972593,1.9417923666224648,0.6851088007879556;9.581603859062518,1.7165682560455653,1.2502531594349593;9.390093762647613,15.472761448915204,2.171069838955237;19.533980818859707,17.049180100391123,0.27883058946767136;10.26526511140737,1.392277412259023,1.016178670844001;3.348893179695101,14.251866662958317,2.4185601003318604;3.4658463430243227,2.9891174118935857,0.21873102450163456;11.48626419771846,13.846024245365946,0.41596374877409237;5.718556999345342,8.252639224464476,0.3082740680827401;5.41842524027721,5.36907783143671,0.36053001055856554;5.263915430660201,12.511724220330363,0.47075426437758255;5.371172332057537,16.5795681636937,2.275404858158624;17.01738932692288,3.949288472633914,1.0833734478179253;1.2152499625451305,9.264165891219097,0.6289695736007946;2.5152666477933683,4.227481450075309,0.31479177433064687;0.8812631632839998,12.985708095722533,0.4433356300474305;18.23134962994997,17.499124477037014,1.7140616004040665;14.70574069346987,10.138925022682221,0.4018617649899432;0.41828819810825524,18.647760106540918,0.22147400162659886;4.200221053635278,15.46778249624208,0.43191318400781337;6.298497731957038,17.535487675311437,0.9892719758789834"
36,drone_2,7.665,6.119,11.528,10.640,"14.927867894972593,1.9417923666224648,0.6851088007879556;9.581603859062518,1.7165682560455653,1.2502531594349593;9.390093762647613,15.472761448915204,2.171069838955237;19.533980818859707,17.049180100391123,0.27883058946767136;10.26526511140737,1.392277412259023,1.016178670844001;3.348893179695101,14.251866662958317,2.4185601003318604;3.4658463430243227,2.9891174118935857,0.21873102450163456;11.48626419771846,13.846024245365946,0.41596374877409237;5.718556999345342,8.252639224464476,0.3082740680827401;5.41842524027721,5.36907783143671,0.36053001055856554;5.263915430660201,12.511724220330363,0.47075426437758255;5.371172332057537,16.5795681636937,2.275404858158624;17.01738932692288,3.949288472633914,1.0833734478179253;1.2152499625451305,9.264165891219097,0.6289695736007946;2.5152666477933683,4.227481450075309,0.31479177433064687;0.8812631632839998,12.985708095722533,0.4433356300474305;18.23134962994997,17.499124477037014,1.7140616004040665;14.70574069346987,10.138925022682221,0.4018617649899432;0.41828819810825524,18.647760106540918,0.22147400162659886;4.200221053635278,15.46778249624208,0.43191318400781337;6.298497731957038,17.535487675311437,0.9892719758789834"
36,drone_3,13.292,6.930,11.528,10.640,"14.927867894972593,1.9417923666224648,0.6851088007879556;9.581603859062518,1.7165682560455653,1.2502531594349593;9.390093762647613,15.472761448915204,2.171069838955237;19.533980818859707,17.049180100391123,0.27883058946767136;10.26526511140737,1.392277412259023,1.016178670844001;3.348893179695101,14.251866662958317,2.4185601003318604;3.4658463430243227,2.9891174118935857,0.21873102450163456;11.48626419771846,13.846024245365946,0.41596374877409237;5.718556999345342,8.252639224464476,0.3082740680827401;5.41842524027721,5.36907783143671,0.36053001055856554;5.263915430660201,12.511724220330363,0.47075426437758255;5.371172332057537,16.5795681636937,2.275404858158624;17.01738932692288,3.949288472633914,1.0833734478179253;1.2152499625451305,9.264165891219097,0.6289695736007946;2.5152666477933683,4.227481450075309,0.31479177433064687;0.8812631632839998,12.985708095722533,0.4433356300474305;18.23134962994997,17.499124477037014,1.7140616004040665;14.70574069346987,10.138925022682221,0.4018617649899432;0.41828819810825524,18.647760106540918,0.22147400162659886;4.200221053635278,15.46778249624208,0.43191318400781337;6.298497731957038,17.535487675311437,0.9892719758789834"
36,drone_4,9.840,10.123,11.528,10.640,"14.927867894972593,1.9417923666224648,0.6851088007879556;9.581603859062518,1.7165682560455653,1.2502531594349593;9.390093762647613,15.472761448915204,2.171069838955237;19.533980818859707,17.049180100391123,0.27883058946767136;10.26526511140737,1.392277412259023,1.016178670844001;3.348893179695101,14.251866662958317,2.4185601003318604;3.4658463430243227,2.9891174118935857,0.21873102450163456;11.48626419771846,13.846024245365946,0.41596374877409237;5.718556999345342,8.252639224464476,0.3082740680827401;5.41842524027721,5.36907783143671,0.36053001055856554;5.263915430660201,12.511724220330363,0.47075426437758255;5.371172332057537,16.5795681636937,2.275404858158624;17.01738932692288,3.949288472633914,1.0833734478179253;1.2152499625451305,9.264165891219097,0.6289695736007946;2.5152666477933683,4.227481450075309,0.31479177433064687;0.8812631632839998,12.985708095722533,0.4433356300474305;18.23134962994997,17.499124477037014,1.7140616004040665;14.70574069346987,10.138925022682221,0.4018617649899432;0.41828819810825524,18.647760106540918,0.22147400162659886;4.200221053635278,15.46778249624208,0.43191318400781337;6.298497731957038,17.535487675311437,0.9892719758789834"
36,drone_5,13.291,11.293,11.528,10.640,"14.927867894972593,1.9417923666224648,0.6851088007879556;9.581603859062518,1.7165682560455653,1.2502531594349593;9.390093762647613,15.472761448915204,2.171069838955237;19.533980818859707,17.049180100391123,0.27883058946767136;10.26526511140737,1.392277412259023,1.016178670844001;3.348893179695101,14.251866662958317,2.4185601003318604;3.4658463430243227,2.9891174118935857,0.21873102450163456;11.48626419771846,13.846024245365946,0.41596374877409237;5.718556999345342,8.252639224464476,0.3082740680827401;5.41842524027721,5.36907783143671,0.36053001055856554;5.263915430660201,12.511724220330363,0.47075426437758255;5.371172332057537,16.5795681636937,2.275404858158624;17.01738932692288,3.949288472633914,1.0833734478179253;1.2152499625451305,9.264165891219097,0.6289695736007946;2.5152666477933683,4.227481450075309,0.31479177433064687;0.8812631632839998,12.985708095722533,0.4433356300474305;18.23134962994997,17.499124477037014,1.7140616004040665;14.70574069346987,10.138925022682221,0.4018617649899432;0.41828819810825524,18.647760106540918,0.22147400162659886;4.200221053635278,15.46778249624208,0.43191318400781337;6.298497731957038,17.535487675311437,0.9892719758789834"
36,drone_6,12.208,8.903,11.528,10.640,"14.927867894972593,1.9417923666224648,0.6851088007879556;9.581603859062518,1.7165682560455653,1.2502531594349593;9.390093762647613,15.472761448915204,2.171069838955237;19.533980818859707,17.049180100391123,0.27883058946767136;10.26526511140737,1.392277412259023,1.016178670844001;3.348893179695101,14.251866662958317,2.4185601003318604;3.4658463430243227,2.9891174118935857,0.21873102450163456;11.48626419771846,13.846024245365946,0.41596374877409237;5.718556999345342,8.252639224464476,0.3082740680827401;5.41842524027721,5.36907783143671,0.36053001055856554;5.263915430660201,12.511724220330363,0.47075426437758255;5.371172332057537,16.5795681636937,2.275404858158624;17.01738932692288,3.949288472633914,1.0833734478179253;1.2152499625451305,9.264165891219097,0.6289695736007946;2.5152666477933683,4.227481450075309,0.31479177433064687;0.8812631632839998,12.985708095722533,0.4433356300474305;18.23134962994997,17.499124477037014,1.7140616004040665;14.70574069346987,10.138925022682221,0.4018617649899432;0.41828819810825524,18.647760106540918,0.22147400162659886;4.200221053635278,15.46778249624208,0.43191318400781337;6.298497731957038,17.535487675311437,0.9892719758789834"
36,drone_7,8.493,10.117,11.528,10.640,"14.927867894972593,1.9417923666224648,0.6851088007879556;9.581603859062518,1.7165682560455653,1.2502531594349593;9.390093762647613,15.472761448915204,2.171069838955237;19.533980818859707,17.049180100391123,0.27883058946767136;10.26526511140737,1.392277412259023,1.016178670844001;3.348893179695101,14.251866662958317,2.4185601003318604;3.4658463430243227,2.9891174118935857,0.21873102450163456;11.48626419771846,13.846024245365946,0.41596374877409237;5.718556999345342,8.252639224464476,0.3082740680827401;5.41842524027721,5.36907783143671,0.36053001055856554;5.263915430660201,12.511724220330363,0.47075426437758255;5.371172332057537,16.5795681636937,2.275404858158624;17.01738932692288,3.949288472633914,1.0833734478179253;1.2152499625451305,9.264165891219097,0.6289695736007946;2.5152666477933683,4.227481450075309,0.31479177433064687;0.8812631632839998,12.985708095722533,0.4433356300474305;18.23134962994997,17.499124477037014,1.7140616004040665;14.70574069346987,10.138925022682221,0.4018617649899432;0.41828819810825524,18.647760106540918,0.22147400162659886;4.200221053635278,15.46778249624208,0.43191318400781337;6.298497731957038,17.535487675311437,0.9892719758789834"
36,drone_8,6.586,7.438,11.528,10.640,"14.927867894972593,1.9417923666224648,0.6851088007879556;9.581603859062518,1.7165682560455653,1.2502531594349593;9.390093762647613,15.472761448915204,2.171069838955237;19.533980818859707,17.049180100391123,0.27883058946767136;10.26526511140737,1.392277412259023,1.016178670844001;3.348893179695101,14.251866662958317,2.4185601003318604;3.4658463430243227,2.9891174118935857,0.21873102450163456;11.48626419771846,13.846024245365946,0.41596374877409237;5.718556999345342,8.252639224464476,0.3082740680827401;5.41842524027721,5.36907783143671,0.36053001055856554;5.263915430660201,12.511724220330363,0.47075426437758255;5.371172332057537,16.5795681636937,2.275404858158624;17.01738932692288,3.949288472633914,1.0833734478179253;1.2152499625451305,9.264165891219097,0.6289695736007946;2.5152666477933683,4.227481450075309,0.31479177433064687;0.8812631632839998,12.985708095722533,0.4433356300474305;18.23134962994997,17.499124477037014,1.7140616004040665;14.70574069346987,10.138925022682221,0.4018617649899432;0.41828819810825524,18.647760106540918,0.22147400162659886;4.200221053635278,15.46778249624208,0.43191318400781337;6.298497731957038,17.535487675311437,0.9892719758789834"
36,drone_9,10.050,9.174,11.528,10.640,"14.927867894972593,1.9417923666224648,0.6851088007879556;9.581603859062518,1.7165682560455653,1.2502531594349593;9.390093762647613,15.472761448915204,2.171069838955237;19.533980818859707,17.049180100391123,0.27883058946767136;10.26526511140737,1.392277412259023,1.016178670844001;3.348893179695101,14.251866662958317,2.4185601003318604;3.4658463430243227,2.9891174118935857,0.21873102450163456;11.48626419771846,13.846024245365946,0.41596374877409237;5.718556999345342,8.252639224464476,0.3082740680827401;5.41842524027721,5.36907783143671,0.36053001055856554;5.263915430660201,12.511724220330363,0.47075426437758255;5.371172332057537,16.5795681636937,2.275404858158624;17.01738932692288,3.949288472633914,1.0833734478179253;1.2152499625451305,9.264165891219097,0.6289695736007946;2.5152666477933683,4.227481450075309,0.31479177433064687;0.8812631632839998,12.985708095722533,0.4433356300474305;18.23134962994997,17.499124477037014,1.7140616004040665;14.70574069346987,10.138925022682221,0.4018617649899432;0.41828819810825524,18.647760106540918,0.22147400162659886;4.200221053635278,15.46778249624208,0.43191318400781337;6.298497731957038,17.535487675311437,0.9892719758789834"
37,drone_0,13.646,10.654,11.528,10.640,"14.927867894972593,1.9417923666224648,0.6851088007879556;9.581603859062518,1.7165682560455653,1.2502531594349593;9.390093762647613,15.472761448915204,2.171069838955237;19.533980818859707,17.049180100391123,0.27883058946767136;10.26526511140737,1.392277412259023,1.016178670844001;3.348893179695101,14.251866662958317,2.4185601003318604;3.4658463430243227,2.9891174118935857,0.21873102450163456;11.48626419771846,13.846024245365946,0.41596374877409237;5.718556999345342,8.252639224464476,0.3082740680827401;5.41842524027721,5.36907783143671,0.36053001055856554;5.263915430660201,12.511724220330363,0.47075426437758255;5.371172332057537,16.5795681636937,2.275404858158624;17.01738932692288,3.949288472633914,1.0833734478179253;1.2152499625451305,9.264165891219097,0.6289695736007946;2.5152666477933683,4.227481450075309,0.31479177433064687;0.8812631632839998,12.985708095722533,0.4433356300474305;18.23134962994997,17.499124477037014,1.7140616004040665;14.70574069346987,10.138925022682221,0.4018617649899432;0.41828819810825524,18.647760106540918,0.22147400162659886;4.200221053635278,15.46778249624208,0.43191318400781337;6.298497731957038,17.535487675311437,0.9892719758789834"
37,drone_1,11.478,8.060,11.528,10.640,"14.927867894972593,1.9417923666224648,0.6851088007879556;9.581603859062518,1.7165682560455653,1.2502531594349593;9.390093762647613,15.472761448915204,2.171069838955237;19.533980818859707,17.049180100391123,0.27883058946767136;10.26526511140737,1.392277412259023,1.016178670844001;3.348893179695101,14.251866662958317,2.4185601003318604;3.4658463430243227,2.9891174118935857,0.21873102450163456;11.48626419771846,13.846024245365946,0.41596374877409237;5.718556999345342,8.252639224464476,0.3082740680827401;5.41842524027721,5.36907783143671,0.36053001055856554;5.263915430660201,12.511724220330363,0.47075426437758255;5.371172332057537,16.5795681636937,2.275404858158624;17.01738932692288,3.949288472633914,1.0833734478179253;1.2152499625451305,9.264165891219097,0.6289695736007946;2.5152666477933683,4.227481450075309,0.31479177433064687;0.8812631632839998,12.985708095722533,0.4433356300474305;18.23134962994997,17.499124477037014,1.7140616004040665;14.70574069346987,10.138925022682221,0.4018617649899432;0.41828819810825524,18.647760106540918,0.22147400162659886;4.200221053635278,15.46778249624208,0.43191318400781337;6.298497731957038,17.535487675311437,0.9892719758789834"
37,drone_2,7.807,6.260,11.528,10.640,"14.927867894972593,1.9417923666224648,0.6851088007879556;9.581603859062518,1.7165682560455653,1.2502531594349593;9.390093762647613,15.472761448915204,2.171069838955237;19.533980818859707,17.049180100391123,0.27883058946767136;10.26526511140737,1.392277412259023,1.016178670844001;3.348893179695101,14.251866662958317,2.4185601003318604;3.4658463430243227,2.9891174118935857,0.21873102450163456;11.48626419771846,13.846024245365946,0.41596374877409237;5.718556999345342,8.252639224464476,0.3082740680827401;5.41842524027721,5.36907783143671,0.36053001055856554;5.263915430660201,12.511724220330363,0.47075426437758255;5.371172332057537,16.5795681636937,2.275404858158624;17.01738932692288,3.949288472633914,1.0833734478179253;1.2152499625451305,9.264165891219097,0.6289695736007946;2.5152666477933683,4.227481450075309,0.31479177433064687;0.8812631632839998,12.985708095722533,0.4433356300474305;18.23134962994997,17.499124477037014,1.7140616004040665;14.70574069346987,10.138925022682221,0.4018617649899432;0.41828819810825524,18.647760106540918,0.22147400162659886;4.200221053635278,15.46778249624208,0.43191318400781337;6.298497731957038,17.535487675311437,0.9892719758789834"
37,drone_3,13.223,7.117,11.528,10.640,"14.927867894972593,1.9417923666224648,0.6851088007879556;9.581603859062518,1.7165682560455653,1.2502531594349593;9.390093762647613,15.472761448915204,2.171069838955237;19.533980818859707,17.049180100391123,0.27883058946767136;10.26526511140737,1.392277412259023,1.016178670844001;3.348893179695101,14.251866662958317,2.4185601003318604;3.4658463430243227,2.9891174118935857,0.21873102450163456;11.48626419771846,13.846024245365946,0.41596374877409237;5.718556999345342,8.252639224464476,0.3082740680827401;5.41842524027721,5.36907783143671,0.36053001055856554;5.263915430660201,12.511724220330363,0.47075426437758255;5.371172332057537,16.5795681636937,2.275404858158624;17.01738932692288,3.949288472633914,1.0833734478179253;1.2152499625451305,9.264165891219097,0.6289695736007946;2.5152666477933683,4.227481450075309,0.31479177433064687;0.8812631632839998,12.985708095722533,0.4433356300474305;18.23134962994997,17.499124477037014,1.7140616004040665;14.70574069346987,10.138925022682221,0.4018617649899432;0.41828819810825524,18.647760106540918,0.22147400162659886;4.200221053635278,15.46778249624208,0.43191318400781337;6.298497731957038,17.535487675311437,0.9892719758789834"
37,drone_4,9.967,10.239,11.528,10.640,"14.927867894972593,1.9417923666224648,0.6851088007879556;9.581603859062518,1.7165682560455653,1.2502531594349593;9.390093762647613,15.472761448915204,2.171069838955237;19.533980818859707,17.049180100391123,0.27883058946767136;10.26526511140737,1.392277412259023,1.016178670844001;3.348893179695101,14.251866662958317,2.4185601003318604;3.4658463430243227,2.9891174118935857,0.21873102450163456;11.48626419771846,13.846024245365946,0.41596374877409237;5.718556999345342,8.252639224464476,0.3082740680827401;5.41842524027721,5.36907783143671,0.36053001055856554;5.263915430660201,12.511724220330363,0.47075426437758255;5.371172332057537,16.5795681636937,2.275404858158624;17.01738932692288,3.949288472633914,1.0833734478179253;1.2152499625451305,9.264165891219097,0.6289695736007946;2.5152666477933683,4.227481450075309,0.31479177433064687;0.8812631632839998,12.985708095722533,0.4433356300474305;18.23134962994997,17.499124477037014,1.7140616004040665;14.70574069346987,10.138925022682221,0.4018617649899432;0.41828819810825524,18.647760106540918,0.22147400162659886;4.200221053635278,15.46778249624208,0.43191318400781337;6.298497731957038,17.535487675311437,0.9892719758789834"
37,drone_5,13.164,11.177,11.528,10.640,"14.927867894972593,1.9417923666224648,0.6851088007879556;9.581603859062518,1.7165682560455653,1.2502531594349593;9.390093762647613,15.472761448915204,2.171069838955237;19.533980818859707,17.049180100391123,0.27883058946767136;10.26526511140737,1.392277412259023,1.016178670844001;3.348893179695101,14.251866662958317,2.4185601003318604;3.4658463430243227,2.9891174118935857,0.21873102450163456;11.48626419771846,13.846024245365946,0.41596374877409237;5.718556999345342,8.252639224464476,0.3082740680827401;5.41842524027721,5.36907783143671,0.36053001055856554;5.263915430660201,12.511724220330363,0.47075426437758255;5.371172332057537,16.5795681636937,2.275404858158624;17.01738932692288,3.949288472633914,1.0833734478179253;1.2152499625451305,9.264165891219097,0.6289695736007946;2.5152666477933683,4.227481450075309,0.31479177433064687;0.8812631632839998,12.985708095722533,0.4433356300474305;18.23134962994997,17.499124477037014,1.7140616004040665;14.70574069346987,10.138925022682221,0.4018617649899432;0.41828819810825524,18.647760106540918,0.22147400162659886;4.200221053635278,15.46778249624208,0.43191318400781337;6.298497731957038,17.535487675311437,0.9892719758789834"
37,drone_6,12.272,9.092,11.528,10.640,"14.927867894972593,1.9417923666224648,0.6851088007879556;9.581603859062518,1.7165682560455653,1.2502531594349593;9.390093762647613,15.472761448915204,2.171069838955237;19.533980818859707,17.049180100391123,0.27883058946767136;10.26526511140737,1.392277412259023,1.016178670844001;3.348893179695101,14.251866662958317,2.4185601003318604;3.4658463430243227,2.9891174118935857,0.21873102450163456;11.48626419771846,13.846024245365946,0.41596374877409237;5.718556999345342,8.252639224464476,0.3082740680827401;5.41842524027721,5.36907783143671,0.36053001055856554;5.263915430660201,12.511724220330363,0.47075426437758255;5.371172332057537,16.5795681636937,2.275404858158624;17.01738932692288,3.949288472633914,1.0833734478179253;1.2152499625451305,9.264165891219097,0.6289695736007946;2.5152666477933683,4.227481450075309,0.31479177433064687;0.8812631632839998,12.985708095722533,0.4433356300474305;18.23134962994997,17.499124477037014,1.7140616004040665;14.70574069346987,10.138925022682221,0.4018617649899432;0.41828819810825524,18.647760106540918,0.22147400162659886;4.200221053635278,15.46778249624208,0.43191318400781337;6.298497731957038,17.535487675311437,0.9892719758789834"
37,drone_7,8.660,10.227,11.528,10.640,"14.927867894972593,1.9417923666224648,0.6851088007879556;9.581603859062518,1.7165682560455653,1.2502531594349593;9.390093762647613,15.472761448915204,2.171069838955237;19.533980818859707,17.049180100391123,0.27883058946767136;10.26526511140737,1.392277412259023,1.016178670844001;3.348893179695101,14.251866662958317,2.4185601003318604;3.4658463430243227,2.9891174118935857,0.21873102450163456;11.48626419771846,13.846024245365946,0.41596374877409237;5.718556999345342,8.252639224464476,0.3082740680827401;5.41842524027721,5.36907783143671,0.36053001055856554;5.263915430660201,12.511724220330363,0.47075426437758255;5.371172332057537,16.5795681636937,2.275404858158624;17.01738932692288,3.949288472633914,1.0833734478179253;1.2152499625451305,9.264165891219097,0.6289695736007946;2.5152666477933683,4.227481450075309,0.31479177433064687;0.8812631632839998,12.985708095722533,0.4433356300474305;18.23134962994997,17.499124477037014,1.7140616004040665;14.70574069346987,10.138925022682221,0.4018617649899432;0.41828819810825524,18.647760106540918,0.22147400162659886;4.200221053635278,15.46778249624208,0.43191318400781337;6.298497731957038,17.535487675311437,0.9892719758789834"
37,drone_8,6.743,7.562,11.528,10.640,"14.927867894972593,1.9417923666224648,0.6851088007879556;9.581603859062518,1.7165682560455653,1.2502531594349593;9.390093762647613,15.472761448915204,2.171069838955237;19.533980818859707,17.049180100391123,0.27883058946767136;10.26526511140737,1.392277412259023,1.016178670844001;3.348893179695101,14.251866662958317,2.4185601003318604;3.4658463430243227,2.9891174118935857,0.21873102450163456;11.48626419771846,13.846024245365946,0.41596374877409237;5.718556999345342,8.252639224464476,0.3082740680827401;5.41842524027721,5.36907783143671,0.36053001055856554;5.263915430660201,12.511724220330363,0.47075426437758255;5.371172332057537,16.5795681636937,2.275404858158624;17.01738932692288,3.949288472633914,1.0833734478179253;1.2152499625451305,9.264165891219097,0.6289695736007946;2.5152666477933683,4.227481450075309,0.31479177433064687;0.8812631632839998,12.985708095722533,0.4433356300474305;18.23134962994997,17.499124477037014,1.7140616004040665;14.70574069346987,10.138925022682221,0.4018617649899432;0.41828819810825524,18.647760106540918,0.22147400162659886;4.200221053635278,15.46778249624208,0.43191318400781337;6.298497731957038,17.535487675311437,0.9892719758789834"
37,drone_9,10.205,9.301,11.528,10.640,"14.927867894972593,1.9417923666224648,0.6851088007879556;9.581603859062518,1.7165682560455653,1.2502531594349593;9.390093762647613,15.472761448915204,2.171069838955237;19.533980818859707,17.049180100391123,0.27883058946767136;10.26526511140737,1.392277412259023,1.016178670844001;3.348893179695101,14.251866662958317,2.4185601003318604;3.4658463430243227,2.9891174118935857,0.21873102450163456;11.48626419771846,13.846024245365946,0.41596374877409237;5.718556999345342,8.252639224464476,0.3082740680827401;5.41842524027721,5.36907783143671,0.36053001055856554;5.263915430660201,12.511724220330363,0.47075426437758255;5.371172332057537,16.5795681636937,2.275404858158624;17.01738932692288,3.949288472633914,1.0833734478179253;1.2152499625451305,9.264165891219097,0.6289695736007946;2.5152666477933683,4.227481450075309,0.31479177433064687;0.8812631632839998,12.985708095722533,0.4433356300474305;18.23134962994997,17.499124477037014,1.7140616004040665;14.70574069346987,10.138925022682221,0.4018617649899432;0.41828819810825524,18.647760106540918,0.22147400162659886;4.200221053635278,15.46778249624208,0.43191318400781337;6.298497731957038,17.535487675311437,0.9892719758789834"
38,drone_0,13.474,10.640,11.528,10.640,"14.927867894972593,1.9417923666224648,0.6851088007879556;9.581603859062518,1.7165682560455653,1.2502531594349593;9.390093762647613,15.472761448915204,2.171069838955237;19.533980818859707,17.049180100391123,0.27883058946767136;10.26526511140737,1.392277412259023,1.016178670844001;3.348893179695101,14.251866662958317,2.4185601003318604;3.4658463430243227,2.9891174118935857,0.21873102450163456;11.48626419771846,13.846024245365946,0.41596374877409237;5.718556999345342,8.252639224464476,0.3082740680827401;5.41842524027721,5.36907783143671,0.36053001055856554;5.263915430660201,12.511724220330363,0.47075426437758255;5.371172332057537,16.5795681636937,2.275404858158624;17.01738932692288,3.949288472633914,1.0833734478179253;1.2152499625451305,9.264165891219097,0.6289695736007946;2.5152666477933683,4.227481450075309,0.31479177433064687;0.8812631632839998,12.985708095722533,0.4433356300474305;18.23134962994997,17.499124477037014,1.7140616004040665;14.70574069346987,10.138925022682221,0.4018617649899432;0.41828819810825524,18.647760106540918,0.22147400162659886;4.200221053635278,15.46778249624208,0.43191318400781337;6.298497731957038,17.535487675311437,0.9892719758789834"
38,drone_1,11.545,8.248,11.528,10.640,"14.927867894972593,1.9417923666224648,0.6851088007879556;9.581603859062518,1.7165682560455653,1.2502531594349593;9.390093762647613,15.472761448915204,2.171069838955237;19.533980818859707,17.049180100391123,0.27883058946767136;10.26526511140737,1.392277412259023,1.016178670844001;3.348893179695101,14.251866662958317,2.4185601003318604;3.4658463430243227,2.9891174118935857,0.21873102450163456;11.48626419771846,13.846024245365946,0.41596374877409237;5.718556999345342,8.252639224464476,0.3082740680827401;5.41842524027721,5.36907783143671,0.36053001055856554;5.263915430660201,12.511724220330363,0.47075426437758255;5.371172332057537,16.5795681636937,2.275404858158624;17.01738932692288,3.949288472633914,1.0833734478179253;1.2152499625451305,9.264165891219097,0.6289695736007946;2.5152666477933683,4.227481450075309,0.31479177433064687;0.8812631632839998,12.985708095722533,0.4433356300474305;18.23134962994997,17.499124477037014,1.7140616004040665;14.70574069346987,10.138925022682221,0.4018617649899432;0.41828819810825524,18.647760106540918,0.22147400162659886;4.200221053635278,15.46778249624208,0.43191318400781337;6.298497731957038,17.535487675311437,0.9892719758789834"
38,drone_2,7.948,6.402,11.528,10.640,"14.927867894972593,1.9417923666224648,0.6851088007879556;9.581603859062518,1.7165682560455653,1.2502531594349593;9.390093762647613,15.472761448915204,2.171069838955237;19.533980818859707,17.049180100391123,0.27883058946767136;10.26526511140737,1.392277412259023,1.016178670844001;3.348893179695101,14.251866662958317,2.4185601003318604;3.4658463430243227,2.9891174118935857,0.21873102450163456;11.48626419771846,13.846024245365946,0.41596374877409237;5.718556999345342,8.252639224464476,0.3082740680827401;5.41842524027721,5.36907783143671,0.36053001055856554;5.263915430660201,12.511724220330363,0.47075426437758255;5.371172332057537,16.5795681636937,2.275404858158624;17.01738932692288,3.949288472633914,1.0833734478179253;1.2152499625451305,9.264165891219097,0.6289695736007946;2.5152666477933683,4.227481450075309,0.31479177433064687;0.8812631632839998,12.985708095722533,0.4433356300474305;18.23134962994997,17.499124477037014,1.7140616004040665;14.70574069346987,10.138925022682221,0.4018617649899432;0.41828819810825524,18.647760106540918,0.22147400162659886;4.200221053635278,15.46778249624208,0.43191318400781337;6.298497731957038,17.535487675311437,0.9892719758789834"
38,drone_3,13.121,7.290,11.528,10.640,"14.927867894972593,1.9417923666224648,0.6851088007879556;9.581603859062518,1.7165682560455653,1.2502531594349593;9.390093762647613,15.472761448915204,2.171069838955237;19.533980818859707,17.049180100391123,0.27883058946767136;10.26526511140737,1.392277412259023,1.016178670844001;3.348893179695101,14.251866662958317,2.4185601003318604;3.4658463430243227,2.9891174118935857,0.21873102450163456;11.48626419771846,13.846024245365946,0.41596374877409237;5.718556999345342,8.252639224464476,0.3082740680827401;5.41842524027721,5.36907783143671,0.36053001055856554;5.263915430660201,12.511724220330363,0.47075426437758255;5.371172332057537,16.5795681636937,2.275404858158624;17.01738932692288,3.949288472633914,1.0833734478179253;1.2152499625451305,9.264165891219097,0.6289695736007946;2.5152666477933683,4.227481450075309,0.31479177433064687;0.8812631632839998,12.985708095722533,0.4433356300474305;18.23134962994997,17.499124477037014,1.7140616004040665;14.70574069346987,10.138925022682221,0.4018617649899432;0.41828819810825524,18.647760106540918,0.22147400162659886;4.200221053635278,15.46778249624208,0.43191318400781337;6.298497731957038,17.535487675311437,0.9892719758789834"
38,drone_4,10.091,10.358,11.528,10.640,"14.927867894972593,1.9417923666224648,0.6851088007879556;9.581603859062518,1.7165682560455653,1.2502531594349593;9.390093762647613,15.472761448915204,2.171069838955237;19.533980818859707,17.049180100391123,0.27883058946767136;10.26526511140737,1.392277412259023,1.016178670844001;3.348893179695101,14.251866662958317,2.4185601003318604;3.4658463430243227,2.9891174118935857,0.21873102450163456;11.48626419771846,13.846024245365946,0.41596374877409237;5.718556999345342,8.252639224464476,0.3082740680827401;5.41842524027721,5.36907783143671,0.36053001055856554;5.263915430660201,12.511724220330363,0.47075426437758255;5.371172332057537,16.5795681636937,2.275404858158624;17.01738932692288,3.949288472633914,1.0833734478179253;1.2152499625451305,9.264165891219097,0.6289695736007946;2.5152666477933683,4.227481450075309,0.31479177433064687;0.8812631632839998,12.985708095722533,0.4433356300474305;18.23134962994997,17.499124477037014,1.7140616004040665;14.70574069346987,10.138925022682221,0.4018617649899432;0.41828819810825524,18.647760106540918,0.22147400162659886;4.200221053635278,15.46778249624208,0.43191318400781337;6.298497731957038,17.535487675311437,0.9892719758789834"
38,drone_5,13.039,11.058,11.528,10.640,"14.927867894972593,1.9417923666224648,0.6851088007879556;9.581603859062518,1.7165682560455653,1.2502531594349593;9.390093762647613,15.472761448915204,2.171069838955237;19.533980818859707,17.049180100391123,0.27883058946767136;10.26526511140737,1.392277412259023,1.016178670844001;3.348893179695101,14.251866662958317,2.4185601003318604;3.4658463430243227,2.9891174118935857,0.21873102450163456;11.48626419771846,13.846024245365946,0.41596374877409237;5.718556999345342,8.252639224464476,0.3082740680827401;5.41842524027721,5.36907783143671,0.36053001055856554;5.263915430660201,12.511724220330363,0.47075426437758255;5.371172332057537,16.5795681636937,2.275404858158624;17.01738932692288,3.949288472633914,1.0833734478179253;1.2152499625451305,9.264165891219097,0.6289695736007946;2.5152666477933683,4.227481450075309,0.31479177433064687;0.8812631632839998,12.985708095722533,0.4433356300474305;18.23134962994997,17.499124477037014,1.7140616004040665;14.70574069346987,10.138925022682221,0.4018617649899432;0.41828819810825524,18.647760106540918,0.22147400162659886;4.200221053635278,15.46778249624208,0.43191318400781337;6.298497731957038,17.535487675311437,0.9892719758789834"
38,drone_6,12.247,9.291,11.528,10.640,"14.927867894972593,1.9417923666224648,0.6851088007879556;9.581603859062518,1.7165682560455653,1.2502531594349593;9.390093762647613,15.472761448915204,2.171069838955237;19.533980818859707,17.049180100391123,0.27883058946767136;10.26526511140737,1.392277412259023,1.016178670844001;3.348893179695101,14.251866662958317,2.4185601003318604;3.4658463430243227,2.9891174118935857,0.21873102450163456;11.48626419771846,13.846024245365946,0.41596374877409237;5.718556999345342,8.252639224464476,0.3082740680827401;5.41842524027721,5.36907783143671,0.36053001055856554;5.263915430660201,12.511724220330363,0.47075426437758255;5.371172332057537,16.5795681636937,2.275404858158624;17.01738932692288,3.949288472633914,1.0833734478179253;1.2152499625451305,9.264165891219097,0.6289695736007946;2.5152666477933683,4.227481450075309,0.31479177433064687;0.8812631632839998,12.985708095722533,0.4433356300474305;18.23134962994997,17.499124477037014,1.7140616004040665;14.70574069346987,10.138925022682221,0.4018617649899432;0.41828819810825524,18.647760106540918,0.22147400162659886;4.200221053635278,15.46778249624208,0.43191318400781337;6.298497731957038,17.535487675311437,0.9892719758789834"
38,drone_7,8.817,10.351,11.528,10.640,"14.927867894972593,1.9417923666224648,0.6851088007879556;9.581603859062518,1.7165682560455653,1.2502531594349593;9.390093762647613,15.472761448915204,2.171069838955237;19.533980818859707,17.049180100391123,0.27883058946767136;10.26526511140737,1.392277412259023,1.016178670844001;3.348893179695101,14.251866662958317,2.4185601003318604;3.4658463430243227,2.9891174118935857,0.21873102450163456;11.48626419771846,13.846024245365946,0.41596374877409237;5.718556999345342,8.252639224464476,0.3082740680827401;5.41842524027721,5.36907783143671,0.36053001055856554;5.263915430660201,12.511724220330363,0.47075426437758255;5.371172332057537,16.5795681636937,2.275404858158624;17.01738932692288,3.949288472633914,1.0833734478179253;1.2152499625451305,9.264165891219097,0.6289695736007946;2.5152666477933683,4.227481450075309,0.31479177433064687;0.8812631632839998,12.985708095722533,0.4433356300474305;18.23134962994997,17.499124477037014,1.7140616004040665;14.70574069346987,10.138925022682221,0.4018617649899432;0.41828819810825524,18.647760106540918,0.22147400162659886;4.200221053635278,15.46778249624208,0.43191318400781337;6.298497731957038,17.535487675311437,0.9892719758789834"
38,drone_8,6.894,7.693,11.528,10.640,"14.927867894972593,1.9417923666224648,0.6851088007879556;9.581603859062518,1.7165682560455653,1.2502531594349593;9.390093762647613,15.472761448915204,2.171069838955237;19.533980818859707,17.049180100391123,0.27883058946767136;10.26526511140737,1.392277412259023,1.016178670844001;3.348893179695101,14.251866662958317,2.4185601003318604;3.4658463430243227,2.9891174118935857,0.21873102450163456;11.48626419771846,13.846024245365946,0.41596374877409237;5.718556999345342,8.252639224464476,0.3082740680827401;5.41842524027721,5.36907783143671,0.36053001055856554;5.263915430660201,12.511724220330363,0.47075426437758255;5.371172332057537,16.5795681636937,2.275404858158624;17.01738932692288,3.949288472633914,1.0833734478179253;1.2152499625451305,9.264165891219097,0.6289695736007946;2.5152666477933683,4.227481450075309,0.31479177433064687;0.8812631632839998,12.985708095722533,0.4433356300474305;18.23134962994997,17.499124477037014,1.7140616004040665;14.70574069346987,10.138925022682221,0.4018617649899432;0.41828819810825524,18.647760106540918,0.22147400162659886;4.200221053635278,15.46778249624208,0.43191318400781337;6.298497731957038,17.535487675311437,0.9892719758789834"
38,drone_9,10.354,9.435,11.528,10.640,"14.927867894972593,1.9417923666224648,0.6851088007879556;9.581603859062518,1.7165682560455653,1.2502531594349593;9.390093762647613,15.472761448915204,2.171069838955237;19.533980818859707,17.049180100391123,0.27883058946767136;10.26526511140737,1.392277412259023,1.016178670844001;3.348893179695101,14.251866662958317,2.4185601003318604;3.4658463430243227,2.9891174118935857,0.21873102450163456;11.48626419771846,13.846024245365946,0.41596374877409237;5.718556999345342,8.252639224464476,0.3082740680827401;5.41842524027721,5.36907783143671,0.36053001055856554;5.263915430660201,12.511724220330363,0.47075426437758255;5.371172332057537,16.5795681636937,2.275404858158624;17.01738932692288,3.949288472633914,1.0833734478179253;1.2152499625451305,9.264165891219097,0.6289695736007946;2.5152666477933683,4.227481450075309,0.31479177433064687;0.8812631632839998,12.985708095722533,0.4433356300474305;18.23134962994997,17.499124477037014,1.7140616004040665;14.70574069346987,10.138925022682221,0.4018617649899432;0.41828819810825524,18.647760106540918,0.22147400162659886;4.200221053635278,15.46778249624208,0.43191318400781337;6.298497731957038,17.535487675311437,0.9892719758789834"
39,drone_0,13.402,10.527,11.528,10.640,"14.927867894972593,1.9417923666224648,0.6851088007879556;9.581603859062518,1.7165682560455653,1.2502531594349593;9.390093762647613,15.472761448915204,2.171069838955237;19.533980818859707,17.049180100391123,0.27883058946767136;10.26526511140737,1.392277412259023,1.016178670844001;3.348893179695101,14.251866662958317,2.4185601003318604;3.4658463430243227,2.9891174118935857,0.21873102450163456;11.48626419771846,13.846024245365946,0.41596374877409237;5.718556999345342,8.252639224464476,0.3082740680827401;5.41842524027721,5.36907783143671,0.36053001055856554;5.263915430660201,12.511724220330363,0.47075426437758255;5.371172332057537,16.5795681636937,2.275404858158624;17.01738932692288,3.949288472633914,1.0833734478179253;1.2152499625451305,9.264165891219097,0.6289695736007946;2.5152666477933683,4.227481450075309,0.31479177433064687;0.8812631632839998,12.985708095722533,0.4433356300474305;18.23134962994997,17.499124477037014,1.7140616004040665;14.70574069346987,10.138925022682221,0.4018617649899432;0.41828819810825524,18.647760106540918,0.22147400162659886;4.200221053635278,15.46778249624208,0.43191318400781337;6.298497731957038,17.535487675311437,0.9892719758789834"
39,drone_1,11.522,8.447,11.528,10.640,"14.927867894972593,1.9417923666224648,0.6851088007879556;9.581603859062518,1.7165682560455653,1.2502531594349593;9.390093762647613,15.472761448915204,2.171069838955237;19.533980818859707,17.049180100391123,0.27883058946767136;10.26526511140737,1.392277412259023,1.016178670844001;3.348893179695101,14.251866662958317,2.4185601003318604;3.4658463430243227,2.9891174118935857,0.21873102450163456;11.48626419771846,13.846024245365946,0.41596374877409237;5.718556999345342,8.252639224464476,0.3082740680827401;5.41842524027721,5.36907783143671,0.36053001055856554;5.263915430660201,12.511724220330363,0.47075426437758255;5.371172332057537,16.5795681636937,2.275404858158624;17.01738932692288,3.949288472633914,1.0833734478179253;1.2152499625451305,9.264165891219097,0.6289695736007946;2.5152666477933683,4.227481450075309,0.31479177433064687;0.8812631632839998,12.985708095722533,0.4433356300474305;18.23134962994997,17.499124477037014,1.7140616004040665;14.70574069346987,10.138925022682221,0.4018617649899432;0.41828819810825524,18.647760106540918,0.22147400162659886;4.200221053635278,15.46778249624208,0.43191318400781337;6.298497731957038,17.535487675311437,0.9892719758789834"
39,drone_2,8.090,6.543,11.528,10.640,"14.927867894972593,1.9417923666224648,0.6851088007879556;9.581603859062518,1.7165682560455653,1.2502531594349593;9.390093762647613,15.472761448915204,2.171069838955237;19.533980818859707,17.049180100391123,0.27883058946767136;10.26526511140737,1.392277412259023,1.016178670844001;3.348893179695101,14.251866662958317,2.4185601003318604;3.4658463430243227,2.9891174118935857,0.21873102450163456;11.48626419771846,13.846024245365946,0.41596374877409237;5.718556999345342,8.252639224464476,0.3082740680827401;5.41842524027721,5.36907783143671,0.36053001055856554;5.263915430660201,12.511724220330363,0.47075426437758255;5.371172332057537,16.5795681636937,2.275404858158624;17.01738932692288,3.949288472633914,1.0833734478179253;1.2152499625451305,9.264165891219097,0.6289695736007946;2.5152666477933683,4.227481450075309,0.31479177433064687;0.8812631632839998,12.985708095722533,0.4433356300474305;18.23134962994997,17.499124477037014,1.7140616004040665;14.70574069346987,10.138925022682221,0.4018617649899432;0.41828819810825524,18.647760106540918,0.22147400162659886;4.200221053635278,15.46778249624208,0.43191318400781337;6.298497731957038,17.535487675311437,0.9892719758789834"
39,drone_3,13.002,7.450,11.528,10.640,"14.927867894972593,1.9417923666224648,0.6851088007879556;9.581603859062518,1.7165682560455653,1.2502531594349593;9.390093762647613,15.472761448915204,2.171069838955237;19.533980818859707,17.049180100391123,0.27883058946767136;10.26526511140737,1.392277412259023,1.016178670844001;3.348893179695101,14.251866662958317,2.4185601003318604;3.4658463430243227,2.9891174118935857,0.21873102450163456;11.48626419771846,13.846024245365946,0.41596374877409237;5.718556999345342,8.252639224464476,0.3082740680827401;5.41842524027721,5.36907783143671,0.36053001055856554;5.263915430660201,12.511724220330363,0.47075426437758255;5.371172332057537,16.5795681636937,2.275404858158624;17.01738932692288,3.949288472633914,1.0833734478179253;1.2152499625451305,9.264165891219097,0.6289695736007946;2.5152666477933683,4.227481450075309,0.31479177433064687;0.8812631632839998,12.985708095722533,0.4433356300474305;18.23134962994997,17.499124477037014,1.7140616004040665;14.70574069346987,10.138925022682221,0.4018617649899432;0.41828819810825524,18.647760106540918,0.22147400162659886;4.200221053635278,15.46778249624208,0.43191318400781337;6.298497731957038,17.535487675311437,0.9892719758789834"
39,drone_4,10.215,10.478,11.528,10.640,"14.927867894972593,1.9417923666224648,0.6851088007879556;9.581603859062518,1.7165682560455653,1.2502531594349593;9.390093762647613,15.472761448915204,2.171069838955237;19.533980818859707,17.049180100391123,0.27883058946767136;10.26526511140737,1.392277412259023,1.016178670844001;3.348893179695101,14.251866662958317,2.4185601003318604;3.4658463430243227,2.9891174118935857,0.21873102450163456;11.48626419771846,13.846024245365946,0.41596374877409237;5.718556999345342,8.252639224464476,0.3082740680827401;5.41842524027721,5.36907783143671,0.36053001055856554;5.263915430660201,12.511724220330363,0.47075426437758255;5.371172332057537,16.5795681636937,2.275404858158624;17.01738932692288,3.949288472633914,1.0833734478179253;1.2152499625451305,9.264165891219097,0.6289695736007946;2.5152666477933683,4.227481450075309,0.31479177433064687;0.8812631632839998,12.985708095722533,0.4433356300474305;18.23134962994997,17.499124477037014,1.7140616004040665;14.70574069346987,10.138925022682221,0.4018617649899432;0.41828819810825524,18.647760106540918,0.22147400162659886;4.200221053635278,15.46778249624208,0.43191318400781337;6.298497731957038,17.535487675311437,0.9892719758789834"
39,drone_5,12.874,11.009,11.528,10.640,"14.927867894972593,1.9417923666224648,0.6851088007879556;9.581603859062518,1.7165682560455653,1.2502531594349593;9.390093762647613,15.472761448915204,2.171069838955237;19.533980818859707,17.049180100391123,0.27883058946767136;10.26526511140737,1.392277412259023,1.016178670844001;3.348893179695101,14.251866662958317,2.4185601003318604;3.4658463430243227,2.9891174118935857,0.21873102450163456;11.48626419771846,13.846024245365946,0.41596374877409237;5.718556999345342,8.252639224464476,0.3082740680827401;5.41842524027721,5.36907783143671,0.36053001055856554;5.263915430660201,12.511724220330363,0.47075426437758255;5.371172332057537,16.5795681636937,2.275404858158624;17.01738932692288,3.949288472633914,1.0833734478179253;1.2152499625451305,9.264165891219097,0.6289695736007946;2.5152666477933683,4.227481450075309,0.31479177433064687;0.8812631632839998,12.985708095722533,0.4433356300474305;18.23134962994997,17.499124477037014,1.7140616004040665;14.70574069346987,10.138925022682221,0.4018617649899432;0.41828819810825524,18.647760106540918,0.22147400162659886;4.200221053635278,15.46778249624208,0.43191318400781337;6.298497731957038,17.535487675311437,0.9892719758789834"
39,drone_6,12.170,9.475,11.528,10.640,"14.927867894972593,1.9417923666224648,0.6851088007879556;9.581603859062518,1.7165682560455653,1.2502531594349593;9.390093762647613,15.472761448915204,2.171069838955237;19.533980818859707,17.049180100391123,0.27883058946767136;10.26526511140737,1.392277412259023,1.016178670844001;3.348893179695101,14.251866662958317,2.4185601003318604;3.4658463430243227,2.9891174118935857,0.21873102450163456;11.48626419771846,13.846024245365946,0.41596374877409237;5.718556999345342,8.252639224464476,0.3082740680827401;5.41842524027721,5.36907783143671,0.36053001055856554;5.263915430660201,12.511724220330363,0.47075426437758255;5.371172332057537,16.5795681636937,2.275404858158624;17.01738932692288,3.949288472633914,1.0833734478179253;1.2152499625451305,9.264165891219097,0.6289695736007946;2.5152666477933683,4.227481450075309,0.31479177433064687;0.8812631632839998,12.985708095722533,0.4433356300474305;18.23134962994997,17.499124477037014,1.7140616004040665;14.70574069346987,10.138925022682221,0.4018617649899432;0.41828819810825524,18.647760106540918,0.22147400162659886;4.200221053635278,15.46778249624208,0.43191318400781337;6.298497731957038,17.535487675311437,0.9892719758789834"
39,drone_7,8.968,10.482,11.528,10.640,"14.927867894972593,1.9417923666224648,0.6851088007879556;9.581603859062518,1.7165682560455653,1.2502531594349593;9.390093762647613,15.472761448915204,2.171069838955237;19.533980818859707,17.049180100391123,0.27883058946767136;10.26526511140737,1.392277412259023,1.016178670844001;3.348893179695101,14.251866662958317,2.4185601003318604;3.4658463430243227,2.9891174118935857,0.21873102450163456;11.48626419771846,13.846024245365946,0.41596374877409237;5.718556999345342,8.252639224464476,0.3082740680827401;5.41842524027721,5.36907783143671,0.36053001055856554;5.263915430660201,12.511724220330363,0.47075426437758255;5.371172332057537,16.5795681636937,2.275404858158624;17.01738932692288,3.949288472633914,1.0833734478179253;1.2152499625451305,9.264165891219097,0.6289695736007946;2.5152666477933683,4.227481450075309,0.31479177433064687;0.8812631632839998,12.985708095722533,0.4433356300474305;18.23134962994997,17.499124477037014,1.7140616004040665;14.70574069346987,10.138925022682221,0.4018617649899432;0.41828819810825524,18.647760106540918,0.22147400162659886;4.200221053635278,15.46778249624208,0.43191318400781337;6.298497731957038,17.535487675311437,0.9892719758789834"
39,drone_8,7.041,7.828,11.528,10.640,"14.927867894972593,1.9417923666224648,0.6851088007879556;9.581603859062518,1.7165682560455653,1.2502531594349593;9.390093762647613,15.472761448915204,2.171069838955237;19.533980818859707,17.049180100391123,0.27883058946767136;10.26526511140737,1.392277412259023,1.016178670844001;3.348893179695101,14.251866662958317,2.4185601003318604;3.4658463430243227,2.9891174118935857,0.21873102450163456;11.48626419771846,13.846024245365946,0.41596374877409237;5.718556999345342,8.252639224464476,0.3082740680827401;5.41842524027721,5.36907783143671,0.36053001055856554;5.263915430660201,12.511724220330363,0.47075426437758255;5.371172332057537,16.5795681636937,2.275404858158624;17.01738932692288,3.949288472633914,1.0833734478179253;1.2152499625451305,9.264165891219097,0.6289695736007946;2.5152666477933683,4.227481450075309,0.31479177433064687;0.8812631632839998,12.985708095722533,0.4433356300474305;18.23134962994997,17.499124477037014,1.7140616004040665;14.70574069346987,10.138925022682221,0.4018617649899432;0.41828819810825524,18.647760106540918,0.22147400162659886;4.200221053635278,15.46778249624208,0.43191318400781337;6.298497731957038,17.535487675311437,0.9892719758789834"
39,drone_9,10.500,9.571,11.528,10.640,"14.927867894972593,1.9417923666224648,0.6851088007879556;9.581603859062518,1.7165682560455653,1.2502531594349593;9.390093762647613,15.472761448915204,2.171069838955237;19.533980818859707,17.049180100391123,0.27883058946767136;10.26526511140737,1.392277412259023,1.016178670844001;3.348893179695101,14.251866662958317,2.4185601003318604;3.4658463430243227,2.9891174118935857,0.21873102450163456;11.48626419771846,13.846024245365946,0.41596374877409237;5.718556999345342,8.252639224464476,0.3082740680827401;5.41842524027721,5.36907783143671,0.36053001055856554;5.263915430660201,12.511724220330363,0.47075426437758255;5.371172332057537,16.5795681636937,2.275404858158624;17.01738932692288,3.949288472633914,1.0833734478179253;1.2152499625451305,9.264165891219097,0.6289695736007946;2.5152666477933683,4.227481450075309,0.31479177433064687;0.8812631632839998,12.985708095722533,0.4433356300474305;18.23134962994997,17.499124477037014,1.7140616004040665;14.70574069346987,10.138925022682221,0.4018617649899432;0.41828819810825524,18.647760106540918,0.22147400162659886;4.200221053635278,15.46778249624208,0.43191318400781337;6.298497731957038,17.535487675311437,0.9892719758789834"
40,drone_0,13.294,10.393,11.528,10.640,"14.927867894972593,1.9417923666224648,0.6851088007879556;9.581603859062518,1.7165682560455653,1.2502531594349593;9.390093762647613,15.472761448915204,2.171069838955237;19.533980818859707,17.049180100391123,0.27883058946767136;10.26526511140737,1.392277412259023,1.016178670844001;3.348893179695101,14.251866662958317,2.4185601003318604;3.4658463430243227,2.9891174118935857,0.21873102450163456;11.48626419771846,13.846024245365946,0.41596374877409237;5.718556999345342,8.252639224464476,0.3082740680827401;5.41842524027721,5.36907783143671,0.36053001055856554;5.263915430660201,12.511724220330363,0.47075426437758255;5.371172332057537,16.5795681636937,2.275404858158624;17.01738932692288,3.949288472633914,1.0833734478179253;1.2152499625451305,9.264165891219097,0.6289695736007946;2.5152666477933683,4.227481450075309,0.31479177433064687;0.8812631632839998,12.985708095722533,0.4433356300474305;18.23134962994997,17.499124477037014,1.7140616004040665;14.70574069346987,10.138925022682221,0.4018617649899432;0.41828819810825524,18.647760106540918,0.22147400162659886;4.200221053635278,15.46778249624208,0.43191318400781337;6.298497731957038,17.535487675311437,0.9892719758789834"
40,drone_1,11.572,8.641,11.528,10.640,"14.927867894972593,1.9417923666224648,0.6851088007879556;9.581603859062518,1.7165682560455653,1.2502531594349593;9.390093762647613,15.472761448915204,2.171069838955237;19.533980818859707,17.049180100391123,0.27883058946767136;10.26526511140737,1.392277412259023,1.016178670844001;3.348893179695101,14.251866662958317,2.4185601003318604;3.4658463430243227,2.9891174118935857,0.21873102450163456;11.48626419771846,13.846024245365946,0.41596374877409237;5.718556999345342,8.252639224464476,0.3082740680827401;5.41842524027721,5.36907783143671,0.36053001055856554;5.263915430660201,12.511724220330363,0.47075426437758255;5.371172332057537,16.5795681636937,2.275404858158624;17.01738932692288,3.949288472633914,1.0833734478179253;1.2152499625451305,9.264165891219097,0.6289695736007946;2.5152666477933683,4.227481450075309,0.31479177433064687;0.8812631632839998,12.985708095722533,0.4433356300474305;18.23134962994997,17.499124477037014,1.7140616004040665;14.70574069346987,10.138925022682221,0.4018617649899432;0.41828819810825524,18.647760106540918,0.22147400162659886;4.200221053635278,15.46778249624208,0.43191318400781337;6.298497731957038,17.535487675311437,0.9892719758789834"
40,drone_2,8.231,6.684,11.528,10.640,"14.927867894972593,1.9417923666224648,0.6851088007879556;9.581603859062518,1.7165682560455653,1.2502531594349593;9.390093762647613,15.472761448915204,2.171069838955237;19.533980818859707,17.049180100391123,0.27883058946767136;10.26526511140737,1.392277412259023,1.016178670844001;3.348893179695101,14.251866662958317,2.4185601003318604;3.4658463430243227,2.9891174118935857,0.21873102450163456;11.48626419771846,13.846024245365946,0.41596374877409237;5.718556999345342,8.252639224464476,0.3082740680827401;5.41842524027721,5.36907783143671,0.36053001055856554;5.263915430660201,12.511724220330363,0.47075426437758255;5.371172332057537,16.5795681636937,2.275404858158624;17.01738932692288,3.949288472633914,1.0833734478179253;1.2152499625451305,9.264165891219097,0.6289695736007946;2.5152666477933683,4.227481450075309,0.31479177433064687;0.8812631632839998,12.985708095722533,0.4433356300474305;18.23134962994997,17.499124477037014,1.7140616004040665;14.70574069346987,10.138925022682221,0.4018617649899432;0.41828819810825524,18.647760106540918,0.22147400162659886;4.200221053635278,15.46778249624208,0.43191318400781337;6.298497731957038,17.535487675311437,0.9892719758789834"
40,drone_3,12.874,7.604,11.528,10.640,"14.927867894972593,1.9417923666224648,0.6851088007879556;9.581603859062518,1.7165682560455653,1.2502531594349593;9.390093762647613,15.472761448915204,2.171069838955237;19.533980818859707,17.049180100391123,0.27883058946767136;10.26526511140737,1.392277412259023,1.016178670844001;3.348893179695101,14.251866662958317,2.4185601003318604;3.4658463430243227,2.9891174118935857,0.21873102450163456;11.48626419771846,13.846024245365946,0.41596374877409237;5.718556999345342,8.252639224464476,0.3082740680827401;5.41842524027721,5.36907783143671,0.36053001055856554;5.263915430660201,12.511724220330363,0.47075426437758255;5.371172332057537,16.5795681636937,2.275404858158624;17.01738932692288,3.949288472633914,1.0833734478179253;1.2152499625451305,9.264165891219097,0.6289695736007946;2.5152666477933683,4.227481450075309,0.31479177433064687;0.8812631632839998,12.985708095722533,0.4433356300474305;18.23134962994997,17.499124477037014,1.7140616004040665;14.70574069346987,10.138925022682221,0.4018617649899432;0.41828819810825524,18.647760106540918,0.22147400162659886;4.200221053635278,15.46778249624208,0.43191318400781337;6.298497731957038,17.535487675311437,0.9892719758789834"
40,drone_4,10.337,10.599,11.528,10.640,"14.927867894972593,1.9417923666224648,0.6851088007879556;9.581603859062518,1.7165682560455653,1.2502531594349593;9.390093762647613,15.472761448915204,2.171069838955237;19.533980818859707,17.049180100391123,0.27883058946767136;10.26526511140737,1.392277412259023,1.016178670844001;3.348893179695101,14.251866662958317,2.4185601003318604;3.4658463430243227,2.9891174118935857,0.21873102450163456;11.48626419771846,13.846024245365946,0.41596374877409237;5.718556999345342,8.252639224464476,0.3082740680827401;5.41842524027721,5.36907783143671,0.36053001055856554;5.263915430660201,12.511724220330363,0.47075426437758255;5.371172332057537,16.5795681636937,2.275404858158624;17.01738932692288,3.949288472633914,1.0833734478179253;1.2152499625451305,9.264165891219097,0.6289695736007946;2.5152666477933683,4.227481450075309,0.31479177433064687;0.8812631632839998,12.985708095722533,0.4433356300474305;18.23134962994997,17.499124477037014,1.7140616004040665;14.70574069346987,10.138925022682221,0.4018617649899432;0.41828819810825524,18.647760106540918,0.22147400162659886;4.200221053635278,15.46778249624208,0.43191318400781337;6.298497731957038,17.535487675311437,0.9892719758789834"
40,drone_5,12.724,10.925,11.528,10.640,"14.927867894972593,1.9417923666224648,0.6851088007879556;9.581603859062518,1.7165682560455653,1.2502531594349593;9.390093762647613,15.472761448915204,2.171069838955237;19.533980818859707,17.049180100391123,0.27883058946767136;10.26526511140737,1.392277412259023,1.016178670844001;3.348893179695101,14.251866662958317,2.4185601003318604;3.4658463430243227,2.9891174118935857,0.21873102450163456;11.48626419771846,13.846024245365946,0.41596374877409237;5.718556999345342,8.252639224464476,0.3082740680827401;5.41842524027721,5.36907783143671,0.36053001055856554;5.263915430660201,12.511724220330363,0.47075426437758255;5.371172332057537,16.5795681636937,2.275404858158624;17.01738932692288,3.949288472633914,1.0833734478179253;1.2152499625451305,9.264165891219097,0.6289695736007946;2.5152666477933683,4.227481450075309,0.31479177433064687;0.8812631632839998,12.985708095722533,0.4433356300474305;18.23134962994997,17.499124477037014,1.7140616004040665;14.70574069346987,10.138925022682221,0.4018617649899432;0.41828819810825524,18.647760106540918,0.22147400162659886;4.200221053635278,15.46778249624208,0.43191318400781337;6.298497731957038,17.535487675311437,0.9892719758789834"
40,drone_6,12.065,9.645,11.528,10.640,"14.927867894972593,1.9417923666224648,0.6851088007879556;9.581603859062518,1.7165682560455653,1.2502531594349593;9.390093762647613,15.472761448915204,2.171069838955237;19.533980818859707,17.049180100391123,0.27883058946767136;10.26526511140737,1.392277412259023,1.016178670844001;3.348893179695101,14.251866662958317,2.4185601003318604;3.4658463430243227,2.9891174118935857,0.21873102450163456;11.48626419771846,13.846024245365946,0.41596374877409237;5.718556999345342,8.252639224464476,0.3082740680827401;5.41842524027721,5.36907783143671,0.36053001055856554;5.263915430660201,12.511724220330363,0.47075426437758255;5.371172332057537,16.5795681636937,2.275404858158624;17.01738932692288,3.949288472633914,1.0833734478179253;1.2152499625451305,9.264165891219097,0.6289695736007946;2.5152666477933683,4.227481450075309,0.31479177433064687;0.8812631632839998,12.985708095722533,0.4433356300474305;18.23134962994997,17.499124477037014,1.7140616004040665;14.70574069346987,10.138925022682221,0.4018617649899432;0.41828819810825524,18.647760106540918,0.22147400162659886;4.200221053635278,15.46778249624208,0.43191318400781337;6.298497731957038,17.535487675311437,0.9892719758789834"
40,drone_7,9.115,10.618,11.528,10.640,"14.927867894972593,1.9417923666224648,0.6851088007879556;9.581603859062518,1.7165682560455653,1.2502531594349593;9.390093762647613,15.472761448915204,2.171069838955237;19.533980818859707,17.049180100391123,0.27883058946767136;10.26526511140737,1.392277412259023,1.016178670844001;3.348893179695101,14.251866662958317,2.4185601003318604;3.4658463430243227,2.9891174118935857,0.21873102450163456;11.48626419771846,13.846024245365946,0.41596374877409237;5.718556999345342,8.252639224464476,0.3082740680827401;5.41842524027721,5.36907783143671,0.36053001055856554;5.263915430660201,12.511724220330363,0.47075426437758255;5.371172332057537,16.5795681636937,2.275404858158624;17.01738932692288,3.949288472633914,1.0833734478179253;1.2152499625451305,9.264165891219097,0.6289695736007946;2.5152666477933683,4.227481450075309,0.31479177433064687;0.8812631632839998,12.985708095722533,0.4433356300474305;18.23134962994997,17.499124477037014,1.7140616004040665;14.70574069346987,10.138925022682221,0.4018617649899432;0.41828819810825524,18.647760106540918,0.22147400162659886;4.200221053635278,15.46778249624208,0.43191318400781337;6.298497731957038,17.535487675311437,0.9892719758789834"
40,drone_8,7.186,7.966,11.528,10.640,"14.927867894972593,1.9417923666224648,0.6851088007879556;9.581603859062518,1.7165682560455653,1.2502531594349593;9.390093762647613,15.472761448915204,2.171069838955237;19.533980818859707,17.049180100391123,0.27883058946767136;10.26526511140737,1.392277412259023,1.016178670844001;3.348893179695101,14.251866662958317,2.4185601003318604;3.4658463430243227,2.9891174118935857,0.21873102450163456;11.48626419771846,13.846024245365946,0.41596374877409237;5.718556999345342,8.252639224464476,0.3082740680827401;5.41842524027721,5.36907783143671,0.36053001055856554;5.263915430660201,12.511724220330363,0.47075426437758255;5.371172332057537,16.5795681636937,2.275404858158624;17.01738932692288,3.949288472633914,1.0833734478179253;1.2152499625451305,9.264165891219097,0.6289695736007946;2.5152666477933683,4.227481450075309,0.31479177433064687;0.8812631632839998,12.985708095722533,0.4433356300474305;18.23134962994997,17.499124477037014,1.7140616004040665;14.70574069346987,10.138925022682221,0.4018617649899432;0.41828819810825524,18.647760106540918,0.22147400162659886;4.200221053635278,15.46778249624208,0.43191318400781337;6.298497731957038,17.535487675311437,0.9892719758789834"
40,drone_9,10.644,9.710,11.528,10.640,"14.927867894972593,1.9417923666224648,0.6851088007879556;9.581603859062518,1.7165682560455653,1.2502531594349593;9.390093762647613,15.472761448915204,2.171069838955237;19.533980818859707,17.049180100391123,0.27883058946767136;10.26526511140737,1.392277412259023,1.016178670844001;3.348893179695101,14.251866662958317,2.4185601003318604;3.4658463430243227,2.9891174118935857,0.21873102450163456;11.48626419771846,13.846024245365946,0.41596374877409237;5.718556999345342,8.252639224464476,0.3082740680827401;5.41842524027721,5.36907783143671,0.36053001055856554;5.263915430660201,12.511724220330363,0.47075426437758255;5.371172332057537,16.5795681636937,2.275404858158624;17.01738932692288,3.949288472633914,1.0833734478179253;1.2152499625451305,9.264165891219097,0.6289695736007946;2.5152666477933683,4.227481450075309,0.31479177433064687;0.8812631632839998,12.985708095722533,0.4433356300474305;18.23134962994997,17.499124477037014,1.7140616004040665;14.70574069346987,10.138925022682221,0.4018617649899432;0.41828819810825524,18.647760106540918,0.22147400162659886;4.200221053635278,15.46778249624208,0.43191318400781337;6.298497731957038,17.535487675311437,0.9892719758789834"
41,drone_0,13.125,10.365,11.528,10.640,"14.927867894972593,1.9417923666224648,0.6851088007879556;9.581603859062518,1.7165682560455653,1.2502531594349593;9.390093762647613,15.472761448915204,2.171069838955237;19.533980818859707,17.049180100391123,0.27883058946767136;10.26526511140737,1.392277412259023,1.016178670844001;3.348893179695101,14.251866662958317,2.4185601003318604;3.4658463430243227,2.9891174118935857,0.21873102450163456;11.48626419771846,13.846024245365946,0.41596374877409237;5.718556999345342,8.252639224464476,0.3082740680827401;5.41842524027721,5.36907783143671,0.36053001055856554;5.263915430660201,12.511724220330363,0.47075426437758255;5.371172332057537,16.5795681636937,2.275404858158624;17.01738932692288,3.949288472633914,1.0833734478179253;1.2152499625451305,9.264165891219097,0.6289695736007946;2.5152666477933683,4.227481450075309,0.31479177433064687;0.8812631632839998,12.985708095722533,0.4433356300474305;18.23134962994997,17.499124477037014,1.7140616004040665;14.70574069346987,10.138925022682221,0.4018617649899432;0.41828819810825524,18.647760106540918,0.22147400162659886;4.200221053635278,15.46778249624208,0.43191318400781337;6.298497731957038,17.535487675311437,0.9892719758789834"
41,drone_1,11.538,8.838,11.528,10.640,"14.927867894972593,1.9417923666224648,0.6851088007879556;9.581603859062518,1.7165682560455653,1.2502531594349593;9.390093762647613,15.472761448915204,2.171069838955237;19.533980818859707,17.049180100391123,0.27883058946767136;10.26526511140737,1.392277412259023,1.016178670844001;3.348893179695101,14.251866662958317,2.4185601003318604;3.4658463430243227,2.9891174118935857,0.21873102450163456;11.48626419771846,13.846024245365946,0.41596374877409237;5.718556999345342,8.252639224464476,0.3082740680827401;5.41842524027721,5.36907783143671,0.36053001055856554;5.263915430660201,12.511724220330363,0.47075426437758255;5.371172332057537,16.5795681636937,2.275404858158624;17.01738932692288,3.949288472633914,1.0833734478179253;1.2152499625451305,9.264165891219097,0.6289695736007946;2.5152666477933683,4.227481450075309,0.31479177433064687;0.8812631632839998,12.985708095722533,0.4433356300474305;18.23134962994997,17.499124477037014,1.7140616004040665;14.70574069346987,10.138925022682221,0.4018617649899432;0.41828819810825524,18.647760106540918,0.22147400162659886;4.200221053635278,15.46778249624208,0.43191318400781337;6.298497731957038,17.535487675311437,0.9892719758789834"
41,drone_2,8.372,6.826,11.528,10.640,"14.927867894972593,1.9417923666224648,0.6851088007879556;9.581603859062518,1.7165682560455653,1.2502531594349593;9.390093762647613,15.472761448915204,2.171069838955237;19.533980818859707,17.049180100391123,0.27883058946767136;10.26526511140737,1.392277412259023,1.016178670844001;3.348893179695101,14.251866662958317,2.4185601003318604;3.4658463430243227,2.9891174118935857,0.21873102450163456;11.48626419771846,13.846024245365946,0.41596374877409237;5.718556999345342,8.252639224464476,0.3082740680827401;5.41842524027721,5.36907783143671,0.36053001055856554;5.263915430660201,12.511724220330363,0.47075426437758255;5.371172332057537,16.5795681636937,2.275404858158624;17.01738932692288,3.949288472633914,1.0833734478179253;1.2152499625451305,9.264165891219097,0.6289695736007946;2.5152666477933683,4.227481450075309,0.31479177433064687;0.8812631632839998,12.985708095722533,0.4433356300474305;18.23134962994997,17.499124477037014,1.7140616004040665;14.70574069346987,10.138925022682221,0.4018617649899432;0.41828819810825524,18.647760106540918,0.22147400162659886;4.200221053635278,15.46778249624208,0.43191318400781337;6.298497731957038,17.535487675311437,0.9892719758789834"
41,drone_3,12.739,7.752,11.528,10.640,"14.927867894972593,1.9417923666224648,0.6851088007879556;9.581603859062518,1.7165682560455653,1.2502531594349593;9.390093762647613,15.472761448915204,2.171069838955237;19.533980818859707,17.049180100391123,0.27883058946767136;10.26526511140737,1.392277412259023,1.016178670844001;3.348893179695101,14.251866662958317,2.4185601003318604;3.4658463430243227,2.9891174118935857,0.21873102450163456;11.48626419771846,13.846024245365946,0.41596374877409237;5.718556999345342,8.252639224464476,0.3082740680827401;5.41842524027721,5.36907783143671,0.36053001055856554;5.263915430660201,12.511724220330363,0.47075426437758255;5.371172332057537,16.5795681636937,2.275404858158624;17.01738932692288,3.949288472633914,1.0833734478179253;1.2152499625451305,9.264165891219097,0.6289695736007946;2.5152666477933683,4.227481450075309,0.31479177433064687;0.8812631632839998,12.985708095722533,0.4433356300474305;18.23134962994997,17.499124477037014,1.7140616004040665;14.70574069346987,10.138925022682221,0.4018617649899432;0.41828819810825524,18.647760106540918,0.22147400162659886;4.200221053635278,15.46778249624208,0.43191318400781337;6.298497731957038,17.535487675311437,0.9892719758789834"
41,drone_4,10.460,10.720,11.528,10.640,"14.927867894972593,1.9417923666224648,0.6851088007879556;9.581603859062518,1.7165682560455653,1.2502531594349593;9.390093762647613,15.472761448915204,2.171069838955237;19.533980818859707,17.049180100391123,0.27883058946767136;10.26526511140737,1.392277412259023,1.016178670844001;3.348893179695101,14.251866662958317,2.4185601003318604;3.4658463430243227,2.9891174118935857,0.21873102450163456;11.48626419771846,13.846024245365946,0.41596374877409237;5.718556999345342,8.252639224464476,0.3082740680827401;5.41842524027721,5.36907783143671,0.36053001055856554;5.263915430660201,12.511724220330363,0.47075426437758255;5.371172332057537,16.5795681636937,2.275404858158624;17.01738932692288,3.949288472633914,1.0833734478179253;1.2152499625451305,9.264165891219097,0.6289695736007946;2.5152666477933683,4.227481450075309,0.31479177433064687;0.8812631632839998,12.985708095722533,0.4433356300474305;18.23134962994997,17.499124477037014,1.7140616004040665;14.70574069346987,10.138925022682221,0.4018617649899432;0.41828819810825524,18.647760106540918,0.22147400162659886;4.200221053635278,15.46778249624208,0.43191318400781337;6.298497731957038,17.535487675311437,0.9892719758789834"
41,drone_5,12.585,10.823,11.528,10.640,"14.927867894972593,1.9417923666224648,0.6851088007879556;9.581603859062518,1.7165682560455653,1.2502531594349593;9.390093762647613,15.472761448915204,2.171069838955237;19.533980818859707,17.049180100391123,0.27883058946767136;10.26526511140737,1.392277412259023,1.016178670844001;3.348893179695101,14.251866662958317,2.4185601003318604;3.4658463430243227,2.9891174118935857,0.21873102450163456;11.48626419771846,13.846024245365946,0.41596374877409237;5.718556999345342,8.252639224464476,0.3082740680827401;5.41842524027721,5.36907783143671,0.36053001055856554;5.263915430660201,12.511724220330363,0.47075426437758255;5.371172332057537,16.5795681636937,2.275404858158624;17.01738932692288,3.949288472633914,1.0833734478179253;1.2152499625451305,9.264165891219097,0.6289695736007946;2.5152666477933683,4.227481450075309,0.31479177433064687;0.8812631632839998,12.985708095722533,0.4433356300474305;18.23134962994997,17.499124477037014,1.7140616004040665;14.70574069346987,10.138925022682221,0.4018617649899432;0.41828819810825524,18.647760106540918,0.22147400162659886;4.200221053635278,15.46778249624208,0.43191318400781337;6.298497731957038,17.535487675311437,0.9892719758789834"
41,drone_6,11.960,9.782,11.528,10.640,"14.927867894972593,1.9417923666224648,0.6851088007879556;9.581603859062518,1.7165682560455653,1.2502531594349593;9.390093762647613,15.472761448915204,2.171069838955237;19.533980818859707,17.049180100391123,0.27883058946767136;10.26526511140737,1.392277412259023,1.016178670844001;3.348893179695101,14.251866662958317,2.4185601003318604;3.4658463430243227,2.9891174118935857,0.21873102450163456;11.48626419771846,13.846024245365946,0.41596374877409237;5.718556999345342,8.252639224464476,0.3082740680827401;5.41842524027721,5.36907783143671,0.36053001055856554;5.263915430660201,12.511724220330363,0.47075426437758255;5.371172332057537,16.5795681636937,2.275404858158624;17.01738932692288,3.949288472633914,1.0833734478179253;1.2152499625451305,9.264165891219097,0.6289695736007946;2.5152666477933683,4.227481450075309,0.31479177433064687;0.8812631632839998,12.985708095722533,0.4433356300474305;18.23134962994997,17.499124477037014,1.7140616004040665;14.70574069346987,10.138925022682221,0.4018617649899432;0.41828819810825524,18.647760106540918,0.22147400162659886;4.200221053635278,15.46778249624208,0.43191318400781337;6.298497731957038,17.535487675311437,0.9892719758789834"
41,drone_7,9.259,10.756,11.528,10.640,"14.927867894972593,1.9417923666224648,0.6851088007879556;9.581603859062518,1.7165682560455653,1.2502531594349593;9.390093762647613,15.472761448915204,2.171069838955237;19.533980818859707,17.049180100391123,0.27883058946767136;10.26526511140737,1.392277412259023,1.016178670844001;3.348893179695101,14.251866662958317,2.4185601003318604;3.4658463430243227,2.9891174118935857,0.21873102450163456;11.48626419771846,13.846024245365946,0.41596374877409237;5.718556999345342,8.252639224464476,0.3082740680827401;5.41842524027721,5.36907783143671,0.36053001055856554;5.263915430660201,12.511724220330363,0.47075426437758255;5.371172332057537,16.5795681636937,2.275404858158624;17.01738932692288,3.949288472633914,1.0833734478179253;1.2152499625451305,9.264165891219097,0.6289695736007946;2.5152666477933683,4.227481450075309,0.31479177433064687;0.8812631632839998,12.985708095722533,0.4433356300474305;18.23134962994997,17.499124477037014,1.7140616004040665;14.70574069346987,10.138925022682221,0.4018617649899432;0.41828819810825524,18.647760106540918,0.22147400162659886;4.200221053635278,15.46778249624208,0.43191318400781337;6.298497731957038,17.535487675311437,0.9892719758789834"
41,drone_8,7.329,8.106,11.528,10.640,"14.927867894972593,1.9417923666224648,0.6851088007879556;9.581603859062518,1.7165682560455653,1.2502531594349593;9.390093762647613,15.472761448915204,2.171069838955237;19.533980818859707,17.049180100391123,0.27883058946767136;10.26526511140737,1.392277412259023,1.016178670844001;3.348893179695101,14.251866662958317,2.4185601003318604;3.4658463430243227,2.9891174118935857,0.21873102450163456;11.48626419771846,13.846024245365946,0.41596374877409237;5.718556999345342,8.252639224464476,0.3082740680827401;5.41842524027721,5.36907783143671,0.36053001055856554;5.263915430660201,12.511724220330363,0.47075426437758255;5.371172332057537,16.5795681636937,2.275404858158624;17.01738932692288,3.949288472633914,1.0833734478179253;1.2152499625451305,9.264165891219097,0.6289695736007946;2.5152666477933683,4.227481450075309,0.31479177433064687;0.8812631632839998,12.985708095722533,0.4433356300474305;18.23134962994997,17.499124477037014,1.7140616004040665;14.70574069346987,10.138925022682221,0.4018617649899432;0.41828819810825524,18.647760106540918,0.22147400162659886;4.200221053635278,15.46778249624208,0.43191318400781337;6.298497731957038,17.535487675311437,0.9892719758789834"
41,drone_9,10.787,9.850,11.528,10.640,"14.927867894972593,1.9417923666224648,0.6851088007879556;9.581603859062518,1.7165682560455653,1.2502531594349593;9.390093762647613,15.472761448915204,2.171069838955237;19.533980818859707,17.049180100391123,0.27883058946767136;10.26526511140737,1.392277412259023,1.016178670844001;3.348893179695101,14.251866662958317,2.4185601003318604;3.4658463430243227,2.9891174118935857,0.21873102450163456;11.48626419771846,13.846024245365946,0.41596374877409237;5.718556999345342,8.252639224464476,0.3082740680827401;5.41842524027721,5.36907783143671,0.36053001055856554;5.263915430660201,12.511724220330363,0.47075426437758255;5.371172332057537,16.5795681636937,2.275404858158624;17.01738932692288,3.949288472633914,1.0833734478179253;1.2152499625451305,9.264165891219097,0.6289695736007946;2.5152666477933683,4.227481450075309,0.31479177433064687;0.8812631632839998,12.985708095722533,0.4433356300474305;18.23134962994997,17.499124477037014,1.7140616004040665;14.70574069346987,10.138925022682221,0.4018617649899432;0.41828819810825524,18.647760106540918,0.22147400162659886;4.200221053635278,15.46778249624208,0.43191318400781337;6.298497731957038,17.535487675311437,0.9892719758789834"
42,drone_0,13.055,10.237,11.528,10.640,"14.927867894972593,1.9417923666224648,0.6851088007879556;9.581603859062518,1.7165682560455653,1.2502531594349593;9.390093762647613,15.472761448915204,2.171069838955237;19.533980818859707,17.049180100391123,0.27883058946767136;10.26526511140737,1.392277412259023,1.016178670844001;3.348893179695101,14.251866662958317,2.4185601003318604;3.4658463430243227,2.9891174118935857,0.21873102450163456;11.48626419771846,13.846024245365946,0.41596374877409237;5.718556999345342,8.252639224464476,0.3082740680827401;5.41842524027721,5.36907783143671,0.36053001055856554;5.263915430660201,12.511724220330363,0.47075426437758255;5.371172332057537,16.5795681636937,2.275404858158624;17.01738932692288,3.949288472633914,1.0833734478179253;1.2152499625451305,9.264165891219097,0.6289695736007946;2.5152666477933683,4.227481450075309,0.31479177433064687;0.8812631632839998,12.985708095722533,0.4433356300474305;18.23134962994997,17.499124477037014,1.7140616004040665;14.70574069346987,10.138925022682221,0.4018617649899432;0.41828819810825524,18.647760106540918,0.22147400162659886;4.200221053635278,15.46778249624208,0.43191318400781337;6.298497731957038,17.535487675311437,0.9892719758789834"
42,drone_1,11.582,9.033,11.528,10.640,"14.927867894972593,1.9417923666224648,0.6851088007879556;9.581603859062518,1.7165682560455653,1.2502531594349593;9.390093762647613,15.472761448915204,2.171069838955237;19.533980818859707,17.049180100391123,0.27883058946767136;10.26526511140737,1.392277412259023,1.016178670844001;3.348893179695101,14.251866662958317,2.4185601003318604;3.4658463430243227,2.9891174118935857,0.21873102450163456;11.48626419771846,13.846024245365946,0.41596374877409237;5.718556999345342,8.252639224464476,0.3082740680827401;5.41842524027721,5.36907783143671,0.36053001055856554;5.263915430660201,12.511724220330363,0.47075426437758255;5.371172332057537,16.5795681636937,2.275404858158624;17.01738932692288,3.949288472633914,1.0833734478179253;1.2152499625451305,9.264165891219097,0.6289695736007946;2.5152666477933683,4.227481450075309,0.31479177433064687;0.8812631632839998,12.985708095722533,0.4433356300474305;18.23134962994997,17.499124477037014,1.7140616004040665;14.70574069346987,10.138925022682221,0.4018617649899432;0.41828819810825524,18.647760106540918,0.22147400162659886;4.200221053635278,15.46778249624208,0.43191318400781337;6.298497731957038,17.535487675311437,0.9892719758789834"
42,drone_2,8.514,6.967,11.528,10.640,"14.927867894972593,1.9417923666224648,0.6851088007879556;9.581603859062518,1.7165682560455653,1.2502531594349593;9.390093762647613,15.472761448915204,2.171069838955237;19.533980818859707,17.049180100391123,0.27883058946767136;10.26526511140737,1.392277412259023,1.016178670844001;3.348893179695101,14.251866662958317,2.4185601003318604;3.4658463430243227,2.9891174118935857,0.21873102450163456;11.48626419771846,13.846024245365946,0.41596374877409237;5.718556999345342,8.252639224464476,0.3082740680827401;5.41842524027721,5.36907783143671,0.36053001055856554;5.263915430660201,12.511724220330363,0.47075426437758255;5.371172332057537,16.5795681636937,2.275404858158624;17.01738932692288,3.949288472633914,1.0833734478179253;1.2152499625451305,9.264165891219097,0.6289695736007946;2.5152666477933683,4.227481450075309,0.31479177433064687;0.8812631632839998,12.985708095722533,0.4433356300474305;18.23134962994997,17.499124477037014,1.7140616004040665;14.70574069346987,10.138925022682221,0.4018617649899432;0.41828819810825524,18.647760106540918,0.22147400162659886;4.200221053635278,15.46778249624208,0.43191318400781337;6.298497731957038,17.535487675311437,0.9892719758789834"
42,drone_3,12.602,7.898,11.528,10.640,"14.927867894972593,1.9417923666224648,0.6851088007879556;9.581603859062518,1.7165682560455653,1.2502531594349593;9.390093762647613,15.472761448915204,2.171069838955237;19.533980818859707,17.049180100391123,0.27883058946767136;10.26526511140737,1.392277412259023,1.016178670844001;3.348893179695101,14.251866662958317,2.4185601003318604;3.4658463430243227,2.9891174118935857,0.21873102450163456;11.48626419771846,13.846024245365946,0.41596374877409237;5.718556999345342,8.252639224464476,0.3082740680827401;5.41842524027721,5.36907783143671,0.36053001055856554;5.263915430660201,12.511724220330363,0.47075426437758255;5.371172332057537,16.5795681636937,2.275404858158624;17.01738932692288,3.949288472633914,1.0833734478179253;1.2152499625451305,9.264165891219097,0.6289695736007946;2.5152666477933683,4.227481450075309,0.31479177433064687;0.8812631632839998,12.985708095722533,0.4433356300474305;18.23134962994997,17.499124477037014,1.7140616004040665;14.70574069346987,10.138925022682221,0.4018617649899432;0.41828819810825524,18.647760106540918,0.22147400162659886;4.200221053635278,15.46778249624208,0.43191318400781337;6.298497731957038,17.535487675311437,0.9892719758789834"
42,drone_4,10.582,10.842,11.528,10.640,"14.927867894972593,1.9417923666224648,0.6851088007879556;9.581603859062518,1.7165682560455653,1.2502531594349593;9.390093762647613,15.472761448915204,2.171069838955237;19.533980818859707,17.049180100391123,0.27883058946767136;10.26526511140737,1.392277412259023,1.016178670844001;3.348893179695101,14.251866662958317,2.4185601003318604;3.4658463430243227,2.9891174118935857,0.21873102450163456;11.48626419771846,13.846024245365946,0.41596374877409237;5.718556999345342,8.252639224464476,0.3082740680827401;5.41842524027721,5.36907783143671,0.36053001055856554;5.263915430660201,12.511724220330363,0.47075426437758255;5.371172332057537,16.5795681636937,2.275404858158624;17.01738932692288,3.949288472633914,1.0833734478179253;1.2152499625451305,9.264165891219097,0.6289695736007946;2.5152666477933683,4.227481450075309,0.31479177433064687;0.8812631632839998,12.985708095722533,0.4433356300474305;18.23134962994997,17.499124477037014,1.7140616004040665;14.70574069346987,10.138925022682221,0.4018617649899432;0.41828819810825524,18.647760106540918,0.22147400162659886;4.200221053635278,15.46778249624208,0.43191318400781337;6.298497731957038,17.535487675311437,0.9892719758789834"
42,drone_5,12.454,10.712,11.528,10.640,"14.927867894972593,1.9417923666224648,0.6851088007879556;9.581603859062518,1.7165682560455653,1.2502531594349593;9.390093762647613,15.472761448915204,2.171069838955237;19.533980818859707,17.049180100391123,0.27883058946767136;10.26526511140737,1.392277412259023,1.016178670844001;3.348893179695101,14.251866662958317,2.4185601003318604;3.4658463430243227,2.9891174118935857,0.21873102450163456;11.48626419771846,13.846024245365946,0.41596374877409237;5.718556999345342,8.252639224464476,0.3082740680827401;5.41842524027721,5.36907783143671,0.36053001055856554;5.263915430660201,12.511724220330363,0.47075426437758255;5.371172332057537,16.5795681636937,2.275404858158624;17.01738932692288,3.949288472633914,1.0833734478179253;1.2152499625451305,9.264165891219097,0.6289695736007946;2.5152666477933683,4.227481450075309,0.31479177433064687;0.8812631632839998,12.985708095722533,0.4433356300474305;18.23134962994997,17.499124477037014,1.7140616004040665;14.70574069346987,10.138925022682221,0.4018617649899432;0.41828819810825524,18.647760106540918,0.22147400162659886;4.200221053635278,15.46778249624208,0.43191318400781337;6.298497731957038,17.535487675311437,0.9892719758789834"
42,drone_6,11.848,9.912,11.528,10.640,"14.927867894972593,1.9417923666224648,0.6851088007879556;9.581603859062518,1.7165682560455653,1.2502531594349593;9.390093762647613,15.472761448915204,2.171069838955237;19.533980818859707,17.049180100391123,0.27883058946767136;10.26526511140737,1.392277412259023,1.016178670844001;3.348893179695101,14.251866662958317,2.4185601003318604;3.4658463430243227,2.9891174118935857,0.21873102450163456;11.48626419771846,13.846024245365946,0.41596374877409237;5.718556999345342,8.252639224464476,0.3082740680827401;5.41842524027721,5.36907783143671,0.36053001055856554;5.263915430660201,12.511724220330363,0.47075426437758255;5.371172332057537,16.5795681636937,2.275404858158624;17.01738932692288,3.949288472633914,1.0833734478179253;1.2152499625451305,9.264165891219097,0.6289695736007946;2.5152666477933683,4.227481450075309,0.31479177433064687;0.8812631632839998,12.985708095722533,0.4433356300474305;18.23134962994997,17.499124477037014,1.7140616004040665;14.70574069346987,10.138925022682221,0.4018617649899432;0.41828819810825524,18.647760106540918,0.22147400162659886;4.200221053635278,15.46778249624208,0.43191318400781337;6.298497731957038,17.535487675311437,0.9892719758789834"
42,drone_7,9.403,10.895,11.528,10.640,"14.927867894972593,1.9417923666224648,0.6851088007879556;9.581603859062518,1.7165682560455653,1.2502531594349593;9.390093762647613,15.472761448915204,2.171069838955237;19.533980818859707,17.049180100391123,0.27883058946767136;10.26526511140737,1.392277412259023,1.016178670844001;3.348893179695101,14.251866662958317,2.4185601003318604;3.4658463430243227,2.9891174118935857,0.21873102450163456;11.48626419771846,13.846024245365946,0.41596374877409237;5.718556999345342,8.252639224464476,0.3082740680827401;5.41842524027721,5.36907783143671,0.36053001055856554;5.263915430660201,12.511724220330363,0.47075426437758255;5.371172332057537,16.5795681636937,2.275404858158624;17.01738932692288,3.949288472633914,1.0833734478179253;1.2152499625451305,9.264165891219097,0.6289695736007946;2.5152666477933683,4.227481450075309,0.31479177433064687;0.8812631632839998,12.985708095722533,0.4433356300474305;18.23134962994997,17.499124477037014,1.7140616004040665;14.70574069346987,10.138925022682221,0.4018617649899432;0.41828819810825524,18.647760106540918,0.22147400162659886;4.200221053635278,15.46778249624208,0.43191318400781337;6.298497731957038,17.535487675311437,0.9892719758789834"
42,drone_8,7.472,8.246,11.528,10.640,"14.927867894972593,1.9417923666224648,0.6851088007879556;9.581603859062518,1.7165682560455653,1.2502531594349593;9.390093762647613,15.472761448915204,2.171069838955237;19.533980818859707,17.049180100391123,0.27883058946767136;10.26526511140737,1.392277412259023,1.016178670844001;3.348893179695101,14.251866662958317,2.4185601003318604;3.4658463430243227,2.9891174118935857,0.21873102450163456;11.48626419771846,13.846024245365946,0.41596374877409237;5.718556999345342,8.252639224464476,0.3082740680827401;5.41842524027721,5.36907783143671,0.36053001055856554;5.263915430660201,12.511724220330363,0.47075426437758255;5.371172332057537,16.5795681636937,2.275404858158624;17.01738932692288,3.949288472633914,1.0833734478179253;1.2152499625451305,9.264165891219097,0.6289695736007946;2.5152666477933683,4.227481450075309,0.31479177433064687;0.8812631632839998,12.985708095722533,0.4433356300474305;18.23134962994997,17.499124477037014,1.7140616004040665;14.70574069346987,10.138925022682221,0.4018617649899432;0.41828819810825524,18.647760106540918,0.22147400162659886;4.200221053635278,15.46778249624208,0.43191318400781337;6.298497731957038,17.535487675311437,0.9892719758789834"
42,drone_9,10.929,9.990,11.528,10.640,"14.927867894972593,1.9417923666224648,0.6851088007879556;9.581603859062518,1.7165682560455653,1.2502531594349593;9.390093762647613,15.472761448915204,2.171069838955237;19.533980818859707,17.049180100391123,0.27883058946767136;10.26526511140737,1.392277412259023,1.016178670844001;3.348893179695101,14.251866662958317,2.4185601003318604;3.4658463430243227,2.9891174118935857,0.21873102450163456;11.48626419771846,13.846024245365946,0.41596374877409237;5.718556999345342,8.252639224464476,0.3082740680827401;5.41842524027721,5.36907783143671,0.36053001055856554;5.263915430660201,12.511724220330363,0.47075426437758255;5.371172332057537,16.5795681636937,2.275404858158624;17.01738932692288,3.949288472633914,1.0833734478179253;1.2152499625451305,9.264165891219097,0.6289695736007946;2.5152666477933683,4.227481450075309,0.31479177433064687;0.8812631632839998,12.985708095722533,0.4433356300474305;18.23134962994997,17.499124477037014,1.7140616004040665;14.70574069346987,10.138925022682221,0.4018617649899432;0.41828819810825524,18.647760106540918,0.22147400162659886;4.200221053635278,15.46778249624208,0.43191318400781337;6.298497731957038,17.535487675311437,0.9892719758789834"
43,drone_0,12.952,10.099,11.528,10.640,"14.927867894972593,1.9417923666224648,0.6851088007879556;9.581603859062518,1.7165682560455653,1.2502531594349593;9.390093762647613,15.472761448915204,2.171069838955237;19.533980818859707,17.049180100391123,0.27883058946767136;10.26526511140737,1.392277412259023,1.016178670844001;3.348893179695101,14.251866662958317,2.4185601003318604;3.4658463430243227,2.9891174118935857,0.21873102450163456;11.48626419771846,13.846024245365946,0.41596374877409237;5.718556999345342,8.252639224464476,0.3082740680827401;5.41842524027721,5.36907783143671,0.36053001055856554;5.263915430660201,12.511724220330363,0.47075426437758255;5.371172332057537,16.5795681636937,2.275404858158624;17.01738932692288,3.949288472633914,1.0833734478179253;1.2152499625451305,9.264165891219097,0.6289695736007946;2.5152666477933683,4.227481450075309,0.31479177433064687;0.8812631632839998,12.985708095722533,0.4433356300474305;18.23134962994997,17.499124477037014,1.7140616004040665;14.70574069346987,10.138925022682221,0.4018617649899432;0.41828819810825524,18.647760106540918,0.22147400162659886;4.200221053635278,15.46778249624208,0.43191318400781337;6.298497731957038,17.535487675311437,0.9892719758789834"
43,drone_1,11.725,9.128,11.528,10.640,"14.927867894972593,1.9417923666224648,0.6851088007879556;9.581603859062518,1.7165682560455653,1.2502531594349593;9.390093762647613,15.472761448915204,2.171069838955237;19.533980818859707,17.049180100391123,0.27883058946767136;10.26526511140737,1.392277412259023,1.016178670844001;3.348893179695101,14.251866662958317,2.4185601003318604;3.4658463430243227,2.9891174118935857,0.21873102450163456;11.48626419771846,13.846024245365946,0.41596374877409237;5.718556999345342,8.252639224464476,0.3082740680827401;5.41842524027721,5.36907783143671,0.36053001055856554;5.263915430660201,12.511724220330363,0.47075426437758255;5.371172332057537,16.5795681636937,2.275404858158624;17.01738932692288,3.949288472633914,1.0833734478179253;1.2152499625451305,9.264165891219097,0.6289695736007946;2.5152666477933683,4.227481450075309,0.31479177433064687;0.8812631632839998,12.985708095722533,0.4433356300474305;18.23134962994997,17.499124477037014,1.7140616004040665;14.70574069346987,10.138925022682221,0.4018617649899432;0.41828819810825524,18.647760106540918,0.22147400162659886;4.200221053635278,15.46778249624208,0.43191318400781337;6.298497731957038,17.535487675311437,0.9892719758789834"
43,drone_2,8.655,7.109,11.528,10.640,"14.927867894972593,1.9417923666224648,0.6851088007879556;9.581603859062518,1.7165682560455653,1.2502531594349593;9.390093762647613,15.472761448915204,2.171069838955237;19.533980818859707,17.049180100391123,0.27883058946767136;10.26526511140737,1.392277412259023,1.016178670844001;3.348893179695101,14.251866662958317,2.4185601003318604;3.4658463430243227,2.9891174118935857,0.21873102450163456;11.48626419771846,13.846024245365946,0.41596374877409237;5.718556999345342,8.252639224464476,0.3082740680827401;5.41842524027721,5.36907783143671,0.36053001055856554;5.263915430660201,12.511724220330363,0.47075426437758255;5.371172332057537,16.5795681636937,2.275404858158624;17.01738932692288,3.949288472633914,1.0833734478179253;1.2152499625451305,9.264165891219097,0.6289695736007946;2.5152666477933683,4.227481450075309,0.31479177433064687;0.8812631632839998,12.985708095722533,0.4433356300474305;18.23134962994997,17.499124477037014,1.7140616004040665;14.70574069346987,10.138925022682221,0.4018617649899432;0.41828819810825524,18.647760106540918,0.22147400162659886;4.200221053635278,15.46778249624208,0.43191318400781337;6.298497731957038,17.535487675311437,0.9892719758789834"
43,drone_3,12.463,8.041,11.528,10.640,"14.927867894972593,1.9417923666224648,0.6851088007879556;9.581603859062518,1.7165682560455653,1.2502531594349593;9.390093762647613,15.472761448915204,2.171069838955237;19.533980818859707,17.049180100391123,0.27883058946767136;10.26526511140737,1.392277412259023,1.016178670844001;3.348893179695101,14.251866662958317,2.4185601003318604;3.4658463430243227,2.9891174118935857,0.21873102450163456;11.48626419771846,13.846024245365946,0.41596374877409237;5.718556999345342,8.252639224464476,0.3082740680827401;5.41842524027721,5.36907783143671,0.36053001055856554;5.263915430660201,12.511724220330363,0.47075426437758255;5.371172332057537,16.5795681636937,2.275404858158624;17.01738932692288,3.949288472633914,1.0833734478179253;1.2152499625451305,9.264165891219097,0.6289695736007946;2.5152666477933683,4.227481450075309,0.31479177433064687;0.8812631632839998,12.985708095722533,0.4433356300474305;18.23134962994997,17.499124477037014,1.7140616004040665;14.70574069346987,10.138925022682221,0.4018617649899432;0.41828819810825524,18.647760106540918,0.22147400162659886;4.200221053635278,15.46778249624208,0.43191318400781337;6.298497731957038,17.535487675311437,0.9892719758789834"
43,drone_4,10.753,10.858,11.528,10.640,"14.927867894972593,1.9417923666224648,0.6851088007879556;9.581603859062518,1.7165682560455653,1.2502531594349593;9.390093762647613,15.472761448915204,2.171069838955237;19.533980818859707,17.049180100391123,0.27883058946767136;10.26526511140737,1.392277412259023,1.016178670844001;3.348893179695101,14.251866662958317,2.4185601003318604;3.4658463430243227,2.9891174118935857,0.21873102450163456;11.48626419771846,13.846024245365946,0.41596374877409237;5.718556999345342,8.252639224464476,0.3082740680827401;5.41842524027721,5.36907783143671,0.36053001055856554;5.263915430660201,12.511724220330363,0.47075426437758255;5.371172332057537,16.5795681636937,2.275404858158624;17.01738932692288,3.949288472633914,1.0833734478179253;1.2152499625451305,9.264165891219097,0.6289695736007946;2.5152666477933683,4.227481450075309,0.31479177433064687;0.8812631632839998,12.985708095722533,0.4433356300474305;18.23134962994997,17.499124477037014,1.7140616004040665;14.70574069346987,10.138925022682221,0.4018617649899432;0.41828819810825524,18.647760106540918,0.22147400162659886;4.200221053635278,15.46778249624208,0.43191318400781337;6.298497731957038,17.535487675311437,0.9892719758789834"
43,drone_5,12.282,10.703,11.528,10.640,"14.927867894972593,1.9417923666224648,0.6851088007879556;9.581603859062518,1.7165682560455653,1.2502531594349593;9.390093762647613,15.472761448915204,2.171069838955237;19.533980818859707,17.049180100391123,0.27883058946767136;10.26526511140737,1.392277412259023,1.016178670844001;3.348893179695101,14.251866662958317,2.4185601003318604;3.4658463430243227,2.9891174118935857,0.21873102450163456;11.48626419771846,13.846024245365946,0.41596374877409237;5.718556999345342,8.252639224464476,0.3082740680827401;5.41842524027721,5.36907783143671,0.36053001055856554;5.263915430660201,12.511724220330363,0.47075426437758255;5.371172332057537,16.5795681636937,2.275404858158624;17.01738932692288,3.949288472633914,1.0833734478179253;1.2152499625451305,9.264165891219097,0.6289695736007946;2.5152666477933683,4.227481450075309,0.31479177433064687;0.8812631632839998,12.985708095722533,0.4433356300474305;18.23134962994997,17.499124477037014,1.7140616004040665;14.70574069346987,10.138925022682221,0.4018617649899432;0.41828819810825524,18.647760106540918,0.22147400162659886;4.200221053635278,15.46778249624208,0.43191318400781337;6.298497731957038,17.535487675311437,0.9892719758789834"
43,drone_6,-100.000,-100.000,11.528,10.640,"14.927867894972593,1.9417923666224648,0.6851088007879556;9.581603859062518,1.7165682560455653,1.2502531594349593;9.390093762647613,15.472761448915204,2.171069838955237;19.533980818859707,17.049180100391123,0.27883058946767136;10.26526511140737,1.392277412259023,1.016178670844001;3.348893179695101,14.251866662958317,2.4185601003318604;3.4658463430243227,2.9891174118935857,0.21873102450163456;11.48626419771846,13.846024245365946,0.41596374877409237;5.718556999345342,8.252639224464476,0.3082740680827401;5.41842524027721,5.36907783143671,0.36053001055856554;5.263915430660201,12.511724220330363,0.47075426437758255;5.371172332057537,16.5795681636937,2.275404858158624;17.01738932692288,3.949288472633914,1.0833734478179253;1.2152499625451305,9.264165891219097,0.6289695736007946;2.5152666477933683,4.227481450075309,0.31479177433064687;0.8812631632839998,12.985708095722533,0.4433356300474305;18.23134962994997,17.499124477037014,1.7140616004040665;14.70574069346987,10.138925022682221,0.4018617649899432;0.41828819810825524,18.647760106540918,0.22147400162659886;4.200221053635278,15.46778249624208,0.43191318400781337;6.298497731957038,17.535487675311437,0.9892719758789834"
43,drone_7,9.545,11.035,11.528,10.640,"14.927867894972593,1.9417923666224648,0.6851088007879556;9.581603859062518,1.7165682560455653,1.2502531594349593;9.390093762647613,15.472761448915204,2.171069838955237;19.533980818859707,17.049180100391123,0.27883058946767136;10.26526511140737,1.392277412259023,1.016178670844001;3.348893179695101,14.251866662958317,2.4185601003318604;3.4658463430243227,2.9891174118935857,0.21873102450163456;11.48626419771846,13.846024245365946,0.41596374877409237;5.718556999345342,8.252639224464476,0.3082740680827401;5.41842524027721,5.36907783143671,0.36053001055856554;5.263915430660201,12.511724220330363,0.47075426437758255;5.371172332057537,16.5795681636937,2.275404858158624;17.01738932692288,3.949288472633914,1.0833734478179253;1.2152499625451305,9.264165891219097,0.6289695736007946;2.5152666477933683,4.227481450075309,0.31479177433064687;0.8812631632839998,12.985708095722533,0.4433356300474305;18.23134962994997,17.499124477037014,1.7140616004040665;14.70574069346987,10.138925022682221,0.4018617649899432;0.41828819810825524,18.647760106540918,0.22147400162659886;4.200221053635278,15.46778249624208,0.43191318400781337;6.298497731957038,17.535487675311437,0.9892719758789834"
43,drone_8,7.614,8.387,11.528,10.640,"14.927867894972593,1.9417923666224648,0.6851088007879556;9.581603859062518,1.7165682560455653,1.2502531594349593;9.390093762647613,15.472761448915204,2.171069838955237;19.533980818859707,17.049180100391123,0.27883058946767136;10.26526511140737,1.392277412259023,1.016178670844001;3.348893179695101,14.251866662958317,2.4185601003318604;3.4658463430243227,2.9891174118935857,0.21873102450163456;11.48626419771846,13.846024245365946,0.41596374877409237;5.718556999345342,8.252639224464476,0.3082740680827401;5.41842524027721,5.36907783143671,0.36053001055856554;5.263915430660201,12.511724220330363,0.47075426437758255;5.371172332057537,16.5795681636937,2.275404858158624;17.01738932692288,3.949288472633914,1.0833734478179253;1.2152499625451305,9.264165891219097,0.6289695736007946;2.5152666477933683,4.227481450075309,0.31479177433064687;0.8812631632839998,12.985708095722533,0.4433356300474305;18.23134962994997,17.499124477037014,1.7140616004040665;14.70574069346987,10.138925022682221,0.4018617649899432;0.41828819810825524,18.647760106540918,0.22147400162659886;4.200221053635278,15.46778249624208,0.43191318400781337;6.298497731957038,17.535487675311437,0.9892719758789834"
43,drone_9,-100.000,-100.000,11.528,10.640,"14.927867894972593,1.9417923666224648,0.6851088007879556;9.581603859062518,1.7165682560455653,1.2502531594349593;9.390093762647613,15.472761448915204,2.171069838955237;19.533980818859707,17.049180100391123,0.27883058946767136;10.26526511140737,1.392277412259023,1.016178670844001;3.348893179695101,14.251866662958317,2.4185601003318604;3.4658463430243227,2.9891174118935857,0.21873102450163456;11.48626419771846,13.846024245365946,0.41596374877409237;5.718556999345342,8.252639224464476,0.3082740680827401;5.41842524027721,5.36907783143671,0.36053001055856554;5.263915430660201,12.511724220330363,0.47075426437758255;5.371172332057537,16.5795681636937,2.275404858158624;17.01738932692288,3.949288472633914,1.0833734478179253;1.2152499625451305,9.264165891219097,0.6289695736007946;2.5152666477933683,4.227481450075309,0.31479177433064687;0.8812631632839998,12.985708095722533,0.4433356300474305;18.23134962994997,17.499124477037014,1.7140616004040665;14.70574069346987,10.138925022682221,0.4018617649899432;0.41828819810825524,18.647760106540918,0.22147400162659886;4.200221053635278,15.46778249624208,0.43191318400781337;6.298497731957038,17.535487675311437,0.9892719758789834"
44,drone_0,12.950,9.927,11.528,10.640,"14.927867894972593,1.9417923666224648,0.6851088007879556;9.581603859062518,1.7165682560455653,1.2502531594349593;9.390093762647613,15.472761448915204,2.171069838955237;19.533980818859707,17.049180100391123,0.27883058946767136;10.26526511140737,1.392277412259023,1.016178670844001;3.348893179695101,14.251866662958317,2.4185601003318604;3.4658463430243227,2.9891174118935857,0.21873102450163456;11.48626419771846,13.846024245365946,0.41596374877409237;5.718556999345342,8.252639224464476,0.3082740680827401;5.41842524027721,5.36907783143671,0.36053001055856554;5.263915430660201,12.511724220330363,0.47075426437758255;5.371172332057537,16.5795681636937,2.275404858158624;17.01738932692288,3.949288472633914,1.0833734478179253;1.2152499625451305,9.264165891219097,0.6289695736007946;2.5152666477933683,4.227481450075309,0.31479177433064687;0.8812631632839998,12.985708095722533,0.4433356300474305;18.23134962994997,17.499124477037014,1.7140616004040665;14.70574069346987,10.138925022682221,0.4018617649899432;0.41828819810825524,18.647760106540918,0.22147400162659886;4.200221053635278,15.46778249624208,0.43191318400781337;6.298497731957038,17.535487675311437,0.9892719758789834"
44,drone_1,11.925,9.124,11.528,10.640,"14.927867894972593,1.9417923666224648,0.6851088007879556;9.581603859062518,1.7165682560455653,1.2502531594349593;9.390093762647613,15.472761448915204,2.171069838955237;19.533980818859707,17.049180100391123,0.27883058946767136;10.26526511140737,1.392277412259023,1.016178670844001;3.348893179695101,14.251866662958317,2.4185601003318604;3.4658463430243227,2.9891174118935857,0.21873102450163456;11.48626419771846,13.846024245365946,0.41596374877409237;5.718556999345342,8.252639224464476,0.3082740680827401;5.41842524027721,5.36907783143671,0.36053001055856554;5.263915430660201,12.511724220330363,0.47075426437758255;5.371172332057537,16.5795681636937,2.275404858158624;17.01738932692288,3.949288472633914,1.0833734478179253;1.2152499625451305,9.264165891219097,0.6289695736007946;2.5152666477933683,4.227481450075309,0.31479177433064687;0.8812631632839998,12.985708095722533,0.4433356300474305;18.23134962994997,17.499124477037014,1.7140616004040665;14.70574069346987,10.138925022682221,0.4018617649899432;0.41828819810825524,18.647760106540918,0.22147400162659886;4.200221053635278,15.46778249624208,0.43191318400781337;6.298497731957038,17.535487675311437,0.9892719758789834"
44,drone_2,8.797,7.250,11.528,10.640,"14.927867894972593,1.9417923666224648,0.6851088007879556;9.581603859062518,1.7165682560455653,1.2502531594349593;9.390093762647613,15.472761448915204,2.171069838955237;19.533980818859707,17.049180100391123,0.27883058946767136;10.26526511140737,1.392277412259023,1.016178670844001;3.348893179695101,14.251866662958317,2.4185601003318604;3.4658463430243227,2.9891174118935857,0.21873102450163456;11.48626419771846,13.846024245365946,0.41596374877409237;5.718556999345342,8.252639224464476,0.3082740680827401;5.41842524027721,5.36907783143671,0.36053001055856554;5.263915430660201,12.511724220330363,0.47075426437758255;5.371172332057537,16.5795681636937,2.275404858158624;17.01738932692288,3.949288472633914,1.0833734478179253;1.2152499625451305,9.264165891219097,0.6289695736007946;2.5152666477933683,4.227481450075309,0.31479177433064687;0.8812631632839998,12.985708095722533,0.4433356300474305;18.23134962994997,17.499124477037014,1.7140616004040665;14.70574069346987,10.138925022682221,0.4018617649899432;0.41828819810825524,18.647760106540918,0.22147400162659886;4.200221053635278,15.46778249624208,0.43191318400781337;6.298497731957038,17.535487675311437,0.9892719758789834"
44,drone_3,12.323,8.184,11.528,10.640,"14.927867894972593,1.9417923666224648,0.6851088007879556;9.581603859062518,1.7165682560455653,1.2502531594349593;9.390093762647613,15.472761448915204,2.171069838955237;19.533980818859707,17.049180100391123,0.27883058946767136;10.26526511140737,1.392277412259023,1.016178670844001;3.348893179695101,14.251866662958317,2.4185601003318604;3.4658463430243227,2.9891174118935857,0.21873102450163456;11.48626419771846,13.846024245365946,0.41596374877409237;5.718556999345342,8.252639224464476,0.3082740680827401;5.41842524027721,5.36907783143671,0.36053001055856554;5.263915430660201,12.511724220330363,0.47075426437758255;5.371172332057537,16.5795681636937,2.275404858158624;17.01738932692288,3.949288472633914,1.0833734478179253;1.2152499625451305,9.264165891219097,0.6289695736007946;2.5152666477933683,4.227481450075309,0.31479177433064687;0.8812631632839998,12.985708095722533,0.4433356300474305;18.23134962994997,17.499124477037014,1.7140616004040665;14.70574069346987,10.138925022682221,0.4018617649899432;0.41828819810825524,18.647760106540918,0.22147400162659886;4.200221053635278,15.46778249624208,0.43191318400781337;6.298497731957038,17.535487675311437,0.9892719758789834"
44,drone_4,-100.000,-100.000,11.528,10.640,"14.927867894972593,1.9417923666224648,0.6851088007879556;9.581603859062518,1.7165682560455653,1.2502531594349593;9.390093762647613,15.472761448915204,2.171069838955237;19.533980818859707,17.049180100391123,0.27883058946767136;10.26526511140737,1.392277412259023,1.016178670844001;3.348893179695101,14.251866662958317,2.4185601003318604;3.4658463430243227,2.9891174118935857,0.21873102450163456;11.48626419771846,13.846024245365946,0.41596374877409237;5.718556999345342,8.252639224464476,0.3082740680827401;5.41842524027721,5.36907783143671,0.36053001055856554;5.263915430660201,12.511724220330363,0.47075426437758255;5.371172332057537,16.5795681636937,2.275404858158624;17.01738932692288,3.949288472633914,1.0833734478179253;1.2152499625451305,9.264165891219097,0.6289695736007946;2.5152666477933683,4.227481450075309,0.31479177433064687;0.8812631632839998,12.985708095722533,0.4433356300474305;18.23134962994997,17.499124477037014,1.7140616004040665;14.70574069346987,10.138925022682221,0.4018617649899432;0.41828819810825524,18.647760106540918,0.22147400162659886;4.200221053635278,15.46778249624208,0.43191318400781337;6.298497731957038,17.535487675311437,0.9892719758789834"
44,drone_5,-100.000,-100.000,11.528,10.640,"14.927867894972593,1.9417923666224648,0.6851088007879556;9.581603859062518,1.7165682560455653,1.2502531594349593;9.390093762647613,15.472761448915204,2.171069838955237;19.533980818859707,17.049180100391123,0.27883058946767136;10.26526511140737,1.392277412259023,1.016178670844001;3.348893179695101,14.251866662958317,2.4185601003318604;3.4658463430243227,2.9891174118935857,0.21873102450163456;11.48626419771846,13.846024245365946,0.41596374877409237;5.718556999345342,8.252639224464476,0.3082740680827401;5.41842524027721,5.36907783143671,0.36053001055856554;5.263915430660201,12.511724220330363,0.47075426437758255;5.371172332057537,16.5795681636937,2.275404858158624;17.01738932692288,3.949288472633914,1.0833734478179253;1.2152499625451305,9.264165891219097,0.6289695736007946;2.5152666477933683,4.227481450075309,0.31479177433064687;0.8812631632839998,12.985708095722533,0.4433356300474305;18.23134962994997,17.499124477037014,1.7140616004040665;14.70574069346987,10.138925022682221,0.4018617649899432;0.41828819810825524,18.647760106540918,0.22147400162659886;4.200221053635278,15.46778249624208,0.43191318400781337;6.298497731957038,17.535487675311437,0.9892719758789834"
44,drone_7,9.743,11.068,11.528,10.640,"14.927867894972593,1.9417923666224648,0.6851088007879556;9.581603859062518,1.7165682560455653,1.2502531594349593;9.390093762647613,15.472761448915204,2.171069838955237;19.533980818859707,17.049180100391123,0.27883058946767136;10.26526511140737,1.392277412259023,1.016178670844001;3.348893179695101,14.251866662958317,2.4185601003318604;3.4658463430243227,2.9891174118935857,0.21873102450163456;11.48626419771846,13.846024245365946,0.41596374877409237;5.718556999345342,8.252639224464476,0.3082740680827401;5.41842524027721,5.36907783143671,0.36053001055856554;5.263915430660201,12.511724220330363,0.47075426437758255;5.371172332057537,16.5795681636937,2.275404858158624;17.01738932692288,3.949288472633914,1.0833734478179253;1.2152499625451305,9.264165891219097,0.6289695736007946;2.5152666477933683,4.227481450075309,0.31479177433064687;0.8812631632839998,12.985708095722533,0.4433356300474305;18.23134962994997,17.499124477037014,1.7140616004040665;14.70574069346987,10.138925022682221,0.4018617649899432;0.41828819810825524,18.647760106540918,0.22147400162659886;4.200221053635278,15.46778249624208,0.43191318400781337;6.298497731957038,17.535487675311437,0.9892719758789834"
44,drone_8,7.756,8.528,11.528,10.640,"14.927867894972593,1.9417923666224648,0.6851088007879556;9.581603859062518,1.7165682560455653,1.2502531594349593;9.390093762647613,15.472761448915204,2.171069838955237;19.533980818859707,17.049180100391123,0.27883058946767136;10.26526511140737,1.392277412259023,1.016178670844001;3.348893179695101,14.251866662958317,2.4185601003318604;3.4658463430243227,2.9891174118935857,0.21873102450163456;11.48626419771846,13.846024245365946,0.41596374877409237;5.718556999345342,8.252639224464476,0.3082740680827401;5.41842524027721,5.36907783143671,0.36053001055856554;5.263915430660201,12.511724220330363,0.47075426437758255;5.371172332057537,16.5795681636937,2.275404858158624;17.01738932692288,3.949288472633914,1.0833734478179253;1.2152499625451305,9.264165891219097,0.6289695736007946;2.5152666477933683,4.227481450075309,0.31479177433064687;0.8812631632839998,12.985708095722533,0.4433356300474305;18.23134962994997,17.499124477037014,1.7140616004040665;14.70574069346987,10.138925022682221,0.4018617649899432;0.41828819810825524,18.647760106540918,0.22147400162659886;4.200221053635278,15.46778249624208,0.43191318400781337;6.298497731957038,17.535487675311437,0.9892719758789834"
45,drone_0,12.848,9.855,11.528,10.640,"14.927867894972593,1.9417923666224648,0.6851088007879556;9.581603859062518,1.7165682560455653,1.2502531594349593;9.390093762647613,15.472761448915204,2.171069838955237;19.533980818859707,17.049180100391123,0.27883058946767136;10.26526511140737,1.392277412259023,1.016178670844001;3.348893179695101,14.251866662958317,2.4185601003318604;3.4658463430243227,2.9891174118935857,0.21873102450163456;11.48626419771846,13.846024245365946,0.41596374877409237;5.718556999345342,8.252639224464476,0.3082740680827401;5.41842524027721,5.36907783143671,0.36053001055856554;5.263915430660201,12.511724220330363,0.47075426437758255;5.371172332057537,16.5795681636937,2.275404858158624;17.01738932692288,3.949288472633914,1.0833734478179253;1.2152499625451305,9.264165891219097,0.6289695736007946;2.5152666477933683,4.227481450075309,0.31479177433064687;0.8812631632839998,12.985708095722533,0.4433356300474305;18.23134962994997,17.499124477037014,1.7140616004040665;14.70574069346987,10.138925022682221,0.4018617649899432;0.41828819810825524,18.647760106540918,0.22147400162659886;4.200221053635278,15.46778249624208,0.43191318400781337;6.298497731957038,17.535487675311437,0.9892719758789834"
45,drone_1,12.116,9.185,11.528,10.640,"14.927867894972593,1.9417923666224648,0.6851088007879556;9.581603859062518,1.7165682560455653,1.2502531594349593;9.390093762647613,15.472761448915204,2.171069838955237;19.533980818859707,17.049180100391123,0.27883058946767136;10.26526511140737,1.392277412259023,1.016178670844001;3.348893179695101,14.251866662958317,2.4185601003318604;3.4658463430243227,2.9891174118935857,0.21873102450163456;11.48626419771846,13.846024245365946,0.41596374877409237;5.718556999345342,8.252639224464476,0.3082740680827401;5.41842524027721,5.36907783143671,0.36053001055856554;5.263915430660201,12.511724220330363,0.47075426437758255;5.371172332057537,16.5795681636937,2.275404858158624;17.01738932692288,3.949288472633914,1.0833734478179253;1.2152499625451305,9.264165891219097,0.6289695736007946;2.5152666477933683,4.227481450075309,0.31479177433064687;0.8812631632839998,12.985708095722533,0.4433356300474305;18.23134962994997,17.499124477037014,1.7140616004040665;14.70574069346987,10.138925022682221,0.4018617649899432;0.41828819810825524,18.647760106540918,0.22147400162659886;4.200221053635278,15.46778249624208,0.43191318400781337;6.298497731957038,17.535487675311437,0.9892719758789834"
45,drone_2,8.938,7.392,11.528,10.640,"14.927867894972593,1.9417923666224648,0.6851088007879556;9.581603859062518,1.7165682560455653,1.2502531594349593;9.390093762647613,15.472761448915204,2.171069838955237;19.533980818859707,17.049180100391123,0.27883058946767136;10.26526511140737,1.392277412259023,1.016178670844001;3.348893179695101,14.251866662958317,2.4185601003318604;3.4658463430243227,2.9891174118935857,0.21873102450163456;11.48626419771846,13.846024245365946,0.41596374877409237;5.718556999345342,8.252639224464476,0.3082740680827401;5.41842524027721,5.36907783143671,0.36053001055856554;5.263915430660201,12.511724220330363,0.47075426437758255;5.371172332057537,16.5795681636937,2.275404858158624;17.01738932692288,3.949288472633914,1.0833734478179253;1.2152499625451305,9.264165891219097,0.6289695736007946;2.5152666477933683,4.227481450075309,0.31479177433064687;0.8812631632839998,12.985708095722533,0.4433356300474305;18.23134962994997,17.499124477037014,1.7140616004040665;14.70574069346987,10.138925022682221,0.4018617649899432;0.41828819810825524,18.647760106540918,0.22147400162659886;4.200221053635278,15.46778249624208,0.43191318400781337;6.298497731957038,17.535487675311437,0.9892719758789834"
45,drone_3,12.183,8.327,11.528,10.640,"14.927867894972593,1.9417923666224648,0.6851088007879556;9.581603859062518,1.7165682560455653,1.2502531594349593;9.390093762647613,15.472761448915204,2.171069838955237;19.533980818859707,17.049180100391123,0.27883058946767136;10.26526511140737,1.392277412259023,1.016178670844001;3.348893179695101,14.251866662958317,2.4185601003318604;3.4658463430243227,2.9891174118935857,0.21873102450163456;11.48626419771846,13.846024245365946,0.41596374877409237;5.718556999345342,8.252639224464476,0.3082740680827401;5.41842524027721,5.36907783143671,0.36053001055856554;5.263915430660201,12.511724220330363,0.47075426437758255;5.371172332057537,16.5795681636937,2.275404858158624;17.01738932692288,3.949288472633914,1.0833734478179253;1.2152499625451305,9.264165891219097,0.6289695736007946;2.5152666477933683,4.227481450075309,0.31479177433064687;0.8812631632839998,12.985708095722533,0.4433356300474305;18.23134962994997,17.499124477037014,1.7140616004040665;14.70574069346987,10.138925022682221,0.4018617649899432;0.41828819810825524,18.647760106540918,0.22147400162659886;4.200221053635278,15.46778249624208,0.43191318400781337;6.298497731957038,17.535487675311437,0.9892719758789834"
45,drone_7,9.938,11.024,11.528,10.640,"14.927867894972593,1.9417923666224648,0.6851088007879556;9.581603859062518,1.7165682560455653,1.2502531594349593;9.390093762647613,15.472761448915204,2.171069838955237;19.533980818859707,17.049180100391123,0.27883058946767136;10.26526511140737,1.392277412259023,1.016178670844001;3.348893179695101,14.251866662958317,2.4185601003318604;3.4658463430243227,2.9891174118935857,0.21873102450163456;11.48626419771846,13.846024245365946,0.41596374877409237;5.718556999345342,8.252639224464476,0.3082740680827401;5.41842524027721,5.36907783143671,0.36053001055856554;5.263915430660201,12.511724220330363,0.47075426437758255;5.371172332057537,16.5795681636937,2.275404858158624;17.01738932692288,3.949288472633914,1.0833734478179253;1.2152499625451305,9.264165891219097,0.6289695736007946;2.5152666477933683,4.227481450075309,0.31479177433064687;0.8812631632839998,12.985708095722533,0.4433356300474305;18.23134962994997,17.499124477037014,1.7140616004040665;14.70574069346987,10.138925022682221,0.4018617649899432;0.41828819810825524,18.647760106540918,0.22147400162659886;4.200221053635278,15.46778249624208,0.43191318400781337;6.298497731957038,17.535487675311437,0.9892719758789834"
45,drone_8,7.897,8.669,11.528,10.640,"14.927867894972593,1.9417923666224648,0.6851088007879556;9.581603859062518,1.7165682560455653,1.2502531594349593;9.390093762647613,15.472761448915204,2.171069838955237;19.533980818859707,17.049180100391123,0.27883058946767136;10.26526511140737,1.392277412259023,1.016178670844001;3.348893179695101,14.251866662958317,2.4185601003318604;3.4658463430243227,2.9891174118935857,0.21873102450163456;11.48626419771846,13.846024245365946,0.41596374877409237;5.718556999345342,8.252639224464476,0.3082740680827401;5.41842524027721,5.36907783143671,0.36053001055856554;5.263915430660201,12.511724220330363,0.47075426437758255;5.371172332057537,16.5795681636937,2.275404858158624;17.01738932692288,3.949288472633914,1.0833734478179253;1.2152499625451305,9.264165891219097,0.6289695736007946;2.5152666477933683,4.227481450075309,0.31479177433064687;0.8812631632839998,12.985708095722533,0.4433356300474305;18.23134962994997,17.499124477037014,1.7140616004040665;14.70574069346987,10.138925022682221,0.4018617649899432;0.41828819810825524,18.647760106540918,0.22147400162659886;4.200221053635278,15.46778249624208,0.43191318400781337;6.298497731957038,17.535487675311437,0.9892719758789834"
46,drone_0,12.677,9.878,11.528,10.640,"14.927867894972593,1.9417923666224648,0.6851088007879556;9.581603859062518,1.7165682560455653,1.2502531594349593;9.390093762647613,15.472761448915204,2.171069838955237;19.533980818859707,17.049180100391123,0.27883058946767136;10.26526511140737,1.392277412259023,1.016178670844001;3.348893179695101,14.251866662958317,2.4185601003318604;3.4658463430243227,2.9891174118935857,0.21873102450163456;11.48626419771846,13.846024245365946,0.41596374877409237;5.718556999345342,8.252639224464476,0.3082740680827401;5.41842524027721,5.36907783143671,0.36053001055856554;5.263915430660201,12.511724220330363,0.47075426437758255;5.371172332057537,16.5795681636937,2.275404858158624;17.01738932692288,3.949288472633914,1.0833734478179253;1.2152499625451305,9.264165891219097,0.6289695736007946;2.5152666477933683,4.227481450075309,0.31479177433064687;0.8812631632839998,12.985708095722533,0.4433356300474305;18.23134962994997,17.499124477037014,1.7140616004040665;14.70574069346987,10.138925022682221,0.4018617649899432;0.41828819810825524,18.647760106540918,0.22147400162659886;4.200221053635278,15.46778249624208,0.43191318400781337;6.298497731957038,17.535487675311437,0.9892719758789834"
46,drone_1,12.188,9.314,11.528,10.640,"14.927867894972593,1.9417923666224648,0.6851088007879556;9.581603859062518,1.7165682560455653,1.2502531594349593;9.390093762647613,15.472761448915204,2.171069838955237;19.533980818859707,17.049180100391123,0.27883058946767136;10.26526511140737,1.392277412259023,1.016178670844001;3.348893179695101,14.251866662958317,2.4185601003318604;3.4658463430243227,2.9891174118935857,0.21873102450163456;11.48626419771846,13.846024245365946,0.41596374877409237;5.718556999345342,8.252639224464476,0.3082740680827401;5.41842524027721,5.36907783143671,0.36053001055856554;5.263915430660201,12.511724220330363,0.47075426437758255;5.371172332057537,16.5795681636937,2.275404858158624;17.01738932692288,3.949288472633914,1.0833734478179253;1.2152499625451305,9.264165891219097,0.6289695736007946;2.5152666477933683,4.227481450075309,0.31479177433064687;0.8812631632839998,12.985708095722533,0.4433356300474305;18.23134962994997,17.499124477037014,1.7140616004040665;14.70574069346987,10.138925022682221,0.4018617649899432;0.41828819810825524,18.647760106540918,0.22147400162659886;4.200221053635278,15.46778249624208,0.43191318400781337;6.298497731957038,17.535487675311437,0.9892719758789834"
46,drone_2,9.080,7.533,11.528,10.640,"14.927867894972593,1.9417923666224648,0.6851088007879556;9.581603859062518,1.7165682560455653,1.2502531594349593;9.390093762647613,15.472761448915204,2.171069838955237;19.533980818859707,17.049180100391123,0.27883058946767136;10.26526511140737,1.392277412259023,1.016178670844001;3.348893179695101,14.251866662958317,2.4185601003318604;3.4658463430243227,2.9891174118935857,0.21873102450163456;11.48626419771846,13.846024245365946,0.41596374877409237;5.718556999345342,8.252639224464476,0.3082740680827401;5.41842524027721,5.36907783143671,0.36053001055856554;5.263915430660201,12.511724220330363,0.47075426437758255;5.371172332057537,16.5795681636937,2.275404858158624;17.01738932692288,3.949288472633914,1.0833734478179253;1.2152499625451305,9.264165891219097,0.6289695736007946;2.5152666477933683,4.227481450075309,0.31479177433064687;0.8812631632839998,12.985708095722533,0.4433356300474305;18.23134962994997,17.499124477037014,1.7140616004040665;14.70574069346987,10.138925022682221,0.4018617649899432;0.41828819810825524,18.647760106540918,0.22147400162659886;4.200221053635278,15.46778249624208,0.43191318400781337;6.298497731957038,17.535487675311437,0.9892719758789834"
46,drone_3,12.062,8.449,11.528,10.640,"14.927867894972593,1.9417923666224648,0.6851088007879556;9.581603859062518,1.7165682560455653,1.2502531594349593;9.390093762647613,15.472761448915204,2.171069838955237;19.533980818859707,17.049180100391123,0.27883058946767136;10.26526511140737,1.392277412259023,1.016178670844001;3.348893179695101,14.251866662958317,2.4185601003318604;3.4658463430243227,2.9891174118935857,0.21873102450163456;11.48626419771846,13.846024245365946,0.41596374877409237;5.718556999345342,8.252639224464476,0.3082740680827401;5.41842524027721,5.36907783143671,0.36053001055856554;5.263915430660201,12.511724220330363,0.47075426437758255;5.371172332057537,16.5795681636937,2.275404858158624;17.01738932692288,3.949288472633914,1.0833734478179253;1.2152499625451305,9.264165891219097,0.6289695736007946;2.5152666477933683,4.227481450075309,0.31479177433064687;0.8812631632839998,12.985708095722533,0.4433356300474305;18.23134962994997,17.499124477037014,1.7140616004040665;14.70574069346987,10.138925022682221,0.4018617649899432;0.41828819810825524,18.647760106540918,0.22147400162659886;4.200221053635278,15.46778249624208,0.43191318400781337;6.298497731957038,17.535487675311437,0.9892719758789834"
46,drone_7,10.134,11.061,11.528,10.640,"14.927867894972593,1.9417923666224648,0.6851088007879556;9.581603859062518,1.7165682560455653,1.2502531594349593;9.390093762647613,15.472761448915204,2.171069838955237;19.533980818859707,17.049180100391123,0.27883058946767136;10.26526511140737,1.392277412259023,1.016178670844001;3.348893179695101,14.251866662958317,2.4185601003318604;3.4658463430243227,2.9891174118935857,0.21873102450163456;11.48626419771846,13.846024245365946,0.41596374877409237;5.718556999345342,8.252639224464476,0.3082740680827401;5.41842524027721,5.36907783143671,0.36053001055856554;5.263915430660201,12.511724220330363,0.47075426437758255;5.371172332057537,16.5795681636937,2.275404858158624;17.01738932692288,3.949288472633914,1.0833734478179253;1.2152499625451305,9.264165891219097,0.6289695736007946;2.5152666477933683,4.227481450075309,0.31479177433064687;0.8812631632839998,12.985708095722533,0.4433356300474305;18.23134962994997,17.499124477037014,1.7140616004040665;14.70574069346987,10.138925022682221,0.4018617649899432;0.41828819810825524,18.647760106540918,0.22147400162659886;4.200221053635278,15.46778249624208,0.43191318400781337;6.298497731957038,17.535487675311437,0.9892719758789834"
46,drone_8,8.039,8.810,11.528,10.640,"14.927867894972593,1.9417923666224648,0.6851088007879556;9.581603859062518,1.7165682560455653,1.2502531594349593;9.390093762647613,15.472761448915204,2.171069838955237;19.533980818859707,17.049180100391123,0.27883058946767136;10.26526511140737,1.392277412259023,1.016178670844001;3.348893179695101,14.251866662958317,2.4185601003318604;3.4658463430243227,2.9891174118935857,0.21873102450163456;11.48626419771846,13.846024245365946,0.41596374877409237;5.718556999345342,8.252639224464476,0.3082740680827401;5.41842524027721,5.36907783143671,0.36053001055856554;5.263915430660201,12.511724220330363,0.47075426437758255;5.371172332057537,16.5795681636937,2.275404858158624;17.01738932692288,3.949288472633914,1.0833734478179253;1.2152499625451305,9.264165891219097,0.6289695736007946;2.5152666477933683,4.227481450075309,0.31479177433064687;0.8812631632839998,12.985708095722533,0.4433356300474305;18.23134962994997,17.499124477037014,1.7140616004040665;14.70574069346987,10.138925022682221,0.4018617649899432;0.41828819810825524,18.647760106540918,0.22147400162659886;4.200221053635278,15.46778249624208,0.43191318400781337;6.298497731957038,17.535487675311437,0.9892719758789834"
47,drone_0,12.521,9.950,11.528,10.640,"14.927867894972593,1.9417923666224648,0.6851088007879556;9.581603859062518,1.7165682560455653,1.2502531594349593;9.390093762647613,15.472761448915204,2.171069838955237;19.533980818859707,17.049180100391123,0.27883058946767136;10.26526511140737,1.392277412259023,1.016178670844001;3.348893179695101,14.251866662958317,2.4185601003318604;3.4658463430243227,2.9891174118935857,0.21873102450163456;11.48626419771846,13.846024245365946,0.41596374877409237;5.718556999345342,8.252639224464476,0.3082740680827401;5.41842524027721,5.36907783143671,0.36053001055856554;5.263915430660201,12.511724220330363,0.47075426437758255;5.371172332057537,16.5795681636937,2.275404858158624;17.01738932692288,3.949288472633914,1.0833734478179253;1.2152499625451305,9.264165891219097,0.6289695736007946;2.5152666477933683,4.227481450075309,0.31479177433064687;0.8812631632839998,12.985708095722533,0.4433356300474305;18.23134962994997,17.499124477037014,1.7140616004040665;14.70574069346987,10.138925022682221,0.4018617649899432;0.41828819810825524,18.647760106540918,0.22147400162659886;4.200221053635278,15.46778249624208,0.43191318400781337;6.298497731957038,17.535487675311437,0.9892719758789834"
47,drone_1,12.171,9.461,11.528,10.640,"14.927867894972593,1.9417923666224648,0.6851088007879556;9.581603859062518,1.7165682560455653,1.2502531594349593;9.390093762647613,15.472761448915204,2.171069838955237;19.533980818859707,17.049180100391123,0.27883058946767136;10.26526511140737,1.392277412259023,1.016178670844001;3.348893179695101,14.251866662958317,2.4185601003318604;3.4658463430243227,2.9891174118935857,0.21873102450163456;11.48626419771846,13.846024245365946,0.41596374877409237;5.718556999345342,8.252639224464476,0.3082740680827401;5.41842524027721,5.36907783143671,0.36053001055856554;5.263915430660201,12.511724220330363,0.47075426437758255;5.371172332057537,16.5795681636937,2.275404858158624;17.01738932692288,3.949288472633914,1.0833734478179253;1.2152499625451305,9.264165891219097,0.6289695736007946;2.5152666477933683,4.227481450075309,0.31479177433064687;0.8812631632839998,12.985708095722533,0.4433356300474305;18.23134962994997,17.499124477037014,1.7140616004040665;14.70574069346987,10.138925022682221,0.4018617649899432;0.41828819810825524,18.647760106540918,0.22147400162659886;4.200221053635278,15.46778249624208,0.43191318400781337;6.298497731957038,17.535487675311437,0.9892719758789834"
47,drone_2,9.221,7.674,11.528,10.640,"14.927867894972593,1.9417923666224648,0.6851088007879556;9.581603859062518,1.7165682560455653,1.2502531594349593;9.390093762647613,15.472761448915204,2.171069838955237;19.533980818859707,17.049180100391123,0.27883058946767136;10.26526511140737,1.392277412259023,1.016178670844001;3.348893179695101,14.251866662958317,2.4185601003318604;3.4658463430243227,2.9891174118935857,0.21873102450163456;11.48626419771846,13.846024245365946,0.41596374877409237;5.718556999345342,8.252639224464476,0.3082740680827401;5.41842524027721,5.36907783143671,0.36053001055856554;5.263915430660201,12.511724220330363,0.47075426437758255;5.371172332057537,16.5795681636937,2.275404858158624;17.01738932692288,3.949288472633914,1.0833734478179253;1.2152499625451305,9.264165891219097,0.6289695736007946;2.5152666477933683,4.227481450075309,0.31479177433064687;0.8812631632839998,12.985708095722533,0.4433356300474305;18.23134962994997,17.499124477037014,1.7140616004040665;14.70574069346987,10.138925022682221,0.4018617649899432;0.41828819810825524,18.647760106540918,0.22147400162659886;4.200221053635278,15.46778249624208,0.43191318400781337;6.298497731957038,17.535487675311437,0.9892719758789834"
47,drone_3,11.920,8.590,11.528,10.640,"14.927867894972593,1.9417923666224648,0.6851088007879556;9.581603859062518,1.7165682560455653,1.2502531594349593;9.390093762647613,15.472761448915204,2.171069838955237;19.533980818859707,17.049180100391123,0.27883058946767136;10.26526511140737,1.392277412259023,1.016178670844001;3.348893179695101,14.251866662958317,2.4185601003318604;3.4658463430243227,2.9891174118935857,0.21873102450163456;11.48626419771846,13.846024245365946,0.41596374877409237;5.718556999345342,8.252639224464476,0.3082740680827401;5.41842524027721,5.36907783143671,0.36053001055856554;5.263915430660201,12.511724220330363,0.47075426437758255;5.371172332057537,16.5795681636937,2.275404858158624;17.01738932692288,3.949288472633914,1.0833734478179253;1.2152499625451305,9.264165891219097,0.6289695736007946;2.5152666477933683,4.227481450075309,0.31479177433064687;0.8812631632839998,12.985708095722533,0.4433356300474305;18.23134962994997,17.499124477037014,1.7140616004040665;14.70574069346987,10.138925022682221,0.4018617649899432;0.41828819810825524,18.647760106540918,0.22147400162659886;4.200221053635278,15.46778249624208,0.43191318400781337;6.298497731957038,17.535487675311437,0.9892719758789834"
47,drone_7,10.330,11.020,11.528,10.640,"14.927867894972593,1.9417923666224648,0.6851088007879556;9.581603859062518,1.7165682560455653,1.2502531594349593;9.390093762647613,15.472761448915204,2.171069838955237;19.533980818859707,17.049180100391123,0.27883058946767136;10.26526511140737,1.392277412259023,1.016178670844001;3.348893179695101,14.251866662958317,2.4185601003318604;3.4658463430243227,2.9891174118935857,0.21873102450163456;11.48626419771846,13.846024245365946,0.41596374877409237;5.718556999345342,8.252639224464476,0.3082740680827401;5.41842524027721,5.36907783143671,0.36053001055856554;5.263915430660201,12.511724220330363,0.47075426437758255;5.371172332057537,16.5795681636937,2.275404858158624;17.01738932692288,3.949288472633914,1.0833734478179253;1.2152499625451305,9.264165891219097,0.6289695736007946;2.5152666477933683,4.227481450075309,0.31479177433064687;0.8812631632839998,12.985708095722533,0.4433356300474305;18.23134962994997,17.499124477037014,1.7140616004040665;14.70574069346987,10.138925022682221,0.4018617649899432;0.41828819810825524,18.647760106540918,0.22147400162659886;4.200221053635278,15.46778249624208,0.43191318400781337;6.298497731957038,17.535487675311437,0.9892719758789834"
47,drone_8,8.180,8.952,11.528,10.640,"14.927867894972593,1.9417923666224648,0.6851088007879556;9.581603859062518,1.7165682560455653,1.2502531594349593;9.390093762647613,15.472761448915204,2.171069838955237;19.533980818859707,17.049180100391123,0.27883058946767136;10.26526511140737,1.392277412259023,1.016178670844001;3.348893179695101,14.251866662958317,2.4185601003318604;3.4658463430243227,2.9891174118935857,0.21873102450163456;11.48626419771846,13.846024245365946,0.41596374877409237;5.718556999345342,8.252639224464476,0.3082740680827401;5.41842524027721,5.36907783143671,0.36053001055856554;5.263915430660201,12.511724220330363,0.47075426437758255;5.371172332057537,16.5795681636937,2.275404858158624;17.01738932692288,3.949288472633914,1.0833734478179253;1.2152499625451305,9.264165891219097,0.6289695736007946;2.5152666477933683,4.227481450075309,0.31479177433064687;0.8812631632839998,12.985708095722533,0.4433356300474305;18.23134962994997,17.499124477037014,1.7140616004040665;14.70574069346987,10.138925022682221,0.4018617649899432;0.41828819810825524,18.647760106540918,0.22147400162659886;4.200221053635278,15.46778249624208,0.43191318400781337;6.298497731957038,17.535487675311437,0.9892719758789834"
48,drone_0,12.377,10.045,11.528,10.640,"14.927867894972593,1.9417923666224648,0.6851088007879556;9.581603859062518,1.7165682560455653,1.2502531594349593;9.390093762647613,15.472761448915204,2.171069838955237;19.533980818859707,17.049180100391123,0.27883058946767136;10.26526511140737,1.392277412259023,1.016178670844001;3.348893179695101,14.251866662958317,2.4185601003318604;3.4658463430243227,2.9891174118935857,0.21873102450163456;11.48626419771846,13.846024245365946,0.41596374877409237;5.718556999345342,8.252639224464476,0.3082740680827401;5.41842524027721,5.36907783143671,0.36053001055856554;5.263915430660201,12.511724220330363,0.47075426437758255;5.371172332057537,16.5795681636937,2.275404858158624;17.01738932692288,3.949288472633914,1.0833734478179253;1.2152499625451305,9.264165891219097,0.6289695736007946;2.5152666477933683,4.227481450075309,0.31479177433064687;0.8812631632839998,12.985708095722533,0.4433356300474305;18.23134962994997,17.499124477037014,1.7140616004040665;14.70574069346987,10.138925022682221,0.4018617649899432;0.41828819810825524,18.647760106540918,0.22147400162659886;4.200221053635278,15.46778249624208,0.43191318400781337;6.298497731957038,17.535487675311437,0.9892719758789834"
48,drone_1,12.107,9.595,11.528,10.640,"14.927867894972593,1.9417923666224648,0.6851088007879556;9.581603859062518,1.7165682560455653,1.2502531594349593;9.390093762647613,15.472761448915204,2.171069838955237;19.533980818859707,17.049180100391123,0.27883058946767136;10.26526511140737,1.392277412259023,1.016178670844001;3.348893179695101,14.251866662958317,2.4185601003318604;3.4658463430243227,2.9891174118935857,0.21873102450163456;11.48626419771846,13.846024245365946,0.41596374877409237;5.718556999345342,8.252639224464476,0.3082740680827401;5.41842524027721,5.36907783143671,0.36053001055856554;5.263915430660201,12.511724220330363,0.47075426437758255;5.371172332057537,16.5795681636937,2.275404858158624;17.01738932692288,3.949288472633914,1.0833734478179253;1.2152499625451305,9.264165891219097,0.6289695736007946;2.5152666477933683,4.227481450075309,0.31479177433064687;0.8812631632839998,12.985708095722533,0.4433356300474305;18.23134962994997,17.499124477037014,1.7140616004040665;14.70574069346987,10.138925022682221,0.4018617649899432;0.41828819810825524,18.647760106540918,0.22147400162659886;4.200221053635278,15.46778249624208,0.43191318400781337;6.298497731957038,17.535487675311437,0.9892719758789834"
48,drone_2,9.362,7.816,11.528,10.640,"14.927867894972593,1.9417923666224648,0.6851088007879556;9.581603859062518,1.7165682560455653,1.2502531594349593;9.390093762647613,15.472761448915204,2.171069838955237;19.533980818859707,17.049180100391123,0.27883058946767136;10.26526511140737,1.392277412259023,1.016178670844001;3.348893179695101,14.251866662958317,2.4185601003318604;3.4658463430243227,2.9891174118935857,0.21873102450163456;11.48626419771846,13.846024245365946,0.41596374877409237;5.718556999345342,8.252639224464476,0.3082740680827401;5.41842524027721,5.36907783143671,0.36053001055856554;5.263915430660201,12.511724220330363,0.47075426437758255;5.371172332057537,16.5795681636937,2.275404858158624;17.01738932692288,3.949288472633914,1.0833734478179253;1.2152499625451305,9.264165891219097,0.6289695736007946;2.5152666477933683,4.227481450075309,0.31479177433064687;0.8812631632839998,12.985708095722533,0.4433356300474305;18.23134962994997,17.499124477037014,1.7140616004040665;14.70574069346987,10.138925022682221,0.4018617649899432;0.41828819810825524,18.647760106540918,0.22147400162659886;4.200221053635278,15.46778249624208,0.43191318400781337;6.298497731957038,17.535487675311437,0.9892719758789834"
48,drone_3,11.779,8.732,11.528,10.640,"14.927867894972593,1.9417923666224648,0.6851088007879556;9.581603859062518,1.7165682560455653,1.2502531594349593;9.390093762647613,15.472761448915204,2.171069838955237;19.533980818859707,17.049180100391123,0.27883058946767136;10.26526511140737,1.392277412259023,1.016178670844001;3.348893179695101,14.251866662958317,2.4185601003318604;3.4658463430243227,2.9891174118935857,0.21873102450163456;11.48626419771846,13.846024245365946,0.41596374877409237;5.718556999345342,8.252639224464476,0.3082740680827401;5.41842524027721,5.36907783143671,0.36053001055856554;5.263915430660201,12.511724220330363,0.47075426437758255;5.371172332057537,16.5795681636937,2.275404858158624;17.01738932692288,3.949288472633914,1.0833734478179253;1.2152499625451305,9.264165891219097,0.6289695736007946;2.5152666477933683,4.227481450075309,0.31479177433064687;0.8812631632839998,12.985708095722533,0.4433356300474305;18.23134962994997,17.499124477037014,1.7140616004040665;14.70574069346987,10.138925022682221,0.4018617649899432;0.41828819810825524,18.647760106540918,0.22147400162659886;4.200221053635278,15.46778249624208,0.43191318400781337;6.298497731957038,17.535487675311437,0.9892719758789834"
48,drone_7,10.510,10.934,11.528,10.640,"14.927867894972593,1.9417923666224648,0.6851088007879556;9.581603859062518,1.7165682560455653,1.2502531594349593;9.390093762647613,15.472761448915204,2.171069838955237;19.533980818859707,17.049180100391123,0.27883058946767136;10.26526511140737,1.392277412259023,1.016178670844001;3.348893179695101,14.251866662958317,2.4185601003318604;3.4658463430243227,2.9891174118935857,0.21873102450163456;11.48626419771846,13.846024245365946,0.41596374877409237;5.718556999345342,8.252639224464476,0.3082740680827401;5.41842524027721,5.36907783143671,0.36053001055856554;5.263915430660201,12.511724220330363,0.47075426437758255;5.371172332057537,16.5795681636937,2.275404858158624;17.01738932692288,3.949288472633914,1.0833734478179253;1.2152499625451305,9.264165891219097,0.6289695736007946;2.5152666477933683,4.227481450075309,0.31479177433064687;0.8812631632839998,12.985708095722533,0.4433356300474305;18.23134962994997,17.499124477037014,1.7140616004040665;14.70574069346987,10.138925022682221,0.4018617649899432;0.41828819810825524,18.647760106540918,0.22147400162659886;4.200221053635278,15.46778249624208,0.43191318400781337;6.298497731957038,17.535487675311437,0.9892719758789834"
48,drone_8,8.377,8.985,11.528,10.640,"14.927867894972593,1.9417923666224648,0.6851088007879556;9.581603859062518,1.7165682560455653,1.2502531594349593;9.390093762647613,15.472761448915204,2.171069838955237;19.533980818859707,17.049180100391123,0.27883058946767136;10.26526511140737,1.392277412259023,1.016178670844001;3.348893179695101,14.251866662958317,2.4185601003318604;3.4658463430243227,2.9891174118935857,0.21873102450163456;11.48626419771846,13.846024245365946,0.41596374877409237;5.718556999345342,8.252639224464476,0.3082740680827401;5.41842524027721,5.36907783143671,0.36053001055856554;5.263915430660201,12.511724220330363,0.47075426437758255;5.371172332057537,16.5795681636937,2.275404858158624;17.01738932692288,3.949288472633914,1.0833734478179253;1.2152499625451305,9.264165891219097,0.6289695736007946;2.5152666477933683,4.227481450075309,0.31479177433064687;0.8812631632839998,12.985708095722533,0.4433356300474305;18.23134962994997,17.499124477037014,1.7140616004040665;14.70574069346987,10.138925022682221,0.4018617649899432;0.41828819810825524,18.647760106540918,0.22147400162659886;4.200221053635278,15.46778249624208,0.43191318400781337;6.298497731957038,17.535487675311437,0.9892719758789834"
49,drone_0,12.243,10.153,11.528,10.640,"14.927867894972593,1.9417923666224648,0.6851088007879556;9.581603859062518,1.7165682560455653,1.2502531594349593;9.390093762647613,15.472761448915204,2.171069838955237;19.533980818859707,17.049180100391123,0.27883058946767136;10.26526511140737,1.392277412259023,1.016178670844001;3.348893179695101,14.251866662958317,2.4185601003318604;3.4658463430243227,2.9891174118935857,0.21873102450163456;11.48626419771846,13.846024245365946,0.41596374877409237;5.718556999345342,8.252639224464476,0.3082740680827401;5.41842524027721,5.36907783143671,0.36053001055856554;5.263915430660201,12.511724220330363,0.47075426437758255;5.371172332057537,16.5795681636937,2.275404858158624;17.01738932692288,3.949288472633914,1.0833734478179253;1.2152499625451305,9.264165891219097,0.6289695736007946;2.5152666477933683,4.227481450075309,0.31479177433064687;0.8812631632839998,12.985708095722533,0.4433356300474305;18.23134962994997,17.499124477037014,1.7140616004040665;14.70574069346987,10.138925022682221,0.4018617649899432;0.41828819810825524,18.647760106540918,0.22147400162659886;4.200221053635278,15.46778249624208,0.43191318400781337;6.298497731957038,17.535487675311437,0.9892719758789834"
49,drone_1,12.022,9.716,11.528,10.640,"14.927867894972593,1.9417923666224648,0.6851088007879556;9.581603859062518,1.7165682560455653,1.2502531594349593;9.390093762647613,15.472761448915204,2.171069838955237;19.533980818859707,17.049180100391123,0.27883058946767136;10.26526511140737,1.392277412259023,1.016178670844001;3.348893179695101,14.251866662958317,2.4185601003318604;3.4658463430243227,2.9891174118935857,0.21873102450163456;11.48626419771846,13.846024245365946,0.41596374877409237;5.718556999345342,8.252639224464476,0.3082740680827401;5.41842524027721,5.36907783143671,0.36053001055856554;5.263915430660201,12.511724220330363,0.47075426437758255;5.371172332057537,16.5795681636937,2.275404858158624;17.01738932692288,3.949288472633914,1.0833734478179253;1.2152499625451305,9.264165891219097,0.6289695736007946;2.5152666477933683,4.227481450075309,0.31479177433064687;0.8812631632839998,12.985708095722533,0.4433356300474305;18.23134962994997,17.499124477037014,1.7140616004040665;14.70574069346987,10.138925022682221,0.4018617649899432;0.41828819810825524,18.647760106540918,0.22147400162659886;4.200221053635278,15.46778249624208,0.43191318400781337;6.298497731957038,17.535487675311437,0.9892719758789834"
49,drone_2,9.504,7.957,11.528,10.640,"14.927867894972593,1.9417923666224648,0.6851088007879556;9.581603859062518,1.7165682560455653,1.2502531594349593;9.390093762647613,15.472761448915204,2.171069838955237;19.533980818859707,17.049180100391123,0.27883058946767136;10.26526511140737,1.392277412259023,1.016178670844001;3.348893179695101,14.251866662958317,2.4185601003318604;3.4658463430243227,2.9891174118935857,0.21873102450163456;11.48626419771846,13.846024245365946,0.41596374877409237;5.718556999345342,8.252639224464476,0.3082740680827401;5.41842524027721,5.36907783143671,0.36053001055856554;5.263915430660201,12.511724220330363,0.47075426437758255;5.371172332057537,16.5795681636937,2.275404858158624;17.01738932692288,3.949288472633914,1.0833734478179253;1.2152499625451305,9.264165891219097,0.6289695736007946;2.5152666477933683,4.227481450075309,0.31479177433064687;0.8812631632839998,12.985708095722533,0.4433356300474305;18.23134962994997,17.499124477037014,1.7140616004040665;14.70574069346987,10.138925022682221,0.4018617649899432;0.41828819810825524,18.647760106540918,0.22147400162659886;4.200221053635278,15.46778249624208,0.43191318400781337;6.298497731957038,17.535487675311437,0.9892719758789834"
49,drone_3,11.638,8.874,11.528,10.640,"14.927867894972593,1.9417923666224648,0.6851088007879556;9.581603859062518,1.7165682560455653,1.2502531594349593;9.390093762647613,15.472761448915204,2.171069838955237;19.533980818859707,17.049180100391123,0.27883058946767136;10.26526511140737,1.392277412259023,1.016178670844001;3.348893179695101,14.251866662958317,2.4185601003318604;3.4658463430243227,2.9891174118935857,0.21873102450163456;11.48626419771846,13.846024245365946,0.41596374877409237;5.718556999345342,8.252639224464476,0.3082740680827401;5.41842524027721,5.36907783143671,0.36053001055856554;5.263915430660201,12.511724220330363,0.47075426437758255;5.371172332057537,16.5795681636937,2.275404858158624;17.01738932692288,3.949288472633914,1.0833734478179253;1.2152499625451305,9.264165891219097,0.6289695736007946;2.5152666477933683,4.227481450075309,0.31479177433064687;0.8812631632839998,12.985708095722533,0.4433356300474305;18.23134962994997,17.499124477037014,1.7140616004040665;14.70574069346987,10.138925022682221,0.4018617649899432;0.41828819810825524,18.647760106540918,0.22147400162659886;4.200221053635278,15.46778249624208,0.43191318400781337;6.298497731957038,17.535487675311437,0.9892719758789834"
49,drone_7,10.677,10.823,11.528,10.640,"14.927867894972593,1.9417923666224648,0.6851088007879556;9.581603859062518,1.7165682560455653,1.2502531594349593;9.390093762647613,15.472761448915204,2.171069838955237;19.533980818859707,17.049180100391123,0.27883058946767136;10.26526511140737,1.392277412259023,1.016178670844001;3.348893179695101,14.251866662958317,2.4185601003318604;3.4658463430243227,2.9891174118935857,0.21873102450163456;11.48626419771846,13.846024245365946,0.41596374877409237;5.718556999345342,8.252639224464476,0.3082740680827401;5.41842524027721,5.36907783143671,0.36053001055856554;5.263915430660201,12.511724220330363,0.47075426437758255;5.371172332057537,16.5795681636937,2.275404858158624;17.01738932692288,3.949288472633914,1.0833734478179253;1.2152499625451305,9.264165891219097,0.6289695736007946;2.5152666477933683,4.227481450075309,0.31479177433064687;0.8812631632839998,12.985708095722533,0.4433356300474305;18.23134962994997,17.499124477037014,1.7140616004040665;14.70574069346987,10.138925022682221,0.4018617649899432;0.41828819810825524,18.647760106540918,0.22147400162659886;4.200221053635278,15.46778249624208,0.43191318400781337;6.298497731957038,17.535487675311437,0.9892719758789834"
49,drone_8,8.560,9.068,11.528,10.640,"14.927867894972593,1.9417923666224648,0.6851088007879556;9.581603859062518,1.7165682560455653,1.2502531594349593;9.390093762647613,15.472761448915204,2.171069838955237;19.533980818859707,17.049180100391123,0.27883058946767136;10.26526511140737,1.392277412259023,1.016178670844001;3.348893179695101,14.251866662958317,2.4185601003318604;3.4658463430243227,2.9891174118935857,0.21873102450163456;11.48626419771846,13.846024245365946,0.41596374877409237;5.718556999345342,8.252639224464476,0.3082740680827401;5.41842524027721,5.36907783143671,0.36053001055856554;5.263915430660201,12.511724220330363,0.47075426437758255;5.371172332057537,16.5795681636937,2.275404858158624;17.01738932692288,3.949288472633914,1.0833734478179253;1.2152499625451305,9.264165891219097,0.6289695736007946;2.5152666477933683,4.227481450075309,0.31479177433064687;0.8812631632839998,12.985708095722533,0.4433356300474305;18.23134962994997,17.499124477037014,1.7140616004040665;14.70574069346987,10.138925022682221,0.4018617649899432;0.41828819810825524,18.647760106540918,0.22147400162659886;4.200221053635278,15.46778249624208,0.43191318400781337;6.298497731957038,17.535487675311437,0.9892719758789834"
50,drone_0,-100.000,-100.000,11.528,10.640,"14.927867894972593,1.9417923666224648,0.6851088007879556;9.581603859062518,1.7165682560455653,1.2502531594349593;9.390093762647613,15.472761448915204,2.171069838955237;19.533980818859707,17.049180100391123,0.27883058946767136;10.26526511140737,1.392277412259023,1.016178670844001;3.348893179695101,14.251866662958317,2.4185601003318604;3.4658463430243227,2.9891174118935857,0.21873102450163456;11.48626419771846,13.846024245365946,0.41596374877409237;5.718556999345342,8.252639224464476,0.3082740680827401;5.41842524027721,5.36907783143671,0.36053001055856554;5.263915430660201,12.511724220330363,0.47075426437758255;5.371172332057537,16.5795681636937,2.275404858158624;17.01738932692288,3.949288472633914,1.0833734478179253;1.2152499625451305,9.264165891219097,0.6289695736007946;2.5152666477933683,4.227481450075309,0.31479177433064687;0.8812631632839998,12.985708095722533,0.4433356300474305;18.23134962994997,17.499124477037014,1.7140616004040665;14.70574069346987,10.138925022682221,0.4018617649899432;0.41828819810825524,18.647760106540918,0.22147400162659886;4.200221053635278,15.46778249624208,0.43191318400781337;6.298497731957038,17.535487675311437,0.9892719758789834"
50,drone_1,11.927,9.830,11.528,10.640,"14.927867894972593,1.9417923666224648,0.6851088007879556;9.581603859062518,1.7165682560455653,1.2502531594349593;9.390093762647613,15.472761448915204,2.171069838955237;19.533980818859707,17.049180100391123,0.27883058946767136;10.26526511140737,1.392277412259023,1.016178670844001;3.348893179695101,14.251866662958317,2.4185601003318604;3.4658463430243227,2.9891174118935857,0.21873102450163456;11.48626419771846,13.846024245365946,0.41596374877409237;5.718556999345342,8.252639224464476,0.3082740680827401;5.41842524027721,5.36907783143671,0.36053001055856554;5.263915430660201,12.511724220330363,0.47075426437758255;5.371172332057537,16.5795681636937,2.275404858158624;17.01738932692288,3.949288472633914,1.0833734478179253;1.2152499625451305,9.264165891219097,0.6289695736007946;2.5152666477933683,4.227481450075309,0.31479177433064687;0.8812631632839998,12.985708095722533,0.4433356300474305;18.23134962994997,17.499124477037014,1.7140616004040665;14.70574069346987,10.138925022682221,0.4018617649899432;0.41828819810825524,18.647760106540918,0.22147400162659886;4.200221053635278,15.46778249624208,0.43191318400781337;6.298497731957038,17.535487675311437,0.9892719758789834"
50,drone_2,9.645,8.099,11.528,10.640,"14.927867894972593,1.9417923666224648,0.6851088007879556;9.581603859062518,1.7165682560455653,1.2502531594349593;9.390093762647613,15.472761448915204,2.171069838955237;19.533980818859707,17.049180100391123,0.27883058946767136;10.26526511140737,1.392277412259023,1.016178670844001;3.348893179695101,14.251866662958317,2.4185601003318604;3.4658463430243227,2.9891174118935857,0.21873102450163456;11.48626419771846,13.846024245365946,0.41596374877409237;5.718556999345342,8.252639224464476,0.3082740680827401;5.41842524027721,5.36907783143671,0.36053001055856554;5.263915430660201,12.511724220330363,0.47075426437758255;5.371172332057537,16.5795681636937,2.275404858158624;17.01738932692288,3.949288472633914,1.0833734478179253;1.2152499625451305,9.264165891219097,0.6289695736007946;2.5152666477933683,4.227481450075309,0.31479177433064687;0.8812631632839998,12.985708095722533,0.4433356300474305;18.23134962994997,17.499124477037014,1.7140616004040665;14.70574069346987,10.138925022682221,0.4018617649899432;0.41828819810825524,18.647760106540918,0.22147400162659886;4.200221053635278,15.46778249624208,0.43191318400781337;6.298497731957038,17.535487675311437,0.9892719758789834"
50,drone_3,11.516,8.995,11.528,10.640,"14.927867894972593,1.9417923666224648,0.6851088007879556;9.581603859062518,1.7165682560455653,1.2502531594349593;9.390093762647613,15.472761448915204,2.171069838955237;19.533980818859707,17.049180100391123,0.27883058946767136;10.26526511140737,1.392277412259023,1.016178670844001;3.348893179695101,14.251866662958317,2.4185601003318604;3.4658463430243227,2.9891174118935857,0.21873102450163456;11.48626419771846,13.846024245365946,0.41596374877409237;5.718556999345342,8.252639224464476,0.3082740680827401;5.41842524027721,5.36907783143671,0.36053001055856554;5.263915430660201,12.511724220330363,0.47075426437758255;5.371172332057537,16.5795681636937,2.275404858158624;17.01738932692288,3.949288472633914,1.0833734478179253;1.2152499625451305,9.264165891219097,0.6289695736007946;2.5152666477933683,4.227481450075309,0.31479177433064687;0.8812631632839998,12.985708095722533,0.4433356300474305;18.23134962994997,17.499124477037014,1.7140616004040665;14.70574069346987,10.138925022682221,0.4018617649899432;0.41828819810825524,18.647760106540918,0.22147400162659886;4.200221053635278,15.46778249624208,0.43191318400781337;6.298497731957038,17.535487675311437,0.9892719758789834"
50,drone_7,-100.000,-100.000,11.528,10.640,"14.927867894972593,1.9417923666224648,0.6851088007879556;9.581603859062518,1.7165682560455653,1.2502531594349593;9.390093762647613,15.472761448915204,2.171069838955237;19.533980818859707,17.049180100391123,0.27883058946767136;10.26526511140737,1.392277412259023,1.016178670844001;3.348893179695101,14.251866662958317,2.4185601003318604;3.4658463430243227,2.9891174118935857,0.21873102450163456;11.48626419771846,13.846024245365946,0.41596374877409237;5.718556999345342,8.252639224464476,0.3082740680827401;5.41842524027721,5.36907783143671,0.36053001055856554;5.263915430660201,12.511724220330363,0.47075426437758255;5.371172332057537,16.5795681636937,2.275404858158624;17.01738932692288,3.949288472633914,1.0833734478179253;1.2152499625451305,9.264165891219097,0.6289695736007946;2.5152666477933683,4.227481450075309,0.31479177433064687;0.8812631632839998,12.985708095722533,0.4433356300474305;18.23134962994997,17.499124477037014,1.7140616004040665;14.70574069346987,10.138925022682221,0.4018617649899432;0.41828819810825524,18.647760106540918,0.22147400162659886;4.200221053635278,15.46778249624208,0.43191318400781337;6.298497731957038,17.535487675311437,0.9892719758789834"
50,drone_8,8.728,9.176,11.528,10.640,"14.927867894972593,1.9417923666224648,0.6851088007879556;9.581603859062518,1.7165682560455653,1.2502531594349593;9.390093762647613,15.472761448915204,2.171069838955237;19.533980818859707,17.049180100391123,0.27883058946767136;10.26526511140737,1.392277412259023,1.016178670844001;3.348893179695101,14.251866662958317,2.4185601003318604;3.4658463430243227,2.9891174118935857,0.21873102450163456;11.48626419771846,13.846024245365946,0.41596374877409237;5.718556999345342,8.252639224464476,0.3082740680827401;5.41842524027721,5.36907783143671,0.36053001055856554;5.263915430660201,12.511724220330363,0.47075426437758255;5.371172332057537,16.5795681636937,2.275404858158624;17.01738932692288,3.949288472633914,1.0833734478179253;1.2152499625451305,9.264165891219097,0.6289695736007946;2.5152666477933683,4.227481450075309,0.31479177433064687;0.8812631632839998,12.985708095722533,0.4433356300474305;18.23134962994997,17.499124477037014,1.7140616004040665;14.70574069346987,10.138925022682221,0.4018617649899432;0.41828819810825524,18.647760106540918,0.22147400162659886;4.200221053635278,15.46778249624208,0.43191318400781337;6.298497731957038,17.535487675311437,0.9892719758789834"
51,drone_1,11.755,9.842,11.528,10.640,"14.927867894972593,1.9417923666224648,0.6851088007879556;9.581603859062518,1.7165682560455653,1.2502531594349593;9.390093762647613,15.472761448915204,2.171069838955237;19.533980818859707,17.049180100391123,0.27883058946767136;10.26526511140737,1.392277412259023,1.016178670844001;3.348893179695101,14.251866662958317,2.4185601003318604;3.4658463430243227,2.9891174118935857,0.21873102450163456;11.48626419771846,13.846024245365946,0.41596374877409237;5.718556999345342,8.252639224464476,0.3082740680827401;5.41842524027721,5.36907783143671,0.36053001055856554;5.263915430660201,12.511724220330363,0.47075426437758255;5.371172332057537,16.5795681636937,2.275404858158624;17.01738932692288,3.949288472633914,1.0833734478179253;1.2152499625451305,9.264165891219097,0.6289695736007946;2.5152666477933683,4.227481450075309,0.31479177433064687;0.8812631632839998,12.985708095722533,0.4433356300474305;18.23134962994997,17.499124477037014,1.7140616004040665;14.70574069346987,10.138925022682221,0.4018617649899432;0.41828819810825524,18.647760106540918,0.22147400162659886;4.200221053635278,15.46778249624208,0.43191318400781337;6.298497731957038,17.535487675311437,0.9892719758789834"
51,drone_2,9.787,8.240,11.528,10.640,"14.927867894972593,1.9417923666224648,0.6851088007879556;9.581603859062518,1.7165682560455653,1.2502531594349593;9.390093762647613,15.472761448915204,2.171069838955237;19.533980818859707,17.049180100391123,0.27883058946767136;10.26526511140737,1.392277412259023,1.016178670844001;3.348893179695101,14.251866662958317,2.4185601003318604;3.4658463430243227,2.9891174118935857,0.21873102450163456;11.48626419771846,13.846024245365946,0.41596374877409237;5.718556999345342,8.252639224464476,0.3082740680827401;5.41842524027721,5.36907783143671,0.36053001055856554;5.263915430660201,12.511724220330363,0.47075426437758255;5.371172332057537,16.5795681636937,2.275404858158624;17.01738932692288,3.949288472633914,1.0833734478179253;1.2152499625451305,9.264165891219097,0.6289695736007946;2.5152666477933683,4.227481450075309,0.31479177433064687;0.8812631632839998,12.985708095722533,0.4433356300474305;18.23134962994997,17.499124477037014,1.7140616004040665;14.70574069346987,10.138925022682221,0.4018617649899432;0.41828819810825524,18.647760106540918,0.22147400162659886;4.200221053635278,15.46778249624208,0.43191318400781337;6.298497731957038,17.535487675311437,0.9892719758789834"
51,drone_3,11.394,9.117,11.528,10.640,"14.927867894972593,1.9417923666224648,0.6851088007879556;9.581603859062518,1.7165682560455653,1.2502531594349593;9.390093762647613,15.472761448915204,2.171069838955237;19.533980818859707,17.049180100391123,0.27883058946767136;10.26526511140737,1.392277412259023,1.016178670844001;3.348893179695101,14.251866662958317,2.4185601003318604;3.4658463430243227,2.9891174118935857,0.21873102450163456;11.48626419771846,13.846024245365946,0.41596374877409237;5.718556999345342,8.252639224464476,0.3082740680827401;5.41842524027721,5.36907783143671,0.36053001055856554;5.263915430660201,12.511724220330363,0.47075426437758255;5.371172332057537,16.5795681636937,2.275404858158624;17.01738932692288,3.949288472633914,1.0833734478179253;1.2152499625451305,9.264165891219097,0.6289695736007946;2.5152666477933683,4.227481450075309,0.31479177433064687;0.8812631632839998,12.985708095722533,0.4433356300474305;18.23134962994997,17.499124477037014,1.7140616004040665;14.70574069346987,10.138925022682221,0.4018617649899432;0.41828819810825524,18.647760106540918,0.22147400162659886;4.200221053635278,15.46778249624208,0.43191318400781337;6.298497731957038,17.535487675311437,0.9892719758789834"
51,drone_8,8.886,9.299,11.528,10.640,"14.927867894972593,1.9417923666224648,0.6851088007879556;9.581603859062518,1.7165682560455653,1.2502531594349593;9.390093762647613,15.472761448915204,2.171069838955237;19.533980818859707,17.049180100391123,0.27883058946767136;10.26526511140737,1.392277412259023,1.016178670844001;3.348893179695101,14.251866662958317,2.4185601003318604;3.4658463430243227,2.9891174118935857,0.21873102450163456;11.48626419771846,13.846024245365946,0.41596374877409237;5.718556999345342,8.252639224464476,0.3082740680827401;5.41842524027721,5.36907783143671,0.36053001055856554;5.263915430660201,12.511724220330363,0.47075426437758255;5.371172332057537,16.5795681636937,2.275404858158624;17.01738932692288,3.949288472633914,1.0833734478179253;1.2152499625451305,9.264165891219097,0.6289695736007946;2.5152666477933683,4.227481450075309,0.31479177433064687;0.8812631632839998,12.985708095722533,0.4433356300474305;18.23134962994997,17.499124477037014,1.7140616004040665;14.70574069346987,10.138925022682221,0.4018617649899432;0.41828819810825524,18.647760106540918,0.22147400162659886;4.200221053635278,15.46778249624208,0.43191318400781337;6.298497731957038,17.535487675311437,0.9892719758789834"
52,drone_1,-100.000,-100.000,11.528,10.640,"14.927867894972593,1.9417923666224648,0.6851088007879556;9.581603859062518,1.7165682560455653,1.2502531594349593;9.390093762647613,15.472761448915204,2.171069838955237;19.533980818859707,17.049180100391123,0.27883058946767136;10.26526511140737,1.392277412259023,1.016178670844001;3.348893179695101,14.251866662958317,2.4185601003318604;3.4658463430243227,2.9891174118935857,0.21873102450163456;11.48626419771846,13.846024245365946,0.41596374877409237;5.718556999345342,8.252639224464476,0.3082740680827401;5.41842524027721,5.36907783143671,0.36053001055856554;5.263915430660201,12.511724220330363,0.47075426437758255;5.371172332057537,16.5795681636937,2.275404858158624;17.01738932692288,3.949288472633914,1.0833734478179253;1.2152499625451305,9.264165891219097,0.6289695736007946;2.5152666477933683,4.227481450075309,0.31479177433064687;0.8812631632839998,12.985708095722533,0.4433356300474305;18.23134962994997,17.499124477037014,1.7140616004040665;14.70574069346987,10.138925022682221,0.4018617649899432;0.41828819810825524,18.647760106540918,0.22147400162659886;4.200221053635278,15.46778249624208,0.43191318400781337;6.298497731957038,17.535487675311437,0.9892719758789834"
52,drone_2,9.928,8.381,11.528,10.640,"14.927867894972593,1.9417923666224648,0.6851088007879556;9.581603859062518,1.7165682560455653,1.2502531594349593;9.390093762647613,15.472761448915204,2.171069838955237;19.533980818859707,17.049180100391123,0.27883058946767136;10.26526511140737,1.392277412259023,1.016178670844001;3.348893179695101,14.251866662958317,2.4185601003318604;3.4658463430243227,2.9891174118935857,0.21873102450163456;11.48626419771846,13.846024245365946,0.41596374877409237;5.718556999345342,8.252639224464476,0.3082740680827401;5.41842524027721,5.36907783143671,0.36053001055856554;5.263915430660201,12.511724220330363,0.47075426437758255;5.371172332057537,16.5795681636937,2.275404858158624;17.01738932692288,3.949288472633914,1.0833734478179253;1.2152499625451305,9.264165891219097,0.6289695736007946;2.5152666477933683,4.227481450075309,0.31479177433064687;0.8812631632839998,12.985708095722533,0.4433356300474305;18.23134962994997,17.499124477037014,1.7140616004040665;14.70574069346987,10.138925022682221,0.4018617649899432;0.41828819810825524,18.647760106540918,0.22147400162659886;4.200221053635278,15.46778249624208,0.43191318400781337;6.298497731957038,17.535487675311437,0.9892719758789834"
52,drone_3,11.273,9.239,11.528,10.640,"14.927867894972593,1.9417923666224648,0.6851088007879556;9.581603859062518,1.7165682560455653,1.2502531594349593;9.390093762647613,15.472761448915204,2.171069838955237;19.533980818859707,17.049180100391123,0.27883058946767136;10.26526511140737,1.392277412259023,1.016178670844001;3.348893179695101,14.251866662958317,2.4185601003318604;3.4658463430243227,2.9891174118935857,0.21873102450163456;11.48626419771846,13.846024245365946,0.41596374877409237;5.718556999345342,8.252639224464476,0.3082740680827401;5.41842524027721,5.36907783143671,0.36053001055856554;5.263915430660201,12.511724220330363,0.47075426437758255;5.371172332057537,16.5795681636937,2.275404858158624;17.01738932692288,3.949288472633914,1.0833734478179253;1.2152499625451305,9.264165891219097,0.6289695736007946;2.5152666477933683,4.227481450075309,0.31479177433064687;0.8812631632839998,12.985708095722533,0.4433356300474305;18.23134962994997,17.499124477037014,1.7140616004040665;14.70574069346987,10.138925022682221,0.4018617649899432;0.41828819810825524,18.647760106540918,0.22147400162659886;4.200221053635278,15.46778249624208,0.43191318400781337;6.298497731957038,17.535487675311437,0.9892719758789834"
52,drone_8,9.037,9.429,11.528,10.640,"14.927867894972593,1.9417923666224648,0.6851088007879556;9.581603859062518,1.7165682560455653,1.2502531594349593;9.390093762647613,15.472761448915204,2.171069838955237;19.533980818859707,17.049180100391123,0.27883058946767136;10.26526511140737,1.392277412259023,1.016178670844001;3.348893179695101,14.251866662958317,2.4185601003318604;3.4658463430243227,2.9891174118935857,0.21873102450163456;11.48626419771846,13.846024245365946,0.41596374877409237;5.718556999345342,8.252639224464476,0.3082740680827401;5.41842524027721,5.36907783143671,0.36053001055856554;5.263915430660201,12.511724220330363,0.47075426437758255;5.371172332057537,16.5795681636937,2.275404858158624;17.01738932692288,3.949288472633914,1.0833734478179253;1.2152499625451305,9.264165891219097,0.6289695736007946;2.5152666477933683,4.227481450075309,0.31479177433064687;0.8812631632839998,12.985708095722533,0.4433356300474305;18.23134962994997,17.499124477037014,1.7140616004040665;14.70574069346987,10.138925022682221,0.4018617649899432;0.41828819810825524,18.647760106540918,0.22147400162659886;4.200221053635278,15.46778249624208,0.43191318400781337;6.298497731957038,17.535487675311437,0.9892719758789834"
53,drone_2,10.070,8.523,11.528,10.640,"14.927867894972593,1.9417923666224648,0.6851088007879556;9.581603859062518,1.7165682560455653,1.2502531594349593;9.390093762647613,15.472761448915204,2.171069838955237;19.533980818859707,17.049180100391123,0.27883058946767136;10.26526511140737,1.392277412259023,1.016178670844001;3.348893179695101,14.251866662958317,2.4185601003318604;3.4658463430243227,2.9891174118935857,0.21873102450163456;11.48626419771846,13.846024245365946,0.41596374877409237;5.718556999345342,8.252639224464476,0.3082740680827401;5.41842524027721,5.36907783143671,0.36053001055856554;5.263915430660201,12.511724220330363,0.47075426437758255;5.371172332057537,16.5795681636937,2.275404858158624;17.01738932692288,3.949288472633914,1.0833734478179253;1.2152499625451305,9.264165891219097,0.6289695736007946;2.5152666477933683,4.227481450075309,0.31479177433064687;0.8812631632839998,12.985708095722533,0.4433356300474305;18.23134962994997,17.499124477037014,1.7140616004040665;14.70574069346987,10.138925022682221,0.4018617649899432;0.41828819810825524,18.647760106540918,0.22147400162659886;4.200221053635278,15.46778249624208,0.43191318400781337;6.298497731957038,17.535487675311437,0.9892719758789834"
53,drone_3,11.253,9.438,11.528,10.640,"14.927867894972593,1.9417923666224648,0.6851088007879556;9.581603859062518,1.7165682560455653,1.2502531594349593;9.390093762647613,15.472761448915204,2.171069838955237;19.533980818859707,17.049180100391123,0.27883058946767136;10.26526511140737,1.392277412259023,1.016178670844001;3.348893179695101,14.251866662958317,2.4185601003318604;3.4658463430243227,2.9891174118935857,0.21873102450163456;11.48626419771846,13.846024245365946,0.41596374877409237;5.718556999345342,8.252639224464476,0.3082740680827401;5.41842524027721,5.36907783143671,0.36053001055856554;5.263915430660201,12.511724220330363,0.47075426437758255;5.371172332057537,16.5795681636937,2.275404858158624;17.01738932692288,3.949288472633914,1.0833734478179253;1.2152499625451305,9.264165891219097,0.6289695736007946;2.5152666477933683,4.227481450075309,0.31479177433064687;0.8812631632839998,12.985708095722533,0.4433356300474305;18.23134962994997,17.499124477037014,1.7140616004040665;14.70574069346987,10.138925022682221,0.4018617649899432;0.41828819810825524,18.647760106540918,0.22147400162659886;4.200221053635278,15.46778249624208,0.43191318400781337;6.298497731957038,17.535487675311437,0.9892719758789834"
53,drone_8,9.185,9.565,11.528,10.640,"14.927867894972593,1.9417923666224648,0.6851088007879556;9.581603859062518,1.7165682560455653,1.2502531594349593;9.390093762647613,15.472761448915204,2.171069838955237;19.533980818859707,17.049180100391123,0.27883058946767136;10.26526511140737,1.392277412259023,1.016178670844001;3.348893179695101,14.251866662958317,2.4185601003318604;3.4658463430243227,2.9891174118935857,0.21873102450163456;11.48626419771846,13.846024245365946,0.41596374877409237;5.718556999345342,8.252639224464476,0.3082740680827401;5.41842524027721,5.36907783143671,0.36053001055856554;5.263915430660201,12.511724220330363,0.47075426437758255;5.371172332057537,16.5795681636937,2.275404858158624;17.01738932692288,3.949288472633914,1.0833734478179253;1.2152499625451305,9.264165891219097,0.6289695736007946;2.5152666477933683,4.227481450075309,0.31479177433064687;0.8812631632839998,12.985708095722533,0.4433356300474305;18.23134962994997,17.499124477037014,1.7140616004040665;14.70574069346987,10.138925022682221,0.4018617649899432;0.41828819810825524,18.647760106540918,0.22147400162659886;4.200221053635278,15.46778249624208,0.43191318400781337;6.298497731957038,17.535487675311437,0.9892719758789834"
54,drone_2,10.211,8.664,11.528,10.640,"14.927867894972593,1.9417923666224648,0.6851088007879556;9.581603859062518,1.7165682560455653,1.2502531594349593;9.390093762647613,15.472761448915204,2.171069838955237;19.533980818859707,17.049180100391123,0.27883058946767136;10.26526511140737,1.392277412259023,1.016178670844001;3.348893179695101,14.251866662958317,2.4185601003318604;3.4658463430243227,2.9891174118935857,0.21873102450163456;11.48626419771846,13.846024245365946,0.41596374877409237;5.718556999345342,8.252639224464476,0.3082740680827401;5.41842524027721,5.36907783143671,0.36053001055856554;5.263915430660201,12.511724220330363,0.47075426437758255;5.371172332057537,16.5795681636937,2.275404858158624;17.01738932692288,3.949288472633914,1.0833734478179253;1.2152499625451305,9.264165891219097,0.6289695736007946;2.5152666477933683,4.227481450075309,0.31479177433064687;0.8812631632839998,12.985708095722533,0.4433356300474305;18.23134962994997,17.499124477037014,1.7140616004040665;14.70574069346987,10.138925022682221,0.4018617649899432;0.41828819810825524,18.647760106540918,0.22147400162659886;4.200221053635278,15.46778249624208,0.43191318400781337;6.298497731957038,17.535487675311437,0.9892719758789834"
54,drone_3,11.305,9.631,11.528,10.640,"14.927867894972593,1.9417923666224648,0.6851088007879556;9.581603859062518,1.7165682560455653,1.2502531594349593;9.390093762647613,15.472761448915204,2.171069838955237;19.533980818859707,17.049180100391123,0.27883058946767136;10.26526511140737,1.392277412259023,1.016178670844001;3.348893179695101,14.251866662958317,2.4185601003318604;3.4658463430243227,2.9891174118935857,0.21873102450163456;11.48626419771846,13.846024245365946,0.41596374877409237;5.718556999345342,8.252639224464476,0.3082740680827401;5.41842524027721,5.36907783143671,0.36053001055856554;5.263915430660201,12.511724220330363,0.47075426437758255;5.371172332057537,16.5795681636937,2.275404858158624;17.01738932692288,3.949288472633914,1.0833734478179253;1.2152499625451305,9.264165891219097,0.6289695736007946;2.5152666477933683,4.227481450075309,0.31479177433064687;0.8812631632839998,12.985708095722533,0.4433356300474305;18.23134962994997,17.499124477037014,1.7140616004040665;14.70574069346987,10.138925022682221,0.4018617649899432;0.41828819810825524,18.647760106540918,0.22147400162659886;4.200221053635278,15.46778249624208,0.43191318400781337;6.298497731957038,17.535487675311437,0.9892719758789834"
54,drone_8,9.329,9.703,11.528,10.640,"14.927867894972593,1.9417923666224648,0.6851088007879556;9.581603859062518,1.7165682560455653,1.2502531594349593;9.390093762647613,15.472761448915204,2.171069838955237;19.533980818859707,17.049180100391123,0.27883058946767136;10.26526511140737,1.392277412259023,1.016178670844001;3.348893179695101,14.251866662958317,2.4185601003318604;3.4658463430243227,2.9891174118935857,0.21873102450163456;11.48626419771846,13.846024245365946,0.41596374877409237;5.718556999345342,8.252639224464476,0.3082740680827401;5.41842524027721,5.36907783143671,0.36053001055856554;5.263915430660201,12.511724220330363,0.47075426437758255;5.371172332057537,16.5795681636937,2.275404858158624;17.01738932692288,3.949288472633914,1.0833734478179253;1.2152499625451305,9.264165891219097,0.6289695736007946;2.5152666477933683,4.227481450075309,0.31479177433064687;0.8812631632839998,12.985708095722533,0.4433356300474305;18.23134962994997,17.499124477037014,1.7140616004040665;14.70574069346987,10.138925022682221,0.4018617649899432;0.41828819810825524,18.647760106540918,0.22147400162659886;4.200221053635278,15.46778249624208,0.43191318400781337;6.298497731957038,17.535487675311437,0.9892719758789834"
55,drone_2,10.352,8.806,11.528,10.640,"14.927867894972593,1.9417923666224648,0.6851088007879556;9.581603859062518,1.7165682560455653,1.2502531594349593;9.390093762647613,15.472761448915204,2.171069838955237;19.533980818859707,17.049180100391123,0.27883058946767136;10.26526511140737,1.392277412259023,1.016178670844001;3.348893179695101,14.251866662958317,2.4185601003318604;3.4658463430243227,2.9891174118935857,0.21873102450163456;11.48626419771846,13.846024245365946,0.41596374877409237;5.718556999345342,8.252639224464476,0.3082740680827401;5.41842524027721,5.36907783143671,0.36053001055856554;5.263915430660201,12.511724220330363,0.47075426437758255;5.371172332057537,16.5795681636937,2.275404858158624;17.01738932692288,3.949288472633914,1.0833734478179253;1.2152499625451305,9.264165891219097,0.6289695736007946;2.5152666477933683,4.227481450075309,0.31479177433064687;0.8812631632839998,12.985708095722533,0.4433356300474305;18.23134962994997,17.499124477037014,1.7140616004040665;14.70574069346987,10.138925022682221,0.4018617649899432;0.41828819810825524,18.647760106540918,0.22147400162659886;4.200221053635278,15.46778249624208,0.43191318400781337;6.298497731957038,17.535487675311437,0.9892719758789834"
55,drone_3,11.397,9.808,11.528,10.640,"14.927867894972593,1.9417923666224648,0.6851088007879556;9.581603859062518,1.7165682560455653,1.2502531594349593;9.390093762647613,15.472761448915204,2.171069838955237;19.533980818859707,17.049180100391123,0.27883058946767136;10.26526511140737,1.392277412259023,1.016178670844001;3.348893179695101,14.251866662958317,2.4185601003318604;3.4658463430243227,2.9891174118935857,0.21873102450163456;11.48626419771846,13.846024245365946,0.41596374877409237;5.718556999345342,8.252639224464476,0.3082740680827401;5.41842524027721,5.36907783143671,0.36053001055856554;5.263915430660201,12.511724220330363,0.47075426437758255;5.371172332057537,16.5795681636937,2.275404858158624;17.01738932692288,3.949288472633914,1.0833734478179253;1.2152499625451305,9.264165891219097,0.6289695736007946;2.5152666477933683,4.227481450075309,0.31479177433064687;0.8812631632839998,12.985708095722533,0.4433356300474305;18.23134962994997,17.499124477037014,1.7140616004040665;14.70574069346987,10.138925022682221,0.4018617649899432;0.41828819810825524,18.647760106540918,0.22147400162659886;4.200221053635278,15.46778249624208,0.43191318400781337;6.298497731957038,17.535487675311437,0.9892719758789834"
55,drone_8,9.473,9.842,11.528,10.640,"14.927867894972593,1.9417923666224648,0.6851088007879556;9.581603859062518,1.7165682560455653,1.2502531594349593;9.390093762647613,15.472761448915204,2.171069838955237;19.533980818859707,17.049180100391123,0.27883058946767136;10.26526511140737,1.392277412259023,1.016178670844001;3.348893179695101,14.251866662958317,2.4185601003318604;3.4658463430243227,2.9891174118935857,0.21873102450163456;11.48626419771846,13.846024245365946,0.41596374877409237;5.718556999345342,8.252639224464476,0.3082740680827401;5.41842524027721,5.36907783143671,0.36053001055856554;5.263915430660201,12.511724220330363,0.47075426437758255;5.371172332057537,16.5795681636937,2.275404858158624;17.01738932692288,3.949288472633914,1.0833734478179253;1.2152499625451305,9.264165891219097,0.6289695736007946;2.5152666477933683,4.227481450075309,0.31479177433064687;0.8812631632839998,12.985708095722533,0.4433356300474305;18.23134962994997,17.499124477037014,1.7140616004040665;14.70574069346987,10.138925022682221,0.4018617649899432;0.41828819810825524,18.647760106540918,0.22147400162659886;4.200221053635278,15.46778249624208,0.43191318400781337;6.298497731957038,17.535487675311437,0.9892719758789834"
56,drone_2,10.494,8.947,11.528,10.640,"14.927867894972593,1.9417923666224648,0.6851088007879556;9.581603859062518,1.7165682560455653,1.2502531594349593;9.390093762647613,15.472761448915204,2.171069838955237;19.533980818859707,17.049180100391123,0.27883058946767136;10.26526511140737,1.392277412259023,1.016178670844001;3.348893179695101,14.251866662958317,2.4185601003318604;3.4658463430243227,2.9891174118935857,0.21873102450163456;11.48626419771846,13.846024245365946,0.41596374877409237;5.718556999345342,8.252639224464476,0.3082740680827401;5.41842524027721,5.36907783143671,0.36053001055856554;5.263915430660201,12.511724220330363,0.47075426437758255;5.371172332057537,16.5795681636937,2.275404858158624;17.01738932692288,3.949288472633914,1.0833734478179253;1.2152499625451305,9.264165891219097,0.6289695736007946;2.5152666477933683,4.227481450075309,0.31479177433064687;0.8812631632839998,12.985708095722533,0.4433356300474305;18.23134962994997,17.499124477037014,1.7140616004040665;14.70574069346987,10.138925022682221,0.4018617649899432;0.41828819810825524,18.647760106540918,0.22147400162659886;4.200221053635278,15.46778249624208,0.43191318400781337;6.298497731957038,17.535487675311437,0.9892719758789834"
56,drone_3,-100.000,-100.000,11.528,10.640,"14.927867894972593,1.9417923666224648,0.6851088007879556;9.581603859062518,1.7165682560455653,1.2502531594349593;9.390093762647613,15.472761448915204,2.171069838955237;19.533980818859707,17.049180100391123,0.27883058946767136;10.26526511140737,1.392277412259023,1.016178670844001;3.348893179695101,14.251866662958317,2.4185601003318604;3.4658463430243227,2.9891174118935857,0.21873102450163456;11.48626419771846,13.846024245365946,0.41596374877409237;5.718556999345342,8.252639224464476,0.3082740680827401;5.41842524027721,5.36907783143671,0.36053001055856554;5.263915430660201,12.511724220330363,0.47075426437758255;5.371172332057537,16.5795681636937,2.275404858158624;17.01738932692288,3.949288472633914,1.0833734478179253;1.2152499625451305,9.264165891219097,0.6289695736007946;2.5152666477933683,4.227481450075309,0.31479177433064687;0.8812631632839998,12.985708095722533,0.4433356300474305;18.23134962994997,17.499124477037014,1.7140616004040665;14.70574069346987,10.138925022682221,0.4018617649899432;0.41828819810825524,18.647760106540918,0.22147400162659886;4.200221053635278,15.46778249624208,0.43191318400781337;6.298497731957038,17.535487675311437,0.9892719758789834"
56,drone_8,9.616,9.982,11.528,10.640,"14.927867894972593,1.9417923666224648,0.6851088007879556;9.581603859062518,1.7165682560455653,1.2502531594349593;9.390093762647613,15.472761448915204,2.171069838955237;19.533980818859707,17.049180100391123,0.27883058946767136;10.26526511140737,1.392277412259023,1.016178670844001;3.348893179695101,14.251866662958317,2.4185601003318604;3.4658463430243227,2.9891174118935857,0.21873102450163456;11.48626419771846,13.846024245365946,0.41596374877409237;5.718556999345342,8.252639224464476,0.3082740680827401;5.41842524027721,5.36907783143671,0.36053001055856554;5.263915430660201,12.511724220330363,0.47075426437758255;5.371172332057537,16.5795681636937,2.275404858158624;17.01738932692288,3.949288472633914,1.0833734478179253;1.2152499625451305,9.264165891219097,0.6289695736007946;2.5152666477933683,4.227481450075309,0.31479177433064687;0.8812631632839998,12.985708095722533,0.4433356300474305;18.23134962994997,17.499124477037014,1.7140616004040665;14.70574069346987,10.138925022682221,0.4018617649899432;0.41828819810825524,18.647760106540918,0.22147400162659886;4.200221053635278,15.46778249624208,0.43191318400781337;6.298497731957038,17.535487675311437,0.9892719758789834"
57,drone_2,10.635,9.089,11.528,10.640,"14.927867894972593,1.9417923666224648,0.6851088007879556;9.581603859062518,1.7165682560455653,1.2502531594349593;9.390093762647613,15.472761448915204,2.171069838955237;19.533980818859707,17.049180100391123,0.27883058946767136;10.26526511140737,1.392277412259023,1.016178670844001;3.348893179695101,14.251866662958317,2.4185601003318604;3.4658463430243227,2.9891174118935857,0.21873102450163456;11.48626419771846,13.846024245365946,0.41596374877409237;5.718556999345342,8.252639224464476,0.3082740680827401;5.41842524027721,5.36907783143671,0.36053001055856554;5.263915430660201,12.511724220330363,0.47075426437758255;5.371172332057537,16.5795681636937,2.275404858158624;17.01738932692288,3.949288472633914,1.0833734478179253;1.2152499625451305,9.264165891219097,0.6289695736007946;2.5152666477933683,4.227481450075309,0.31479177433064687;0.8812631632839998,12.985708095722533,0.4433356300474305;18.23134962994997,17.499124477037014,1.7140616004040665;14.70574069346987,10.138925022682221,0.4018617649899432;0.41828819810825524,18.647760106540918,0.22147400162659886;4.200221053635278,15.46778249624208,0.43191318400781337;6.298497731957038,17.535487675311437,0.9892719758789834"
57,drone_8,9.758,10.123,11.528,10.640,"14.927867894972593,1.9417923666224648,0.6851088007879556;9.581603859062518,1.7165682560455653,1.2502531594349593;9.390093762647613,15.472761448915204,2.171069838955237;19.533980818859707,17.049180100391123,0.27883058946767136;10.26526511140737,1.392277412259023,1.016178670844001;3.348893179695101,14.251866662958317,2.4185601003318604;3.4658463430243227,2.9891174118935857,0.21873102450163456;11.48626419771846,13.846024245365946,0.41596374877409237;5.718556999345342,8.252639224464476,0.3082740680827401;5.41842524027721,5.36907783143671,0.36053001055856554;5.263915430660201,12.511724220330363,0.47075426437758255;5.371172332057537,16.5795681636937,2.275404858158624;17.01738932692288,3.949288472633914,1.0833734478179253;1.2152499625451305,9.264165891219097,0.6289695736007946;2.5152666477933683,4.227481450075309,0.31479177433064687;0.8812631632839998,12.985708095722533,0.4433356300474305;18.23134962994997,17.499124477037014,1.7140616004040665;14.70574069346987,10.138925022682221,0.4018617649899432;0.41828819810825524,18.647760106540918,0.22147400162659886;4.200221053635278,15.46778249624208,0.43191318400781337;6.298497731957038,17.535487675311437,0.9892719758789834"
58,drone_2,10.777,9.230,11.528,10.640,"14.927867894972593,1.9417923666224648,0.6851088007879556;9.581603859062518,1.7165682560455653,1.2502531594349593;9.390093762647613,15.472761448915204,2.171069838955237;19.533980818859707,17.049180100391123,0.27883058946767136;10.26526511140737,1.392277412259023,1.016178670844001;3.348893179695101,14.251866662958317,2.4185601003318604;3.4658463430243227,2.9891174118935857,0.21873102450163456;11.48626419771846,13.846024245365946,0.41596374877409237;5.718556999345342,8.252639224464476,0.3082740680827401;5.41842524027721,5.36907783143671,0.36053001055856554;5.263915430660201,12.511724220330363,0.47075426437758255;5.371172332057537,16.5795681636937,2.275404858158624;17.01738932692288,3.949288472633914,1.0833734478179253;1.2152499625451305,9.264165891219097,0.6289695736007946;2.5152666477933683,4.227481450075309,0.31479177433064687;0.8812631632839998,12.985708095722533,0.4433356300474305;18.23134962994997,17.499124477037014,1.7140616004040665;14.70574069346987,10.138925022682221,0.4018617649899432;0.41828819810825524,18.647760106540918,0.22147400162659886;4.200221053635278,15.46778249624208,0.43191318400781337;6.298497731957038,17.535487675311437,0.9892719758789834"
58,drone_8,9.900,10.264,11.528,10.640,"14.927867894972593,1.9417923666224648,0.6851088007879556;9.581603859062518,1.7165682560455653,1.2502531594349593;9.390093762647613,15.472761448915204,2.171069838955237;19.533980818859707,17.049180100391123,0.27883058946767136;10.26526511140737,1.392277412259023,1.016178670844001;3.348893179695101,14.251866662958317,2.4185601003318604;3.4658463430243227,2.9891174118935857,0.21873102450163456;11.48626419771846,13.846024245365946,0.41596374877409237;5.718556999345342,8.252639224464476,0.3082740680827401;5.41842524027721,5.36907783143671,0.36053001055856554;5.263915430660201,12.511724220330363,0.47075426437758255;5.371172332057537,16.5795681636937,2.275404858158624;17.01738932692288,3.949288472633914,1.0833734478179253;1.2152499625451305,9.264165891219097,0.6289695736007946;2.5152666477933683,4.227481450075309,0.31479177433064687;0.8812631632839998,12.985708095722533,0.4433356300474305;18.23134962994997,17.499124477037014,1.7140616004040665;14.70574069346987,10.138925022682221,0.4018617649899432;0.41828819810825524,18.647760106540918,0.22147400162659886;4.200221053635278,15.46778249624208,0.43191318400781337;6.298497731957038,17.535487675311437,0.9892719758789834"
59,drone_2,10.918,9.371,11.528,10.640,"14.927867894972593,1.9417923666224648,0.6851088007879556;9.581603859062518,1.7165682560455653,1.2502531594349593;9.390093762647613,15.472761448915204,2.171069838955237;19.533980818859707,17.049180100391123,0.27883058946767136;10.26526511140737,1.392277412259023,1.016178670844001;3.348893179695101,14.251866662958317,2.4185601003318604;3.4658463430243227,2.9891174118935857,0.21873102450163456;11.48626419771846,13.846024245365946,0.41596374877409237;5.718556999345342,8.252639224464476,0.3082740680827401;5.41842524027721,5.36907783143671,0.36053001055856554;5.263915430660201,12.511724220330363,0.47075426437758255;5.371172332057537,16.5795681636937,2.275404858158624;17.01738932692288,3.949288472633914,1.0833734478179253;1.2152499625451305,9.264165891219097,0.6289695736007946;2.5152666477933683,4.227481450075309,0.31479177433064687;0.8812631632839998,12.985708095722533,0.4433356300474305;18.23134962994997,17.499124477037014,1.7140616004040665;14.70574069346987,10.138925022682221,0.4018617649899432;0.41828819810825524,18.647760106540918,0.22147400162659886;4.200221053635278,15.46778249624208,0.43191318400781337;6.298497731957038,17.535487675311437,0.9892719758789834"
59,drone_8,10.041,10.405,11.528,10.640,"14.927867894972593,1.9417923666224648,0.6851088007879556;9.581603859062518,1.7165682560455653,1.2502531594349593;9.390093762647613,15.472761448915204,2.171069838955237;19.533980818859707,17.049180100391123,0.27883058946767136;10.26526511140737,1.392277412259023,1.016178670844001;3.348893179695101,14.251866662958317,2.4185601003318604;3.4658463430243227,2.9891174118935857,0.21873102450163456;11.48626419771846,13.846024245365946,0.41596374877409237;5.718556999345342,8.252639224464476,0.3082740680827401;5.41842524027721,5.36907783143671,0.36053001055856554;5.263915430660201,12.511724220330363,0.47075426437758255;5.371172332057537,16.5795681636937,2.275404858158624;17.01738932692288,3.949288472633914,1.0833734478179253;1.2152499625451305,9.264165891219097,0.6289695736007946;2.5152666477933683,4.227481450075309,0.31479177433064687;0.8812631632839998,12.985708095722533,0.4433356300474305;18.23134962994997,17.499124477037014,1.7140616004040665;14.70574069346987,10.138925022682221,0.4018617649899432;0.41828819810825524,18.647760106540918,0.22147400162659886;4.200221053635278,15.46778249624208,0.43191318400781337;6.298497731957038,17.535487675311437,0.9892719758789834"
60,drone_2,11.059,9.513,11.528,10.640,"14.927867894972593,1.9417923666224648,0.6851088007879556;9.581603859062518,1.7165682560455653,1.2502531594349593;9.390093762647613,15.472761448915204,2.171069838955237;19.533980818859707,17.049180100391123,0.27883058946767136;10.26526511140737,1.392277412259023,1.016178670844001;3.348893179695101,14.251866662958317,2.4185601003318604;3.4658463430243227,2.9891174118935857,0.21873102450163456;11.48626419771846,13.846024245365946,0.41596374877409237;5.718556999345342,8.252639224464476,0.3082740680827401;5.41842524027721,5.36907783143671,0.36053001055856554;5.263915430660201,12.511724220330363,0.47075426437758255;5.371172332057537,16.5795681636937,2.275404858158624;17.01738932692288,3.949288472633914,1.0833734478179253;1.2152499625451305,9.264165891219097,0.6289695736007946;2.5152666477933683,4.227481450075309,0.31479177433064687;0.8812631632839998,12.985708095722533,0.4433356300474305;18.23134962994997,17.499124477037014,1.7140616004040665;14.70574069346987,10.138925022682221,0.4018617649899432;0.41828819810825524,18.647760106540918,0.22147400162659886;4.200221053635278,15.46778249624208,0.43191318400781337;6.298497731957038,17.535487675311437,0.9892719758789834"
60,drone_8,10.183,10.546,11.528,10.640,"14.927867894972593,1.9417923666224648,0.6851088007879556;9.581603859062518,1.7165682560455653,1.2502531594349593;9.390093762647613,15.472761448915204,2.171069838955237;19.533980818859707,17.049180100391123,0.27883058946767136;10.26526511140737,1.392277412259023,1.016178670844001;3.348893179695101,14.251866662958317,2.4185601003318604;3.4658463430243227,2.9891174118935857,0.21873102450163456;11.48626419771846,13.846024245365946,0.41596374877409237;5.718556999345342,8.252639224464476,0.3082740680827401;5.41842524027721,5.36907783143671,0.36053001055856554;5.263915430660201,12.511724220330363,0.47075426437758255;5.371172332057537,16.5795681636937,2.275404858158624;17.01738932692288,3.949288472633914,1.0833734478179253;1.2152499625451305,9.264165891219097,0.6289695736007946;2.5152666477933683,4.227481450075309,0.31479177433064687;0.8812631632839998,12.985708095722533,0.4433356300474305;18.23134962994997,17.499124477037014,1.7140616004040665;14.70574069346987,10.138925022682221,0.4018617649899432;0.41828819810825524,18.647760106540918,0.22147400162659886;4.200221053635278,15.46778249624208,0.43191318400781337;6.298497731957038,17.535487675311437,0.9892719758789834"
61,drone_2,11.201,9.654,11.528,10.640,"14.927867894972593,1.9417923666224648,0.6851088007879556;9.581603859062518,1.7165682560455653,1.2502531594349593;9.390093762647613,15.472761448915204,2.171069838955237;19.533980818859707,17.049180100391123,0.27883058946767136;10.26526511140737,1.392277412259023,1.016178670844001;3.348893179695101,14.251866662958317,2.4185601003318604;3.4658463430243227,2.9891174118935857,0.21873102450163456;11.48626419771846,13.846024245365946,0.41596374877409237;5.718556999345342,8.252639224464476,0.3082740680827401;5.41842524027721,5.36907783143671,0.36053001055856554;5.263915430660201,12.511724220330363,0.47075426437758255;5.371172332057537,16.5795681636937,2.275404858158624;17.01738932692288,3.949288472633914,1.0833734478179253;1.2152499625451305,9.264165891219097,0.6289695736007946;2.5152666477933683,4.227481450075309,0.31479177433064687;0.8812631632839998,12.985708095722533,0.4433356300474305;18.23134962994997,17.499124477037014,1.7140616004040665;14.70574069346987,10.138925022682221,0.4018617649899432;0.41828819810825524,18.647760106540918,0.22147400162659886;4.200221053635278,15.46778249624208,0.43191318400781337;6.298497731957038,17.535487675311437,0.9892719758789834"
61,drone_8,10.324,10.688,11.528,10.640,"14.927867894972593,1.9417923666224648,0.6851088007879556;9.581603859062518,1.7165682560455653,1.2502531594349593;9.390093762647613,15.472761448915204,2.171069838955237;19.533980818859707,17.049180100391123,0.27883058946767136;10.26526511140737,1.392277412259023,1.016178670844001;3.348893179695101,14.251866662958317,2.4185601003318604;3.4658463430243227,2.9891174118935857,0.21873102450163456;11.48626419771846,13.846024245365946,0.41596374877409237;5.718556999345342,8.252639224464476,0.3082740680827401;5.41842524027721,5.36907783143671,0.36053001055856554;5.263915430660201,12.511724220330363,0.47075426437758255;5.371172332057537,16.5795681636937,2.275404858158624;17.01738932692288,3.949288472633914,1.0833734478179253;1.2152499625451305,9.264165891219097,0.6289695736007946;2.5152666477933683,4.227481450075309,0.31479177433064687;0.8812631632839998,12.985708095722533,0.4433356300474305;18.23134962994997,17.499124477037014,1.7140616004040665;14.70574069346987,10.138925022682221,0.4018617649899432;0.41828819810825524,18.647760106540918,0.22147400162659886;4.200221053635278,15.46778249624208,0.43191318400781337;6.298497731957038,17.535487675311437,0.9892719758789834"
62,drone_2,11.342,9.796,11.528,10.640,"14.927867894972593,1.9417923666224648,0.6851088007879556;9.581603859062518,1.7165682560455653,1.2502531594349593;9.390093762647613,15.472761448915204,2.171069838955237;19.533980818859707,17.049180100391123,0.27883058946767136;10.26526511140737,1.392277412259023,1.016178670844001;3.348893179695101,14.251866662958317,2.4185601003318604;3.4658463430243227,2.9891174118935857,0.21873102450163456;11.48626419771846,13.846024245365946,0.41596374877409237;5.718556999345342,8.252639224464476,0.3082740680827401;5.41842524027721,5.36907783143671,0.36053001055856554;5.263915430660201,12.511724220330363,0.47075426437758255;5.371172332057537,16.5795681636937,2.275404858158624;17.01738932692288,3.949288472633914,1.0833734478179253;1.2152499625451305,9.264165891219097,0.6289695736007946;2.5152666477933683,4.227481450075309,0.31479177433064687;0.8812631632839998,12.985708095722533,0.4433356300474305;18.23134962994997,17.499124477037014,1.7140616004040665;14.70574069346987,10.138925022682221,0.4018617649899432;0.41828819810825524,18.647760106540918,0.22147400162659886;4.200221053635278,15.46778249624208,0.43191318400781337;6.298497731957038,17.535487675311437,0.9892719758789834"
62,drone_8,10.488,10.802,11.528,10.640,"14.927867894972593,1.9417923666224648,0.6851088007879556;9.581603859062518,1.7165682560455653,1.2502531594349593;9.390093762647613,15.472761448915204,2.171069838955237;19.533980818859707,17.049180100391123,0.27883058946767136;10.26526511140737,1.392277412259023,1.016178670844001;3.348893179695101,14.251866662958317,2.4185601003318604;3.4658463430243227,2.9891174118935857,0.21873102450163456;11.48626419771846,13.846024245365946,0.41596374877409237;5.718556999345342,8.252639224464476,0.3082740680827401;5.41842524027721,5.36907783143671,0.36053001055856554;5.263915430660201,12.511724220330363,0.47075426437758255;5.371172332057537,16.5795681636937,2.275404858158624;17.01738932692288,3.949288472633914,1.0833734478179253;1.2152499625451305,9.264165891219097,0.6289695736007946;2.5152666477933683,4.227481450075309,0.31479177433064687;0.8812631632839998,12.985708095722533,0.4433356300474305;18.23134962994997,17.499124477037014,1.7140616004040665;14.70574069346987,10.138925022682221,0.4018617649899432;0.41828819810825524,18.647760106540918,0.22147400162659886;4.200221053635278,15.46778249624208,0.43191318400781337;6.298497731957038,17.535487675311437,0.9892719758789834"
63,drone_2,-100.000,-100.000,11.528,10.640,"14.927867894972593,1.9417923666224648,0.6851088007879556;9.581603859062518,1.7165682560455653,1.2502531594349593;9.390093762647613,15.472761448915204,2.171069838955237;19.533980818859707,17.049180100391123,0.27883058946767136;10.26526511140737,1.392277412259023,1.016178670844001;3.348893179695101,14.251866662958317,2.4185601003318604;3.4658463430243227,2.9891174118935857,0.21873102450163456;11.48626419771846,13.846024245365946,0.41596374877409237;5.718556999345342,8.252639224464476,0.3082740680827401;5.41842524027721,5.36907783143671,0.36053001055856554;5.263915430660201,12.511724220330363,0.47075426437758255;5.371172332057537,16.5795681636937,2.275404858158624;17.01738932692288,3.949288472633914,1.0833734478179253;1.2152499625451305,9.264165891219097,0.6289695736007946;2.5152666477933683,4.227481450075309,0.31479177433064687;0.8812631632839998,12.985708095722533,0.4433356300474305;18.23134962994997,17.499124477037014,1.7140616004040665;14.70574069346987,10.138925022682221,0.4018617649899432;0.41828819810825524,18.647760106540918,0.22147400162659886;4.200221053635278,15.46778249624208,0.43191318400781337;6.298497731957038,17.535487675311437,0.9892719758789834"
63,drone_8,10.688,10.813,11.528,10.640,"14.927867894972593,1.9417923666224648,0.6851088007879556;9.581603859062518,1.7165682560455653,1.2502531594349593;9.390093762647613,15.472761448915204,2.171069838955237;19.533980818859707,17.049180100391123,0.27883058946767136;10.26526511140737,1.392277412259023,1.016178670844001;3.348893179695101,14.251866662958317,2.4185601003318604;3.4658463430243227,2.9891174118935857,0.21873102450163456;11.48626419771846,13.846024245365946,0.41596374877409237;5.718556999345342,8.252639224464476,0.3082740680827401;5.41842524027721,5.36907783143671,0.36053001055856554;5.263915430660201,12.511724220330363,0.47075426437758255;5.371172332057537,16.5795681636937,2.275404858158624;17.01738932692288,3.949288472633914,1.0833734478179253;1.2152499625451305,9.264165891219097,0.6289695736007946;2.5152666477933683,4.227481450075309,0.31479177433064687;0.8812631632839998,12.985708095722533,0.4433356300474305;18.23134962994997,17.499124477037014,1.7140616004040665;14.70574069346987,10.138925022682221,0.4018617649899432;0.41828819810825524,18.647760106540918,0.22147400162659886;4.200221053635278,15.46778249624208,0.43191318400781337;6.298497731957038,17.535487675311437,0.9892719758789834"
