Step,Agent,X,Y,Goal_X,Goal_Y,Obstacles
0,drone_0,1.102,14.467,7.806,5.403,"14.145079426228822,14.135285643003368,0.36465074522886504;2.440226870056917,4.933819650250329,1.1897814698375528;1.3066818871107722,17.589369001861286,0.9125121680327651;2.357678421611219,12.84984572684092,0.8379462386470249;16.982338471480936,14.4574540115461,0.7795617732176426;16.6561314066347,16.403439279548287,1.2836920917924646;5.398747996641409,15.000606954740654,0.2759122247568536;15.264278401717403,10.29919208231439,0.2316821241488554;10.911255852773824,12.32733772574333,0.7238978160411744;4.280084679595954,13.678702869526163,2.3024030597113416;17.479092617537404,11.080351461505307,1.1103263964905046;8.540140392127444,12.019562633396255,1.1337858747342713;11.741065877053364,13.225358942033967,0.46373120111325383;0.2566576950879157,15.438502156368578,0.25017761057893567;11.535138329870394,12.517501080138413,0.3023805730750141;2.2442554789509175,13.944225925149922,0.4764987910136303;2.829071724616509,6.815252500373287,1.116842398565673;12.89348341244764,4.462689100248536,2.456780207842593;2.792309268830196,1.9482063215231027,1.5239511084219592;18.63000485495394,9.516374612050642,0.4862045394896714;4.312449040471382,9.900114663805454,0.8882562845551485;0.6794491868940552,9.23994368862653,0.2431473573377341;17.386995268777646,18.78353211061407,0.9920648701342627"
0,drone_1,15.957,14.759,7.806,5.403,"14.145079426228822,14.135285643003368,0.36465074522886504;2.440226870056917,4.933819650250329,1.1897814698375528;1.3066818871107722,17.589369001861286,0.9125121680327651;2.357678421611219,12.84984572684092,0.8379462386470249;16.982338471480936,14.4574540115461,0.7795617732176426;16.6561314066347,16.403439279548287,1.2836920917924646;5.398747996641409,15.000606954740654,0.2759122247568536;15.264278401717403,10.29919208231439,0.2316821241488554;10.911255852773824,12.32733772574333,0.7238978160411744;4.280084679595954,13.678702869526163,2.3024030597113416;17.479092617537404,11.080351461505307,1.1103263964905046;8.540140392127444,12.019562633396255,1.1337858747342713;11.741065877053364,13.225358942033967,0.46373120111325383;0.2566576950879157,15.438502156368578,0.25017761057893567;11.535138329870394,12.517501080138413,0.3023805730750141;2.2442554789509175,13.944225925149922,0.4764987910136303;2.829071724616509,6.815252500373287,1.116842398565673;12.89348341244764,4.462689100248536,2.456780207842593;2.792309268830196,1.9482063215231027,1.5239511084219592;18.63000485495394,9.516374612050642,0.4862045394896714;4.312449040471382,9.900114663805454,0.8882562845551485;0.6794491868940552,9.23994368862653,0.2431473573377341;17.386995268777646,18.78353211061407,0.9920648701342627"
0,drone_2,11.045,15.413,7.806,5.403,"14.145079426228822,14.135285643003368,0.36465074522886504;2.440226870056917,4.933819650250329,1.1897814698375528;1.3066818871107722,17.589369001861286,0.9125121680327651;2.357678421611219,12.84984572684092,0.8379462386470249;16.982338471480936,14.4574540115461,0.7795617732176426;16.6561314066347,16.403439279548287,1.2836920917924646;5.398747996641409,15.000606954740654,0.2759122247568536;15.264278401717403,10.29919208231439,0.2316821241488554;10.911255852773824,12.32733772574333,0.7238978160411744;4.280084679595954,13.678702869526163,2.3024030597113416;17.479092617537404,11.080351461505307,1.1103263964905046;8.540140392127444,12.019562633396255,1.1337858747342713;11.741065877053364,13.225358942033967,0.46373120111325383;0.2566576950879157,15.438502156368578,0.25017761057893567;11.535138329870394,12.517501080138413,0.3023805730750141;2.2442554789509175,13.944225925149922,0.4764987910136303;2.829071724616509,6.815252500373287,1.116842398565673;12.89348341244764,4.462689100248536,2.456780207842593;2.792309268830196,1.9482063215231027,1.5239511084219592;18.63000485495394,9.516374612050642,0.4862045394896714;4.312449040471382,9.900114663805454,0.8882562845551485;0.6794491868940552,9.23994368862653,0.2431473573377341;17.386995268777646,18.78353211061407,0.9920648701342627"
0,drone_3,17.701,12.684,7.806,5.403,"14.145079426228822,14.135285643003368,0.36465074522886504;2.440226870056917,4.933819650250329,1.1897814698375528;1.3066818871107722,17.589369001861286,0.9125121680327651;2.357678421611219,12.84984572684092,0.8379462386470249;16.982338471480936,14.4574540115461,0.7795617732176426;16.6561314066347,16.403439279548287,1.2836920917924646;5.398747996641409,15.000606954740654,0.2759122247568536;15.264278401717403,10.29919208231439,0.2316821241488554;10.911255852773824,12.32733772574333,0.7238978160411744;4.280084679595954,13.678702869526163,2.3024030597113416;17.479092617537404,11.080351461505307,1.1103263964905046;8.540140392127444,12.019562633396255,1.1337858747342713;11.741065877053364,13.225358942033967,0.46373120111325383;0.2566576950879157,15.438502156368578,0.25017761057893567;11.535138329870394,12.517501080138413,0.3023805730750141;2.2442554789509175,13.944225925149922,0.4764987910136303;2.829071724616509,6.815252500373287,1.116842398565673;12.89348341244764,4.462689100248536,2.456780207842593;2.792309268830196,1.9482063215231027,1.5239511084219592;18.63000485495394,9.516374612050642,0.4862045394896714;4.312449040471382,9.900114663805454,0.8882562845551485;0.6794491868940552,9.23994368862653,0.2431473573377341;17.386995268777646,18.78353211061407,0.9920648701342627"
0,drone_4,18.901,2.012,7.806,5.403,"14.145079426228822,14.135285643003368,0.36465074522886504;2.440226870056917,4.933819650250329,1.1897814698375528;1.3066818871107722,17.589369001861286,0.9125121680327651;2.357678421611219,12.84984572684092,0.8379462386470249;16.982338471480936,14.4574540115461,0.7795617732176426;16.6561314066347,16.403439279548287,1.2836920917924646;5.398747996641409,15.000606954740654,0.2759122247568536;15.264278401717403,10.29919208231439,0.2316821241488554;10.911255852773824,12.32733772574333,0.7238978160411744;4.280084679595954,13.678702869526163,2.3024030597113416;17.479092617537404,11.080351461505307,1.1103263964905046;8.540140392127444,12.019562633396255,1.1337858747342713;11.741065877053364,13.225358942033967,0.46373120111325383;0.2566576950879157,15.438502156368578,0.25017761057893567;11.535138329870394,12.517501080138413,0.3023805730750141;2.2442554789509175,13.944225925149922,0.4764987910136303;2.829071724616509,6.815252500373287,1.116842398565673;12.89348341244764,4.462689100248536,2.456780207842593;2.792309268830196,1.9482063215231027,1.5239511084219592;18.63000485495394,9.516374612050642,0.4862045394896714;4.312449040471382,9.900114663805454,0.8882562845551485;0.6794491868940552,9.23994368862653,0.2431473573377341;17.386995268777646,18.78353211061407,0.9920648701342627"
0,drone_5,8.438,9.855,7.806,5.403,"14.145079426228822,14.135285643003368,0.36465074522886504;2.440226870056917,4.933819650250329,1.1897814698375528;1.3066818871107722,17.589369001861286,0.9125121680327651;2.357678421611219,12.84984572684092,0.8379462386470249;16.982338471480936,14.4574540115461,0.7795617732176426;16.6561314066347,16.403439279548287,1.2836920917924646;5.398747996641409,15.000606954740654,0.2759122247568536;15.264278401717403,10.29919208231439,0.2316821241488554;10.911255852773824,12.32733772574333,0.7238978160411744;4.280084679595954,13.678702869526163,2.3024030597113416;17.479092617537404,11.080351461505307,1.1103263964905046;8.540140392127444,12.019562633396255,1.1337858747342713;11.741065877053364,13.225358942033967,0.46373120111325383;0.2566576950879157,15.438502156368578,0.25017761057893567;11.535138329870394,12.517501080138413,0.3023805730750141;2.2442554789509175,13.944225925149922,0.4764987910136303;2.829071724616509,6.815252500373287,1.116842398565673;12.89348341244764,4.462689100248536,2.456780207842593;2.792309268830196,1.9482063215231027,1.5239511084219592;18.63000485495394,9.516374612050642,0.4862045394896714;4.312449040471382,9.900114663805454,0.8882562845551485;0.6794491868940552,9.23994368862653,0.2431473573377341;17.386995268777646,18.78353211061407,0.9920648701342627"
0,drone_6,10.525,7.266,7.806,5.403,"14.145079426228822,14.135285643003368,0.36465074522886504;2.440226870056917,4.933819650250329,1.1897814698375528;1.3066818871107722,17.589369001861286,0.9125121680327651;2.357678421611219,12.84984572684092,0.8379462386470249;16.982338471480936,14.4574540115461,0.7795617732176426;16.6561314066347,16.403439279548287,1.2836920917924646;5.398747996641409,15.000606954740654,0.2759122247568536;15.264278401717403,10.29919208231439,0.2316821241488554;10.911255852773824,12.32733772574333,0.7238978160411744;4.280084679595954,13.678702869526163,2.3024030597113416;17.479092617537404,11.080351461505307,1.1103263964905046;8.540140392127444,12.019562633396255,1.1337858747342713;11.741065877053364,13.225358942033967,0.46373120111325383;0.2566576950879157,15.438502156368578,0.25017761057893567;11.535138329870394,12.517501080138413,0.3023805730750141;2.2442554789509175,13.944225925149922,0.4764987910136303;2.829071724616509,6.815252500373287,1.116842398565673;12.89348341244764,4.462689100248536,2.456780207842593;2.792309268830196,1.9482063215231027,1.5239511084219592;18.63000485495394,9.516374612050642,0.4862045394896714;4.312449040471382,9.900114663805454,0.8882562845551485;0.6794491868940552,9.23994368862653,0.2431473573377341;17.386995268777646,18.78353211061407,0.9920648701342627"
0,drone_7,14.234,16.405,7.806,5.403,"14.145079426228822,14.135285643003368,0.36465074522886504;2.440226870056917,4.933819650250329,1.1897814698375528;1.3066818871107722,17.589369001861286,0.9125121680327651;2.357678421611219,12.84984572684092,0.8379462386470249;16.982338471480936,14.4574540115461,0.7795617732176426;16.6561314066347,16.403439279548287,1.2836920917924646;5.398747996641409,15.000606954740654,0.2759122247568536;15.264278401717403,10.29919208231439,0.2316821241488554;10.911255852773824,12.32733772574333,0.7238978160411744;4.280084679595954,13.678702869526163,2.3024030597113416;17.479092617537404,11.080351461505307,1.1103263964905046;8.540140392127444,12.019562633396255,1.1337858747342713;11.741065877053364,13.225358942033967,0.46373120111325383;0.2566576950879157,15.438502156368578,0.25017761057893567;11.535138329870394,12.517501080138413,0.3023805730750141;2.2442554789509175,13.944225925149922,0.4764987910136303;2.829071724616509,6.815252500373287,1.116842398565673;12.89348341244764,4.462689100248536,2.456780207842593;2.792309268830196,1.9482063215231027,1.5239511084219592;18.63000485495394,9.516374612050642,0.4862045394896714;4.312449040471382,9.900114663805454,0.8882562845551485;0.6794491868940552,9.23994368862653,0.2431473573377341;17.386995268777646,18.78353211061407,0.9920648701342627"
0,drone_8,5.417,7.204,7.806,5.403,"14.145079426228822,14.135285643003368,0.36465074522886504;2.440226870056917,4.933819650250329,1.1897814698375528;1.3066818871107722,17.589369001861286,0.9125121680327651;2.357678421611219,12.84984572684092,0.8379462386470249;16.982338471480936,14.4574540115461,0.7795617732176426;16.6561314066347,16.403439279548287,1.2836920917924646;5.398747996641409,15.000606954740654,0.2759122247568536;15.264278401717403,10.29919208231439,0.2316821241488554;10.911255852773824,12.32733772574333,0.7238978160411744;4.280084679595954,13.678702869526163,2.3024030597113416;17.479092617537404,11.080351461505307,1.1103263964905046;8.540140392127444,12.019562633396255,1.1337858747342713;11.741065877053364,13.225358942033967,0.46373120111325383;0.2566576950879157,15.438502156368578,0.25017761057893567;11.535138329870394,12.517501080138413,0.3023805730750141;2.2442554789509175,13.944225925149922,0.4764987910136303;2.829071724616509,6.815252500373287,1.116842398565673;12.89348341244764,4.462689100248536,2.456780207842593;2.792309268830196,1.9482063215231027,1.5239511084219592;18.63000485495394,9.516374612050642,0.4862045394896714;4.312449040471382,9.900114663805454,0.8882562845551485;0.6794491868940552,9.23994368862653,0.2431473573377341;17.386995268777646,18.78353211061407,0.9920648701342627"
0,drone_9,1.123,5.223,7.806,5.403,"14.145079426228822,14.135285643003368,0.36465074522886504;2.440226870056917,4.933819650250329,1.1897814698375528;1.3066818871107722,17.589369001861286,0.9125121680327651;2.357678421611219,12.84984572684092,0.8379462386470249;16.982338471480936,14.4574540115461,0.7795617732176426;16.6561314066347,16.403439279548287,1.2836920917924646;5.398747996641409,15.000606954740654,0.2759122247568536;15.264278401717403,10.29919208231439,0.2316821241488554;10.911255852773824,12.32733772574333,0.7238978160411744;4.280084679595954,13.678702869526163,2.3024030597113416;17.479092617537404,11.080351461505307,1.1103263964905046;8.540140392127444,12.019562633396255,1.1337858747342713;11.741065877053364,13.225358942033967,0.46373120111325383;0.2566576950879157,15.438502156368578,0.25017761057893567;11.535138329870394,12.517501080138413,0.3023805730750141;2.2442554789509175,13.944225925149922,0.4764987910136303;2.829071724616509,6.815252500373287,1.116842398565673;12.89348341244764,4.462689100248536,2.456780207842593;2.792309268830196,1.9482063215231027,1.5239511084219592;18.63000485495394,9.516374612050642,0.4862045394896714;4.312449040471382,9.900114663805454,0.8882562845551485;0.6794491868940552,9.23994368862653,0.2431473573377341;17.386995268777646,18.78353211061407,0.9920648701342627"
1,drone_0,1.122,14.367,7.806,5.403,"14.145079426228822,14.135285643003368,0.36465074522886504;2.440226870056917,4.933819650250329,1.1897814698375528;1.3066818871107722,17.589369001861286,0.9125121680327651;2.357678421611219,12.84984572684092,0.8379462386470249;16.982338471480936,14.4574540115461,0.7795617732176426;16.6561314066347,16.403439279548287,1.2836920917924646;5.398747996641409,15.000606954740654,0.2759122247568536;15.264278401717403,10.29919208231439,0.2316821241488554;10.911255852773824,12.32733772574333,0.7238978160411744;4.280084679595954,13.678702869526163,2.3024030597113416;17.479092617537404,11.080351461505307,1.1103263964905046;8.540140392127444,12.019562633396255,1.1337858747342713;11.741065877053364,13.225358942033967,0.46373120111325383;0.2566576950879157,15.438502156368578,0.25017761057893567;11.535138329870394,12.517501080138413,0.3023805730750141;2.2442554789509175,13.944225925149922,0.4764987910136303;2.829071724616509,6.815252500373287,1.116842398565673;12.89348341244764,4.462689100248536,2.456780207842593;2.792309268830196,1.9482063215231027,1.5239511084219592;18.63000485495394,9.516374612050642,0.4862045394896714;4.312449040471382,9.900114663805454,0.8882562845551485;0.6794491868940552,9.23994368862653,0.2431473573377341;17.386995268777646,18.78353211061407,0.9920648701342627"
1,drone_1,15.857,14.659,7.806,5.403,"14.145079426228822,14.135285643003368,0.36465074522886504;2.440226870056917,4.933819650250329,1.1897814698375528;1.3066818871107722,17.589369001861286,0.9125121680327651;2.357678421611219,12.84984572684092,0.8379462386470249;16.982338471480936,14.4574540115461,0.7795617732176426;16.6561314066347,16.403439279548287,1.2836920917924646;5.398747996641409,15.000606954740654,0.2759122247568536;15.264278401717403,10.29919208231439,0.2316821241488554;10.911255852773824,12.32733772574333,0.7238978160411744;4.280084679595954,13.678702869526163,2.3024030597113416;17.479092617537404,11.080351461505307,1.1103263964905046;8.540140392127444,12.019562633396255,1.1337858747342713;11.741065877053364,13.225358942033967,0.46373120111325383;0.2566576950879157,15.438502156368578,0.25017761057893567;11.535138329870394,12.517501080138413,0.3023805730750141;2.2442554789509175,13.944225925149922,0.4764987910136303;2.829071724616509,6.815252500373287,1.116842398565673;12.89348341244764,4.462689100248536,2.456780207842593;2.792309268830196,1.9482063215231027,1.5239511084219592;18.63000485495394,9.516374612050642,0.4862045394896714;4.312449040471382,9.900114663805454,0.8882562845551485;0.6794491868940552,9.23994368862653,0.2431473573377341;17.386995268777646,18.78353211061407,0.9920648701342627"
1,drone_2,10.967,15.313,7.806,5.403,"14.145079426228822,14.135285643003368,0.36465074522886504;2.440226870056917,4.933819650250329,1.1897814698375528;1.3066818871107722,17.589369001861286,0.9125121680327651;2.357678421611219,12.84984572684092,0.8379462386470249;16.982338471480936,14.4574540115461,0.7795617732176426;16.6561314066347,16.403439279548287,1.2836920917924646;5.398747996641409,15.000606954740654,0.2759122247568536;15.264278401717403,10.29919208231439,0.2316821241488554;10.911255852773824,12.32733772574333,0.7238978160411744;4.280084679595954,13.678702869526163,2.3024030597113416;17.479092617537404,11.080351461505307,1.1103263964905046;8.540140392127444,12.019562633396255,1.1337858747342713;11.741065877053364,13.225358942033967,0.46373120111325383;0.2566576950879157,15.438502156368578,0.25017761057893567;11.535138329870394,12.517501080138413,0.3023805730750141;2.2442554789509175,13.944225925149922,0.4764987910136303;2.829071724616509,6.815252500373287,1.116842398565673;12.89348341244764,4.462689100248536,2.456780207842593;2.792309268830196,1.9482063215231027,1.5239511084219592;18.63000485495394,9.516374612050642,0.4862045394896714;4.312449040471382,9.900114663805454,0.8882562845551485;0.6794491868940552,9.23994368862653,0.2431473573377341;17.386995268777646,18.78353211061407,0.9920648701342627"
1,drone_3,17.601,12.784,7.806,5.403,"14.145079426228822,14.135285643003368,0.36465074522886504;2.440226870056917,4.933819650250329,1.1897814698375528;1.3066818871107722,17.589369001861286,0.9125121680327651;2.357678421611219,12.84984572684092,0.8379462386470249;16.982338471480936,14.4574540115461,0.7795617732176426;16.6561314066347,16.403439279548287,1.2836920917924646;5.398747996641409,15.000606954740654,0.2759122247568536;15.264278401717403,10.29919208231439,0.2316821241488554;10.911255852773824,12.32733772574333,0.7238978160411744;4.280084679595954,13.678702869526163,2.3024030597113416;17.479092617537404,11.080351461505307,1.1103263964905046;8.540140392127444,12.019562633396255,1.1337858747342713;11.741065877053364,13.225358942033967,0.46373120111325383;0.2566576950879157,15.438502156368578,0.25017761057893567;11.535138329870394,12.517501080138413,0.3023805730750141;2.2442554789509175,13.944225925149922,0.4764987910136303;2.829071724616509,6.815252500373287,1.116842398565673;12.89348341244764,4.462689100248536,2.456780207842593;2.792309268830196,1.9482063215231027,1.5239511084219592;18.63000485495394,9.516374612050642,0.4862045394896714;4.312449040471382,9.900114663805454,0.8882562845551485;0.6794491868940552,9.23994368862653,0.2431473573377341;17.386995268777646,18.78353211061407,0.9920648701342627"
1,drone_4,18.801,2.112,7.806,5.403,"14.145079426228822,14.135285643003368,0.36465074522886504;2.440226870056917,4.933819650250329,1.1897814698375528;1.3066818871107722,17.589369001861286,0.9125121680327651;2.357678421611219,12.84984572684092,0.8379462386470249;16.982338471480936,14.4574540115461,0.7795617732176426;16.6561314066347,16.403439279548287,1.2836920917924646;5.398747996641409,15.000606954740654,0.2759122247568536;15.264278401717403,10.29919208231439,0.2316821241488554;10.911255852773824,12.32733772574333,0.7238978160411744;4.280084679595954,13.678702869526163,2.3024030597113416;17.479092617537404,11.080351461505307,1.1103263964905046;8.540140392127444,12.019562633396255,1.1337858747342713;11.741065877053364,13.225358942033967,0.46373120111325383;0.2566576950879157,15.438502156368578,0.25017761057893567;11.535138329870394,12.517501080138413,0.3023805730750141;2.2442554789509175,13.944225925149922,0.4764987910136303;2.829071724616509,6.815252500373287,1.116842398565673;12.89348341244764,4.462689100248536,2.456780207842593;2.792309268830196,1.9482063215231027,1.5239511084219592;18.63000485495394,9.516374612050642,0.4862045394896714;4.312449040471382,9.900114663805454,0.8882562845551485;0.6794491868940552,9.23994368862653,0.2431473573377341;17.386995268777646,18.78353211061407,0.9920648701342627"
1,drone_5,8.393,9.755,7.806,5.403,"14.145079426228822,14.135285643003368,0.36465074522886504;2.440226870056917,4.933819650250329,1.1897814698375528;1.3066818871107722,17.589369001861286,0.9125121680327651;2.357678421611219,12.84984572684092,0.8379462386470249;16.982338471480936,14.4574540115461,0.7795617732176426;16.6561314066347,16.403439279548287,1.2836920917924646;5.398747996641409,15.000606954740654,0.2759122247568536;15.264278401717403,10.29919208231439,0.2316821241488554;10.911255852773824,12.32733772574333,0.7238978160411744;4.280084679595954,13.678702869526163,2.3024030597113416;17.479092617537404,11.080351461505307,1.1103263964905046;8.540140392127444,12.019562633396255,1.1337858747342713;11.741065877053364,13.225358942033967,0.46373120111325383;0.2566576950879157,15.438502156368578,0.25017761057893567;11.535138329870394,12.517501080138413,0.3023805730750141;2.2442554789509175,13.944225925149922,0.4764987910136303;2.829071724616509,6.815252500373287,1.116842398565673;12.89348341244764,4.462689100248536,2.456780207842593;2.792309268830196,1.9482063215231027,1.5239511084219592;18.63000485495394,9.516374612050642,0.4862045394896714;4.312449040471382,9.900114663805454,0.8882562845551485;0.6794491868940552,9.23994368862653,0.2431473573377341;17.386995268777646,18.78353211061407,0.9920648701342627"
1,drone_6,10.425,7.166,7.806,5.403,"14.145079426228822,14.135285643003368,0.36465074522886504;2.440226870056917,4.933819650250329,1.1897814698375528;1.3066818871107722,17.589369001861286,0.9125121680327651;2.357678421611219,12.84984572684092,0.8379462386470249;16.982338471480936,14.4574540115461,0.7795617732176426;16.6561314066347,16.403439279548287,1.2836920917924646;5.398747996641409,15.000606954740654,0.2759122247568536;15.264278401717403,10.29919208231439,0.2316821241488554;10.911255852773824,12.32733772574333,0.7238978160411744;4.280084679595954,13.678702869526163,2.3024030597113416;17.479092617537404,11.080351461505307,1.1103263964905046;8.540140392127444,12.019562633396255,1.1337858747342713;11.741065877053364,13.225358942033967,0.46373120111325383;0.2566576950879157,15.438502156368578,0.25017761057893567;11.535138329870394,12.517501080138413,0.3023805730750141;2.2442554789509175,13.944225925149922,0.4764987910136303;2.829071724616509,6.815252500373287,1.116842398565673;12.89348341244764,4.462689100248536,2.456780207842593;2.792309268830196,1.9482063215231027,1.5239511084219592;18.63000485495394,9.516374612050642,0.4862045394896714;4.312449040471382,9.900114663805454,0.8882562845551485;0.6794491868940552,9.23994368862653,0.2431473573377341;17.386995268777646,18.78353211061407,0.9920648701342627"
1,drone_7,14.134,16.305,7.806,5.403,"14.145079426228822,14.135285643003368,0.36465074522886504;2.440226870056917,4.933819650250329,1.1897814698375528;1.3066818871107722,17.589369001861286,0.9125121680327651;2.357678421611219,12.84984572684092,0.8379462386470249;16.982338471480936,14.4574540115461,0.7795617732176426;16.6561314066347,16.403439279548287,1.2836920917924646;5.398747996641409,15.000606954740654,0.2759122247568536;15.264278401717403,10.29919208231439,0.2316821241488554;10.911255852773824,12.32733772574333,0.7238978160411744;4.280084679595954,13.678702869526163,2.3024030597113416;17.479092617537404,11.080351461505307,1.1103263964905046;8.540140392127444,12.019562633396255,1.1337858747342713;11.741065877053364,13.225358942033967,0.46373120111325383;0.2566576950879157,15.438502156368578,0.25017761057893567;11.535138329870394,12.517501080138413,0.3023805730750141;2.2442554789509175,13.944225925149922,0.4764987910136303;2.829071724616509,6.815252500373287,1.116842398565673;12.89348341244764,4.462689100248536,2.456780207842593;2.792309268830196,1.9482063215231027,1.5239511084219592;18.63000485495394,9.516374612050642,0.4862045394896714;4.312449040471382,9.900114663805454,0.8882562845551485;0.6794491868940552,9.23994368862653,0.2431473573377341;17.386995268777646,18.78353211061407,0.9920648701342627"
1,drone_8,5.517,7.104,7.806,5.403,"14.145079426228822,14.135285643003368,0.36465074522886504;2.440226870056917,4.933819650250329,1.1897814698375528;1.3066818871107722,17.589369001861286,0.9125121680327651;2.357678421611219,12.84984572684092,0.8379462386470249;16.982338471480936,14.4574540115461,0.7795617732176426;16.6561314066347,16.403439279548287,1.2836920917924646;5.398747996641409,15.000606954740654,0.2759122247568536;15.264278401717403,10.29919208231439,0.2316821241488554;10.911255852773824,12.32733772574333,0.7238978160411744;4.280084679595954,13.678702869526163,2.3024030597113416;17.479092617537404,11.080351461505307,1.1103263964905046;8.540140392127444,12.019562633396255,1.1337858747342713;11.741065877053364,13.225358942033967,0.46373120111325383;0.2566576950879157,15.438502156368578,0.25017761057893567;11.535138329870394,12.517501080138413,0.3023805730750141;2.2442554789509175,13.944225925149922,0.4764987910136303;2.829071724616509,6.815252500373287,1.116842398565673;12.89348341244764,4.462689100248536,2.456780207842593;2.792309268830196,1.9482063215231027,1.5239511084219592;18.63000485495394,9.516374612050642,0.4862045394896714;4.312449040471382,9.900114663805454,0.8882562845551485;0.6794491868940552,9.23994368862653,0.2431473573377341;17.386995268777646,18.78353211061407,0.9920648701342627"
1,drone_9,1.023,5.323,7.806,5.403,"14.145079426228822,14.135285643003368,0.36465074522886504;2.440226870056917,4.933819650250329,1.1897814698375528;1.3066818871107722,17.589369001861286,0.9125121680327651;2.357678421611219,12.84984572684092,0.8379462386470249;16.982338471480936,14.4574540115461,0.7795617732176426;16.6561314066347,16.403439279548287,1.2836920917924646;5.398747996641409,15.000606954740654,0.2759122247568536;15.264278401717403,10.29919208231439,0.2316821241488554;10.911255852773824,12.32733772574333,0.7238978160411744;4.280084679595954,13.678702869526163,2.3024030597113416;17.479092617537404,11.080351461505307,1.1103263964905046;8.540140392127444,12.019562633396255,1.1337858747342713;11.741065877053364,13.225358942033967,0.46373120111325383;0.2566576950879157,15.438502156368578,0.25017761057893567;11.535138329870394,12.517501080138413,0.3023805730750141;2.2442554789509175,13.944225925149922,0.4764987910136303;2.829071724616509,6.815252500373287,1.116842398565673;12.89348341244764,4.462689100248536,2.456780207842593;2.792309268830196,1.9482063215231027,1.5239511084219592;18.63000485495394,9.516374612050642,0.4862045394896714;4.312449040471382,9.900114663805454,0.8882562845551485;0.6794491868940552,9.23994368862653,0.2431473573377341;17.386995268777646,18.78353211061407,0.9920648701342627"
2,drone_0,1.048,14.181,7.806,5.403,"14.145079426228822,14.135285643003368,0.36465074522886504;2.440226870056917,4.933819650250329,1.1897814698375528;1.3066818871107722,17.589369001861286,0.9125121680327651;2.357678421611219,12.84984572684092,0.8379462386470249;16.982338471480936,14.4574540115461,0.7795617732176426;16.6561314066347,16.403439279548287,1.2836920917924646;5.398747996641409,15.000606954740654,0.2759122247568536;15.264278401717403,10.29919208231439,0.2316821241488554;10.911255852773824,12.32733772574333,0.7238978160411744;4.280084679595954,13.678702869526163,2.3024030597113416;17.479092617537404,11.080351461505307,1.1103263964905046;8.540140392127444,12.019562633396255,1.1337858747342713;11.741065877053364,13.225358942033967,0.46373120111325383;0.2566576950879157,15.438502156368578,0.25017761057893567;11.535138329870394,12.517501080138413,0.3023805730750141;2.2442554789509175,13.944225925149922,0.4764987910136303;2.829071724616509,6.815252500373287,1.116842398565673;12.89348341244764,4.462689100248536,2.456780207842593;2.792309268830196,1.9482063215231027,1.5239511084219592;18.63000485495394,9.516374612050642,0.4862045394896714;4.312449040471382,9.900114663805454,0.8882562845551485;0.6794491868940552,9.23994368862653,0.2431473573377341;17.386995268777646,18.78353211061407,0.9920648701342627"
2,drone_1,15.716,14.517,7.806,5.403,"14.145079426228822,14.135285643003368,0.36465074522886504;2.440226870056917,4.933819650250329,1.1897814698375528;1.3066818871107722,17.589369001861286,0.9125121680327651;2.357678421611219,12.84984572684092,0.8379462386470249;16.982338471480936,14.4574540115461,0.7795617732176426;16.6561314066347,16.403439279548287,1.2836920917924646;5.398747996641409,15.000606954740654,0.2759122247568536;15.264278401717403,10.29919208231439,0.2316821241488554;10.911255852773824,12.32733772574333,0.7238978160411744;4.280084679595954,13.678702869526163,2.3024030597113416;17.479092617537404,11.080351461505307,1.1103263964905046;8.540140392127444,12.019562633396255,1.1337858747342713;11.741065877053364,13.225358942033967,0.46373120111325383;0.2566576950879157,15.438502156368578,0.25017761057893567;11.535138329870394,12.517501080138413,0.3023805730750141;2.2442554789509175,13.944225925149922,0.4764987910136303;2.829071724616509,6.815252500373287,1.116842398565673;12.89348341244764,4.462689100248536,2.456780207842593;2.792309268830196,1.9482063215231027,1.5239511084219592;18.63000485495394,9.516374612050642,0.4862045394896714;4.312449040471382,9.900114663805454,0.8882562845551485;0.6794491868940552,9.23994368862653,0.2431473573377341;17.386995268777646,18.78353211061407,0.9920648701342627"
2,drone_2,10.920,15.119,7.806,5.403,"14.145079426228822,14.135285643003368,0.36465074522886504;2.440226870056917,4.933819650250329,1.1897814698375528;1.3066818871107722,17.589369001861286,0.9125121680327651;2.357678421611219,12.84984572684092,0.8379462386470249;16.982338471480936,14.4574540115461,0.7795617732176426;16.6561314066347,16.403439279548287,1.2836920917924646;5.398747996641409,15.000606954740654,0.2759122247568536;15.264278401717403,10.29919208231439,0.2316821241488554;10.911255852773824,12.32733772574333,0.7238978160411744;4.280084679595954,13.678702869526163,2.3024030597113416;17.479092617537404,11.080351461505307,1.1103263964905046;8.540140392127444,12.019562633396255,1.1337858747342713;11.741065877053364,13.225358942033967,0.46373120111325383;0.2566576950879157,15.438502156368578,0.25017761057893567;11.535138329870394,12.517501080138413,0.3023805730750141;2.2442554789509175,13.944225925149922,0.4764987910136303;2.829071724616509,6.815252500373287,1.116842398565673;12.89348341244764,4.462689100248536,2.456780207842593;2.792309268830196,1.9482063215231027,1.5239511084219592;18.63000485495394,9.516374612050642,0.4862045394896714;4.312449040471382,9.900114663805454,0.8882562845551485;0.6794491868940552,9.23994368862653,0.2431473573377341;17.386995268777646,18.78353211061407,0.9920648701342627"
2,drone_3,17.401,12.784,7.806,5.403,"14.145079426228822,14.135285643003368,0.36465074522886504;2.440226870056917,4.933819650250329,1.1897814698375528;1.3066818871107722,17.589369001861286,0.9125121680327651;2.357678421611219,12.84984572684092,0.8379462386470249;16.982338471480936,14.4574540115461,0.7795617732176426;16.6561314066347,16.403439279548287,1.2836920917924646;5.398747996641409,15.000606954740654,0.2759122247568536;15.264278401717403,10.29919208231439,0.2316821241488554;10.911255852773824,12.32733772574333,0.7238978160411744;4.280084679595954,13.678702869526163,2.3024030597113416;17.479092617537404,11.080351461505307,1.1103263964905046;8.540140392127444,12.019562633396255,1.1337858747342713;11.741065877053364,13.225358942033967,0.46373120111325383;0.2566576950879157,15.438502156368578,0.25017761057893567;11.535138329870394,12.517501080138413,0.3023805730750141;2.2442554789509175,13.944225925149922,0.4764987910136303;2.829071724616509,6.815252500373287,1.116842398565673;12.89348341244764,4.462689100248536,2.456780207842593;2.792309268830196,1.9482063215231027,1.5239511084219592;18.63000485495394,9.516374612050642,0.4862045394896714;4.312449040471382,9.900114663805454,0.8882562845551485;0.6794491868940552,9.23994368862653,0.2431473573377341;17.386995268777646,18.78353211061407,0.9920648701342627"
2,drone_4,18.637,2.226,7.806,5.403,"14.145079426228822,14.135285643003368,0.36465074522886504;2.440226870056917,4.933819650250329,1.1897814698375528;1.3066818871107722,17.589369001861286,0.9125121680327651;2.357678421611219,12.84984572684092,0.8379462386470249;16.982338471480936,14.4574540115461,0.7795617732176426;16.6561314066347,16.403439279548287,1.2836920917924646;5.398747996641409,15.000606954740654,0.2759122247568536;15.264278401717403,10.29919208231439,0.2316821241488554;10.911255852773824,12.32733772574333,0.7238978160411744;4.280084679595954,13.678702869526163,2.3024030597113416;17.479092617537404,11.080351461505307,1.1103263964905046;8.540140392127444,12.019562633396255,1.1337858747342713;11.741065877053364,13.225358942033967,0.46373120111325383;0.2566576950879157,15.438502156368578,0.25017761057893567;11.535138329870394,12.517501080138413,0.3023805730750141;2.2442554789509175,13.944225925149922,0.4764987910136303;2.829071724616509,6.815252500373287,1.116842398565673;12.89348341244764,4.462689100248536,2.456780207842593;2.792309268830196,1.9482063215231027,1.5239511084219592;18.63000485495394,9.516374612050642,0.4862045394896714;4.312449040471382,9.900114663805454,0.8882562845551485;0.6794491868940552,9.23994368862653,0.2431473573377341;17.386995268777646,18.78353211061407,0.9920648701342627"
2,drone_5,8.340,9.562,7.806,5.403,"14.145079426228822,14.135285643003368,0.36465074522886504;2.440226870056917,4.933819650250329,1.1897814698375528;1.3066818871107722,17.589369001861286,0.9125121680327651;2.357678421611219,12.84984572684092,0.8379462386470249;16.982338471480936,14.4574540115461,0.7795617732176426;16.6561314066347,16.403439279548287,1.2836920917924646;5.398747996641409,15.000606954740654,0.2759122247568536;15.264278401717403,10.29919208231439,0.2316821241488554;10.911255852773824,12.32733772574333,0.7238978160411744;4.280084679595954,13.678702869526163,2.3024030597113416;17.479092617537404,11.080351461505307,1.1103263964905046;8.540140392127444,12.019562633396255,1.1337858747342713;11.741065877053364,13.225358942033967,0.46373120111325383;0.2566576950879157,15.438502156368578,0.25017761057893567;11.535138329870394,12.517501080138413,0.3023805730750141;2.2442554789509175,13.944225925149922,0.4764987910136303;2.829071724616509,6.815252500373287,1.116842398565673;12.89348341244764,4.462689100248536,2.456780207842593;2.792309268830196,1.9482063215231027,1.5239511084219592;18.63000485495394,9.516374612050642,0.4862045394896714;4.312449040471382,9.900114663805454,0.8882562845551485;0.6794491868940552,9.23994368862653,0.2431473573377341;17.386995268777646,18.78353211061407,0.9920648701342627"
2,drone_6,10.234,7.108,7.806,5.403,"14.145079426228822,14.135285643003368,0.36465074522886504;2.440226870056917,4.933819650250329,1.1897814698375528;1.3066818871107722,17.589369001861286,0.9125121680327651;2.357678421611219,12.84984572684092,0.8379462386470249;16.982338471480936,14.4574540115461,0.7795617732176426;16.6561314066347,16.403439279548287,1.2836920917924646;5.398747996641409,15.000606954740654,0.2759122247568536;15.264278401717403,10.29919208231439,0.2316821241488554;10.911255852773824,12.32733772574333,0.7238978160411744;4.280084679595954,13.678702869526163,2.3024030597113416;17.479092617537404,11.080351461505307,1.1103263964905046;8.540140392127444,12.019562633396255,1.1337858747342713;11.741065877053364,13.225358942033967,0.46373120111325383;0.2566576950879157,15.438502156368578,0.25017761057893567;11.535138329870394,12.517501080138413,0.3023805730750141;2.2442554789509175,13.944225925149922,0.4764987910136303;2.829071724616509,6.815252500373287,1.116842398565673;12.89348341244764,4.462689100248536,2.456780207842593;2.792309268830196,1.9482063215231027,1.5239511084219592;18.63000485495394,9.516374612050642,0.4862045394896714;4.312449040471382,9.900114663805454,0.8882562845551485;0.6794491868940552,9.23994368862653,0.2431473573377341;17.386995268777646,18.78353211061407,0.9920648701342627"
2,drone_7,13.992,16.163,7.806,5.403,"14.145079426228822,14.135285643003368,0.36465074522886504;2.440226870056917,4.933819650250329,1.1897814698375528;1.3066818871107722,17.589369001861286,0.9125121680327651;2.357678421611219,12.84984572684092,0.8379462386470249;16.982338471480936,14.4574540115461,0.7795617732176426;16.6561314066347,16.403439279548287,1.2836920917924646;5.398747996641409,15.000606954740654,0.2759122247568536;15.264278401717403,10.29919208231439,0.2316821241488554;10.911255852773824,12.32733772574333,0.7238978160411744;4.280084679595954,13.678702869526163,2.3024030597113416;17.479092617537404,11.080351461505307,1.1103263964905046;8.540140392127444,12.019562633396255,1.1337858747342713;11.741065877053364,13.225358942033967,0.46373120111325383;0.2566576950879157,15.438502156368578,0.25017761057893567;11.535138329870394,12.517501080138413,0.3023805730750141;2.2442554789509175,13.944225925149922,0.4764987910136303;2.829071724616509,6.815252500373287,1.116842398565673;12.89348341244764,4.462689100248536,2.456780207842593;2.792309268830196,1.9482063215231027,1.5239511084219592;18.63000485495394,9.516374612050642,0.4862045394896714;4.312449040471382,9.900114663805454,0.8882562845551485;0.6794491868940552,9.23994368862653,0.2431473573377341;17.386995268777646,18.78353211061407,0.9920648701342627"
2,drone_8,5.682,6.992,7.806,5.403,"14.145079426228822,14.135285643003368,0.36465074522886504;2.440226870056917,4.933819650250329,1.1897814698375528;1.3066818871107722,17.589369001861286,0.9125121680327651;2.357678421611219,12.84984572684092,0.8379462386470249;16.982338471480936,14.4574540115461,0.7795617732176426;16.6561314066347,16.403439279548287,1.2836920917924646;5.398747996641409,15.000606954740654,0.2759122247568536;15.264278401717403,10.29919208231439,0.2316821241488554;10.911255852773824,12.32733772574333,0.7238978160411744;4.280084679595954,13.678702869526163,2.3024030597113416;17.479092617537404,11.080351461505307,1.1103263964905046;8.540140392127444,12.019562633396255,1.1337858747342713;11.741065877053364,13.225358942033967,0.46373120111325383;0.2566576950879157,15.438502156368578,0.25017761057893567;11.535138329870394,12.517501080138413,0.3023805730750141;2.2442554789509175,13.944225925149922,0.4764987910136303;2.829071724616509,6.815252500373287,1.116842398565673;12.89348341244764,4.462689100248536,2.456780207842593;2.792309268830196,1.9482063215231027,1.5239511084219592;18.63000485495394,9.516374612050642,0.4862045394896714;4.312449040471382,9.900114663805454,0.8882562845551485;0.6794491868940552,9.23994368862653,0.2431473573377341;17.386995268777646,18.78353211061407,0.9920648701342627"
2,drone_9,0.882,5.464,7.806,5.403,"14.145079426228822,14.135285643003368,0.36465074522886504;2.440226870056917,4.933819650250329,1.1897814698375528;1.3066818871107722,17.589369001861286,0.9125121680327651;2.357678421611219,12.84984572684092,0.8379462386470249;16.982338471480936,14.4574540115461,0.7795617732176426;16.6561314066347,16.403439279548287,1.2836920917924646;5.398747996641409,15.000606954740654,0.2759122247568536;15.264278401717403,10.29919208231439,0.2316821241488554;10.911255852773824,12.32733772574333,0.7238978160411744;4.280084679595954,13.678702869526163,2.3024030597113416;17.479092617537404,11.080351461505307,1.1103263964905046;8.540140392127444,12.019562633396255,1.1337858747342713;11.741065877053364,13.225358942033967,0.46373120111325383;0.2566576950879157,15.438502156368578,0.25017761057893567;11.535138329870394,12.517501080138413,0.3023805730750141;2.2442554789509175,13.944225925149922,0.4764987910136303;2.829071724616509,6.815252500373287,1.116842398565673;12.89348341244764,4.462689100248536,2.456780207842593;2.792309268830196,1.9482063215231027,1.5239511084219592;18.63000485495394,9.516374612050642,0.4862045394896714;4.312449040471382,9.900114663805454,0.8882562845551485;0.6794491868940552,9.23994368862653,0.2431473573377341;17.386995268777646,18.78353211061407,0.9920648701342627"
3,drone_0,0.944,14.010,7.806,5.403,"14.145079426228822,14.135285643003368,0.36465074522886504;2.440226870056917,4.933819650250329,1.1897814698375528;1.3066818871107722,17.589369001861286,0.9125121680327651;2.357678421611219,12.84984572684092,0.8379462386470249;16.982338471480936,14.4574540115461,0.7795617732176426;16.6561314066347,16.403439279548287,1.2836920917924646;5.398747996641409,15.000606954740654,0.2759122247568536;15.264278401717403,10.29919208231439,0.2316821241488554;10.911255852773824,12.32733772574333,0.7238978160411744;4.280084679595954,13.678702869526163,2.3024030597113416;17.479092617537404,11.080351461505307,1.1103263964905046;8.540140392127444,12.019562633396255,1.1337858747342713;11.741065877053364,13.225358942033967,0.46373120111325383;0.2566576950879157,15.438502156368578,0.25017761057893567;11.535138329870394,12.517501080138413,0.3023805730750141;2.2442554789509175,13.944225925149922,0.4764987910136303;2.829071724616509,6.815252500373287,1.116842398565673;12.89348341244764,4.462689100248536,2.456780207842593;2.792309268830196,1.9482063215231027,1.5239511084219592;18.63000485495394,9.516374612050642,0.4862045394896714;4.312449040471382,9.900114663805454,0.8882562845551485;0.6794491868940552,9.23994368862653,0.2431473573377341;17.386995268777646,18.78353211061407,0.9920648701342627"
3,drone_1,15.575,14.376,7.806,5.403,"14.145079426228822,14.135285643003368,0.36465074522886504;2.440226870056917,4.933819650250329,1.1897814698375528;1.3066818871107722,17.589369001861286,0.9125121680327651;2.357678421611219,12.84984572684092,0.8379462386470249;16.982338471480936,14.4574540115461,0.7795617732176426;16.6561314066347,16.403439279548287,1.2836920917924646;5.398747996641409,15.000606954740654,0.2759122247568536;15.264278401717403,10.29919208231439,0.2316821241488554;10.911255852773824,12.32733772574333,0.7238978160411744;4.280084679595954,13.678702869526163,2.3024030597113416;17.479092617537404,11.080351461505307,1.1103263964905046;8.540140392127444,12.019562633396255,1.1337858747342713;11.741065877053364,13.225358942033967,0.46373120111325383;0.2566576950879157,15.438502156368578,0.25017761057893567;11.535138329870394,12.517501080138413,0.3023805730750141;2.2442554789509175,13.944225925149922,0.4764987910136303;2.829071724616509,6.815252500373287,1.116842398565673;12.89348341244764,4.462689100248536,2.456780207842593;2.792309268830196,1.9482063215231027,1.5239511084219592;18.63000485495394,9.516374612050642,0.4862045394896714;4.312449040471382,9.900114663805454,0.8882562845551485;0.6794491868940552,9.23994368862653,0.2431473573377341;17.386995268777646,18.78353211061407,0.9920648701342627"
3,drone_2,10.830,14.940,7.806,5.403,"14.145079426228822,14.135285643003368,0.36465074522886504;2.440226870056917,4.933819650250329,1.1897814698375528;1.3066818871107722,17.589369001861286,0.9125121680327651;2.357678421611219,12.84984572684092,0.8379462386470249;16.982338471480936,14.4574540115461,0.7795617732176426;16.6561314066347,16.403439279548287,1.2836920917924646;5.398747996641409,15.000606954740654,0.2759122247568536;15.264278401717403,10.29919208231439,0.2316821241488554;10.911255852773824,12.32733772574333,0.7238978160411744;4.280084679595954,13.678702869526163,2.3024030597113416;17.479092617537404,11.080351461505307,1.1103263964905046;8.540140392127444,12.019562633396255,1.1337858747342713;11.741065877053364,13.225358942033967,0.46373120111325383;0.2566576950879157,15.438502156368578,0.25017761057893567;11.535138329870394,12.517501080138413,0.3023805730750141;2.2442554789509175,13.944225925149922,0.4764987910136303;2.829071724616509,6.815252500373287,1.116842398565673;12.89348341244764,4.462689100248536,2.456780207842593;2.792309268830196,1.9482063215231027,1.5239511084219592;18.63000485495394,9.516374612050642,0.4862045394896714;4.312449040471382,9.900114663805454,0.8882562845551485;0.6794491868940552,9.23994368862653,0.2431473573377341;17.386995268777646,18.78353211061407,0.9920648701342627"
3,drone_3,17.211,12.720,7.806,5.403,"14.145079426228822,14.135285643003368,0.36465074522886504;2.440226870056917,4.933819650250329,1.1897814698375528;1.3066818871107722,17.589369001861286,0.9125121680327651;2.357678421611219,12.84984572684092,0.8379462386470249;16.982338471480936,14.4574540115461,0.7795617732176426;16.6561314066347,16.403439279548287,1.2836920917924646;5.398747996641409,15.000606954740654,0.2759122247568536;15.264278401717403,10.29919208231439,0.2316821241488554;10.911255852773824,12.32733772574333,0.7238978160411744;4.280084679595954,13.678702869526163,2.3024030597113416;17.479092617537404,11.080351461505307,1.1103263964905046;8.540140392127444,12.019562633396255,1.1337858747342713;11.741065877053364,13.225358942033967,0.46373120111325383;0.2566576950879157,15.438502156368578,0.25017761057893567;11.535138329870394,12.517501080138413,0.3023805730750141;2.2442554789509175,13.944225925149922,0.4764987910136303;2.829071724616509,6.815252500373287,1.116842398565673;12.89348341244764,4.462689100248536,2.456780207842593;2.792309268830196,1.9482063215231027,1.5239511084219592;18.63000485495394,9.516374612050642,0.4862045394896714;4.312449040471382,9.900114663805454,0.8882562845551485;0.6794491868940552,9.23994368862653,0.2431473573377341;17.386995268777646,18.78353211061407,0.9920648701342627"
3,drone_4,18.444,2.279,7.806,5.403,"14.145079426228822,14.135285643003368,0.36465074522886504;2.440226870056917,4.933819650250329,1.1897814698375528;1.3066818871107722,17.589369001861286,0.9125121680327651;2.357678421611219,12.84984572684092,0.8379462386470249;16.982338471480936,14.4574540115461,0.7795617732176426;16.6561314066347,16.403439279548287,1.2836920917924646;5.398747996641409,15.000606954740654,0.2759122247568536;15.264278401717403,10.29919208231439,0.2316821241488554;10.911255852773824,12.32733772574333,0.7238978160411744;4.280084679595954,13.678702869526163,2.3024030597113416;17.479092617537404,11.080351461505307,1.1103263964905046;8.540140392127444,12.019562633396255,1.1337858747342713;11.741065877053364,13.225358942033967,0.46373120111325383;0.2566576950879157,15.438502156368578,0.25017761057893567;11.535138329870394,12.517501080138413,0.3023805730750141;2.2442554789509175,13.944225925149922,0.4764987910136303;2.829071724616509,6.815252500373287,1.116842398565673;12.89348341244764,4.462689100248536,2.456780207842593;2.792309268830196,1.9482063215231027,1.5239511084219592;18.63000485495394,9.516374612050642,0.4862045394896714;4.312449040471382,9.900114663805454,0.8882562845551485;0.6794491868940552,9.23994368862653,0.2431473573377341;17.386995268777646,18.78353211061407,0.9920648701342627"
3,drone_5,8.337,9.362,7.806,5.403,"14.145079426228822,14.135285643003368,0.36465074522886504;2.440226870056917,4.933819650250329,1.1897814698375528;1.3066818871107722,17.589369001861286,0.9125121680327651;2.357678421611219,12.84984572684092,0.8379462386470249;16.982338471480936,14.4574540115461,0.7795617732176426;16.6561314066347,16.403439279548287,1.2836920917924646;5.398747996641409,15.000606954740654,0.2759122247568536;15.264278401717403,10.29919208231439,0.2316821241488554;10.911255852773824,12.32733772574333,0.7238978160411744;4.280084679595954,13.678702869526163,2.3024030597113416;17.479092617537404,11.080351461505307,1.1103263964905046;8.540140392127444,12.019562633396255,1.1337858747342713;11.741065877053364,13.225358942033967,0.46373120111325383;0.2566576950879157,15.438502156368578,0.25017761057893567;11.535138329870394,12.517501080138413,0.3023805730750141;2.2442554789509175,13.944225925149922,0.4764987910136303;2.829071724616509,6.815252500373287,1.116842398565673;12.89348341244764,4.462689100248536,2.456780207842593;2.792309268830196,1.9482063215231027,1.5239511084219592;18.63000485495394,9.516374612050642,0.4862045394896714;4.312449040471382,9.900114663805454,0.8882562845551485;0.6794491868940552,9.23994368862653,0.2431473573377341;17.386995268777646,18.78353211061407,0.9920648701342627"
3,drone_6,10.058,7.012,7.806,5.403,"14.145079426228822,14.135285643003368,0.36465074522886504;2.440226870056917,4.933819650250329,1.1897814698375528;1.3066818871107722,17.589369001861286,0.9125121680327651;2.357678421611219,12.84984572684092,0.8379462386470249;16.982338471480936,14.4574540115461,0.7795617732176426;16.6561314066347,16.403439279548287,1.2836920917924646;5.398747996641409,15.000606954740654,0.2759122247568536;15.264278401717403,10.29919208231439,0.2316821241488554;10.911255852773824,12.32733772574333,0.7238978160411744;4.280084679595954,13.678702869526163,2.3024030597113416;17.479092617537404,11.080351461505307,1.1103263964905046;8.540140392127444,12.019562633396255,1.1337858747342713;11.741065877053364,13.225358942033967,0.46373120111325383;0.2566576950879157,15.438502156368578,0.25017761057893567;11.535138329870394,12.517501080138413,0.3023805730750141;2.2442554789509175,13.944225925149922,0.4764987910136303;2.829071724616509,6.815252500373287,1.116842398565673;12.89348341244764,4.462689100248536,2.456780207842593;2.792309268830196,1.9482063215231027,1.5239511084219592;18.63000485495394,9.516374612050642,0.4862045394896714;4.312449040471382,9.900114663805454,0.8882562845551485;0.6794491868940552,9.23994368862653,0.2431473573377341;17.386995268777646,18.78353211061407,0.9920648701342627"
3,drone_7,13.851,16.022,7.806,5.403,"14.145079426228822,14.135285643003368,0.36465074522886504;2.440226870056917,4.933819650250329,1.1897814698375528;1.3066818871107722,17.589369001861286,0.9125121680327651;2.357678421611219,12.84984572684092,0.8379462386470249;16.982338471480936,14.4574540115461,0.7795617732176426;16.6561314066347,16.403439279548287,1.2836920917924646;5.398747996641409,15.000606954740654,0.2759122247568536;15.264278401717403,10.29919208231439,0.2316821241488554;10.911255852773824,12.32733772574333,0.7238978160411744;4.280084679595954,13.678702869526163,2.3024030597113416;17.479092617537404,11.080351461505307,1.1103263964905046;8.540140392127444,12.019562633396255,1.1337858747342713;11.741065877053364,13.225358942033967,0.46373120111325383;0.2566576950879157,15.438502156368578,0.25017761057893567;11.535138329870394,12.517501080138413,0.3023805730750141;2.2442554789509175,13.944225925149922,0.4764987910136303;2.829071724616509,6.815252500373287,1.116842398565673;12.89348341244764,4.462689100248536,2.456780207842593;2.792309268830196,1.9482063215231027,1.5239511084219592;18.63000485495394,9.516374612050642,0.4862045394896714;4.312449040471382,9.900114663805454,0.8882562845551485;0.6794491868940552,9.23994368862653,0.2431473573377341;17.386995268777646,18.78353211061407,0.9920648701342627"
3,drone_8,5.852,6.887,7.806,5.403,"14.145079426228822,14.135285643003368,0.36465074522886504;2.440226870056917,4.933819650250329,1.1897814698375528;1.3066818871107722,17.589369001861286,0.9125121680327651;2.357678421611219,12.84984572684092,0.8379462386470249;16.982338471480936,14.4574540115461,0.7795617732176426;16.6561314066347,16.403439279548287,1.2836920917924646;5.398747996641409,15.000606954740654,0.2759122247568536;15.264278401717403,10.29919208231439,0.2316821241488554;10.911255852773824,12.32733772574333,0.7238978160411744;4.280084679595954,13.678702869526163,2.3024030597113416;17.479092617537404,11.080351461505307,1.1103263964905046;8.540140392127444,12.019562633396255,1.1337858747342713;11.741065877053364,13.225358942033967,0.46373120111325383;0.2566576950879157,15.438502156368578,0.25017761057893567;11.535138329870394,12.517501080138413,0.3023805730750141;2.2442554789509175,13.944225925149922,0.4764987910136303;2.829071724616509,6.815252500373287,1.116842398565673;12.89348341244764,4.462689100248536,2.456780207842593;2.792309268830196,1.9482063215231027,1.5239511084219592;18.63000485495394,9.516374612050642,0.4862045394896714;4.312449040471382,9.900114663805454,0.8882562845551485;0.6794491868940552,9.23994368862653,0.2431473573377341;17.386995268777646,18.78353211061407,0.9920648701342627"
3,drone_9,0.848,5.661,7.806,5.403,"14.145079426228822,14.135285643003368,0.36465074522886504;2.440226870056917,4.933819650250329,1.1897814698375528;1.3066818871107722,17.589369001861286,0.9125121680327651;2.357678421611219,12.84984572684092,0.8379462386470249;16.982338471480936,14.4574540115461,0.7795617732176426;16.6561314066347,16.403439279548287,1.2836920917924646;5.398747996641409,15.000606954740654,0.2759122247568536;15.264278401717403,10.29919208231439,0.2316821241488554;10.911255852773824,12.32733772574333,0.7238978160411744;4.280084679595954,13.678702869526163,2.3024030597113416;17.479092617537404,11.080351461505307,1.1103263964905046;8.540140392127444,12.019562633396255,1.1337858747342713;11.741065877053364,13.225358942033967,0.46373120111325383;0.2566576950879157,15.438502156368578,0.25017761057893567;11.535138329870394,12.517501080138413,0.3023805730750141;2.2442554789509175,13.944225925149922,0.4764987910136303;2.829071724616509,6.815252500373287,1.116842398565673;12.89348341244764,4.462689100248536,2.456780207842593;2.792309268830196,1.9482063215231027,1.5239511084219592;18.63000485495394,9.516374612050642,0.4862045394896714;4.312449040471382,9.900114663805454,0.8882562845551485;0.6794491868940552,9.23994368862653,0.2431473573377341;17.386995268777646,18.78353211061407,0.9920648701342627"
4,drone_0,0.909,13.813,7.806,5.403,"14.145079426228822,14.135285643003368,0.36465074522886504;2.440226870056917,4.933819650250329,1.1897814698375528;1.3066818871107722,17.589369001861286,0.9125121680327651;2.357678421611219,12.84984572684092,0.8379462386470249;16.982338471480936,14.4574540115461,0.7795617732176426;16.6561314066347,16.403439279548287,1.2836920917924646;5.398747996641409,15.000606954740654,0.2759122247568536;15.264278401717403,10.29919208231439,0.2316821241488554;10.911255852773824,12.32733772574333,0.7238978160411744;4.280084679595954,13.678702869526163,2.3024030597113416;17.479092617537404,11.080351461505307,1.1103263964905046;8.540140392127444,12.019562633396255,1.1337858747342713;11.741065877053364,13.225358942033967,0.46373120111325383;0.2566576950879157,15.438502156368578,0.25017761057893567;11.535138329870394,12.517501080138413,0.3023805730750141;2.2442554789509175,13.944225925149922,0.4764987910136303;2.829071724616509,6.815252500373287,1.116842398565673;12.89348341244764,4.462689100248536,2.456780207842593;2.792309268830196,1.9482063215231027,1.5239511084219592;18.63000485495394,9.516374612050642,0.4862045394896714;4.312449040471382,9.900114663805454,0.8882562845551485;0.6794491868940552,9.23994368862653,0.2431473573377341;17.386995268777646,18.78353211061407,0.9920648701342627"
4,drone_1,15.433,14.234,7.806,5.403,"14.145079426228822,14.135285643003368,0.36465074522886504;2.440226870056917,4.933819650250329,1.1897814698375528;1.3066818871107722,17.589369001861286,0.9125121680327651;2.357678421611219,12.84984572684092,0.8379462386470249;16.982338471480936,14.4574540115461,0.7795617732176426;16.6561314066347,16.403439279548287,1.2836920917924646;5.398747996641409,15.000606954740654,0.2759122247568536;15.264278401717403,10.29919208231439,0.2316821241488554;10.911255852773824,12.32733772574333,0.7238978160411744;4.280084679595954,13.678702869526163,2.3024030597113416;17.479092617537404,11.080351461505307,1.1103263964905046;8.540140392127444,12.019562633396255,1.1337858747342713;11.741065877053364,13.225358942033967,0.46373120111325383;0.2566576950879157,15.438502156368578,0.25017761057893567;11.535138329870394,12.517501080138413,0.3023805730750141;2.2442554789509175,13.944225925149922,0.4764987910136303;2.829071724616509,6.815252500373287,1.116842398565673;12.89348341244764,4.462689100248536,2.456780207842593;2.792309268830196,1.9482063215231027,1.5239511084219592;18.63000485495394,9.516374612050642,0.4862045394896714;4.312449040471382,9.900114663805454,0.8882562845551485;0.6794491868940552,9.23994368862653,0.2431473573377341;17.386995268777646,18.78353211061407,0.9920648701342627"
4,drone_2,10.723,14.771,7.806,5.403,"14.145079426228822,14.135285643003368,0.36465074522886504;2.440226870056917,4.933819650250329,1.1897814698375528;1.3066818871107722,17.589369001861286,0.9125121680327651;2.357678421611219,12.84984572684092,0.8379462386470249;16.982338471480936,14.4574540115461,0.7795617732176426;16.6561314066347,16.403439279548287,1.2836920917924646;5.398747996641409,15.000606954740654,0.2759122247568536;15.264278401717403,10.29919208231439,0.2316821241488554;10.911255852773824,12.32733772574333,0.7238978160411744;4.280084679595954,13.678702869526163,2.3024030597113416;17.479092617537404,11.080351461505307,1.1103263964905046;8.540140392127444,12.019562633396255,1.1337858747342713;11.741065877053364,13.225358942033967,0.46373120111325383;0.2566576950879157,15.438502156368578,0.25017761057893567;11.535138329870394,12.517501080138413,0.3023805730750141;2.2442554789509175,13.944225925149922,0.4764987910136303;2.829071724616509,6.815252500373287,1.116842398565673;12.89348341244764,4.462689100248536,2.456780207842593;2.792309268830196,1.9482063215231027,1.5239511084219592;18.63000485495394,9.516374612050642,0.4862045394896714;4.312449040471382,9.900114663805454,0.8882562845551485;0.6794491868940552,9.23994368862653,0.2431473573377341;17.386995268777646,18.78353211061407,0.9920648701342627"
4,drone_3,17.013,12.695,7.806,5.403,"14.145079426228822,14.135285643003368,0.36465074522886504;2.440226870056917,4.933819650250329,1.1897814698375528;1.3066818871107722,17.589369001861286,0.9125121680327651;2.357678421611219,12.84984572684092,0.8379462386470249;16.982338471480936,14.4574540115461,0.7795617732176426;16.6561314066347,16.403439279548287,1.2836920917924646;5.398747996641409,15.000606954740654,0.2759122247568536;15.264278401717403,10.29919208231439,0.2316821241488554;10.911255852773824,12.32733772574333,0.7238978160411744;4.280084679595954,13.678702869526163,2.3024030597113416;17.479092617537404,11.080351461505307,1.1103263964905046;8.540140392127444,12.019562633396255,1.1337858747342713;11.741065877053364,13.225358942033967,0.46373120111325383;0.2566576950879157,15.438502156368578,0.25017761057893567;11.535138329870394,12.517501080138413,0.3023805730750141;2.2442554789509175,13.944225925149922,0.4764987910136303;2.829071724616509,6.815252500373287,1.116842398565673;12.89348341244764,4.462689100248536,2.456780207842593;2.792309268830196,1.9482063215231027,1.5239511084219592;18.63000485495394,9.516374612050642,0.4862045394896714;4.312449040471382,9.900114663805454,0.8882562845551485;0.6794491868940552,9.23994368862653,0.2431473573377341;17.386995268777646,18.78353211061407,0.9920648701342627"
4,drone_4,18.261,2.361,7.806,5.403,"14.145079426228822,14.135285643003368,0.36465074522886504;2.440226870056917,4.933819650250329,1.1897814698375528;1.3066818871107722,17.589369001861286,0.9125121680327651;2.357678421611219,12.84984572684092,0.8379462386470249;16.982338471480936,14.4574540115461,0.7795617732176426;16.6561314066347,16.403439279548287,1.2836920917924646;5.398747996641409,15.000606954740654,0.2759122247568536;15.264278401717403,10.29919208231439,0.2316821241488554;10.911255852773824,12.32733772574333,0.7238978160411744;4.280084679595954,13.678702869526163,2.3024030597113416;17.479092617537404,11.080351461505307,1.1103263964905046;8.540140392127444,12.019562633396255,1.1337858747342713;11.741065877053364,13.225358942033967,0.46373120111325383;0.2566576950879157,15.438502156368578,0.25017761057893567;11.535138329870394,12.517501080138413,0.3023805730750141;2.2442554789509175,13.944225925149922,0.4764987910136303;2.829071724616509,6.815252500373287,1.116842398565673;12.89348341244764,4.462689100248536,2.456780207842593;2.792309268830196,1.9482063215231027,1.5239511084219592;18.63000485495394,9.516374612050642,0.4862045394896714;4.312449040471382,9.900114663805454,0.8882562845551485;0.6794491868940552,9.23994368862653,0.2431473573377341;17.386995268777646,18.78353211061407,0.9920648701342627"
4,drone_5,8.268,9.174,7.806,5.403,"14.145079426228822,14.135285643003368,0.36465074522886504;2.440226870056917,4.933819650250329,1.1897814698375528;1.3066818871107722,17.589369001861286,0.9125121680327651;2.357678421611219,12.84984572684092,0.8379462386470249;16.982338471480936,14.4574540115461,0.7795617732176426;16.6561314066347,16.403439279548287,1.2836920917924646;5.398747996641409,15.000606954740654,0.2759122247568536;15.264278401717403,10.29919208231439,0.2316821241488554;10.911255852773824,12.32733772574333,0.7238978160411744;4.280084679595954,13.678702869526163,2.3024030597113416;17.479092617537404,11.080351461505307,1.1103263964905046;8.540140392127444,12.019562633396255,1.1337858747342713;11.741065877053364,13.225358942033967,0.46373120111325383;0.2566576950879157,15.438502156368578,0.25017761057893567;11.535138329870394,12.517501080138413,0.3023805730750141;2.2442554789509175,13.944225925149922,0.4764987910136303;2.829071724616509,6.815252500373287,1.116842398565673;12.89348341244764,4.462689100248536,2.456780207842593;2.792309268830196,1.9482063215231027,1.5239511084219592;18.63000485495394,9.516374612050642,0.4862045394896714;4.312449040471382,9.900114663805454,0.8882562845551485;0.6794491868940552,9.23994368862653,0.2431473573377341;17.386995268777646,18.78353211061407,0.9920648701342627"
4,drone_6,9.895,6.896,7.806,5.403,"14.145079426228822,14.135285643003368,0.36465074522886504;2.440226870056917,4.933819650250329,1.1897814698375528;1.3066818871107722,17.589369001861286,0.9125121680327651;2.357678421611219,12.84984572684092,0.8379462386470249;16.982338471480936,14.4574540115461,0.7795617732176426;16.6561314066347,16.403439279548287,1.2836920917924646;5.398747996641409,15.000606954740654,0.2759122247568536;15.264278401717403,10.29919208231439,0.2316821241488554;10.911255852773824,12.32733772574333,0.7238978160411744;4.280084679595954,13.678702869526163,2.3024030597113416;17.479092617537404,11.080351461505307,1.1103263964905046;8.540140392127444,12.019562633396255,1.1337858747342713;11.741065877053364,13.225358942033967,0.46373120111325383;0.2566576950879157,15.438502156368578,0.25017761057893567;11.535138329870394,12.517501080138413,0.3023805730750141;2.2442554789509175,13.944225925149922,0.4764987910136303;2.829071724616509,6.815252500373287,1.116842398565673;12.89348341244764,4.462689100248536,2.456780207842593;2.792309268830196,1.9482063215231027,1.5239511084219592;18.63000485495394,9.516374612050642,0.4862045394896714;4.312449040471382,9.900114663805454,0.8882562845551485;0.6794491868940552,9.23994368862653,0.2431473573377341;17.386995268777646,18.78353211061407,0.9920648701342627"
4,drone_7,13.709,15.881,7.806,5.403,"14.145079426228822,14.135285643003368,0.36465074522886504;2.440226870056917,4.933819650250329,1.1897814698375528;1.3066818871107722,17.589369001861286,0.9125121680327651;2.357678421611219,12.84984572684092,0.8379462386470249;16.982338471480936,14.4574540115461,0.7795617732176426;16.6561314066347,16.403439279548287,1.2836920917924646;5.398747996641409,15.000606954740654,0.2759122247568536;15.264278401717403,10.29919208231439,0.2316821241488554;10.911255852773824,12.32733772574333,0.7238978160411744;4.280084679595954,13.678702869526163,2.3024030597113416;17.479092617537404,11.080351461505307,1.1103263964905046;8.540140392127444,12.019562633396255,1.1337858747342713;11.741065877053364,13.225358942033967,0.46373120111325383;0.2566576950879157,15.438502156368578,0.25017761057893567;11.535138329870394,12.517501080138413,0.3023805730750141;2.2442554789509175,13.944225925149922,0.4764987910136303;2.829071724616509,6.815252500373287,1.116842398565673;12.89348341244764,4.462689100248536,2.456780207842593;2.792309268830196,1.9482063215231027,1.5239511084219592;18.63000485495394,9.516374612050642,0.4862045394896714;4.312449040471382,9.900114663805454,0.8882562845551485;0.6794491868940552,9.23994368862653,0.2431473573377341;17.386995268777646,18.78353211061407,0.9920648701342627"
4,drone_8,6.018,6.775,7.806,5.403,"14.145079426228822,14.135285643003368,0.36465074522886504;2.440226870056917,4.933819650250329,1.1897814698375528;1.3066818871107722,17.589369001861286,0.9125121680327651;2.357678421611219,12.84984572684092,0.8379462386470249;16.982338471480936,14.4574540115461,0.7795617732176426;16.6561314066347,16.403439279548287,1.2836920917924646;5.398747996641409,15.000606954740654,0.2759122247568536;15.264278401717403,10.29919208231439,0.2316821241488554;10.911255852773824,12.32733772574333,0.7238978160411744;4.280084679595954,13.678702869526163,2.3024030597113416;17.479092617537404,11.080351461505307,1.1103263964905046;8.540140392127444,12.019562633396255,1.1337858747342713;11.741065877053364,13.225358942033967,0.46373120111325383;0.2566576950879157,15.438502156368578,0.25017761057893567;11.535138329870394,12.517501080138413,0.3023805730750141;2.2442554789509175,13.944225925149922,0.4764987910136303;2.829071724616509,6.815252500373287,1.116842398565673;12.89348341244764,4.462689100248536,2.456780207842593;2.792309268830196,1.9482063215231027,1.5239511084219592;18.63000485495394,9.516374612050642,0.4862045394896714;4.312449040471382,9.900114663805454,0.8882562845551485;0.6794491868940552,9.23994368862653,0.2431473573377341;17.386995268777646,18.78353211061407,0.9920648701342627"
4,drone_9,0.891,5.856,7.806,5.403,"14.145079426228822,14.135285643003368,0.36465074522886504;2.440226870056917,4.933819650250329,1.1897814698375528;1.3066818871107722,17.589369001861286,0.9125121680327651;2.357678421611219,12.84984572684092,0.8379462386470249;16.982338471480936,14.4574540115461,0.7795617732176426;16.6561314066347,16.403439279548287,1.2836920917924646;5.398747996641409,15.000606954740654,0.2759122247568536;15.264278401717403,10.29919208231439,0.2316821241488554;10.911255852773824,12.32733772574333,0.7238978160411744;4.280084679595954,13.678702869526163,2.3024030597113416;17.479092617537404,11.080351461505307,1.1103263964905046;8.540140392127444,12.019562633396255,1.1337858747342713;11.741065877053364,13.225358942033967,0.46373120111325383;0.2566576950879157,15.438502156368578,0.25017761057893567;11.535138329870394,12.517501080138413,0.3023805730750141;2.2442554789509175,13.944225925149922,0.4764987910136303;2.829071724616509,6.815252500373287,1.116842398565673;12.89348341244764,4.462689100248536,2.456780207842593;2.792309268830196,1.9482063215231027,1.5239511084219592;18.63000485495394,9.516374612050642,0.4862045394896714;4.312449040471382,9.900114663805454,0.8882562845551485;0.6794491868940552,9.23994368862653,0.2431473573377341;17.386995268777646,18.78353211061407,0.9920648701342627"
5,drone_0,0.826,13.631,7.806,5.403,"14.145079426228822,14.135285643003368,0.36465074522886504;2.440226870056917,4.933819650250329,1.1897814698375528;1.3066818871107722,17.589369001861286,0.9125121680327651;2.357678421611219,12.84984572684092,0.8379462386470249;16.982338471480936,14.4574540115461,0.7795617732176426;16.6561314066347,16.403439279548287,1.2836920917924646;5.398747996641409,15.000606954740654,0.2759122247568536;15.264278401717403,10.29919208231439,0.2316821241488554;10.911255852773824,12.32733772574333,0.7238978160411744;4.280084679595954,13.678702869526163,2.3024030597113416;17.479092617537404,11.080351461505307,1.1103263964905046;8.540140392127444,12.019562633396255,1.1337858747342713;11.741065877053364,13.225358942033967,0.46373120111325383;0.2566576950879157,15.438502156368578,0.25017761057893567;11.535138329870394,12.517501080138413,0.3023805730750141;2.2442554789509175,13.944225925149922,0.4764987910136303;2.829071724616509,6.815252500373287,1.116842398565673;12.89348341244764,4.462689100248536,2.456780207842593;2.792309268830196,1.9482063215231027,1.5239511084219592;18.63000485495394,9.516374612050642,0.4862045394896714;4.312449040471382,9.900114663805454,0.8882562845551485;0.6794491868940552,9.23994368862653,0.2431473573377341;17.386995268777646,18.78353211061407,0.9920648701342627"
5,drone_1,15.292,14.093,7.806,5.403,"14.145079426228822,14.135285643003368,0.36465074522886504;2.440226870056917,4.933819650250329,1.1897814698375528;1.3066818871107722,17.589369001861286,0.9125121680327651;2.357678421611219,12.84984572684092,0.8379462386470249;16.982338471480936,14.4574540115461,0.7795617732176426;16.6561314066347,16.403439279548287,1.2836920917924646;5.398747996641409,15.000606954740654,0.2759122247568536;15.264278401717403,10.29919208231439,0.2316821241488554;10.911255852773824,12.32733772574333,0.7238978160411744;4.280084679595954,13.678702869526163,2.3024030597113416;17.479092617537404,11.080351461505307,1.1103263964905046;8.540140392127444,12.019562633396255,1.1337858747342713;11.741065877053364,13.225358942033967,0.46373120111325383;0.2566576950879157,15.438502156368578,0.25017761057893567;11.535138329870394,12.517501080138413,0.3023805730750141;2.2442554789509175,13.944225925149922,0.4764987910136303;2.829071724616509,6.815252500373287,1.116842398565673;12.89348341244764,4.462689100248536,2.456780207842593;2.792309268830196,1.9482063215231027,1.5239511084219592;18.63000485495394,9.516374612050642,0.4862045394896714;4.312449040471382,9.900114663805454,0.8882562845551485;0.6794491868940552,9.23994368862653,0.2431473573377341;17.386995268777646,18.78353211061407,0.9920648701342627"
5,drone_2,10.604,14.611,7.806,5.403,"14.145079426228822,14.135285643003368,0.36465074522886504;2.440226870056917,4.933819650250329,1.1897814698375528;1.3066818871107722,17.589369001861286,0.9125121680327651;2.357678421611219,12.84984572684092,0.8379462386470249;16.982338471480936,14.4574540115461,0.7795617732176426;16.6561314066347,16.403439279548287,1.2836920917924646;5.398747996641409,15.000606954740654,0.2759122247568536;15.264278401717403,10.29919208231439,0.2316821241488554;10.911255852773824,12.32733772574333,0.7238978160411744;4.280084679595954,13.678702869526163,2.3024030597113416;17.479092617537404,11.080351461505307,1.1103263964905046;8.540140392127444,12.019562633396255,1.1337858747342713;11.741065877053364,13.225358942033967,0.46373120111325383;0.2566576950879157,15.438502156368578,0.25017761057893567;11.535138329870394,12.517501080138413,0.3023805730750141;2.2442554789509175,13.944225925149922,0.4764987910136303;2.829071724616509,6.815252500373287,1.116842398565673;12.89348341244764,4.462689100248536,2.456780207842593;2.792309268830196,1.9482063215231027,1.5239511084219592;18.63000485495394,9.516374612050642,0.4862045394896714;4.312449040471382,9.900114663805454,0.8882562845551485;0.6794491868940552,9.23994368862653,0.2431473573377341;17.386995268777646,18.78353211061407,0.9920648701342627"
5,drone_3,16.828,12.618,7.806,5.403,"14.145079426228822,14.135285643003368,0.36465074522886504;2.440226870056917,4.933819650250329,1.1897814698375528;1.3066818871107722,17.589369001861286,0.9125121680327651;2.357678421611219,12.84984572684092,0.8379462386470249;16.982338471480936,14.4574540115461,0.7795617732176426;16.6561314066347,16.403439279548287,1.2836920917924646;5.398747996641409,15.000606954740654,0.2759122247568536;15.264278401717403,10.29919208231439,0.2316821241488554;10.911255852773824,12.32733772574333,0.7238978160411744;4.280084679595954,13.678702869526163,2.3024030597113416;17.479092617537404,11.080351461505307,1.1103263964905046;8.540140392127444,12.019562633396255,1.1337858747342713;11.741065877053364,13.225358942033967,0.46373120111325383;0.2566576950879157,15.438502156368578,0.25017761057893567;11.535138329870394,12.517501080138413,0.3023805730750141;2.2442554789509175,13.944225925149922,0.4764987910136303;2.829071724616509,6.815252500373287,1.116842398565673;12.89348341244764,4.462689100248536,2.456780207842593;2.792309268830196,1.9482063215231027,1.5239511084219592;18.63000485495394,9.516374612050642,0.4862045394896714;4.312449040471382,9.900114663805454,0.8882562845551485;0.6794491868940552,9.23994368862653,0.2431473573377341;17.386995268777646,18.78353211061407,0.9920648701342627"
5,drone_4,18.073,2.429,7.806,5.403,"14.145079426228822,14.135285643003368,0.36465074522886504;2.440226870056917,4.933819650250329,1.1897814698375528;1.3066818871107722,17.589369001861286,0.9125121680327651;2.357678421611219,12.84984572684092,0.8379462386470249;16.982338471480936,14.4574540115461,0.7795617732176426;16.6561314066347,16.403439279548287,1.2836920917924646;5.398747996641409,15.000606954740654,0.2759122247568536;15.264278401717403,10.29919208231439,0.2316821241488554;10.911255852773824,12.32733772574333,0.7238978160411744;4.280084679595954,13.678702869526163,2.3024030597113416;17.479092617537404,11.080351461505307,1.1103263964905046;8.540140392127444,12.019562633396255,1.1337858747342713;11.741065877053364,13.225358942033967,0.46373120111325383;0.2566576950879157,15.438502156368578,0.25017761057893567;11.535138329870394,12.517501080138413,0.3023805730750141;2.2442554789509175,13.944225925149922,0.4764987910136303;2.829071724616509,6.815252500373287,1.116842398565673;12.89348341244764,4.462689100248536,2.456780207842593;2.792309268830196,1.9482063215231027,1.5239511084219592;18.63000485495394,9.516374612050642,0.4862045394896714;4.312449040471382,9.900114663805454,0.8882562845551485;0.6794491868940552,9.23994368862653,0.2431473573377341;17.386995268777646,18.78353211061407,0.9920648701342627"
5,drone_5,8.195,8.988,7.806,5.403,"14.145079426228822,14.135285643003368,0.36465074522886504;2.440226870056917,4.933819650250329,1.1897814698375528;1.3066818871107722,17.589369001861286,0.9125121680327651;2.357678421611219,12.84984572684092,0.8379462386470249;16.982338471480936,14.4574540115461,0.7795617732176426;16.6561314066347,16.403439279548287,1.2836920917924646;5.398747996641409,15.000606954740654,0.2759122247568536;15.264278401717403,10.29919208231439,0.2316821241488554;10.911255852773824,12.32733772574333,0.7238978160411744;4.280084679595954,13.678702869526163,2.3024030597113416;17.479092617537404,11.080351461505307,1.1103263964905046;8.540140392127444,12.019562633396255,1.1337858747342713;11.741065877053364,13.225358942033967,0.46373120111325383;0.2566576950879157,15.438502156368578,0.25017761057893567;11.535138329870394,12.517501080138413,0.3023805730750141;2.2442554789509175,13.944225925149922,0.4764987910136303;2.829071724616509,6.815252500373287,1.116842398565673;12.89348341244764,4.462689100248536,2.456780207842593;2.792309268830196,1.9482063215231027,1.5239511084219592;18.63000485495394,9.516374612050642,0.4862045394896714;4.312449040471382,9.900114663805454,0.8882562845551485;0.6794491868940552,9.23994368862653,0.2431473573377341;17.386995268777646,18.78353211061407,0.9920648701342627"
5,drone_6,9.717,6.805,7.806,5.403,"14.145079426228822,14.135285643003368,0.36465074522886504;2.440226870056917,4.933819650250329,1.1897814698375528;1.3066818871107722,17.589369001861286,0.9125121680327651;2.357678421611219,12.84984572684092,0.8379462386470249;16.982338471480936,14.4574540115461,0.7795617732176426;16.6561314066347,16.403439279548287,1.2836920917924646;5.398747996641409,15.000606954740654,0.2759122247568536;15.264278401717403,10.29919208231439,0.2316821241488554;10.911255852773824,12.32733772574333,0.7238978160411744;4.280084679595954,13.678702869526163,2.3024030597113416;17.479092617537404,11.080351461505307,1.1103263964905046;8.540140392127444,12.019562633396255,1.1337858747342713;11.741065877053364,13.225358942033967,0.46373120111325383;0.2566576950879157,15.438502156368578,0.25017761057893567;11.535138329870394,12.517501080138413,0.3023805730750141;2.2442554789509175,13.944225925149922,0.4764987910136303;2.829071724616509,6.815252500373287,1.116842398565673;12.89348341244764,4.462689100248536,2.456780207842593;2.792309268830196,1.9482063215231027,1.5239511084219592;18.63000485495394,9.516374612050642,0.4862045394896714;4.312449040471382,9.900114663805454,0.8882562845551485;0.6794491868940552,9.23994368862653,0.2431473573377341;17.386995268777646,18.78353211061407,0.9920648701342627"
5,drone_7,13.568,15.739,7.806,5.403,"14.145079426228822,14.135285643003368,0.36465074522886504;2.440226870056917,4.933819650250329,1.1897814698375528;1.3066818871107722,17.589369001861286,0.9125121680327651;2.357678421611219,12.84984572684092,0.8379462386470249;16.982338471480936,14.4574540115461,0.7795617732176426;16.6561314066347,16.403439279548287,1.2836920917924646;5.398747996641409,15.000606954740654,0.2759122247568536;15.264278401717403,10.29919208231439,0.2316821241488554;10.911255852773824,12.32733772574333,0.7238978160411744;4.280084679595954,13.678702869526163,2.3024030597113416;17.479092617537404,11.080351461505307,1.1103263964905046;8.540140392127444,12.019562633396255,1.1337858747342713;11.741065877053364,13.225358942033967,0.46373120111325383;0.2566576950879157,15.438502156368578,0.25017761057893567;11.535138329870394,12.517501080138413,0.3023805730750141;2.2442554789509175,13.944225925149922,0.4764987910136303;2.829071724616509,6.815252500373287,1.116842398565673;12.89348341244764,4.462689100248536,2.456780207842593;2.792309268830196,1.9482063215231027,1.5239511084219592;18.63000485495394,9.516374612050642,0.4862045394896714;4.312449040471382,9.900114663805454,0.8882562845551485;0.6794491868940552,9.23994368862653,0.2431473573377341;17.386995268777646,18.78353211061407,0.9920648701342627"
5,drone_8,6.175,6.651,7.806,5.403,"14.145079426228822,14.135285643003368,0.36465074522886504;2.440226870056917,4.933819650250329,1.1897814698375528;1.3066818871107722,17.589369001861286,0.9125121680327651;2.357678421611219,12.84984572684092,0.8379462386470249;16.982338471480936,14.4574540115461,0.7795617732176426;16.6561314066347,16.403439279548287,1.2836920917924646;5.398747996641409,15.000606954740654,0.2759122247568536;15.264278401717403,10.29919208231439,0.2316821241488554;10.911255852773824,12.32733772574333,0.7238978160411744;4.280084679595954,13.678702869526163,2.3024030597113416;17.479092617537404,11.080351461505307,1.1103263964905046;8.540140392127444,12.019562633396255,1.1337858747342713;11.741065877053364,13.225358942033967,0.46373120111325383;0.2566576950879157,15.438502156368578,0.25017761057893567;11.535138329870394,12.517501080138413,0.3023805730750141;2.2442554789509175,13.944225925149922,0.4764987910136303;2.829071724616509,6.815252500373287,1.116842398565673;12.89348341244764,4.462689100248536,2.456780207842593;2.792309268830196,1.9482063215231027,1.5239511084219592;18.63000485495394,9.516374612050642,0.4862045394896714;4.312449040471382,9.900114663805454,0.8882562845551485;0.6794491868940552,9.23994368862653,0.2431473573377341;17.386995268777646,18.78353211061407,0.9920648701342627"
5,drone_9,0.933,6.052,7.806,5.403,"14.145079426228822,14.135285643003368,0.36465074522886504;2.440226870056917,4.933819650250329,1.1897814698375528;1.3066818871107722,17.589369001861286,0.9125121680327651;2.357678421611219,12.84984572684092,0.8379462386470249;16.982338471480936,14.4574540115461,0.7795617732176426;16.6561314066347,16.403439279548287,1.2836920917924646;5.398747996641409,15.000606954740654,0.2759122247568536;15.264278401717403,10.29919208231439,0.2316821241488554;10.911255852773824,12.32733772574333,0.7238978160411744;4.280084679595954,13.678702869526163,2.3024030597113416;17.479092617537404,11.080351461505307,1.1103263964905046;8.540140392127444,12.019562633396255,1.1337858747342713;11.741065877053364,13.225358942033967,0.46373120111325383;0.2566576950879157,15.438502156368578,0.25017761057893567;11.535138329870394,12.517501080138413,0.3023805730750141;2.2442554789509175,13.944225925149922,0.4764987910136303;2.829071724616509,6.815252500373287,1.116842398565673;12.89348341244764,4.462689100248536,2.456780207842593;2.792309268830196,1.9482063215231027,1.5239511084219592;18.63000485495394,9.516374612050642,0.4862045394896714;4.312449040471382,9.900114663805454,0.8882562845551485;0.6794491868940552,9.23994368862653,0.2431473573377341;17.386995268777646,18.78353211061407,0.9920648701342627"
6,drone_0,0.803,13.433,7.806,5.403,"14.145079426228822,14.135285643003368,0.36465074522886504;2.440226870056917,4.933819650250329,1.1897814698375528;1.3066818871107722,17.589369001861286,0.9125121680327651;2.357678421611219,12.84984572684092,0.8379462386470249;16.982338471480936,14.4574540115461,0.7795617732176426;16.6561314066347,16.403439279548287,1.2836920917924646;5.398747996641409,15.000606954740654,0.2759122247568536;15.264278401717403,10.29919208231439,0.2316821241488554;10.911255852773824,12.32733772574333,0.7238978160411744;4.280084679595954,13.678702869526163,2.3024030597113416;17.479092617537404,11.080351461505307,1.1103263964905046;8.540140392127444,12.019562633396255,1.1337858747342713;11.741065877053364,13.225358942033967,0.46373120111325383;0.2566576950879157,15.438502156368578,0.25017761057893567;11.535138329870394,12.517501080138413,0.3023805730750141;2.2442554789509175,13.944225925149922,0.4764987910136303;2.829071724616509,6.815252500373287,1.116842398565673;12.89348341244764,4.462689100248536,2.456780207842593;2.792309268830196,1.9482063215231027,1.5239511084219592;18.63000485495394,9.516374612050642,0.4862045394896714;4.312449040471382,9.900114663805454,0.8882562845551485;0.6794491868940552,9.23994368862653,0.2431473573377341;17.386995268777646,18.78353211061407,0.9920648701342627"
6,drone_1,15.150,13.952,7.806,5.403,"14.145079426228822,14.135285643003368,0.36465074522886504;2.440226870056917,4.933819650250329,1.1897814698375528;1.3066818871107722,17.589369001861286,0.9125121680327651;2.357678421611219,12.84984572684092,0.8379462386470249;16.982338471480936,14.4574540115461,0.7795617732176426;16.6561314066347,16.403439279548287,1.2836920917924646;5.398747996641409,15.000606954740654,0.2759122247568536;15.264278401717403,10.29919208231439,0.2316821241488554;10.911255852773824,12.32733772574333,0.7238978160411744;4.280084679595954,13.678702869526163,2.3024030597113416;17.479092617537404,11.080351461505307,1.1103263964905046;8.540140392127444,12.019562633396255,1.1337858747342713;11.741065877053364,13.225358942033967,0.46373120111325383;0.2566576950879157,15.438502156368578,0.25017761057893567;11.535138329870394,12.517501080138413,0.3023805730750141;2.2442554789509175,13.944225925149922,0.4764987910136303;2.829071724616509,6.815252500373287,1.116842398565673;12.89348341244764,4.462689100248536,2.456780207842593;2.792309268830196,1.9482063215231027,1.5239511084219592;18.63000485495394,9.516374612050642,0.4862045394896714;4.312449040471382,9.900114663805454,0.8882562845551485;0.6794491868940552,9.23994368862653,0.2431473573377341;17.386995268777646,18.78353211061407,0.9920648701342627"
6,drone_2,10.475,14.458,7.806,5.403,"14.145079426228822,14.135285643003368,0.36465074522886504;2.440226870056917,4.933819650250329,1.1897814698375528;1.3066818871107722,17.589369001861286,0.9125121680327651;2.357678421611219,12.84984572684092,0.8379462386470249;16.982338471480936,14.4574540115461,0.7795617732176426;16.6561314066347,16.403439279548287,1.2836920917924646;5.398747996641409,15.000606954740654,0.2759122247568536;15.264278401717403,10.29919208231439,0.2316821241488554;10.911255852773824,12.32733772574333,0.7238978160411744;4.280084679595954,13.678702869526163,2.3024030597113416;17.479092617537404,11.080351461505307,1.1103263964905046;8.540140392127444,12.019562633396255,1.1337858747342713;11.741065877053364,13.225358942033967,0.46373120111325383;0.2566576950879157,15.438502156368578,0.25017761057893567;11.535138329870394,12.517501080138413,0.3023805730750141;2.2442554789509175,13.944225925149922,0.4764987910136303;2.829071724616509,6.815252500373287,1.116842398565673;12.89348341244764,4.462689100248536,2.456780207842593;2.792309268830196,1.9482063215231027,1.5239511084219592;18.63000485495394,9.516374612050642,0.4862045394896714;4.312449040471382,9.900114663805454,0.8882562845551485;0.6794491868940552,9.23994368862653,0.2431473573377341;17.386995268777646,18.78353211061407,0.9920648701342627"
6,drone_3,16.635,12.567,7.806,5.403,"14.145079426228822,14.135285643003368,0.36465074522886504;2.440226870056917,4.933819650250329,1.1897814698375528;1.3066818871107722,17.589369001861286,0.9125121680327651;2.357678421611219,12.84984572684092,0.8379462386470249;16.982338471480936,14.4574540115461,0.7795617732176426;16.6561314066347,16.403439279548287,1.2836920917924646;5.398747996641409,15.000606954740654,0.2759122247568536;15.264278401717403,10.29919208231439,0.2316821241488554;10.911255852773824,12.32733772574333,0.7238978160411744;4.280084679595954,13.678702869526163,2.3024030597113416;17.479092617537404,11.080351461505307,1.1103263964905046;8.540140392127444,12.019562633396255,1.1337858747342713;11.741065877053364,13.225358942033967,0.46373120111325383;0.2566576950879157,15.438502156368578,0.25017761057893567;11.535138329870394,12.517501080138413,0.3023805730750141;2.2442554789509175,13.944225925149922,0.4764987910136303;2.829071724616509,6.815252500373287,1.116842398565673;12.89348341244764,4.462689100248536,2.456780207842593;2.792309268830196,1.9482063215231027,1.5239511084219592;18.63000485495394,9.516374612050642,0.4862045394896714;4.312449040471382,9.900114663805454,0.8882562845551485;0.6794491868940552,9.23994368862653,0.2431473573377341;17.386995268777646,18.78353211061407,0.9920648701342627"
6,drone_4,17.887,2.503,7.806,5.403,"14.145079426228822,14.135285643003368,0.36465074522886504;2.440226870056917,4.933819650250329,1.1897814698375528;1.3066818871107722,17.589369001861286,0.9125121680327651;2.357678421611219,12.84984572684092,0.8379462386470249;16.982338471480936,14.4574540115461,0.7795617732176426;16.6561314066347,16.403439279548287,1.2836920917924646;5.398747996641409,15.000606954740654,0.2759122247568536;15.264278401717403,10.29919208231439,0.2316821241488554;10.911255852773824,12.32733772574333,0.7238978160411744;4.280084679595954,13.678702869526163,2.3024030597113416;17.479092617537404,11.080351461505307,1.1103263964905046;8.540140392127444,12.019562633396255,1.1337858747342713;11.741065877053364,13.225358942033967,0.46373120111325383;0.2566576950879157,15.438502156368578,0.25017761057893567;11.535138329870394,12.517501080138413,0.3023805730750141;2.2442554789509175,13.944225925149922,0.4764987910136303;2.829071724616509,6.815252500373287,1.116842398565673;12.89348341244764,4.462689100248536,2.456780207842593;2.792309268830196,1.9482063215231027,1.5239511084219592;18.63000485495394,9.516374612050642,0.4862045394896714;4.312449040471382,9.900114663805454,0.8882562845551485;0.6794491868940552,9.23994368862653,0.2431473573377341;17.386995268777646,18.78353211061407,0.9920648701342627"
6,drone_5,8.111,8.807,7.806,5.403,"14.145079426228822,14.135285643003368,0.36465074522886504;2.440226870056917,4.933819650250329,1.1897814698375528;1.3066818871107722,17.589369001861286,0.9125121680327651;2.357678421611219,12.84984572684092,0.8379462386470249;16.982338471480936,14.4574540115461,0.7795617732176426;16.6561314066347,16.403439279548287,1.2836920917924646;5.398747996641409,15.000606954740654,0.2759122247568536;15.264278401717403,10.29919208231439,0.2316821241488554;10.911255852773824,12.32733772574333,0.7238978160411744;4.280084679595954,13.678702869526163,2.3024030597113416;17.479092617537404,11.080351461505307,1.1103263964905046;8.540140392127444,12.019562633396255,1.1337858747342713;11.741065877053364,13.225358942033967,0.46373120111325383;0.2566576950879157,15.438502156368578,0.25017761057893567;11.535138329870394,12.517501080138413,0.3023805730750141;2.2442554789509175,13.944225925149922,0.4764987910136303;2.829071724616509,6.815252500373287,1.116842398565673;12.89348341244764,4.462689100248536,2.456780207842593;2.792309268830196,1.9482063215231027,1.5239511084219592;18.63000485495394,9.516374612050642,0.4862045394896714;4.312449040471382,9.900114663805454,0.8882562845551485;0.6794491868940552,9.23994368862653,0.2431473573377341;17.386995268777646,18.78353211061407,0.9920648701342627"
6,drone_6,9.552,6.692,7.806,5.403,"14.145079426228822,14.135285643003368,0.36465074522886504;2.440226870056917,4.933819650250329,1.1897814698375528;1.3066818871107722,17.589369001861286,0.9125121680327651;2.357678421611219,12.84984572684092,0.8379462386470249;16.982338471480936,14.4574540115461,0.7795617732176426;16.6561314066347,16.403439279548287,1.2836920917924646;5.398747996641409,15.000606954740654,0.2759122247568536;15.264278401717403,10.29919208231439,0.2316821241488554;10.911255852773824,12.32733772574333,0.7238978160411744;4.280084679595954,13.678702869526163,2.3024030597113416;17.479092617537404,11.080351461505307,1.1103263964905046;8.540140392127444,12.019562633396255,1.1337858747342713;11.741065877053364,13.225358942033967,0.46373120111325383;0.2566576950879157,15.438502156368578,0.25017761057893567;11.535138329870394,12.517501080138413,0.3023805730750141;2.2442554789509175,13.944225925149922,0.4764987910136303;2.829071724616509,6.815252500373287,1.116842398565673;12.89348341244764,4.462689100248536,2.456780207842593;2.792309268830196,1.9482063215231027,1.5239511084219592;18.63000485495394,9.516374612050642,0.4862045394896714;4.312449040471382,9.900114663805454,0.8882562845551485;0.6794491868940552,9.23994368862653,0.2431473573377341;17.386995268777646,18.78353211061407,0.9920648701342627"
6,drone_7,13.426,15.598,7.806,5.403,"14.145079426228822,14.135285643003368,0.36465074522886504;2.440226870056917,4.933819650250329,1.1897814698375528;1.3066818871107722,17.589369001861286,0.9125121680327651;2.357678421611219,12.84984572684092,0.8379462386470249;16.982338471480936,14.4574540115461,0.7795617732176426;16.6561314066347,16.403439279548287,1.2836920917924646;5.398747996641409,15.000606954740654,0.2759122247568536;15.264278401717403,10.29919208231439,0.2316821241488554;10.911255852773824,12.32733772574333,0.7238978160411744;4.280084679595954,13.678702869526163,2.3024030597113416;17.479092617537404,11.080351461505307,1.1103263964905046;8.540140392127444,12.019562633396255,1.1337858747342713;11.741065877053364,13.225358942033967,0.46373120111325383;0.2566576950879157,15.438502156368578,0.25017761057893567;11.535138329870394,12.517501080138413,0.3023805730750141;2.2442554789509175,13.944225925149922,0.4764987910136303;2.829071724616509,6.815252500373287,1.116842398565673;12.89348341244764,4.462689100248536,2.456780207842593;2.792309268830196,1.9482063215231027,1.5239511084219592;18.63000485495394,9.516374612050642,0.4862045394896714;4.312449040471382,9.900114663805454,0.8882562845551485;0.6794491868940552,9.23994368862653,0.2431473573377341;17.386995268777646,18.78353211061407,0.9920648701342627"
6,drone_8,6.339,6.536,7.806,5.403,"14.145079426228822,14.135285643003368,0.36465074522886504;2.440226870056917,4.933819650250329,1.1897814698375528;1.3066818871107722,17.589369001861286,0.9125121680327651;2.357678421611219,12.84984572684092,0.8379462386470249;16.982338471480936,14.4574540115461,0.7795617732176426;16.6561314066347,16.403439279548287,1.2836920917924646;5.398747996641409,15.000606954740654,0.2759122247568536;15.264278401717403,10.29919208231439,0.2316821241488554;10.911255852773824,12.32733772574333,0.7238978160411744;4.280084679595954,13.678702869526163,2.3024030597113416;17.479092617537404,11.080351461505307,1.1103263964905046;8.540140392127444,12.019562633396255,1.1337858747342713;11.741065877053364,13.225358942033967,0.46373120111325383;0.2566576950879157,15.438502156368578,0.25017761057893567;11.535138329870394,12.517501080138413,0.3023805730750141;2.2442554789509175,13.944225925149922,0.4764987910136303;2.829071724616509,6.815252500373287,1.116842398565673;12.89348341244764,4.462689100248536,2.456780207842593;2.792309268830196,1.9482063215231027,1.5239511084219592;18.63000485495394,9.516374612050642,0.4862045394896714;4.312449040471382,9.900114663805454,0.8882562845551485;0.6794491868940552,9.23994368862653,0.2431473573377341;17.386995268777646,18.78353211061407,0.9920648701342627"
6,drone_9,0.983,6.246,7.806,5.403,"14.145079426228822,14.135285643003368,0.36465074522886504;2.440226870056917,4.933819650250329,1.1897814698375528;1.3066818871107722,17.589369001861286,0.9125121680327651;2.357678421611219,12.84984572684092,0.8379462386470249;16.982338471480936,14.4574540115461,0.7795617732176426;16.6561314066347,16.403439279548287,1.2836920917924646;5.398747996641409,15.000606954740654,0.2759122247568536;15.264278401717403,10.29919208231439,0.2316821241488554;10.911255852773824,12.32733772574333,0.7238978160411744;4.280084679595954,13.678702869526163,2.3024030597113416;17.479092617537404,11.080351461505307,1.1103263964905046;8.540140392127444,12.019562633396255,1.1337858747342713;11.741065877053364,13.225358942033967,0.46373120111325383;0.2566576950879157,15.438502156368578,0.25017761057893567;11.535138329870394,12.517501080138413,0.3023805730750141;2.2442554789509175,13.944225925149922,0.4764987910136303;2.829071724616509,6.815252500373287,1.116842398565673;12.89348341244764,4.462689100248536,2.456780207842593;2.792309268830196,1.9482063215231027,1.5239511084219592;18.63000485495394,9.516374612050642,0.4862045394896714;4.312449040471382,9.900114663805454,0.8882562845551485;0.6794491868940552,9.23994368862653,0.2431473573377341;17.386995268777646,18.78353211061407,0.9920648701342627"
7,drone_0,0.757,13.238,7.806,5.403,"14.145079426228822,14.135285643003368,0.36465074522886504;2.440226870056917,4.933819650250329,1.1897814698375528;1.3066818871107722,17.589369001861286,0.9125121680327651;2.357678421611219,12.84984572684092,0.8379462386470249;16.982338471480936,14.4574540115461,0.7795617732176426;16.6561314066347,16.403439279548287,1.2836920917924646;5.398747996641409,15.000606954740654,0.2759122247568536;15.264278401717403,10.29919208231439,0.2316821241488554;10.911255852773824,12.32733772574333,0.7238978160411744;4.280084679595954,13.678702869526163,2.3024030597113416;17.479092617537404,11.080351461505307,1.1103263964905046;8.540140392127444,12.019562633396255,1.1337858747342713;11.741065877053364,13.225358942033967,0.46373120111325383;0.2566576950879157,15.438502156368578,0.25017761057893567;11.535138329870394,12.517501080138413,0.3023805730750141;2.2442554789509175,13.944225925149922,0.4764987910136303;2.829071724616509,6.815252500373287,1.116842398565673;12.89348341244764,4.462689100248536,2.456780207842593;2.792309268830196,1.9482063215231027,1.5239511084219592;18.63000485495394,9.516374612050642,0.4862045394896714;4.312449040471382,9.900114663805454,0.8882562845551485;0.6794491868940552,9.23994368862653,0.2431473573377341;17.386995268777646,18.78353211061407,0.9920648701342627"
7,drone_1,15.009,13.810,7.806,5.403,"14.145079426228822,14.135285643003368,0.36465074522886504;2.440226870056917,4.933819650250329,1.1897814698375528;1.3066818871107722,17.589369001861286,0.9125121680327651;2.357678421611219,12.84984572684092,0.8379462386470249;16.982338471480936,14.4574540115461,0.7795617732176426;16.6561314066347,16.403439279548287,1.2836920917924646;5.398747996641409,15.000606954740654,0.2759122247568536;15.264278401717403,10.29919208231439,0.2316821241488554;10.911255852773824,12.32733772574333,0.7238978160411744;4.280084679595954,13.678702869526163,2.3024030597113416;17.479092617537404,11.080351461505307,1.1103263964905046;8.540140392127444,12.019562633396255,1.1337858747342713;11.741065877053364,13.225358942033967,0.46373120111325383;0.2566576950879157,15.438502156368578,0.25017761057893567;11.535138329870394,12.517501080138413,0.3023805730750141;2.2442554789509175,13.944225925149922,0.4764987910136303;2.829071724616509,6.815252500373287,1.116842398565673;12.89348341244764,4.462689100248536,2.456780207842593;2.792309268830196,1.9482063215231027,1.5239511084219592;18.63000485495394,9.516374612050642,0.4862045394896714;4.312449040471382,9.900114663805454,0.8882562845551485;0.6794491868940552,9.23994368862653,0.2431473573377341;17.386995268777646,18.78353211061407,0.9920648701342627"
7,drone_2,10.348,14.303,7.806,5.403,"14.145079426228822,14.135285643003368,0.36465074522886504;2.440226870056917,4.933819650250329,1.1897814698375528;1.3066818871107722,17.589369001861286,0.9125121680327651;2.357678421611219,12.84984572684092,0.8379462386470249;16.982338471480936,14.4574540115461,0.7795617732176426;16.6561314066347,16.403439279548287,1.2836920917924646;5.398747996641409,15.000606954740654,0.2759122247568536;15.264278401717403,10.29919208231439,0.2316821241488554;10.911255852773824,12.32733772574333,0.7238978160411744;4.280084679595954,13.678702869526163,2.3024030597113416;17.479092617537404,11.080351461505307,1.1103263964905046;8.540140392127444,12.019562633396255,1.1337858747342713;11.741065877053364,13.225358942033967,0.46373120111325383;0.2566576950879157,15.438502156368578,0.25017761057893567;11.535138329870394,12.517501080138413,0.3023805730750141;2.2442554789509175,13.944225925149922,0.4764987910136303;2.829071724616509,6.815252500373287,1.116842398565673;12.89348341244764,4.462689100248536,2.456780207842593;2.792309268830196,1.9482063215231027,1.5239511084219592;18.63000485495394,9.516374612050642,0.4862045394896714;4.312449040471382,9.900114663805454,0.8882562845551485;0.6794491868940552,9.23994368862653,0.2431473573377341;17.386995268777646,18.78353211061407,0.9920648701342627"
7,drone_3,16.457,12.476,7.806,5.403,"14.145079426228822,14.135285643003368,0.36465074522886504;2.440226870056917,4.933819650250329,1.1897814698375528;1.3066818871107722,17.589369001861286,0.9125121680327651;2.357678421611219,12.84984572684092,0.8379462386470249;16.982338471480936,14.4574540115461,0.7795617732176426;16.6561314066347,16.403439279548287,1.2836920917924646;5.398747996641409,15.000606954740654,0.2759122247568536;15.264278401717403,10.29919208231439,0.2316821241488554;10.911255852773824,12.32733772574333,0.7238978160411744;4.280084679595954,13.678702869526163,2.3024030597113416;17.479092617537404,11.080351461505307,1.1103263964905046;8.540140392127444,12.019562633396255,1.1337858747342713;11.741065877053364,13.225358942033967,0.46373120111325383;0.2566576950879157,15.438502156368578,0.25017761057893567;11.535138329870394,12.517501080138413,0.3023805730750141;2.2442554789509175,13.944225925149922,0.4764987910136303;2.829071724616509,6.815252500373287,1.116842398565673;12.89348341244764,4.462689100248536,2.456780207842593;2.792309268830196,1.9482063215231027,1.5239511084219592;18.63000485495394,9.516374612050642,0.4862045394896714;4.312449040471382,9.900114663805454,0.8882562845551485;0.6794491868940552,9.23994368862653,0.2431473573377341;17.386995268777646,18.78353211061407,0.9920648701342627"
7,drone_4,17.699,2.569,7.806,5.403,"14.145079426228822,14.135285643003368,0.36465074522886504;2.440226870056917,4.933819650250329,1.1897814698375528;1.3066818871107722,17.589369001861286,0.9125121680327651;2.357678421611219,12.84984572684092,0.8379462386470249;16.982338471480936,14.4574540115461,0.7795617732176426;16.6561314066347,16.403439279548287,1.2836920917924646;5.398747996641409,15.000606954740654,0.2759122247568536;15.264278401717403,10.29919208231439,0.2316821241488554;10.911255852773824,12.32733772574333,0.7238978160411744;4.280084679595954,13.678702869526163,2.3024030597113416;17.479092617537404,11.080351461505307,1.1103263964905046;8.540140392127444,12.019562633396255,1.1337858747342713;11.741065877053364,13.225358942033967,0.46373120111325383;0.2566576950879157,15.438502156368578,0.25017761057893567;11.535138329870394,12.517501080138413,0.3023805730750141;2.2442554789509175,13.944225925149922,0.4764987910136303;2.829071724616509,6.815252500373287,1.116842398565673;12.89348341244764,4.462689100248536,2.456780207842593;2.792309268830196,1.9482063215231027,1.5239511084219592;18.63000485495394,9.516374612050642,0.4862045394896714;4.312449040471382,9.900114663805454,0.8882562845551485;0.6794491868940552,9.23994368862653,0.2431473573377341;17.386995268777646,18.78353211061407,0.9920648701342627"
7,drone_5,8.069,8.611,7.806,5.403,"14.145079426228822,14.135285643003368,0.36465074522886504;2.440226870056917,4.933819650250329,1.1897814698375528;1.3066818871107722,17.589369001861286,0.9125121680327651;2.357678421611219,12.84984572684092,0.8379462386470249;16.982338471480936,14.4574540115461,0.7795617732176426;16.6561314066347,16.403439279548287,1.2836920917924646;5.398747996641409,15.000606954740654,0.2759122247568536;15.264278401717403,10.29919208231439,0.2316821241488554;10.911255852773824,12.32733772574333,0.7238978160411744;4.280084679595954,13.678702869526163,2.3024030597113416;17.479092617537404,11.080351461505307,1.1103263964905046;8.540140392127444,12.019562633396255,1.1337858747342713;11.741065877053364,13.225358942033967,0.46373120111325383;0.2566576950879157,15.438502156368578,0.25017761057893567;11.535138329870394,12.517501080138413,0.3023805730750141;2.2442554789509175,13.944225925149922,0.4764987910136303;2.829071724616509,6.815252500373287,1.116842398565673;12.89348341244764,4.462689100248536,2.456780207842593;2.792309268830196,1.9482063215231027,1.5239511084219592;18.63000485495394,9.516374612050642,0.4862045394896714;4.312449040471382,9.900114663805454,0.8882562845551485;0.6794491868940552,9.23994368862653,0.2431473573377341;17.386995268777646,18.78353211061407,0.9920648701342627"
7,drone_6,9.394,6.569,7.806,5.403,"14.145079426228822,14.135285643003368,0.36465074522886504;2.440226870056917,4.933819650250329,1.1897814698375528;1.3066818871107722,17.589369001861286,0.9125121680327651;2.357678421611219,12.84984572684092,0.8379462386470249;16.982338471480936,14.4574540115461,0.7795617732176426;16.6561314066347,16.403439279548287,1.2836920917924646;5.398747996641409,15.000606954740654,0.2759122247568536;15.264278401717403,10.29919208231439,0.2316821241488554;10.911255852773824,12.32733772574333,0.7238978160411744;4.280084679595954,13.678702869526163,2.3024030597113416;17.479092617537404,11.080351461505307,1.1103263964905046;8.540140392127444,12.019562633396255,1.1337858747342713;11.741065877053364,13.225358942033967,0.46373120111325383;0.2566576950879157,15.438502156368578,0.25017761057893567;11.535138329870394,12.517501080138413,0.3023805730750141;2.2442554789509175,13.944225925149922,0.4764987910136303;2.829071724616509,6.815252500373287,1.116842398565673;12.89348341244764,4.462689100248536,2.456780207842593;2.792309268830196,1.9482063215231027,1.5239511084219592;18.63000485495394,9.516374612050642,0.4862045394896714;4.312449040471382,9.900114663805454,0.8882562845551485;0.6794491868940552,9.23994368862653,0.2431473573377341;17.386995268777646,18.78353211061407,0.9920648701342627"
7,drone_7,13.285,15.456,7.806,5.403,"14.145079426228822,14.135285643003368,0.36465074522886504;2.440226870056917,4.933819650250329,1.1897814698375528;1.3066818871107722,17.589369001861286,0.9125121680327651;2.357678421611219,12.84984572684092,0.8379462386470249;16.982338471480936,14.4574540115461,0.7795617732176426;16.6561314066347,16.403439279548287,1.2836920917924646;5.398747996641409,15.000606954740654,0.2759122247568536;15.264278401717403,10.29919208231439,0.2316821241488554;10.911255852773824,12.32733772574333,0.7238978160411744;4.280084679595954,13.678702869526163,2.3024030597113416;17.479092617537404,11.080351461505307,1.1103263964905046;8.540140392127444,12.019562633396255,1.1337858747342713;11.741065877053364,13.225358942033967,0.46373120111325383;0.2566576950879157,15.438502156368578,0.25017761057893567;11.535138329870394,12.517501080138413,0.3023805730750141;2.2442554789509175,13.944225925149922,0.4764987910136303;2.829071724616509,6.815252500373287,1.116842398565673;12.89348341244764,4.462689100248536,2.456780207842593;2.792309268830196,1.9482063215231027,1.5239511084219592;18.63000485495394,9.516374612050642,0.4862045394896714;4.312449040471382,9.900114663805454,0.8882562845551485;0.6794491868940552,9.23994368862653,0.2431473573377341;17.386995268777646,18.78353211061407,0.9920648701342627"
7,drone_8,6.496,6.413,7.806,5.403,"14.145079426228822,14.135285643003368,0.36465074522886504;2.440226870056917,4.933819650250329,1.1897814698375528;1.3066818871107722,17.589369001861286,0.9125121680327651;2.357678421611219,12.84984572684092,0.8379462386470249;16.982338471480936,14.4574540115461,0.7795617732176426;16.6561314066347,16.403439279548287,1.2836920917924646;5.398747996641409,15.000606954740654,0.2759122247568536;15.264278401717403,10.29919208231439,0.2316821241488554;10.911255852773824,12.32733772574333,0.7238978160411744;4.280084679595954,13.678702869526163,2.3024030597113416;17.479092617537404,11.080351461505307,1.1103263964905046;8.540140392127444,12.019562633396255,1.1337858747342713;11.741065877053364,13.225358942033967,0.46373120111325383;0.2566576950879157,15.438502156368578,0.25017761057893567;11.535138329870394,12.517501080138413,0.3023805730750141;2.2442554789509175,13.944225925149922,0.4764987910136303;2.829071724616509,6.815252500373287,1.116842398565673;12.89348341244764,4.462689100248536,2.456780207842593;2.792309268830196,1.9482063215231027,1.5239511084219592;18.63000485495394,9.516374612050642,0.4862045394896714;4.312449040471382,9.900114663805454,0.8882562845551485;0.6794491868940552,9.23994368862653,0.2431473573377341;17.386995268777646,18.78353211061407,0.9920648701342627"
7,drone_9,0.992,6.446,7.806,5.403,"14.145079426228822,14.135285643003368,0.36465074522886504;2.440226870056917,4.933819650250329,1.1897814698375528;1.3066818871107722,17.589369001861286,0.9125121680327651;2.357678421611219,12.84984572684092,0.8379462386470249;16.982338471480936,14.4574540115461,0.7795617732176426;16.6561314066347,16.403439279548287,1.2836920917924646;5.398747996641409,15.000606954740654,0.2759122247568536;15.264278401717403,10.29919208231439,0.2316821241488554;10.911255852773824,12.32733772574333,0.7238978160411744;4.280084679595954,13.678702869526163,2.3024030597113416;17.479092617537404,11.080351461505307,1.1103263964905046;8.540140392127444,12.019562633396255,1.1337858747342713;11.741065877053364,13.225358942033967,0.46373120111325383;0.2566576950879157,15.438502156368578,0.25017761057893567;11.535138329870394,12.517501080138413,0.3023805730750141;2.2442554789509175,13.944225925149922,0.4764987910136303;2.829071724616509,6.815252500373287,1.116842398565673;12.89348341244764,4.462689100248536,2.456780207842593;2.792309268830196,1.9482063215231027,1.5239511084219592;18.63000485495394,9.516374612050642,0.4862045394896714;4.312449040471382,9.900114663805454,0.8882562845551485;0.6794491868940552,9.23994368862653,0.2431473573377341;17.386995268777646,18.78353211061407,0.9920648701342627"
8,drone_0,0.793,13.041,7.806,5.403,"14.145079426228822,14.135285643003368,0.36465074522886504;2.440226870056917,4.933819650250329,1.1897814698375528;1.3066818871107722,17.589369001861286,0.9125121680327651;2.357678421611219,12.84984572684092,0.8379462386470249;16.982338471480936,14.4574540115461,0.7795617732176426;16.6561314066347,16.403439279548287,1.2836920917924646;5.398747996641409,15.000606954740654,0.2759122247568536;15.264278401717403,10.29919208231439,0.2316821241488554;10.911255852773824,12.32733772574333,0.7238978160411744;4.280084679595954,13.678702869526163,2.3024030597113416;17.479092617537404,11.080351461505307,1.1103263964905046;8.540140392127444,12.019562633396255,1.1337858747342713;11.741065877053364,13.225358942033967,0.46373120111325383;0.2566576950879157,15.438502156368578,0.25017761057893567;11.535138329870394,12.517501080138413,0.3023805730750141;2.2442554789509175,13.944225925149922,0.4764987910136303;2.829071724616509,6.815252500373287,1.116842398565673;12.89348341244764,4.462689100248536,2.456780207842593;2.792309268830196,1.9482063215231027,1.5239511084219592;18.63000485495394,9.516374612050642,0.4862045394896714;4.312449040471382,9.900114663805454,0.8882562845551485;0.6794491868940552,9.23994368862653,0.2431473573377341;17.386995268777646,18.78353211061407,0.9920648701342627"
8,drone_1,14.867,13.669,7.806,5.403,"14.145079426228822,14.135285643003368,0.36465074522886504;2.440226870056917,4.933819650250329,1.1897814698375528;1.3066818871107722,17.589369001861286,0.9125121680327651;2.357678421611219,12.84984572684092,0.8379462386470249;16.982338471480936,14.4574540115461,0.7795617732176426;16.6561314066347,16.403439279548287,1.2836920917924646;5.398747996641409,15.000606954740654,0.2759122247568536;15.264278401717403,10.29919208231439,0.2316821241488554;10.911255852773824,12.32733772574333,0.7238978160411744;4.280084679595954,13.678702869526163,2.3024030597113416;17.479092617537404,11.080351461505307,1.1103263964905046;8.540140392127444,12.019562633396255,1.1337858747342713;11.741065877053364,13.225358942033967,0.46373120111325383;0.2566576950879157,15.438502156368578,0.25017761057893567;11.535138329870394,12.517501080138413,0.3023805730750141;2.2442554789509175,13.944225925149922,0.4764987910136303;2.829071724616509,6.815252500373287,1.116842398565673;12.89348341244764,4.462689100248536,2.456780207842593;2.792309268830196,1.9482063215231027,1.5239511084219592;18.63000485495394,9.516374612050642,0.4862045394896714;4.312449040471382,9.900114663805454,0.8882562845551485;0.6794491868940552,9.23994368862653,0.2431473573377341;17.386995268777646,18.78353211061407,0.9920648701342627"
8,drone_2,10.245,14.132,7.806,5.403,"14.145079426228822,14.135285643003368,0.36465074522886504;2.440226870056917,4.933819650250329,1.1897814698375528;1.3066818871107722,17.589369001861286,0.9125121680327651;2.357678421611219,12.84984572684092,0.8379462386470249;16.982338471480936,14.4574540115461,0.7795617732176426;16.6561314066347,16.403439279548287,1.2836920917924646;5.398747996641409,15.000606954740654,0.2759122247568536;15.264278401717403,10.29919208231439,0.2316821241488554;10.911255852773824,12.32733772574333,0.7238978160411744;4.280084679595954,13.678702869526163,2.3024030597113416;17.479092617537404,11.080351461505307,1.1103263964905046;8.540140392127444,12.019562633396255,1.1337858747342713;11.741065877053364,13.225358942033967,0.46373120111325383;0.2566576950879157,15.438502156368578,0.25017761057893567;11.535138329870394,12.517501080138413,0.3023805730750141;2.2442554789509175,13.944225925149922,0.4764987910136303;2.829071724616509,6.815252500373287,1.116842398565673;12.89348341244764,4.462689100248536,2.456780207842593;2.792309268830196,1.9482063215231027,1.5239511084219592;18.63000485495394,9.516374612050642,0.4862045394896714;4.312449040471382,9.900114663805454,0.8882562845551485;0.6794491868940552,9.23994368862653,0.2431473573377341;17.386995268777646,18.78353211061407,0.9920648701342627"
8,drone_3,16.292,12.362,7.806,5.403,"14.145079426228822,14.135285643003368,0.36465074522886504;2.440226870056917,4.933819650250329,1.1897814698375528;1.3066818871107722,17.589369001861286,0.9125121680327651;2.357678421611219,12.84984572684092,0.8379462386470249;16.982338471480936,14.4574540115461,0.7795617732176426;16.6561314066347,16.403439279548287,1.2836920917924646;5.398747996641409,15.000606954740654,0.2759122247568536;15.264278401717403,10.29919208231439,0.2316821241488554;10.911255852773824,12.32733772574333,0.7238978160411744;4.280084679595954,13.678702869526163,2.3024030597113416;17.479092617537404,11.080351461505307,1.1103263964905046;8.540140392127444,12.019562633396255,1.1337858747342713;11.741065877053364,13.225358942033967,0.46373120111325383;0.2566576950879157,15.438502156368578,0.25017761057893567;11.535138329870394,12.517501080138413,0.3023805730750141;2.2442554789509175,13.944225925149922,0.4764987910136303;2.829071724616509,6.815252500373287,1.116842398565673;12.89348341244764,4.462689100248536,2.456780207842593;2.792309268830196,1.9482063215231027,1.5239511084219592;18.63000485495394,9.516374612050642,0.4862045394896714;4.312449040471382,9.900114663805454,0.8882562845551485;0.6794491868940552,9.23994368862653,0.2431473573377341;17.386995268777646,18.78353211061407,0.9920648701342627"
8,drone_4,17.511,2.639,7.806,5.403,"14.145079426228822,14.135285643003368,0.36465074522886504;2.440226870056917,4.933819650250329,1.1897814698375528;1.3066818871107722,17.589369001861286,0.9125121680327651;2.357678421611219,12.84984572684092,0.8379462386470249;16.982338471480936,14.4574540115461,0.7795617732176426;16.6561314066347,16.403439279548287,1.2836920917924646;5.398747996641409,15.000606954740654,0.2759122247568536;15.264278401717403,10.29919208231439,0.2316821241488554;10.911255852773824,12.32733772574333,0.7238978160411744;4.280084679595954,13.678702869526163,2.3024030597113416;17.479092617537404,11.080351461505307,1.1103263964905046;8.540140392127444,12.019562633396255,1.1337858747342713;11.741065877053364,13.225358942033967,0.46373120111325383;0.2566576950879157,15.438502156368578,0.25017761057893567;11.535138329870394,12.517501080138413,0.3023805730750141;2.2442554789509175,13.944225925149922,0.4764987910136303;2.829071724616509,6.815252500373287,1.116842398565673;12.89348341244764,4.462689100248536,2.456780207842593;2.792309268830196,1.9482063215231027,1.5239511084219592;18.63000485495394,9.516374612050642,0.4862045394896714;4.312449040471382,9.900114663805454,0.8882562845551485;0.6794491868940552,9.23994368862653,0.2431473573377341;17.386995268777646,18.78353211061407,0.9920648701342627"
8,drone_5,8.009,8.420,7.806,5.403,"14.145079426228822,14.135285643003368,0.36465074522886504;2.440226870056917,4.933819650250329,1.1897814698375528;1.3066818871107722,17.589369001861286,0.9125121680327651;2.357678421611219,12.84984572684092,0.8379462386470249;16.982338471480936,14.4574540115461,0.7795617732176426;16.6561314066347,16.403439279548287,1.2836920917924646;5.398747996641409,15.000606954740654,0.2759122247568536;15.264278401717403,10.29919208231439,0.2316821241488554;10.911255852773824,12.32733772574333,0.7238978160411744;4.280084679595954,13.678702869526163,2.3024030597113416;17.479092617537404,11.080351461505307,1.1103263964905046;8.540140392127444,12.019562633396255,1.1337858747342713;11.741065877053364,13.225358942033967,0.46373120111325383;0.2566576950879157,15.438502156368578,0.25017761057893567;11.535138329870394,12.517501080138413,0.3023805730750141;2.2442554789509175,13.944225925149922,0.4764987910136303;2.829071724616509,6.815252500373287,1.116842398565673;12.89348341244764,4.462689100248536,2.456780207842593;2.792309268830196,1.9482063215231027,1.5239511084219592;18.63000485495394,9.516374612050642,0.4862045394896714;4.312449040471382,9.900114663805454,0.8882562845551485;0.6794491868940552,9.23994368862653,0.2431473573377341;17.386995268777646,18.78353211061407,0.9920648701342627"
8,drone_6,9.237,6.446,7.806,5.403,"14.145079426228822,14.135285643003368,0.36465074522886504;2.440226870056917,4.933819650250329,1.1897814698375528;1.3066818871107722,17.589369001861286,0.9125121680327651;2.357678421611219,12.84984572684092,0.8379462386470249;16.982338471480936,14.4574540115461,0.7795617732176426;16.6561314066347,16.403439279548287,1.2836920917924646;5.398747996641409,15.000606954740654,0.2759122247568536;15.264278401717403,10.29919208231439,0.2316821241488554;10.911255852773824,12.32733772574333,0.7238978160411744;4.280084679595954,13.678702869526163,2.3024030597113416;17.479092617537404,11.080351461505307,1.1103263964905046;8.540140392127444,12.019562633396255,1.1337858747342713;11.741065877053364,13.225358942033967,0.46373120111325383;0.2566576950879157,15.438502156368578,0.25017761057893567;11.535138329870394,12.517501080138413,0.3023805730750141;2.2442554789509175,13.944225925149922,0.4764987910136303;2.829071724616509,6.815252500373287,1.116842398565673;12.89348341244764,4.462689100248536,2.456780207842593;2.792309268830196,1.9482063215231027,1.5239511084219592;18.63000485495394,9.516374612050642,0.4862045394896714;4.312449040471382,9.900114663805454,0.8882562845551485;0.6794491868940552,9.23994368862653,0.2431473573377341;17.386995268777646,18.78353211061407,0.9920648701342627"
8,drone_7,13.144,15.315,7.806,5.403,"14.145079426228822,14.135285643003368,0.36465074522886504;2.440226870056917,4.933819650250329,1.1897814698375528;1.3066818871107722,17.589369001861286,0.9125121680327651;2.357678421611219,12.84984572684092,0.8379462386470249;16.982338471480936,14.4574540115461,0.7795617732176426;16.6561314066347,16.403439279548287,1.2836920917924646;5.398747996641409,15.000606954740654,0.2759122247568536;15.264278401717403,10.29919208231439,0.2316821241488554;10.911255852773824,12.32733772574333,0.7238978160411744;4.280084679595954,13.678702869526163,2.3024030597113416;17.479092617537404,11.080351461505307,1.1103263964905046;8.540140392127444,12.019562633396255,1.1337858747342713;11.741065877053364,13.225358942033967,0.46373120111325383;0.2566576950879157,15.438502156368578,0.25017761057893567;11.535138329870394,12.517501080138413,0.3023805730750141;2.2442554789509175,13.944225925149922,0.4764987910136303;2.829071724616509,6.815252500373287,1.116842398565673;12.89348341244764,4.462689100248536,2.456780207842593;2.792309268830196,1.9482063215231027,1.5239511084219592;18.63000485495394,9.516374612050642,0.4862045394896714;4.312449040471382,9.900114663805454,0.8882562845551485;0.6794491868940552,9.23994368862653,0.2431473573377341;17.386995268777646,18.78353211061407,0.9920648701342627"
8,drone_8,6.658,6.295,7.806,5.403,"14.145079426228822,14.135285643003368,0.36465074522886504;2.440226870056917,4.933819650250329,1.1897814698375528;1.3066818871107722,17.589369001861286,0.9125121680327651;2.357678421611219,12.84984572684092,0.8379462386470249;16.982338471480936,14.4574540115461,0.7795617732176426;16.6561314066347,16.403439279548287,1.2836920917924646;5.398747996641409,15.000606954740654,0.2759122247568536;15.264278401717403,10.29919208231439,0.2316821241488554;10.911255852773824,12.32733772574333,0.7238978160411744;4.280084679595954,13.678702869526163,2.3024030597113416;17.479092617537404,11.080351461505307,1.1103263964905046;8.540140392127444,12.019562633396255,1.1337858747342713;11.741065877053364,13.225358942033967,0.46373120111325383;0.2566576950879157,15.438502156368578,0.25017761057893567;11.535138329870394,12.517501080138413,0.3023805730750141;2.2442554789509175,13.944225925149922,0.4764987910136303;2.829071724616509,6.815252500373287,1.116842398565673;12.89348341244764,4.462689100248536,2.456780207842593;2.792309268830196,1.9482063215231027,1.5239511084219592;18.63000485495394,9.516374612050642,0.4862045394896714;4.312449040471382,9.900114663805454,0.8882562845551485;0.6794491868940552,9.23994368862653,0.2431473573377341;17.386995268777646,18.78353211061407,0.9920648701342627"
8,drone_9,1.061,6.633,7.806,5.403,"14.145079426228822,14.135285643003368,0.36465074522886504;2.440226870056917,4.933819650250329,1.1897814698375528;1.3066818871107722,17.589369001861286,0.9125121680327651;2.357678421611219,12.84984572684092,0.8379462386470249;16.982338471480936,14.4574540115461,0.7795617732176426;16.6561314066347,16.403439279548287,1.2836920917924646;5.398747996641409,15.000606954740654,0.2759122247568536;15.264278401717403,10.29919208231439,0.2316821241488554;10.911255852773824,12.32733772574333,0.7238978160411744;4.280084679595954,13.678702869526163,2.3024030597113416;17.479092617537404,11.080351461505307,1.1103263964905046;8.540140392127444,12.019562633396255,1.1337858747342713;11.741065877053364,13.225358942033967,0.46373120111325383;0.2566576950879157,15.438502156368578,0.25017761057893567;11.535138329870394,12.517501080138413,0.3023805730750141;2.2442554789509175,13.944225925149922,0.4764987910136303;2.829071724616509,6.815252500373287,1.116842398565673;12.89348341244764,4.462689100248536,2.456780207842593;2.792309268830196,1.9482063215231027,1.5239511084219592;18.63000485495394,9.516374612050642,0.4862045394896714;4.312449040471382,9.900114663805454,0.8882562845551485;0.6794491868940552,9.23994368862653,0.2431473573377341;17.386995268777646,18.78353211061407,0.9920648701342627"
9,drone_0,0.781,12.842,7.806,5.403,"14.145079426228822,14.135285643003368,0.36465074522886504;2.440226870056917,4.933819650250329,1.1897814698375528;1.3066818871107722,17.589369001861286,0.9125121680327651;2.357678421611219,12.84984572684092,0.8379462386470249;16.982338471480936,14.4574540115461,0.7795617732176426;16.6561314066347,16.403439279548287,1.2836920917924646;5.398747996641409,15.000606954740654,0.2759122247568536;15.264278401717403,10.29919208231439,0.2316821241488554;10.911255852773824,12.32733772574333,0.7238978160411744;4.280084679595954,13.678702869526163,2.3024030597113416;17.479092617537404,11.080351461505307,1.1103263964905046;8.540140392127444,12.019562633396255,1.1337858747342713;11.741065877053364,13.225358942033967,0.46373120111325383;0.2566576950879157,15.438502156368578,0.25017761057893567;11.535138329870394,12.517501080138413,0.3023805730750141;2.2442554789509175,13.944225925149922,0.4764987910136303;2.829071724616509,6.815252500373287,1.116842398565673;12.89348341244764,4.462689100248536,2.456780207842593;2.792309268830196,1.9482063215231027,1.5239511084219592;18.63000485495394,9.516374612050642,0.4862045394896714;4.312449040471382,9.900114663805454,0.8882562845551485;0.6794491868940552,9.23994368862653,0.2431473573377341;17.386995268777646,18.78353211061407,0.9920648701342627"
9,drone_1,14.726,13.527,7.806,5.403,"14.145079426228822,14.135285643003368,0.36465074522886504;2.440226870056917,4.933819650250329,1.1897814698375528;1.3066818871107722,17.589369001861286,0.9125121680327651;2.357678421611219,12.84984572684092,0.8379462386470249;16.982338471480936,14.4574540115461,0.7795617732176426;16.6561314066347,16.403439279548287,1.2836920917924646;5.398747996641409,15.000606954740654,0.2759122247568536;15.264278401717403,10.29919208231439,0.2316821241488554;10.911255852773824,12.32733772574333,0.7238978160411744;4.280084679595954,13.678702869526163,2.3024030597113416;17.479092617537404,11.080351461505307,1.1103263964905046;8.540140392127444,12.019562633396255,1.1337858747342713;11.741065877053364,13.225358942033967,0.46373120111325383;0.2566576950879157,15.438502156368578,0.25017761057893567;11.535138329870394,12.517501080138413,0.3023805730750141;2.2442554789509175,13.944225925149922,0.4764987910136303;2.829071724616509,6.815252500373287,1.116842398565673;12.89348341244764,4.462689100248536,2.456780207842593;2.792309268830196,1.9482063215231027,1.5239511084219592;18.63000485495394,9.516374612050642,0.4862045394896714;4.312449040471382,9.900114663805454,0.8882562845551485;0.6794491868940552,9.23994368862653,0.2431473573377341;17.386995268777646,18.78353211061407,0.9920648701342627"
9,drone_2,10.125,13.972,7.806,5.403,"14.145079426228822,14.135285643003368,0.36465074522886504;2.440226870056917,4.933819650250329,1.1897814698375528;1.3066818871107722,17.589369001861286,0.9125121680327651;2.357678421611219,12.84984572684092,0.8379462386470249;16.982338471480936,14.4574540115461,0.7795617732176426;16.6561314066347,16.403439279548287,1.2836920917924646;5.398747996641409,15.000606954740654,0.2759122247568536;15.264278401717403,10.29919208231439,0.2316821241488554;10.911255852773824,12.32733772574333,0.7238978160411744;4.280084679595954,13.678702869526163,2.3024030597113416;17.479092617537404,11.080351461505307,1.1103263964905046;8.540140392127444,12.019562633396255,1.1337858747342713;11.741065877053364,13.225358942033967,0.46373120111325383;0.2566576950879157,15.438502156368578,0.25017761057893567;11.535138329870394,12.517501080138413,0.3023805730750141;2.2442554789509175,13.944225925149922,0.4764987910136303;2.829071724616509,6.815252500373287,1.116842398565673;12.89348341244764,4.462689100248536,2.456780207842593;2.792309268830196,1.9482063215231027,1.5239511084219592;18.63000485495394,9.516374612050642,0.4862045394896714;4.312449040471382,9.900114663805454,0.8882562845551485;0.6794491868940552,9.23994368862653,0.2431473573377341;17.386995268777646,18.78353211061407,0.9920648701342627"
9,drone_3,16.137,12.237,7.806,5.403,"14.145079426228822,14.135285643003368,0.36465074522886504;2.440226870056917,4.933819650250329,1.1897814698375528;1.3066818871107722,17.589369001861286,0.9125121680327651;2.357678421611219,12.84984572684092,0.8379462386470249;16.982338471480936,14.4574540115461,0.7795617732176426;16.6561314066347,16.403439279548287,1.2836920917924646;5.398747996641409,15.000606954740654,0.2759122247568536;15.264278401717403,10.29919208231439,0.2316821241488554;10.911255852773824,12.32733772574333,0.7238978160411744;4.280084679595954,13.678702869526163,2.3024030597113416;17.479092617537404,11.080351461505307,1.1103263964905046;8.540140392127444,12.019562633396255,1.1337858747342713;11.741065877053364,13.225358942033967,0.46373120111325383;0.2566576950879157,15.438502156368578,0.25017761057893567;11.535138329870394,12.517501080138413,0.3023805730750141;2.2442554789509175,13.944225925149922,0.4764987910136303;2.829071724616509,6.815252500373287,1.116842398565673;12.89348341244764,4.462689100248536,2.456780207842593;2.792309268830196,1.9482063215231027,1.5239511084219592;18.63000485495394,9.516374612050642,0.4862045394896714;4.312449040471382,9.900114663805454,0.8882562845551485;0.6794491868940552,9.23994368862653,0.2431473573377341;17.386995268777646,18.78353211061407,0.9920648701342627"
9,drone_4,17.329,2.721,7.806,5.403,"14.145079426228822,14.135285643003368,0.36465074522886504;2.440226870056917,4.933819650250329,1.1897814698375528;1.3066818871107722,17.589369001861286,0.9125121680327651;2.357678421611219,12.84984572684092,0.8379462386470249;16.982338471480936,14.4574540115461,0.7795617732176426;16.6561314066347,16.403439279548287,1.2836920917924646;5.398747996641409,15.000606954740654,0.2759122247568536;15.264278401717403,10.29919208231439,0.2316821241488554;10.911255852773824,12.32733772574333,0.7238978160411744;4.280084679595954,13.678702869526163,2.3024030597113416;17.479092617537404,11.080351461505307,1.1103263964905046;8.540140392127444,12.019562633396255,1.1337858747342713;11.741065877053364,13.225358942033967,0.46373120111325383;0.2566576950879157,15.438502156368578,0.25017761057893567;11.535138329870394,12.517501080138413,0.3023805730750141;2.2442554789509175,13.944225925149922,0.4764987910136303;2.829071724616509,6.815252500373287,1.116842398565673;12.89348341244764,4.462689100248536,2.456780207842593;2.792309268830196,1.9482063215231027,1.5239511084219592;18.63000485495394,9.516374612050642,0.4862045394896714;4.312449040471382,9.900114663805454,0.8882562845551485;0.6794491868940552,9.23994368862653,0.2431473573377341;17.386995268777646,18.78353211061407,0.9920648701342627"
9,drone_5,8.025,8.221,7.806,5.403,"14.145079426228822,14.135285643003368,0.36465074522886504;2.440226870056917,4.933819650250329,1.1897814698375528;1.3066818871107722,17.589369001861286,0.9125121680327651;2.357678421611219,12.84984572684092,0.8379462386470249;16.982338471480936,14.4574540115461,0.7795617732176426;16.6561314066347,16.403439279548287,1.2836920917924646;5.398747996641409,15.000606954740654,0.2759122247568536;15.264278401717403,10.29919208231439,0.2316821241488554;10.911255852773824,12.32733772574333,0.7238978160411744;4.280084679595954,13.678702869526163,2.3024030597113416;17.479092617537404,11.080351461505307,1.1103263964905046;8.540140392127444,12.019562633396255,1.1337858747342713;11.741065877053364,13.225358942033967,0.46373120111325383;0.2566576950879157,15.438502156368578,0.25017761057893567;11.535138329870394,12.517501080138413,0.3023805730750141;2.2442554789509175,13.944225925149922,0.4764987910136303;2.829071724616509,6.815252500373287,1.116842398565673;12.89348341244764,4.462689100248536,2.456780207842593;2.792309268830196,1.9482063215231027,1.5239511084219592;18.63000485495394,9.516374612050642,0.4862045394896714;4.312449040471382,9.900114663805454,0.8882562845551485;0.6794491868940552,9.23994368862653,0.2431473573377341;17.386995268777646,18.78353211061407,0.9920648701342627"
9,drone_6,9.062,6.349,7.806,5.403,"14.145079426228822,14.135285643003368,0.36465074522886504;2.440226870056917,4.933819650250329,1.1897814698375528;1.3066818871107722,17.589369001861286,0.9125121680327651;2.357678421611219,12.84984572684092,0.8379462386470249;16.982338471480936,14.4574540115461,0.7795617732176426;16.6561314066347,16.403439279548287,1.2836920917924646;5.398747996641409,15.000606954740654,0.2759122247568536;15.264278401717403,10.29919208231439,0.2316821241488554;10.911255852773824,12.32733772574333,0.7238978160411744;4.280084679595954,13.678702869526163,2.3024030597113416;17.479092617537404,11.080351461505307,1.1103263964905046;8.540140392127444,12.019562633396255,1.1337858747342713;11.741065877053364,13.225358942033967,0.46373120111325383;0.2566576950879157,15.438502156368578,0.25017761057893567;11.535138329870394,12.517501080138413,0.3023805730750141;2.2442554789509175,13.944225925149922,0.4764987910136303;2.829071724616509,6.815252500373287,1.116842398565673;12.89348341244764,4.462689100248536,2.456780207842593;2.792309268830196,1.9482063215231027,1.5239511084219592;18.63000485495394,9.516374612050642,0.4862045394896714;4.312449040471382,9.900114663805454,0.8882562845551485;0.6794491868940552,9.23994368862653,0.2431473573377341;17.386995268777646,18.78353211061407,0.9920648701342627"
9,drone_7,13.002,15.174,7.806,5.403,"14.145079426228822,14.135285643003368,0.36465074522886504;2.440226870056917,4.933819650250329,1.1897814698375528;1.3066818871107722,17.589369001861286,0.9125121680327651;2.357678421611219,12.84984572684092,0.8379462386470249;16.982338471480936,14.4574540115461,0.7795617732176426;16.6561314066347,16.403439279548287,1.2836920917924646;5.398747996641409,15.000606954740654,0.2759122247568536;15.264278401717403,10.29919208231439,0.2316821241488554;10.911255852773824,12.32733772574333,0.7238978160411744;4.280084679595954,13.678702869526163,2.3024030597113416;17.479092617537404,11.080351461505307,1.1103263964905046;8.540140392127444,12.019562633396255,1.1337858747342713;11.741065877053364,13.225358942033967,0.46373120111325383;0.2566576950879157,15.438502156368578,0.25017761057893567;11.535138329870394,12.517501080138413,0.3023805730750141;2.2442554789509175,13.944225925149922,0.4764987910136303;2.829071724616509,6.815252500373287,1.116842398565673;12.89348341244764,4.462689100248536,2.456780207842593;2.792309268830196,1.9482063215231027,1.5239511084219592;18.63000485495394,9.516374612050642,0.4862045394896714;4.312449040471382,9.900114663805454,0.8882562845551485;0.6794491868940552,9.23994368862653,0.2431473573377341;17.386995268777646,18.78353211061407,0.9920648701342627"
9,drone_8,6.812,6.167,7.806,5.403,"14.145079426228822,14.135285643003368,0.36465074522886504;2.440226870056917,4.933819650250329,1.1897814698375528;1.3066818871107722,17.589369001861286,0.9125121680327651;2.357678421611219,12.84984572684092,0.8379462386470249;16.982338471480936,14.4574540115461,0.7795617732176426;16.6561314066347,16.403439279548287,1.2836920917924646;5.398747996641409,15.000606954740654,0.2759122247568536;15.264278401717403,10.29919208231439,0.2316821241488554;10.911255852773824,12.32733772574333,0.7238978160411744;4.280084679595954,13.678702869526163,2.3024030597113416;17.479092617537404,11.080351461505307,1.1103263964905046;8.540140392127444,12.019562633396255,1.1337858747342713;11.741065877053364,13.225358942033967,0.46373120111325383;0.2566576950879157,15.438502156368578,0.25017761057893567;11.535138329870394,12.517501080138413,0.3023805730750141;2.2442554789509175,13.944225925149922,0.4764987910136303;2.829071724616509,6.815252500373287,1.116842398565673;12.89348341244764,4.462689100248536,2.456780207842593;2.792309268830196,1.9482063215231027,1.5239511084219592;18.63000485495394,9.516374612050642,0.4862045394896714;4.312449040471382,9.900114663805454,0.8882562845551485;0.6794491868940552,9.23994368862653,0.2431473573377341;17.386995268777646,18.78353211061407,0.9920648701342627"
9,drone_9,1.045,6.833,7.806,5.403,"14.145079426228822,14.135285643003368,0.36465074522886504;2.440226870056917,4.933819650250329,1.1897814698375528;1.3066818871107722,17.589369001861286,0.9125121680327651;2.357678421611219,12.84984572684092,0.8379462386470249;16.982338471480936,14.4574540115461,0.7795617732176426;16.6561314066347,16.403439279548287,1.2836920917924646;5.398747996641409,15.000606954740654,0.2759122247568536;15.264278401717403,10.29919208231439,0.2316821241488554;10.911255852773824,12.32733772574333,0.7238978160411744;4.280084679595954,13.678702869526163,2.3024030597113416;17.479092617537404,11.080351461505307,1.1103263964905046;8.540140392127444,12.019562633396255,1.1337858747342713;11.741065877053364,13.225358942033967,0.46373120111325383;0.2566576950879157,15.438502156368578,0.25017761057893567;11.535138329870394,12.517501080138413,0.3023805730750141;2.2442554789509175,13.944225925149922,0.4764987910136303;2.829071724616509,6.815252500373287,1.116842398565673;12.89348341244764,4.462689100248536,2.456780207842593;2.792309268830196,1.9482063215231027,1.5239511084219592;18.63000485495394,9.516374612050642,0.4862045394896714;4.312449040471382,9.900114663805454,0.8882562845551485;0.6794491868940552,9.23994368862653,0.2431473573377341;17.386995268777646,18.78353211061407,0.9920648701342627"
10,drone_0,0.836,12.650,7.806,5.403,"14.145079426228822,14.135285643003368,0.36465074522886504;2.440226870056917,4.933819650250329,1.1897814698375528;1.3066818871107722,17.589369001861286,0.9125121680327651;2.357678421611219,12.84984572684092,0.8379462386470249;16.982338471480936,14.4574540115461,0.7795617732176426;16.6561314066347,16.403439279548287,1.2836920917924646;5.398747996641409,15.000606954740654,0.2759122247568536;15.264278401717403,10.29919208231439,0.2316821241488554;10.911255852773824,12.32733772574333,0.7238978160411744;4.280084679595954,13.678702869526163,2.3024030597113416;17.479092617537404,11.080351461505307,1.1103263964905046;8.540140392127444,12.019562633396255,1.1337858747342713;11.741065877053364,13.225358942033967,0.46373120111325383;0.2566576950879157,15.438502156368578,0.25017761057893567;11.535138329870394,12.517501080138413,0.3023805730750141;2.2442554789509175,13.944225925149922,0.4764987910136303;2.829071724616509,6.815252500373287,1.116842398565673;12.89348341244764,4.462689100248536,2.456780207842593;2.792309268830196,1.9482063215231027,1.5239511084219592;18.63000485495394,9.516374612050642,0.4862045394896714;4.312449040471382,9.900114663805454,0.8882562845551485;0.6794491868940552,9.23994368862653,0.2431473573377341;17.386995268777646,18.78353211061407,0.9920648701342627"
10,drone_1,14.585,13.386,7.806,5.403,"14.145079426228822,14.135285643003368,0.36465074522886504;2.440226870056917,4.933819650250329,1.1897814698375528;1.3066818871107722,17.589369001861286,0.9125121680327651;2.357678421611219,12.84984572684092,0.8379462386470249;16.982338471480936,14.4574540115461,0.7795617732176426;16.6561314066347,16.403439279548287,1.2836920917924646;5.398747996641409,15.000606954740654,0.2759122247568536;15.264278401717403,10.29919208231439,0.2316821241488554;10.911255852773824,12.32733772574333,0.7238978160411744;4.280084679595954,13.678702869526163,2.3024030597113416;17.479092617537404,11.080351461505307,1.1103263964905046;8.540140392127444,12.019562633396255,1.1337858747342713;11.741065877053364,13.225358942033967,0.46373120111325383;0.2566576950879157,15.438502156368578,0.25017761057893567;11.535138329870394,12.517501080138413,0.3023805730750141;2.2442554789509175,13.944225925149922,0.4764987910136303;2.829071724616509,6.815252500373287,1.116842398565673;12.89348341244764,4.462689100248536,2.456780207842593;2.792309268830196,1.9482063215231027,1.5239511084219592;18.63000485495394,9.516374612050642,0.4862045394896714;4.312449040471382,9.900114663805454,0.8882562845551485;0.6794491868940552,9.23994368862653,0.2431473573377341;17.386995268777646,18.78353211061407,0.9920648701342627"
10,drone_2,10.023,13.800,7.806,5.403,"14.145079426228822,14.135285643003368,0.36465074522886504;2.440226870056917,4.933819650250329,1.1897814698375528;1.3066818871107722,17.589369001861286,0.9125121680327651;2.357678421611219,12.84984572684092,0.8379462386470249;16.982338471480936,14.4574540115461,0.7795617732176426;16.6561314066347,16.403439279548287,1.2836920917924646;5.398747996641409,15.000606954740654,0.2759122247568536;15.264278401717403,10.29919208231439,0.2316821241488554;10.911255852773824,12.32733772574333,0.7238978160411744;4.280084679595954,13.678702869526163,2.3024030597113416;17.479092617537404,11.080351461505307,1.1103263964905046;8.540140392127444,12.019562633396255,1.1337858747342713;11.741065877053364,13.225358942033967,0.46373120111325383;0.2566576950879157,15.438502156368578,0.25017761057893567;11.535138329870394,12.517501080138413,0.3023805730750141;2.2442554789509175,13.944225925149922,0.4764987910136303;2.829071724616509,6.815252500373287,1.116842398565673;12.89348341244764,4.462689100248536,2.456780207842593;2.792309268830196,1.9482063215231027,1.5239511084219592;18.63000485495394,9.516374612050642,0.4862045394896714;4.312449040471382,9.900114663805454,0.8882562845551485;0.6794491868940552,9.23994368862653,0.2431473573377341;17.386995268777646,18.78353211061407,0.9920648701342627"
10,drone_3,15.987,12.104,7.806,5.403,"14.145079426228822,14.135285643003368,0.36465074522886504;2.440226870056917,4.933819650250329,1.1897814698375528;1.3066818871107722,17.589369001861286,0.9125121680327651;2.357678421611219,12.84984572684092,0.8379462386470249;16.982338471480936,14.4574540115461,0.7795617732176426;16.6561314066347,16.403439279548287,1.2836920917924646;5.398747996641409,15.000606954740654,0.2759122247568536;15.264278401717403,10.29919208231439,0.2316821241488554;10.911255852773824,12.32733772574333,0.7238978160411744;4.280084679595954,13.678702869526163,2.3024030597113416;17.479092617537404,11.080351461505307,1.1103263964905046;8.540140392127444,12.019562633396255,1.1337858747342713;11.741065877053364,13.225358942033967,0.46373120111325383;0.2566576950879157,15.438502156368578,0.25017761057893567;11.535138329870394,12.517501080138413,0.3023805730750141;2.2442554789509175,13.944225925149922,0.4764987910136303;2.829071724616509,6.815252500373287,1.116842398565673;12.89348341244764,4.462689100248536,2.456780207842593;2.792309268830196,1.9482063215231027,1.5239511084219592;18.63000485495394,9.516374612050642,0.4862045394896714;4.312449040471382,9.900114663805454,0.8882562845551485;0.6794491868940552,9.23994368862653,0.2431473573377341;17.386995268777646,18.78353211061407,0.9920648701342627"
10,drone_4,17.201,2.804,7.806,5.403,"14.145079426228822,14.135285643003368,0.36465074522886504;2.440226870056917,4.933819650250329,1.1897814698375528;1.3066818871107722,17.589369001861286,0.9125121680327651;2.357678421611219,12.84984572684092,0.8379462386470249;16.982338471480936,14.4574540115461,0.7795617732176426;16.6561314066347,16.403439279548287,1.2836920917924646;5.398747996641409,15.000606954740654,0.2759122247568536;15.264278401717403,10.29919208231439,0.2316821241488554;10.911255852773824,12.32733772574333,0.7238978160411744;4.280084679595954,13.678702869526163,2.3024030597113416;17.479092617537404,11.080351461505307,1.1103263964905046;8.540140392127444,12.019562633396255,1.1337858747342713;11.741065877053364,13.225358942033967,0.46373120111325383;0.2566576950879157,15.438502156368578,0.25017761057893567;11.535138329870394,12.517501080138413,0.3023805730750141;2.2442554789509175,13.944225925149922,0.4764987910136303;2.829071724616509,6.815252500373287,1.116842398565673;12.89348341244764,4.462689100248536,2.456780207842593;2.792309268830196,1.9482063215231027,1.5239511084219592;18.63000485495394,9.516374612050642,0.4862045394896714;4.312449040471382,9.900114663805454,0.8882562845551485;0.6794491868940552,9.23994368862653,0.2431473573377341;17.386995268777646,18.78353211061407,0.9920648701342627"
10,drone_5,7.971,8.028,7.806,5.403,"14.145079426228822,14.135285643003368,0.36465074522886504;2.440226870056917,4.933819650250329,1.1897814698375528;1.3066818871107722,17.589369001861286,0.9125121680327651;2.357678421611219,12.84984572684092,0.8379462386470249;16.982338471480936,14.4574540115461,0.7795617732176426;16.6561314066347,16.403439279548287,1.2836920917924646;5.398747996641409,15.000606954740654,0.2759122247568536;15.264278401717403,10.29919208231439,0.2316821241488554;10.911255852773824,12.32733772574333,0.7238978160411744;4.280084679595954,13.678702869526163,2.3024030597113416;17.479092617537404,11.080351461505307,1.1103263964905046;8.540140392127444,12.019562633396255,1.1337858747342713;11.741065877053364,13.225358942033967,0.46373120111325383;0.2566576950879157,15.438502156368578,0.25017761057893567;11.535138329870394,12.517501080138413,0.3023805730750141;2.2442554789509175,13.944225925149922,0.4764987910136303;2.829071724616509,6.815252500373287,1.116842398565673;12.89348341244764,4.462689100248536,2.456780207842593;2.792309268830196,1.9482063215231027,1.5239511084219592;18.63000485495394,9.516374612050642,0.4862045394896714;4.312449040471382,9.900114663805454,0.8882562845551485;0.6794491868940552,9.23994368862653,0.2431473573377341;17.386995268777646,18.78353211061407,0.9920648701342627"
10,drone_6,8.899,6.233,7.806,5.403,"14.145079426228822,14.135285643003368,0.36465074522886504;2.440226870056917,4.933819650250329,1.1897814698375528;1.3066818871107722,17.589369001861286,0.9125121680327651;2.357678421611219,12.84984572684092,0.8379462386470249;16.982338471480936,14.4574540115461,0.7795617732176426;16.6561314066347,16.403439279548287,1.2836920917924646;5.398747996641409,15.000606954740654,0.2759122247568536;15.264278401717403,10.29919208231439,0.2316821241488554;10.911255852773824,12.32733772574333,0.7238978160411744;4.280084679595954,13.678702869526163,2.3024030597113416;17.479092617537404,11.080351461505307,1.1103263964905046;8.540140392127444,12.019562633396255,1.1337858747342713;11.741065877053364,13.225358942033967,0.46373120111325383;0.2566576950879157,15.438502156368578,0.25017761057893567;11.535138329870394,12.517501080138413,0.3023805730750141;2.2442554789509175,13.944225925149922,0.4764987910136303;2.829071724616509,6.815252500373287,1.116842398565673;12.89348341244764,4.462689100248536,2.456780207842593;2.792309268830196,1.9482063215231027,1.5239511084219592;18.63000485495394,9.516374612050642,0.4862045394896714;4.312449040471382,9.900114663805454,0.8882562845551485;0.6794491868940552,9.23994368862653,0.2431473573377341;17.386995268777646,18.78353211061407,0.9920648701342627"
10,drone_7,12.874,15.020,7.806,5.403,"14.145079426228822,14.135285643003368,0.36465074522886504;2.440226870056917,4.933819650250329,1.1897814698375528;1.3066818871107722,17.589369001861286,0.9125121680327651;2.357678421611219,12.84984572684092,0.8379462386470249;16.982338471480936,14.4574540115461,0.7795617732176426;16.6561314066347,16.403439279548287,1.2836920917924646;5.398747996641409,15.000606954740654,0.2759122247568536;15.264278401717403,10.29919208231439,0.2316821241488554;10.911255852773824,12.32733772574333,0.7238978160411744;4.280084679595954,13.678702869526163,2.3024030597113416;17.479092617537404,11.080351461505307,1.1103263964905046;8.540140392127444,12.019562633396255,1.1337858747342713;11.741065877053364,13.225358942033967,0.46373120111325383;0.2566576950879157,15.438502156368578,0.25017761057893567;11.535138329870394,12.517501080138413,0.3023805730750141;2.2442554789509175,13.944225925149922,0.4764987910136303;2.829071724616509,6.815252500373287,1.116842398565673;12.89348341244764,4.462689100248536,2.456780207842593;2.792309268830196,1.9482063215231027,1.5239511084219592;18.63000485495394,9.516374612050642,0.4862045394896714;4.312449040471382,9.900114663805454,0.8882562845551485;0.6794491868940552,9.23994368862653,0.2431473573377341;17.386995268777646,18.78353211061407,0.9920648701342627"
10,drone_8,6.974,6.050,7.806,5.403,"14.145079426228822,14.135285643003368,0.36465074522886504;2.440226870056917,4.933819650250329,1.1897814698375528;1.3066818871107722,17.589369001861286,0.9125121680327651;2.357678421611219,12.84984572684092,0.8379462386470249;16.982338471480936,14.4574540115461,0.7795617732176426;16.6561314066347,16.403439279548287,1.2836920917924646;5.398747996641409,15.000606954740654,0.2759122247568536;15.264278401717403,10.29919208231439,0.2316821241488554;10.911255852773824,12.32733772574333,0.7238978160411744;4.280084679595954,13.678702869526163,2.3024030597113416;17.479092617537404,11.080351461505307,1.1103263964905046;8.540140392127444,12.019562633396255,1.1337858747342713;11.741065877053364,13.225358942033967,0.46373120111325383;0.2566576950879157,15.438502156368578,0.25017761057893567;11.535138329870394,12.517501080138413,0.3023805730750141;2.2442554789509175,13.944225925149922,0.4764987910136303;2.829071724616509,6.815252500373287,1.116842398565673;12.89348341244764,4.462689100248536,2.456780207842593;2.792309268830196,1.9482063215231027,1.5239511084219592;18.63000485495394,9.516374612050642,0.4862045394896714;4.312449040471382,9.900114663805454,0.8882562845551485;0.6794491868940552,9.23994368862653,0.2431473573377341;17.386995268777646,18.78353211061407,0.9920648701342627"
10,drone_9,1.087,7.028,7.806,5.403,"14.145079426228822,14.135285643003368,0.36465074522886504;2.440226870056917,4.933819650250329,1.1897814698375528;1.3066818871107722,17.589369001861286,0.9125121680327651;2.357678421611219,12.84984572684092,0.8379462386470249;16.982338471480936,14.4574540115461,0.7795617732176426;16.6561314066347,16.403439279548287,1.2836920917924646;5.398747996641409,15.000606954740654,0.2759122247568536;15.264278401717403,10.29919208231439,0.2316821241488554;10.911255852773824,12.32733772574333,0.7238978160411744;4.280084679595954,13.678702869526163,2.3024030597113416;17.479092617537404,11.080351461505307,1.1103263964905046;8.540140392127444,12.019562633396255,1.1337858747342713;11.741065877053364,13.225358942033967,0.46373120111325383;0.2566576950879157,15.438502156368578,0.25017761057893567;11.535138329870394,12.517501080138413,0.3023805730750141;2.2442554789509175,13.944225925149922,0.4764987910136303;2.829071724616509,6.815252500373287,1.116842398565673;12.89348341244764,4.462689100248536,2.456780207842593;2.792309268830196,1.9482063215231027,1.5239511084219592;18.63000485495394,9.516374612050642,0.4862045394896714;4.312449040471382,9.900114663805454,0.8882562845551485;0.6794491868940552,9.23994368862653,0.2431473573377341;17.386995268777646,18.78353211061407,0.9920648701342627"
11,drone_0,0.865,12.452,7.806,5.403,"14.145079426228822,14.135285643003368,0.36465074522886504;2.440226870056917,4.933819650250329,1.1897814698375528;1.3066818871107722,17.589369001861286,0.9125121680327651;2.357678421611219,12.84984572684092,0.8379462386470249;16.982338471480936,14.4574540115461,0.7795617732176426;16.6561314066347,16.403439279548287,1.2836920917924646;5.398747996641409,15.000606954740654,0.2759122247568536;15.264278401717403,10.29919208231439,0.2316821241488554;10.911255852773824,12.32733772574333,0.7238978160411744;4.280084679595954,13.678702869526163,2.3024030597113416;17.479092617537404,11.080351461505307,1.1103263964905046;8.540140392127444,12.019562633396255,1.1337858747342713;11.741065877053364,13.225358942033967,0.46373120111325383;0.2566576950879157,15.438502156368578,0.25017761057893567;11.535138329870394,12.517501080138413,0.3023805730750141;2.2442554789509175,13.944225925149922,0.4764987910136303;2.829071724616509,6.815252500373287,1.116842398565673;12.89348341244764,4.462689100248536,2.456780207842593;2.792309268830196,1.9482063215231027,1.5239511084219592;18.63000485495394,9.516374612050642,0.4862045394896714;4.312449040471382,9.900114663805454,0.8882562845551485;0.6794491868940552,9.23994368862653,0.2431473573377341;17.386995268777646,18.78353211061407,0.9920648701342627"
11,drone_1,14.443,13.245,7.806,5.403,"14.145079426228822,14.135285643003368,0.36465074522886504;2.440226870056917,4.933819650250329,1.1897814698375528;1.3066818871107722,17.589369001861286,0.9125121680327651;2.357678421611219,12.84984572684092,0.8379462386470249;16.982338471480936,14.4574540115461,0.7795617732176426;16.6561314066347,16.403439279548287,1.2836920917924646;5.398747996641409,15.000606954740654,0.2759122247568536;15.264278401717403,10.29919208231439,0.2316821241488554;10.911255852773824,12.32733772574333,0.7238978160411744;4.280084679595954,13.678702869526163,2.3024030597113416;17.479092617537404,11.080351461505307,1.1103263964905046;8.540140392127444,12.019562633396255,1.1337858747342713;11.741065877053364,13.225358942033967,0.46373120111325383;0.2566576950879157,15.438502156368578,0.25017761057893567;11.535138329870394,12.517501080138413,0.3023805730750141;2.2442554789509175,13.944225925149922,0.4764987910136303;2.829071724616509,6.815252500373287,1.116842398565673;12.89348341244764,4.462689100248536,2.456780207842593;2.792309268830196,1.9482063215231027,1.5239511084219592;18.63000485495394,9.516374612050642,0.4862045394896714;4.312449040471382,9.900114663805454,0.8882562845551485;0.6794491868940552,9.23994368862653,0.2431473573377341;17.386995268777646,18.78353211061407,0.9920648701342627"
11,drone_2,9.917,13.630,7.806,5.403,"14.145079426228822,14.135285643003368,0.36465074522886504;2.440226870056917,4.933819650250329,1.1897814698375528;1.3066818871107722,17.589369001861286,0.9125121680327651;2.357678421611219,12.84984572684092,0.8379462386470249;16.982338471480936,14.4574540115461,0.7795617732176426;16.6561314066347,16.403439279548287,1.2836920917924646;5.398747996641409,15.000606954740654,0.2759122247568536;15.264278401717403,10.29919208231439,0.2316821241488554;10.911255852773824,12.32733772574333,0.7238978160411744;4.280084679595954,13.678702869526163,2.3024030597113416;17.479092617537404,11.080351461505307,1.1103263964905046;8.540140392127444,12.019562633396255,1.1337858747342713;11.741065877053364,13.225358942033967,0.46373120111325383;0.2566576950879157,15.438502156368578,0.25017761057893567;11.535138329870394,12.517501080138413,0.3023805730750141;2.2442554789509175,13.944225925149922,0.4764987910136303;2.829071724616509,6.815252500373287,1.116842398565673;12.89348341244764,4.462689100248536,2.456780207842593;2.792309268830196,1.9482063215231027,1.5239511084219592;18.63000485495394,9.516374612050642,0.4862045394896714;4.312449040471382,9.900114663805454,0.8882562845551485;0.6794491868940552,9.23994368862653,0.2431473573377341;17.386995268777646,18.78353211061407,0.9920648701342627"
11,drone_3,15.840,11.968,7.806,5.403,"14.145079426228822,14.135285643003368,0.36465074522886504;2.440226870056917,4.933819650250329,1.1897814698375528;1.3066818871107722,17.589369001861286,0.9125121680327651;2.357678421611219,12.84984572684092,0.8379462386470249;16.982338471480936,14.4574540115461,0.7795617732176426;16.6561314066347,16.403439279548287,1.2836920917924646;5.398747996641409,15.000606954740654,0.2759122247568536;15.264278401717403,10.29919208231439,0.2316821241488554;10.911255852773824,12.32733772574333,0.7238978160411744;4.280084679595954,13.678702869526163,2.3024030597113416;17.479092617537404,11.080351461505307,1.1103263964905046;8.540140392127444,12.019562633396255,1.1337858747342713;11.741065877053364,13.225358942033967,0.46373120111325383;0.2566576950879157,15.438502156368578,0.25017761057893567;11.535138329870394,12.517501080138413,0.3023805730750141;2.2442554789509175,13.944225925149922,0.4764987910136303;2.829071724616509,6.815252500373287,1.116842398565673;12.89348341244764,4.462689100248536,2.456780207842593;2.792309268830196,1.9482063215231027,1.5239511084219592;18.63000485495394,9.516374612050642,0.4862045394896714;4.312449040471382,9.900114663805454,0.8882562845551485;0.6794491868940552,9.23994368862653,0.2431473573377341;17.386995268777646,18.78353211061407,0.9920648701342627"
11,drone_4,17.060,2.876,7.806,5.403,"14.145079426228822,14.135285643003368,0.36465074522886504;2.440226870056917,4.933819650250329,1.1897814698375528;1.3066818871107722,17.589369001861286,0.9125121680327651;2.357678421611219,12.84984572684092,0.8379462386470249;16.982338471480936,14.4574540115461,0.7795617732176426;16.6561314066347,16.403439279548287,1.2836920917924646;5.398747996641409,15.000606954740654,0.2759122247568536;15.264278401717403,10.29919208231439,0.2316821241488554;10.911255852773824,12.32733772574333,0.7238978160411744;4.280084679595954,13.678702869526163,2.3024030597113416;17.479092617537404,11.080351461505307,1.1103263964905046;8.540140392127444,12.019562633396255,1.1337858747342713;11.741065877053364,13.225358942033967,0.46373120111325383;0.2566576950879157,15.438502156368578,0.25017761057893567;11.535138329870394,12.517501080138413,0.3023805730750141;2.2442554789509175,13.944225925149922,0.4764987910136303;2.829071724616509,6.815252500373287,1.116842398565673;12.89348341244764,4.462689100248536,2.456780207842593;2.792309268830196,1.9482063215231027,1.5239511084219592;18.63000485495394,9.516374612050642,0.4862045394896714;4.312449040471382,9.900114663805454,0.8882562845551485;0.6794491868940552,9.23994368862653,0.2431473573377341;17.386995268777646,18.78353211061407,0.9920648701342627"
11,drone_5,7.942,7.831,7.806,5.403,"14.145079426228822,14.135285643003368,0.36465074522886504;2.440226870056917,4.933819650250329,1.1897814698375528;1.3066818871107722,17.589369001861286,0.9125121680327651;2.357678421611219,12.84984572684092,0.8379462386470249;16.982338471480936,14.4574540115461,0.7795617732176426;16.6561314066347,16.403439279548287,1.2836920917924646;5.398747996641409,15.000606954740654,0.2759122247568536;15.264278401717403,10.29919208231439,0.2316821241488554;10.911255852773824,12.32733772574333,0.7238978160411744;4.280084679595954,13.678702869526163,2.3024030597113416;17.479092617537404,11.080351461505307,1.1103263964905046;8.540140392127444,12.019562633396255,1.1337858747342713;11.741065877053364,13.225358942033967,0.46373120111325383;0.2566576950879157,15.438502156368578,0.25017761057893567;11.535138329870394,12.517501080138413,0.3023805730750141;2.2442554789509175,13.944225925149922,0.4764987910136303;2.829071724616509,6.815252500373287,1.116842398565673;12.89348341244764,4.462689100248536,2.456780207842593;2.792309268830196,1.9482063215231027,1.5239511084219592;18.63000485495394,9.516374612050642,0.4862045394896714;4.312449040471382,9.900114663805454,0.8882562845551485;0.6794491868940552,9.23994368862653,0.2431473573377341;17.386995268777646,18.78353211061407,0.9920648701342627"
11,drone_6,8.729,6.127,7.806,5.403,"14.145079426228822,14.135285643003368,0.36465074522886504;2.440226870056917,4.933819650250329,1.1897814698375528;1.3066818871107722,17.589369001861286,0.9125121680327651;2.357678421611219,12.84984572684092,0.8379462386470249;16.982338471480936,14.4574540115461,0.7795617732176426;16.6561314066347,16.403439279548287,1.2836920917924646;5.398747996641409,15.000606954740654,0.2759122247568536;15.264278401717403,10.29919208231439,0.2316821241488554;10.911255852773824,12.32733772574333,0.7238978160411744;4.280084679595954,13.678702869526163,2.3024030597113416;17.479092617537404,11.080351461505307,1.1103263964905046;8.540140392127444,12.019562633396255,1.1337858747342713;11.741065877053364,13.225358942033967,0.46373120111325383;0.2566576950879157,15.438502156368578,0.25017761057893567;11.535138329870394,12.517501080138413,0.3023805730750141;2.2442554789509175,13.944225925149922,0.4764987910136303;2.829071724616509,6.815252500373287,1.116842398565673;12.89348341244764,4.462689100248536,2.456780207842593;2.792309268830196,1.9482063215231027,1.5239511084219592;18.63000485495394,9.516374612050642,0.4862045394896714;4.312449040471382,9.900114663805454,0.8882562845551485;0.6794491868940552,9.23994368862653,0.2431473573377341;17.386995268777646,18.78353211061407,0.9920648701342627"
11,drone_7,12.756,14.858,7.806,5.403,"14.145079426228822,14.135285643003368,0.36465074522886504;2.440226870056917,4.933819650250329,1.1897814698375528;1.3066818871107722,17.589369001861286,0.9125121680327651;2.357678421611219,12.84984572684092,0.8379462386470249;16.982338471480936,14.4574540115461,0.7795617732176426;16.6561314066347,16.403439279548287,1.2836920917924646;5.398747996641409,15.000606954740654,0.2759122247568536;15.264278401717403,10.29919208231439,0.2316821241488554;10.911255852773824,12.32733772574333,0.7238978160411744;4.280084679595954,13.678702869526163,2.3024030597113416;17.479092617537404,11.080351461505307,1.1103263964905046;8.540140392127444,12.019562633396255,1.1337858747342713;11.741065877053364,13.225358942033967,0.46373120111325383;0.2566576950879157,15.438502156368578,0.25017761057893567;11.535138329870394,12.517501080138413,0.3023805730750141;2.2442554789509175,13.944225925149922,0.4764987910136303;2.829071724616509,6.815252500373287,1.116842398565673;12.89348341244764,4.462689100248536,2.456780207842593;2.792309268830196,1.9482063215231027,1.5239511084219592;18.63000485495394,9.516374612050642,0.4862045394896714;4.312449040471382,9.900114663805454,0.8882562845551485;0.6794491868940552,9.23994368862653,0.2431473573377341;17.386995268777646,18.78353211061407,0.9920648701342627"
11,drone_8,7.141,5.940,7.806,5.403,"14.145079426228822,14.135285643003368,0.36465074522886504;2.440226870056917,4.933819650250329,1.1897814698375528;1.3066818871107722,17.589369001861286,0.9125121680327651;2.357678421611219,12.84984572684092,0.8379462386470249;16.982338471480936,14.4574540115461,0.7795617732176426;16.6561314066347,16.403439279548287,1.2836920917924646;5.398747996641409,15.000606954740654,0.2759122247568536;15.264278401717403,10.29919208231439,0.2316821241488554;10.911255852773824,12.32733772574333,0.7238978160411744;4.280084679595954,13.678702869526163,2.3024030597113416;17.479092617537404,11.080351461505307,1.1103263964905046;8.540140392127444,12.019562633396255,1.1337858747342713;11.741065877053364,13.225358942033967,0.46373120111325383;0.2566576950879157,15.438502156368578,0.25017761057893567;11.535138329870394,12.517501080138413,0.3023805730750141;2.2442554789509175,13.944225925149922,0.4764987910136303;2.829071724616509,6.815252500373287,1.116842398565673;12.89348341244764,4.462689100248536,2.456780207842593;2.792309268830196,1.9482063215231027,1.5239511084219592;18.63000485495394,9.516374612050642,0.4862045394896714;4.312449040471382,9.900114663805454,0.8882562845551485;0.6794491868940552,9.23994368862653,0.2431473573377341;17.386995268777646,18.78353211061407,0.9920648701342627"
11,drone_9,1.098,7.228,7.806,5.403,"14.145079426228822,14.135285643003368,0.36465074522886504;2.440226870056917,4.933819650250329,1.1897814698375528;1.3066818871107722,17.589369001861286,0.9125121680327651;2.357678421611219,12.84984572684092,0.8379462386470249;16.982338471480936,14.4574540115461,0.7795617732176426;16.6561314066347,16.403439279548287,1.2836920917924646;5.398747996641409,15.000606954740654,0.2759122247568536;15.264278401717403,10.29919208231439,0.2316821241488554;10.911255852773824,12.32733772574333,0.7238978160411744;4.280084679595954,13.678702869526163,2.3024030597113416;17.479092617537404,11.080351461505307,1.1103263964905046;8.540140392127444,12.019562633396255,1.1337858747342713;11.741065877053364,13.225358942033967,0.46373120111325383;0.2566576950879157,15.438502156368578,0.25017761057893567;11.535138329870394,12.517501080138413,0.3023805730750141;2.2442554789509175,13.944225925149922,0.4764987910136303;2.829071724616509,6.815252500373287,1.116842398565673;12.89348341244764,4.462689100248536,2.456780207842593;2.792309268830196,1.9482063215231027,1.5239511084219592;18.63000485495394,9.516374612050642,0.4862045394896714;4.312449040471382,9.900114663805454,0.8882562845551485;0.6794491868940552,9.23994368862653,0.2431473573377341;17.386995268777646,18.78353211061407,0.9920648701342627"
12,drone_0,0.936,12.265,7.806,5.403,"14.145079426228822,14.135285643003368,0.36465074522886504;2.440226870056917,4.933819650250329,1.1897814698375528;1.3066818871107722,17.589369001861286,0.9125121680327651;2.357678421611219,12.84984572684092,0.8379462386470249;16.982338471480936,14.4574540115461,0.7795617732176426;16.6561314066347,16.403439279548287,1.2836920917924646;5.398747996641409,15.000606954740654,0.2759122247568536;15.264278401717403,10.29919208231439,0.2316821241488554;10.911255852773824,12.32733772574333,0.7238978160411744;4.280084679595954,13.678702869526163,2.3024030597113416;17.479092617537404,11.080351461505307,1.1103263964905046;8.540140392127444,12.019562633396255,1.1337858747342713;11.741065877053364,13.225358942033967,0.46373120111325383;0.2566576950879157,15.438502156368578,0.25017761057893567;11.535138329870394,12.517501080138413,0.3023805730750141;2.2442554789509175,13.944225925149922,0.4764987910136303;2.829071724616509,6.815252500373287,1.116842398565673;12.89348341244764,4.462689100248536,2.456780207842593;2.792309268830196,1.9482063215231027,1.5239511084219592;18.63000485495394,9.516374612050642,0.4862045394896714;4.312449040471382,9.900114663805454,0.8882562845551485;0.6794491868940552,9.23994368862653,0.2431473573377341;17.386995268777646,18.78353211061407,0.9920648701342627"
12,drone_1,14.302,13.103,7.806,5.403,"14.145079426228822,14.135285643003368,0.36465074522886504;2.440226870056917,4.933819650250329,1.1897814698375528;1.3066818871107722,17.589369001861286,0.9125121680327651;2.357678421611219,12.84984572684092,0.8379462386470249;16.982338471480936,14.4574540115461,0.7795617732176426;16.6561314066347,16.403439279548287,1.2836920917924646;5.398747996641409,15.000606954740654,0.2759122247568536;15.264278401717403,10.29919208231439,0.2316821241488554;10.911255852773824,12.32733772574333,0.7238978160411744;4.280084679595954,13.678702869526163,2.3024030597113416;17.479092617537404,11.080351461505307,1.1103263964905046;8.540140392127444,12.019562633396255,1.1337858747342713;11.741065877053364,13.225358942033967,0.46373120111325383;0.2566576950879157,15.438502156368578,0.25017761057893567;11.535138329870394,12.517501080138413,0.3023805730750141;2.2442554789509175,13.944225925149922,0.4764987910136303;2.829071724616509,6.815252500373287,1.116842398565673;12.89348341244764,4.462689100248536,2.456780207842593;2.792309268830196,1.9482063215231027,1.5239511084219592;18.63000485495394,9.516374612050642,0.4862045394896714;4.312449040471382,9.900114663805454,0.8882562845551485;0.6794491868940552,9.23994368862653,0.2431473573377341;17.386995268777646,18.78353211061407,0.9920648701342627"
12,drone_2,9.817,13.457,7.806,5.403,"14.145079426228822,14.135285643003368,0.36465074522886504;2.440226870056917,4.933819650250329,1.1897814698375528;1.3066818871107722,17.589369001861286,0.9125121680327651;2.357678421611219,12.84984572684092,0.8379462386470249;16.982338471480936,14.4574540115461,0.7795617732176426;16.6561314066347,16.403439279548287,1.2836920917924646;5.398747996641409,15.000606954740654,0.2759122247568536;15.264278401717403,10.29919208231439,0.2316821241488554;10.911255852773824,12.32733772574333,0.7238978160411744;4.280084679595954,13.678702869526163,2.3024030597113416;17.479092617537404,11.080351461505307,1.1103263964905046;8.540140392127444,12.019562633396255,1.1337858747342713;11.741065877053364,13.225358942033967,0.46373120111325383;0.2566576950879157,15.438502156368578,0.25017761057893567;11.535138329870394,12.517501080138413,0.3023805730750141;2.2442554789509175,13.944225925149922,0.4764987910136303;2.829071724616509,6.815252500373287,1.116842398565673;12.89348341244764,4.462689100248536,2.456780207842593;2.792309268830196,1.9482063215231027,1.5239511084219592;18.63000485495394,9.516374612050642,0.4862045394896714;4.312449040471382,9.900114663805454,0.8882562845551485;0.6794491868940552,9.23994368862653,0.2431473573377341;17.386995268777646,18.78353211061407,0.9920648701342627"
12,drone_3,15.682,11.846,7.806,5.403,"14.145079426228822,14.135285643003368,0.36465074522886504;2.440226870056917,4.933819650250329,1.1897814698375528;1.3066818871107722,17.589369001861286,0.9125121680327651;2.357678421611219,12.84984572684092,0.8379462386470249;16.982338471480936,14.4574540115461,0.7795617732176426;16.6561314066347,16.403439279548287,1.2836920917924646;5.398747996641409,15.000606954740654,0.2759122247568536;15.264278401717403,10.29919208231439,0.2316821241488554;10.911255852773824,12.32733772574333,0.7238978160411744;4.280084679595954,13.678702869526163,2.3024030597113416;17.479092617537404,11.080351461505307,1.1103263964905046;8.540140392127444,12.019562633396255,1.1337858747342713;11.741065877053364,13.225358942033967,0.46373120111325383;0.2566576950879157,15.438502156368578,0.25017761057893567;11.535138329870394,12.517501080138413,0.3023805730750141;2.2442554789509175,13.944225925149922,0.4764987910136303;2.829071724616509,6.815252500373287,1.116842398565673;12.89348341244764,4.462689100248536,2.456780207842593;2.792309268830196,1.9482063215231027,1.5239511084219592;18.63000485495394,9.516374612050642,0.4862045394896714;4.312449040471382,9.900114663805454,0.8882562845551485;0.6794491868940552,9.23994368862653,0.2431473573377341;17.386995268777646,18.78353211061407,0.9920648701342627"
12,drone_4,16.994,2.938,7.806,5.403,"14.145079426228822,14.135285643003368,0.36465074522886504;2.440226870056917,4.933819650250329,1.1897814698375528;1.3066818871107722,17.589369001861286,0.9125121680327651;2.357678421611219,12.84984572684092,0.8379462386470249;16.982338471480936,14.4574540115461,0.7795617732176426;16.6561314066347,16.403439279548287,1.2836920917924646;5.398747996641409,15.000606954740654,0.2759122247568536;15.264278401717403,10.29919208231439,0.2316821241488554;10.911255852773824,12.32733772574333,0.7238978160411744;4.280084679595954,13.678702869526163,2.3024030597113416;17.479092617537404,11.080351461505307,1.1103263964905046;8.540140392127444,12.019562633396255,1.1337858747342713;11.741065877053364,13.225358942033967,0.46373120111325383;0.2566576950879157,15.438502156368578,0.25017761057893567;11.535138329870394,12.517501080138413,0.3023805730750141;2.2442554789509175,13.944225925149922,0.4764987910136303;2.829071724616509,6.815252500373287,1.116842398565673;12.89348341244764,4.462689100248536,2.456780207842593;2.792309268830196,1.9482063215231027,1.5239511084219592;18.63000485495394,9.516374612050642,0.4862045394896714;4.312449040471382,9.900114663805454,0.8882562845551485;0.6794491868940552,9.23994368862653,0.2431473573377341;17.386995268777646,18.78353211061407,0.9920648701342627"
12,drone_5,7.885,7.639,7.806,5.403,"14.145079426228822,14.135285643003368,0.36465074522886504;2.440226870056917,4.933819650250329,1.1897814698375528;1.3066818871107722,17.589369001861286,0.9125121680327651;2.357678421611219,12.84984572684092,0.8379462386470249;16.982338471480936,14.4574540115461,0.7795617732176426;16.6561314066347,16.403439279548287,1.2836920917924646;5.398747996641409,15.000606954740654,0.2759122247568536;15.264278401717403,10.29919208231439,0.2316821241488554;10.911255852773824,12.32733772574333,0.7238978160411744;4.280084679595954,13.678702869526163,2.3024030597113416;17.479092617537404,11.080351461505307,1.1103263964905046;8.540140392127444,12.019562633396255,1.1337858747342713;11.741065877053364,13.225358942033967,0.46373120111325383;0.2566576950879157,15.438502156368578,0.25017761057893567;11.535138329870394,12.517501080138413,0.3023805730750141;2.2442554789509175,13.944225925149922,0.4764987910136303;2.829071724616509,6.815252500373287,1.116842398565673;12.89348341244764,4.462689100248536,2.456780207842593;2.792309268830196,1.9482063215231027,1.5239511084219592;18.63000485495394,9.516374612050642,0.4862045394896714;4.312449040471382,9.900114663805454,0.8882562845551485;0.6794491868940552,9.23994368862653,0.2431473573377341;17.386995268777646,18.78353211061407,0.9920648701342627"
12,drone_6,8.566,6.011,7.806,5.403,"14.145079426228822,14.135285643003368,0.36465074522886504;2.440226870056917,4.933819650250329,1.1897814698375528;1.3066818871107722,17.589369001861286,0.9125121680327651;2.357678421611219,12.84984572684092,0.8379462386470249;16.982338471480936,14.4574540115461,0.7795617732176426;16.6561314066347,16.403439279548287,1.2836920917924646;5.398747996641409,15.000606954740654,0.2759122247568536;15.264278401717403,10.29919208231439,0.2316821241488554;10.911255852773824,12.32733772574333,0.7238978160411744;4.280084679595954,13.678702869526163,2.3024030597113416;17.479092617537404,11.080351461505307,1.1103263964905046;8.540140392127444,12.019562633396255,1.1337858747342713;11.741065877053364,13.225358942033967,0.46373120111325383;0.2566576950879157,15.438502156368578,0.25017761057893567;11.535138329870394,12.517501080138413,0.3023805730750141;2.2442554789509175,13.944225925149922,0.4764987910136303;2.829071724616509,6.815252500373287,1.116842398565673;12.89348341244764,4.462689100248536,2.456780207842593;2.792309268830196,1.9482063215231027,1.5239511084219592;18.63000485495394,9.516374612050642,0.4862045394896714;4.312449040471382,9.900114663805454,0.8882562845551485;0.6794491868940552,9.23994368862653,0.2431473573377341;17.386995268777646,18.78353211061407,0.9920648701342627"
12,drone_7,12.631,14.703,7.806,5.403,"14.145079426228822,14.135285643003368,0.36465074522886504;2.440226870056917,4.933819650250329,1.1897814698375528;1.3066818871107722,17.589369001861286,0.9125121680327651;2.357678421611219,12.84984572684092,0.8379462386470249;16.982338471480936,14.4574540115461,0.7795617732176426;16.6561314066347,16.403439279548287,1.2836920917924646;5.398747996641409,15.000606954740654,0.2759122247568536;15.264278401717403,10.29919208231439,0.2316821241488554;10.911255852773824,12.32733772574333,0.7238978160411744;4.280084679595954,13.678702869526163,2.3024030597113416;17.479092617537404,11.080351461505307,1.1103263964905046;8.540140392127444,12.019562633396255,1.1337858747342713;11.741065877053364,13.225358942033967,0.46373120111325383;0.2566576950879157,15.438502156368578,0.25017761057893567;11.535138329870394,12.517501080138413,0.3023805730750141;2.2442554789509175,13.944225925149922,0.4764987910136303;2.829071724616509,6.815252500373287,1.116842398565673;12.89348341244764,4.462689100248536,2.456780207842593;2.792309268830196,1.9482063215231027,1.5239511084219592;18.63000485495394,9.516374612050642,0.4862045394896714;4.312449040471382,9.900114663805454,0.8882562845551485;0.6794491868940552,9.23994368862653,0.2431473573377341;17.386995268777646,18.78353211061407,0.9920648701342627"
12,drone_9,1.168,7.415,7.806,5.403,"14.145079426228822,14.135285643003368,0.36465074522886504;2.440226870056917,4.933819650250329,1.1897814698375528;1.3066818871107722,17.589369001861286,0.9125121680327651;2.357678421611219,12.84984572684092,0.8379462386470249;16.982338471480936,14.4574540115461,0.7795617732176426;16.6561314066347,16.403439279548287,1.2836920917924646;5.398747996641409,15.000606954740654,0.2759122247568536;15.264278401717403,10.29919208231439,0.2316821241488554;10.911255852773824,12.32733772574333,0.7238978160411744;4.280084679595954,13.678702869526163,2.3024030597113416;17.479092617537404,11.080351461505307,1.1103263964905046;8.540140392127444,12.019562633396255,1.1337858747342713;11.741065877053364,13.225358942033967,0.46373120111325383;0.2566576950879157,15.438502156368578,0.25017761057893567;11.535138329870394,12.517501080138413,0.3023805730750141;2.2442554789509175,13.944225925149922,0.4764987910136303;2.829071724616509,6.815252500373287,1.116842398565673;12.89348341244764,4.462689100248536,2.456780207842593;2.792309268830196,1.9482063215231027,1.5239511084219592;18.63000485495394,9.516374612050642,0.4862045394896714;4.312449040471382,9.900114663805454,0.8882562845551485;0.6794491868940552,9.23994368862653,0.2431473573377341;17.386995268777646,18.78353211061407,0.9920648701342627"
13,drone_0,0.992,12.073,7.806,5.403,"14.145079426228822,14.135285643003368,0.36465074522886504;2.440226870056917,4.933819650250329,1.1897814698375528;1.3066818871107722,17.589369001861286,0.9125121680327651;2.357678421611219,12.84984572684092,0.8379462386470249;16.982338471480936,14.4574540115461,0.7795617732176426;16.6561314066347,16.403439279548287,1.2836920917924646;5.398747996641409,15.000606954740654,0.2759122247568536;15.264278401717403,10.29919208231439,0.2316821241488554;10.911255852773824,12.32733772574333,0.7238978160411744;4.280084679595954,13.678702869526163,2.3024030597113416;17.479092617537404,11.080351461505307,1.1103263964905046;8.540140392127444,12.019562633396255,1.1337858747342713;11.741065877053364,13.225358942033967,0.46373120111325383;0.2566576950879157,15.438502156368578,0.25017761057893567;11.535138329870394,12.517501080138413,0.3023805730750141;2.2442554789509175,13.944225925149922,0.4764987910136303;2.829071724616509,6.815252500373287,1.116842398565673;12.89348341244764,4.462689100248536,2.456780207842593;2.792309268830196,1.9482063215231027,1.5239511084219592;18.63000485495394,9.516374612050642,0.4862045394896714;4.312449040471382,9.900114663805454,0.8882562845551485;0.6794491868940552,9.23994368862653,0.2431473573377341;17.386995268777646,18.78353211061407,0.9920648701342627"
13,drone_1,14.160,12.962,7.806,5.403,"14.145079426228822,14.135285643003368,0.36465074522886504;2.440226870056917,4.933819650250329,1.1897814698375528;1.3066818871107722,17.589369001861286,0.9125121680327651;2.357678421611219,12.84984572684092,0.8379462386470249;16.982338471480936,14.4574540115461,0.7795617732176426;16.6561314066347,16.403439279548287,1.2836920917924646;5.398747996641409,15.000606954740654,0.2759122247568536;15.264278401717403,10.29919208231439,0.2316821241488554;10.911255852773824,12.32733772574333,0.7238978160411744;4.280084679595954,13.678702869526163,2.3024030597113416;17.479092617537404,11.080351461505307,1.1103263964905046;8.540140392127444,12.019562633396255,1.1337858747342713;11.741065877053364,13.225358942033967,0.46373120111325383;0.2566576950879157,15.438502156368578,0.25017761057893567;11.535138329870394,12.517501080138413,0.3023805730750141;2.2442554789509175,13.944225925149922,0.4764987910136303;2.829071724616509,6.815252500373287,1.116842398565673;12.89348341244764,4.462689100248536,2.456780207842593;2.792309268830196,1.9482063215231027,1.5239511084219592;18.63000485495394,9.516374612050642,0.4862045394896714;4.312449040471382,9.900114663805454,0.8882562845551485;0.6794491868940552,9.23994368862653,0.2431473573377341;17.386995268777646,18.78353211061407,0.9920648701342627"
13,drone_2,9.816,13.297,7.806,5.403,"14.145079426228822,14.135285643003368,0.36465074522886504;2.440226870056917,4.933819650250329,1.1897814698375528;1.3066818871107722,17.589369001861286,0.9125121680327651;2.357678421611219,12.84984572684092,0.8379462386470249;16.982338471480936,14.4574540115461,0.7795617732176426;16.6561314066347,16.403439279548287,1.2836920917924646;5.398747996641409,15.000606954740654,0.2759122247568536;15.264278401717403,10.29919208231439,0.2316821241488554;10.911255852773824,12.32733772574333,0.7238978160411744;4.280084679595954,13.678702869526163,2.3024030597113416;17.479092617537404,11.080351461505307,1.1103263964905046;8.540140392127444,12.019562633396255,1.1337858747342713;11.741065877053364,13.225358942033967,0.46373120111325383;0.2566576950879157,15.438502156368578,0.25017761057893567;11.535138329870394,12.517501080138413,0.3023805730750141;2.2442554789509175,13.944225925149922,0.4764987910136303;2.829071724616509,6.815252500373287,1.116842398565673;12.89348341244764,4.462689100248536,2.456780207842593;2.792309268830196,1.9482063215231027,1.5239511084219592;18.63000485495394,9.516374612050642,0.4862045394896714;4.312449040471382,9.900114663805454,0.8882562845551485;0.6794491868940552,9.23994368862653,0.2431473573377341;17.386995268777646,18.78353211061407,0.9920648701342627"
13,drone_3,15.530,11.716,7.806,5.403,"14.145079426228822,14.135285643003368,0.36465074522886504;2.440226870056917,4.933819650250329,1.1897814698375528;1.3066818871107722,17.589369001861286,0.9125121680327651;2.357678421611219,12.84984572684092,0.8379462386470249;16.982338471480936,14.4574540115461,0.7795617732176426;16.6561314066347,16.403439279548287,1.2836920917924646;5.398747996641409,15.000606954740654,0.2759122247568536;15.264278401717403,10.29919208231439,0.2316821241488554;10.911255852773824,12.32733772574333,0.7238978160411744;4.280084679595954,13.678702869526163,2.3024030597113416;17.479092617537404,11.080351461505307,1.1103263964905046;8.540140392127444,12.019562633396255,1.1337858747342713;11.741065877053364,13.225358942033967,0.46373120111325383;0.2566576950879157,15.438502156368578,0.25017761057893567;11.535138329870394,12.517501080138413,0.3023805730750141;2.2442554789509175,13.944225925149922,0.4764987910136303;2.829071724616509,6.815252500373287,1.116842398565673;12.89348341244764,4.462689100248536,2.456780207842593;2.792309268830196,1.9482063215231027,1.5239511084219592;18.63000485495394,9.516374612050642,0.4862045394896714;4.312449040471382,9.900114663805454,0.8882562845551485;0.6794491868940552,9.23994368862653,0.2431473573377341;17.386995268777646,18.78353211061407,0.9920648701342627"
13,drone_4,16.851,3.003,7.806,5.403,"14.145079426228822,14.135285643003368,0.36465074522886504;2.440226870056917,4.933819650250329,1.1897814698375528;1.3066818871107722,17.589369001861286,0.9125121680327651;2.357678421611219,12.84984572684092,0.8379462386470249;16.982338471480936,14.4574540115461,0.7795617732176426;16.6561314066347,16.403439279548287,1.2836920917924646;5.398747996641409,15.000606954740654,0.2759122247568536;15.264278401717403,10.29919208231439,0.2316821241488554;10.911255852773824,12.32733772574333,0.7238978160411744;4.280084679595954,13.678702869526163,2.3024030597113416;17.479092617537404,11.080351461505307,1.1103263964905046;8.540140392127444,12.019562633396255,1.1337858747342713;11.741065877053364,13.225358942033967,0.46373120111325383;0.2566576950879157,15.438502156368578,0.25017761057893567;11.535138329870394,12.517501080138413,0.3023805730750141;2.2442554789509175,13.944225925149922,0.4764987910136303;2.829071724616509,6.815252500373287,1.116842398565673;12.89348341244764,4.462689100248536,2.456780207842593;2.792309268830196,1.9482063215231027,1.5239511084219592;18.63000485495394,9.516374612050642,0.4862045394896714;4.312449040471382,9.900114663805454,0.8882562845551485;0.6794491868940552,9.23994368862653,0.2431473573377341;17.386995268777646,18.78353211061407,0.9920648701342627"
13,drone_5,7.839,7.444,7.806,5.403,"14.145079426228822,14.135285643003368,0.36465074522886504;2.440226870056917,4.933819650250329,1.1897814698375528;1.3066818871107722,17.589369001861286,0.9125121680327651;2.357678421611219,12.84984572684092,0.8379462386470249;16.982338471480936,14.4574540115461,0.7795617732176426;16.6561314066347,16.403439279548287,1.2836920917924646;5.398747996641409,15.000606954740654,0.2759122247568536;15.264278401717403,10.29919208231439,0.2316821241488554;10.911255852773824,12.32733772574333,0.7238978160411744;4.280084679595954,13.678702869526163,2.3024030597113416;17.479092617537404,11.080351461505307,1.1103263964905046;8.540140392127444,12.019562633396255,1.1337858747342713;11.741065877053364,13.225358942033967,0.46373120111325383;0.2566576950879157,15.438502156368578,0.25017761057893567;11.535138329870394,12.517501080138413,0.3023805730750141;2.2442554789509175,13.944225925149922,0.4764987910136303;2.829071724616509,6.815252500373287,1.116842398565673;12.89348341244764,4.462689100248536,2.456780207842593;2.792309268830196,1.9482063215231027,1.5239511084219592;18.63000485495394,9.516374612050642,0.4862045394896714;4.312449040471382,9.900114663805454,0.8882562845551485;0.6794491868940552,9.23994368862653,0.2431473573377341;17.386995268777646,18.78353211061407,0.9920648701342627"
13,drone_6,8.394,5.908,7.806,5.403,"14.145079426228822,14.135285643003368,0.36465074522886504;2.440226870056917,4.933819650250329,1.1897814698375528;1.3066818871107722,17.589369001861286,0.9125121680327651;2.357678421611219,12.84984572684092,0.8379462386470249;16.982338471480936,14.4574540115461,0.7795617732176426;16.6561314066347,16.403439279548287,1.2836920917924646;5.398747996641409,15.000606954740654,0.2759122247568536;15.264278401717403,10.29919208231439,0.2316821241488554;10.911255852773824,12.32733772574333,0.7238978160411744;4.280084679595954,13.678702869526163,2.3024030597113416;17.479092617537404,11.080351461505307,1.1103263964905046;8.540140392127444,12.019562633396255,1.1337858747342713;11.741065877053364,13.225358942033967,0.46373120111325383;0.2566576950879157,15.438502156368578,0.25017761057893567;11.535138329870394,12.517501080138413,0.3023805730750141;2.2442554789509175,13.944225925149922,0.4764987910136303;2.829071724616509,6.815252500373287,1.116842398565673;12.89348341244764,4.462689100248536,2.456780207842593;2.792309268830196,1.9482063215231027,1.5239511084219592;18.63000485495394,9.516374612050642,0.4862045394896714;4.312449040471382,9.900114663805454,0.8882562845551485;0.6794491868940552,9.23994368862653,0.2431473573377341;17.386995268777646,18.78353211061407,0.9920648701342627"
13,drone_7,12.503,14.548,7.806,5.403,"14.145079426228822,14.135285643003368,0.36465074522886504;2.440226870056917,4.933819650250329,1.1897814698375528;1.3066818871107722,17.589369001861286,0.9125121680327651;2.357678421611219,12.84984572684092,0.8379462386470249;16.982338471480936,14.4574540115461,0.7795617732176426;16.6561314066347,16.403439279548287,1.2836920917924646;5.398747996641409,15.000606954740654,0.2759122247568536;15.264278401717403,10.29919208231439,0.2316821241488554;10.911255852773824,12.32733772574333,0.7238978160411744;4.280084679595954,13.678702869526163,2.3024030597113416;17.479092617537404,11.080351461505307,1.1103263964905046;8.540140392127444,12.019562633396255,1.1337858747342713;11.741065877053364,13.225358942033967,0.46373120111325383;0.2566576950879157,15.438502156368578,0.25017761057893567;11.535138329870394,12.517501080138413,0.3023805730750141;2.2442554789509175,13.944225925149922,0.4764987910136303;2.829071724616509,6.815252500373287,1.116842398565673;12.89348341244764,4.462689100248536,2.456780207842593;2.792309268830196,1.9482063215231027,1.5239511084219592;18.63000485495394,9.516374612050642,0.4862045394896714;4.312449040471382,9.900114663805454,0.8882562845551485;0.6794491868940552,9.23994368862653,0.2431473573377341;17.386995268777646,18.78353211061407,0.9920648701342627"
13,drone_9,1.205,7.612,7.806,5.403,"14.145079426228822,14.135285643003368,0.36465074522886504;2.440226870056917,4.933819650250329,1.1897814698375528;1.3066818871107722,17.589369001861286,0.9125121680327651;2.357678421611219,12.84984572684092,0.8379462386470249;16.982338471480936,14.4574540115461,0.7795617732176426;16.6561314066347,16.403439279548287,1.2836920917924646;5.398747996641409,15.000606954740654,0.2759122247568536;15.264278401717403,10.29919208231439,0.2316821241488554;10.911255852773824,12.32733772574333,0.7238978160411744;4.280084679595954,13.678702869526163,2.3024030597113416;17.479092617537404,11.080351461505307,1.1103263964905046;8.540140392127444,12.019562633396255,1.1337858747342713;11.741065877053364,13.225358942033967,0.46373120111325383;0.2566576950879157,15.438502156368578,0.25017761057893567;11.535138329870394,12.517501080138413,0.3023805730750141;2.2442554789509175,13.944225925149922,0.4764987910136303;2.829071724616509,6.815252500373287,1.116842398565673;12.89348341244764,4.462689100248536,2.456780207842593;2.792309268830196,1.9482063215231027,1.5239511084219592;18.63000485495394,9.516374612050642,0.4862045394896714;4.312449040471382,9.900114663805454,0.8882562845551485;0.6794491868940552,9.23994368862653,0.2431473573377341;17.386995268777646,18.78353211061407,0.9920648701342627"
14,drone_0,1.051,11.882,7.806,5.403,"14.145079426228822,14.135285643003368,0.36465074522886504;2.440226870056917,4.933819650250329,1.1897814698375528;1.3066818871107722,17.589369001861286,0.9125121680327651;2.357678421611219,12.84984572684092,0.8379462386470249;16.982338471480936,14.4574540115461,0.7795617732176426;16.6561314066347,16.403439279548287,1.2836920917924646;5.398747996641409,15.000606954740654,0.2759122247568536;15.264278401717403,10.29919208231439,0.2316821241488554;10.911255852773824,12.32733772574333,0.7238978160411744;4.280084679595954,13.678702869526163,2.3024030597113416;17.479092617537404,11.080351461505307,1.1103263964905046;8.540140392127444,12.019562633396255,1.1337858747342713;11.741065877053364,13.225358942033967,0.46373120111325383;0.2566576950879157,15.438502156368578,0.25017761057893567;11.535138329870394,12.517501080138413,0.3023805730750141;2.2442554789509175,13.944225925149922,0.4764987910136303;2.829071724616509,6.815252500373287,1.116842398565673;12.89348341244764,4.462689100248536,2.456780207842593;2.792309268830196,1.9482063215231027,1.5239511084219592;18.63000485495394,9.516374612050642,0.4862045394896714;4.312449040471382,9.900114663805454,0.8882562845551485;0.6794491868940552,9.23994368862653,0.2431473573377341;17.386995268777646,18.78353211061407,0.9920648701342627"
14,drone_1,14.019,12.820,7.806,5.403,"14.145079426228822,14.135285643003368,0.36465074522886504;2.440226870056917,4.933819650250329,1.1897814698375528;1.3066818871107722,17.589369001861286,0.9125121680327651;2.357678421611219,12.84984572684092,0.8379462386470249;16.982338471480936,14.4574540115461,0.7795617732176426;16.6561314066347,16.403439279548287,1.2836920917924646;5.398747996641409,15.000606954740654,0.2759122247568536;15.264278401717403,10.29919208231439,0.2316821241488554;10.911255852773824,12.32733772574333,0.7238978160411744;4.280084679595954,13.678702869526163,2.3024030597113416;17.479092617537404,11.080351461505307,1.1103263964905046;8.540140392127444,12.019562633396255,1.1337858747342713;11.741065877053364,13.225358942033967,0.46373120111325383;0.2566576950879157,15.438502156368578,0.25017761057893567;11.535138329870394,12.517501080138413,0.3023805730750141;2.2442554789509175,13.944225925149922,0.4764987910136303;2.829071724616509,6.815252500373287,1.116842398565673;12.89348341244764,4.462689100248536,2.456780207842593;2.792309268830196,1.9482063215231027,1.5239511084219592;18.63000485495394,9.516374612050642,0.4862045394896714;4.312449040471382,9.900114663805454,0.8882562845551485;0.6794491868940552,9.23994368862653,0.2431473573377341;17.386995268777646,18.78353211061407,0.9920648701342627"
14,drone_2,9.716,13.131,7.806,5.403,"14.145079426228822,14.135285643003368,0.36465074522886504;2.440226870056917,4.933819650250329,1.1897814698375528;1.3066818871107722,17.589369001861286,0.9125121680327651;2.357678421611219,12.84984572684092,0.8379462386470249;16.982338471480936,14.4574540115461,0.7795617732176426;16.6561314066347,16.403439279548287,1.2836920917924646;5.398747996641409,15.000606954740654,0.2759122247568536;15.264278401717403,10.29919208231439,0.2316821241488554;10.911255852773824,12.32733772574333,0.7238978160411744;4.280084679595954,13.678702869526163,2.3024030597113416;17.479092617537404,11.080351461505307,1.1103263964905046;8.540140392127444,12.019562633396255,1.1337858747342713;11.741065877053364,13.225358942033967,0.46373120111325383;0.2566576950879157,15.438502156368578,0.25017761057893567;11.535138329870394,12.517501080138413,0.3023805730750141;2.2442554789509175,13.944225925149922,0.4764987910136303;2.829071724616509,6.815252500373287,1.116842398565673;12.89348341244764,4.462689100248536,2.456780207842593;2.792309268830196,1.9482063215231027,1.5239511084219592;18.63000485495394,9.516374612050642,0.4862045394896714;4.312449040471382,9.900114663805454,0.8882562845551485;0.6794491868940552,9.23994368862653,0.2431473573377341;17.386995268777646,18.78353211061407,0.9920648701342627"
14,drone_3,15.370,11.595,7.806,5.403,"14.145079426228822,14.135285643003368,0.36465074522886504;2.440226870056917,4.933819650250329,1.1897814698375528;1.3066818871107722,17.589369001861286,0.9125121680327651;2.357678421611219,12.84984572684092,0.8379462386470249;16.982338471480936,14.4574540115461,0.7795617732176426;16.6561314066347,16.403439279548287,1.2836920917924646;5.398747996641409,15.000606954740654,0.2759122247568536;15.264278401717403,10.29919208231439,0.2316821241488554;10.911255852773824,12.32733772574333,0.7238978160411744;4.280084679595954,13.678702869526163,2.3024030597113416;17.479092617537404,11.080351461505307,1.1103263964905046;8.540140392127444,12.019562633396255,1.1337858747342713;11.741065877053364,13.225358942033967,0.46373120111325383;0.2566576950879157,15.438502156368578,0.25017761057893567;11.535138329870394,12.517501080138413,0.3023805730750141;2.2442554789509175,13.944225925149922,0.4764987910136303;2.829071724616509,6.815252500373287,1.116842398565673;12.89348341244764,4.462689100248536,2.456780207842593;2.792309268830196,1.9482063215231027,1.5239511084219592;18.63000485495394,9.516374612050642,0.4862045394896714;4.312449040471382,9.900114663805454,0.8882562845551485;0.6794491868940552,9.23994368862653,0.2431473573377341;17.386995268777646,18.78353211061407,0.9920648701342627"
14,drone_4,16.693,3.125,7.806,5.403,"14.145079426228822,14.135285643003368,0.36465074522886504;2.440226870056917,4.933819650250329,1.1897814698375528;1.3066818871107722,17.589369001861286,0.9125121680327651;2.357678421611219,12.84984572684092,0.8379462386470249;16.982338471480936,14.4574540115461,0.7795617732176426;16.6561314066347,16.403439279548287,1.2836920917924646;5.398747996641409,15.000606954740654,0.2759122247568536;15.264278401717403,10.29919208231439,0.2316821241488554;10.911255852773824,12.32733772574333,0.7238978160411744;4.280084679595954,13.678702869526163,2.3024030597113416;17.479092617537404,11.080351461505307,1.1103263964905046;8.540140392127444,12.019562633396255,1.1337858747342713;11.741065877053364,13.225358942033967,0.46373120111325383;0.2566576950879157,15.438502156368578,0.25017761057893567;11.535138329870394,12.517501080138413,0.3023805730750141;2.2442554789509175,13.944225925149922,0.4764987910136303;2.829071724616509,6.815252500373287,1.116842398565673;12.89348341244764,4.462689100248536,2.456780207842593;2.792309268830196,1.9482063215231027,1.5239511084219592;18.63000485495394,9.516374612050642,0.4862045394896714;4.312449040471382,9.900114663805454,0.8882562845551485;0.6794491868940552,9.23994368862653,0.2431473573377341;17.386995268777646,18.78353211061407,0.9920648701342627"
14,drone_5,7.777,7.254,7.806,5.403,"14.145079426228822,14.135285643003368,0.36465074522886504;2.440226870056917,4.933819650250329,1.1897814698375528;1.3066818871107722,17.589369001861286,0.9125121680327651;2.357678421611219,12.84984572684092,0.8379462386470249;16.982338471480936,14.4574540115461,0.7795617732176426;16.6561314066347,16.403439279548287,1.2836920917924646;5.398747996641409,15.000606954740654,0.2759122247568536;15.264278401717403,10.29919208231439,0.2316821241488554;10.911255852773824,12.32733772574333,0.7238978160411744;4.280084679595954,13.678702869526163,2.3024030597113416;17.479092617537404,11.080351461505307,1.1103263964905046;8.540140392127444,12.019562633396255,1.1337858747342713;11.741065877053364,13.225358942033967,0.46373120111325383;0.2566576950879157,15.438502156368578,0.25017761057893567;11.535138329870394,12.517501080138413,0.3023805730750141;2.2442554789509175,13.944225925149922,0.4764987910136303;2.829071724616509,6.815252500373287,1.116842398565673;12.89348341244764,4.462689100248536,2.456780207842593;2.792309268830196,1.9482063215231027,1.5239511084219592;18.63000485495394,9.516374612050642,0.4862045394896714;4.312449040471382,9.900114663805454,0.8882562845551485;0.6794491868940552,9.23994368862653,0.2431473573377341;17.386995268777646,18.78353211061407,0.9920648701342627"
14,drone_7,12.422,14.366,7.806,5.403,"14.145079426228822,14.135285643003368,0.36465074522886504;2.440226870056917,4.933819650250329,1.1897814698375528;1.3066818871107722,17.589369001861286,0.9125121680327651;2.357678421611219,12.84984572684092,0.8379462386470249;16.982338471480936,14.4574540115461,0.7795617732176426;16.6561314066347,16.403439279548287,1.2836920917924646;5.398747996641409,15.000606954740654,0.2759122247568536;15.264278401717403,10.29919208231439,0.2316821241488554;10.911255852773824,12.32733772574333,0.7238978160411744;4.280084679595954,13.678702869526163,2.3024030597113416;17.479092617537404,11.080351461505307,1.1103263964905046;8.540140392127444,12.019562633396255,1.1337858747342713;11.741065877053364,13.225358942033967,0.46373120111325383;0.2566576950879157,15.438502156368578,0.25017761057893567;11.535138329870394,12.517501080138413,0.3023805730750141;2.2442554789509175,13.944225925149922,0.4764987910136303;2.829071724616509,6.815252500373287,1.116842398565673;12.89348341244764,4.462689100248536,2.456780207842593;2.792309268830196,1.9482063215231027,1.5239511084219592;18.63000485495394,9.516374612050642,0.4862045394896714;4.312449040471382,9.900114663805454,0.8882562845551485;0.6794491868940552,9.23994368862653,0.2431473573377341;17.386995268777646,18.78353211061407,0.9920648701342627"
14,drone_9,1.334,7.765,7.806,5.403,"14.145079426228822,14.135285643003368,0.36465074522886504;2.440226870056917,4.933819650250329,1.1897814698375528;1.3066818871107722,17.589369001861286,0.9125121680327651;2.357678421611219,12.84984572684092,0.8379462386470249;16.982338471480936,14.4574540115461,0.7795617732176426;16.6561314066347,16.403439279548287,1.2836920917924646;5.398747996641409,15.000606954740654,0.2759122247568536;15.264278401717403,10.29919208231439,0.2316821241488554;10.911255852773824,12.32733772574333,0.7238978160411744;4.280084679595954,13.678702869526163,2.3024030597113416;17.479092617537404,11.080351461505307,1.1103263964905046;8.540140392127444,12.019562633396255,1.1337858747342713;11.741065877053364,13.225358942033967,0.46373120111325383;0.2566576950879157,15.438502156368578,0.25017761057893567;11.535138329870394,12.517501080138413,0.3023805730750141;2.2442554789509175,13.944225925149922,0.4764987910136303;2.829071724616509,6.815252500373287,1.116842398565673;12.89348341244764,4.462689100248536,2.456780207842593;2.792309268830196,1.9482063215231027,1.5239511084219592;18.63000485495394,9.516374612050642,0.4862045394896714;4.312449040471382,9.900114663805454,0.8882562845551485;0.6794491868940552,9.23994368862653,0.2431473573377341;17.386995268777646,18.78353211061407,0.9920648701342627"
15,drone_0,1.121,11.694,7.806,5.403,"14.145079426228822,14.135285643003368,0.36465074522886504;2.440226870056917,4.933819650250329,1.1897814698375528;1.3066818871107722,17.589369001861286,0.9125121680327651;2.357678421611219,12.84984572684092,0.8379462386470249;16.982338471480936,14.4574540115461,0.7795617732176426;16.6561314066347,16.403439279548287,1.2836920917924646;5.398747996641409,15.000606954740654,0.2759122247568536;15.264278401717403,10.29919208231439,0.2316821241488554;10.911255852773824,12.32733772574333,0.7238978160411744;4.280084679595954,13.678702869526163,2.3024030597113416;17.479092617537404,11.080351461505307,1.1103263964905046;8.540140392127444,12.019562633396255,1.1337858747342713;11.741065877053364,13.225358942033967,0.46373120111325383;0.2566576950879157,15.438502156368578,0.25017761057893567;11.535138329870394,12.517501080138413,0.3023805730750141;2.2442554789509175,13.944225925149922,0.4764987910136303;2.829071724616509,6.815252500373287,1.116842398565673;12.89348341244764,4.462689100248536,2.456780207842593;2.792309268830196,1.9482063215231027,1.5239511084219592;18.63000485495394,9.516374612050642,0.4862045394896714;4.312449040471382,9.900114663805454,0.8882562845551485;0.6794491868940552,9.23994368862653,0.2431473573377341;17.386995268777646,18.78353211061407,0.9920648701342627"
15,drone_1,13.878,12.679,7.806,5.403,"14.145079426228822,14.135285643003368,0.36465074522886504;2.440226870056917,4.933819650250329,1.1897814698375528;1.3066818871107722,17.589369001861286,0.9125121680327651;2.357678421611219,12.84984572684092,0.8379462386470249;16.982338471480936,14.4574540115461,0.7795617732176426;16.6561314066347,16.403439279548287,1.2836920917924646;5.398747996641409,15.000606954740654,0.2759122247568536;15.264278401717403,10.29919208231439,0.2316821241488554;10.911255852773824,12.32733772574333,0.7238978160411744;4.280084679595954,13.678702869526163,2.3024030597113416;17.479092617537404,11.080351461505307,1.1103263964905046;8.540140392127444,12.019562633396255,1.1337858747342713;11.741065877053364,13.225358942033967,0.46373120111325383;0.2566576950879157,15.438502156368578,0.25017761057893567;11.535138329870394,12.517501080138413,0.3023805730750141;2.2442554789509175,13.944225925149922,0.4764987910136303;2.829071724616509,6.815252500373287,1.116842398565673;12.89348341244764,4.462689100248536,2.456780207842593;2.792309268830196,1.9482063215231027,1.5239511084219592;18.63000485495394,9.516374612050642,0.4862045394896714;4.312449040471382,9.900114663805454,0.8882562845551485;0.6794491868940552,9.23994368862653,0.2431473573377341;17.386995268777646,18.78353211061407,0.9920648701342627"
15,drone_2,9.715,13.065,7.806,5.403,"14.145079426228822,14.135285643003368,0.36465074522886504;2.440226870056917,4.933819650250329,1.1897814698375528;1.3066818871107722,17.589369001861286,0.9125121680327651;2.357678421611219,12.84984572684092,0.8379462386470249;16.982338471480936,14.4574540115461,0.7795617732176426;16.6561314066347,16.403439279548287,1.2836920917924646;5.398747996641409,15.000606954740654,0.2759122247568536;15.264278401717403,10.29919208231439,0.2316821241488554;10.911255852773824,12.32733772574333,0.7238978160411744;4.280084679595954,13.678702869526163,2.3024030597113416;17.479092617537404,11.080351461505307,1.1103263964905046;8.540140392127444,12.019562633396255,1.1337858747342713;11.741065877053364,13.225358942033967,0.46373120111325383;0.2566576950879157,15.438502156368578,0.25017761057893567;11.535138329870394,12.517501080138413,0.3023805730750141;2.2442554789509175,13.944225925149922,0.4764987910136303;2.829071724616509,6.815252500373287,1.116842398565673;12.89348341244764,4.462689100248536,2.456780207842593;2.792309268830196,1.9482063215231027,1.5239511084219592;18.63000485495394,9.516374612050642,0.4862045394896714;4.312449040471382,9.900114663805454,0.8882562845551485;0.6794491868940552,9.23994368862653,0.2431473573377341;17.386995268777646,18.78353211061407,0.9920648701342627"
15,drone_3,15.218,11.466,7.806,5.403,"14.145079426228822,14.135285643003368,0.36465074522886504;2.440226870056917,4.933819650250329,1.1897814698375528;1.3066818871107722,17.589369001861286,0.9125121680327651;2.357678421611219,12.84984572684092,0.8379462386470249;16.982338471480936,14.4574540115461,0.7795617732176426;16.6561314066347,16.403439279548287,1.2836920917924646;5.398747996641409,15.000606954740654,0.2759122247568536;15.264278401717403,10.29919208231439,0.2316821241488554;10.911255852773824,12.32733772574333,0.7238978160411744;4.280084679595954,13.678702869526163,2.3024030597113416;17.479092617537404,11.080351461505307,1.1103263964905046;8.540140392127444,12.019562633396255,1.1337858747342713;11.741065877053364,13.225358942033967,0.46373120111325383;0.2566576950879157,15.438502156368578,0.25017761057893567;11.535138329870394,12.517501080138413,0.3023805730750141;2.2442554789509175,13.944225925149922,0.4764987910136303;2.829071724616509,6.815252500373287,1.116842398565673;12.89348341244764,4.462689100248536,2.456780207842593;2.792309268830196,1.9482063215231027,1.5239511084219592;18.63000485495394,9.516374612050642,0.4862045394896714;4.312449040471382,9.900114663805454,0.8882562845551485;0.6794491868940552,9.23994368862653,0.2431473573377341;17.386995268777646,18.78353211061407,0.9920648701342627"
15,drone_4,16.622,3.270,7.806,5.403,"14.145079426228822,14.135285643003368,0.36465074522886504;2.440226870056917,4.933819650250329,1.1897814698375528;1.3066818871107722,17.589369001861286,0.9125121680327651;2.357678421611219,12.84984572684092,0.8379462386470249;16.982338471480936,14.4574540115461,0.7795617732176426;16.6561314066347,16.403439279548287,1.2836920917924646;5.398747996641409,15.000606954740654,0.2759122247568536;15.264278401717403,10.29919208231439,0.2316821241488554;10.911255852773824,12.32733772574333,0.7238978160411744;4.280084679595954,13.678702869526163,2.3024030597113416;17.479092617537404,11.080351461505307,1.1103263964905046;8.540140392127444,12.019562633396255,1.1337858747342713;11.741065877053364,13.225358942033967,0.46373120111325383;0.2566576950879157,15.438502156368578,0.25017761057893567;11.535138329870394,12.517501080138413,0.3023805730750141;2.2442554789509175,13.944225925149922,0.4764987910136303;2.829071724616509,6.815252500373287,1.116842398565673;12.89348341244764,4.462689100248536,2.456780207842593;2.792309268830196,1.9482063215231027,1.5239511084219592;18.63000485495394,9.516374612050642,0.4862045394896714;4.312449040471382,9.900114663805454,0.8882562845551485;0.6794491868940552,9.23994368862653,0.2431473573377341;17.386995268777646,18.78353211061407,0.9920648701342627"
15,drone_5,7.719,7.063,7.806,5.403,"14.145079426228822,14.135285643003368,0.36465074522886504;2.440226870056917,4.933819650250329,1.1897814698375528;1.3066818871107722,17.589369001861286,0.9125121680327651;2.357678421611219,12.84984572684092,0.8379462386470249;16.982338471480936,14.4574540115461,0.7795617732176426;16.6561314066347,16.403439279548287,1.2836920917924646;5.398747996641409,15.000606954740654,0.2759122247568536;15.264278401717403,10.29919208231439,0.2316821241488554;10.911255852773824,12.32733772574333,0.7238978160411744;4.280084679595954,13.678702869526163,2.3024030597113416;17.479092617537404,11.080351461505307,1.1103263964905046;8.540140392127444,12.019562633396255,1.1337858747342713;11.741065877053364,13.225358942033967,0.46373120111325383;0.2566576950879157,15.438502156368578,0.25017761057893567;11.535138329870394,12.517501080138413,0.3023805730750141;2.2442554789509175,13.944225925149922,0.4764987910136303;2.829071724616509,6.815252500373287,1.116842398565673;12.89348341244764,4.462689100248536,2.456780207842593;2.792309268830196,1.9482063215231027,1.5239511084219592;18.63000485495394,9.516374612050642,0.4862045394896714;4.312449040471382,9.900114663805454,0.8882562845551485;0.6794491868940552,9.23994368862653,0.2431473573377341;17.386995268777646,18.78353211061407,0.9920648701342627"
15,drone_7,12.314,14.197,7.806,5.403,"14.145079426228822,14.135285643003368,0.36465074522886504;2.440226870056917,4.933819650250329,1.1897814698375528;1.3066818871107722,17.589369001861286,0.9125121680327651;2.357678421611219,12.84984572684092,0.8379462386470249;16.982338471480936,14.4574540115461,0.7795617732176426;16.6561314066347,16.403439279548287,1.2836920917924646;5.398747996641409,15.000606954740654,0.2759122247568536;15.264278401717403,10.29919208231439,0.2316821241488554;10.911255852773824,12.32733772574333,0.7238978160411744;4.280084679595954,13.678702869526163,2.3024030597113416;17.479092617537404,11.080351461505307,1.1103263964905046;8.540140392127444,12.019562633396255,1.1337858747342713;11.741065877053364,13.225358942033967,0.46373120111325383;0.2566576950879157,15.438502156368578,0.25017761057893567;11.535138329870394,12.517501080138413,0.3023805730750141;2.2442554789509175,13.944225925149922,0.4764987910136303;2.829071724616509,6.815252500373287,1.116842398565673;12.89348341244764,4.462689100248536,2.456780207842593;2.792309268830196,1.9482063215231027,1.5239511084219592;18.63000485495394,9.516374612050642,0.4862045394896714;4.312449040471382,9.900114663805454,0.8882562845551485;0.6794491868940552,9.23994368862653,0.2431473573377341;17.386995268777646,18.78353211061407,0.9920648701342627"
15,drone_9,1.470,7.911,7.806,5.403,"14.145079426228822,14.135285643003368,0.36465074522886504;2.440226870056917,4.933819650250329,1.1897814698375528;1.3066818871107722,17.589369001861286,0.9125121680327651;2.357678421611219,12.84984572684092,0.8379462386470249;16.982338471480936,14.4574540115461,0.7795617732176426;16.6561314066347,16.403439279548287,1.2836920917924646;5.398747996641409,15.000606954740654,0.2759122247568536;15.264278401717403,10.29919208231439,0.2316821241488554;10.911255852773824,12.32733772574333,0.7238978160411744;4.280084679595954,13.678702869526163,2.3024030597113416;17.479092617537404,11.080351461505307,1.1103263964905046;8.540140392127444,12.019562633396255,1.1337858747342713;11.741065877053364,13.225358942033967,0.46373120111325383;0.2566576950879157,15.438502156368578,0.25017761057893567;11.535138329870394,12.517501080138413,0.3023805730750141;2.2442554789509175,13.944225925149922,0.4764987910136303;2.829071724616509,6.815252500373287,1.116842398565673;12.89348341244764,4.462689100248536,2.456780207842593;2.792309268830196,1.9482063215231027,1.5239511084219592;18.63000485495394,9.516374612050642,0.4862045394896714;4.312449040471382,9.900114663805454,0.8882562845551485;0.6794491868940552,9.23994368862653,0.2431473573377341;17.386995268777646,18.78353211061407,0.9920648701342627"
16,drone_0,1.206,11.513,7.806,5.403,"14.145079426228822,14.135285643003368,0.36465074522886504;2.440226870056917,4.933819650250329,1.1897814698375528;1.3066818871107722,17.589369001861286,0.9125121680327651;2.357678421611219,12.84984572684092,0.8379462386470249;16.982338471480936,14.4574540115461,0.7795617732176426;16.6561314066347,16.403439279548287,1.2836920917924646;5.398747996641409,15.000606954740654,0.2759122247568536;15.264278401717403,10.29919208231439,0.2316821241488554;10.911255852773824,12.32733772574333,0.7238978160411744;4.280084679595954,13.678702869526163,2.3024030597113416;17.479092617537404,11.080351461505307,1.1103263964905046;8.540140392127444,12.019562633396255,1.1337858747342713;11.741065877053364,13.225358942033967,0.46373120111325383;0.2566576950879157,15.438502156368578,0.25017761057893567;11.535138329870394,12.517501080138413,0.3023805730750141;2.2442554789509175,13.944225925149922,0.4764987910136303;2.829071724616509,6.815252500373287,1.116842398565673;12.89348341244764,4.462689100248536,2.456780207842593;2.792309268830196,1.9482063215231027,1.5239511084219592;18.63000485495394,9.516374612050642,0.4862045394896714;4.312449040471382,9.900114663805454,0.8882562845551485;0.6794491868940552,9.23994368862653,0.2431473573377341;17.386995268777646,18.78353211061407,0.9920648701342627"
16,drone_1,13.739,12.534,7.806,5.403,"14.145079426228822,14.135285643003368,0.36465074522886504;2.440226870056917,4.933819650250329,1.1897814698375528;1.3066818871107722,17.589369001861286,0.9125121680327651;2.357678421611219,12.84984572684092,0.8379462386470249;16.982338471480936,14.4574540115461,0.7795617732176426;16.6561314066347,16.403439279548287,1.2836920917924646;5.398747996641409,15.000606954740654,0.2759122247568536;15.264278401717403,10.29919208231439,0.2316821241488554;10.911255852773824,12.32733772574333,0.7238978160411744;4.280084679595954,13.678702869526163,2.3024030597113416;17.479092617537404,11.080351461505307,1.1103263964905046;8.540140392127444,12.019562633396255,1.1337858747342713;11.741065877053364,13.225358942033967,0.46373120111325383;0.2566576950879157,15.438502156368578,0.25017761057893567;11.535138329870394,12.517501080138413,0.3023805730750141;2.2442554789509175,13.944225925149922,0.4764987910136303;2.829071724616509,6.815252500373287,1.116842398565673;12.89348341244764,4.462689100248536,2.456780207842593;2.792309268830196,1.9482063215231027,1.5239511084219592;18.63000485495394,9.516374612050642,0.4862045394896714;4.312449040471382,9.900114663805454,0.8882562845551485;0.6794491868940552,9.23994368862653,0.2431473573377341;17.386995268777646,18.78353211061407,0.9920648701342627"
16,drone_2,9.815,13.099,7.806,5.403,"14.145079426228822,14.135285643003368,0.36465074522886504;2.440226870056917,4.933819650250329,1.1897814698375528;1.3066818871107722,17.589369001861286,0.9125121680327651;2.357678421611219,12.84984572684092,0.8379462386470249;16.982338471480936,14.4574540115461,0.7795617732176426;16.6561314066347,16.403439279548287,1.2836920917924646;5.398747996641409,15.000606954740654,0.2759122247568536;15.264278401717403,10.29919208231439,0.2316821241488554;10.911255852773824,12.32733772574333,0.7238978160411744;4.280084679595954,13.678702869526163,2.3024030597113416;17.479092617537404,11.080351461505307,1.1103263964905046;8.540140392127444,12.019562633396255,1.1337858747342713;11.741065877053364,13.225358942033967,0.46373120111325383;0.2566576950879157,15.438502156368578,0.25017761057893567;11.535138329870394,12.517501080138413,0.3023805730750141;2.2442554789509175,13.944225925149922,0.4764987910136303;2.829071724616509,6.815252500373287,1.116842398565673;12.89348341244764,4.462689100248536,2.456780207842593;2.792309268830196,1.9482063215231027,1.5239511084219592;18.63000485495394,9.516374612050642,0.4862045394896714;4.312449040471382,9.900114663805454,0.8882562845551485;0.6794491868940552,9.23994368862653,0.2431473573377341;17.386995268777646,18.78353211061407,0.9920648701342627"
16,drone_3,15.074,11.327,7.806,5.403,"14.145079426228822,14.135285643003368,0.36465074522886504;2.440226870056917,4.933819650250329,1.1897814698375528;1.3066818871107722,17.589369001861286,0.9125121680327651;2.357678421611219,12.84984572684092,0.8379462386470249;16.982338471480936,14.4574540115461,0.7795617732176426;16.6561314066347,16.403439279548287,1.2836920917924646;5.398747996641409,15.000606954740654,0.2759122247568536;15.264278401717403,10.29919208231439,0.2316821241488554;10.911255852773824,12.32733772574333,0.7238978160411744;4.280084679595954,13.678702869526163,2.3024030597113416;17.479092617537404,11.080351461505307,1.1103263964905046;8.540140392127444,12.019562633396255,1.1337858747342713;11.741065877053364,13.225358942033967,0.46373120111325383;0.2566576950879157,15.438502156368578,0.25017761057893567;11.535138329870394,12.517501080138413,0.3023805730750141;2.2442554789509175,13.944225925149922,0.4764987910136303;2.829071724616509,6.815252500373287,1.116842398565673;12.89348341244764,4.462689100248536,2.456780207842593;2.792309268830196,1.9482063215231027,1.5239511084219592;18.63000485495394,9.516374612050642,0.4862045394896714;4.312449040471382,9.900114663805454,0.8882562845551485;0.6794491868940552,9.23994368862653,0.2431473573377341;17.386995268777646,18.78353211061407,0.9920648701342627"
16,drone_4,16.557,3.431,7.806,5.403,"14.145079426228822,14.135285643003368,0.36465074522886504;2.440226870056917,4.933819650250329,1.1897814698375528;1.3066818871107722,17.589369001861286,0.9125121680327651;2.357678421611219,12.84984572684092,0.8379462386470249;16.982338471480936,14.4574540115461,0.7795617732176426;16.6561314066347,16.403439279548287,1.2836920917924646;5.398747996641409,15.000606954740654,0.2759122247568536;15.264278401717403,10.29919208231439,0.2316821241488554;10.911255852773824,12.32733772574333,0.7238978160411744;4.280084679595954,13.678702869526163,2.3024030597113416;17.479092617537404,11.080351461505307,1.1103263964905046;8.540140392127444,12.019562633396255,1.1337858747342713;11.741065877053364,13.225358942033967,0.46373120111325383;0.2566576950879157,15.438502156368578,0.25017761057893567;11.535138329870394,12.517501080138413,0.3023805730750141;2.2442554789509175,13.944225925149922,0.4764987910136303;2.829071724616509,6.815252500373287,1.116842398565673;12.89348341244764,4.462689100248536,2.456780207842593;2.792309268830196,1.9482063215231027,1.5239511084219592;18.63000485495394,9.516374612050642,0.4862045394896714;4.312449040471382,9.900114663805454,0.8882562845551485;0.6794491868940552,9.23994368862653,0.2431473573377341;17.386995268777646,18.78353211061407,0.9920648701342627"
16,drone_5,7.747,6.865,7.806,5.403,"14.145079426228822,14.135285643003368,0.36465074522886504;2.440226870056917,4.933819650250329,1.1897814698375528;1.3066818871107722,17.589369001861286,0.9125121680327651;2.357678421611219,12.84984572684092,0.8379462386470249;16.982338471480936,14.4574540115461,0.7795617732176426;16.6561314066347,16.403439279548287,1.2836920917924646;5.398747996641409,15.000606954740654,0.2759122247568536;15.264278401717403,10.29919208231439,0.2316821241488554;10.911255852773824,12.32733772574333,0.7238978160411744;4.280084679595954,13.678702869526163,2.3024030597113416;17.479092617537404,11.080351461505307,1.1103263964905046;8.540140392127444,12.019562633396255,1.1337858747342713;11.741065877053364,13.225358942033967,0.46373120111325383;0.2566576950879157,15.438502156368578,0.25017761057893567;11.535138329870394,12.517501080138413,0.3023805730750141;2.2442554789509175,13.944225925149922,0.4764987910136303;2.829071724616509,6.815252500373287,1.116842398565673;12.89348341244764,4.462689100248536,2.456780207842593;2.792309268830196,1.9482063215231027,1.5239511084219592;18.63000485495394,9.516374612050642,0.4862045394896714;4.312449040471382,9.900114663805454,0.8882562845551485;0.6794491868940552,9.23994368862653,0.2431473573377341;17.386995268777646,18.78353211061407,0.9920648701342627"
16,drone_7,12.268,14.003,7.806,5.403,"14.145079426228822,14.135285643003368,0.36465074522886504;2.440226870056917,4.933819650250329,1.1897814698375528;1.3066818871107722,17.589369001861286,0.9125121680327651;2.357678421611219,12.84984572684092,0.8379462386470249;16.982338471480936,14.4574540115461,0.7795617732176426;16.6561314066347,16.403439279548287,1.2836920917924646;5.398747996641409,15.000606954740654,0.2759122247568536;15.264278401717403,10.29919208231439,0.2316821241488554;10.911255852773824,12.32733772574333,0.7238978160411744;4.280084679595954,13.678702869526163,2.3024030597113416;17.479092617537404,11.080351461505307,1.1103263964905046;8.540140392127444,12.019562633396255,1.1337858747342713;11.741065877053364,13.225358942033967,0.46373120111325383;0.2566576950879157,15.438502156368578,0.25017761057893567;11.535138329870394,12.517501080138413,0.3023805730750141;2.2442554789509175,13.944225925149922,0.4764987910136303;2.829071724616509,6.815252500373287,1.116842398565673;12.89348341244764,4.462689100248536,2.456780207842593;2.792309268830196,1.9482063215231027,1.5239511084219592;18.63000485495394,9.516374612050642,0.4862045394896714;4.312449040471382,9.900114663805454,0.8882562845551485;0.6794491868940552,9.23994368862653,0.2431473573377341;17.386995268777646,18.78353211061407,0.9920648701342627"
16,drone_9,1.537,8.100,7.806,5.403,"14.145079426228822,14.135285643003368,0.36465074522886504;2.440226870056917,4.933819650250329,1.1897814698375528;1.3066818871107722,17.589369001861286,0.9125121680327651;2.357678421611219,12.84984572684092,0.8379462386470249;16.982338471480936,14.4574540115461,0.7795617732176426;16.6561314066347,16.403439279548287,1.2836920917924646;5.398747996641409,15.000606954740654,0.2759122247568536;15.264278401717403,10.29919208231439,0.2316821241488554;10.911255852773824,12.32733772574333,0.7238978160411744;4.280084679595954,13.678702869526163,2.3024030597113416;17.479092617537404,11.080351461505307,1.1103263964905046;8.540140392127444,12.019562633396255,1.1337858747342713;11.741065877053364,13.225358942033967,0.46373120111325383;0.2566576950879157,15.438502156368578,0.25017761057893567;11.535138329870394,12.517501080138413,0.3023805730750141;2.2442554789509175,13.944225925149922,0.4764987910136303;2.829071724616509,6.815252500373287,1.116842398565673;12.89348341244764,4.462689100248536,2.456780207842593;2.792309268830196,1.9482063215231027,1.5239511084219592;18.63000485495394,9.516374612050642,0.4862045394896714;4.312449040471382,9.900114663805454,0.8882562845551485;0.6794491868940552,9.23994368862653,0.2431473573377341;17.386995268777646,18.78353211061407,0.9920648701342627"
17,drone_0,1.313,11.345,7.806,5.403,"14.145079426228822,14.135285643003368,0.36465074522886504;2.440226870056917,4.933819650250329,1.1897814698375528;1.3066818871107722,17.589369001861286,0.9125121680327651;2.357678421611219,12.84984572684092,0.8379462386470249;16.982338471480936,14.4574540115461,0.7795617732176426;16.6561314066347,16.403439279548287,1.2836920917924646;5.398747996641409,15.000606954740654,0.2759122247568536;15.264278401717403,10.29919208231439,0.2316821241488554;10.911255852773824,12.32733772574333,0.7238978160411744;4.280084679595954,13.678702869526163,2.3024030597113416;17.479092617537404,11.080351461505307,1.1103263964905046;8.540140392127444,12.019562633396255,1.1337858747342713;11.741065877053364,13.225358942033967,0.46373120111325383;0.2566576950879157,15.438502156368578,0.25017761057893567;11.535138329870394,12.517501080138413,0.3023805730750141;2.2442554789509175,13.944225925149922,0.4764987910136303;2.829071724616509,6.815252500373287,1.116842398565673;12.89348341244764,4.462689100248536,2.456780207842593;2.792309268830196,1.9482063215231027,1.5239511084219592;18.63000485495394,9.516374612050642,0.4862045394896714;4.312449040471382,9.900114663805454,0.8882562845551485;0.6794491868940552,9.23994368862653,0.2431473573377341;17.386995268777646,18.78353211061407,0.9920648701342627"
17,drone_1,13.632,12.365,7.806,5.403,"14.145079426228822,14.135285643003368,0.36465074522886504;2.440226870056917,4.933819650250329,1.1897814698375528;1.3066818871107722,17.589369001861286,0.9125121680327651;2.357678421611219,12.84984572684092,0.8379462386470249;16.982338471480936,14.4574540115461,0.7795617732176426;16.6561314066347,16.403439279548287,1.2836920917924646;5.398747996641409,15.000606954740654,0.2759122247568536;15.264278401717403,10.29919208231439,0.2316821241488554;10.911255852773824,12.32733772574333,0.7238978160411744;4.280084679595954,13.678702869526163,2.3024030597113416;17.479092617537404,11.080351461505307,1.1103263964905046;8.540140392127444,12.019562633396255,1.1337858747342713;11.741065877053364,13.225358942033967,0.46373120111325383;0.2566576950879157,15.438502156368578,0.25017761057893567;11.535138329870394,12.517501080138413,0.3023805730750141;2.2442554789509175,13.944225925149922,0.4764987910136303;2.829071724616509,6.815252500373287,1.116842398565673;12.89348341244764,4.462689100248536,2.456780207842593;2.792309268830196,1.9482063215231027,1.5239511084219592;18.63000485495394,9.516374612050642,0.4862045394896714;4.312449040471382,9.900114663805454,0.8882562845551485;0.6794491868940552,9.23994368862653,0.2431473573377341;17.386995268777646,18.78353211061407,0.9920648701342627"
17,drone_2,9.814,13.128,7.806,5.403,"14.145079426228822,14.135285643003368,0.36465074522886504;2.440226870056917,4.933819650250329,1.1897814698375528;1.3066818871107722,17.589369001861286,0.9125121680327651;2.357678421611219,12.84984572684092,0.8379462386470249;16.982338471480936,14.4574540115461,0.7795617732176426;16.6561314066347,16.403439279548287,1.2836920917924646;5.398747996641409,15.000606954740654,0.2759122247568536;15.264278401717403,10.29919208231439,0.2316821241488554;10.911255852773824,12.32733772574333,0.7238978160411744;4.280084679595954,13.678702869526163,2.3024030597113416;17.479092617537404,11.080351461505307,1.1103263964905046;8.540140392127444,12.019562633396255,1.1337858747342713;11.741065877053364,13.225358942033967,0.46373120111325383;0.2566576950879157,15.438502156368578,0.25017761057893567;11.535138329870394,12.517501080138413,0.3023805730750141;2.2442554789509175,13.944225925149922,0.4764987910136303;2.829071724616509,6.815252500373287,1.116842398565673;12.89348341244764,4.462689100248536,2.456780207842593;2.792309268830196,1.9482063215231027,1.5239511084219592;18.63000485495394,9.516374612050642,0.4862045394896714;4.312449040471382,9.900114663805454,0.8882562845551485;0.6794491868940552,9.23994368862653,0.2431473573377341;17.386995268777646,18.78353211061407,0.9920648701342627"
17,drone_3,14.931,11.187,7.806,5.403,"14.145079426228822,14.135285643003368,0.36465074522886504;2.440226870056917,4.933819650250329,1.1897814698375528;1.3066818871107722,17.589369001861286,0.9125121680327651;2.357678421611219,12.84984572684092,0.8379462386470249;16.982338471480936,14.4574540115461,0.7795617732176426;16.6561314066347,16.403439279548287,1.2836920917924646;5.398747996641409,15.000606954740654,0.2759122247568536;15.264278401717403,10.29919208231439,0.2316821241488554;10.911255852773824,12.32733772574333,0.7238978160411744;4.280084679595954,13.678702869526163,2.3024030597113416;17.479092617537404,11.080351461505307,1.1103263964905046;8.540140392127444,12.019562633396255,1.1337858747342713;11.741065877053364,13.225358942033967,0.46373120111325383;0.2566576950879157,15.438502156368578,0.25017761057893567;11.535138329870394,12.517501080138413,0.3023805730750141;2.2442554789509175,13.944225925149922,0.4764987910136303;2.829071724616509,6.815252500373287,1.116842398565673;12.89348341244764,4.462689100248536,2.456780207842593;2.792309268830196,1.9482063215231027,1.5239511084219592;18.63000485495394,9.516374612050642,0.4862045394896714;4.312449040471382,9.900114663805454,0.8882562845551485;0.6794491868940552,9.23994368862653,0.2431473573377341;17.386995268777646,18.78353211061407,0.9920648701342627"
17,drone_4,16.489,3.619,7.806,5.403,"14.145079426228822,14.135285643003368,0.36465074522886504;2.440226870056917,4.933819650250329,1.1897814698375528;1.3066818871107722,17.589369001861286,0.9125121680327651;2.357678421611219,12.84984572684092,0.8379462386470249;16.982338471480936,14.4574540115461,0.7795617732176426;16.6561314066347,16.403439279548287,1.2836920917924646;5.398747996641409,15.000606954740654,0.2759122247568536;15.264278401717403,10.29919208231439,0.2316821241488554;10.911255852773824,12.32733772574333,0.7238978160411744;4.280084679595954,13.678702869526163,2.3024030597113416;17.479092617537404,11.080351461505307,1.1103263964905046;8.540140392127444,12.019562633396255,1.1337858747342713;11.741065877053364,13.225358942033967,0.46373120111325383;0.2566576950879157,15.438502156368578,0.25017761057893567;11.535138329870394,12.517501080138413,0.3023805730750141;2.2442554789509175,13.944225925149922,0.4764987910136303;2.829071724616509,6.815252500373287,1.116842398565673;12.89348341244764,4.462689100248536,2.456780207842593;2.792309268830196,1.9482063215231027,1.5239511084219592;18.63000485495394,9.516374612050642,0.4862045394896714;4.312449040471382,9.900114663805454,0.8882562845551485;0.6794491868940552,9.23994368862653,0.2431473573377341;17.386995268777646,18.78353211061407,0.9920648701342627"
17,drone_5,7.826,6.681,7.806,5.403,"14.145079426228822,14.135285643003368,0.36465074522886504;2.440226870056917,4.933819650250329,1.1897814698375528;1.3066818871107722,17.589369001861286,0.9125121680327651;2.357678421611219,12.84984572684092,0.8379462386470249;16.982338471480936,14.4574540115461,0.7795617732176426;16.6561314066347,16.403439279548287,1.2836920917924646;5.398747996641409,15.000606954740654,0.2759122247568536;15.264278401717403,10.29919208231439,0.2316821241488554;10.911255852773824,12.32733772574333,0.7238978160411744;4.280084679595954,13.678702869526163,2.3024030597113416;17.479092617537404,11.080351461505307,1.1103263964905046;8.540140392127444,12.019562633396255,1.1337858747342713;11.741065877053364,13.225358942033967,0.46373120111325383;0.2566576950879157,15.438502156368578,0.25017761057893567;11.535138329870394,12.517501080138413,0.3023805730750141;2.2442554789509175,13.944225925149922,0.4764987910136303;2.829071724616509,6.815252500373287,1.116842398565673;12.89348341244764,4.462689100248536,2.456780207842593;2.792309268830196,1.9482063215231027,1.5239511084219592;18.63000485495394,9.516374612050642,0.4862045394896714;4.312449040471382,9.900114663805454,0.8882562845551485;0.6794491868940552,9.23994368862653,0.2431473573377341;17.386995268777646,18.78353211061407,0.9920648701342627"
17,drone_7,12.322,13.857,7.806,5.403,"14.145079426228822,14.135285643003368,0.36465074522886504;2.440226870056917,4.933819650250329,1.1897814698375528;1.3066818871107722,17.589369001861286,0.9125121680327651;2.357678421611219,12.84984572684092,0.8379462386470249;16.982338471480936,14.4574540115461,0.7795617732176426;16.6561314066347,16.403439279548287,1.2836920917924646;5.398747996641409,15.000606954740654,0.2759122247568536;15.264278401717403,10.29919208231439,0.2316821241488554;10.911255852773824,12.32733772574333,0.7238978160411744;4.280084679595954,13.678702869526163,2.3024030597113416;17.479092617537404,11.080351461505307,1.1103263964905046;8.540140392127444,12.019562633396255,1.1337858747342713;11.741065877053364,13.225358942033967,0.46373120111325383;0.2566576950879157,15.438502156368578,0.25017761057893567;11.535138329870394,12.517501080138413,0.3023805730750141;2.2442554789509175,13.944225925149922,0.4764987910136303;2.829071724616509,6.815252500373287,1.116842398565673;12.89348341244764,4.462689100248536,2.456780207842593;2.792309268830196,1.9482063215231027,1.5239511084219592;18.63000485495394,9.516374612050642,0.4862045394896714;4.312449040471382,9.900114663805454,0.8882562845551485;0.6794491868940552,9.23994368862653,0.2431473573377341;17.386995268777646,18.78353211061407,0.9920648701342627"
17,drone_9,1.639,8.272,7.806,5.403,"14.145079426228822,14.135285643003368,0.36465074522886504;2.440226870056917,4.933819650250329,1.1897814698375528;1.3066818871107722,17.589369001861286,0.9125121680327651;2.357678421611219,12.84984572684092,0.8379462386470249;16.982338471480936,14.4574540115461,0.7795617732176426;16.6561314066347,16.403439279548287,1.2836920917924646;5.398747996641409,15.000606954740654,0.2759122247568536;15.264278401717403,10.29919208231439,0.2316821241488554;10.911255852773824,12.32733772574333,0.7238978160411744;4.280084679595954,13.678702869526163,2.3024030597113416;17.479092617537404,11.080351461505307,1.1103263964905046;8.540140392127444,12.019562633396255,1.1337858747342713;11.741065877053364,13.225358942033967,0.46373120111325383;0.2566576950879157,15.438502156368578,0.25017761057893567;11.535138329870394,12.517501080138413,0.3023805730750141;2.2442554789509175,13.944225925149922,0.4764987910136303;2.829071724616509,6.815252500373287,1.116842398565673;12.89348341244764,4.462689100248536,2.456780207842593;2.792309268830196,1.9482063215231027,1.5239511084219592;18.63000485495394,9.516374612050642,0.4862045394896714;4.312449040471382,9.900114663805454,0.8882562845551485;0.6794491868940552,9.23994368862653,0.2431473573377341;17.386995268777646,18.78353211061407,0.9920648701342627"
18,drone_0,1.421,11.176,7.806,5.403,"14.145079426228822,14.135285643003368,0.36465074522886504;2.440226870056917,4.933819650250329,1.1897814698375528;1.3066818871107722,17.589369001861286,0.9125121680327651;2.357678421611219,12.84984572684092,0.8379462386470249;16.982338471480936,14.4574540115461,0.7795617732176426;16.6561314066347,16.403439279548287,1.2836920917924646;5.398747996641409,15.000606954740654,0.2759122247568536;15.264278401717403,10.29919208231439,0.2316821241488554;10.911255852773824,12.32733772574333,0.7238978160411744;4.280084679595954,13.678702869526163,2.3024030597113416;17.479092617537404,11.080351461505307,1.1103263964905046;8.540140392127444,12.019562633396255,1.1337858747342713;11.741065877053364,13.225358942033967,0.46373120111325383;0.2566576950879157,15.438502156368578,0.25017761057893567;11.535138329870394,12.517501080138413,0.3023805730750141;2.2442554789509175,13.944225925149922,0.4764987910136303;2.829071724616509,6.815252500373287,1.116842398565673;12.89348341244764,4.462689100248536,2.456780207842593;2.792309268830196,1.9482063215231027,1.5239511084219592;18.63000485495394,9.516374612050642,0.4862045394896714;4.312449040471382,9.900114663805454,0.8882562845551485;0.6794491868940552,9.23994368862653,0.2431473573377341;17.386995268777646,18.78353211061407,0.9920648701342627"
18,drone_1,13.523,12.198,7.806,5.403,"14.145079426228822,14.135285643003368,0.36465074522886504;2.440226870056917,4.933819650250329,1.1897814698375528;1.3066818871107722,17.589369001861286,0.9125121680327651;2.357678421611219,12.84984572684092,0.8379462386470249;16.982338471480936,14.4574540115461,0.7795617732176426;16.6561314066347,16.403439279548287,1.2836920917924646;5.398747996641409,15.000606954740654,0.2759122247568536;15.264278401717403,10.29919208231439,0.2316821241488554;10.911255852773824,12.32733772574333,0.7238978160411744;4.280084679595954,13.678702869526163,2.3024030597113416;17.479092617537404,11.080351461505307,1.1103263964905046;8.540140392127444,12.019562633396255,1.1337858747342713;11.741065877053364,13.225358942033967,0.46373120111325383;0.2566576950879157,15.438502156368578,0.25017761057893567;11.535138329870394,12.517501080138413,0.3023805730750141;2.2442554789509175,13.944225925149922,0.4764987910136303;2.829071724616509,6.815252500373287,1.116842398565673;12.89348341244764,4.462689100248536,2.456780207842593;2.792309268830196,1.9482063215231027,1.5239511084219592;18.63000485495394,9.516374612050642,0.4862045394896714;4.312449040471382,9.900114663805454,0.8882562845551485;0.6794491868940552,9.23994368862653,0.2431473573377341;17.386995268777646,18.78353211061407,0.9920648701342627"
18,drone_2,9.914,13.225,7.806,5.403,"14.145079426228822,14.135285643003368,0.36465074522886504;2.440226870056917,4.933819650250329,1.1897814698375528;1.3066818871107722,17.589369001861286,0.9125121680327651;2.357678421611219,12.84984572684092,0.8379462386470249;16.982338471480936,14.4574540115461,0.7795617732176426;16.6561314066347,16.403439279548287,1.2836920917924646;5.398747996641409,15.000606954740654,0.2759122247568536;15.264278401717403,10.29919208231439,0.2316821241488554;10.911255852773824,12.32733772574333,0.7238978160411744;4.280084679595954,13.678702869526163,2.3024030597113416;17.479092617537404,11.080351461505307,1.1103263964905046;8.540140392127444,12.019562633396255,1.1337858747342713;11.741065877053364,13.225358942033967,0.46373120111325383;0.2566576950879157,15.438502156368578,0.25017761057893567;11.535138329870394,12.517501080138413,0.3023805730750141;2.2442554789509175,13.944225925149922,0.4764987910136303;2.829071724616509,6.815252500373287,1.116842398565673;12.89348341244764,4.462689100248536,2.456780207842593;2.792309268830196,1.9482063215231027,1.5239511084219592;18.63000485495394,9.516374612050642,0.4862045394896714;4.312449040471382,9.900114663805454,0.8882562845551485;0.6794491868940552,9.23994368862653,0.2431473573377341;17.386995268777646,18.78353211061407,0.9920648701342627"
18,drone_3,14.752,11.099,7.806,5.403,"14.145079426228822,14.135285643003368,0.36465074522886504;2.440226870056917,4.933819650250329,1.1897814698375528;1.3066818871107722,17.589369001861286,0.9125121680327651;2.357678421611219,12.84984572684092,0.8379462386470249;16.982338471480936,14.4574540115461,0.7795617732176426;16.6561314066347,16.403439279548287,1.2836920917924646;5.398747996641409,15.000606954740654,0.2759122247568536;15.264278401717403,10.29919208231439,0.2316821241488554;10.911255852773824,12.32733772574333,0.7238978160411744;4.280084679595954,13.678702869526163,2.3024030597113416;17.479092617537404,11.080351461505307,1.1103263964905046;8.540140392127444,12.019562633396255,1.1337858747342713;11.741065877053364,13.225358942033967,0.46373120111325383;0.2566576950879157,15.438502156368578,0.25017761057893567;11.535138329870394,12.517501080138413,0.3023805730750141;2.2442554789509175,13.944225925149922,0.4764987910136303;2.829071724616509,6.815252500373287,1.116842398565673;12.89348341244764,4.462689100248536,2.456780207842593;2.792309268830196,1.9482063215231027,1.5239511084219592;18.63000485495394,9.516374612050642,0.4862045394896714;4.312449040471382,9.900114663805454,0.8882562845551485;0.6794491868940552,9.23994368862653,0.2431473573377341;17.386995268777646,18.78353211061407,0.9920648701342627"
18,drone_4,16.474,3.818,7.806,5.403,"14.145079426228822,14.135285643003368,0.36465074522886504;2.440226870056917,4.933819650250329,1.1897814698375528;1.3066818871107722,17.589369001861286,0.9125121680327651;2.357678421611219,12.84984572684092,0.8379462386470249;16.982338471480936,14.4574540115461,0.7795617732176426;16.6561314066347,16.403439279548287,1.2836920917924646;5.398747996641409,15.000606954740654,0.2759122247568536;15.264278401717403,10.29919208231439,0.2316821241488554;10.911255852773824,12.32733772574333,0.7238978160411744;4.280084679595954,13.678702869526163,2.3024030597113416;17.479092617537404,11.080351461505307,1.1103263964905046;8.540140392127444,12.019562633396255,1.1337858747342713;11.741065877053364,13.225358942033967,0.46373120111325383;0.2566576950879157,15.438502156368578,0.25017761057893567;11.535138329870394,12.517501080138413,0.3023805730750141;2.2442554789509175,13.944225925149922,0.4764987910136303;2.829071724616509,6.815252500373287,1.116842398565673;12.89348341244764,4.462689100248536,2.456780207842593;2.792309268830196,1.9482063215231027,1.5239511084219592;18.63000485495394,9.516374612050642,0.4862045394896714;4.312449040471382,9.900114663805454,0.8882562845551485;0.6794491868940552,9.23994368862653,0.2431473573377341;17.386995268777646,18.78353211061407,0.9920648701342627"
18,drone_5,7.841,6.482,7.806,5.403,"14.145079426228822,14.135285643003368,0.36465074522886504;2.440226870056917,4.933819650250329,1.1897814698375528;1.3066818871107722,17.589369001861286,0.9125121680327651;2.357678421611219,12.84984572684092,0.8379462386470249;16.982338471480936,14.4574540115461,0.7795617732176426;16.6561314066347,16.403439279548287,1.2836920917924646;5.398747996641409,15.000606954740654,0.2759122247568536;15.264278401717403,10.29919208231439,0.2316821241488554;10.911255852773824,12.32733772574333,0.7238978160411744;4.280084679595954,13.678702869526163,2.3024030597113416;17.479092617537404,11.080351461505307,1.1103263964905046;8.540140392127444,12.019562633396255,1.1337858747342713;11.741065877053364,13.225358942033967,0.46373120111325383;0.2566576950879157,15.438502156368578,0.25017761057893567;11.535138329870394,12.517501080138413,0.3023805730750141;2.2442554789509175,13.944225925149922,0.4764987910136303;2.829071724616509,6.815252500373287,1.116842398565673;12.89348341244764,4.462689100248536,2.456780207842593;2.792309268830196,1.9482063215231027,1.5239511084219592;18.63000485495394,9.516374612050642,0.4862045394896714;4.312449040471382,9.900114663805454,0.8882562845551485;0.6794491868940552,9.23994368862653,0.2431473573377341;17.386995268777646,18.78353211061407,0.9920648701342627"
18,drone_7,12.476,13.785,7.806,5.403,"14.145079426228822,14.135285643003368,0.36465074522886504;2.440226870056917,4.933819650250329,1.1897814698375528;1.3066818871107722,17.589369001861286,0.9125121680327651;2.357678421611219,12.84984572684092,0.8379462386470249;16.982338471480936,14.4574540115461,0.7795617732176426;16.6561314066347,16.403439279548287,1.2836920917924646;5.398747996641409,15.000606954740654,0.2759122247568536;15.264278401717403,10.29919208231439,0.2316821241488554;10.911255852773824,12.32733772574333,0.7238978160411744;4.280084679595954,13.678702869526163,2.3024030597113416;17.479092617537404,11.080351461505307,1.1103263964905046;8.540140392127444,12.019562633396255,1.1337858747342713;11.741065877053364,13.225358942033967,0.46373120111325383;0.2566576950879157,15.438502156368578,0.25017761057893567;11.535138329870394,12.517501080138413,0.3023805730750141;2.2442554789509175,13.944225925149922,0.4764987910136303;2.829071724616509,6.815252500373287,1.116842398565673;12.89348341244764,4.462689100248536,2.456780207842593;2.792309268830196,1.9482063215231027,1.5239511084219592;18.63000485495394,9.516374612050642,0.4862045394896714;4.312449040471382,9.900114663805454,0.8882562845551485;0.6794491868940552,9.23994368862653,0.2431473573377341;17.386995268777646,18.78353211061407,0.9920648701342627"
18,drone_9,1.817,8.362,7.806,5.403,"14.145079426228822,14.135285643003368,0.36465074522886504;2.440226870056917,4.933819650250329,1.1897814698375528;1.3066818871107722,17.589369001861286,0.9125121680327651;2.357678421611219,12.84984572684092,0.8379462386470249;16.982338471480936,14.4574540115461,0.7795617732176426;16.6561314066347,16.403439279548287,1.2836920917924646;5.398747996641409,15.000606954740654,0.2759122247568536;15.264278401717403,10.29919208231439,0.2316821241488554;10.911255852773824,12.32733772574333,0.7238978160411744;4.280084679595954,13.678702869526163,2.3024030597113416;17.479092617537404,11.080351461505307,1.1103263964905046;8.540140392127444,12.019562633396255,1.1337858747342713;11.741065877053364,13.225358942033967,0.46373120111325383;0.2566576950879157,15.438502156368578,0.25017761057893567;11.535138329870394,12.517501080138413,0.3023805730750141;2.2442554789509175,13.944225925149922,0.4764987910136303;2.829071724616509,6.815252500373287,1.116842398565673;12.89348341244764,4.462689100248536,2.456780207842593;2.792309268830196,1.9482063215231027,1.5239511084219592;18.63000485495394,9.516374612050642,0.4862045394896714;4.312449040471382,9.900114663805454,0.8882562845551485;0.6794491868940552,9.23994368862653,0.2431473573377341;17.386995268777646,18.78353211061407,0.9920648701342627"
19,drone_0,1.543,11.017,7.806,5.403,"14.145079426228822,14.135285643003368,0.36465074522886504;2.440226870056917,4.933819650250329,1.1897814698375528;1.3066818871107722,17.589369001861286,0.9125121680327651;2.357678421611219,12.84984572684092,0.8379462386470249;16.982338471480936,14.4574540115461,0.7795617732176426;16.6561314066347,16.403439279548287,1.2836920917924646;5.398747996641409,15.000606954740654,0.2759122247568536;15.264278401717403,10.29919208231439,0.2316821241488554;10.911255852773824,12.32733772574333,0.7238978160411744;4.280084679595954,13.678702869526163,2.3024030597113416;17.479092617537404,11.080351461505307,1.1103263964905046;8.540140392127444,12.019562633396255,1.1337858747342713;11.741065877053364,13.225358942033967,0.46373120111325383;0.2566576950879157,15.438502156368578,0.25017761057893567;11.535138329870394,12.517501080138413,0.3023805730750141;2.2442554789509175,13.944225925149922,0.4764987910136303;2.829071724616509,6.815252500373287,1.116842398565673;12.89348341244764,4.462689100248536,2.456780207842593;2.792309268830196,1.9482063215231027,1.5239511084219592;18.63000485495394,9.516374612050642,0.4862045394896714;4.312449040471382,9.900114663805454,0.8882562845551485;0.6794491868940552,9.23994368862653,0.2431473573377341;17.386995268777646,18.78353211061407,0.9920648701342627"
19,drone_1,13.437,12.017,7.806,5.403,"14.145079426228822,14.135285643003368,0.36465074522886504;2.440226870056917,4.933819650250329,1.1897814698375528;1.3066818871107722,17.589369001861286,0.9125121680327651;2.357678421611219,12.84984572684092,0.8379462386470249;16.982338471480936,14.4574540115461,0.7795617732176426;16.6561314066347,16.403439279548287,1.2836920917924646;5.398747996641409,15.000606954740654,0.2759122247568536;15.264278401717403,10.29919208231439,0.2316821241488554;10.911255852773824,12.32733772574333,0.7238978160411744;4.280084679595954,13.678702869526163,2.3024030597113416;17.479092617537404,11.080351461505307,1.1103263964905046;8.540140392127444,12.019562633396255,1.1337858747342713;11.741065877053364,13.225358942033967,0.46373120111325383;0.2566576950879157,15.438502156368578,0.25017761057893567;11.535138329870394,12.517501080138413,0.3023805730750141;2.2442554789509175,13.944225925149922,0.4764987910136303;2.829071724616509,6.815252500373287,1.116842398565673;12.89348341244764,4.462689100248536,2.456780207842593;2.792309268830196,1.9482063215231027,1.5239511084219592;18.63000485495394,9.516374612050642,0.4862045394896714;4.312449040471382,9.900114663805454,0.8882562845551485;0.6794491868940552,9.23994368862653,0.2431473573377341;17.386995268777646,18.78353211061407,0.9920648701342627"
19,drone_2,9.913,13.319,7.806,5.403,"14.145079426228822,14.135285643003368,0.36465074522886504;2.440226870056917,4.933819650250329,1.1897814698375528;1.3066818871107722,17.589369001861286,0.9125121680327651;2.357678421611219,12.84984572684092,0.8379462386470249;16.982338471480936,14.4574540115461,0.7795617732176426;16.6561314066347,16.403439279548287,1.2836920917924646;5.398747996641409,15.000606954740654,0.2759122247568536;15.264278401717403,10.29919208231439,0.2316821241488554;10.911255852773824,12.32733772574333,0.7238978160411744;4.280084679595954,13.678702869526163,2.3024030597113416;17.479092617537404,11.080351461505307,1.1103263964905046;8.540140392127444,12.019562633396255,1.1337858747342713;11.741065877053364,13.225358942033967,0.46373120111325383;0.2566576950879157,15.438502156368578,0.25017761057893567;11.535138329870394,12.517501080138413,0.3023805730750141;2.2442554789509175,13.944225925149922,0.4764987910136303;2.829071724616509,6.815252500373287,1.116842398565673;12.89348341244764,4.462689100248536,2.456780207842593;2.792309268830196,1.9482063215231027,1.5239511084219592;18.63000485495394,9.516374612050642,0.4862045394896714;4.312449040471382,9.900114663805454,0.8882562845551485;0.6794491868940552,9.23994368862653,0.2431473573377341;17.386995268777646,18.78353211061407,0.9920648701342627"
19,drone_3,14.588,10.983,7.806,5.403,"14.145079426228822,14.135285643003368,0.36465074522886504;2.440226870056917,4.933819650250329,1.1897814698375528;1.3066818871107722,17.589369001861286,0.9125121680327651;2.357678421611219,12.84984572684092,0.8379462386470249;16.982338471480936,14.4574540115461,0.7795617732176426;16.6561314066347,16.403439279548287,1.2836920917924646;5.398747996641409,15.000606954740654,0.2759122247568536;15.264278401717403,10.29919208231439,0.2316821241488554;10.911255852773824,12.32733772574333,0.7238978160411744;4.280084679595954,13.678702869526163,2.3024030597113416;17.479092617537404,11.080351461505307,1.1103263964905046;8.540140392127444,12.019562633396255,1.1337858747342713;11.741065877053364,13.225358942033967,0.46373120111325383;0.2566576950879157,15.438502156368578,0.25017761057893567;11.535138329870394,12.517501080138413,0.3023805730750141;2.2442554789509175,13.944225925149922,0.4764987910136303;2.829071724616509,6.815252500373287,1.116842398565673;12.89348341244764,4.462689100248536,2.456780207842593;2.792309268830196,1.9482063215231027,1.5239511084219592;18.63000485495394,9.516374612050642,0.4862045394896714;4.312449040471382,9.900114663805454,0.8882562845551485;0.6794491868940552,9.23994368862653,0.2431473573377341;17.386995268777646,18.78353211061407,0.9920648701342627"
19,drone_4,16.390,4.000,7.806,5.403,"14.145079426228822,14.135285643003368,0.36465074522886504;2.440226870056917,4.933819650250329,1.1897814698375528;1.3066818871107722,17.589369001861286,0.9125121680327651;2.357678421611219,12.84984572684092,0.8379462386470249;16.982338471480936,14.4574540115461,0.7795617732176426;16.6561314066347,16.403439279548287,1.2836920917924646;5.398747996641409,15.000606954740654,0.2759122247568536;15.264278401717403,10.29919208231439,0.2316821241488554;10.911255852773824,12.32733772574333,0.7238978160411744;4.280084679595954,13.678702869526163,2.3024030597113416;17.479092617537404,11.080351461505307,1.1103263964905046;8.540140392127444,12.019562633396255,1.1337858747342713;11.741065877053364,13.225358942033967,0.46373120111325383;0.2566576950879157,15.438502156368578,0.25017761057893567;11.535138329870394,12.517501080138413,0.3023805730750141;2.2442554789509175,13.944225925149922,0.4764987910136303;2.829071724616509,6.815252500373287,1.116842398565673;12.89348341244764,4.462689100248536,2.456780207842593;2.792309268830196,1.9482063215231027,1.5239511084219592;18.63000485495394,9.516374612050642,0.4862045394896714;4.312449040471382,9.900114663805454,0.8882562845551485;0.6794491868940552,9.23994368862653,0.2431473573377341;17.386995268777646,18.78353211061407,0.9920648701342627"
19,drone_5,7.888,6.287,7.806,5.403,"14.145079426228822,14.135285643003368,0.36465074522886504;2.440226870056917,4.933819650250329,1.1897814698375528;1.3066818871107722,17.589369001861286,0.9125121680327651;2.357678421611219,12.84984572684092,0.8379462386470249;16.982338471480936,14.4574540115461,0.7795617732176426;16.6561314066347,16.403439279548287,1.2836920917924646;5.398747996641409,15.000606954740654,0.2759122247568536;15.264278401717403,10.29919208231439,0.2316821241488554;10.911255852773824,12.32733772574333,0.7238978160411744;4.280084679595954,13.678702869526163,2.3024030597113416;17.479092617537404,11.080351461505307,1.1103263964905046;8.540140392127444,12.019562633396255,1.1337858747342713;11.741065877053364,13.225358942033967,0.46373120111325383;0.2566576950879157,15.438502156368578,0.25017761057893567;11.535138329870394,12.517501080138413,0.3023805730750141;2.2442554789509175,13.944225925149922,0.4764987910136303;2.829071724616509,6.815252500373287,1.116842398565673;12.89348341244764,4.462689100248536,2.456780207842593;2.792309268830196,1.9482063215231027,1.5239511084219592;18.63000485495394,9.516374612050642,0.4862045394896714;4.312449040471382,9.900114663805454,0.8882562845551485;0.6794491868940552,9.23994368862653,0.2431473573377341;17.386995268777646,18.78353211061407,0.9920648701342627"
19,drone_7,12.566,13.613,7.806,5.403,"14.145079426228822,14.135285643003368,0.36465074522886504;2.440226870056917,4.933819650250329,1.1897814698375528;1.3066818871107722,17.589369001861286,0.9125121680327651;2.357678421611219,12.84984572684092,0.8379462386470249;16.982338471480936,14.4574540115461,0.7795617732176426;16.6561314066347,16.403439279548287,1.2836920917924646;5.398747996641409,15.000606954740654,0.2759122247568536;15.264278401717403,10.29919208231439,0.2316821241488554;10.911255852773824,12.32733772574333,0.7238978160411744;4.280084679595954,13.678702869526163,2.3024030597113416;17.479092617537404,11.080351461505307,1.1103263964905046;8.540140392127444,12.019562633396255,1.1337858747342713;11.741065877053364,13.225358942033967,0.46373120111325383;0.2566576950879157,15.438502156368578,0.25017761057893567;11.535138329870394,12.517501080138413,0.3023805730750141;2.2442554789509175,13.944225925149922,0.4764987910136303;2.829071724616509,6.815252500373287,1.116842398565673;12.89348341244764,4.462689100248536,2.456780207842593;2.792309268830196,1.9482063215231027,1.5239511084219592;18.63000485495394,9.516374612050642,0.4862045394896714;4.312449040471382,9.900114663805454,0.8882562845551485;0.6794491868940552,9.23994368862653,0.2431473573377341;17.386995268777646,18.78353211061407,0.9920648701342627"
19,drone_9,2.017,8.357,7.806,5.403,"14.145079426228822,14.135285643003368,0.36465074522886504;2.440226870056917,4.933819650250329,1.1897814698375528;1.3066818871107722,17.589369001861286,0.9125121680327651;2.357678421611219,12.84984572684092,0.8379462386470249;16.982338471480936,14.4574540115461,0.7795617732176426;16.6561314066347,16.403439279548287,1.2836920917924646;5.398747996641409,15.000606954740654,0.2759122247568536;15.264278401717403,10.29919208231439,0.2316821241488554;10.911255852773824,12.32733772574333,0.7238978160411744;4.280084679595954,13.678702869526163,2.3024030597113416;17.479092617537404,11.080351461505307,1.1103263964905046;8.540140392127444,12.019562633396255,1.1337858747342713;11.741065877053364,13.225358942033967,0.46373120111325383;0.2566576950879157,15.438502156368578,0.25017761057893567;11.535138329870394,12.517501080138413,0.3023805730750141;2.2442554789509175,13.944225925149922,0.4764987910136303;2.829071724616509,6.815252500373287,1.116842398565673;12.89348341244764,4.462689100248536,2.456780207842593;2.792309268830196,1.9482063215231027,1.5239511084219592;18.63000485495394,9.516374612050642,0.4862045394896714;4.312449040471382,9.900114663805454,0.8882562845551485;0.6794491868940552,9.23994368862653,0.2431473573377341;17.386995268777646,18.78353211061407,0.9920648701342627"
20,drone_0,1.673,10.866,7.806,5.403,"14.145079426228822,14.135285643003368,0.36465074522886504;2.440226870056917,4.933819650250329,1.1897814698375528;1.3066818871107722,17.589369001861286,0.9125121680327651;2.357678421611219,12.84984572684092,0.8379462386470249;16.982338471480936,14.4574540115461,0.7795617732176426;16.6561314066347,16.403439279548287,1.2836920917924646;5.398747996641409,15.000606954740654,0.2759122247568536;15.264278401717403,10.29919208231439,0.2316821241488554;10.911255852773824,12.32733772574333,0.7238978160411744;4.280084679595954,13.678702869526163,2.3024030597113416;17.479092617537404,11.080351461505307,1.1103263964905046;8.540140392127444,12.019562633396255,1.1337858747342713;11.741065877053364,13.225358942033967,0.46373120111325383;0.2566576950879157,15.438502156368578,0.25017761057893567;11.535138329870394,12.517501080138413,0.3023805730750141;2.2442554789509175,13.944225925149922,0.4764987910136303;2.829071724616509,6.815252500373287,1.116842398565673;12.89348341244764,4.462689100248536,2.456780207842593;2.792309268830196,1.9482063215231027,1.5239511084219592;18.63000485495394,9.516374612050642,0.4862045394896714;4.312449040471382,9.900114663805454,0.8882562845551485;0.6794491868940552,9.23994368862653,0.2431473573377341;17.386995268777646,18.78353211061407,0.9920648701342627"
20,drone_1,13.341,11.842,7.806,5.403,"14.145079426228822,14.135285643003368,0.36465074522886504;2.440226870056917,4.933819650250329,1.1897814698375528;1.3066818871107722,17.589369001861286,0.9125121680327651;2.357678421611219,12.84984572684092,0.8379462386470249;16.982338471480936,14.4574540115461,0.7795617732176426;16.6561314066347,16.403439279548287,1.2836920917924646;5.398747996641409,15.000606954740654,0.2759122247568536;15.264278401717403,10.29919208231439,0.2316821241488554;10.911255852773824,12.32733772574333,0.7238978160411744;4.280084679595954,13.678702869526163,2.3024030597113416;17.479092617537404,11.080351461505307,1.1103263964905046;8.540140392127444,12.019562633396255,1.1337858747342713;11.741065877053364,13.225358942033967,0.46373120111325383;0.2566576950879157,15.438502156368578,0.25017761057893567;11.535138329870394,12.517501080138413,0.3023805730750141;2.2442554789509175,13.944225925149922,0.4764987910136303;2.829071724616509,6.815252500373287,1.116842398565673;12.89348341244764,4.462689100248536,2.456780207842593;2.792309268830196,1.9482063215231027,1.5239511084219592;18.63000485495394,9.516374612050642,0.4862045394896714;4.312449040471382,9.900114663805454,0.8882562845551485;0.6794491868940552,9.23994368862653,0.2431473573377341;17.386995268777646,18.78353211061407,0.9920648701342627"
20,drone_2,9.821,13.424,7.806,5.403,"14.145079426228822,14.135285643003368,0.36465074522886504;2.440226870056917,4.933819650250329,1.1897814698375528;1.3066818871107722,17.589369001861286,0.9125121680327651;2.357678421611219,12.84984572684092,0.8379462386470249;16.982338471480936,14.4574540115461,0.7795617732176426;16.6561314066347,16.403439279548287,1.2836920917924646;5.398747996641409,15.000606954740654,0.2759122247568536;15.264278401717403,10.29919208231439,0.2316821241488554;10.911255852773824,12.32733772574333,0.7238978160411744;4.280084679595954,13.678702869526163,2.3024030597113416;17.479092617537404,11.080351461505307,1.1103263964905046;8.540140392127444,12.019562633396255,1.1337858747342713;11.741065877053364,13.225358942033967,0.46373120111325383;0.2566576950879157,15.438502156368578,0.25017761057893567;11.535138329870394,12.517501080138413,0.3023805730750141;2.2442554789509175,13.944225925149922,0.4764987910136303;2.829071724616509,6.815252500373287,1.116842398565673;12.89348341244764,4.462689100248536,2.456780207842593;2.792309268830196,1.9482063215231027,1.5239511084219592;18.63000485495394,9.516374612050642,0.4862045394896714;4.312449040471382,9.900114663805454,0.8882562845551485;0.6794491868940552,9.23994368862653,0.2431473573377341;17.386995268777646,18.78353211061407,0.9920648701342627"
20,drone_3,14.438,10.852,7.806,5.403,"14.145079426228822,14.135285643003368,0.36465074522886504;2.440226870056917,4.933819650250329,1.1897814698375528;1.3066818871107722,17.589369001861286,0.9125121680327651;2.357678421611219,12.84984572684092,0.8379462386470249;16.982338471480936,14.4574540115461,0.7795617732176426;16.6561314066347,16.403439279548287,1.2836920917924646;5.398747996641409,15.000606954740654,0.2759122247568536;15.264278401717403,10.29919208231439,0.2316821241488554;10.911255852773824,12.32733772574333,0.7238978160411744;4.280084679595954,13.678702869526163,2.3024030597113416;17.479092617537404,11.080351461505307,1.1103263964905046;8.540140392127444,12.019562633396255,1.1337858747342713;11.741065877053364,13.225358942033967,0.46373120111325383;0.2566576950879157,15.438502156368578,0.25017761057893567;11.535138329870394,12.517501080138413,0.3023805730750141;2.2442554789509175,13.944225925149922,0.4764987910136303;2.829071724616509,6.815252500373287,1.116842398565673;12.89348341244764,4.462689100248536,2.456780207842593;2.792309268830196,1.9482063215231027,1.5239511084219592;18.63000485495394,9.516374612050642,0.4862045394896714;4.312449040471382,9.900114663805454,0.8882562845551485;0.6794491868940552,9.23994368862653,0.2431473573377341;17.386995268777646,18.78353211061407,0.9920648701342627"
20,drone_4,16.391,4.200,7.806,5.403,"14.145079426228822,14.135285643003368,0.36465074522886504;2.440226870056917,4.933819650250329,1.1897814698375528;1.3066818871107722,17.589369001861286,0.9125121680327651;2.357678421611219,12.84984572684092,0.8379462386470249;16.982338471480936,14.4574540115461,0.7795617732176426;16.6561314066347,16.403439279548287,1.2836920917924646;5.398747996641409,15.000606954740654,0.2759122247568536;15.264278401717403,10.29919208231439,0.2316821241488554;10.911255852773824,12.32733772574333,0.7238978160411744;4.280084679595954,13.678702869526163,2.3024030597113416;17.479092617537404,11.080351461505307,1.1103263964905046;8.540140392127444,12.019562633396255,1.1337858747342713;11.741065877053364,13.225358942033967,0.46373120111325383;0.2566576950879157,15.438502156368578,0.25017761057893567;11.535138329870394,12.517501080138413,0.3023805730750141;2.2442554789509175,13.944225925149922,0.4764987910136303;2.829071724616509,6.815252500373287,1.116842398565673;12.89348341244764,4.462689100248536,2.456780207842593;2.792309268830196,1.9482063215231027,1.5239511084219592;18.63000485495394,9.516374612050642,0.4862045394896714;4.312449040471382,9.900114663805454,0.8882562845551485;0.6794491868940552,9.23994368862653,0.2431473573377341;17.386995268777646,18.78353211061407,0.9920648701342627"
20,drone_7,12.654,13.434,7.806,5.403,"14.145079426228822,14.135285643003368,0.36465074522886504;2.440226870056917,4.933819650250329,1.1897814698375528;1.3066818871107722,17.589369001861286,0.9125121680327651;2.357678421611219,12.84984572684092,0.8379462386470249;16.982338471480936,14.4574540115461,0.7795617732176426;16.6561314066347,16.403439279548287,1.2836920917924646;5.398747996641409,15.000606954740654,0.2759122247568536;15.264278401717403,10.29919208231439,0.2316821241488554;10.911255852773824,12.32733772574333,0.7238978160411744;4.280084679595954,13.678702869526163,2.3024030597113416;17.479092617537404,11.080351461505307,1.1103263964905046;8.540140392127444,12.019562633396255,1.1337858747342713;11.741065877053364,13.225358942033967,0.46373120111325383;0.2566576950879157,15.438502156368578,0.25017761057893567;11.535138329870394,12.517501080138413,0.3023805730750141;2.2442554789509175,13.944225925149922,0.4764987910136303;2.829071724616509,6.815252500373287,1.116842398565673;12.89348341244764,4.462689100248536,2.456780207842593;2.792309268830196,1.9482063215231027,1.5239511084219592;18.63000485495394,9.516374612050642,0.4862045394896714;4.312449040471382,9.900114663805454,0.8882562845551485;0.6794491868940552,9.23994368862653,0.2431473573377341;17.386995268777646,18.78353211061407,0.9920648701342627"
20,drone_9,2.208,8.418,7.806,5.403,"14.145079426228822,14.135285643003368,0.36465074522886504;2.440226870056917,4.933819650250329,1.1897814698375528;1.3066818871107722,17.589369001861286,0.9125121680327651;2.357678421611219,12.84984572684092,0.8379462386470249;16.982338471480936,14.4574540115461,0.7795617732176426;16.6561314066347,16.403439279548287,1.2836920917924646;5.398747996641409,15.000606954740654,0.2759122247568536;15.264278401717403,10.29919208231439,0.2316821241488554;10.911255852773824,12.32733772574333,0.7238978160411744;4.280084679595954,13.678702869526163,2.3024030597113416;17.479092617537404,11.080351461505307,1.1103263964905046;8.540140392127444,12.019562633396255,1.1337858747342713;11.741065877053364,13.225358942033967,0.46373120111325383;0.2566576950879157,15.438502156368578,0.25017761057893567;11.535138329870394,12.517501080138413,0.3023805730750141;2.2442554789509175,13.944225925149922,0.4764987910136303;2.829071724616509,6.815252500373287,1.116842398565673;12.89348341244764,4.462689100248536,2.456780207842593;2.792309268830196,1.9482063215231027,1.5239511084219592;18.63000485495394,9.516374612050642,0.4862045394896714;4.312449040471382,9.900114663805454,0.8882562845551485;0.6794491868940552,9.23994368862653,0.2431473573377341;17.386995268777646,18.78353211061407,0.9920648701342627"
21,drone_0,1.805,10.715,7.806,5.403,"14.145079426228822,14.135285643003368,0.36465074522886504;2.440226870056917,4.933819650250329,1.1897814698375528;1.3066818871107722,17.589369001861286,0.9125121680327651;2.357678421611219,12.84984572684092,0.8379462386470249;16.982338471480936,14.4574540115461,0.7795617732176426;16.6561314066347,16.403439279548287,1.2836920917924646;5.398747996641409,15.000606954740654,0.2759122247568536;15.264278401717403,10.29919208231439,0.2316821241488554;10.911255852773824,12.32733772574333,0.7238978160411744;4.280084679595954,13.678702869526163,2.3024030597113416;17.479092617537404,11.080351461505307,1.1103263964905046;8.540140392127444,12.019562633396255,1.1337858747342713;11.741065877053364,13.225358942033967,0.46373120111325383;0.2566576950879157,15.438502156368578,0.25017761057893567;11.535138329870394,12.517501080138413,0.3023805730750141;2.2442554789509175,13.944225925149922,0.4764987910136303;2.829071724616509,6.815252500373287,1.116842398565673;12.89348341244764,4.462689100248536,2.456780207842593;2.792309268830196,1.9482063215231027,1.5239511084219592;18.63000485495394,9.516374612050642,0.4862045394896714;4.312449040471382,9.900114663805454,0.8882562845551485;0.6794491868940552,9.23994368862653,0.2431473573377341;17.386995268777646,18.78353211061407,0.9920648701342627"
21,drone_1,13.274,11.653,7.806,5.403,"14.145079426228822,14.135285643003368,0.36465074522886504;2.440226870056917,4.933819650250329,1.1897814698375528;1.3066818871107722,17.589369001861286,0.9125121680327651;2.357678421611219,12.84984572684092,0.8379462386470249;16.982338471480936,14.4574540115461,0.7795617732176426;16.6561314066347,16.403439279548287,1.2836920917924646;5.398747996641409,15.000606954740654,0.2759122247568536;15.264278401717403,10.29919208231439,0.2316821241488554;10.911255852773824,12.32733772574333,0.7238978160411744;4.280084679595954,13.678702869526163,2.3024030597113416;17.479092617537404,11.080351461505307,1.1103263964905046;8.540140392127444,12.019562633396255,1.1337858747342713;11.741065877053364,13.225358942033967,0.46373120111325383;0.2566576950879157,15.438502156368578,0.25017761057893567;11.535138329870394,12.517501080138413,0.3023805730750141;2.2442554789509175,13.944225925149922,0.4764987910136303;2.829071724616509,6.815252500373287,1.116842398565673;12.89348341244764,4.462689100248536,2.456780207842593;2.792309268830196,1.9482063215231027,1.5239511084219592;18.63000485495394,9.516374612050642,0.4862045394896714;4.312449040471382,9.900114663805454,0.8882562845551485;0.6794491868940552,9.23994368862653,0.2431473573377341;17.386995268777646,18.78353211061407,0.9920648701342627"
21,drone_2,9.828,13.624,7.806,5.403,"14.145079426228822,14.135285643003368,0.36465074522886504;2.440226870056917,4.933819650250329,1.1897814698375528;1.3066818871107722,17.589369001861286,0.9125121680327651;2.357678421611219,12.84984572684092,0.8379462386470249;16.982338471480936,14.4574540115461,0.7795617732176426;16.6561314066347,16.403439279548287,1.2836920917924646;5.398747996641409,15.000606954740654,0.2759122247568536;15.264278401717403,10.29919208231439,0.2316821241488554;10.911255852773824,12.32733772574333,0.7238978160411744;4.280084679595954,13.678702869526163,2.3024030597113416;17.479092617537404,11.080351461505307,1.1103263964905046;8.540140392127444,12.019562633396255,1.1337858747342713;11.741065877053364,13.225358942033967,0.46373120111325383;0.2566576950879157,15.438502156368578,0.25017761057893567;11.535138329870394,12.517501080138413,0.3023805730750141;2.2442554789509175,13.944225925149922,0.4764987910136303;2.829071724616509,6.815252500373287,1.116842398565673;12.89348341244764,4.462689100248536,2.456780207842593;2.792309268830196,1.9482063215231027,1.5239511084219592;18.63000485495394,9.516374612050642,0.4862045394896714;4.312449040471382,9.900114663805454,0.8882562845551485;0.6794491868940552,9.23994368862653,0.2431473573377341;17.386995268777646,18.78353211061407,0.9920648701342627"
21,drone_3,14.291,10.716,7.806,5.403,"14.145079426228822,14.135285643003368,0.36465074522886504;2.440226870056917,4.933819650250329,1.1897814698375528;1.3066818871107722,17.589369001861286,0.9125121680327651;2.357678421611219,12.84984572684092,0.8379462386470249;16.982338471480936,14.4574540115461,0.7795617732176426;16.6561314066347,16.403439279548287,1.2836920917924646;5.398747996641409,15.000606954740654,0.2759122247568536;15.264278401717403,10.29919208231439,0.2316821241488554;10.911255852773824,12.32733772574333,0.7238978160411744;4.280084679595954,13.678702869526163,2.3024030597113416;17.479092617537404,11.080351461505307,1.1103263964905046;8.540140392127444,12.019562633396255,1.1337858747342713;11.741065877053364,13.225358942033967,0.46373120111325383;0.2566576950879157,15.438502156368578,0.25017761057893567;11.535138329870394,12.517501080138413,0.3023805730750141;2.2442554789509175,13.944225925149922,0.4764987910136303;2.829071724616509,6.815252500373287,1.116842398565673;12.89348341244764,4.462689100248536,2.456780207842593;2.792309268830196,1.9482063215231027,1.5239511084219592;18.63000485495394,9.516374612050642,0.4862045394896714;4.312449040471382,9.900114663805454,0.8882562845551485;0.6794491868940552,9.23994368862653,0.2431473573377341;17.386995268777646,18.78353211061407,0.9920648701342627"
21,drone_4,16.327,4.389,7.806,5.403,"14.145079426228822,14.135285643003368,0.36465074522886504;2.440226870056917,4.933819650250329,1.1897814698375528;1.3066818871107722,17.589369001861286,0.9125121680327651;2.357678421611219,12.84984572684092,0.8379462386470249;16.982338471480936,14.4574540115461,0.7795617732176426;16.6561314066347,16.403439279548287,1.2836920917924646;5.398747996641409,15.000606954740654,0.2759122247568536;15.264278401717403,10.29919208231439,0.2316821241488554;10.911255852773824,12.32733772574333,0.7238978160411744;4.280084679595954,13.678702869526163,2.3024030597113416;17.479092617537404,11.080351461505307,1.1103263964905046;8.540140392127444,12.019562633396255,1.1337858747342713;11.741065877053364,13.225358942033967,0.46373120111325383;0.2566576950879157,15.438502156368578,0.25017761057893567;11.535138329870394,12.517501080138413,0.3023805730750141;2.2442554789509175,13.944225925149922,0.4764987910136303;2.829071724616509,6.815252500373287,1.116842398565673;12.89348341244764,4.462689100248536,2.456780207842593;2.792309268830196,1.9482063215231027,1.5239511084219592;18.63000485495394,9.516374612050642,0.4862045394896714;4.312449040471382,9.900114663805454,0.8882562845551485;0.6794491868940552,9.23994368862653,0.2431473573377341;17.386995268777646,18.78353211061407,0.9920648701342627"
21,drone_7,12.645,13.234,7.806,5.403,"14.145079426228822,14.135285643003368,0.36465074522886504;2.440226870056917,4.933819650250329,1.1897814698375528;1.3066818871107722,17.589369001861286,0.9125121680327651;2.357678421611219,12.84984572684092,0.8379462386470249;16.982338471480936,14.4574540115461,0.7795617732176426;16.6561314066347,16.403439279548287,1.2836920917924646;5.398747996641409,15.000606954740654,0.2759122247568536;15.264278401717403,10.29919208231439,0.2316821241488554;10.911255852773824,12.32733772574333,0.7238978160411744;4.280084679595954,13.678702869526163,2.3024030597113416;17.479092617537404,11.080351461505307,1.1103263964905046;8.540140392127444,12.019562633396255,1.1337858747342713;11.741065877053364,13.225358942033967,0.46373120111325383;0.2566576950879157,15.438502156368578,0.25017761057893567;11.535138329870394,12.517501080138413,0.3023805730750141;2.2442554789509175,13.944225925149922,0.4764987910136303;2.829071724616509,6.815252500373287,1.116842398565673;12.89348341244764,4.462689100248536,2.456780207842593;2.792309268830196,1.9482063215231027,1.5239511084219592;18.63000485495394,9.516374612050642,0.4862045394896714;4.312449040471382,9.900114663805454,0.8882562845551485;0.6794491868940552,9.23994368862653,0.2431473573377341;17.386995268777646,18.78353211061407,0.9920648701342627"
21,drone_9,2.404,8.460,7.806,5.403,"14.145079426228822,14.135285643003368,0.36465074522886504;2.440226870056917,4.933819650250329,1.1897814698375528;1.3066818871107722,17.589369001861286,0.9125121680327651;2.357678421611219,12.84984572684092,0.8379462386470249;16.982338471480936,14.4574540115461,0.7795617732176426;16.6561314066347,16.403439279548287,1.2836920917924646;5.398747996641409,15.000606954740654,0.2759122247568536;15.264278401717403,10.29919208231439,0.2316821241488554;10.911255852773824,12.32733772574333,0.7238978160411744;4.280084679595954,13.678702869526163,2.3024030597113416;17.479092617537404,11.080351461505307,1.1103263964905046;8.540140392127444,12.019562633396255,1.1337858747342713;11.741065877053364,13.225358942033967,0.46373120111325383;0.2566576950879157,15.438502156368578,0.25017761057893567;11.535138329870394,12.517501080138413,0.3023805730750141;2.2442554789509175,13.944225925149922,0.4764987910136303;2.829071724616509,6.815252500373287,1.116842398565673;12.89348341244764,4.462689100248536,2.456780207842593;2.792309268830196,1.9482063215231027,1.5239511084219592;18.63000485495394,9.516374612050642,0.4862045394896714;4.312449040471382,9.900114663805454,0.8882562845551485;0.6794491868940552,9.23994368862653,0.2431473573377341;17.386995268777646,18.78353211061407,0.9920648701342627"
22,drone_0,1.941,10.568,7.806,5.403,"14.145079426228822,14.135285643003368,0.36465074522886504;2.440226870056917,4.933819650250329,1.1897814698375528;1.3066818871107722,17.589369001861286,0.9125121680327651;2.357678421611219,12.84984572684092,0.8379462386470249;16.982338471480936,14.4574540115461,0.7795617732176426;16.6561314066347,16.403439279548287,1.2836920917924646;5.398747996641409,15.000606954740654,0.2759122247568536;15.264278401717403,10.29919208231439,0.2316821241488554;10.911255852773824,12.32733772574333,0.7238978160411744;4.280084679595954,13.678702869526163,2.3024030597113416;17.479092617537404,11.080351461505307,1.1103263964905046;8.540140392127444,12.019562633396255,1.1337858747342713;11.741065877053364,13.225358942033967,0.46373120111325383;0.2566576950879157,15.438502156368578,0.25017761057893567;11.535138329870394,12.517501080138413,0.3023805730750141;2.2442554789509175,13.944225925149922,0.4764987910136303;2.829071724616509,6.815252500373287,1.116842398565673;12.89348341244764,4.462689100248536,2.456780207842593;2.792309268830196,1.9482063215231027,1.5239511084219592;18.63000485495394,9.516374612050642,0.4862045394896714;4.312449040471382,9.900114663805454,0.8882562845551485;0.6794491868940552,9.23994368862653,0.2431473573377341;17.386995268777646,18.78353211061407,0.9920648701342627"
22,drone_1,13.174,11.480,7.806,5.403,"14.145079426228822,14.135285643003368,0.36465074522886504;2.440226870056917,4.933819650250329,1.1897814698375528;1.3066818871107722,17.589369001861286,0.9125121680327651;2.357678421611219,12.84984572684092,0.8379462386470249;16.982338471480936,14.4574540115461,0.7795617732176426;16.6561314066347,16.403439279548287,1.2836920917924646;5.398747996641409,15.000606954740654,0.2759122247568536;15.264278401717403,10.29919208231439,0.2316821241488554;10.911255852773824,12.32733772574333,0.7238978160411744;4.280084679595954,13.678702869526163,2.3024030597113416;17.479092617537404,11.080351461505307,1.1103263964905046;8.540140392127444,12.019562633396255,1.1337858747342713;11.741065877053364,13.225358942033967,0.46373120111325383;0.2566576950879157,15.438502156368578,0.25017761057893567;11.535138329870394,12.517501080138413,0.3023805730750141;2.2442554789509175,13.944225925149922,0.4764987910136303;2.829071724616509,6.815252500373287,1.116842398565673;12.89348341244764,4.462689100248536,2.456780207842593;2.792309268830196,1.9482063215231027,1.5239511084219592;18.63000485495394,9.516374612050642,0.4862045394896714;4.312449040471382,9.900114663805454,0.8882562845551485;0.6794491868940552,9.23994368862653,0.2431473573377341;17.386995268777646,18.78353211061407,0.9920648701342627"
22,drone_2,9.815,13.724,7.806,5.403,"14.145079426228822,14.135285643003368,0.36465074522886504;2.440226870056917,4.933819650250329,1.1897814698375528;1.3066818871107722,17.589369001861286,0.9125121680327651;2.357678421611219,12.84984572684092,0.8379462386470249;16.982338471480936,14.4574540115461,0.7795617732176426;16.6561314066347,16.403439279548287,1.2836920917924646;5.398747996641409,15.000606954740654,0.2759122247568536;15.264278401717403,10.29919208231439,0.2316821241488554;10.911255852773824,12.32733772574333,0.7238978160411744;4.280084679595954,13.678702869526163,2.3024030597113416;17.479092617537404,11.080351461505307,1.1103263964905046;8.540140392127444,12.019562633396255,1.1337858747342713;11.741065877053364,13.225358942033967,0.46373120111325383;0.2566576950879157,15.438502156368578,0.25017761057893567;11.535138329870394,12.517501080138413,0.3023805730750141;2.2442554789509175,13.944225925149922,0.4764987910136303;2.829071724616509,6.815252500373287,1.116842398565673;12.89348341244764,4.462689100248536,2.456780207842593;2.792309268830196,1.9482063215231027,1.5239511084219592;18.63000485495394,9.516374612050642,0.4862045394896714;4.312449040471382,9.900114663805454,0.8882562845551485;0.6794491868940552,9.23994368862653,0.2431473573377341;17.386995268777646,18.78353211061407,0.9920648701342627"
22,drone_3,14.128,10.600,7.806,5.403,"14.145079426228822,14.135285643003368,0.36465074522886504;2.440226870056917,4.933819650250329,1.1897814698375528;1.3066818871107722,17.589369001861286,0.9125121680327651;2.357678421611219,12.84984572684092,0.8379462386470249;16.982338471480936,14.4574540115461,0.7795617732176426;16.6561314066347,16.403439279548287,1.2836920917924646;5.398747996641409,15.000606954740654,0.2759122247568536;15.264278401717403,10.29919208231439,0.2316821241488554;10.911255852773824,12.32733772574333,0.7238978160411744;4.280084679595954,13.678702869526163,2.3024030597113416;17.479092617537404,11.080351461505307,1.1103263964905046;8.540140392127444,12.019562633396255,1.1337858747342713;11.741065877053364,13.225358942033967,0.46373120111325383;0.2566576950879157,15.438502156368578,0.25017761057893567;11.535138329870394,12.517501080138413,0.3023805730750141;2.2442554789509175,13.944225925149922,0.4764987910136303;2.829071724616509,6.815252500373287,1.116842398565673;12.89348341244764,4.462689100248536,2.456780207842593;2.792309268830196,1.9482063215231027,1.5239511084219592;18.63000485495394,9.516374612050642,0.4862045394896714;4.312449040471382,9.900114663805454,0.8882562845551485;0.6794491868940552,9.23994368862653,0.2431473573377341;17.386995268777646,18.78353211061407,0.9920648701342627"
22,drone_4,16.298,4.587,7.806,5.403,"14.145079426228822,14.135285643003368,0.36465074522886504;2.440226870056917,4.933819650250329,1.1897814698375528;1.3066818871107722,17.589369001861286,0.9125121680327651;2.357678421611219,12.84984572684092,0.8379462386470249;16.982338471480936,14.4574540115461,0.7795617732176426;16.6561314066347,16.403439279548287,1.2836920917924646;5.398747996641409,15.000606954740654,0.2759122247568536;15.264278401717403,10.29919208231439,0.2316821241488554;10.911255852773824,12.32733772574333,0.7238978160411744;4.280084679595954,13.678702869526163,2.3024030597113416;17.479092617537404,11.080351461505307,1.1103263964905046;8.540140392127444,12.019562633396255,1.1337858747342713;11.741065877053364,13.225358942033967,0.46373120111325383;0.2566576950879157,15.438502156368578,0.25017761057893567;11.535138329870394,12.517501080138413,0.3023805730750141;2.2442554789509175,13.944225925149922,0.4764987910136303;2.829071724616509,6.815252500373287,1.116842398565673;12.89348341244764,4.462689100248536,2.456780207842593;2.792309268830196,1.9482063215231027,1.5239511084219592;18.63000485495394,9.516374612050642,0.4862045394896714;4.312449040471382,9.900114663805454,0.8882562845551485;0.6794491868940552,9.23994368862653,0.2431473573377341;17.386995268777646,18.78353211061407,0.9920648701342627"
22,drone_7,12.577,13.046,7.806,5.403,"14.145079426228822,14.135285643003368,0.36465074522886504;2.440226870056917,4.933819650250329,1.1897814698375528;1.3066818871107722,17.589369001861286,0.9125121680327651;2.357678421611219,12.84984572684092,0.8379462386470249;16.982338471480936,14.4574540115461,0.7795617732176426;16.6561314066347,16.403439279548287,1.2836920917924646;5.398747996641409,15.000606954740654,0.2759122247568536;15.264278401717403,10.29919208231439,0.2316821241488554;10.911255852773824,12.32733772574333,0.7238978160411744;4.280084679595954,13.678702869526163,2.3024030597113416;17.479092617537404,11.080351461505307,1.1103263964905046;8.540140392127444,12.019562633396255,1.1337858747342713;11.741065877053364,13.225358942033967,0.46373120111325383;0.2566576950879157,15.438502156368578,0.25017761057893567;11.535138329870394,12.517501080138413,0.3023805730750141;2.2442554789509175,13.944225925149922,0.4764987910136303;2.829071724616509,6.815252500373287,1.116842398565673;12.89348341244764,4.462689100248536,2.456780207842593;2.792309268830196,1.9482063215231027,1.5239511084219592;18.63000485495394,9.516374612050642,0.4862045394896714;4.312449040471382,9.900114663805454,0.8882562845551485;0.6794491868940552,9.23994368862653,0.2431473573377341;17.386995268777646,18.78353211061407,0.9920648701342627"
22,drone_9,2.590,8.533,7.806,5.403,"14.145079426228822,14.135285643003368,0.36465074522886504;2.440226870056917,4.933819650250329,1.1897814698375528;1.3066818871107722,17.589369001861286,0.9125121680327651;2.357678421611219,12.84984572684092,0.8379462386470249;16.982338471480936,14.4574540115461,0.7795617732176426;16.6561314066347,16.403439279548287,1.2836920917924646;5.398747996641409,15.000606954740654,0.2759122247568536;15.264278401717403,10.29919208231439,0.2316821241488554;10.911255852773824,12.32733772574333,0.7238978160411744;4.280084679595954,13.678702869526163,2.3024030597113416;17.479092617537404,11.080351461505307,1.1103263964905046;8.540140392127444,12.019562633396255,1.1337858747342713;11.741065877053364,13.225358942033967,0.46373120111325383;0.2566576950879157,15.438502156368578,0.25017761057893567;11.535138329870394,12.517501080138413,0.3023805730750141;2.2442554789509175,13.944225925149922,0.4764987910136303;2.829071724616509,6.815252500373287,1.116842398565673;12.89348341244764,4.462689100248536,2.456780207842593;2.792309268830196,1.9482063215231027,1.5239511084219592;18.63000485495394,9.516374612050642,0.4862045394896714;4.312449040471382,9.900114663805454,0.8882562845551485;0.6794491868940552,9.23994368862653,0.2431473573377341;17.386995268777646,18.78353211061407,0.9920648701342627"
23,drone_0,2.057,10.406,7.806,5.403,"14.145079426228822,14.135285643003368,0.36465074522886504;2.440226870056917,4.933819650250329,1.1897814698375528;1.3066818871107722,17.589369001861286,0.9125121680327651;2.357678421611219,12.84984572684092,0.8379462386470249;16.982338471480936,14.4574540115461,0.7795617732176426;16.6561314066347,16.403439279548287,1.2836920917924646;5.398747996641409,15.000606954740654,0.2759122247568536;15.264278401717403,10.29919208231439,0.2316821241488554;10.911255852773824,12.32733772574333,0.7238978160411744;4.280084679595954,13.678702869526163,2.3024030597113416;17.479092617537404,11.080351461505307,1.1103263964905046;8.540140392127444,12.019562633396255,1.1337858747342713;11.741065877053364,13.225358942033967,0.46373120111325383;0.2566576950879157,15.438502156368578,0.25017761057893567;11.535138329870394,12.517501080138413,0.3023805730750141;2.2442554789509175,13.944225925149922,0.4764987910136303;2.829071724616509,6.815252500373287,1.116842398565673;12.89348341244764,4.462689100248536,2.456780207842593;2.792309268830196,1.9482063215231027,1.5239511084219592;18.63000485495394,9.516374612050642,0.4862045394896714;4.312449040471382,9.900114663805454,0.8882562845551485;0.6794491868940552,9.23994368862653,0.2431473573377341;17.386995268777646,18.78353211061407,0.9920648701342627"
23,drone_1,13.056,11.319,7.806,5.403,"14.145079426228822,14.135285643003368,0.36465074522886504;2.440226870056917,4.933819650250329,1.1897814698375528;1.3066818871107722,17.589369001861286,0.9125121680327651;2.357678421611219,12.84984572684092,0.8379462386470249;16.982338471480936,14.4574540115461,0.7795617732176426;16.6561314066347,16.403439279548287,1.2836920917924646;5.398747996641409,15.000606954740654,0.2759122247568536;15.264278401717403,10.29919208231439,0.2316821241488554;10.911255852773824,12.32733772574333,0.7238978160411744;4.280084679595954,13.678702869526163,2.3024030597113416;17.479092617537404,11.080351461505307,1.1103263964905046;8.540140392127444,12.019562633396255,1.1337858747342713;11.741065877053364,13.225358942033967,0.46373120111325383;0.2566576950879157,15.438502156368578,0.25017761057893567;11.535138329870394,12.517501080138413,0.3023805730750141;2.2442554789509175,13.944225925149922,0.4764987910136303;2.829071724616509,6.815252500373287,1.116842398565673;12.89348341244764,4.462689100248536,2.456780207842593;2.792309268830196,1.9482063215231027,1.5239511084219592;18.63000485495394,9.516374612050642,0.4862045394896714;4.312449040471382,9.900114663805454,0.8882562845551485;0.6794491868940552,9.23994368862653,0.2431473573377341;17.386995268777646,18.78353211061407,0.9920648701342627"
23,drone_2,9.806,13.724,7.806,5.403,"14.145079426228822,14.135285643003368,0.36465074522886504;2.440226870056917,4.933819650250329,1.1897814698375528;1.3066818871107722,17.589369001861286,0.9125121680327651;2.357678421611219,12.84984572684092,0.8379462386470249;16.982338471480936,14.4574540115461,0.7795617732176426;16.6561314066347,16.403439279548287,1.2836920917924646;5.398747996641409,15.000606954740654,0.2759122247568536;15.264278401717403,10.29919208231439,0.2316821241488554;10.911255852773824,12.32733772574333,0.7238978160411744;4.280084679595954,13.678702869526163,2.3024030597113416;17.479092617537404,11.080351461505307,1.1103263964905046;8.540140392127444,12.019562633396255,1.1337858747342713;11.741065877053364,13.225358942033967,0.46373120111325383;0.2566576950879157,15.438502156368578,0.25017761057893567;11.535138329870394,12.517501080138413,0.3023805730750141;2.2442554789509175,13.944225925149922,0.4764987910136303;2.829071724616509,6.815252500373287,1.116842398565673;12.89348341244764,4.462689100248536,2.456780207842593;2.792309268830196,1.9482063215231027,1.5239511084219592;18.63000485495394,9.516374612050642,0.4862045394896714;4.312449040471382,9.900114663805454,0.8882562845551485;0.6794491868940552,9.23994368862653,0.2431473573377341;17.386995268777646,18.78353211061407,0.9920648701342627"
23,drone_3,13.995,10.451,7.806,5.403,"14.145079426228822,14.135285643003368,0.36465074522886504;2.440226870056917,4.933819650250329,1.1897814698375528;1.3066818871107722,17.589369001861286,0.9125121680327651;2.357678421611219,12.84984572684092,0.8379462386470249;16.982338471480936,14.4574540115461,0.7795617732176426;16.6561314066347,16.403439279548287,1.2836920917924646;5.398747996641409,15.000606954740654,0.2759122247568536;15.264278401717403,10.29919208231439,0.2316821241488554;10.911255852773824,12.32733772574333,0.7238978160411744;4.280084679595954,13.678702869526163,2.3024030597113416;17.479092617537404,11.080351461505307,1.1103263964905046;8.540140392127444,12.019562633396255,1.1337858747342713;11.741065877053364,13.225358942033967,0.46373120111325383;0.2566576950879157,15.438502156368578,0.25017761057893567;11.535138329870394,12.517501080138413,0.3023805730750141;2.2442554789509175,13.944225925149922,0.4764987910136303;2.829071724616509,6.815252500373287,1.116842398565673;12.89348341244764,4.462689100248536,2.456780207842593;2.792309268830196,1.9482063215231027,1.5239511084219592;18.63000485495394,9.516374612050642,0.4862045394896714;4.312449040471382,9.900114663805454,0.8882562845551485;0.6794491868940552,9.23994368862653,0.2431473573377341;17.386995268777646,18.78353211061407,0.9920648701342627"
23,drone_4,16.246,4.780,7.806,5.403,"14.145079426228822,14.135285643003368,0.36465074522886504;2.440226870056917,4.933819650250329,1.1897814698375528;1.3066818871107722,17.589369001861286,0.9125121680327651;2.357678421611219,12.84984572684092,0.8379462386470249;16.982338471480936,14.4574540115461,0.7795617732176426;16.6561314066347,16.403439279548287,1.2836920917924646;5.398747996641409,15.000606954740654,0.2759122247568536;15.264278401717403,10.29919208231439,0.2316821241488554;10.911255852773824,12.32733772574333,0.7238978160411744;4.280084679595954,13.678702869526163,2.3024030597113416;17.479092617537404,11.080351461505307,1.1103263964905046;8.540140392127444,12.019562633396255,1.1337858747342713;11.741065877053364,13.225358942033967,0.46373120111325383;0.2566576950879157,15.438502156368578,0.25017761057893567;11.535138329870394,12.517501080138413,0.3023805730750141;2.2442554789509175,13.944225925149922,0.4764987910136303;2.829071724616509,6.815252500373287,1.116842398565673;12.89348341244764,4.462689100248536,2.456780207842593;2.792309268830196,1.9482063215231027,1.5239511084219592;18.63000485495394,9.516374612050642,0.4862045394896714;4.312449040471382,9.900114663805454,0.8882562845551485;0.6794491868940552,9.23994368862653,0.2431473573377341;17.386995268777646,18.78353211061407,0.9920648701342627"
23,drone_7,12.599,12.847,7.806,5.403,"14.145079426228822,14.135285643003368,0.36465074522886504;2.440226870056917,4.933819650250329,1.1897814698375528;1.3066818871107722,17.589369001861286,0.9125121680327651;2.357678421611219,12.84984572684092,0.8379462386470249;16.982338471480936,14.4574540115461,0.7795617732176426;16.6561314066347,16.403439279548287,1.2836920917924646;5.398747996641409,15.000606954740654,0.2759122247568536;15.264278401717403,10.29919208231439,0.2316821241488554;10.911255852773824,12.32733772574333,0.7238978160411744;4.280084679595954,13.678702869526163,2.3024030597113416;17.479092617537404,11.080351461505307,1.1103263964905046;8.540140392127444,12.019562633396255,1.1337858747342713;11.741065877053364,13.225358942033967,0.46373120111325383;0.2566576950879157,15.438502156368578,0.25017761057893567;11.535138329870394,12.517501080138413,0.3023805730750141;2.2442554789509175,13.944225925149922,0.4764987910136303;2.829071724616509,6.815252500373287,1.116842398565673;12.89348341244764,4.462689100248536,2.456780207842593;2.792309268830196,1.9482063215231027,1.5239511084219592;18.63000485495394,9.516374612050642,0.4862045394896714;4.312449040471382,9.900114663805454,0.8882562845551485;0.6794491868940552,9.23994368862653,0.2431473573377341;17.386995268777646,18.78353211061407,0.9920648701342627"
23,drone_9,2.789,8.543,7.806,5.403,"14.145079426228822,14.135285643003368,0.36465074522886504;2.440226870056917,4.933819650250329,1.1897814698375528;1.3066818871107722,17.589369001861286,0.9125121680327651;2.357678421611219,12.84984572684092,0.8379462386470249;16.982338471480936,14.4574540115461,0.7795617732176426;16.6561314066347,16.403439279548287,1.2836920917924646;5.398747996641409,15.000606954740654,0.2759122247568536;15.264278401717403,10.29919208231439,0.2316821241488554;10.911255852773824,12.32733772574333,0.7238978160411744;4.280084679595954,13.678702869526163,2.3024030597113416;17.479092617537404,11.080351461505307,1.1103263964905046;8.540140392127444,12.019562633396255,1.1337858747342713;11.741065877053364,13.225358942033967,0.46373120111325383;0.2566576950879157,15.438502156368578,0.25017761057893567;11.535138329870394,12.517501080138413,0.3023805730750141;2.2442554789509175,13.944225925149922,0.4764987910136303;2.829071724616509,6.815252500373287,1.116842398565673;12.89348341244764,4.462689100248536,2.456780207842593;2.792309268830196,1.9482063215231027,1.5239511084219592;18.63000485495394,9.516374612050642,0.4862045394896714;4.312449040471382,9.900114663805454,0.8882562845551485;0.6794491868940552,9.23994368862653,0.2431473573377341;17.386995268777646,18.78353211061407,0.9920648701342627"
24,drone_0,2.177,10.246,7.806,5.403,"14.145079426228822,14.135285643003368,0.36465074522886504;2.440226870056917,4.933819650250329,1.1897814698375528;1.3066818871107722,17.589369001861286,0.9125121680327651;2.357678421611219,12.84984572684092,0.8379462386470249;16.982338471480936,14.4574540115461,0.7795617732176426;16.6561314066347,16.403439279548287,1.2836920917924646;5.398747996641409,15.000606954740654,0.2759122247568536;15.264278401717403,10.29919208231439,0.2316821241488554;10.911255852773824,12.32733772574333,0.7238978160411744;4.280084679595954,13.678702869526163,2.3024030597113416;17.479092617537404,11.080351461505307,1.1103263964905046;8.540140392127444,12.019562633396255,1.1337858747342713;11.741065877053364,13.225358942033967,0.46373120111325383;0.2566576950879157,15.438502156368578,0.25017761057893567;11.535138329870394,12.517501080138413,0.3023805730750141;2.2442554789509175,13.944225925149922,0.4764987910136303;2.829071724616509,6.815252500373287,1.116842398565673;12.89348341244764,4.462689100248536,2.456780207842593;2.792309268830196,1.9482063215231027,1.5239511084219592;18.63000485495394,9.516374612050642,0.4862045394896714;4.312449040471382,9.900114663805454,0.8882562845551485;0.6794491868940552,9.23994368862653,0.2431473573377341;17.386995268777646,18.78353211061407,0.9920648701342627"
24,drone_1,12.930,11.163,7.806,5.403,"14.145079426228822,14.135285643003368,0.36465074522886504;2.440226870056917,4.933819650250329,1.1897814698375528;1.3066818871107722,17.589369001861286,0.9125121680327651;2.357678421611219,12.84984572684092,0.8379462386470249;16.982338471480936,14.4574540115461,0.7795617732176426;16.6561314066347,16.403439279548287,1.2836920917924646;5.398747996641409,15.000606954740654,0.2759122247568536;15.264278401717403,10.29919208231439,0.2316821241488554;10.911255852773824,12.32733772574333,0.7238978160411744;4.280084679595954,13.678702869526163,2.3024030597113416;17.479092617537404,11.080351461505307,1.1103263964905046;8.540140392127444,12.019562633396255,1.1337858747342713;11.741065877053364,13.225358942033967,0.46373120111325383;0.2566576950879157,15.438502156368578,0.25017761057893567;11.535138329870394,12.517501080138413,0.3023805730750141;2.2442554789509175,13.944225925149922,0.4764987910136303;2.829071724616509,6.815252500373287,1.116842398565673;12.89348341244764,4.462689100248536,2.456780207842593;2.792309268830196,1.9482063215231027,1.5239511084219592;18.63000485495394,9.516374612050642,0.4862045394896714;4.312449040471382,9.900114663805454,0.8882562845551485;0.6794491868940552,9.23994368862653,0.2431473573377341;17.386995268777646,18.78353211061407,0.9920648701342627"
24,drone_2,9.792,13.814,7.806,5.403,"14.145079426228822,14.135285643003368,0.36465074522886504;2.440226870056917,4.933819650250329,1.1897814698375528;1.3066818871107722,17.589369001861286,0.9125121680327651;2.357678421611219,12.84984572684092,0.8379462386470249;16.982338471480936,14.4574540115461,0.7795617732176426;16.6561314066347,16.403439279548287,1.2836920917924646;5.398747996641409,15.000606954740654,0.2759122247568536;15.264278401717403,10.29919208231439,0.2316821241488554;10.911255852773824,12.32733772574333,0.7238978160411744;4.280084679595954,13.678702869526163,2.3024030597113416;17.479092617537404,11.080351461505307,1.1103263964905046;8.540140392127444,12.019562633396255,1.1337858747342713;11.741065877053364,13.225358942033967,0.46373120111325383;0.2566576950879157,15.438502156368578,0.25017761057893567;11.535138329870394,12.517501080138413,0.3023805730750141;2.2442554789509175,13.944225925149922,0.4764987910136303;2.829071724616509,6.815252500373287,1.116842398565673;12.89348341244764,4.462689100248536,2.456780207842593;2.792309268830196,1.9482063215231027,1.5239511084219592;18.63000485495394,9.516374612050642,0.4862045394896714;4.312449040471382,9.900114663805454,0.8882562845551485;0.6794491868940552,9.23994368862653,0.2431473573377341;17.386995268777646,18.78353211061407,0.9920648701342627"
24,drone_3,13.868,10.296,7.806,5.403,"14.145079426228822,14.135285643003368,0.36465074522886504;2.440226870056917,4.933819650250329,1.1897814698375528;1.3066818871107722,17.589369001861286,0.9125121680327651;2.357678421611219,12.84984572684092,0.8379462386470249;16.982338471480936,14.4574540115461,0.7795617732176426;16.6561314066347,16.403439279548287,1.2836920917924646;5.398747996641409,15.000606954740654,0.2759122247568536;15.264278401717403,10.29919208231439,0.2316821241488554;10.911255852773824,12.32733772574333,0.7238978160411744;4.280084679595954,13.678702869526163,2.3024030597113416;17.479092617537404,11.080351461505307,1.1103263964905046;8.540140392127444,12.019562633396255,1.1337858747342713;11.741065877053364,13.225358942033967,0.46373120111325383;0.2566576950879157,15.438502156368578,0.25017761057893567;11.535138329870394,12.517501080138413,0.3023805730750141;2.2442554789509175,13.944225925149922,0.4764987910136303;2.829071724616509,6.815252500373287,1.116842398565673;12.89348341244764,4.462689100248536,2.456780207842593;2.792309268830196,1.9482063215231027,1.5239511084219592;18.63000485495394,9.516374612050642,0.4862045394896714;4.312449040471382,9.900114663805454,0.8882562845551485;0.6794491868940552,9.23994368862653,0.2431473573377341;17.386995268777646,18.78353211061407,0.9920648701342627"
24,drone_4,16.238,4.980,7.806,5.403,"14.145079426228822,14.135285643003368,0.36465074522886504;2.440226870056917,4.933819650250329,1.1897814698375528;1.3066818871107722,17.589369001861286,0.9125121680327651;2.357678421611219,12.84984572684092,0.8379462386470249;16.982338471480936,14.4574540115461,0.7795617732176426;16.6561314066347,16.403439279548287,1.2836920917924646;5.398747996641409,15.000606954740654,0.2759122247568536;15.264278401717403,10.29919208231439,0.2316821241488554;10.911255852773824,12.32733772574333,0.7238978160411744;4.280084679595954,13.678702869526163,2.3024030597113416;17.479092617537404,11.080351461505307,1.1103263964905046;8.540140392127444,12.019562633396255,1.1337858747342713;11.741065877053364,13.225358942033967,0.46373120111325383;0.2566576950879157,15.438502156368578,0.25017761057893567;11.535138329870394,12.517501080138413,0.3023805730750141;2.2442554789509175,13.944225925149922,0.4764987910136303;2.829071724616509,6.815252500373287,1.116842398565673;12.89348341244764,4.462689100248536,2.456780207842593;2.792309268830196,1.9482063215231027,1.5239511084219592;18.63000485495394,9.516374612050642,0.4862045394896714;4.312449040471382,9.900114663805454,0.8882562845551485;0.6794491868940552,9.23994368862653,0.2431473573377341;17.386995268777646,18.78353211061407,0.9920648701342627"
24,drone_7,12.598,12.647,7.806,5.403,"14.145079426228822,14.135285643003368,0.36465074522886504;2.440226870056917,4.933819650250329,1.1897814698375528;1.3066818871107722,17.589369001861286,0.9125121680327651;2.357678421611219,12.84984572684092,0.8379462386470249;16.982338471480936,14.4574540115461,0.7795617732176426;16.6561314066347,16.403439279548287,1.2836920917924646;5.398747996641409,15.000606954740654,0.2759122247568536;15.264278401717403,10.29919208231439,0.2316821241488554;10.911255852773824,12.32733772574333,0.7238978160411744;4.280084679595954,13.678702869526163,2.3024030597113416;17.479092617537404,11.080351461505307,1.1103263964905046;8.540140392127444,12.019562633396255,1.1337858747342713;11.741065877053364,13.225358942033967,0.46373120111325383;0.2566576950879157,15.438502156368578,0.25017761057893567;11.535138329870394,12.517501080138413,0.3023805730750141;2.2442554789509175,13.944225925149922,0.4764987910136303;2.829071724616509,6.815252500373287,1.116842398565673;12.89348341244764,4.462689100248536,2.456780207842593;2.792309268830196,1.9482063215231027,1.5239511084219592;18.63000485495394,9.516374612050642,0.4862045394896714;4.312449040471382,9.900114663805454,0.8882562845551485;0.6794491868940552,9.23994368862653,0.2431473573377341;17.386995268777646,18.78353211061407,0.9920648701342627"
24,drone_9,2.989,8.540,7.806,5.403,"14.145079426228822,14.135285643003368,0.36465074522886504;2.440226870056917,4.933819650250329,1.1897814698375528;1.3066818871107722,17.589369001861286,0.9125121680327651;2.357678421611219,12.84984572684092,0.8379462386470249;16.982338471480936,14.4574540115461,0.7795617732176426;16.6561314066347,16.403439279548287,1.2836920917924646;5.398747996641409,15.000606954740654,0.2759122247568536;15.264278401717403,10.29919208231439,0.2316821241488554;10.911255852773824,12.32733772574333,0.7238978160411744;4.280084679595954,13.678702869526163,2.3024030597113416;17.479092617537404,11.080351461505307,1.1103263964905046;8.540140392127444,12.019562633396255,1.1337858747342713;11.741065877053364,13.225358942033967,0.46373120111325383;0.2566576950879157,15.438502156368578,0.25017761057893567;11.535138329870394,12.517501080138413,0.3023805730750141;2.2442554789509175,13.944225925149922,0.4764987910136303;2.829071724616509,6.815252500373287,1.116842398565673;12.89348341244764,4.462689100248536,2.456780207842593;2.792309268830196,1.9482063215231027,1.5239511084219592;18.63000485495394,9.516374612050642,0.4862045394896714;4.312449040471382,9.900114663805454,0.8882562845551485;0.6794491868940552,9.23994368862653,0.2431473573377341;17.386995268777646,18.78353211061407,0.9920648701342627"
25,drone_0,2.273,10.070,7.806,5.403,"14.145079426228822,14.135285643003368,0.36465074522886504;2.440226870056917,4.933819650250329,1.1897814698375528;1.3066818871107722,17.589369001861286,0.9125121680327651;2.357678421611219,12.84984572684092,0.8379462386470249;16.982338471480936,14.4574540115461,0.7795617732176426;16.6561314066347,16.403439279548287,1.2836920917924646;5.398747996641409,15.000606954740654,0.2759122247568536;15.264278401717403,10.29919208231439,0.2316821241488554;10.911255852773824,12.32733772574333,0.7238978160411744;4.280084679595954,13.678702869526163,2.3024030597113416;17.479092617537404,11.080351461505307,1.1103263964905046;8.540140392127444,12.019562633396255,1.1337858747342713;11.741065877053364,13.225358942033967,0.46373120111325383;0.2566576950879157,15.438502156368578,0.25017761057893567;11.535138329870394,12.517501080138413,0.3023805730750141;2.2442554789509175,13.944225925149922,0.4764987910136303;2.829071724616509,6.815252500373287,1.116842398565673;12.89348341244764,4.462689100248536,2.456780207842593;2.792309268830196,1.9482063215231027,1.5239511084219592;18.63000485495394,9.516374612050642,0.4862045394896714;4.312449040471382,9.900114663805454,0.8882562845551485;0.6794491868940552,9.23994368862653,0.2431473573377341;17.386995268777646,18.78353211061407,0.9920648701342627"
25,drone_1,12.798,11.014,7.806,5.403,"14.145079426228822,14.135285643003368,0.36465074522886504;2.440226870056917,4.933819650250329,1.1897814698375528;1.3066818871107722,17.589369001861286,0.9125121680327651;2.357678421611219,12.84984572684092,0.8379462386470249;16.982338471480936,14.4574540115461,0.7795617732176426;16.6561314066347,16.403439279548287,1.2836920917924646;5.398747996641409,15.000606954740654,0.2759122247568536;15.264278401717403,10.29919208231439,0.2316821241488554;10.911255852773824,12.32733772574333,0.7238978160411744;4.280084679595954,13.678702869526163,2.3024030597113416;17.479092617537404,11.080351461505307,1.1103263964905046;8.540140392127444,12.019562633396255,1.1337858747342713;11.741065877053364,13.225358942033967,0.46373120111325383;0.2566576950879157,15.438502156368578,0.25017761057893567;11.535138329870394,12.517501080138413,0.3023805730750141;2.2442554789509175,13.944225925149922,0.4764987910136303;2.829071724616509,6.815252500373287,1.116842398565673;12.89348341244764,4.462689100248536,2.456780207842593;2.792309268830196,1.9482063215231027,1.5239511084219592;18.63000485495394,9.516374612050642,0.4862045394896714;4.312449040471382,9.900114663805454,0.8882562845551485;0.6794491868940552,9.23994368862653,0.2431473573377341;17.386995268777646,18.78353211061407,0.9920648701342627"
25,drone_2,9.842,13.804,7.806,5.403,"14.145079426228822,14.135285643003368,0.36465074522886504;2.440226870056917,4.933819650250329,1.1897814698375528;1.3066818871107722,17.589369001861286,0.9125121680327651;2.357678421611219,12.84984572684092,0.8379462386470249;16.982338471480936,14.4574540115461,0.7795617732176426;16.6561314066347,16.403439279548287,1.2836920917924646;5.398747996641409,15.000606954740654,0.2759122247568536;15.264278401717403,10.29919208231439,0.2316821241488554;10.911255852773824,12.32733772574333,0.7238978160411744;4.280084679595954,13.678702869526163,2.3024030597113416;17.479092617537404,11.080351461505307,1.1103263964905046;8.540140392127444,12.019562633396255,1.1337858747342713;11.741065877053364,13.225358942033967,0.46373120111325383;0.2566576950879157,15.438502156368578,0.25017761057893567;11.535138329870394,12.517501080138413,0.3023805730750141;2.2442554789509175,13.944225925149922,0.4764987910136303;2.829071724616509,6.815252500373287,1.116842398565673;12.89348341244764,4.462689100248536,2.456780207842593;2.792309268830196,1.9482063215231027,1.5239511084219592;18.63000485495394,9.516374612050642,0.4862045394896714;4.312449040471382,9.900114663805454,0.8882562845551485;0.6794491868940552,9.23994368862653,0.2431473573377341;17.386995268777646,18.78353211061407,0.9920648701342627"
25,drone_3,13.730,10.151,7.806,5.403,"14.145079426228822,14.135285643003368,0.36465074522886504;2.440226870056917,4.933819650250329,1.1897814698375528;1.3066818871107722,17.589369001861286,0.9125121680327651;2.357678421611219,12.84984572684092,0.8379462386470249;16.982338471480936,14.4574540115461,0.7795617732176426;16.6561314066347,16.403439279548287,1.2836920917924646;5.398747996641409,15.000606954740654,0.2759122247568536;15.264278401717403,10.29919208231439,0.2316821241488554;10.911255852773824,12.32733772574333,0.7238978160411744;4.280084679595954,13.678702869526163,2.3024030597113416;17.479092617537404,11.080351461505307,1.1103263964905046;8.540140392127444,12.019562633396255,1.1337858747342713;11.741065877053364,13.225358942033967,0.46373120111325383;0.2566576950879157,15.438502156368578,0.25017761057893567;11.535138329870394,12.517501080138413,0.3023805730750141;2.2442554789509175,13.944225925149922,0.4764987910136303;2.829071724616509,6.815252500373287,1.116842398565673;12.89348341244764,4.462689100248536,2.456780207842593;2.792309268830196,1.9482063215231027,1.5239511084219592;18.63000485495394,9.516374612050642,0.4862045394896714;4.312449040471382,9.900114663805454,0.8882562845551485;0.6794491868940552,9.23994368862653,0.2431473573377341;17.386995268777646,18.78353211061407,0.9920648701342627"
25,drone_4,16.171,5.168,7.806,5.403,"14.145079426228822,14.135285643003368,0.36465074522886504;2.440226870056917,4.933819650250329,1.1897814698375528;1.3066818871107722,17.589369001861286,0.9125121680327651;2.357678421611219,12.84984572684092,0.8379462386470249;16.982338471480936,14.4574540115461,0.7795617732176426;16.6561314066347,16.403439279548287,1.2836920917924646;5.398747996641409,15.000606954740654,0.2759122247568536;15.264278401717403,10.29919208231439,0.2316821241488554;10.911255852773824,12.32733772574333,0.7238978160411744;4.280084679595954,13.678702869526163,2.3024030597113416;17.479092617537404,11.080351461505307,1.1103263964905046;8.540140392127444,12.019562633396255,1.1337858747342713;11.741065877053364,13.225358942033967,0.46373120111325383;0.2566576950879157,15.438502156368578,0.25017761057893567;11.535138329870394,12.517501080138413,0.3023805730750141;2.2442554789509175,13.944225925149922,0.4764987910136303;2.829071724616509,6.815252500373287,1.116842398565673;12.89348341244764,4.462689100248536,2.456780207842593;2.792309268830196,1.9482063215231027,1.5239511084219592;18.63000485495394,9.516374612050642,0.4862045394896714;4.312449040471382,9.900114663805454,0.8882562845551485;0.6794491868940552,9.23994368862653,0.2431473573377341;17.386995268777646,18.78353211061407,0.9920648701342627"
25,drone_7,12.610,12.448,7.806,5.403,"14.145079426228822,14.135285643003368,0.36465074522886504;2.440226870056917,4.933819650250329,1.1897814698375528;1.3066818871107722,17.589369001861286,0.9125121680327651;2.357678421611219,12.84984572684092,0.8379462386470249;16.982338471480936,14.4574540115461,0.7795617732176426;16.6561314066347,16.403439279548287,1.2836920917924646;5.398747996641409,15.000606954740654,0.2759122247568536;15.264278401717403,10.29919208231439,0.2316821241488554;10.911255852773824,12.32733772574333,0.7238978160411744;4.280084679595954,13.678702869526163,2.3024030597113416;17.479092617537404,11.080351461505307,1.1103263964905046;8.540140392127444,12.019562633396255,1.1337858747342713;11.741065877053364,13.225358942033967,0.46373120111325383;0.2566576950879157,15.438502156368578,0.25017761057893567;11.535138329870394,12.517501080138413,0.3023805730750141;2.2442554789509175,13.944225925149922,0.4764987910136303;2.829071724616509,6.815252500373287,1.116842398565673;12.89348341244764,4.462689100248536,2.456780207842593;2.792309268830196,1.9482063215231027,1.5239511084219592;18.63000485495394,9.516374612050642,0.4862045394896714;4.312449040471382,9.900114663805454,0.8882562845551485;0.6794491868940552,9.23994368862653,0.2431473573377341;17.386995268777646,18.78353211061407,0.9920648701342627"
25,drone_9,3.189,8.542,7.806,5.403,"14.145079426228822,14.135285643003368,0.36465074522886504;2.440226870056917,4.933819650250329,1.1897814698375528;1.3066818871107722,17.589369001861286,0.9125121680327651;2.357678421611219,12.84984572684092,0.8379462386470249;16.982338471480936,14.4574540115461,0.7795617732176426;16.6561314066347,16.403439279548287,1.2836920917924646;5.398747996641409,15.000606954740654,0.2759122247568536;15.264278401717403,10.29919208231439,0.2316821241488554;10.911255852773824,12.32733772574333,0.7238978160411744;4.280084679595954,13.678702869526163,2.3024030597113416;17.479092617537404,11.080351461505307,1.1103263964905046;8.540140392127444,12.019562633396255,1.1337858747342713;11.741065877053364,13.225358942033967,0.46373120111325383;0.2566576950879157,15.438502156368578,0.25017761057893567;11.535138329870394,12.517501080138413,0.3023805730750141;2.2442554789509175,13.944225925149922,0.4764987910136303;2.829071724616509,6.815252500373287,1.116842398565673;12.89348341244764,4.462689100248536,2.456780207842593;2.792309268830196,1.9482063215231027,1.5239511084219592;18.63000485495394,9.516374612050642,0.4862045394896714;4.312449040471382,9.900114663805454,0.8882562845551485;0.6794491868940552,9.23994368862653,0.2431473573377341;17.386995268777646,18.78353211061407,0.9920648701342627"
26,drone_0,2.321,9.876,7.806,5.403,"14.145079426228822,14.135285643003368,0.36465074522886504;2.440226870056917,4.933819650250329,1.1897814698375528;1.3066818871107722,17.589369001861286,0.9125121680327651;2.357678421611219,12.84984572684092,0.8379462386470249;16.982338471480936,14.4574540115461,0.7795617732176426;16.6561314066347,16.403439279548287,1.2836920917924646;5.398747996641409,15.000606954740654,0.2759122247568536;15.264278401717403,10.29919208231439,0.2316821241488554;10.911255852773824,12.32733772574333,0.7238978160411744;4.280084679595954,13.678702869526163,2.3024030597113416;17.479092617537404,11.080351461505307,1.1103263964905046;8.540140392127444,12.019562633396255,1.1337858747342713;11.741065877053364,13.225358942033967,0.46373120111325383;0.2566576950879157,15.438502156368578,0.25017761057893567;11.535138329870394,12.517501080138413,0.3023805730750141;2.2442554789509175,13.944225925149922,0.4764987910136303;2.829071724616509,6.815252500373287,1.116842398565673;12.89348341244764,4.462689100248536,2.456780207842593;2.792309268830196,1.9482063215231027,1.5239511084219592;18.63000485495394,9.516374612050642,0.4862045394896714;4.312449040471382,9.900114663805454,0.8882562845551485;0.6794491868940552,9.23994368862653,0.2431473573377341;17.386995268777646,18.78353211061407,0.9920648701342627"
26,drone_1,12.661,10.867,7.806,5.403,"14.145079426228822,14.135285643003368,0.36465074522886504;2.440226870056917,4.933819650250329,1.1897814698375528;1.3066818871107722,17.589369001861286,0.9125121680327651;2.357678421611219,12.84984572684092,0.8379462386470249;16.982338471480936,14.4574540115461,0.7795617732176426;16.6561314066347,16.403439279548287,1.2836920917924646;5.398747996641409,15.000606954740654,0.2759122247568536;15.264278401717403,10.29919208231439,0.2316821241488554;10.911255852773824,12.32733772574333,0.7238978160411744;4.280084679595954,13.678702869526163,2.3024030597113416;17.479092617537404,11.080351461505307,1.1103263964905046;8.540140392127444,12.019562633396255,1.1337858747342713;11.741065877053364,13.225358942033967,0.46373120111325383;0.2566576950879157,15.438502156368578,0.25017761057893567;11.535138329870394,12.517501080138413,0.3023805730750141;2.2442554789509175,13.944225925149922,0.4764987910136303;2.829071724616509,6.815252500373287,1.116842398565673;12.89348341244764,4.462689100248536,2.456780207842593;2.792309268830196,1.9482063215231027,1.5239511084219592;18.63000485495394,9.516374612050642,0.4862045394896714;4.312449040471382,9.900114663805454,0.8882562845551485;0.6794491868940552,9.23994368862653,0.2431473573377341;17.386995268777646,18.78353211061407,0.9920648701342627"
26,drone_2,9.823,13.769,7.806,5.403,"14.145079426228822,14.135285643003368,0.36465074522886504;2.440226870056917,4.933819650250329,1.1897814698375528;1.3066818871107722,17.589369001861286,0.9125121680327651;2.357678421611219,12.84984572684092,0.8379462386470249;16.982338471480936,14.4574540115461,0.7795617732176426;16.6561314066347,16.403439279548287,1.2836920917924646;5.398747996641409,15.000606954740654,0.2759122247568536;15.264278401717403,10.29919208231439,0.2316821241488554;10.911255852773824,12.32733772574333,0.7238978160411744;4.280084679595954,13.678702869526163,2.3024030597113416;17.479092617537404,11.080351461505307,1.1103263964905046;8.540140392127444,12.019562633396255,1.1337858747342713;11.741065877053364,13.225358942033967,0.46373120111325383;0.2566576950879157,15.438502156368578,0.25017761057893567;11.535138329870394,12.517501080138413,0.3023805730750141;2.2442554789509175,13.944225925149922,0.4764987910136303;2.829071724616509,6.815252500373287,1.116842398565673;12.89348341244764,4.462689100248536,2.456780207842593;2.792309268830196,1.9482063215231027,1.5239511084219592;18.63000485495394,9.516374612050642,0.4862045394896714;4.312449040471382,9.900114663805454,0.8882562845551485;0.6794491868940552,9.23994368862653,0.2431473573377341;17.386995268777646,18.78353211061407,0.9920648701342627"
26,drone_3,13.596,10.003,7.806,5.403,"14.145079426228822,14.135285643003368,0.36465074522886504;2.440226870056917,4.933819650250329,1.1897814698375528;1.3066818871107722,17.589369001861286,0.9125121680327651;2.357678421611219,12.84984572684092,0.8379462386470249;16.982338471480936,14.4574540115461,0.7795617732176426;16.6561314066347,16.403439279548287,1.2836920917924646;5.398747996641409,15.000606954740654,0.2759122247568536;15.264278401717403,10.29919208231439,0.2316821241488554;10.911255852773824,12.32733772574333,0.7238978160411744;4.280084679595954,13.678702869526163,2.3024030597113416;17.479092617537404,11.080351461505307,1.1103263964905046;8.540140392127444,12.019562633396255,1.1337858747342713;11.741065877053364,13.225358942033967,0.46373120111325383;0.2566576950879157,15.438502156368578,0.25017761057893567;11.535138329870394,12.517501080138413,0.3023805730750141;2.2442554789509175,13.944225925149922,0.4764987910136303;2.829071724616509,6.815252500373287,1.116842398565673;12.89348341244764,4.462689100248536,2.456780207842593;2.792309268830196,1.9482063215231027,1.5239511084219592;18.63000485495394,9.516374612050642,0.4862045394896714;4.312449040471382,9.900114663805454,0.8882562845551485;0.6794491868940552,9.23994368862653,0.2431473573377341;17.386995268777646,18.78353211061407,0.9920648701342627"
26,drone_4,16.145,5.367,7.806,5.403,"14.145079426228822,14.135285643003368,0.36465074522886504;2.440226870056917,4.933819650250329,1.1897814698375528;1.3066818871107722,17.589369001861286,0.9125121680327651;2.357678421611219,12.84984572684092,0.8379462386470249;16.982338471480936,14.4574540115461,0.7795617732176426;16.6561314066347,16.403439279548287,1.2836920917924646;5.398747996641409,15.000606954740654,0.2759122247568536;15.264278401717403,10.29919208231439,0.2316821241488554;10.911255852773824,12.32733772574333,0.7238978160411744;4.280084679595954,13.678702869526163,2.3024030597113416;17.479092617537404,11.080351461505307,1.1103263964905046;8.540140392127444,12.019562633396255,1.1337858747342713;11.741065877053364,13.225358942033967,0.46373120111325383;0.2566576950879157,15.438502156368578,0.25017761057893567;11.535138329870394,12.517501080138413,0.3023805730750141;2.2442554789509175,13.944225925149922,0.4764987910136303;2.829071724616509,6.815252500373287,1.116842398565673;12.89348341244764,4.462689100248536,2.456780207842593;2.792309268830196,1.9482063215231027,1.5239511084219592;18.63000485495394,9.516374612050642,0.4862045394896714;4.312449040471382,9.900114663805454,0.8882562845551485;0.6794491868940552,9.23994368862653,0.2431473573377341;17.386995268777646,18.78353211061407,0.9920648701342627"
26,drone_7,12.581,12.250,7.806,5.403,"14.145079426228822,14.135285643003368,0.36465074522886504;2.440226870056917,4.933819650250329,1.1897814698375528;1.3066818871107722,17.589369001861286,0.9125121680327651;2.357678421611219,12.84984572684092,0.8379462386470249;16.982338471480936,14.4574540115461,0.7795617732176426;16.6561314066347,16.403439279548287,1.2836920917924646;5.398747996641409,15.000606954740654,0.2759122247568536;15.264278401717403,10.29919208231439,0.2316821241488554;10.911255852773824,12.32733772574333,0.7238978160411744;4.280084679595954,13.678702869526163,2.3024030597113416;17.479092617537404,11.080351461505307,1.1103263964905046;8.540140392127444,12.019562633396255,1.1337858747342713;11.741065877053364,13.225358942033967,0.46373120111325383;0.2566576950879157,15.438502156368578,0.25017761057893567;11.535138329870394,12.517501080138413,0.3023805730750141;2.2442554789509175,13.944225925149922,0.4764987910136303;2.829071724616509,6.815252500373287,1.116842398565673;12.89348341244764,4.462689100248536,2.456780207842593;2.792309268830196,1.9482063215231027,1.5239511084219592;18.63000485495394,9.516374612050642,0.4862045394896714;4.312449040471382,9.900114663805454,0.8882562845551485;0.6794491868940552,9.23994368862653,0.2431473573377341;17.386995268777646,18.78353211061407,0.9920648701342627"
26,drone_9,3.379,8.479,7.806,5.403,"14.145079426228822,14.135285643003368,0.36465074522886504;2.440226870056917,4.933819650250329,1.1897814698375528;1.3066818871107722,17.589369001861286,0.9125121680327651;2.357678421611219,12.84984572684092,0.8379462386470249;16.982338471480936,14.4574540115461,0.7795617732176426;16.6561314066347,16.403439279548287,1.2836920917924646;5.398747996641409,15.000606954740654,0.2759122247568536;15.264278401717403,10.29919208231439,0.2316821241488554;10.911255852773824,12.32733772574333,0.7238978160411744;4.280084679595954,13.678702869526163,2.3024030597113416;17.479092617537404,11.080351461505307,1.1103263964905046;8.540140392127444,12.019562633396255,1.1337858747342713;11.741065877053364,13.225358942033967,0.46373120111325383;0.2566576950879157,15.438502156368578,0.25017761057893567;11.535138329870394,12.517501080138413,0.3023805730750141;2.2442554789509175,13.944225925149922,0.4764987910136303;2.829071724616509,6.815252500373287,1.116842398565673;12.89348341244764,4.462689100248536,2.456780207842593;2.792309268830196,1.9482063215231027,1.5239511084219592;18.63000485495394,9.516374612050642,0.4862045394896714;4.312449040471382,9.900114663805454,0.8882562845551485;0.6794491868940552,9.23994368862653,0.2431473573377341;17.386995268777646,18.78353211061407,0.9920648701342627"
27,drone_0,2.400,9.692,7.806,5.403,"14.145079426228822,14.135285643003368,0.36465074522886504;2.440226870056917,4.933819650250329,1.1897814698375528;1.3066818871107722,17.589369001861286,0.9125121680327651;2.357678421611219,12.84984572684092,0.8379462386470249;16.982338471480936,14.4574540115461,0.7795617732176426;16.6561314066347,16.403439279548287,1.2836920917924646;5.398747996641409,15.000606954740654,0.2759122247568536;15.264278401717403,10.29919208231439,0.2316821241488554;10.911255852773824,12.32733772574333,0.7238978160411744;4.280084679595954,13.678702869526163,2.3024030597113416;17.479092617537404,11.080351461505307,1.1103263964905046;8.540140392127444,12.019562633396255,1.1337858747342713;11.741065877053364,13.225358942033967,0.46373120111325383;0.2566576950879157,15.438502156368578,0.25017761057893567;11.535138329870394,12.517501080138413,0.3023805730750141;2.2442554789509175,13.944225925149922,0.4764987910136303;2.829071724616509,6.815252500373287,1.116842398565673;12.89348341244764,4.462689100248536,2.456780207842593;2.792309268830196,1.9482063215231027,1.5239511084219592;18.63000485495394,9.516374612050642,0.4862045394896714;4.312449040471382,9.900114663805454,0.8882562845551485;0.6794491868940552,9.23994368862653,0.2431473573377341;17.386995268777646,18.78353211061407,0.9920648701342627"
27,drone_1,12.523,10.723,7.806,5.403,"14.145079426228822,14.135285643003368,0.36465074522886504;2.440226870056917,4.933819650250329,1.1897814698375528;1.3066818871107722,17.589369001861286,0.9125121680327651;2.357678421611219,12.84984572684092,0.8379462386470249;16.982338471480936,14.4574540115461,0.7795617732176426;16.6561314066347,16.403439279548287,1.2836920917924646;5.398747996641409,15.000606954740654,0.2759122247568536;15.264278401717403,10.29919208231439,0.2316821241488554;10.911255852773824,12.32733772574333,0.7238978160411744;4.280084679595954,13.678702869526163,2.3024030597113416;17.479092617537404,11.080351461505307,1.1103263964905046;8.540140392127444,12.019562633396255,1.1337858747342713;11.741065877053364,13.225358942033967,0.46373120111325383;0.2566576950879157,15.438502156368578,0.25017761057893567;11.535138329870394,12.517501080138413,0.3023805730750141;2.2442554789509175,13.944225925149922,0.4764987910136303;2.829071724616509,6.815252500373287,1.116842398565673;12.89348341244764,4.462689100248536,2.456780207842593;2.792309268830196,1.9482063215231027,1.5239511084219592;18.63000485495394,9.516374612050642,0.4862045394896714;4.312449040471382,9.900114663805454,0.8882562845551485;0.6794491868940552,9.23994368862653,0.2431473573377341;17.386995268777646,18.78353211061407,0.9920648701342627"
27,drone_2,9.757,13.796,7.806,5.403,"14.145079426228822,14.135285643003368,0.36465074522886504;2.440226870056917,4.933819650250329,1.1897814698375528;1.3066818871107722,17.589369001861286,0.9125121680327651;2.357678421611219,12.84984572684092,0.8379462386470249;16.982338471480936,14.4574540115461,0.7795617732176426;16.6561314066347,16.403439279548287,1.2836920917924646;5.398747996641409,15.000606954740654,0.2759122247568536;15.264278401717403,10.29919208231439,0.2316821241488554;10.911255852773824,12.32733772574333,0.7238978160411744;4.280084679595954,13.678702869526163,2.3024030597113416;17.479092617537404,11.080351461505307,1.1103263964905046;8.540140392127444,12.019562633396255,1.1337858747342713;11.741065877053364,13.225358942033967,0.46373120111325383;0.2566576950879157,15.438502156368578,0.25017761057893567;11.535138329870394,12.517501080138413,0.3023805730750141;2.2442554789509175,13.944225925149922,0.4764987910136303;2.829071724616509,6.815252500373287,1.116842398565673;12.89348341244764,4.462689100248536,2.456780207842593;2.792309268830196,1.9482063215231027,1.5239511084219592;18.63000485495394,9.516374612050642,0.4862045394896714;4.312449040471382,9.900114663805454,0.8882562845551485;0.6794491868940552,9.23994368862653,0.2431473573377341;17.386995268777646,18.78353211061407,0.9920648701342627"
27,drone_3,13.458,9.858,7.806,5.403,"14.145079426228822,14.135285643003368,0.36465074522886504;2.440226870056917,4.933819650250329,1.1897814698375528;1.3066818871107722,17.589369001861286,0.9125121680327651;2.357678421611219,12.84984572684092,0.8379462386470249;16.982338471480936,14.4574540115461,0.7795617732176426;16.6561314066347,16.403439279548287,1.2836920917924646;5.398747996641409,15.000606954740654,0.2759122247568536;15.264278401717403,10.29919208231439,0.2316821241488554;10.911255852773824,12.32733772574333,0.7238978160411744;4.280084679595954,13.678702869526163,2.3024030597113416;17.479092617537404,11.080351461505307,1.1103263964905046;8.540140392127444,12.019562633396255,1.1337858747342713;11.741065877053364,13.225358942033967,0.46373120111325383;0.2566576950879157,15.438502156368578,0.25017761057893567;11.535138329870394,12.517501080138413,0.3023805730750141;2.2442554789509175,13.944225925149922,0.4764987910136303;2.829071724616509,6.815252500373287,1.116842398565673;12.89348341244764,4.462689100248536,2.456780207842593;2.792309268830196,1.9482063215231027,1.5239511084219592;18.63000485495394,9.516374612050642,0.4862045394896714;4.312449040471382,9.900114663805454,0.8882562845551485;0.6794491868940552,9.23994368862653,0.2431473573377341;17.386995268777646,18.78353211061407,0.9920648701342627"
27,drone_4,16.069,5.552,7.806,5.403,"14.145079426228822,14.135285643003368,0.36465074522886504;2.440226870056917,4.933819650250329,1.1897814698375528;1.3066818871107722,17.589369001861286,0.9125121680327651;2.357678421611219,12.84984572684092,0.8379462386470249;16.982338471480936,14.4574540115461,0.7795617732176426;16.6561314066347,16.403439279548287,1.2836920917924646;5.398747996641409,15.000606954740654,0.2759122247568536;15.264278401717403,10.29919208231439,0.2316821241488554;10.911255852773824,12.32733772574333,0.7238978160411744;4.280084679595954,13.678702869526163,2.3024030597113416;17.479092617537404,11.080351461505307,1.1103263964905046;8.540140392127444,12.019562633396255,1.1337858747342713;11.741065877053364,13.225358942033967,0.46373120111325383;0.2566576950879157,15.438502156368578,0.25017761057893567;11.535138329870394,12.517501080138413,0.3023805730750141;2.2442554789509175,13.944225925149922,0.4764987910136303;2.829071724616509,6.815252500373287,1.116842398565673;12.89348341244764,4.462689100248536,2.456780207842593;2.792309268830196,1.9482063215231027,1.5239511084219592;18.63000485495394,9.516374612050642,0.4862045394896714;4.312449040471382,9.900114663805454,0.8882562845551485;0.6794491868940552,9.23994368862653,0.2431473573377341;17.386995268777646,18.78353211061407,0.9920648701342627"
27,drone_7,12.522,12.058,7.806,5.403,"14.145079426228822,14.135285643003368,0.36465074522886504;2.440226870056917,4.933819650250329,1.1897814698375528;1.3066818871107722,17.589369001861286,0.9125121680327651;2.357678421611219,12.84984572684092,0.8379462386470249;16.982338471480936,14.4574540115461,0.7795617732176426;16.6561314066347,16.403439279548287,1.2836920917924646;5.398747996641409,15.000606954740654,0.2759122247568536;15.264278401717403,10.29919208231439,0.2316821241488554;10.911255852773824,12.32733772574333,0.7238978160411744;4.280084679595954,13.678702869526163,2.3024030597113416;17.479092617537404,11.080351461505307,1.1103263964905046;8.540140392127444,12.019562633396255,1.1337858747342713;11.741065877053364,13.225358942033967,0.46373120111325383;0.2566576950879157,15.438502156368578,0.25017761057893567;11.535138329870394,12.517501080138413,0.3023805730750141;2.2442554789509175,13.944225925149922,0.4764987910136303;2.829071724616509,6.815252500373287,1.116842398565673;12.89348341244764,4.462689100248536,2.456780207842593;2.792309268830196,1.9482063215231027,1.5239511084219592;18.63000485495394,9.516374612050642,0.4862045394896714;4.312449040471382,9.900114663805454,0.8882562845551485;0.6794491868940552,9.23994368862653,0.2431473573377341;17.386995268777646,18.78353211061407,0.9920648701342627"
27,drone_9,3.568,8.414,7.806,5.403,"14.145079426228822,14.135285643003368,0.36465074522886504;2.440226870056917,4.933819650250329,1.1897814698375528;1.3066818871107722,17.589369001861286,0.9125121680327651;2.357678421611219,12.84984572684092,0.8379462386470249;16.982338471480936,14.4574540115461,0.7795617732176426;16.6561314066347,16.403439279548287,1.2836920917924646;5.398747996641409,15.000606954740654,0.2759122247568536;15.264278401717403,10.29919208231439,0.2316821241488554;10.911255852773824,12.32733772574333,0.7238978160411744;4.280084679595954,13.678702869526163,2.3024030597113416;17.479092617537404,11.080351461505307,1.1103263964905046;8.540140392127444,12.019562633396255,1.1337858747342713;11.741065877053364,13.225358942033967,0.46373120111325383;0.2566576950879157,15.438502156368578,0.25017761057893567;11.535138329870394,12.517501080138413,0.3023805730750141;2.2442554789509175,13.944225925149922,0.4764987910136303;2.829071724616509,6.815252500373287,1.116842398565673;12.89348341244764,4.462689100248536,2.456780207842593;2.792309268830196,1.9482063215231027,1.5239511084219592;18.63000485495394,9.516374612050642,0.4862045394896714;4.312449040471382,9.900114663805454,0.8882562845551485;0.6794491868940552,9.23994368862653,0.2431473573377341;17.386995268777646,18.78353211061407,0.9920648701342627"
28,drone_0,2.459,9.501,7.806,5.403,"14.145079426228822,14.135285643003368,0.36465074522886504;2.440226870056917,4.933819650250329,1.1897814698375528;1.3066818871107722,17.589369001861286,0.9125121680327651;2.357678421611219,12.84984572684092,0.8379462386470249;16.982338471480936,14.4574540115461,0.7795617732176426;16.6561314066347,16.403439279548287,1.2836920917924646;5.398747996641409,15.000606954740654,0.2759122247568536;15.264278401717403,10.29919208231439,0.2316821241488554;10.911255852773824,12.32733772574333,0.7238978160411744;4.280084679595954,13.678702869526163,2.3024030597113416;17.479092617537404,11.080351461505307,1.1103263964905046;8.540140392127444,12.019562633396255,1.1337858747342713;11.741065877053364,13.225358942033967,0.46373120111325383;0.2566576950879157,15.438502156368578,0.25017761057893567;11.535138329870394,12.517501080138413,0.3023805730750141;2.2442554789509175,13.944225925149922,0.4764987910136303;2.829071724616509,6.815252500373287,1.116842398565673;12.89348341244764,4.462689100248536,2.456780207842593;2.792309268830196,1.9482063215231027,1.5239511084219592;18.63000485495394,9.516374612050642,0.4862045394896714;4.312449040471382,9.900114663805454,0.8882562845551485;0.6794491868940552,9.23994368862653,0.2431473573377341;17.386995268777646,18.78353211061407,0.9920648701342627"
28,drone_1,12.383,10.580,7.806,5.403,"14.145079426228822,14.135285643003368,0.36465074522886504;2.440226870056917,4.933819650250329,1.1897814698375528;1.3066818871107722,17.589369001861286,0.9125121680327651;2.357678421611219,12.84984572684092,0.8379462386470249;16.982338471480936,14.4574540115461,0.7795617732176426;16.6561314066347,16.403439279548287,1.2836920917924646;5.398747996641409,15.000606954740654,0.2759122247568536;15.264278401717403,10.29919208231439,0.2316821241488554;10.911255852773824,12.32733772574333,0.7238978160411744;4.280084679595954,13.678702869526163,2.3024030597113416;17.479092617537404,11.080351461505307,1.1103263964905046;8.540140392127444,12.019562633396255,1.1337858747342713;11.741065877053364,13.225358942033967,0.46373120111325383;0.2566576950879157,15.438502156368578,0.25017761057893567;11.535138329870394,12.517501080138413,0.3023805730750141;2.2442554789509175,13.944225925149922,0.4764987910136303;2.829071724616509,6.815252500373287,1.116842398565673;12.89348341244764,4.462689100248536,2.456780207842593;2.792309268830196,1.9482063215231027,1.5239511084219592;18.63000485495394,9.516374612050642,0.4862045394896714;4.312449040471382,9.900114663805454,0.8882562845551485;0.6794491868940552,9.23994368862653,0.2431473573377341;17.386995268777646,18.78353211061407,0.9920648701342627"
28,drone_2,9.779,13.732,7.806,5.403,"14.145079426228822,14.135285643003368,0.36465074522886504;2.440226870056917,4.933819650250329,1.1897814698375528;1.3066818871107722,17.589369001861286,0.9125121680327651;2.357678421611219,12.84984572684092,0.8379462386470249;16.982338471480936,14.4574540115461,0.7795617732176426;16.6561314066347,16.403439279548287,1.2836920917924646;5.398747996641409,15.000606954740654,0.2759122247568536;15.264278401717403,10.29919208231439,0.2316821241488554;10.911255852773824,12.32733772574333,0.7238978160411744;4.280084679595954,13.678702869526163,2.3024030597113416;17.479092617537404,11.080351461505307,1.1103263964905046;8.540140392127444,12.019562633396255,1.1337858747342713;11.741065877053364,13.225358942033967,0.46373120111325383;0.2566576950879157,15.438502156368578,0.25017761057893567;11.535138329870394,12.517501080138413,0.3023805730750141;2.2442554789509175,13.944225925149922,0.4764987910136303;2.829071724616509,6.815252500373287,1.116842398565673;12.89348341244764,4.462689100248536,2.456780207842593;2.792309268830196,1.9482063215231027,1.5239511084219592;18.63000485495394,9.516374612050642,0.4862045394896714;4.312449040471382,9.900114663805454,0.8882562845551485;0.6794491868940552,9.23994368862653,0.2431473573377341;17.386995268777646,18.78353211061407,0.9920648701342627"
28,drone_3,13.319,9.714,7.806,5.403,"14.145079426228822,14.135285643003368,0.36465074522886504;2.440226870056917,4.933819650250329,1.1897814698375528;1.3066818871107722,17.589369001861286,0.9125121680327651;2.357678421611219,12.84984572684092,0.8379462386470249;16.982338471480936,14.4574540115461,0.7795617732176426;16.6561314066347,16.403439279548287,1.2836920917924646;5.398747996641409,15.000606954740654,0.2759122247568536;15.264278401717403,10.29919208231439,0.2316821241488554;10.911255852773824,12.32733772574333,0.7238978160411744;4.280084679595954,13.678702869526163,2.3024030597113416;17.479092617537404,11.080351461505307,1.1103263964905046;8.540140392127444,12.019562633396255,1.1337858747342713;11.741065877053364,13.225358942033967,0.46373120111325383;0.2566576950879157,15.438502156368578,0.25017761057893567;11.535138329870394,12.517501080138413,0.3023805730750141;2.2442554789509175,13.944225925149922,0.4764987910136303;2.829071724616509,6.815252500373287,1.116842398565673;12.89348341244764,4.462689100248536,2.456780207842593;2.792309268830196,1.9482063215231027,1.5239511084219592;18.63000485495394,9.516374612050642,0.4862045394896714;4.312449040471382,9.900114663805454,0.8882562845551485;0.6794491868940552,9.23994368862653,0.2431473573377341;17.386995268777646,18.78353211061407,0.9920648701342627"
28,drone_4,16.015,5.744,7.806,5.403,"14.145079426228822,14.135285643003368,0.36465074522886504;2.440226870056917,4.933819650250329,1.1897814698375528;1.3066818871107722,17.589369001861286,0.9125121680327651;2.357678421611219,12.84984572684092,0.8379462386470249;16.982338471480936,14.4574540115461,0.7795617732176426;16.6561314066347,16.403439279548287,1.2836920917924646;5.398747996641409,15.000606954740654,0.2759122247568536;15.264278401717403,10.29919208231439,0.2316821241488554;10.911255852773824,12.32733772574333,0.7238978160411744;4.280084679595954,13.678702869526163,2.3024030597113416;17.479092617537404,11.080351461505307,1.1103263964905046;8.540140392127444,12.019562633396255,1.1337858747342713;11.741065877053364,13.225358942033967,0.46373120111325383;0.2566576950879157,15.438502156368578,0.25017761057893567;11.535138329870394,12.517501080138413,0.3023805730750141;2.2442554789509175,13.944225925149922,0.4764987910136303;2.829071724616509,6.815252500373287,1.116842398565673;12.89348341244764,4.462689100248536,2.456780207842593;2.792309268830196,1.9482063215231027,1.5239511084219592;18.63000485495394,9.516374612050642,0.4862045394896714;4.312449040471382,9.900114663805454,0.8882562845551485;0.6794491868940552,9.23994368862653,0.2431473573377341;17.386995268777646,18.78353211061407,0.9920648701342627"
28,drone_7,12.426,11.883,7.806,5.403,"14.145079426228822,14.135285643003368,0.36465074522886504;2.440226870056917,4.933819650250329,1.1897814698375528;1.3066818871107722,17.589369001861286,0.9125121680327651;2.357678421611219,12.84984572684092,0.8379462386470249;16.982338471480936,14.4574540115461,0.7795617732176426;16.6561314066347,16.403439279548287,1.2836920917924646;5.398747996641409,15.000606954740654,0.2759122247568536;15.264278401717403,10.29919208231439,0.2316821241488554;10.911255852773824,12.32733772574333,0.7238978160411744;4.280084679595954,13.678702869526163,2.3024030597113416;17.479092617537404,11.080351461505307,1.1103263964905046;8.540140392127444,12.019562633396255,1.1337858747342713;11.741065877053364,13.225358942033967,0.46373120111325383;0.2566576950879157,15.438502156368578,0.25017761057893567;11.535138329870394,12.517501080138413,0.3023805730750141;2.2442554789509175,13.944225925149922,0.4764987910136303;2.829071724616509,6.815252500373287,1.116842398565673;12.89348341244764,4.462689100248536,2.456780207842593;2.792309268830196,1.9482063215231027,1.5239511084219592;18.63000485495394,9.516374612050642,0.4862045394896714;4.312449040471382,9.900114663805454,0.8882562845551485;0.6794491868940552,9.23994368862653,0.2431473573377341;17.386995268777646,18.78353211061407,0.9920648701342627"
28,drone_9,3.757,8.348,7.806,5.403,"14.145079426228822,14.135285643003368,0.36465074522886504;2.440226870056917,4.933819650250329,1.1897814698375528;1.3066818871107722,17.589369001861286,0.9125121680327651;2.357678421611219,12.84984572684092,0.8379462386470249;16.982338471480936,14.4574540115461,0.7795617732176426;16.6561314066347,16.403439279548287,1.2836920917924646;5.398747996641409,15.000606954740654,0.2759122247568536;15.264278401717403,10.29919208231439,0.2316821241488554;10.911255852773824,12.32733772574333,0.7238978160411744;4.280084679595954,13.678702869526163,2.3024030597113416;17.479092617537404,11.080351461505307,1.1103263964905046;8.540140392127444,12.019562633396255,1.1337858747342713;11.741065877053364,13.225358942033967,0.46373120111325383;0.2566576950879157,15.438502156368578,0.25017761057893567;11.535138329870394,12.517501080138413,0.3023805730750141;2.2442554789509175,13.944225925149922,0.4764987910136303;2.829071724616509,6.815252500373287,1.116842398565673;12.89348341244764,4.462689100248536,2.456780207842593;2.792309268830196,1.9482063215231027,1.5239511084219592;18.63000485495394,9.516374612050642,0.4862045394896714;4.312449040471382,9.900114663805454,0.8882562845551485;0.6794491868940552,9.23994368862653,0.2431473573377341;17.386995268777646,18.78353211061407,0.9920648701342627"
29,drone_0,2.552,9.324,7.806,5.403,"14.145079426228822,14.135285643003368,0.36465074522886504;2.440226870056917,4.933819650250329,1.1897814698375528;1.3066818871107722,17.589369001861286,0.9125121680327651;2.357678421611219,12.84984572684092,0.8379462386470249;16.982338471480936,14.4574540115461,0.7795617732176426;16.6561314066347,16.403439279548287,1.2836920917924646;5.398747996641409,15.000606954740654,0.2759122247568536;15.264278401717403,10.29919208231439,0.2316821241488554;10.911255852773824,12.32733772574333,0.7238978160411744;4.280084679595954,13.678702869526163,2.3024030597113416;17.479092617537404,11.080351461505307,1.1103263964905046;8.540140392127444,12.019562633396255,1.1337858747342713;11.741065877053364,13.225358942033967,0.46373120111325383;0.2566576950879157,15.438502156368578,0.25017761057893567;11.535138329870394,12.517501080138413,0.3023805730750141;2.2442554789509175,13.944225925149922,0.4764987910136303;2.829071724616509,6.815252500373287,1.116842398565673;12.89348341244764,4.462689100248536,2.456780207842593;2.792309268830196,1.9482063215231027,1.5239511084219592;18.63000485495394,9.516374612050642,0.4862045394896714;4.312449040471382,9.900114663805454,0.8882562845551485;0.6794491868940552,9.23994368862653,0.2431473573377341;17.386995268777646,18.78353211061407,0.9920648701342627"
29,drone_1,12.226,10.456,7.806,5.403,"14.145079426228822,14.135285643003368,0.36465074522886504;2.440226870056917,4.933819650250329,1.1897814698375528;1.3066818871107722,17.589369001861286,0.9125121680327651;2.357678421611219,12.84984572684092,0.8379462386470249;16.982338471480936,14.4574540115461,0.7795617732176426;16.6561314066347,16.403439279548287,1.2836920917924646;5.398747996641409,15.000606954740654,0.2759122247568536;15.264278401717403,10.29919208231439,0.2316821241488554;10.911255852773824,12.32733772574333,0.7238978160411744;4.280084679595954,13.678702869526163,2.3024030597113416;17.479092617537404,11.080351461505307,1.1103263964905046;8.540140392127444,12.019562633396255,1.1337858747342713;11.741065877053364,13.225358942033967,0.46373120111325383;0.2566576950879157,15.438502156368578,0.25017761057893567;11.535138329870394,12.517501080138413,0.3023805730750141;2.2442554789509175,13.944225925149922,0.4764987910136303;2.829071724616509,6.815252500373287,1.116842398565673;12.89348341244764,4.462689100248536,2.456780207842593;2.792309268830196,1.9482063215231027,1.5239511084219592;18.63000485495394,9.516374612050642,0.4862045394896714;4.312449040471382,9.900114663805454,0.8882562845551485;0.6794491868940552,9.23994368862653,0.2431473573377341;17.386995268777646,18.78353211061407,0.9920648701342627"
29,drone_2,9.702,13.643,7.806,5.403,"14.145079426228822,14.135285643003368,0.36465074522886504;2.440226870056917,4.933819650250329,1.1897814698375528;1.3066818871107722,17.589369001861286,0.9125121680327651;2.357678421611219,12.84984572684092,0.8379462386470249;16.982338471480936,14.4574540115461,0.7795617732176426;16.6561314066347,16.403439279548287,1.2836920917924646;5.398747996641409,15.000606954740654,0.2759122247568536;15.264278401717403,10.29919208231439,0.2316821241488554;10.911255852773824,12.32733772574333,0.7238978160411744;4.280084679595954,13.678702869526163,2.3024030597113416;17.479092617537404,11.080351461505307,1.1103263964905046;8.540140392127444,12.019562633396255,1.1337858747342713;11.741065877053364,13.225358942033967,0.46373120111325383;0.2566576950879157,15.438502156368578,0.25017761057893567;11.535138329870394,12.517501080138413,0.3023805730750141;2.2442554789509175,13.944225925149922,0.4764987910136303;2.829071724616509,6.815252500373287,1.116842398565673;12.89348341244764,4.462689100248536,2.456780207842593;2.792309268830196,1.9482063215231027,1.5239511084219592;18.63000485495394,9.516374612050642,0.4862045394896714;4.312449040471382,9.900114663805454,0.8882562845551485;0.6794491868940552,9.23994368862653,0.2431473573377341;17.386995268777646,18.78353211061407,0.9920648701342627"
29,drone_3,13.179,9.571,7.806,5.403,"14.145079426228822,14.135285643003368,0.36465074522886504;2.440226870056917,4.933819650250329,1.1897814698375528;1.3066818871107722,17.589369001861286,0.9125121680327651;2.357678421611219,12.84984572684092,0.8379462386470249;16.982338471480936,14.4574540115461,0.7795617732176426;16.6561314066347,16.403439279548287,1.2836920917924646;5.398747996641409,15.000606954740654,0.2759122247568536;15.264278401717403,10.29919208231439,0.2316821241488554;10.911255852773824,12.32733772574333,0.7238978160411744;4.280084679595954,13.678702869526163,2.3024030597113416;17.479092617537404,11.080351461505307,1.1103263964905046;8.540140392127444,12.019562633396255,1.1337858747342713;11.741065877053364,13.225358942033967,0.46373120111325383;0.2566576950879157,15.438502156368578,0.25017761057893567;11.535138329870394,12.517501080138413,0.3023805730750141;2.2442554789509175,13.944225925149922,0.4764987910136303;2.829071724616509,6.815252500373287,1.116842398565673;12.89348341244764,4.462689100248536,2.456780207842593;2.792309268830196,1.9482063215231027,1.5239511084219592;18.63000485495394,9.516374612050642,0.4862045394896714;4.312449040471382,9.900114663805454,0.8882562845551485;0.6794491868940552,9.23994368862653,0.2431473573377341;17.386995268777646,18.78353211061407,0.9920648701342627"
29,drone_4,15.906,5.912,7.806,5.403,"14.145079426228822,14.135285643003368,0.36465074522886504;2.440226870056917,4.933819650250329,1.1897814698375528;1.3066818871107722,17.589369001861286,0.9125121680327651;2.357678421611219,12.84984572684092,0.8379462386470249;16.982338471480936,14.4574540115461,0.7795617732176426;16.6561314066347,16.403439279548287,1.2836920917924646;5.398747996641409,15.000606954740654,0.2759122247568536;15.264278401717403,10.29919208231439,0.2316821241488554;10.911255852773824,12.32733772574333,0.7238978160411744;4.280084679595954,13.678702869526163,2.3024030597113416;17.479092617537404,11.080351461505307,1.1103263964905046;8.540140392127444,12.019562633396255,1.1337858747342713;11.741065877053364,13.225358942033967,0.46373120111325383;0.2566576950879157,15.438502156368578,0.25017761057893567;11.535138329870394,12.517501080138413,0.3023805730750141;2.2442554789509175,13.944225925149922,0.4764987910136303;2.829071724616509,6.815252500373287,1.116842398565673;12.89348341244764,4.462689100248536,2.456780207842593;2.792309268830196,1.9482063215231027,1.5239511084219592;18.63000485495394,9.516374612050642,0.4862045394896714;4.312449040471382,9.900114663805454,0.8882562845551485;0.6794491868940552,9.23994368862653,0.2431473573377341;17.386995268777646,18.78353211061407,0.9920648701342627"
29,drone_7,12.359,11.694,7.806,5.403,"14.145079426228822,14.135285643003368,0.36465074522886504;2.440226870056917,4.933819650250329,1.1897814698375528;1.3066818871107722,17.589369001861286,0.9125121680327651;2.357678421611219,12.84984572684092,0.8379462386470249;16.982338471480936,14.4574540115461,0.7795617732176426;16.6561314066347,16.403439279548287,1.2836920917924646;5.398747996641409,15.000606954740654,0.2759122247568536;15.264278401717403,10.29919208231439,0.2316821241488554;10.911255852773824,12.32733772574333,0.7238978160411744;4.280084679595954,13.678702869526163,2.3024030597113416;17.479092617537404,11.080351461505307,1.1103263964905046;8.540140392127444,12.019562633396255,1.1337858747342713;11.741065877053364,13.225358942033967,0.46373120111325383;0.2566576950879157,15.438502156368578,0.25017761057893567;11.535138329870394,12.517501080138413,0.3023805730750141;2.2442554789509175,13.944225925149922,0.4764987910136303;2.829071724616509,6.815252500373287,1.116842398565673;12.89348341244764,4.462689100248536,2.456780207842593;2.792309268830196,1.9482063215231027,1.5239511084219592;18.63000485495394,9.516374612050642,0.4862045394896714;4.312449040471382,9.900114663805454,0.8882562845551485;0.6794491868940552,9.23994368862653,0.2431473573377341;17.386995268777646,18.78353211061407,0.9920648701342627"
29,drone_9,3.931,8.248,7.806,5.403,"14.145079426228822,14.135285643003368,0.36465074522886504;2.440226870056917,4.933819650250329,1.1897814698375528;1.3066818871107722,17.589369001861286,0.9125121680327651;2.357678421611219,12.84984572684092,0.8379462386470249;16.982338471480936,14.4574540115461,0.7795617732176426;16.6561314066347,16.403439279548287,1.2836920917924646;5.398747996641409,15.000606954740654,0.2759122247568536;15.264278401717403,10.29919208231439,0.2316821241488554;10.911255852773824,12.32733772574333,0.7238978160411744;4.280084679595954,13.678702869526163,2.3024030597113416;17.479092617537404,11.080351461505307,1.1103263964905046;8.540140392127444,12.019562633396255,1.1337858747342713;11.741065877053364,13.225358942033967,0.46373120111325383;0.2566576950879157,15.438502156368578,0.25017761057893567;11.535138329870394,12.517501080138413,0.3023805730750141;2.2442554789509175,13.944225925149922,0.4764987910136303;2.829071724616509,6.815252500373287,1.116842398565673;12.89348341244764,4.462689100248536,2.456780207842593;2.792309268830196,1.9482063215231027,1.5239511084219592;18.63000485495394,9.516374612050642,0.4862045394896714;4.312449040471382,9.900114663805454,0.8882562845551485;0.6794491868940552,9.23994368862653,0.2431473573377341;17.386995268777646,18.78353211061407,0.9920648701342627"
30,drone_0,2.667,9.161,7.806,5.403,"14.145079426228822,14.135285643003368,0.36465074522886504;2.440226870056917,4.933819650250329,1.1897814698375528;1.3066818871107722,17.589369001861286,0.9125121680327651;2.357678421611219,12.84984572684092,0.8379462386470249;16.982338471480936,14.4574540115461,0.7795617732176426;16.6561314066347,16.403439279548287,1.2836920917924646;5.398747996641409,15.000606954740654,0.2759122247568536;15.264278401717403,10.29919208231439,0.2316821241488554;10.911255852773824,12.32733772574333,0.7238978160411744;4.280084679595954,13.678702869526163,2.3024030597113416;17.479092617537404,11.080351461505307,1.1103263964905046;8.540140392127444,12.019562633396255,1.1337858747342713;11.741065877053364,13.225358942033967,0.46373120111325383;0.2566576950879157,15.438502156368578,0.25017761057893567;11.535138329870394,12.517501080138413,0.3023805730750141;2.2442554789509175,13.944225925149922,0.4764987910136303;2.829071724616509,6.815252500373287,1.116842398565673;12.89348341244764,4.462689100248536,2.456780207842593;2.792309268830196,1.9482063215231027,1.5239511084219592;18.63000485495394,9.516374612050642,0.4862045394896714;4.312449040471382,9.900114663805454,0.8882562845551485;0.6794491868940552,9.23994368862653,0.2431473573377341;17.386995268777646,18.78353211061407,0.9920648701342627"
30,drone_1,12.077,10.323,7.806,5.403,"14.145079426228822,14.135285643003368,0.36465074522886504;2.440226870056917,4.933819650250329,1.1897814698375528;1.3066818871107722,17.589369001861286,0.9125121680327651;2.357678421611219,12.84984572684092,0.8379462386470249;16.982338471480936,14.4574540115461,0.7795617732176426;16.6561314066347,16.403439279548287,1.2836920917924646;5.398747996641409,15.000606954740654,0.2759122247568536;15.264278401717403,10.29919208231439,0.2316821241488554;10.911255852773824,12.32733772574333,0.7238978160411744;4.280084679595954,13.678702869526163,2.3024030597113416;17.479092617537404,11.080351461505307,1.1103263964905046;8.540140392127444,12.019562633396255,1.1337858747342713;11.741065877053364,13.225358942033967,0.46373120111325383;0.2566576950879157,15.438502156368578,0.25017761057893567;11.535138329870394,12.517501080138413,0.3023805730750141;2.2442554789509175,13.944225925149922,0.4764987910136303;2.829071724616509,6.815252500373287,1.116842398565673;12.89348341244764,4.462689100248536,2.456780207842593;2.792309268830196,1.9482063215231027,1.5239511084219592;18.63000485495394,9.516374612050642,0.4862045394896714;4.312449040471382,9.900114663805454,0.8882562845551485;0.6794491868940552,9.23994368862653,0.2431473573377341;17.386995268777646,18.78353211061407,0.9920648701342627"
30,drone_2,9.674,13.655,7.806,5.403,"14.145079426228822,14.135285643003368,0.36465074522886504;2.440226870056917,4.933819650250329,1.1897814698375528;1.3066818871107722,17.589369001861286,0.9125121680327651;2.357678421611219,12.84984572684092,0.8379462386470249;16.982338471480936,14.4574540115461,0.7795617732176426;16.6561314066347,16.403439279548287,1.2836920917924646;5.398747996641409,15.000606954740654,0.2759122247568536;15.264278401717403,10.29919208231439,0.2316821241488554;10.911255852773824,12.32733772574333,0.7238978160411744;4.280084679595954,13.678702869526163,2.3024030597113416;17.479092617537404,11.080351461505307,1.1103263964905046;8.540140392127444,12.019562633396255,1.1337858747342713;11.741065877053364,13.225358942033967,0.46373120111325383;0.2566576950879157,15.438502156368578,0.25017761057893567;11.535138329870394,12.517501080138413,0.3023805730750141;2.2442554789509175,13.944225925149922,0.4764987910136303;2.829071724616509,6.815252500373287,1.116842398565673;12.89348341244764,4.462689100248536,2.456780207842593;2.792309268830196,1.9482063215231027,1.5239511084219592;18.63000485495394,9.516374612050642,0.4862045394896714;4.312449040471382,9.900114663805454,0.8882562845551485;0.6794491868940552,9.23994368862653,0.2431473573377341;17.386995268777646,18.78353211061407,0.9920648701342627"
30,drone_3,13.039,9.429,7.806,5.403,"14.145079426228822,14.135285643003368,0.36465074522886504;2.440226870056917,4.933819650250329,1.1897814698375528;1.3066818871107722,17.589369001861286,0.9125121680327651;2.357678421611219,12.84984572684092,0.8379462386470249;16.982338471480936,14.4574540115461,0.7795617732176426;16.6561314066347,16.403439279548287,1.2836920917924646;5.398747996641409,15.000606954740654,0.2759122247568536;15.264278401717403,10.29919208231439,0.2316821241488554;10.911255852773824,12.32733772574333,0.7238978160411744;4.280084679595954,13.678702869526163,2.3024030597113416;17.479092617537404,11.080351461505307,1.1103263964905046;8.540140392127444,12.019562633396255,1.1337858747342713;11.741065877053364,13.225358942033967,0.46373120111325383;0.2566576950879157,15.438502156368578,0.25017761057893567;11.535138329870394,12.517501080138413,0.3023805730750141;2.2442554789509175,13.944225925149922,0.4764987910136303;2.829071724616509,6.815252500373287,1.116842398565673;12.89348341244764,4.462689100248536,2.456780207842593;2.792309268830196,1.9482063215231027,1.5239511084219592;18.63000485495394,9.516374612050642,0.4862045394896714;4.312449040471382,9.900114663805454,0.8882562845551485;0.6794491868940552,9.23994368862653,0.2431473573377341;17.386995268777646,18.78353211061407,0.9920648701342627"
30,drone_4,15.834,6.099,7.806,5.403,"14.145079426228822,14.135285643003368,0.36465074522886504;2.440226870056917,4.933819650250329,1.1897814698375528;1.3066818871107722,17.589369001861286,0.9125121680327651;2.357678421611219,12.84984572684092,0.8379462386470249;16.982338471480936,14.4574540115461,0.7795617732176426;16.6561314066347,16.403439279548287,1.2836920917924646;5.398747996641409,15.000606954740654,0.2759122247568536;15.264278401717403,10.29919208231439,0.2316821241488554;10.911255852773824,12.32733772574333,0.7238978160411744;4.280084679595954,13.678702869526163,2.3024030597113416;17.479092617537404,11.080351461505307,1.1103263964905046;8.540140392127444,12.019562633396255,1.1337858747342713;11.741065877053364,13.225358942033967,0.46373120111325383;0.2566576950879157,15.438502156368578,0.25017761057893567;11.535138329870394,12.517501080138413,0.3023805730750141;2.2442554789509175,13.944225925149922,0.4764987910136303;2.829071724616509,6.815252500373287,1.116842398565673;12.89348341244764,4.462689100248536,2.456780207842593;2.792309268830196,1.9482063215231027,1.5239511084219592;18.63000485495394,9.516374612050642,0.4862045394896714;4.312449040471382,9.900114663805454,0.8882562845551485;0.6794491868940552,9.23994368862653,0.2431473573377341;17.386995268777646,18.78353211061407,0.9920648701342627"
30,drone_7,12.259,11.521,7.806,5.403,"14.145079426228822,14.135285643003368,0.36465074522886504;2.440226870056917,4.933819650250329,1.1897814698375528;1.3066818871107722,17.589369001861286,0.9125121680327651;2.357678421611219,12.84984572684092,0.8379462386470249;16.982338471480936,14.4574540115461,0.7795617732176426;16.6561314066347,16.403439279548287,1.2836920917924646;5.398747996641409,15.000606954740654,0.2759122247568536;15.264278401717403,10.29919208231439,0.2316821241488554;10.911255852773824,12.32733772574333,0.7238978160411744;4.280084679595954,13.678702869526163,2.3024030597113416;17.479092617537404,11.080351461505307,1.1103263964905046;8.540140392127444,12.019562633396255,1.1337858747342713;11.741065877053364,13.225358942033967,0.46373120111325383;0.2566576950879157,15.438502156368578,0.25017761057893567;11.535138329870394,12.517501080138413,0.3023805730750141;2.2442554789509175,13.944225925149922,0.4764987910136303;2.829071724616509,6.815252500373287,1.116842398565673;12.89348341244764,4.462689100248536,2.456780207842593;2.792309268830196,1.9482063215231027,1.5239511084219592;18.63000485495394,9.516374612050642,0.4862045394896714;4.312449040471382,9.900114663805454,0.8882562845551485;0.6794491868940552,9.23994368862653,0.2431473573377341;17.386995268777646,18.78353211061407,0.9920648701342627"
30,drone_9,4.118,8.178,7.806,5.403,"14.145079426228822,14.135285643003368,0.36465074522886504;2.440226870056917,4.933819650250329,1.1897814698375528;1.3066818871107722,17.589369001861286,0.9125121680327651;2.357678421611219,12.84984572684092,0.8379462386470249;16.982338471480936,14.4574540115461,0.7795617732176426;16.6561314066347,16.403439279548287,1.2836920917924646;5.398747996641409,15.000606954740654,0.2759122247568536;15.264278401717403,10.29919208231439,0.2316821241488554;10.911255852773824,12.32733772574333,0.7238978160411744;4.280084679595954,13.678702869526163,2.3024030597113416;17.479092617537404,11.080351461505307,1.1103263964905046;8.540140392127444,12.019562633396255,1.1337858747342713;11.741065877053364,13.225358942033967,0.46373120111325383;0.2566576950879157,15.438502156368578,0.25017761057893567;11.535138329870394,12.517501080138413,0.3023805730750141;2.2442554789509175,13.944225925149922,0.4764987910136303;2.829071724616509,6.815252500373287,1.116842398565673;12.89348341244764,4.462689100248536,2.456780207842593;2.792309268830196,1.9482063215231027,1.5239511084219592;18.63000485495394,9.516374612050642,0.4862045394896714;4.312449040471382,9.900114663805454,0.8882562845551485;0.6794491868940552,9.23994368862653,0.2431473573377341;17.386995268777646,18.78353211061407,0.9920648701342627"
31,drone_0,2.798,9.010,7.806,5.403,"14.145079426228822,14.135285643003368,0.36465074522886504;2.440226870056917,4.933819650250329,1.1897814698375528;1.3066818871107722,17.589369001861286,0.9125121680327651;2.357678421611219,12.84984572684092,0.8379462386470249;16.982338471480936,14.4574540115461,0.7795617732176426;16.6561314066347,16.403439279548287,1.2836920917924646;5.398747996641409,15.000606954740654,0.2759122247568536;15.264278401717403,10.29919208231439,0.2316821241488554;10.911255852773824,12.32733772574333,0.7238978160411744;4.280084679595954,13.678702869526163,2.3024030597113416;17.479092617537404,11.080351461505307,1.1103263964905046;8.540140392127444,12.019562633396255,1.1337858747342713;11.741065877053364,13.225358942033967,0.46373120111325383;0.2566576950879157,15.438502156368578,0.25017761057893567;11.535138329870394,12.517501080138413,0.3023805730750141;2.2442554789509175,13.944225925149922,0.4764987910136303;2.829071724616509,6.815252500373287,1.116842398565673;12.89348341244764,4.462689100248536,2.456780207842593;2.792309268830196,1.9482063215231027,1.5239511084219592;18.63000485495394,9.516374612050642,0.4862045394896714;4.312449040471382,9.900114663805454,0.8882562845551485;0.6794491868940552,9.23994368862653,0.2431473573377341;17.386995268777646,18.78353211061407,0.9920648701342627"
31,drone_1,11.927,10.190,7.806,5.403,"14.145079426228822,14.135285643003368,0.36465074522886504;2.440226870056917,4.933819650250329,1.1897814698375528;1.3066818871107722,17.589369001861286,0.9125121680327651;2.357678421611219,12.84984572684092,0.8379462386470249;16.982338471480936,14.4574540115461,0.7795617732176426;16.6561314066347,16.403439279548287,1.2836920917924646;5.398747996641409,15.000606954740654,0.2759122247568536;15.264278401717403,10.29919208231439,0.2316821241488554;10.911255852773824,12.32733772574333,0.7238978160411744;4.280084679595954,13.678702869526163,2.3024030597113416;17.479092617537404,11.080351461505307,1.1103263964905046;8.540140392127444,12.019562633396255,1.1337858747342713;11.741065877053364,13.225358942033967,0.46373120111325383;0.2566576950879157,15.438502156368578,0.25017761057893567;11.535138329870394,12.517501080138413,0.3023805730750141;2.2442554789509175,13.944225925149922,0.4764987910136303;2.829071724616509,6.815252500373287,1.116842398565673;12.89348341244764,4.462689100248536,2.456780207842593;2.792309268830196,1.9482063215231027,1.5239511084219592;18.63000485495394,9.516374612050642,0.4862045394896714;4.312449040471382,9.900114663805454,0.8882562845551485;0.6794491868940552,9.23994368862653,0.2431473573377341;17.386995268777646,18.78353211061407,0.9920648701342627"
31,drone_2,9.729,13.566,7.806,5.403,"14.145079426228822,14.135285643003368,0.36465074522886504;2.440226870056917,4.933819650250329,1.1897814698375528;1.3066818871107722,17.589369001861286,0.9125121680327651;2.357678421611219,12.84984572684092,0.8379462386470249;16.982338471480936,14.4574540115461,0.7795617732176426;16.6561314066347,16.403439279548287,1.2836920917924646;5.398747996641409,15.000606954740654,0.2759122247568536;15.264278401717403,10.29919208231439,0.2316821241488554;10.911255852773824,12.32733772574333,0.7238978160411744;4.280084679595954,13.678702869526163,2.3024030597113416;17.479092617537404,11.080351461505307,1.1103263964905046;8.540140392127444,12.019562633396255,1.1337858747342713;11.741065877053364,13.225358942033967,0.46373120111325383;0.2566576950879157,15.438502156368578,0.25017761057893567;11.535138329870394,12.517501080138413,0.3023805730750141;2.2442554789509175,13.944225925149922,0.4764987910136303;2.829071724616509,6.815252500373287,1.116842398565673;12.89348341244764,4.462689100248536,2.456780207842593;2.792309268830196,1.9482063215231027,1.5239511084219592;18.63000485495394,9.516374612050642,0.4862045394896714;4.312449040471382,9.900114663805454,0.8882562845551485;0.6794491868940552,9.23994368862653,0.2431473573377341;17.386995268777646,18.78353211061407,0.9920648701342627"
31,drone_3,12.898,9.287,7.806,5.403,"14.145079426228822,14.135285643003368,0.36465074522886504;2.440226870056917,4.933819650250329,1.1897814698375528;1.3066818871107722,17.589369001861286,0.9125121680327651;2.357678421611219,12.84984572684092,0.8379462386470249;16.982338471480936,14.4574540115461,0.7795617732176426;16.6561314066347,16.403439279548287,1.2836920917924646;5.398747996641409,15.000606954740654,0.2759122247568536;15.264278401717403,10.29919208231439,0.2316821241488554;10.911255852773824,12.32733772574333,0.7238978160411744;4.280084679595954,13.678702869526163,2.3024030597113416;17.479092617537404,11.080351461505307,1.1103263964905046;8.540140392127444,12.019562633396255,1.1337858747342713;11.741065877053364,13.225358942033967,0.46373120111325383;0.2566576950879157,15.438502156368578,0.25017761057893567;11.535138329870394,12.517501080138413,0.3023805730750141;2.2442554789509175,13.944225925149922,0.4764987910136303;2.829071724616509,6.815252500373287,1.116842398565673;12.89348341244764,4.462689100248536,2.456780207842593;2.792309268830196,1.9482063215231027,1.5239511084219592;18.63000485495394,9.516374612050642,0.4862045394896714;4.312449040471382,9.900114663805454,0.8882562845551485;0.6794491868940552,9.23994368862653,0.2431473573377341;17.386995268777646,18.78353211061407,0.9920648701342627"
31,drone_4,15.718,6.262,7.806,5.403,"14.145079426228822,14.135285643003368,0.36465074522886504;2.440226870056917,4.933819650250329,1.1897814698375528;1.3066818871107722,17.589369001861286,0.9125121680327651;2.357678421611219,12.84984572684092,0.8379462386470249;16.982338471480936,14.4574540115461,0.7795617732176426;16.6561314066347,16.403439279548287,1.2836920917924646;5.398747996641409,15.000606954740654,0.2759122247568536;15.264278401717403,10.29919208231439,0.2316821241488554;10.911255852773824,12.32733772574333,0.7238978160411744;4.280084679595954,13.678702869526163,2.3024030597113416;17.479092617537404,11.080351461505307,1.1103263964905046;8.540140392127444,12.019562633396255,1.1337858747342713;11.741065877053364,13.225358942033967,0.46373120111325383;0.2566576950879157,15.438502156368578,0.25017761057893567;11.535138329870394,12.517501080138413,0.3023805730750141;2.2442554789509175,13.944225925149922,0.4764987910136303;2.829071724616509,6.815252500373287,1.116842398565673;12.89348341244764,4.462689100248536,2.456780207842593;2.792309268830196,1.9482063215231027,1.5239511084219592;18.63000485495394,9.516374612050642,0.4862045394896714;4.312449040471382,9.900114663805454,0.8882562845551485;0.6794491868940552,9.23994368862653,0.2431473573377341;17.386995268777646,18.78353211061407,0.9920648701342627"
31,drone_7,12.166,11.344,7.806,5.403,"14.145079426228822,14.135285643003368,0.36465074522886504;2.440226870056917,4.933819650250329,1.1897814698375528;1.3066818871107722,17.589369001861286,0.9125121680327651;2.357678421611219,12.84984572684092,0.8379462386470249;16.982338471480936,14.4574540115461,0.7795617732176426;16.6561314066347,16.403439279548287,1.2836920917924646;5.398747996641409,15.000606954740654,0.2759122247568536;15.264278401717403,10.29919208231439,0.2316821241488554;10.911255852773824,12.32733772574333,0.7238978160411744;4.280084679595954,13.678702869526163,2.3024030597113416;17.479092617537404,11.080351461505307,1.1103263964905046;8.540140392127444,12.019562633396255,1.1337858747342713;11.741065877053364,13.225358942033967,0.46373120111325383;0.2566576950879157,15.438502156368578,0.25017761057893567;11.535138329870394,12.517501080138413,0.3023805730750141;2.2442554789509175,13.944225925149922,0.4764987910136303;2.829071724616509,6.815252500373287,1.116842398565673;12.89348341244764,4.462689100248536,2.456780207842593;2.792309268830196,1.9482063215231027,1.5239511084219592;18.63000485495394,9.516374612050642,0.4862045394896714;4.312449040471382,9.900114663805454,0.8882562845551485;0.6794491868940552,9.23994368862653,0.2431473573377341;17.386995268777646,18.78353211061407,0.9920648701342627"
31,drone_9,4.300,8.096,7.806,5.403,"14.145079426228822,14.135285643003368,0.36465074522886504;2.440226870056917,4.933819650250329,1.1897814698375528;1.3066818871107722,17.589369001861286,0.9125121680327651;2.357678421611219,12.84984572684092,0.8379462386470249;16.982338471480936,14.4574540115461,0.7795617732176426;16.6561314066347,16.403439279548287,1.2836920917924646;5.398747996641409,15.000606954740654,0.2759122247568536;15.264278401717403,10.29919208231439,0.2316821241488554;10.911255852773824,12.32733772574333,0.7238978160411744;4.280084679595954,13.678702869526163,2.3024030597113416;17.479092617537404,11.080351461505307,1.1103263964905046;8.540140392127444,12.019562633396255,1.1337858747342713;11.741065877053364,13.225358942033967,0.46373120111325383;0.2566576950879157,15.438502156368578,0.25017761057893567;11.535138329870394,12.517501080138413,0.3023805730750141;2.2442554789509175,13.944225925149922,0.4764987910136303;2.829071724616509,6.815252500373287,1.116842398565673;12.89348341244764,4.462689100248536,2.456780207842593;2.792309268830196,1.9482063215231027,1.5239511084219592;18.63000485495394,9.516374612050642,0.4862045394896714;4.312449040471382,9.900114663805454,0.8882562845551485;0.6794491868940552,9.23994368862653,0.2431473573377341;17.386995268777646,18.78353211061407,0.9920648701342627"
32,drone_0,2.984,8.935,7.806,5.403,"14.145079426228822,14.135285643003368,0.36465074522886504;2.440226870056917,4.933819650250329,1.1897814698375528;1.3066818871107722,17.589369001861286,0.9125121680327651;2.357678421611219,12.84984572684092,0.8379462386470249;16.982338471480936,14.4574540115461,0.7795617732176426;16.6561314066347,16.403439279548287,1.2836920917924646;5.398747996641409,15.000606954740654,0.2759122247568536;15.264278401717403,10.29919208231439,0.2316821241488554;10.911255852773824,12.32733772574333,0.7238978160411744;4.280084679595954,13.678702869526163,2.3024030597113416;17.479092617537404,11.080351461505307,1.1103263964905046;8.540140392127444,12.019562633396255,1.1337858747342713;11.741065877053364,13.225358942033967,0.46373120111325383;0.2566576950879157,15.438502156368578,0.25017761057893567;11.535138329870394,12.517501080138413,0.3023805730750141;2.2442554789509175,13.944225925149922,0.4764987910136303;2.829071724616509,6.815252500373287,1.116842398565673;12.89348341244764,4.462689100248536,2.456780207842593;2.792309268830196,1.9482063215231027,1.5239511084219592;18.63000485495394,9.516374612050642,0.4862045394896714;4.312449040471382,9.900114663805454,0.8882562845551485;0.6794491868940552,9.23994368862653,0.2431473573377341;17.386995268777646,18.78353211061407,0.9920648701342627"
32,drone_1,11.774,10.061,7.806,5.403,"14.145079426228822,14.135285643003368,0.36465074522886504;2.440226870056917,4.933819650250329,1.1897814698375528;1.3066818871107722,17.589369001861286,0.9125121680327651;2.357678421611219,12.84984572684092,0.8379462386470249;16.982338471480936,14.4574540115461,0.7795617732176426;16.6561314066347,16.403439279548287,1.2836920917924646;5.398747996641409,15.000606954740654,0.2759122247568536;15.264278401717403,10.29919208231439,0.2316821241488554;10.911255852773824,12.32733772574333,0.7238978160411744;4.280084679595954,13.678702869526163,2.3024030597113416;17.479092617537404,11.080351461505307,1.1103263964905046;8.540140392127444,12.019562633396255,1.1337858747342713;11.741065877053364,13.225358942033967,0.46373120111325383;0.2566576950879157,15.438502156368578,0.25017761057893567;11.535138329870394,12.517501080138413,0.3023805730750141;2.2442554789509175,13.944225925149922,0.4764987910136303;2.829071724616509,6.815252500373287,1.116842398565673;12.89348341244764,4.462689100248536,2.456780207842593;2.792309268830196,1.9482063215231027,1.5239511084219592;18.63000485495394,9.516374612050642,0.4862045394896714;4.312449040471382,9.900114663805454,0.8882562845551485;0.6794491868940552,9.23994368862653,0.2431473573377341;17.386995268777646,18.78353211061407,0.9920648701342627"
32,drone_2,9.684,13.525,7.806,5.403,"14.145079426228822,14.135285643003368,0.36465074522886504;2.440226870056917,4.933819650250329,1.1897814698375528;1.3066818871107722,17.589369001861286,0.9125121680327651;2.357678421611219,12.84984572684092,0.8379462386470249;16.982338471480936,14.4574540115461,0.7795617732176426;16.6561314066347,16.403439279548287,1.2836920917924646;5.398747996641409,15.000606954740654,0.2759122247568536;15.264278401717403,10.29919208231439,0.2316821241488554;10.911255852773824,12.32733772574333,0.7238978160411744;4.280084679595954,13.678702869526163,2.3024030597113416;17.479092617537404,11.080351461505307,1.1103263964905046;8.540140392127444,12.019562633396255,1.1337858747342713;11.741065877053364,13.225358942033967,0.46373120111325383;0.2566576950879157,15.438502156368578,0.25017761057893567;11.535138329870394,12.517501080138413,0.3023805730750141;2.2442554789509175,13.944225925149922,0.4764987910136303;2.829071724616509,6.815252500373287,1.116842398565673;12.89348341244764,4.462689100248536,2.456780207842593;2.792309268830196,1.9482063215231027,1.5239511084219592;18.63000485495394,9.516374612050642,0.4862045394896714;4.312449040471382,9.900114663805454,0.8882562845551485;0.6794491868940552,9.23994368862653,0.2431473573377341;17.386995268777646,18.78353211061407,0.9920648701342627"
32,drone_3,12.756,9.146,7.806,5.403,"14.145079426228822,14.135285643003368,0.36465074522886504;2.440226870056917,4.933819650250329,1.1897814698375528;1.3066818871107722,17.589369001861286,0.9125121680327651;2.357678421611219,12.84984572684092,0.8379462386470249;16.982338471480936,14.4574540115461,0.7795617732176426;16.6561314066347,16.403439279548287,1.2836920917924646;5.398747996641409,15.000606954740654,0.2759122247568536;15.264278401717403,10.29919208231439,0.2316821241488554;10.911255852773824,12.32733772574333,0.7238978160411744;4.280084679595954,13.678702869526163,2.3024030597113416;17.479092617537404,11.080351461505307,1.1103263964905046;8.540140392127444,12.019562633396255,1.1337858747342713;11.741065877053364,13.225358942033967,0.46373120111325383;0.2566576950879157,15.438502156368578,0.25017761057893567;11.535138329870394,12.517501080138413,0.3023805730750141;2.2442554789509175,13.944225925149922,0.4764987910136303;2.829071724616509,6.815252500373287,1.116842398565673;12.89348341244764,4.462689100248536,2.456780207842593;2.792309268830196,1.9482063215231027,1.5239511084219592;18.63000485495394,9.516374612050642,0.4862045394896714;4.312449040471382,9.900114663805454,0.8882562845551485;0.6794491868940552,9.23994368862653,0.2431473573377341;17.386995268777646,18.78353211061407,0.9920648701342627"
32,drone_4,15.571,6.397,7.806,5.403,"14.145079426228822,14.135285643003368,0.36465074522886504;2.440226870056917,4.933819650250329,1.1897814698375528;1.3066818871107722,17.589369001861286,0.9125121680327651;2.357678421611219,12.84984572684092,0.8379462386470249;16.982338471480936,14.4574540115461,0.7795617732176426;16.6561314066347,16.403439279548287,1.2836920917924646;5.398747996641409,15.000606954740654,0.2759122247568536;15.264278401717403,10.29919208231439,0.2316821241488554;10.911255852773824,12.32733772574333,0.7238978160411744;4.280084679595954,13.678702869526163,2.3024030597113416;17.479092617537404,11.080351461505307,1.1103263964905046;8.540140392127444,12.019562633396255,1.1337858747342713;11.741065877053364,13.225358942033967,0.46373120111325383;0.2566576950879157,15.438502156368578,0.25017761057893567;11.535138329870394,12.517501080138413,0.3023805730750141;2.2442554789509175,13.944225925149922,0.4764987910136303;2.829071724616509,6.815252500373287,1.116842398565673;12.89348341244764,4.462689100248536,2.456780207842593;2.792309268830196,1.9482063215231027,1.5239511084219592;18.63000485495394,9.516374612050642,0.4862045394896714;4.312449040471382,9.900114663805454,0.8882562845551485;0.6794491868940552,9.23994368862653,0.2431473573377341;17.386995268777646,18.78353211061407,0.9920648701342627"
32,drone_7,12.052,11.180,7.806,5.403,"14.145079426228822,14.135285643003368,0.36465074522886504;2.440226870056917,4.933819650250329,1.1897814698375528;1.3066818871107722,17.589369001861286,0.9125121680327651;2.357678421611219,12.84984572684092,0.8379462386470249;16.982338471480936,14.4574540115461,0.7795617732176426;16.6561314066347,16.403439279548287,1.2836920917924646;5.398747996641409,15.000606954740654,0.2759122247568536;15.264278401717403,10.29919208231439,0.2316821241488554;10.911255852773824,12.32733772574333,0.7238978160411744;4.280084679595954,13.678702869526163,2.3024030597113416;17.479092617537404,11.080351461505307,1.1103263964905046;8.540140392127444,12.019562633396255,1.1337858747342713;11.741065877053364,13.225358942033967,0.46373120111325383;0.2566576950879157,15.438502156368578,0.25017761057893567;11.535138329870394,12.517501080138413,0.3023805730750141;2.2442554789509175,13.944225925149922,0.4764987910136303;2.829071724616509,6.815252500373287,1.116842398565673;12.89348341244764,4.462689100248536,2.456780207842593;2.792309268830196,1.9482063215231027,1.5239511084219592;18.63000485495394,9.516374612050642,0.4862045394896714;4.312449040471382,9.900114663805454,0.8882562845551485;0.6794491868940552,9.23994368862653,0.2431473573377341;17.386995268777646,18.78353211061407,0.9920648701342627"
32,drone_9,4.473,7.995,7.806,5.403,"14.145079426228822,14.135285643003368,0.36465074522886504;2.440226870056917,4.933819650250329,1.1897814698375528;1.3066818871107722,17.589369001861286,0.9125121680327651;2.357678421611219,12.84984572684092,0.8379462386470249;16.982338471480936,14.4574540115461,0.7795617732176426;16.6561314066347,16.403439279548287,1.2836920917924646;5.398747996641409,15.000606954740654,0.2759122247568536;15.264278401717403,10.29919208231439,0.2316821241488554;10.911255852773824,12.32733772574333,0.7238978160411744;4.280084679595954,13.678702869526163,2.3024030597113416;17.479092617537404,11.080351461505307,1.1103263964905046;8.540140392127444,12.019562633396255,1.1337858747342713;11.741065877053364,13.225358942033967,0.46373120111325383;0.2566576950879157,15.438502156368578,0.25017761057893567;11.535138329870394,12.517501080138413,0.3023805730750141;2.2442554789509175,13.944225925149922,0.4764987910136303;2.829071724616509,6.815252500373287,1.116842398565673;12.89348341244764,4.462689100248536,2.456780207842593;2.792309268830196,1.9482063215231027,1.5239511084219592;18.63000485495394,9.516374612050642,0.4862045394896714;4.312449040471382,9.900114663805454,0.8882562845551485;0.6794491868940552,9.23994368862653,0.2431473573377341;17.386995268777646,18.78353211061407,0.9920648701342627"
33,drone_0,3.164,8.848,7.806,5.403,"14.145079426228822,14.135285643003368,0.36465074522886504;2.440226870056917,4.933819650250329,1.1897814698375528;1.3066818871107722,17.589369001861286,0.9125121680327651;2.357678421611219,12.84984572684092,0.8379462386470249;16.982338471480936,14.4574540115461,0.7795617732176426;16.6561314066347,16.403439279548287,1.2836920917924646;5.398747996641409,15.000606954740654,0.2759122247568536;15.264278401717403,10.29919208231439,0.2316821241488554;10.911255852773824,12.32733772574333,0.7238978160411744;4.280084679595954,13.678702869526163,2.3024030597113416;17.479092617537404,11.080351461505307,1.1103263964905046;8.540140392127444,12.019562633396255,1.1337858747342713;11.741065877053364,13.225358942033967,0.46373120111325383;0.2566576950879157,15.438502156368578,0.25017761057893567;11.535138329870394,12.517501080138413,0.3023805730750141;2.2442554789509175,13.944225925149922,0.4764987910136303;2.829071724616509,6.815252500373287,1.116842398565673;12.89348341244764,4.462689100248536,2.456780207842593;2.792309268830196,1.9482063215231027,1.5239511084219592;18.63000485495394,9.516374612050642,0.4862045394896714;4.312449040471382,9.900114663805454,0.8882562845551485;0.6794491868940552,9.23994368862653,0.2431473573377341;17.386995268777646,18.78353211061407,0.9920648701342627"
33,drone_1,11.626,9.927,7.806,5.403,"14.145079426228822,14.135285643003368,0.36465074522886504;2.440226870056917,4.933819650250329,1.1897814698375528;1.3066818871107722,17.589369001861286,0.9125121680327651;2.357678421611219,12.84984572684092,0.8379462386470249;16.982338471480936,14.4574540115461,0.7795617732176426;16.6561314066347,16.403439279548287,1.2836920917924646;5.398747996641409,15.000606954740654,0.2759122247568536;15.264278401717403,10.29919208231439,0.2316821241488554;10.911255852773824,12.32733772574333,0.7238978160411744;4.280084679595954,13.678702869526163,2.3024030597113416;17.479092617537404,11.080351461505307,1.1103263964905046;8.540140392127444,12.019562633396255,1.1337858747342713;11.741065877053364,13.225358942033967,0.46373120111325383;0.2566576950879157,15.438502156368578,0.25017761057893567;11.535138329870394,12.517501080138413,0.3023805730750141;2.2442554789509175,13.944225925149922,0.4764987910136303;2.829071724616509,6.815252500373287,1.116842398565673;12.89348341244764,4.462689100248536,2.456780207842593;2.792309268830196,1.9482063215231027,1.5239511084219592;18.63000485495394,9.516374612050642,0.4862045394896714;4.312449040471382,9.900114663805454,0.8882562845551485;0.6794491868940552,9.23994368862653,0.2431473573377341;17.386995268777646,18.78353211061407,0.9920648701342627"
33,drone_2,9.628,13.585,7.806,5.403,"14.145079426228822,14.135285643003368,0.36465074522886504;2.440226870056917,4.933819650250329,1.1897814698375528;1.3066818871107722,17.589369001861286,0.9125121680327651;2.357678421611219,12.84984572684092,0.8379462386470249;16.982338471480936,14.4574540115461,0.7795617732176426;16.6561314066347,16.403439279548287,1.2836920917924646;5.398747996641409,15.000606954740654,0.2759122247568536;15.264278401717403,10.29919208231439,0.2316821241488554;10.911255852773824,12.32733772574333,0.7238978160411744;4.280084679595954,13.678702869526163,2.3024030597113416;17.479092617537404,11.080351461505307,1.1103263964905046;8.540140392127444,12.019562633396255,1.1337858747342713;11.741065877053364,13.225358942033967,0.46373120111325383;0.2566576950879157,15.438502156368578,0.25017761057893567;11.535138329870394,12.517501080138413,0.3023805730750141;2.2442554789509175,13.944225925149922,0.4764987910136303;2.829071724616509,6.815252500373287,1.116842398565673;12.89348341244764,4.462689100248536,2.456780207842593;2.792309268830196,1.9482063215231027,1.5239511084219592;18.63000485495394,9.516374612050642,0.4862045394896714;4.312449040471382,9.900114663805454,0.8882562845551485;0.6794491868940552,9.23994368862653,0.2431473573377341;17.386995268777646,18.78353211061407,0.9920648701342627"
33,drone_3,12.615,9.004,7.806,5.403,"14.145079426228822,14.135285643003368,0.36465074522886504;2.440226870056917,4.933819650250329,1.1897814698375528;1.3066818871107722,17.589369001861286,0.9125121680327651;2.357678421611219,12.84984572684092,0.8379462386470249;16.982338471480936,14.4574540115461,0.7795617732176426;16.6561314066347,16.403439279548287,1.2836920917924646;5.398747996641409,15.000606954740654,0.2759122247568536;15.264278401717403,10.29919208231439,0.2316821241488554;10.911255852773824,12.32733772574333,0.7238978160411744;4.280084679595954,13.678702869526163,2.3024030597113416;17.479092617537404,11.080351461505307,1.1103263964905046;8.540140392127444,12.019562633396255,1.1337858747342713;11.741065877053364,13.225358942033967,0.46373120111325383;0.2566576950879157,15.438502156368578,0.25017761057893567;11.535138329870394,12.517501080138413,0.3023805730750141;2.2442554789509175,13.944225925149922,0.4764987910136303;2.829071724616509,6.815252500373287,1.116842398565673;12.89348341244764,4.462689100248536,2.456780207842593;2.792309268830196,1.9482063215231027,1.5239511084219592;18.63000485495394,9.516374612050642,0.4862045394896714;4.312449040471382,9.900114663805454,0.8882562845551485;0.6794491868940552,9.23994368862653,0.2431473573377341;17.386995268777646,18.78353211061407,0.9920648701342627"
33,drone_4,15.431,6.540,7.806,5.403,"14.145079426228822,14.135285643003368,0.36465074522886504;2.440226870056917,4.933819650250329,1.1897814698375528;1.3066818871107722,17.589369001861286,0.9125121680327651;2.357678421611219,12.84984572684092,0.8379462386470249;16.982338471480936,14.4574540115461,0.7795617732176426;16.6561314066347,16.403439279548287,1.2836920917924646;5.398747996641409,15.000606954740654,0.2759122247568536;15.264278401717403,10.29919208231439,0.2316821241488554;10.911255852773824,12.32733772574333,0.7238978160411744;4.280084679595954,13.678702869526163,2.3024030597113416;17.479092617537404,11.080351461505307,1.1103263964905046;8.540140392127444,12.019562633396255,1.1337858747342713;11.741065877053364,13.225358942033967,0.46373120111325383;0.2566576950879157,15.438502156368578,0.25017761057893567;11.535138329870394,12.517501080138413,0.3023805730750141;2.2442554789509175,13.944225925149922,0.4764987910136303;2.829071724616509,6.815252500373287,1.116842398565673;12.89348341244764,4.462689100248536,2.456780207842593;2.792309268830196,1.9482063215231027,1.5239511084219592;18.63000485495394,9.516374612050642,0.4862045394896714;4.312449040471382,9.900114663805454,0.8882562845551485;0.6794491868940552,9.23994368862653,0.2431473573377341;17.386995268777646,18.78353211061407,0.9920648701342627"
33,drone_7,11.926,11.025,7.806,5.403,"14.145079426228822,14.135285643003368,0.36465074522886504;2.440226870056917,4.933819650250329,1.1897814698375528;1.3066818871107722,17.589369001861286,0.9125121680327651;2.357678421611219,12.84984572684092,0.8379462386470249;16.982338471480936,14.4574540115461,0.7795617732176426;16.6561314066347,16.403439279548287,1.2836920917924646;5.398747996641409,15.000606954740654,0.2759122247568536;15.264278401717403,10.29919208231439,0.2316821241488554;10.911255852773824,12.32733772574333,0.7238978160411744;4.280084679595954,13.678702869526163,2.3024030597113416;17.479092617537404,11.080351461505307,1.1103263964905046;8.540140392127444,12.019562633396255,1.1337858747342713;11.741065877053364,13.225358942033967,0.46373120111325383;0.2566576950879157,15.438502156368578,0.25017761057893567;11.535138329870394,12.517501080138413,0.3023805730750141;2.2442554789509175,13.944225925149922,0.4764987910136303;2.829071724616509,6.815252500373287,1.116842398565673;12.89348341244764,4.462689100248536,2.456780207842593;2.792309268830196,1.9482063215231027,1.5239511084219592;18.63000485495394,9.516374612050642,0.4862045394896714;4.312449040471382,9.900114663805454,0.8882562845551485;0.6794491868940552,9.23994368862653,0.2431473573377341;17.386995268777646,18.78353211061407,0.9920648701342627"
33,drone_9,4.634,7.877,7.806,5.403,"14.145079426228822,14.135285643003368,0.36465074522886504;2.440226870056917,4.933819650250329,1.1897814698375528;1.3066818871107722,17.589369001861286,0.9125121680327651;2.357678421611219,12.84984572684092,0.8379462386470249;16.982338471480936,14.4574540115461,0.7795617732176426;16.6561314066347,16.403439279548287,1.2836920917924646;5.398747996641409,15.000606954740654,0.2759122247568536;15.264278401717403,10.29919208231439,0.2316821241488554;10.911255852773824,12.32733772574333,0.7238978160411744;4.280084679595954,13.678702869526163,2.3024030597113416;17.479092617537404,11.080351461505307,1.1103263964905046;8.540140392127444,12.019562633396255,1.1337858747342713;11.741065877053364,13.225358942033967,0.46373120111325383;0.2566576950879157,15.438502156368578,0.25017761057893567;11.535138329870394,12.517501080138413,0.3023805730750141;2.2442554789509175,13.944225925149922,0.4764987910136303;2.829071724616509,6.815252500373287,1.116842398565673;12.89348341244764,4.462689100248536,2.456780207842593;2.792309268830196,1.9482063215231027,1.5239511084219592;18.63000485495394,9.516374612050642,0.4862045394896714;4.312449040471382,9.900114663805454,0.8882562845551485;0.6794491868940552,9.23994368862653,0.2431473573377341;17.386995268777646,18.78353211061407,0.9920648701342627"
34,drone_0,3.331,8.738,7.806,5.403,"14.145079426228822,14.135285643003368,0.36465074522886504;2.440226870056917,4.933819650250329,1.1897814698375528;1.3066818871107722,17.589369001861286,0.9125121680327651;2.357678421611219,12.84984572684092,0.8379462386470249;16.982338471480936,14.4574540115461,0.7795617732176426;16.6561314066347,16.403439279548287,1.2836920917924646;5.398747996641409,15.000606954740654,0.2759122247568536;15.264278401717403,10.29919208231439,0.2316821241488554;10.911255852773824,12.32733772574333,0.7238978160411744;4.280084679595954,13.678702869526163,2.3024030597113416;17.479092617537404,11.080351461505307,1.1103263964905046;8.540140392127444,12.019562633396255,1.1337858747342713;11.741065877053364,13.225358942033967,0.46373120111325383;0.2566576950879157,15.438502156368578,0.25017761057893567;11.535138329870394,12.517501080138413,0.3023805730750141;2.2442554789509175,13.944225925149922,0.4764987910136303;2.829071724616509,6.815252500373287,1.116842398565673;12.89348341244764,4.462689100248536,2.456780207842593;2.792309268830196,1.9482063215231027,1.5239511084219592;18.63000485495394,9.516374612050642,0.4862045394896714;4.312449040471382,9.900114663805454,0.8882562845551485;0.6794491868940552,9.23994368862653,0.2431473573377341;17.386995268777646,18.78353211061407,0.9920648701342627"
34,drone_1,11.477,9.794,7.806,5.403,"14.145079426228822,14.135285643003368,0.36465074522886504;2.440226870056917,4.933819650250329,1.1897814698375528;1.3066818871107722,17.589369001861286,0.9125121680327651;2.357678421611219,12.84984572684092,0.8379462386470249;16.982338471480936,14.4574540115461,0.7795617732176426;16.6561314066347,16.403439279548287,1.2836920917924646;5.398747996641409,15.000606954740654,0.2759122247568536;15.264278401717403,10.29919208231439,0.2316821241488554;10.911255852773824,12.32733772574333,0.7238978160411744;4.280084679595954,13.678702869526163,2.3024030597113416;17.479092617537404,11.080351461505307,1.1103263964905046;8.540140392127444,12.019562633396255,1.1337858747342713;11.741065877053364,13.225358942033967,0.46373120111325383;0.2566576950879157,15.438502156368578,0.25017761057893567;11.535138329870394,12.517501080138413,0.3023805730750141;2.2442554789509175,13.944225925149922,0.4764987910136303;2.829071724616509,6.815252500373287,1.116842398565673;12.89348341244764,4.462689100248536,2.456780207842593;2.792309268830196,1.9482063215231027,1.5239511084219592;18.63000485495394,9.516374612050642,0.4862045394896714;4.312449040471382,9.900114663805454,0.8882562845551485;0.6794491868940552,9.23994368862653,0.2431473573377341;17.386995268777646,18.78353211061407,0.9920648701342627"
34,drone_2,9.539,13.606,7.806,5.403,"14.145079426228822,14.135285643003368,0.36465074522886504;2.440226870056917,4.933819650250329,1.1897814698375528;1.3066818871107722,17.589369001861286,0.9125121680327651;2.357678421611219,12.84984572684092,0.8379462386470249;16.982338471480936,14.4574540115461,0.7795617732176426;16.6561314066347,16.403439279548287,1.2836920917924646;5.398747996641409,15.000606954740654,0.2759122247568536;15.264278401717403,10.29919208231439,0.2316821241488554;10.911255852773824,12.32733772574333,0.7238978160411744;4.280084679595954,13.678702869526163,2.3024030597113416;17.479092617537404,11.080351461505307,1.1103263964905046;8.540140392127444,12.019562633396255,1.1337858747342713;11.741065877053364,13.225358942033967,0.46373120111325383;0.2566576950879157,15.438502156368578,0.25017761057893567;11.535138329870394,12.517501080138413,0.3023805730750141;2.2442554789509175,13.944225925149922,0.4764987910136303;2.829071724616509,6.815252500373287,1.116842398565673;12.89348341244764,4.462689100248536,2.456780207842593;2.792309268830196,1.9482063215231027,1.5239511084219592;18.63000485495394,9.516374612050642,0.4862045394896714;4.312449040471382,9.900114663805454,0.8882562845551485;0.6794491868940552,9.23994368862653,0.2431473573377341;17.386995268777646,18.78353211061407,0.9920648701342627"
34,drone_3,12.474,8.863,7.806,5.403,"14.145079426228822,14.135285643003368,0.36465074522886504;2.440226870056917,4.933819650250329,1.1897814698375528;1.3066818871107722,17.589369001861286,0.9125121680327651;2.357678421611219,12.84984572684092,0.8379462386470249;16.982338471480936,14.4574540115461,0.7795617732176426;16.6561314066347,16.403439279548287,1.2836920917924646;5.398747996641409,15.000606954740654,0.2759122247568536;15.264278401717403,10.29919208231439,0.2316821241488554;10.911255852773824,12.32733772574333,0.7238978160411744;4.280084679595954,13.678702869526163,2.3024030597113416;17.479092617537404,11.080351461505307,1.1103263964905046;8.540140392127444,12.019562633396255,1.1337858747342713;11.741065877053364,13.225358942033967,0.46373120111325383;0.2566576950879157,15.438502156368578,0.25017761057893567;11.535138329870394,12.517501080138413,0.3023805730750141;2.2442554789509175,13.944225925149922,0.4764987910136303;2.829071724616509,6.815252500373287,1.116842398565673;12.89348341244764,4.462689100248536,2.456780207842593;2.792309268830196,1.9482063215231027,1.5239511084219592;18.63000485495394,9.516374612050642,0.4862045394896714;4.312449040471382,9.900114663805454,0.8882562845551485;0.6794491868940552,9.23994368862653,0.2431473573377341;17.386995268777646,18.78353211061407,0.9920648701342627"
34,drone_4,15.290,6.682,7.806,5.403,"14.145079426228822,14.135285643003368,0.36465074522886504;2.440226870056917,4.933819650250329,1.1897814698375528;1.3066818871107722,17.589369001861286,0.9125121680327651;2.357678421611219,12.84984572684092,0.8379462386470249;16.982338471480936,14.4574540115461,0.7795617732176426;16.6561314066347,16.403439279548287,1.2836920917924646;5.398747996641409,15.000606954740654,0.2759122247568536;15.264278401717403,10.29919208231439,0.2316821241488554;10.911255852773824,12.32733772574333,0.7238978160411744;4.280084679595954,13.678702869526163,2.3024030597113416;17.479092617537404,11.080351461505307,1.1103263964905046;8.540140392127444,12.019562633396255,1.1337858747342713;11.741065877053364,13.225358942033967,0.46373120111325383;0.2566576950879157,15.438502156368578,0.25017761057893567;11.535138329870394,12.517501080138413,0.3023805730750141;2.2442554789509175,13.944225925149922,0.4764987910136303;2.829071724616509,6.815252500373287,1.116842398565673;12.89348341244764,4.462689100248536,2.456780207842593;2.792309268830196,1.9482063215231027,1.5239511084219592;18.63000485495394,9.516374612050642,0.4862045394896714;4.312449040471382,9.900114663805454,0.8882562845551485;0.6794491868940552,9.23994368862653,0.2431473573377341;17.386995268777646,18.78353211061407,0.9920648701342627"
34,drone_7,11.793,10.875,7.806,5.403,"14.145079426228822,14.135285643003368,0.36465074522886504;2.440226870056917,4.933819650250329,1.1897814698375528;1.3066818871107722,17.589369001861286,0.9125121680327651;2.357678421611219,12.84984572684092,0.8379462386470249;16.982338471480936,14.4574540115461,0.7795617732176426;16.6561314066347,16.403439279548287,1.2836920917924646;5.398747996641409,15.000606954740654,0.2759122247568536;15.264278401717403,10.29919208231439,0.2316821241488554;10.911255852773824,12.32733772574333,0.7238978160411744;4.280084679595954,13.678702869526163,2.3024030597113416;17.479092617537404,11.080351461505307,1.1103263964905046;8.540140392127444,12.019562633396255,1.1337858747342713;11.741065877053364,13.225358942033967,0.46373120111325383;0.2566576950879157,15.438502156368578,0.25017761057893567;11.535138329870394,12.517501080138413,0.3023805730750141;2.2442554789509175,13.944225925149922,0.4764987910136303;2.829071724616509,6.815252500373287,1.116842398565673;12.89348341244764,4.462689100248536,2.456780207842593;2.792309268830196,1.9482063215231027,1.5239511084219592;18.63000485495394,9.516374612050642,0.4862045394896714;4.312449040471382,9.900114663805454,0.8882562845551485;0.6794491868940552,9.23994368862653,0.2431473573377341;17.386995268777646,18.78353211061407,0.9920648701342627"
34,drone_9,4.788,7.749,7.806,5.403,"14.145079426228822,14.135285643003368,0.36465074522886504;2.440226870056917,4.933819650250329,1.1897814698375528;1.3066818871107722,17.589369001861286,0.9125121680327651;2.357678421611219,12.84984572684092,0.8379462386470249;16.982338471480936,14.4574540115461,0.7795617732176426;16.6561314066347,16.403439279548287,1.2836920917924646;5.398747996641409,15.000606954740654,0.2759122247568536;15.264278401717403,10.29919208231439,0.2316821241488554;10.911255852773824,12.32733772574333,0.7238978160411744;4.280084679595954,13.678702869526163,2.3024030597113416;17.479092617537404,11.080351461505307,1.1103263964905046;8.540140392127444,12.019562633396255,1.1337858747342713;11.741065877053364,13.225358942033967,0.46373120111325383;0.2566576950879157,15.438502156368578,0.25017761057893567;11.535138329870394,12.517501080138413,0.3023805730750141;2.2442554789509175,13.944225925149922,0.4764987910136303;2.829071724616509,6.815252500373287,1.116842398565673;12.89348341244764,4.462689100248536,2.456780207842593;2.792309268830196,1.9482063215231027,1.5239511084219592;18.63000485495394,9.516374612050642,0.4862045394896714;4.312449040471382,9.900114663805454,0.8882562845551485;0.6794491868940552,9.23994368862653,0.2431473573377341;17.386995268777646,18.78353211061407,0.9920648701342627"
35,drone_0,3.488,8.614,7.806,5.403,"14.145079426228822,14.135285643003368,0.36465074522886504;2.440226870056917,4.933819650250329,1.1897814698375528;1.3066818871107722,17.589369001861286,0.9125121680327651;2.357678421611219,12.84984572684092,0.8379462386470249;16.982338471480936,14.4574540115461,0.7795617732176426;16.6561314066347,16.403439279548287,1.2836920917924646;5.398747996641409,15.000606954740654,0.2759122247568536;15.264278401717403,10.29919208231439,0.2316821241488554;10.911255852773824,12.32733772574333,0.7238978160411744;4.280084679595954,13.678702869526163,2.3024030597113416;17.479092617537404,11.080351461505307,1.1103263964905046;8.540140392127444,12.019562633396255,1.1337858747342713;11.741065877053364,13.225358942033967,0.46373120111325383;0.2566576950879157,15.438502156368578,0.25017761057893567;11.535138329870394,12.517501080138413,0.3023805730750141;2.2442554789509175,13.944225925149922,0.4764987910136303;2.829071724616509,6.815252500373287,1.116842398565673;12.89348341244764,4.462689100248536,2.456780207842593;2.792309268830196,1.9482063215231027,1.5239511084219592;18.63000485495394,9.516374612050642,0.4862045394896714;4.312449040471382,9.900114663805454,0.8882562845551485;0.6794491868940552,9.23994368862653,0.2431473573377341;17.386995268777646,18.78353211061407,0.9920648701342627"
35,drone_1,11.329,9.660,7.806,5.403,"14.145079426228822,14.135285643003368,0.36465074522886504;2.440226870056917,4.933819650250329,1.1897814698375528;1.3066818871107722,17.589369001861286,0.9125121680327651;2.357678421611219,12.84984572684092,0.8379462386470249;16.982338471480936,14.4574540115461,0.7795617732176426;16.6561314066347,16.403439279548287,1.2836920917924646;5.398747996641409,15.000606954740654,0.2759122247568536;15.264278401717403,10.29919208231439,0.2316821241488554;10.911255852773824,12.32733772574333,0.7238978160411744;4.280084679595954,13.678702869526163,2.3024030597113416;17.479092617537404,11.080351461505307,1.1103263964905046;8.540140392127444,12.019562633396255,1.1337858747342713;11.741065877053364,13.225358942033967,0.46373120111325383;0.2566576950879157,15.438502156368578,0.25017761057893567;11.535138329870394,12.517501080138413,0.3023805730750141;2.2442554789509175,13.944225925149922,0.4764987910136303;2.829071724616509,6.815252500373287,1.116842398565673;12.89348341244764,4.462689100248536,2.456780207842593;2.792309268830196,1.9482063215231027,1.5239511084219592;18.63000485495394,9.516374612050642,0.4862045394896714;4.312449040471382,9.900114663805454,0.8882562845551485;0.6794491868940552,9.23994368862653,0.2431473573377341;17.386995268777646,18.78353211061407,0.9920648701342627"
35,drone_2,9.469,13.623,7.806,5.403,"14.145079426228822,14.135285643003368,0.36465074522886504;2.440226870056917,4.933819650250329,1.1897814698375528;1.3066818871107722,17.589369001861286,0.9125121680327651;2.357678421611219,12.84984572684092,0.8379462386470249;16.982338471480936,14.4574540115461,0.7795617732176426;16.6561314066347,16.403439279548287,1.2836920917924646;5.398747996641409,15.000606954740654,0.2759122247568536;15.264278401717403,10.29919208231439,0.2316821241488554;10.911255852773824,12.32733772574333,0.7238978160411744;4.280084679595954,13.678702869526163,2.3024030597113416;17.479092617537404,11.080351461505307,1.1103263964905046;8.540140392127444,12.019562633396255,1.1337858747342713;11.741065877053364,13.225358942033967,0.46373120111325383;0.2566576950879157,15.438502156368578,0.25017761057893567;11.535138329870394,12.517501080138413,0.3023805730750141;2.2442554789509175,13.944225925149922,0.4764987910136303;2.829071724616509,6.815252500373287,1.116842398565673;12.89348341244764,4.462689100248536,2.456780207842593;2.792309268830196,1.9482063215231027,1.5239511084219592;18.63000485495394,9.516374612050642,0.4862045394896714;4.312449040471382,9.900114663805454,0.8882562845551485;0.6794491868940552,9.23994368862653,0.2431473573377341;17.386995268777646,18.78353211061407,0.9920648701342627"
35,drone_3,12.332,8.721,7.806,5.403,"14.145079426228822,14.135285643003368,0.36465074522886504;2.440226870056917,4.933819650250329,1.1897814698375528;1.3066818871107722,17.589369001861286,0.9125121680327651;2.357678421611219,12.84984572684092,0.8379462386470249;16.982338471480936,14.4574540115461,0.7795617732176426;16.6561314066347,16.403439279548287,1.2836920917924646;5.398747996641409,15.000606954740654,0.2759122247568536;15.264278401717403,10.29919208231439,0.2316821241488554;10.911255852773824,12.32733772574333,0.7238978160411744;4.280084679595954,13.678702869526163,2.3024030597113416;17.479092617537404,11.080351461505307,1.1103263964905046;8.540140392127444,12.019562633396255,1.1337858747342713;11.741065877053364,13.225358942033967,0.46373120111325383;0.2566576950879157,15.438502156368578,0.25017761057893567;11.535138329870394,12.517501080138413,0.3023805730750141;2.2442554789509175,13.944225925149922,0.4764987910136303;2.829071724616509,6.815252500373287,1.116842398565673;12.89348341244764,4.462689100248536,2.456780207842593;2.792309268830196,1.9482063215231027,1.5239511084219592;18.63000485495394,9.516374612050642,0.4862045394896714;4.312449040471382,9.900114663805454,0.8882562845551485;0.6794491868940552,9.23994368862653,0.2431473573377341;17.386995268777646,18.78353211061407,0.9920648701342627"
35,drone_4,15.149,6.824,7.806,5.403,"14.145079426228822,14.135285643003368,0.36465074522886504;2.440226870056917,4.933819650250329,1.1897814698375528;1.3066818871107722,17.589369001861286,0.9125121680327651;2.357678421611219,12.84984572684092,0.8379462386470249;16.982338471480936,14.4574540115461,0.7795617732176426;16.6561314066347,16.403439279548287,1.2836920917924646;5.398747996641409,15.000606954740654,0.2759122247568536;15.264278401717403,10.29919208231439,0.2316821241488554;10.911255852773824,12.32733772574333,0.7238978160411744;4.280084679595954,13.678702869526163,2.3024030597113416;17.479092617537404,11.080351461505307,1.1103263964905046;8.540140392127444,12.019562633396255,1.1337858747342713;11.741065877053364,13.225358942033967,0.46373120111325383;0.2566576950879157,15.438502156368578,0.25017761057893567;11.535138329870394,12.517501080138413,0.3023805730750141;2.2442554789509175,13.944225925149922,0.4764987910136303;2.829071724616509,6.815252500373287,1.116842398565673;12.89348341244764,4.462689100248536,2.456780207842593;2.792309268830196,1.9482063215231027,1.5239511084219592;18.63000485495394,9.516374612050642,0.4862045394896714;4.312449040471382,9.900114663805454,0.8882562845551485;0.6794491868940552,9.23994368862653,0.2431473573377341;17.386995268777646,18.78353211061407,0.9920648701342627"
35,drone_7,11.657,10.729,7.806,5.403,"14.145079426228822,14.135285643003368,0.36465074522886504;2.440226870056917,4.933819650250329,1.1897814698375528;1.3066818871107722,17.589369001861286,0.9125121680327651;2.357678421611219,12.84984572684092,0.8379462386470249;16.982338471480936,14.4574540115461,0.7795617732176426;16.6561314066347,16.403439279548287,1.2836920917924646;5.398747996641409,15.000606954740654,0.2759122247568536;15.264278401717403,10.29919208231439,0.2316821241488554;10.911255852773824,12.32733772574333,0.7238978160411744;4.280084679595954,13.678702869526163,2.3024030597113416;17.479092617537404,11.080351461505307,1.1103263964905046;8.540140392127444,12.019562633396255,1.1337858747342713;11.741065877053364,13.225358942033967,0.46373120111325383;0.2566576950879157,15.438502156368578,0.25017761057893567;11.535138329870394,12.517501080138413,0.3023805730750141;2.2442554789509175,13.944225925149922,0.4764987910136303;2.829071724616509,6.815252500373287,1.116842398565673;12.89348341244764,4.462689100248536,2.456780207842593;2.792309268830196,1.9482063215231027,1.5239511084219592;18.63000485495394,9.516374612050642,0.4862045394896714;4.312449040471382,9.900114663805454,0.8882562845551485;0.6794491868940552,9.23994368862653,0.2431473573377341;17.386995268777646,18.78353211061407,0.9920648701342627"
35,drone_9,4.936,7.615,7.806,5.403,"14.145079426228822,14.135285643003368,0.36465074522886504;2.440226870056917,4.933819650250329,1.1897814698375528;1.3066818871107722,17.589369001861286,0.9125121680327651;2.357678421611219,12.84984572684092,0.8379462386470249;16.982338471480936,14.4574540115461,0.7795617732176426;16.6561314066347,16.403439279548287,1.2836920917924646;5.398747996641409,15.000606954740654,0.2759122247568536;15.264278401717403,10.29919208231439,0.2316821241488554;10.911255852773824,12.32733772574333,0.7238978160411744;4.280084679595954,13.678702869526163,2.3024030597113416;17.479092617537404,11.080351461505307,1.1103263964905046;8.540140392127444,12.019562633396255,1.1337858747342713;11.741065877053364,13.225358942033967,0.46373120111325383;0.2566576950879157,15.438502156368578,0.25017761057893567;11.535138329870394,12.517501080138413,0.3023805730750141;2.2442554789509175,13.944225925149922,0.4764987910136303;2.829071724616509,6.815252500373287,1.116842398565673;12.89348341244764,4.462689100248536,2.456780207842593;2.792309268830196,1.9482063215231027,1.5239511084219592;18.63000485495394,9.516374612050642,0.4862045394896714;4.312449040471382,9.900114663805454,0.8882562845551485;0.6794491868940552,9.23994368862653,0.2431473573377341;17.386995268777646,18.78353211061407,0.9920648701342627"
36,drone_0,3.649,8.496,7.806,5.403,"14.145079426228822,14.135285643003368,0.36465074522886504;2.440226870056917,4.933819650250329,1.1897814698375528;1.3066818871107722,17.589369001861286,0.9125121680327651;2.357678421611219,12.84984572684092,0.8379462386470249;16.982338471480936,14.4574540115461,0.7795617732176426;16.6561314066347,16.403439279548287,1.2836920917924646;5.398747996641409,15.000606954740654,0.2759122247568536;15.264278401717403,10.29919208231439,0.2316821241488554;10.911255852773824,12.32733772574333,0.7238978160411744;4.280084679595954,13.678702869526163,2.3024030597113416;17.479092617537404,11.080351461505307,1.1103263964905046;8.540140392127444,12.019562633396255,1.1337858747342713;11.741065877053364,13.225358942033967,0.46373120111325383;0.2566576950879157,15.438502156368578,0.25017761057893567;11.535138329870394,12.517501080138413,0.3023805730750141;2.2442554789509175,13.944225925149922,0.4764987910136303;2.829071724616509,6.815252500373287,1.116842398565673;12.89348341244764,4.462689100248536,2.456780207842593;2.792309268830196,1.9482063215231027,1.5239511084219592;18.63000485495394,9.516374612050642,0.4862045394896714;4.312449040471382,9.900114663805454,0.8882562845551485;0.6794491868940552,9.23994368862653,0.2431473573377341;17.386995268777646,18.78353211061407,0.9920648701342627"
36,drone_1,11.178,9.528,7.806,5.403,"14.145079426228822,14.135285643003368,0.36465074522886504;2.440226870056917,4.933819650250329,1.1897814698375528;1.3066818871107722,17.589369001861286,0.9125121680327651;2.357678421611219,12.84984572684092,0.8379462386470249;16.982338471480936,14.4574540115461,0.7795617732176426;16.6561314066347,16.403439279548287,1.2836920917924646;5.398747996641409,15.000606954740654,0.2759122247568536;15.264278401717403,10.29919208231439,0.2316821241488554;10.911255852773824,12.32733772574333,0.7238978160411744;4.280084679595954,13.678702869526163,2.3024030597113416;17.479092617537404,11.080351461505307,1.1103263964905046;8.540140392127444,12.019562633396255,1.1337858747342713;11.741065877053364,13.225358942033967,0.46373120111325383;0.2566576950879157,15.438502156368578,0.25017761057893567;11.535138329870394,12.517501080138413,0.3023805730750141;2.2442554789509175,13.944225925149922,0.4764987910136303;2.829071724616509,6.815252500373287,1.116842398565673;12.89348341244764,4.462689100248536,2.456780207842593;2.792309268830196,1.9482063215231027,1.5239511084219592;18.63000485495394,9.516374612050642,0.4862045394896714;4.312449040471382,9.900114663805454,0.8882562845551485;0.6794491868940552,9.23994368862653,0.2431473573377341;17.386995268777646,18.78353211061407,0.9920648701342627"
36,drone_2,9.408,13.647,7.806,5.403,"14.145079426228822,14.135285643003368,0.36465074522886504;2.440226870056917,4.933819650250329,1.1897814698375528;1.3066818871107722,17.589369001861286,0.9125121680327651;2.357678421611219,12.84984572684092,0.8379462386470249;16.982338471480936,14.4574540115461,0.7795617732176426;16.6561314066347,16.403439279548287,1.2836920917924646;5.398747996641409,15.000606954740654,0.2759122247568536;15.264278401717403,10.29919208231439,0.2316821241488554;10.911255852773824,12.32733772574333,0.7238978160411744;4.280084679595954,13.678702869526163,2.3024030597113416;17.479092617537404,11.080351461505307,1.1103263964905046;8.540140392127444,12.019562633396255,1.1337858747342713;11.741065877053364,13.225358942033967,0.46373120111325383;0.2566576950879157,15.438502156368578,0.25017761057893567;11.535138329870394,12.517501080138413,0.3023805730750141;2.2442554789509175,13.944225925149922,0.4764987910136303;2.829071724616509,6.815252500373287,1.116842398565673;12.89348341244764,4.462689100248536,2.456780207842593;2.792309268830196,1.9482063215231027,1.5239511084219592;18.63000485495394,9.516374612050642,0.4862045394896714;4.312449040471382,9.900114663805454,0.8882562845551485;0.6794491868940552,9.23994368862653,0.2431473573377341;17.386995268777646,18.78353211061407,0.9920648701342627"
36,drone_3,12.189,8.581,7.806,5.403,"14.145079426228822,14.135285643003368,0.36465074522886504;2.440226870056917,4.933819650250329,1.1897814698375528;1.3066818871107722,17.589369001861286,0.9125121680327651;2.357678421611219,12.84984572684092,0.8379462386470249;16.982338471480936,14.4574540115461,0.7795617732176426;16.6561314066347,16.403439279548287,1.2836920917924646;5.398747996641409,15.000606954740654,0.2759122247568536;15.264278401717403,10.29919208231439,0.2316821241488554;10.911255852773824,12.32733772574333,0.7238978160411744;4.280084679595954,13.678702869526163,2.3024030597113416;17.479092617537404,11.080351461505307,1.1103263964905046;8.540140392127444,12.019562633396255,1.1337858747342713;11.741065877053364,13.225358942033967,0.46373120111325383;0.2566576950879157,15.438502156368578,0.25017761057893567;11.535138329870394,12.517501080138413,0.3023805730750141;2.2442554789509175,13.944225925149922,0.4764987910136303;2.829071724616509,6.815252500373287,1.116842398565673;12.89348341244764,4.462689100248536,2.456780207842593;2.792309268830196,1.9482063215231027,1.5239511084219592;18.63000485495394,9.516374612050642,0.4862045394896714;4.312449040471382,9.900114663805454,0.8882562845551485;0.6794491868940552,9.23994368862653,0.2431473573377341;17.386995268777646,18.78353211061407,0.9920648701342627"
36,drone_4,15.008,6.966,7.806,5.403,"14.145079426228822,14.135285643003368,0.36465074522886504;2.440226870056917,4.933819650250329,1.1897814698375528;1.3066818871107722,17.589369001861286,0.9125121680327651;2.357678421611219,12.84984572684092,0.8379462386470249;16.982338471480936,14.4574540115461,0.7795617732176426;16.6561314066347,16.403439279548287,1.2836920917924646;5.398747996641409,15.000606954740654,0.2759122247568536;15.264278401717403,10.29919208231439,0.2316821241488554;10.911255852773824,12.32733772574333,0.7238978160411744;4.280084679595954,13.678702869526163,2.3024030597113416;17.479092617537404,11.080351461505307,1.1103263964905046;8.540140392127444,12.019562633396255,1.1337858747342713;11.741065877053364,13.225358942033967,0.46373120111325383;0.2566576950879157,15.438502156368578,0.25017761057893567;11.535138329870394,12.517501080138413,0.3023805730750141;2.2442554789509175,13.944225925149922,0.4764987910136303;2.829071724616509,6.815252500373287,1.116842398565673;12.89348341244764,4.462689100248536,2.456780207842593;2.792309268830196,1.9482063215231027,1.5239511084219592;18.63000485495394,9.516374612050642,0.4862045394896714;4.312449040471382,9.900114663805454,0.8882562845551485;0.6794491868940552,9.23994368862653,0.2431473573377341;17.386995268777646,18.78353211061407,0.9920648701342627"
36,drone_7,11.518,10.585,7.806,5.403,"14.145079426228822,14.135285643003368,0.36465074522886504;2.440226870056917,4.933819650250329,1.1897814698375528;1.3066818871107722,17.589369001861286,0.9125121680327651;2.357678421611219,12.84984572684092,0.8379462386470249;16.982338471480936,14.4574540115461,0.7795617732176426;16.6561314066347,16.403439279548287,1.2836920917924646;5.398747996641409,15.000606954740654,0.2759122247568536;15.264278401717403,10.29919208231439,0.2316821241488554;10.911255852773824,12.32733772574333,0.7238978160411744;4.280084679595954,13.678702869526163,2.3024030597113416;17.479092617537404,11.080351461505307,1.1103263964905046;8.540140392127444,12.019562633396255,1.1337858747342713;11.741065877053364,13.225358942033967,0.46373120111325383;0.2566576950879157,15.438502156368578,0.25017761057893567;11.535138329870394,12.517501080138413,0.3023805730750141;2.2442554789509175,13.944225925149922,0.4764987910136303;2.829071724616509,6.815252500373287,1.116842398565673;12.89348341244764,4.462689100248536,2.456780207842593;2.792309268830196,1.9482063215231027,1.5239511084219592;18.63000485495394,9.516374612050642,0.4862045394896714;4.312449040471382,9.900114663805454,0.8882562845551485;0.6794491868940552,9.23994368862653,0.2431473573377341;17.386995268777646,18.78353211061407,0.9920648701342627"
36,drone_9,5.082,7.478,7.806,5.403,"14.145079426228822,14.135285643003368,0.36465074522886504;2.440226870056917,4.933819650250329,1.1897814698375528;1.3066818871107722,17.589369001861286,0.9125121680327651;2.357678421611219,12.84984572684092,0.8379462386470249;16.982338471480936,14.4574540115461,0.7795617732176426;16.6561314066347,16.403439279548287,1.2836920917924646;5.398747996641409,15.000606954740654,0.2759122247568536;15.264278401717403,10.29919208231439,0.2316821241488554;10.911255852773824,12.32733772574333,0.7238978160411744;4.280084679595954,13.678702869526163,2.3024030597113416;17.479092617537404,11.080351461505307,1.1103263964905046;8.540140392127444,12.019562633396255,1.1337858747342713;11.741065877053364,13.225358942033967,0.46373120111325383;0.2566576950879157,15.438502156368578,0.25017761057893567;11.535138329870394,12.517501080138413,0.3023805730750141;2.2442554789509175,13.944225925149922,0.4764987910136303;2.829071724616509,6.815252500373287,1.116842398565673;12.89348341244764,4.462689100248536,2.456780207842593;2.792309268830196,1.9482063215231027,1.5239511084219592;18.63000485495394,9.516374612050642,0.4862045394896714;4.312449040471382,9.900114663805454,0.8882562845551485;0.6794491868940552,9.23994368862653,0.2431473573377341;17.386995268777646,18.78353211061407,0.9920648701342627"
37,drone_0,3.803,8.367,7.806,5.403,"14.145079426228822,14.135285643003368,0.36465074522886504;2.440226870056917,4.933819650250329,1.1897814698375528;1.3066818871107722,17.589369001861286,0.9125121680327651;2.357678421611219,12.84984572684092,0.8379462386470249;16.982338471480936,14.4574540115461,0.7795617732176426;16.6561314066347,16.403439279548287,1.2836920917924646;5.398747996641409,15.000606954740654,0.2759122247568536;15.264278401717403,10.29919208231439,0.2316821241488554;10.911255852773824,12.32733772574333,0.7238978160411744;4.280084679595954,13.678702869526163,2.3024030597113416;17.479092617537404,11.080351461505307,1.1103263964905046;8.540140392127444,12.019562633396255,1.1337858747342713;11.741065877053364,13.225358942033967,0.46373120111325383;0.2566576950879157,15.438502156368578,0.25017761057893567;11.535138329870394,12.517501080138413,0.3023805730750141;2.2442554789509175,13.944225925149922,0.4764987910136303;2.829071724616509,6.815252500373287,1.116842398565673;12.89348341244764,4.462689100248536,2.456780207842593;2.792309268830196,1.9482063215231027,1.5239511084219592;18.63000485495394,9.516374612050642,0.4862045394896714;4.312449040471382,9.900114663805454,0.8882562845551485;0.6794491868940552,9.23994368862653,0.2431473573377341;17.386995268777646,18.78353211061407,0.9920648701342627"
37,drone_1,11.031,9.392,7.806,5.403,"14.145079426228822,14.135285643003368,0.36465074522886504;2.440226870056917,4.933819650250329,1.1897814698375528;1.3066818871107722,17.589369001861286,0.9125121680327651;2.357678421611219,12.84984572684092,0.8379462386470249;16.982338471480936,14.4574540115461,0.7795617732176426;16.6561314066347,16.403439279548287,1.2836920917924646;5.398747996641409,15.000606954740654,0.2759122247568536;15.264278401717403,10.29919208231439,0.2316821241488554;10.911255852773824,12.32733772574333,0.7238978160411744;4.280084679595954,13.678702869526163,2.3024030597113416;17.479092617537404,11.080351461505307,1.1103263964905046;8.540140392127444,12.019562633396255,1.1337858747342713;11.741065877053364,13.225358942033967,0.46373120111325383;0.2566576950879157,15.438502156368578,0.25017761057893567;11.535138329870394,12.517501080138413,0.3023805730750141;2.2442554789509175,13.944225925149922,0.4764987910136303;2.829071724616509,6.815252500373287,1.116842398565673;12.89348341244764,4.462689100248536,2.456780207842593;2.792309268830196,1.9482063215231027,1.5239511084219592;18.63000485495394,9.516374612050642,0.4862045394896714;4.312449040471382,9.900114663805454,0.8882562845551485;0.6794491868940552,9.23994368862653,0.2431473573377341;17.386995268777646,18.78353211061407,0.9920648701342627"
37,drone_2,9.329,13.681,7.806,5.403,"14.145079426228822,14.135285643003368,0.36465074522886504;2.440226870056917,4.933819650250329,1.1897814698375528;1.3066818871107722,17.589369001861286,0.9125121680327651;2.357678421611219,12.84984572684092,0.8379462386470249;16.982338471480936,14.4574540115461,0.7795617732176426;16.6561314066347,16.403439279548287,1.2836920917924646;5.398747996641409,15.000606954740654,0.2759122247568536;15.264278401717403,10.29919208231439,0.2316821241488554;10.911255852773824,12.32733772574333,0.7238978160411744;4.280084679595954,13.678702869526163,2.3024030597113416;17.479092617537404,11.080351461505307,1.1103263964905046;8.540140392127444,12.019562633396255,1.1337858747342713;11.741065877053364,13.225358942033967,0.46373120111325383;0.2566576950879157,15.438502156368578,0.25017761057893567;11.535138329870394,12.517501080138413,0.3023805730750141;2.2442554789509175,13.944225925149922,0.4764987910136303;2.829071724616509,6.815252500373287,1.116842398565673;12.89348341244764,4.462689100248536,2.456780207842593;2.792309268830196,1.9482063215231027,1.5239511084219592;18.63000485495394,9.516374612050642,0.4862045394896714;4.312449040471382,9.900114663805454,0.8882562845551485;0.6794491868940552,9.23994368862653,0.2431473573377341;17.386995268777646,18.78353211061407,0.9920648701342627"
37,drone_3,12.041,8.447,7.806,5.403,"14.145079426228822,14.135285643003368,0.36465074522886504;2.440226870056917,4.933819650250329,1.1897814698375528;1.3066818871107722,17.589369001861286,0.9125121680327651;2.357678421611219,12.84984572684092,0.8379462386470249;16.982338471480936,14.4574540115461,0.7795617732176426;16.6561314066347,16.403439279548287,1.2836920917924646;5.398747996641409,15.000606954740654,0.2759122247568536;15.264278401717403,10.29919208231439,0.2316821241488554;10.911255852773824,12.32733772574333,0.7238978160411744;4.280084679595954,13.678702869526163,2.3024030597113416;17.479092617537404,11.080351461505307,1.1103263964905046;8.540140392127444,12.019562633396255,1.1337858747342713;11.741065877053364,13.225358942033967,0.46373120111325383;0.2566576950879157,15.438502156368578,0.25017761057893567;11.535138329870394,12.517501080138413,0.3023805730750141;2.2442554789509175,13.944225925149922,0.4764987910136303;2.829071724616509,6.815252500373287,1.116842398565673;12.89348341244764,4.462689100248536,2.456780207842593;2.792309268830196,1.9482063215231027,1.5239511084219592;18.63000485495394,9.516374612050642,0.4862045394896714;4.312449040471382,9.900114663805454,0.8882562845551485;0.6794491868940552,9.23994368862653,0.2431473573377341;17.386995268777646,18.78353211061407,0.9920648701342627"
37,drone_4,14.864,7.104,7.806,5.403,"14.145079426228822,14.135285643003368,0.36465074522886504;2.440226870056917,4.933819650250329,1.1897814698375528;1.3066818871107722,17.589369001861286,0.9125121680327651;2.357678421611219,12.84984572684092,0.8379462386470249;16.982338471480936,14.4574540115461,0.7795617732176426;16.6561314066347,16.403439279548287,1.2836920917924646;5.398747996641409,15.000606954740654,0.2759122247568536;15.264278401717403,10.29919208231439,0.2316821241488554;10.911255852773824,12.32733772574333,0.7238978160411744;4.280084679595954,13.678702869526163,2.3024030597113416;17.479092617537404,11.080351461505307,1.1103263964905046;8.540140392127444,12.019562633396255,1.1337858747342713;11.741065877053364,13.225358942033967,0.46373120111325383;0.2566576950879157,15.438502156368578,0.25017761057893567;11.535138329870394,12.517501080138413,0.3023805730750141;2.2442554789509175,13.944225925149922,0.4764987910136303;2.829071724616509,6.815252500373287,1.116842398565673;12.89348341244764,4.462689100248536,2.456780207842593;2.792309268830196,1.9482063215231027,1.5239511084219592;18.63000485495394,9.516374612050642,0.4862045394896714;4.312449040471382,9.900114663805454,0.8882562845551485;0.6794491868940552,9.23994368862653,0.2431473573377341;17.386995268777646,18.78353211061407,0.9920648701342627"
37,drone_7,11.376,10.444,7.806,5.403,"14.145079426228822,14.135285643003368,0.36465074522886504;2.440226870056917,4.933819650250329,1.1897814698375528;1.3066818871107722,17.589369001861286,0.9125121680327651;2.357678421611219,12.84984572684092,0.8379462386470249;16.982338471480936,14.4574540115461,0.7795617732176426;16.6561314066347,16.403439279548287,1.2836920917924646;5.398747996641409,15.000606954740654,0.2759122247568536;15.264278401717403,10.29919208231439,0.2316821241488554;10.911255852773824,12.32733772574333,0.7238978160411744;4.280084679595954,13.678702869526163,2.3024030597113416;17.479092617537404,11.080351461505307,1.1103263964905046;8.540140392127444,12.019562633396255,1.1337858747342713;11.741065877053364,13.225358942033967,0.46373120111325383;0.2566576950879157,15.438502156368578,0.25017761057893567;11.535138329870394,12.517501080138413,0.3023805730750141;2.2442554789509175,13.944225925149922,0.4764987910136303;2.829071724616509,6.815252500373287,1.116842398565673;12.89348341244764,4.462689100248536,2.456780207842593;2.792309268830196,1.9482063215231027,1.5239511084219592;18.63000485495394,9.516374612050642,0.4862045394896714;4.312449040471382,9.900114663805454,0.8882562845551485;0.6794491868940552,9.23994368862653,0.2431473573377341;17.386995268777646,18.78353211061407,0.9920648701342627"
37,drone_9,5.226,7.339,7.806,5.403,"14.145079426228822,14.135285643003368,0.36465074522886504;2.440226870056917,4.933819650250329,1.1897814698375528;1.3066818871107722,17.589369001861286,0.9125121680327651;2.357678421611219,12.84984572684092,0.8379462386470249;16.982338471480936,14.4574540115461,0.7795617732176426;16.6561314066347,16.403439279548287,1.2836920917924646;5.398747996641409,15.000606954740654,0.2759122247568536;15.264278401717403,10.29919208231439,0.2316821241488554;10.911255852773824,12.32733772574333,0.7238978160411744;4.280084679595954,13.678702869526163,2.3024030597113416;17.479092617537404,11.080351461505307,1.1103263964905046;8.540140392127444,12.019562633396255,1.1337858747342713;11.741065877053364,13.225358942033967,0.46373120111325383;0.2566576950879157,15.438502156368578,0.25017761057893567;11.535138329870394,12.517501080138413,0.3023805730750141;2.2442554789509175,13.944225925149922,0.4764987910136303;2.829071724616509,6.815252500373287,1.116842398565673;12.89348341244764,4.462689100248536,2.456780207842593;2.792309268830196,1.9482063215231027,1.5239511084219592;18.63000485495394,9.516374612050642,0.4862045394896714;4.312449040471382,9.900114663805454,0.8882562845551485;0.6794491868940552,9.23994368862653,0.2431473573377341;17.386995268777646,18.78353211061407,0.9920648701342627"
38,drone_0,3.953,8.235,7.806,5.403,"14.145079426228822,14.135285643003368,0.36465074522886504;2.440226870056917,4.933819650250329,1.1897814698375528;1.3066818871107722,17.589369001861286,0.9125121680327651;2.357678421611219,12.84984572684092,0.8379462386470249;16.982338471480936,14.4574540115461,0.7795617732176426;16.6561314066347,16.403439279548287,1.2836920917924646;5.398747996641409,15.000606954740654,0.2759122247568536;15.264278401717403,10.29919208231439,0.2316821241488554;10.911255852773824,12.32733772574333,0.7238978160411744;4.280084679595954,13.678702869526163,2.3024030597113416;17.479092617537404,11.080351461505307,1.1103263964905046;8.540140392127444,12.019562633396255,1.1337858747342713;11.741065877053364,13.225358942033967,0.46373120111325383;0.2566576950879157,15.438502156368578,0.25017761057893567;11.535138329870394,12.517501080138413,0.3023805730750141;2.2442554789509175,13.944225925149922,0.4764987910136303;2.829071724616509,6.815252500373287,1.116842398565673;12.89348341244764,4.462689100248536,2.456780207842593;2.792309268830196,1.9482063215231027,1.5239511084219592;18.63000485495394,9.516374612050642,0.4862045394896714;4.312449040471382,9.900114663805454,0.8882562845551485;0.6794491868940552,9.23994368862653,0.2431473573377341;17.386995268777646,18.78353211061407,0.9920648701342627"
38,drone_1,10.883,9.258,7.806,5.403,"14.145079426228822,14.135285643003368,0.36465074522886504;2.440226870056917,4.933819650250329,1.1897814698375528;1.3066818871107722,17.589369001861286,0.9125121680327651;2.357678421611219,12.84984572684092,0.8379462386470249;16.982338471480936,14.4574540115461,0.7795617732176426;16.6561314066347,16.403439279548287,1.2836920917924646;5.398747996641409,15.000606954740654,0.2759122247568536;15.264278401717403,10.29919208231439,0.2316821241488554;10.911255852773824,12.32733772574333,0.7238978160411744;4.280084679595954,13.678702869526163,2.3024030597113416;17.479092617537404,11.080351461505307,1.1103263964905046;8.540140392127444,12.019562633396255,1.1337858747342713;11.741065877053364,13.225358942033967,0.46373120111325383;0.2566576950879157,15.438502156368578,0.25017761057893567;11.535138329870394,12.517501080138413,0.3023805730750141;2.2442554789509175,13.944225925149922,0.4764987910136303;2.829071724616509,6.815252500373287,1.116842398565673;12.89348341244764,4.462689100248536,2.456780207842593;2.792309268830196,1.9482063215231027,1.5239511084219592;18.63000485495394,9.516374612050642,0.4862045394896714;4.312449040471382,9.900114663805454,0.8882562845551485;0.6794491868940552,9.23994368862653,0.2431473573377341;17.386995268777646,18.78353211061407,0.9920648701342627"
38,drone_2,9.235,13.738,7.806,5.403,"14.145079426228822,14.135285643003368,0.36465074522886504;2.440226870056917,4.933819650250329,1.1897814698375528;1.3066818871107722,17.589369001861286,0.9125121680327651;2.357678421611219,12.84984572684092,0.8379462386470249;16.982338471480936,14.4574540115461,0.7795617732176426;16.6561314066347,16.403439279548287,1.2836920917924646;5.398747996641409,15.000606954740654,0.2759122247568536;15.264278401717403,10.29919208231439,0.2316821241488554;10.911255852773824,12.32733772574333,0.7238978160411744;4.280084679595954,13.678702869526163,2.3024030597113416;17.479092617537404,11.080351461505307,1.1103263964905046;8.540140392127444,12.019562633396255,1.1337858747342713;11.741065877053364,13.225358942033967,0.46373120111325383;0.2566576950879157,15.438502156368578,0.25017761057893567;11.535138329870394,12.517501080138413,0.3023805730750141;2.2442554789509175,13.944225925149922,0.4764987910136303;2.829071724616509,6.815252500373287,1.116842398565673;12.89348341244764,4.462689100248536,2.456780207842593;2.792309268830196,1.9482063215231027,1.5239511084219592;18.63000485495394,9.516374612050642,0.4862045394896714;4.312449040471382,9.900114663805454,0.8882562845551485;0.6794491868940552,9.23994368862653,0.2431473573377341;17.386995268777646,18.78353211061407,0.9920648701342627"
38,drone_3,11.893,8.312,7.806,5.403,"14.145079426228822,14.135285643003368,0.36465074522886504;2.440226870056917,4.933819650250329,1.1897814698375528;1.3066818871107722,17.589369001861286,0.9125121680327651;2.357678421611219,12.84984572684092,0.8379462386470249;16.982338471480936,14.4574540115461,0.7795617732176426;16.6561314066347,16.403439279548287,1.2836920917924646;5.398747996641409,15.000606954740654,0.2759122247568536;15.264278401717403,10.29919208231439,0.2316821241488554;10.911255852773824,12.32733772574333,0.7238978160411744;4.280084679595954,13.678702869526163,2.3024030597113416;17.479092617537404,11.080351461505307,1.1103263964905046;8.540140392127444,12.019562633396255,1.1337858747342713;11.741065877053364,13.225358942033967,0.46373120111325383;0.2566576950879157,15.438502156368578,0.25017761057893567;11.535138329870394,12.517501080138413,0.3023805730750141;2.2442554789509175,13.944225925149922,0.4764987910136303;2.829071724616509,6.815252500373287,1.116842398565673;12.89348341244764,4.462689100248536,2.456780207842593;2.792309268830196,1.9482063215231027,1.5239511084219592;18.63000485495394,9.516374612050642,0.4862045394896714;4.312449040471382,9.900114663805454,0.8882562845551485;0.6794491868940552,9.23994368862653,0.2431473573377341;17.386995268777646,18.78353211061407,0.9920648701342627"
38,drone_4,14.708,7.230,7.806,5.403,"14.145079426228822,14.135285643003368,0.36465074522886504;2.440226870056917,4.933819650250329,1.1897814698375528;1.3066818871107722,17.589369001861286,0.9125121680327651;2.357678421611219,12.84984572684092,0.8379462386470249;16.982338471480936,14.4574540115461,0.7795617732176426;16.6561314066347,16.403439279548287,1.2836920917924646;5.398747996641409,15.000606954740654,0.2759122247568536;15.264278401717403,10.29919208231439,0.2316821241488554;10.911255852773824,12.32733772574333,0.7238978160411744;4.280084679595954,13.678702869526163,2.3024030597113416;17.479092617537404,11.080351461505307,1.1103263964905046;8.540140392127444,12.019562633396255,1.1337858747342713;11.741065877053364,13.225358942033967,0.46373120111325383;0.2566576950879157,15.438502156368578,0.25017761057893567;11.535138329870394,12.517501080138413,0.3023805730750141;2.2442554789509175,13.944225925149922,0.4764987910136303;2.829071724616509,6.815252500373287,1.116842398565673;12.89348341244764,4.462689100248536,2.456780207842593;2.792309268830196,1.9482063215231027,1.5239511084219592;18.63000485495394,9.516374612050642,0.4862045394896714;4.312449040471382,9.900114663805454,0.8882562845551485;0.6794491868940552,9.23994368862653,0.2431473573377341;17.386995268777646,18.78353211061407,0.9920648701342627"
38,drone_7,11.226,10.311,7.806,5.403,"14.145079426228822,14.135285643003368,0.36465074522886504;2.440226870056917,4.933819650250329,1.1897814698375528;1.3066818871107722,17.589369001861286,0.9125121680327651;2.357678421611219,12.84984572684092,0.8379462386470249;16.982338471480936,14.4574540115461,0.7795617732176426;16.6561314066347,16.403439279548287,1.2836920917924646;5.398747996641409,15.000606954740654,0.2759122247568536;15.264278401717403,10.29919208231439,0.2316821241488554;10.911255852773824,12.32733772574333,0.7238978160411744;4.280084679595954,13.678702869526163,2.3024030597113416;17.479092617537404,11.080351461505307,1.1103263964905046;8.540140392127444,12.019562633396255,1.1337858747342713;11.741065877053364,13.225358942033967,0.46373120111325383;0.2566576950879157,15.438502156368578,0.25017761057893567;11.535138329870394,12.517501080138413,0.3023805730750141;2.2442554789509175,13.944225925149922,0.4764987910136303;2.829071724616509,6.815252500373287,1.116842398565673;12.89348341244764,4.462689100248536,2.456780207842593;2.792309268830196,1.9482063215231027,1.5239511084219592;18.63000485495394,9.516374612050642,0.4862045394896714;4.312449040471382,9.900114663805454,0.8882562845551485;0.6794491868940552,9.23994368862653,0.2431473573377341;17.386995268777646,18.78353211061407,0.9920648701342627"
38,drone_9,5.369,7.199,7.806,5.403,"14.145079426228822,14.135285643003368,0.36465074522886504;2.440226870056917,4.933819650250329,1.1897814698375528;1.3066818871107722,17.589369001861286,0.9125121680327651;2.357678421611219,12.84984572684092,0.8379462386470249;16.982338471480936,14.4574540115461,0.7795617732176426;16.6561314066347,16.403439279548287,1.2836920917924646;5.398747996641409,15.000606954740654,0.2759122247568536;15.264278401717403,10.29919208231439,0.2316821241488554;10.911255852773824,12.32733772574333,0.7238978160411744;4.280084679595954,13.678702869526163,2.3024030597113416;17.479092617537404,11.080351461505307,1.1103263964905046;8.540140392127444,12.019562633396255,1.1337858747342713;11.741065877053364,13.225358942033967,0.46373120111325383;0.2566576950879157,15.438502156368578,0.25017761057893567;11.535138329870394,12.517501080138413,0.3023805730750141;2.2442554789509175,13.944225925149922,0.4764987910136303;2.829071724616509,6.815252500373287,1.116842398565673;12.89348341244764,4.462689100248536,2.456780207842593;2.792309268830196,1.9482063215231027,1.5239511084219592;18.63000485495394,9.516374612050642,0.4862045394896714;4.312449040471382,9.900114663805454,0.8882562845551485;0.6794491868940552,9.23994368862653,0.2431473573377341;17.386995268777646,18.78353211061407,0.9920648701342627"
39,drone_0,4.103,8.103,7.806,5.403,"14.145079426228822,14.135285643003368,0.36465074522886504;2.440226870056917,4.933819650250329,1.1897814698375528;1.3066818871107722,17.589369001861286,0.9125121680327651;2.357678421611219,12.84984572684092,0.8379462386470249;16.982338471480936,14.4574540115461,0.7795617732176426;16.6561314066347,16.403439279548287,1.2836920917924646;5.398747996641409,15.000606954740654,0.2759122247568536;15.264278401717403,10.29919208231439,0.2316821241488554;10.911255852773824,12.32733772574333,0.7238978160411744;4.280084679595954,13.678702869526163,2.3024030597113416;17.479092617537404,11.080351461505307,1.1103263964905046;8.540140392127444,12.019562633396255,1.1337858747342713;11.741065877053364,13.225358942033967,0.46373120111325383;0.2566576950879157,15.438502156368578,0.25017761057893567;11.535138329870394,12.517501080138413,0.3023805730750141;2.2442554789509175,13.944225925149922,0.4764987910136303;2.829071724616509,6.815252500373287,1.116842398565673;12.89348341244764,4.462689100248536,2.456780207842593;2.792309268830196,1.9482063215231027,1.5239511084219592;18.63000485495394,9.516374612050642,0.4862045394896714;4.312449040471382,9.900114663805454,0.8882562845551485;0.6794491868940552,9.23994368862653,0.2431473573377341;17.386995268777646,18.78353211061407,0.9920648701342627"
39,drone_1,10.733,9.126,7.806,5.403,"14.145079426228822,14.135285643003368,0.36465074522886504;2.440226870056917,4.933819650250329,1.1897814698375528;1.3066818871107722,17.589369001861286,0.9125121680327651;2.357678421611219,12.84984572684092,0.8379462386470249;16.982338471480936,14.4574540115461,0.7795617732176426;16.6561314066347,16.403439279548287,1.2836920917924646;5.398747996641409,15.000606954740654,0.2759122247568536;15.264278401717403,10.29919208231439,0.2316821241488554;10.911255852773824,12.32733772574333,0.7238978160411744;4.280084679595954,13.678702869526163,2.3024030597113416;17.479092617537404,11.080351461505307,1.1103263964905046;8.540140392127444,12.019562633396255,1.1337858747342713;11.741065877053364,13.225358942033967,0.46373120111325383;0.2566576950879157,15.438502156368578,0.25017761057893567;11.535138329870394,12.517501080138413,0.3023805730750141;2.2442554789509175,13.944225925149922,0.4764987910136303;2.829071724616509,6.815252500373287,1.116842398565673;12.89348341244764,4.462689100248536,2.456780207842593;2.792309268830196,1.9482063215231027,1.5239511084219592;18.63000485495394,9.516374612050642,0.4862045394896714;4.312449040471382,9.900114663805454,0.8882562845551485;0.6794491868940552,9.23994368862653,0.2431473573377341;17.386995268777646,18.78353211061407,0.9920648701342627"
39,drone_2,9.134,13.777,7.806,5.403,"14.145079426228822,14.135285643003368,0.36465074522886504;2.440226870056917,4.933819650250329,1.1897814698375528;1.3066818871107722,17.589369001861286,0.9125121680327651;2.357678421611219,12.84984572684092,0.8379462386470249;16.982338471480936,14.4574540115461,0.7795617732176426;16.6561314066347,16.403439279548287,1.2836920917924646;5.398747996641409,15.000606954740654,0.2759122247568536;15.264278401717403,10.29919208231439,0.2316821241488554;10.911255852773824,12.32733772574333,0.7238978160411744;4.280084679595954,13.678702869526163,2.3024030597113416;17.479092617537404,11.080351461505307,1.1103263964905046;8.540140392127444,12.019562633396255,1.1337858747342713;11.741065877053364,13.225358942033967,0.46373120111325383;0.2566576950879157,15.438502156368578,0.25017761057893567;11.535138329870394,12.517501080138413,0.3023805730750141;2.2442554789509175,13.944225925149922,0.4764987910136303;2.829071724616509,6.815252500373287,1.116842398565673;12.89348341244764,4.462689100248536,2.456780207842593;2.792309268830196,1.9482063215231027,1.5239511084219592;18.63000485495394,9.516374612050642,0.4862045394896714;4.312449040471382,9.900114663805454,0.8882562845551485;0.6794491868940552,9.23994368862653,0.2431473573377341;17.386995268777646,18.78353211061407,0.9920648701342627"
39,drone_3,11.742,8.181,7.806,5.403,"14.145079426228822,14.135285643003368,0.36465074522886504;2.440226870056917,4.933819650250329,1.1897814698375528;1.3066818871107722,17.589369001861286,0.9125121680327651;2.357678421611219,12.84984572684092,0.8379462386470249;16.982338471480936,14.4574540115461,0.7795617732176426;16.6561314066347,16.403439279548287,1.2836920917924646;5.398747996641409,15.000606954740654,0.2759122247568536;15.264278401717403,10.29919208231439,0.2316821241488554;10.911255852773824,12.32733772574333,0.7238978160411744;4.280084679595954,13.678702869526163,2.3024030597113416;17.479092617537404,11.080351461505307,1.1103263964905046;8.540140392127444,12.019562633396255,1.1337858747342713;11.741065877053364,13.225358942033967,0.46373120111325383;0.2566576950879157,15.438502156368578,0.25017761057893567;11.535138329870394,12.517501080138413,0.3023805730750141;2.2442554789509175,13.944225925149922,0.4764987910136303;2.829071724616509,6.815252500373287,1.116842398565673;12.89348341244764,4.462689100248536,2.456780207842593;2.792309268830196,1.9482063215231027,1.5239511084219592;18.63000485495394,9.516374612050642,0.4862045394896714;4.312449040471382,9.900114663805454,0.8882562845551485;0.6794491868940552,9.23994368862653,0.2431473573377341;17.386995268777646,18.78353211061407,0.9920648701342627"
39,drone_4,14.552,7.355,7.806,5.403,"14.145079426228822,14.135285643003368,0.36465074522886504;2.440226870056917,4.933819650250329,1.1897814698375528;1.3066818871107722,17.589369001861286,0.9125121680327651;2.357678421611219,12.84984572684092,0.8379462386470249;16.982338471480936,14.4574540115461,0.7795617732176426;16.6561314066347,16.403439279548287,1.2836920917924646;5.398747996641409,15.000606954740654,0.2759122247568536;15.264278401717403,10.29919208231439,0.2316821241488554;10.911255852773824,12.32733772574333,0.7238978160411744;4.280084679595954,13.678702869526163,2.3024030597113416;17.479092617537404,11.080351461505307,1.1103263964905046;8.540140392127444,12.019562633396255,1.1337858747342713;11.741065877053364,13.225358942033967,0.46373120111325383;0.2566576950879157,15.438502156368578,0.25017761057893567;11.535138329870394,12.517501080138413,0.3023805730750141;2.2442554789509175,13.944225925149922,0.4764987910136303;2.829071724616509,6.815252500373287,1.116842398565673;12.89348341244764,4.462689100248536,2.456780207842593;2.792309268830196,1.9482063215231027,1.5239511084219592;18.63000485495394,9.516374612050642,0.4862045394896714;4.312449040471382,9.900114663805454,0.8882562845551485;0.6794491868940552,9.23994368862653,0.2431473573377341;17.386995268777646,18.78353211061407,0.9920648701342627"
39,drone_7,11.077,10.179,7.806,5.403,"14.145079426228822,14.135285643003368,0.36465074522886504;2.440226870056917,4.933819650250329,1.1897814698375528;1.3066818871107722,17.589369001861286,0.9125121680327651;2.357678421611219,12.84984572684092,0.8379462386470249;16.982338471480936,14.4574540115461,0.7795617732176426;16.6561314066347,16.403439279548287,1.2836920917924646;5.398747996641409,15.000606954740654,0.2759122247568536;15.264278401717403,10.29919208231439,0.2316821241488554;10.911255852773824,12.32733772574333,0.7238978160411744;4.280084679595954,13.678702869526163,2.3024030597113416;17.479092617537404,11.080351461505307,1.1103263964905046;8.540140392127444,12.019562633396255,1.1337858747342713;11.741065877053364,13.225358942033967,0.46373120111325383;0.2566576950879157,15.438502156368578,0.25017761057893567;11.535138329870394,12.517501080138413,0.3023805730750141;2.2442554789509175,13.944225925149922,0.4764987910136303;2.829071724616509,6.815252500373287,1.116842398565673;12.89348341244764,4.462689100248536,2.456780207842593;2.792309268830196,1.9482063215231027,1.5239511084219592;18.63000485495394,9.516374612050642,0.4862045394896714;4.312449040471382,9.900114663805454,0.8882562845551485;0.6794491868940552,9.23994368862653,0.2431473573377341;17.386995268777646,18.78353211061407,0.9920648701342627"
39,drone_9,5.511,7.059,7.806,5.403,"14.145079426228822,14.135285643003368,0.36465074522886504;2.440226870056917,4.933819650250329,1.1897814698375528;1.3066818871107722,17.589369001861286,0.9125121680327651;2.357678421611219,12.84984572684092,0.8379462386470249;16.982338471480936,14.4574540115461,0.7795617732176426;16.6561314066347,16.403439279548287,1.2836920917924646;5.398747996641409,15.000606954740654,0.2759122247568536;15.264278401717403,10.29919208231439,0.2316821241488554;10.911255852773824,12.32733772574333,0.7238978160411744;4.280084679595954,13.678702869526163,2.3024030597113416;17.479092617537404,11.080351461505307,1.1103263964905046;8.540140392127444,12.019562633396255,1.1337858747342713;11.741065877053364,13.225358942033967,0.46373120111325383;0.2566576950879157,15.438502156368578,0.25017761057893567;11.535138329870394,12.517501080138413,0.3023805730750141;2.2442554789509175,13.944225925149922,0.4764987910136303;2.829071724616509,6.815252500373287,1.116842398565673;12.89348341244764,4.462689100248536,2.456780207842593;2.792309268830196,1.9482063215231027,1.5239511084219592;18.63000485495394,9.516374612050642,0.4862045394896714;4.312449040471382,9.900114663805454,0.8882562845551485;0.6794491868940552,9.23994368862653,0.2431473573377341;17.386995268777646,18.78353211061407,0.9920648701342627"
40,drone_0,4.258,7.977,7.806,5.403,"14.145079426228822,14.135285643003368,0.36465074522886504;2.440226870056917,4.933819650250329,1.1897814698375528;1.3066818871107722,17.589369001861286,0.9125121680327651;2.357678421611219,12.84984572684092,0.8379462386470249;16.982338471480936,14.4574540115461,0.7795617732176426;16.6561314066347,16.403439279548287,1.2836920917924646;5.398747996641409,15.000606954740654,0.2759122247568536;15.264278401717403,10.29919208231439,0.2316821241488554;10.911255852773824,12.32733772574333,0.7238978160411744;4.280084679595954,13.678702869526163,2.3024030597113416;17.479092617537404,11.080351461505307,1.1103263964905046;8.540140392127444,12.019562633396255,1.1337858747342713;11.741065877053364,13.225358942033967,0.46373120111325383;0.2566576950879157,15.438502156368578,0.25017761057893567;11.535138329870394,12.517501080138413,0.3023805730750141;2.2442554789509175,13.944225925149922,0.4764987910136303;2.829071724616509,6.815252500373287,1.116842398565673;12.89348341244764,4.462689100248536,2.456780207842593;2.792309268830196,1.9482063215231027,1.5239511084219592;18.63000485495394,9.516374612050642,0.4862045394896714;4.312449040471382,9.900114663805454,0.8882562845551485;0.6794491868940552,9.23994368862653,0.2431473573377341;17.386995268777646,18.78353211061407,0.9920648701342627"
40,drone_1,10.583,8.993,7.806,5.403,"14.145079426228822,14.135285643003368,0.36465074522886504;2.440226870056917,4.933819650250329,1.1897814698375528;1.3066818871107722,17.589369001861286,0.9125121680327651;2.357678421611219,12.84984572684092,0.8379462386470249;16.982338471480936,14.4574540115461,0.7795617732176426;16.6561314066347,16.403439279548287,1.2836920917924646;5.398747996641409,15.000606954740654,0.2759122247568536;15.264278401717403,10.29919208231439,0.2316821241488554;10.911255852773824,12.32733772574333,0.7238978160411744;4.280084679595954,13.678702869526163,2.3024030597113416;17.479092617537404,11.080351461505307,1.1103263964905046;8.540140392127444,12.019562633396255,1.1337858747342713;11.741065877053364,13.225358942033967,0.46373120111325383;0.2566576950879157,15.438502156368578,0.25017761057893567;11.535138329870394,12.517501080138413,0.3023805730750141;2.2442554789509175,13.944225925149922,0.4764987910136303;2.829071724616509,6.815252500373287,1.116842398565673;12.89348341244764,4.462689100248536,2.456780207842593;2.792309268830196,1.9482063215231027,1.5239511084219592;18.63000485495394,9.516374612050642,0.4862045394896714;4.312449040471382,9.900114663805454,0.8882562845551485;0.6794491868940552,9.23994368862653,0.2431473573377341;17.386995268777646,18.78353211061407,0.9920648701342627"
40,drone_2,9.020,13.801,7.806,5.403,"14.145079426228822,14.135285643003368,0.36465074522886504;2.440226870056917,4.933819650250329,1.1897814698375528;1.3066818871107722,17.589369001861286,0.9125121680327651;2.357678421611219,12.84984572684092,0.8379462386470249;16.982338471480936,14.4574540115461,0.7795617732176426;16.6561314066347,16.403439279548287,1.2836920917924646;5.398747996641409,15.000606954740654,0.2759122247568536;15.264278401717403,10.29919208231439,0.2316821241488554;10.911255852773824,12.32733772574333,0.7238978160411744;4.280084679595954,13.678702869526163,2.3024030597113416;17.479092617537404,11.080351461505307,1.1103263964905046;8.540140392127444,12.019562633396255,1.1337858747342713;11.741065877053364,13.225358942033967,0.46373120111325383;0.2566576950879157,15.438502156368578,0.25017761057893567;11.535138329870394,12.517501080138413,0.3023805730750141;2.2442554789509175,13.944225925149922,0.4764987910136303;2.829071724616509,6.815252500373287,1.116842398565673;12.89348341244764,4.462689100248536,2.456780207842593;2.792309268830196,1.9482063215231027,1.5239511084219592;18.63000485495394,9.516374612050642,0.4862045394896714;4.312449040471382,9.900114663805454,0.8882562845551485;0.6794491868940552,9.23994368862653,0.2431473573377341;17.386995268777646,18.78353211061407,0.9920648701342627"
40,drone_3,11.594,8.047,7.806,5.403,"14.145079426228822,14.135285643003368,0.36465074522886504;2.440226870056917,4.933819650250329,1.1897814698375528;1.3066818871107722,17.589369001861286,0.9125121680327651;2.357678421611219,12.84984572684092,0.8379462386470249;16.982338471480936,14.4574540115461,0.7795617732176426;16.6561314066347,16.403439279548287,1.2836920917924646;5.398747996641409,15.000606954740654,0.2759122247568536;15.264278401717403,10.29919208231439,0.2316821241488554;10.911255852773824,12.32733772574333,0.7238978160411744;4.280084679595954,13.678702869526163,2.3024030597113416;17.479092617537404,11.080351461505307,1.1103263964905046;8.540140392127444,12.019562633396255,1.1337858747342713;11.741065877053364,13.225358942033967,0.46373120111325383;0.2566576950879157,15.438502156368578,0.25017761057893567;11.535138329870394,12.517501080138413,0.3023805730750141;2.2442554789509175,13.944225925149922,0.4764987910136303;2.829071724616509,6.815252500373287,1.116842398565673;12.89348341244764,4.462689100248536,2.456780207842593;2.792309268830196,1.9482063215231027,1.5239511084219592;18.63000485495394,9.516374612050642,0.4862045394896714;4.312449040471382,9.900114663805454,0.8882562845551485;0.6794491868940552,9.23994368862653,0.2431473573377341;17.386995268777646,18.78353211061407,0.9920648701342627"
40,drone_4,14.389,7.470,7.806,5.403,"14.145079426228822,14.135285643003368,0.36465074522886504;2.440226870056917,4.933819650250329,1.1897814698375528;1.3066818871107722,17.589369001861286,0.9125121680327651;2.357678421611219,12.84984572684092,0.8379462386470249;16.982338471480936,14.4574540115461,0.7795617732176426;16.6561314066347,16.403439279548287,1.2836920917924646;5.398747996641409,15.000606954740654,0.2759122247568536;15.264278401717403,10.29919208231439,0.2316821241488554;10.911255852773824,12.32733772574333,0.7238978160411744;4.280084679595954,13.678702869526163,2.3024030597113416;17.479092617537404,11.080351461505307,1.1103263964905046;8.540140392127444,12.019562633396255,1.1337858747342713;11.741065877053364,13.225358942033967,0.46373120111325383;0.2566576950879157,15.438502156368578,0.25017761057893567;11.535138329870394,12.517501080138413,0.3023805730750141;2.2442554789509175,13.944225925149922,0.4764987910136303;2.829071724616509,6.815252500373287,1.116842398565673;12.89348341244764,4.462689100248536,2.456780207842593;2.792309268830196,1.9482063215231027,1.5239511084219592;18.63000485495394,9.516374612050642,0.4862045394896714;4.312449040471382,9.900114663805454,0.8882562845551485;0.6794491868940552,9.23994368862653,0.2431473573377341;17.386995268777646,18.78353211061407,0.9920648701342627"
40,drone_7,10.931,10.042,7.806,5.403,"14.145079426228822,14.135285643003368,0.36465074522886504;2.440226870056917,4.933819650250329,1.1897814698375528;1.3066818871107722,17.589369001861286,0.9125121680327651;2.357678421611219,12.84984572684092,0.8379462386470249;16.982338471480936,14.4574540115461,0.7795617732176426;16.6561314066347,16.403439279548287,1.2836920917924646;5.398747996641409,15.000606954740654,0.2759122247568536;15.264278401717403,10.29919208231439,0.2316821241488554;10.911255852773824,12.32733772574333,0.7238978160411744;4.280084679595954,13.678702869526163,2.3024030597113416;17.479092617537404,11.080351461505307,1.1103263964905046;8.540140392127444,12.019562633396255,1.1337858747342713;11.741065877053364,13.225358942033967,0.46373120111325383;0.2566576950879157,15.438502156368578,0.25017761057893567;11.535138329870394,12.517501080138413,0.3023805730750141;2.2442554789509175,13.944225925149922,0.4764987910136303;2.829071724616509,6.815252500373287,1.116842398565673;12.89348341244764,4.462689100248536,2.456780207842593;2.792309268830196,1.9482063215231027,1.5239511084219592;18.63000485495394,9.516374612050642,0.4862045394896714;4.312449040471382,9.900114663805454,0.8882562845551485;0.6794491868940552,9.23994368862653,0.2431473573377341;17.386995268777646,18.78353211061407,0.9920648701342627"
40,drone_9,5.653,6.918,7.806,5.403,"14.145079426228822,14.135285643003368,0.36465074522886504;2.440226870056917,4.933819650250329,1.1897814698375528;1.3066818871107722,17.589369001861286,0.9125121680327651;2.357678421611219,12.84984572684092,0.8379462386470249;16.982338471480936,14.4574540115461,0.7795617732176426;16.6561314066347,16.403439279548287,1.2836920917924646;5.398747996641409,15.000606954740654,0.2759122247568536;15.264278401717403,10.29919208231439,0.2316821241488554;10.911255852773824,12.32733772574333,0.7238978160411744;4.280084679595954,13.678702869526163,2.3024030597113416;17.479092617537404,11.080351461505307,1.1103263964905046;8.540140392127444,12.019562633396255,1.1337858747342713;11.741065877053364,13.225358942033967,0.46373120111325383;0.2566576950879157,15.438502156368578,0.25017761057893567;11.535138329870394,12.517501080138413,0.3023805730750141;2.2442554789509175,13.944225925149922,0.4764987910136303;2.829071724616509,6.815252500373287,1.116842398565673;12.89348341244764,4.462689100248536,2.456780207842593;2.792309268830196,1.9482063215231027,1.5239511084219592;18.63000485495394,9.516374612050642,0.4862045394896714;4.312449040471382,9.900114663805454,0.8882562845551485;0.6794491868940552,9.23994368862653,0.2431473573377341;17.386995268777646,18.78353211061407,0.9920648701342627"
41,drone_0,4.423,7.863,7.806,5.403,"14.145079426228822,14.135285643003368,0.36465074522886504;2.440226870056917,4.933819650250329,1.1897814698375528;1.3066818871107722,17.589369001861286,0.9125121680327651;2.357678421611219,12.84984572684092,0.8379462386470249;16.982338471480936,14.4574540115461,0.7795617732176426;16.6561314066347,16.403439279548287,1.2836920917924646;5.398747996641409,15.000606954740654,0.2759122247568536;15.264278401717403,10.29919208231439,0.2316821241488554;10.911255852773824,12.32733772574333,0.7238978160411744;4.280084679595954,13.678702869526163,2.3024030597113416;17.479092617537404,11.080351461505307,1.1103263964905046;8.540140392127444,12.019562633396255,1.1337858747342713;11.741065877053364,13.225358942033967,0.46373120111325383;0.2566576950879157,15.438502156368578,0.25017761057893567;11.535138329870394,12.517501080138413,0.3023805730750141;2.2442554789509175,13.944225925149922,0.4764987910136303;2.829071724616509,6.815252500373287,1.116842398565673;12.89348341244764,4.462689100248536,2.456780207842593;2.792309268830196,1.9482063215231027,1.5239511084219592;18.63000485495394,9.516374612050642,0.4862045394896714;4.312449040471382,9.900114663805454,0.8882562845551485;0.6794491868940552,9.23994368862653,0.2431473573377341;17.386995268777646,18.78353211061407,0.9920648701342627"
41,drone_1,10.440,8.854,7.806,5.403,"14.145079426228822,14.135285643003368,0.36465074522886504;2.440226870056917,4.933819650250329,1.1897814698375528;1.3066818871107722,17.589369001861286,0.9125121680327651;2.357678421611219,12.84984572684092,0.8379462386470249;16.982338471480936,14.4574540115461,0.7795617732176426;16.6561314066347,16.403439279548287,1.2836920917924646;5.398747996641409,15.000606954740654,0.2759122247568536;15.264278401717403,10.29919208231439,0.2316821241488554;10.911255852773824,12.32733772574333,0.7238978160411744;4.280084679595954,13.678702869526163,2.3024030597113416;17.479092617537404,11.080351461505307,1.1103263964905046;8.540140392127444,12.019562633396255,1.1337858747342713;11.741065877053364,13.225358942033967,0.46373120111325383;0.2566576950879157,15.438502156368578,0.25017761057893567;11.535138329870394,12.517501080138413,0.3023805730750141;2.2442554789509175,13.944225925149922,0.4764987910136303;2.829071724616509,6.815252500373287,1.116842398565673;12.89348341244764,4.462689100248536,2.456780207842593;2.792309268830196,1.9482063215231027,1.5239511084219592;18.63000485495394,9.516374612050642,0.4862045394896714;4.312449040471382,9.900114663805454,0.8882562845551485;0.6794491868940552,9.23994368862653,0.2431473573377341;17.386995268777646,18.78353211061407,0.9920648701342627"
41,drone_2,8.895,13.802,7.806,5.403,"14.145079426228822,14.135285643003368,0.36465074522886504;2.440226870056917,4.933819650250329,1.1897814698375528;1.3066818871107722,17.589369001861286,0.9125121680327651;2.357678421611219,12.84984572684092,0.8379462386470249;16.982338471480936,14.4574540115461,0.7795617732176426;16.6561314066347,16.403439279548287,1.2836920917924646;5.398747996641409,15.000606954740654,0.2759122247568536;15.264278401717403,10.29919208231439,0.2316821241488554;10.911255852773824,12.32733772574333,0.7238978160411744;4.280084679595954,13.678702869526163,2.3024030597113416;17.479092617537404,11.080351461505307,1.1103263964905046;8.540140392127444,12.019562633396255,1.1337858747342713;11.741065877053364,13.225358942033967,0.46373120111325383;0.2566576950879157,15.438502156368578,0.25017761057893567;11.535138329870394,12.517501080138413,0.3023805730750141;2.2442554789509175,13.944225925149922,0.4764987910136303;2.829071724616509,6.815252500373287,1.116842398565673;12.89348341244764,4.462689100248536,2.456780207842593;2.792309268830196,1.9482063215231027,1.5239511084219592;18.63000485495394,9.516374612050642,0.4862045394896714;4.312449040471382,9.900114663805454,0.8882562845551485;0.6794491868940552,9.23994368862653,0.2431473573377341;17.386995268777646,18.78353211061407,0.9920648701342627"
41,drone_3,11.438,7.922,7.806,5.403,"14.145079426228822,14.135285643003368,0.36465074522886504;2.440226870056917,4.933819650250329,1.1897814698375528;1.3066818871107722,17.589369001861286,0.9125121680327651;2.357678421611219,12.84984572684092,0.8379462386470249;16.982338471480936,14.4574540115461,0.7795617732176426;16.6561314066347,16.403439279548287,1.2836920917924646;5.398747996641409,15.000606954740654,0.2759122247568536;15.264278401717403,10.29919208231439,0.2316821241488554;10.911255852773824,12.32733772574333,0.7238978160411744;4.280084679595954,13.678702869526163,2.3024030597113416;17.479092617537404,11.080351461505307,1.1103263964905046;8.540140392127444,12.019562633396255,1.1337858747342713;11.741065877053364,13.225358942033967,0.46373120111325383;0.2566576950879157,15.438502156368578,0.25017761057893567;11.535138329870394,12.517501080138413,0.3023805730750141;2.2442554789509175,13.944225925149922,0.4764987910136303;2.829071724616509,6.815252500373287,1.116842398565673;12.89348341244764,4.462689100248536,2.456780207842593;2.792309268830196,1.9482063215231027,1.5239511084219592;18.63000485495394,9.516374612050642,0.4862045394896714;4.312449040471382,9.900114663805454,0.8882562845551485;0.6794491868940552,9.23994368862653,0.2431473573377341;17.386995268777646,18.78353211061407,0.9920648701342627"
41,drone_4,14.214,7.567,7.806,5.403,"14.145079426228822,14.135285643003368,0.36465074522886504;2.440226870056917,4.933819650250329,1.1897814698375528;1.3066818871107722,17.589369001861286,0.9125121680327651;2.357678421611219,12.84984572684092,0.8379462386470249;16.982338471480936,14.4574540115461,0.7795617732176426;16.6561314066347,16.403439279548287,1.2836920917924646;5.398747996641409,15.000606954740654,0.2759122247568536;15.264278401717403,10.29919208231439,0.2316821241488554;10.911255852773824,12.32733772574333,0.7238978160411744;4.280084679595954,13.678702869526163,2.3024030597113416;17.479092617537404,11.080351461505307,1.1103263964905046;8.540140392127444,12.019562633396255,1.1337858747342713;11.741065877053364,13.225358942033967,0.46373120111325383;0.2566576950879157,15.438502156368578,0.25017761057893567;11.535138329870394,12.517501080138413,0.3023805730750141;2.2442554789509175,13.944225925149922,0.4764987910136303;2.829071724616509,6.815252500373287,1.116842398565673;12.89348341244764,4.462689100248536,2.456780207842593;2.792309268830196,1.9482063215231027,1.5239511084219592;18.63000485495394,9.516374612050642,0.4862045394896714;4.312449040471382,9.900114663805454,0.8882562845551485;0.6794491868940552,9.23994368862653,0.2431473573377341;17.386995268777646,18.78353211061407,0.9920648701342627"
41,drone_7,10.774,9.917,7.806,5.403,"14.145079426228822,14.135285643003368,0.36465074522886504;2.440226870056917,4.933819650250329,1.1897814698375528;1.3066818871107722,17.589369001861286,0.9125121680327651;2.357678421611219,12.84984572684092,0.8379462386470249;16.982338471480936,14.4574540115461,0.7795617732176426;16.6561314066347,16.403439279548287,1.2836920917924646;5.398747996641409,15.000606954740654,0.2759122247568536;15.264278401717403,10.29919208231439,0.2316821241488554;10.911255852773824,12.32733772574333,0.7238978160411744;4.280084679595954,13.678702869526163,2.3024030597113416;17.479092617537404,11.080351461505307,1.1103263964905046;8.540140392127444,12.019562633396255,1.1337858747342713;11.741065877053364,13.225358942033967,0.46373120111325383;0.2566576950879157,15.438502156368578,0.25017761057893567;11.535138329870394,12.517501080138413,0.3023805730750141;2.2442554789509175,13.944225925149922,0.4764987910136303;2.829071724616509,6.815252500373287,1.116842398565673;12.89348341244764,4.462689100248536,2.456780207842593;2.792309268830196,1.9482063215231027,1.5239511084219592;18.63000485495394,9.516374612050642,0.4862045394896714;4.312449040471382,9.900114663805454,0.8882562845551485;0.6794491868940552,9.23994368862653,0.2431473573377341;17.386995268777646,18.78353211061407,0.9920648701342627"
41,drone_9,5.795,6.776,7.806,5.403,"14.145079426228822,14.135285643003368,0.36465074522886504;2.440226870056917,4.933819650250329,1.1897814698375528;1.3066818871107722,17.589369001861286,0.9125121680327651;2.357678421611219,12.84984572684092,0.8379462386470249;16.982338471480936,14.4574540115461,0.7795617732176426;16.6561314066347,16.403439279548287,1.2836920917924646;5.398747996641409,15.000606954740654,0.2759122247568536;15.264278401717403,10.29919208231439,0.2316821241488554;10.911255852773824,12.32733772574333,0.7238978160411744;4.280084679595954,13.678702869526163,2.3024030597113416;17.479092617537404,11.080351461505307,1.1103263964905046;8.540140392127444,12.019562633396255,1.1337858747342713;11.741065877053364,13.225358942033967,0.46373120111325383;0.2566576950879157,15.438502156368578,0.25017761057893567;11.535138329870394,12.517501080138413,0.3023805730750141;2.2442554789509175,13.944225925149922,0.4764987910136303;2.829071724616509,6.815252500373287,1.116842398565673;12.89348341244764,4.462689100248536,2.456780207842593;2.792309268830196,1.9482063215231027,1.5239511084219592;18.63000485495394,9.516374612050642,0.4862045394896714;4.312449040471382,9.900114663805454,0.8882562845551485;0.6794491868940552,9.23994368862653,0.2431473573377341;17.386995268777646,18.78353211061407,0.9920648701342627"
42,drone_0,4.578,7.738,7.806,5.403,"14.145079426228822,14.135285643003368,0.36465074522886504;2.440226870056917,4.933819650250329,1.1897814698375528;1.3066818871107722,17.589369001861286,0.9125121680327651;2.357678421611219,12.84984572684092,0.8379462386470249;16.982338471480936,14.4574540115461,0.7795617732176426;16.6561314066347,16.403439279548287,1.2836920917924646;5.398747996641409,15.000606954740654,0.2759122247568536;15.264278401717403,10.29919208231439,0.2316821241488554;10.911255852773824,12.32733772574333,0.7238978160411744;4.280084679595954,13.678702869526163,2.3024030597113416;17.479092617537404,11.080351461505307,1.1103263964905046;8.540140392127444,12.019562633396255,1.1337858747342713;11.741065877053364,13.225358942033967,0.46373120111325383;0.2566576950879157,15.438502156368578,0.25017761057893567;11.535138329870394,12.517501080138413,0.3023805730750141;2.2442554789509175,13.944225925149922,0.4764987910136303;2.829071724616509,6.815252500373287,1.116842398565673;12.89348341244764,4.462689100248536,2.456780207842593;2.792309268830196,1.9482063215231027,1.5239511084219592;18.63000485495394,9.516374612050642,0.4862045394896714;4.312449040471382,9.900114663805454,0.8882562845551485;0.6794491868940552,9.23994368862653,0.2431473573377341;17.386995268777646,18.78353211061407,0.9920648701342627"
42,drone_1,10.299,8.712,7.806,5.403,"14.145079426228822,14.135285643003368,0.36465074522886504;2.440226870056917,4.933819650250329,1.1897814698375528;1.3066818871107722,17.589369001861286,0.9125121680327651;2.357678421611219,12.84984572684092,0.8379462386470249;16.982338471480936,14.4574540115461,0.7795617732176426;16.6561314066347,16.403439279548287,1.2836920917924646;5.398747996641409,15.000606954740654,0.2759122247568536;15.264278401717403,10.29919208231439,0.2316821241488554;10.911255852773824,12.32733772574333,0.7238978160411744;4.280084679595954,13.678702869526163,2.3024030597113416;17.479092617537404,11.080351461505307,1.1103263964905046;8.540140392127444,12.019562633396255,1.1337858747342713;11.741065877053364,13.225358942033967,0.46373120111325383;0.2566576950879157,15.438502156368578,0.25017761057893567;11.535138329870394,12.517501080138413,0.3023805730750141;2.2442554789509175,13.944225925149922,0.4764987910136303;2.829071724616509,6.815252500373287,1.116842398565673;12.89348341244764,4.462689100248536,2.456780207842593;2.792309268830196,1.9482063215231027,1.5239511084219592;18.63000485495394,9.516374612050642,0.4862045394896714;4.312449040471382,9.900114663805454,0.8882562845551485;0.6794491868940552,9.23994368862653,0.2431473573377341;17.386995268777646,18.78353211061407,0.9920648701342627"
42,drone_2,8.719,13.707,7.806,5.403,"14.145079426228822,14.135285643003368,0.36465074522886504;2.440226870056917,4.933819650250329,1.1897814698375528;1.3066818871107722,17.589369001861286,0.9125121680327651;2.357678421611219,12.84984572684092,0.8379462386470249;16.982338471480936,14.4574540115461,0.7795617732176426;16.6561314066347,16.403439279548287,1.2836920917924646;5.398747996641409,15.000606954740654,0.2759122247568536;15.264278401717403,10.29919208231439,0.2316821241488554;10.911255852773824,12.32733772574333,0.7238978160411744;4.280084679595954,13.678702869526163,2.3024030597113416;17.479092617537404,11.080351461505307,1.1103263964905046;8.540140392127444,12.019562633396255,1.1337858747342713;11.741065877053364,13.225358942033967,0.46373120111325383;0.2566576950879157,15.438502156368578,0.25017761057893567;11.535138329870394,12.517501080138413,0.3023805730750141;2.2442554789509175,13.944225925149922,0.4764987910136303;2.829071724616509,6.815252500373287,1.116842398565673;12.89348341244764,4.462689100248536,2.456780207842593;2.792309268830196,1.9482063215231027,1.5239511084219592;18.63000485495394,9.516374612050642,0.4862045394896714;4.312449040471382,9.900114663805454,0.8882562845551485;0.6794491868940552,9.23994368862653,0.2431473573377341;17.386995268777646,18.78353211061407,0.9920648701342627"
42,drone_3,11.284,7.794,7.806,5.403,"14.145079426228822,14.135285643003368,0.36465074522886504;2.440226870056917,4.933819650250329,1.1897814698375528;1.3066818871107722,17.589369001861286,0.9125121680327651;2.357678421611219,12.84984572684092,0.8379462386470249;16.982338471480936,14.4574540115461,0.7795617732176426;16.6561314066347,16.403439279548287,1.2836920917924646;5.398747996641409,15.000606954740654,0.2759122247568536;15.264278401717403,10.29919208231439,0.2316821241488554;10.911255852773824,12.32733772574333,0.7238978160411744;4.280084679595954,13.678702869526163,2.3024030597113416;17.479092617537404,11.080351461505307,1.1103263964905046;8.540140392127444,12.019562633396255,1.1337858747342713;11.741065877053364,13.225358942033967,0.46373120111325383;0.2566576950879157,15.438502156368578,0.25017761057893567;11.535138329870394,12.517501080138413,0.3023805730750141;2.2442554789509175,13.944225925149922,0.4764987910136303;2.829071724616509,6.815252500373287,1.116842398565673;12.89348341244764,4.462689100248536,2.456780207842593;2.792309268830196,1.9482063215231027,1.5239511084219592;18.63000485495394,9.516374612050642,0.4862045394896714;4.312449040471382,9.900114663805454,0.8882562845551485;0.6794491868940552,9.23994368862653,0.2431473573377341;17.386995268777646,18.78353211061407,0.9920648701342627"
42,drone_4,14.032,7.651,7.806,5.403,"14.145079426228822,14.135285643003368,0.36465074522886504;2.440226870056917,4.933819650250329,1.1897814698375528;1.3066818871107722,17.589369001861286,0.9125121680327651;2.357678421611219,12.84984572684092,0.8379462386470249;16.982338471480936,14.4574540115461,0.7795617732176426;16.6561314066347,16.403439279548287,1.2836920917924646;5.398747996641409,15.000606954740654,0.2759122247568536;15.264278401717403,10.29919208231439,0.2316821241488554;10.911255852773824,12.32733772574333,0.7238978160411744;4.280084679595954,13.678702869526163,2.3024030597113416;17.479092617537404,11.080351461505307,1.1103263964905046;8.540140392127444,12.019562633396255,1.1337858747342713;11.741065877053364,13.225358942033967,0.46373120111325383;0.2566576950879157,15.438502156368578,0.25017761057893567;11.535138329870394,12.517501080138413,0.3023805730750141;2.2442554789509175,13.944225925149922,0.4764987910136303;2.829071724616509,6.815252500373287,1.116842398565673;12.89348341244764,4.462689100248536,2.456780207842593;2.792309268830196,1.9482063215231027,1.5239511084219592;18.63000485495394,9.516374612050642,0.4862045394896714;4.312449040471382,9.900114663805454,0.8882562845551485;0.6794491868940552,9.23994368862653,0.2431473573377341;17.386995268777646,18.78353211061407,0.9920648701342627"
42,drone_7,10.624,9.786,7.806,5.403,"14.145079426228822,14.135285643003368,0.36465074522886504;2.440226870056917,4.933819650250329,1.1897814698375528;1.3066818871107722,17.589369001861286,0.9125121680327651;2.357678421611219,12.84984572684092,0.8379462386470249;16.982338471480936,14.4574540115461,0.7795617732176426;16.6561314066347,16.403439279548287,1.2836920917924646;5.398747996641409,15.000606954740654,0.2759122247568536;15.264278401717403,10.29919208231439,0.2316821241488554;10.911255852773824,12.32733772574333,0.7238978160411744;4.280084679595954,13.678702869526163,2.3024030597113416;17.479092617537404,11.080351461505307,1.1103263964905046;8.540140392127444,12.019562633396255,1.1337858747342713;11.741065877053364,13.225358942033967,0.46373120111325383;0.2566576950879157,15.438502156368578,0.25017761057893567;11.535138329870394,12.517501080138413,0.3023805730750141;2.2442554789509175,13.944225925149922,0.4764987910136303;2.829071724616509,6.815252500373287,1.116842398565673;12.89348341244764,4.462689100248536,2.456780207842593;2.792309268830196,1.9482063215231027,1.5239511084219592;18.63000485495394,9.516374612050642,0.4862045394896714;4.312449040471382,9.900114663805454,0.8882562845551485;0.6794491868940552,9.23994368862653,0.2431473573377341;17.386995268777646,18.78353211061407,0.9920648701342627"
42,drone_9,5.937,6.635,7.806,5.403,"14.145079426228822,14.135285643003368,0.36465074522886504;2.440226870056917,4.933819650250329,1.1897814698375528;1.3066818871107722,17.589369001861286,0.9125121680327651;2.357678421611219,12.84984572684092,0.8379462386470249;16.982338471480936,14.4574540115461,0.7795617732176426;16.6561314066347,16.403439279548287,1.2836920917924646;5.398747996641409,15.000606954740654,0.2759122247568536;15.264278401717403,10.29919208231439,0.2316821241488554;10.911255852773824,12.32733772574333,0.7238978160411744;4.280084679595954,13.678702869526163,2.3024030597113416;17.479092617537404,11.080351461505307,1.1103263964905046;8.540140392127444,12.019562633396255,1.1337858747342713;11.741065877053364,13.225358942033967,0.46373120111325383;0.2566576950879157,15.438502156368578,0.25017761057893567;11.535138329870394,12.517501080138413,0.3023805730750141;2.2442554789509175,13.944225925149922,0.4764987910136303;2.829071724616509,6.815252500373287,1.116842398565673;12.89348341244764,4.462689100248536,2.456780207842593;2.792309268830196,1.9482063215231027,1.5239511084219592;18.63000485495394,9.516374612050642,0.4862045394896714;4.312449040471382,9.900114663805454,0.8882562845551485;0.6794491868940552,9.23994368862653,0.2431473573377341;17.386995268777646,18.78353211061407,0.9920648701342627"
43,drone_0,4.729,7.606,7.806,5.403,"14.145079426228822,14.135285643003368,0.36465074522886504;2.440226870056917,4.933819650250329,1.1897814698375528;1.3066818871107722,17.589369001861286,0.9125121680327651;2.357678421611219,12.84984572684092,0.8379462386470249;16.982338471480936,14.4574540115461,0.7795617732176426;16.6561314066347,16.403439279548287,1.2836920917924646;5.398747996641409,15.000606954740654,0.2759122247568536;15.264278401717403,10.29919208231439,0.2316821241488554;10.911255852773824,12.32733772574333,0.7238978160411744;4.280084679595954,13.678702869526163,2.3024030597113416;17.479092617537404,11.080351461505307,1.1103263964905046;8.540140392127444,12.019562633396255,1.1337858747342713;11.741065877053364,13.225358942033967,0.46373120111325383;0.2566576950879157,15.438502156368578,0.25017761057893567;11.535138329870394,12.517501080138413,0.3023805730750141;2.2442554789509175,13.944225925149922,0.4764987910136303;2.829071724616509,6.815252500373287,1.116842398565673;12.89348341244764,4.462689100248536,2.456780207842593;2.792309268830196,1.9482063215231027,1.5239511084219592;18.63000485495394,9.516374612050642,0.4862045394896714;4.312449040471382,9.900114663805454,0.8882562845551485;0.6794491868940552,9.23994368862653,0.2431473573377341;17.386995268777646,18.78353211061407,0.9920648701342627"
43,drone_1,10.158,8.570,7.806,5.403,"14.145079426228822,14.135285643003368,0.36465074522886504;2.440226870056917,4.933819650250329,1.1897814698375528;1.3066818871107722,17.589369001861286,0.9125121680327651;2.357678421611219,12.84984572684092,0.8379462386470249;16.982338471480936,14.4574540115461,0.7795617732176426;16.6561314066347,16.403439279548287,1.2836920917924646;5.398747996641409,15.000606954740654,0.2759122247568536;15.264278401717403,10.29919208231439,0.2316821241488554;10.911255852773824,12.32733772574333,0.7238978160411744;4.280084679595954,13.678702869526163,2.3024030597113416;17.479092617537404,11.080351461505307,1.1103263964905046;8.540140392127444,12.019562633396255,1.1337858747342713;11.741065877053364,13.225358942033967,0.46373120111325383;0.2566576950879157,15.438502156368578,0.25017761057893567;11.535138329870394,12.517501080138413,0.3023805730750141;2.2442554789509175,13.944225925149922,0.4764987910136303;2.829071724616509,6.815252500373287,1.116842398565673;12.89348341244764,4.462689100248536,2.456780207842593;2.792309268830196,1.9482063215231027,1.5239511084219592;18.63000485495394,9.516374612050642,0.4862045394896714;4.312449040471382,9.900114663805454,0.8882562845551485;0.6794491868940552,9.23994368862653,0.2431473573377341;17.386995268777646,18.78353211061407,0.9920648701342627"
43,drone_2,8.519,13.712,7.806,5.403,"14.145079426228822,14.135285643003368,0.36465074522886504;2.440226870056917,4.933819650250329,1.1897814698375528;1.3066818871107722,17.589369001861286,0.9125121680327651;2.357678421611219,12.84984572684092,0.8379462386470249;16.982338471480936,14.4574540115461,0.7795617732176426;16.6561314066347,16.403439279548287,1.2836920917924646;5.398747996641409,15.000606954740654,0.2759122247568536;15.264278401717403,10.29919208231439,0.2316821241488554;10.911255852773824,12.32733772574333,0.7238978160411744;4.280084679595954,13.678702869526163,2.3024030597113416;17.479092617537404,11.080351461505307,1.1103263964905046;8.540140392127444,12.019562633396255,1.1337858747342713;11.741065877053364,13.225358942033967,0.46373120111325383;0.2566576950879157,15.438502156368578,0.25017761057893567;11.535138329870394,12.517501080138413,0.3023805730750141;2.2442554789509175,13.944225925149922,0.4764987910136303;2.829071724616509,6.815252500373287,1.116842398565673;12.89348341244764,4.462689100248536,2.456780207842593;2.792309268830196,1.9482063215231027,1.5239511084219592;18.63000485495394,9.516374612050642,0.4862045394896714;4.312449040471382,9.900114663805454,0.8882562845551485;0.6794491868940552,9.23994368862653,0.2431473573377341;17.386995268777646,18.78353211061407,0.9920648701342627"
43,drone_3,11.123,7.675,7.806,5.403,"14.145079426228822,14.135285643003368,0.36465074522886504;2.440226870056917,4.933819650250329,1.1897814698375528;1.3066818871107722,17.589369001861286,0.9125121680327651;2.357678421611219,12.84984572684092,0.8379462386470249;16.982338471480936,14.4574540115461,0.7795617732176426;16.6561314066347,16.403439279548287,1.2836920917924646;5.398747996641409,15.000606954740654,0.2759122247568536;15.264278401717403,10.29919208231439,0.2316821241488554;10.911255852773824,12.32733772574333,0.7238978160411744;4.280084679595954,13.678702869526163,2.3024030597113416;17.479092617537404,11.080351461505307,1.1103263964905046;8.540140392127444,12.019562633396255,1.1337858747342713;11.741065877053364,13.225358942033967,0.46373120111325383;0.2566576950879157,15.438502156368578,0.25017761057893567;11.535138329870394,12.517501080138413,0.3023805730750141;2.2442554789509175,13.944225925149922,0.4764987910136303;2.829071724616509,6.815252500373287,1.116842398565673;12.89348341244764,4.462689100248536,2.456780207842593;2.792309268830196,1.9482063215231027,1.5239511084219592;18.63000485495394,9.516374612050642,0.4862045394896714;4.312449040471382,9.900114663805454,0.8882562845551485;0.6794491868940552,9.23994368862653,0.2431473573377341;17.386995268777646,18.78353211061407,0.9920648701342627"
43,drone_4,13.834,7.674,7.806,5.403,"14.145079426228822,14.135285643003368,0.36465074522886504;2.440226870056917,4.933819650250329,1.1897814698375528;1.3066818871107722,17.589369001861286,0.9125121680327651;2.357678421611219,12.84984572684092,0.8379462386470249;16.982338471480936,14.4574540115461,0.7795617732176426;16.6561314066347,16.403439279548287,1.2836920917924646;5.398747996641409,15.000606954740654,0.2759122247568536;15.264278401717403,10.29919208231439,0.2316821241488554;10.911255852773824,12.32733772574333,0.7238978160411744;4.280084679595954,13.678702869526163,2.3024030597113416;17.479092617537404,11.080351461505307,1.1103263964905046;8.540140392127444,12.019562633396255,1.1337858747342713;11.741065877053364,13.225358942033967,0.46373120111325383;0.2566576950879157,15.438502156368578,0.25017761057893567;11.535138329870394,12.517501080138413,0.3023805730750141;2.2442554789509175,13.944225925149922,0.4764987910136303;2.829071724616509,6.815252500373287,1.116842398565673;12.89348341244764,4.462689100248536,2.456780207842593;2.792309268830196,1.9482063215231027,1.5239511084219592;18.63000485495394,9.516374612050642,0.4862045394896714;4.312449040471382,9.900114663805454,0.8882562845551485;0.6794491868940552,9.23994368862653,0.2431473573377341;17.386995268777646,18.78353211061407,0.9920648701342627"
43,drone_7,10.476,9.651,7.806,5.403,"14.145079426228822,14.135285643003368,0.36465074522886504;2.440226870056917,4.933819650250329,1.1897814698375528;1.3066818871107722,17.589369001861286,0.9125121680327651;2.357678421611219,12.84984572684092,0.8379462386470249;16.982338471480936,14.4574540115461,0.7795617732176426;16.6561314066347,16.403439279548287,1.2836920917924646;5.398747996641409,15.000606954740654,0.2759122247568536;15.264278401717403,10.29919208231439,0.2316821241488554;10.911255852773824,12.32733772574333,0.7238978160411744;4.280084679595954,13.678702869526163,2.3024030597113416;17.479092617537404,11.080351461505307,1.1103263964905046;8.540140392127444,12.019562633396255,1.1337858747342713;11.741065877053364,13.225358942033967,0.46373120111325383;0.2566576950879157,15.438502156368578,0.25017761057893567;11.535138329870394,12.517501080138413,0.3023805730750141;2.2442554789509175,13.944225925149922,0.4764987910136303;2.829071724616509,6.815252500373287,1.116842398565673;12.89348341244764,4.462689100248536,2.456780207842593;2.792309268830196,1.9482063215231027,1.5239511084219592;18.63000485495394,9.516374612050642,0.4862045394896714;4.312449040471382,9.900114663805454,0.8882562845551485;0.6794491868940552,9.23994368862653,0.2431473573377341;17.386995268777646,18.78353211061407,0.9920648701342627"
43,drone_9,6.078,6.494,7.806,5.403,"14.145079426228822,14.135285643003368,0.36465074522886504;2.440226870056917,4.933819650250329,1.1897814698375528;1.3066818871107722,17.589369001861286,0.9125121680327651;2.357678421611219,12.84984572684092,0.8379462386470249;16.982338471480936,14.4574540115461,0.7795617732176426;16.6561314066347,16.403439279548287,1.2836920917924646;5.398747996641409,15.000606954740654,0.2759122247568536;15.264278401717403,10.29919208231439,0.2316821241488554;10.911255852773824,12.32733772574333,0.7238978160411744;4.280084679595954,13.678702869526163,2.3024030597113416;17.479092617537404,11.080351461505307,1.1103263964905046;8.540140392127444,12.019562633396255,1.1337858747342713;11.741065877053364,13.225358942033967,0.46373120111325383;0.2566576950879157,15.438502156368578,0.25017761057893567;11.535138329870394,12.517501080138413,0.3023805730750141;2.2442554789509175,13.944225925149922,0.4764987910136303;2.829071724616509,6.815252500373287,1.116842398565673;12.89348341244764,4.462689100248536,2.456780207842593;2.792309268830196,1.9482063215231027,1.5239511084219592;18.63000485495394,9.516374612050642,0.4862045394896714;4.312449040471382,9.900114663805454,0.8882562845551485;0.6794491868940552,9.23994368862653,0.2431473573377341;17.386995268777646,18.78353211061407,0.9920648701342627"
44,drone_0,4.875,7.470,7.806,5.403,"14.145079426228822,14.135285643003368,0.36465074522886504;2.440226870056917,4.933819650250329,1.1897814698375528;1.3066818871107722,17.589369001861286,0.9125121680327651;2.357678421611219,12.84984572684092,0.8379462386470249;16.982338471480936,14.4574540115461,0.7795617732176426;16.6561314066347,16.403439279548287,1.2836920917924646;5.398747996641409,15.000606954740654,0.2759122247568536;15.264278401717403,10.29919208231439,0.2316821241488554;10.911255852773824,12.32733772574333,0.7238978160411744;4.280084679595954,13.678702869526163,2.3024030597113416;17.479092617537404,11.080351461505307,1.1103263964905046;8.540140392127444,12.019562633396255,1.1337858747342713;11.741065877053364,13.225358942033967,0.46373120111325383;0.2566576950879157,15.438502156368578,0.25017761057893567;11.535138329870394,12.517501080138413,0.3023805730750141;2.2442554789509175,13.944225925149922,0.4764987910136303;2.829071724616509,6.815252500373287,1.116842398565673;12.89348341244764,4.462689100248536,2.456780207842593;2.792309268830196,1.9482063215231027,1.5239511084219592;18.63000485495394,9.516374612050642,0.4862045394896714;4.312449040471382,9.900114663805454,0.8882562845551485;0.6794491868940552,9.23994368862653,0.2431473573377341;17.386995268777646,18.78353211061407,0.9920648701342627"
44,drone_1,10.018,8.427,7.806,5.403,"14.145079426228822,14.135285643003368,0.36465074522886504;2.440226870056917,4.933819650250329,1.1897814698375528;1.3066818871107722,17.589369001861286,0.9125121680327651;2.357678421611219,12.84984572684092,0.8379462386470249;16.982338471480936,14.4574540115461,0.7795617732176426;16.6561314066347,16.403439279548287,1.2836920917924646;5.398747996641409,15.000606954740654,0.2759122247568536;15.264278401717403,10.29919208231439,0.2316821241488554;10.911255852773824,12.32733772574333,0.7238978160411744;4.280084679595954,13.678702869526163,2.3024030597113416;17.479092617537404,11.080351461505307,1.1103263964905046;8.540140392127444,12.019562633396255,1.1337858747342713;11.741065877053364,13.225358942033967,0.46373120111325383;0.2566576950879157,15.438502156368578,0.25017761057893567;11.535138329870394,12.517501080138413,0.3023805730750141;2.2442554789509175,13.944225925149922,0.4764987910136303;2.829071724616509,6.815252500373287,1.116842398565673;12.89348341244764,4.462689100248536,2.456780207842593;2.792309268830196,1.9482063215231027,1.5239511084219592;18.63000485495394,9.516374612050642,0.4862045394896714;4.312449040471382,9.900114663805454,0.8882562845551485;0.6794491868940552,9.23994368862653,0.2431473573377341;17.386995268777646,18.78353211061407,0.9920648701342627"
44,drone_2,8.320,13.732,7.806,5.403,"14.145079426228822,14.135285643003368,0.36465074522886504;2.440226870056917,4.933819650250329,1.1897814698375528;1.3066818871107722,17.589369001861286,0.9125121680327651;2.357678421611219,12.84984572684092,0.8379462386470249;16.982338471480936,14.4574540115461,0.7795617732176426;16.6561314066347,16.403439279548287,1.2836920917924646;5.398747996641409,15.000606954740654,0.2759122247568536;15.264278401717403,10.29919208231439,0.2316821241488554;10.911255852773824,12.32733772574333,0.7238978160411744;4.280084679595954,13.678702869526163,2.3024030597113416;17.479092617537404,11.080351461505307,1.1103263964905046;8.540140392127444,12.019562633396255,1.1337858747342713;11.741065877053364,13.225358942033967,0.46373120111325383;0.2566576950879157,15.438502156368578,0.25017761057893567;11.535138329870394,12.517501080138413,0.3023805730750141;2.2442554789509175,13.944225925149922,0.4764987910136303;2.829071724616509,6.815252500373287,1.116842398565673;12.89348341244764,4.462689100248536,2.456780207842593;2.792309268830196,1.9482063215231027,1.5239511084219592;18.63000485495394,9.516374612050642,0.4862045394896714;4.312449040471382,9.900114663805454,0.8882562845551485;0.6794491868940552,9.23994368862653,0.2431473573377341;17.386995268777646,18.78353211061407,0.9920648701342627"
44,drone_3,10.970,7.547,7.806,5.403,"14.145079426228822,14.135285643003368,0.36465074522886504;2.440226870056917,4.933819650250329,1.1897814698375528;1.3066818871107722,17.589369001861286,0.9125121680327651;2.357678421611219,12.84984572684092,0.8379462386470249;16.982338471480936,14.4574540115461,0.7795617732176426;16.6561314066347,16.403439279548287,1.2836920917924646;5.398747996641409,15.000606954740654,0.2759122247568536;15.264278401717403,10.29919208231439,0.2316821241488554;10.911255852773824,12.32733772574333,0.7238978160411744;4.280084679595954,13.678702869526163,2.3024030597113416;17.479092617537404,11.080351461505307,1.1103263964905046;8.540140392127444,12.019562633396255,1.1337858747342713;11.741065877053364,13.225358942033967,0.46373120111325383;0.2566576950879157,15.438502156368578,0.25017761057893567;11.535138329870394,12.517501080138413,0.3023805730750141;2.2442554789509175,13.944225925149922,0.4764987910136303;2.829071724616509,6.815252500373287,1.116842398565673;12.89348341244764,4.462689100248536,2.456780207842593;2.792309268830196,1.9482063215231027,1.5239511084219592;18.63000485495394,9.516374612050642,0.4862045394896714;4.312449040471382,9.900114663805454,0.8882562845551485;0.6794491868940552,9.23994368862653,0.2431473573377341;17.386995268777646,18.78353211061407,0.9920648701342627"
44,drone_4,13.649,7.749,7.806,5.403,"14.145079426228822,14.135285643003368,0.36465074522886504;2.440226870056917,4.933819650250329,1.1897814698375528;1.3066818871107722,17.589369001861286,0.9125121680327651;2.357678421611219,12.84984572684092,0.8379462386470249;16.982338471480936,14.4574540115461,0.7795617732176426;16.6561314066347,16.403439279548287,1.2836920917924646;5.398747996641409,15.000606954740654,0.2759122247568536;15.264278401717403,10.29919208231439,0.2316821241488554;10.911255852773824,12.32733772574333,0.7238978160411744;4.280084679595954,13.678702869526163,2.3024030597113416;17.479092617537404,11.080351461505307,1.1103263964905046;8.540140392127444,12.019562633396255,1.1337858747342713;11.741065877053364,13.225358942033967,0.46373120111325383;0.2566576950879157,15.438502156368578,0.25017761057893567;11.535138329870394,12.517501080138413,0.3023805730750141;2.2442554789509175,13.944225925149922,0.4764987910136303;2.829071724616509,6.815252500373287,1.116842398565673;12.89348341244764,4.462689100248536,2.456780207842593;2.792309268830196,1.9482063215231027,1.5239511084219592;18.63000485495394,9.516374612050642,0.4862045394896714;4.312449040471382,9.900114663805454,0.8882562845551485;0.6794491868940552,9.23994368862653,0.2431473573377341;17.386995268777646,18.78353211061407,0.9920648701342627"
44,drone_7,10.327,9.517,7.806,5.403,"14.145079426228822,14.135285643003368,0.36465074522886504;2.440226870056917,4.933819650250329,1.1897814698375528;1.3066818871107722,17.589369001861286,0.9125121680327651;2.357678421611219,12.84984572684092,0.8379462386470249;16.982338471480936,14.4574540115461,0.7795617732176426;16.6561314066347,16.403439279548287,1.2836920917924646;5.398747996641409,15.000606954740654,0.2759122247568536;15.264278401717403,10.29919208231439,0.2316821241488554;10.911255852773824,12.32733772574333,0.7238978160411744;4.280084679595954,13.678702869526163,2.3024030597113416;17.479092617537404,11.080351461505307,1.1103263964905046;8.540140392127444,12.019562633396255,1.1337858747342713;11.741065877053364,13.225358942033967,0.46373120111325383;0.2566576950879157,15.438502156368578,0.25017761057893567;11.535138329870394,12.517501080138413,0.3023805730750141;2.2442554789509175,13.944225925149922,0.4764987910136303;2.829071724616509,6.815252500373287,1.116842398565673;12.89348341244764,4.462689100248536,2.456780207842593;2.792309268830196,1.9482063215231027,1.5239511084219592;18.63000485495394,9.516374612050642,0.4862045394896714;4.312449040471382,9.900114663805454,0.8882562845551485;0.6794491868940552,9.23994368862653,0.2431473573377341;17.386995268777646,18.78353211061407,0.9920648701342627"
44,drone_9,6.220,6.353,7.806,5.403,"14.145079426228822,14.135285643003368,0.36465074522886504;2.440226870056917,4.933819650250329,1.1897814698375528;1.3066818871107722,17.589369001861286,0.9125121680327651;2.357678421611219,12.84984572684092,0.8379462386470249;16.982338471480936,14.4574540115461,0.7795617732176426;16.6561314066347,16.403439279548287,1.2836920917924646;5.398747996641409,15.000606954740654,0.2759122247568536;15.264278401717403,10.29919208231439,0.2316821241488554;10.911255852773824,12.32733772574333,0.7238978160411744;4.280084679595954,13.678702869526163,2.3024030597113416;17.479092617537404,11.080351461505307,1.1103263964905046;8.540140392127444,12.019562633396255,1.1337858747342713;11.741065877053364,13.225358942033967,0.46373120111325383;0.2566576950879157,15.438502156368578,0.25017761057893567;11.535138329870394,12.517501080138413,0.3023805730750141;2.2442554789509175,13.944225925149922,0.4764987910136303;2.829071724616509,6.815252500373287,1.116842398565673;12.89348341244764,4.462689100248536,2.456780207842593;2.792309268830196,1.9482063215231027,1.5239511084219592;18.63000485495394,9.516374612050642,0.4862045394896714;4.312449040471382,9.900114663805454,0.8882562845551485;0.6794491868940552,9.23994368862653,0.2431473573377341;17.386995268777646,18.78353211061407,0.9920648701342627"
45,drone_0,5.020,7.331,7.806,5.403,"14.145079426228822,14.135285643003368,0.36465074522886504;2.440226870056917,4.933819650250329,1.1897814698375528;1.3066818871107722,17.589369001861286,0.9125121680327651;2.357678421611219,12.84984572684092,0.8379462386470249;16.982338471480936,14.4574540115461,0.7795617732176426;16.6561314066347,16.403439279548287,1.2836920917924646;5.398747996641409,15.000606954740654,0.2759122247568536;15.264278401717403,10.29919208231439,0.2316821241488554;10.911255852773824,12.32733772574333,0.7238978160411744;4.280084679595954,13.678702869526163,2.3024030597113416;17.479092617537404,11.080351461505307,1.1103263964905046;8.540140392127444,12.019562633396255,1.1337858747342713;11.741065877053364,13.225358942033967,0.46373120111325383;0.2566576950879157,15.438502156368578,0.25017761057893567;11.535138329870394,12.517501080138413,0.3023805730750141;2.2442554789509175,13.944225925149922,0.4764987910136303;2.829071724616509,6.815252500373287,1.116842398565673;12.89348341244764,4.462689100248536,2.456780207842593;2.792309268830196,1.9482063215231027,1.5239511084219592;18.63000485495394,9.516374612050642,0.4862045394896714;4.312449040471382,9.900114663805454,0.8882562845551485;0.6794491868940552,9.23994368862653,0.2431473573377341;17.386995268777646,18.78353211061407,0.9920648701342627"
45,drone_1,9.879,8.283,7.806,5.403,"14.145079426228822,14.135285643003368,0.36465074522886504;2.440226870056917,4.933819650250329,1.1897814698375528;1.3066818871107722,17.589369001861286,0.9125121680327651;2.357678421611219,12.84984572684092,0.8379462386470249;16.982338471480936,14.4574540115461,0.7795617732176426;16.6561314066347,16.403439279548287,1.2836920917924646;5.398747996641409,15.000606954740654,0.2759122247568536;15.264278401717403,10.29919208231439,0.2316821241488554;10.911255852773824,12.32733772574333,0.7238978160411744;4.280084679595954,13.678702869526163,2.3024030597113416;17.479092617537404,11.080351461505307,1.1103263964905046;8.540140392127444,12.019562633396255,1.1337858747342713;11.741065877053364,13.225358942033967,0.46373120111325383;0.2566576950879157,15.438502156368578,0.25017761057893567;11.535138329870394,12.517501080138413,0.3023805730750141;2.2442554789509175,13.944225925149922,0.4764987910136303;2.829071724616509,6.815252500373287,1.116842398565673;12.89348341244764,4.462689100248536,2.456780207842593;2.792309268830196,1.9482063215231027,1.5239511084219592;18.63000485495394,9.516374612050642,0.4862045394896714;4.312449040471382,9.900114663805454,0.8882562845551485;0.6794491868940552,9.23994368862653,0.2431473573377341;17.386995268777646,18.78353211061407,0.9920648701342627"
45,drone_2,8.151,13.656,7.806,5.403,"14.145079426228822,14.135285643003368,0.36465074522886504;2.440226870056917,4.933819650250329,1.1897814698375528;1.3066818871107722,17.589369001861286,0.9125121680327651;2.357678421611219,12.84984572684092,0.8379462386470249;16.982338471480936,14.4574540115461,0.7795617732176426;16.6561314066347,16.403439279548287,1.2836920917924646;5.398747996641409,15.000606954740654,0.2759122247568536;15.264278401717403,10.29919208231439,0.2316821241488554;10.911255852773824,12.32733772574333,0.7238978160411744;4.280084679595954,13.678702869526163,2.3024030597113416;17.479092617537404,11.080351461505307,1.1103263964905046;8.540140392127444,12.019562633396255,1.1337858747342713;11.741065877053364,13.225358942033967,0.46373120111325383;0.2566576950879157,15.438502156368578,0.25017761057893567;11.535138329870394,12.517501080138413,0.3023805730750141;2.2442554789509175,13.944225925149922,0.4764987910136303;2.829071724616509,6.815252500373287,1.116842398565673;12.89348341244764,4.462689100248536,2.456780207842593;2.792309268830196,1.9482063215231027,1.5239511084219592;18.63000485495394,9.516374612050642,0.4862045394896714;4.312449040471382,9.900114663805454,0.8882562845551485;0.6794491868940552,9.23994368862653,0.2431473573377341;17.386995268777646,18.78353211061407,0.9920648701342627"
45,drone_3,10.822,7.412,7.806,5.403,"14.145079426228822,14.135285643003368,0.36465074522886504;2.440226870056917,4.933819650250329,1.1897814698375528;1.3066818871107722,17.589369001861286,0.9125121680327651;2.357678421611219,12.84984572684092,0.8379462386470249;16.982338471480936,14.4574540115461,0.7795617732176426;16.6561314066347,16.403439279548287,1.2836920917924646;5.398747996641409,15.000606954740654,0.2759122247568536;15.264278401717403,10.29919208231439,0.2316821241488554;10.911255852773824,12.32733772574333,0.7238978160411744;4.280084679595954,13.678702869526163,2.3024030597113416;17.479092617537404,11.080351461505307,1.1103263964905046;8.540140392127444,12.019562633396255,1.1337858747342713;11.741065877053364,13.225358942033967,0.46373120111325383;0.2566576950879157,15.438502156368578,0.25017761057893567;11.535138329870394,12.517501080138413,0.3023805730750141;2.2442554789509175,13.944225925149922,0.4764987910136303;2.829071724616509,6.815252500373287,1.116842398565673;12.89348341244764,4.462689100248536,2.456780207842593;2.792309268830196,1.9482063215231027,1.5239511084219592;18.63000485495394,9.516374612050642,0.4862045394896714;4.312449040471382,9.900114663805454,0.8882562845551485;0.6794491868940552,9.23994368862653,0.2431473573377341;17.386995268777646,18.78353211061407,0.9920648701342627"
45,drone_4,13.459,7.812,7.806,5.403,"14.145079426228822,14.135285643003368,0.36465074522886504;2.440226870056917,4.933819650250329,1.1897814698375528;1.3066818871107722,17.589369001861286,0.9125121680327651;2.357678421611219,12.84984572684092,0.8379462386470249;16.982338471480936,14.4574540115461,0.7795617732176426;16.6561314066347,16.403439279548287,1.2836920917924646;5.398747996641409,15.000606954740654,0.2759122247568536;15.264278401717403,10.29919208231439,0.2316821241488554;10.911255852773824,12.32733772574333,0.7238978160411744;4.280084679595954,13.678702869526163,2.3024030597113416;17.479092617537404,11.080351461505307,1.1103263964905046;8.540140392127444,12.019562633396255,1.1337858747342713;11.741065877053364,13.225358942033967,0.46373120111325383;0.2566576950879157,15.438502156368578,0.25017761057893567;11.535138329870394,12.517501080138413,0.3023805730750141;2.2442554789509175,13.944225925149922,0.4764987910136303;2.829071724616509,6.815252500373287,1.116842398565673;12.89348341244764,4.462689100248536,2.456780207842593;2.792309268830196,1.9482063215231027,1.5239511084219592;18.63000485495394,9.516374612050642,0.4862045394896714;4.312449040471382,9.900114663805454,0.8882562845551485;0.6794491868940552,9.23994368862653,0.2431473573377341;17.386995268777646,18.78353211061407,0.9920648701342627"
45,drone_7,10.181,9.380,7.806,5.403,"14.145079426228822,14.135285643003368,0.36465074522886504;2.440226870056917,4.933819650250329,1.1897814698375528;1.3066818871107722,17.589369001861286,0.9125121680327651;2.357678421611219,12.84984572684092,0.8379462386470249;16.982338471480936,14.4574540115461,0.7795617732176426;16.6561314066347,16.403439279548287,1.2836920917924646;5.398747996641409,15.000606954740654,0.2759122247568536;15.264278401717403,10.29919208231439,0.2316821241488554;10.911255852773824,12.32733772574333,0.7238978160411744;4.280084679595954,13.678702869526163,2.3024030597113416;17.479092617537404,11.080351461505307,1.1103263964905046;8.540140392127444,12.019562633396255,1.1337858747342713;11.741065877053364,13.225358942033967,0.46373120111325383;0.2566576950879157,15.438502156368578,0.25017761057893567;11.535138329870394,12.517501080138413,0.3023805730750141;2.2442554789509175,13.944225925149922,0.4764987910136303;2.829071724616509,6.815252500373287,1.116842398565673;12.89348341244764,4.462689100248536,2.456780207842593;2.792309268830196,1.9482063215231027,1.5239511084219592;18.63000485495394,9.516374612050642,0.4862045394896714;4.312449040471382,9.900114663805454,0.8882562845551485;0.6794491868940552,9.23994368862653,0.2431473573377341;17.386995268777646,18.78353211061407,0.9920648701342627"
45,drone_9,6.361,6.211,7.806,5.403,"14.145079426228822,14.135285643003368,0.36465074522886504;2.440226870056917,4.933819650250329,1.1897814698375528;1.3066818871107722,17.589369001861286,0.9125121680327651;2.357678421611219,12.84984572684092,0.8379462386470249;16.982338471480936,14.4574540115461,0.7795617732176426;16.6561314066347,16.403439279548287,1.2836920917924646;5.398747996641409,15.000606954740654,0.2759122247568536;15.264278401717403,10.29919208231439,0.2316821241488554;10.911255852773824,12.32733772574333,0.7238978160411744;4.280084679595954,13.678702869526163,2.3024030597113416;17.479092617537404,11.080351461505307,1.1103263964905046;8.540140392127444,12.019562633396255,1.1337858747342713;11.741065877053364,13.225358942033967,0.46373120111325383;0.2566576950879157,15.438502156368578,0.25017761057893567;11.535138329870394,12.517501080138413,0.3023805730750141;2.2442554789509175,13.944225925149922,0.4764987910136303;2.829071724616509,6.815252500373287,1.116842398565673;12.89348341244764,4.462689100248536,2.456780207842593;2.792309268830196,1.9482063215231027,1.5239511084219592;18.63000485495394,9.516374612050642,0.4862045394896714;4.312449040471382,9.900114663805454,0.8882562845551485;0.6794491868940552,9.23994368862653,0.2431473573377341;17.386995268777646,18.78353211061407,0.9920648701342627"
46,drone_0,5.165,7.194,7.806,5.403,"14.145079426228822,14.135285643003368,0.36465074522886504;2.440226870056917,4.933819650250329,1.1897814698375528;1.3066818871107722,17.589369001861286,0.9125121680327651;2.357678421611219,12.84984572684092,0.8379462386470249;16.982338471480936,14.4574540115461,0.7795617732176426;16.6561314066347,16.403439279548287,1.2836920917924646;5.398747996641409,15.000606954740654,0.2759122247568536;15.264278401717403,10.29919208231439,0.2316821241488554;10.911255852773824,12.32733772574333,0.7238978160411744;4.280084679595954,13.678702869526163,2.3024030597113416;17.479092617537404,11.080351461505307,1.1103263964905046;8.540140392127444,12.019562633396255,1.1337858747342713;11.741065877053364,13.225358942033967,0.46373120111325383;0.2566576950879157,15.438502156368578,0.25017761057893567;11.535138329870394,12.517501080138413,0.3023805730750141;2.2442554789509175,13.944225925149922,0.4764987910136303;2.829071724616509,6.815252500373287,1.116842398565673;12.89348341244764,4.462689100248536,2.456780207842593;2.792309268830196,1.9482063215231027,1.5239511084219592;18.63000485495394,9.516374612050642,0.4862045394896714;4.312449040471382,9.900114663805454,0.8882562845551485;0.6794491868940552,9.23994368862653,0.2431473573377341;17.386995268777646,18.78353211061407,0.9920648701342627"
46,drone_1,9.739,8.140,7.806,5.403,"14.145079426228822,14.135285643003368,0.36465074522886504;2.440226870056917,4.933819650250329,1.1897814698375528;1.3066818871107722,17.589369001861286,0.9125121680327651;2.357678421611219,12.84984572684092,0.8379462386470249;16.982338471480936,14.4574540115461,0.7795617732176426;16.6561314066347,16.403439279548287,1.2836920917924646;5.398747996641409,15.000606954740654,0.2759122247568536;15.264278401717403,10.29919208231439,0.2316821241488554;10.911255852773824,12.32733772574333,0.7238978160411744;4.280084679595954,13.678702869526163,2.3024030597113416;17.479092617537404,11.080351461505307,1.1103263964905046;8.540140392127444,12.019562633396255,1.1337858747342713;11.741065877053364,13.225358942033967,0.46373120111325383;0.2566576950879157,15.438502156368578,0.25017761057893567;11.535138329870394,12.517501080138413,0.3023805730750141;2.2442554789509175,13.944225925149922,0.4764987910136303;2.829071724616509,6.815252500373287,1.116842398565673;12.89348341244764,4.462689100248536,2.456780207842593;2.792309268830196,1.9482063215231027,1.5239511084219592;18.63000485495394,9.516374612050642,0.4862045394896714;4.312449040471382,9.900114663805454,0.8882562845551485;0.6794491868940552,9.23994368862653,0.2431473573377341;17.386995268777646,18.78353211061407,0.9920648701342627"
46,drone_2,7.951,13.664,7.806,5.403,"14.145079426228822,14.135285643003368,0.36465074522886504;2.440226870056917,4.933819650250329,1.1897814698375528;1.3066818871107722,17.589369001861286,0.9125121680327651;2.357678421611219,12.84984572684092,0.8379462386470249;16.982338471480936,14.4574540115461,0.7795617732176426;16.6561314066347,16.403439279548287,1.2836920917924646;5.398747996641409,15.000606954740654,0.2759122247568536;15.264278401717403,10.29919208231439,0.2316821241488554;10.911255852773824,12.32733772574333,0.7238978160411744;4.280084679595954,13.678702869526163,2.3024030597113416;17.479092617537404,11.080351461505307,1.1103263964905046;8.540140392127444,12.019562633396255,1.1337858747342713;11.741065877053364,13.225358942033967,0.46373120111325383;0.2566576950879157,15.438502156368578,0.25017761057893567;11.535138329870394,12.517501080138413,0.3023805730750141;2.2442554789509175,13.944225925149922,0.4764987910136303;2.829071724616509,6.815252500373287,1.116842398565673;12.89348341244764,4.462689100248536,2.456780207842593;2.792309268830196,1.9482063215231027,1.5239511084219592;18.63000485495394,9.516374612050642,0.4862045394896714;4.312449040471382,9.900114663805454,0.8882562845551485;0.6794491868940552,9.23994368862653,0.2431473573377341;17.386995268777646,18.78353211061407,0.9920648701342627"
46,drone_3,10.676,7.275,7.806,5.403,"14.145079426228822,14.135285643003368,0.36465074522886504;2.440226870056917,4.933819650250329,1.1897814698375528;1.3066818871107722,17.589369001861286,0.9125121680327651;2.357678421611219,12.84984572684092,0.8379462386470249;16.982338471480936,14.4574540115461,0.7795617732176426;16.6561314066347,16.403439279548287,1.2836920917924646;5.398747996641409,15.000606954740654,0.2759122247568536;15.264278401717403,10.29919208231439,0.2316821241488554;10.911255852773824,12.32733772574333,0.7238978160411744;4.280084679595954,13.678702869526163,2.3024030597113416;17.479092617537404,11.080351461505307,1.1103263964905046;8.540140392127444,12.019562633396255,1.1337858747342713;11.741065877053364,13.225358942033967,0.46373120111325383;0.2566576950879157,15.438502156368578,0.25017761057893567;11.535138329870394,12.517501080138413,0.3023805730750141;2.2442554789509175,13.944225925149922,0.4764987910136303;2.829071724616509,6.815252500373287,1.116842398565673;12.89348341244764,4.462689100248536,2.456780207842593;2.792309268830196,1.9482063215231027,1.5239511084219592;18.63000485495394,9.516374612050642,0.4862045394896714;4.312449040471382,9.900114663805454,0.8882562845551485;0.6794491868940552,9.23994368862653,0.2431473573377341;17.386995268777646,18.78353211061407,0.9920648701342627"
46,drone_4,13.259,7.820,7.806,5.403,"14.145079426228822,14.135285643003368,0.36465074522886504;2.440226870056917,4.933819650250329,1.1897814698375528;1.3066818871107722,17.589369001861286,0.9125121680327651;2.357678421611219,12.84984572684092,0.8379462386470249;16.982338471480936,14.4574540115461,0.7795617732176426;16.6561314066347,16.403439279548287,1.2836920917924646;5.398747996641409,15.000606954740654,0.2759122247568536;15.264278401717403,10.29919208231439,0.2316821241488554;10.911255852773824,12.32733772574333,0.7238978160411744;4.280084679595954,13.678702869526163,2.3024030597113416;17.479092617537404,11.080351461505307,1.1103263964905046;8.540140392127444,12.019562633396255,1.1337858747342713;11.741065877053364,13.225358942033967,0.46373120111325383;0.2566576950879157,15.438502156368578,0.25017761057893567;11.535138329870394,12.517501080138413,0.3023805730750141;2.2442554789509175,13.944225925149922,0.4764987910136303;2.829071724616509,6.815252500373287,1.116842398565673;12.89348341244764,4.462689100248536,2.456780207842593;2.792309268830196,1.9482063215231027,1.5239511084219592;18.63000485495394,9.516374612050642,0.4862045394896714;4.312449040471382,9.900114663805454,0.8882562845551485;0.6794491868940552,9.23994368862653,0.2431473573377341;17.386995268777646,18.78353211061407,0.9920648701342627"
46,drone_7,10.038,9.241,7.806,5.403,"14.145079426228822,14.135285643003368,0.36465074522886504;2.440226870056917,4.933819650250329,1.1897814698375528;1.3066818871107722,17.589369001861286,0.9125121680327651;2.357678421611219,12.84984572684092,0.8379462386470249;16.982338471480936,14.4574540115461,0.7795617732176426;16.6561314066347,16.403439279548287,1.2836920917924646;5.398747996641409,15.000606954740654,0.2759122247568536;15.264278401717403,10.29919208231439,0.2316821241488554;10.911255852773824,12.32733772574333,0.7238978160411744;4.280084679595954,13.678702869526163,2.3024030597113416;17.479092617537404,11.080351461505307,1.1103263964905046;8.540140392127444,12.019562633396255,1.1337858747342713;11.741065877053364,13.225358942033967,0.46373120111325383;0.2566576950879157,15.438502156368578,0.25017761057893567;11.535138329870394,12.517501080138413,0.3023805730750141;2.2442554789509175,13.944225925149922,0.4764987910136303;2.829071724616509,6.815252500373287,1.116842398565673;12.89348341244764,4.462689100248536,2.456780207842593;2.792309268830196,1.9482063215231027,1.5239511084219592;18.63000485495394,9.516374612050642,0.4862045394896714;4.312449040471382,9.900114663805454,0.8882562845551485;0.6794491868940552,9.23994368862653,0.2431473573377341;17.386995268777646,18.78353211061407,0.9920648701342627"
46,drone_9,6.502,6.070,7.806,5.403,"14.145079426228822,14.135285643003368,0.36465074522886504;2.440226870056917,4.933819650250329,1.1897814698375528;1.3066818871107722,17.589369001861286,0.9125121680327651;2.357678421611219,12.84984572684092,0.8379462386470249;16.982338471480936,14.4574540115461,0.7795617732176426;16.6561314066347,16.403439279548287,1.2836920917924646;5.398747996641409,15.000606954740654,0.2759122247568536;15.264278401717403,10.29919208231439,0.2316821241488554;10.911255852773824,12.32733772574333,0.7238978160411744;4.280084679595954,13.678702869526163,2.3024030597113416;17.479092617537404,11.080351461505307,1.1103263964905046;8.540140392127444,12.019562633396255,1.1337858747342713;11.741065877053364,13.225358942033967,0.46373120111325383;0.2566576950879157,15.438502156368578,0.25017761057893567;11.535138329870394,12.517501080138413,0.3023805730750141;2.2442554789509175,13.944225925149922,0.4764987910136303;2.829071724616509,6.815252500373287,1.116842398565673;12.89348341244764,4.462689100248536,2.456780207842593;2.792309268830196,1.9482063215231027,1.5239511084219592;18.63000485495394,9.516374612050642,0.4862045394896714;4.312449040471382,9.900114663805454,0.8882562845551485;0.6794491868940552,9.23994368862653,0.2431473573377341;17.386995268777646,18.78353211061407,0.9920648701342627"
47,drone_0,5.309,7.056,7.806,5.403,"14.145079426228822,14.135285643003368,0.36465074522886504;2.440226870056917,4.933819650250329,1.1897814698375528;1.3066818871107722,17.589369001861286,0.9125121680327651;2.357678421611219,12.84984572684092,0.8379462386470249;16.982338471480936,14.4574540115461,0.7795617732176426;16.6561314066347,16.403439279548287,1.2836920917924646;5.398747996641409,15.000606954740654,0.2759122247568536;15.264278401717403,10.29919208231439,0.2316821241488554;10.911255852773824,12.32733772574333,0.7238978160411744;4.280084679595954,13.678702869526163,2.3024030597113416;17.479092617537404,11.080351461505307,1.1103263964905046;8.540140392127444,12.019562633396255,1.1337858747342713;11.741065877053364,13.225358942033967,0.46373120111325383;0.2566576950879157,15.438502156368578,0.25017761057893567;11.535138329870394,12.517501080138413,0.3023805730750141;2.2442554789509175,13.944225925149922,0.4764987910136303;2.829071724616509,6.815252500373287,1.116842398565673;12.89348341244764,4.462689100248536,2.456780207842593;2.792309268830196,1.9482063215231027,1.5239511084219592;18.63000485495394,9.516374612050642,0.4862045394896714;4.312449040471382,9.900114663805454,0.8882562845551485;0.6794491868940552,9.23994368862653,0.2431473573377341;17.386995268777646,18.78353211061407,0.9920648701342627"
47,drone_1,9.599,7.998,7.806,5.403,"14.145079426228822,14.135285643003368,0.36465074522886504;2.440226870056917,4.933819650250329,1.1897814698375528;1.3066818871107722,17.589369001861286,0.9125121680327651;2.357678421611219,12.84984572684092,0.8379462386470249;16.982338471480936,14.4574540115461,0.7795617732176426;16.6561314066347,16.403439279548287,1.2836920917924646;5.398747996641409,15.000606954740654,0.2759122247568536;15.264278401717403,10.29919208231439,0.2316821241488554;10.911255852773824,12.32733772574333,0.7238978160411744;4.280084679595954,13.678702869526163,2.3024030597113416;17.479092617537404,11.080351461505307,1.1103263964905046;8.540140392127444,12.019562633396255,1.1337858747342713;11.741065877053364,13.225358942033967,0.46373120111325383;0.2566576950879157,15.438502156368578,0.25017761057893567;11.535138329870394,12.517501080138413,0.3023805730750141;2.2442554789509175,13.944225925149922,0.4764987910136303;2.829071724616509,6.815252500373287,1.116842398565673;12.89348341244764,4.462689100248536,2.456780207842593;2.792309268830196,1.9482063215231027,1.5239511084219592;18.63000485495394,9.516374612050642,0.4862045394896714;4.312449040471382,9.900114663805454,0.8882562845551485;0.6794491868940552,9.23994368862653,0.2431473573377341;17.386995268777646,18.78353211061407,0.9920648701342627"
47,drone_2,7.768,13.584,7.806,5.403,"14.145079426228822,14.135285643003368,0.36465074522886504;2.440226870056917,4.933819650250329,1.1897814698375528;1.3066818871107722,17.589369001861286,0.9125121680327651;2.357678421611219,12.84984572684092,0.8379462386470249;16.982338471480936,14.4574540115461,0.7795617732176426;16.6561314066347,16.403439279548287,1.2836920917924646;5.398747996641409,15.000606954740654,0.2759122247568536;15.264278401717403,10.29919208231439,0.2316821241488554;10.911255852773824,12.32733772574333,0.7238978160411744;4.280084679595954,13.678702869526163,2.3024030597113416;17.479092617537404,11.080351461505307,1.1103263964905046;8.540140392127444,12.019562633396255,1.1337858747342713;11.741065877053364,13.225358942033967,0.46373120111325383;0.2566576950879157,15.438502156368578,0.25017761057893567;11.535138329870394,12.517501080138413,0.3023805730750141;2.2442554789509175,13.944225925149922,0.4764987910136303;2.829071724616509,6.815252500373287,1.116842398565673;12.89348341244764,4.462689100248536,2.456780207842593;2.792309268830196,1.9482063215231027,1.5239511084219592;18.63000485495394,9.516374612050642,0.4862045394896714;4.312449040471382,9.900114663805454,0.8882562845551485;0.6794491868940552,9.23994368862653,0.2431473573377341;17.386995268777646,18.78353211061407,0.9920648701342627"
47,drone_3,10.533,7.136,7.806,5.403,"14.145079426228822,14.135285643003368,0.36465074522886504;2.440226870056917,4.933819650250329,1.1897814698375528;1.3066818871107722,17.589369001861286,0.9125121680327651;2.357678421611219,12.84984572684092,0.8379462386470249;16.982338471480936,14.4574540115461,0.7795617732176426;16.6561314066347,16.403439279548287,1.2836920917924646;5.398747996641409,15.000606954740654,0.2759122247568536;15.264278401717403,10.29919208231439,0.2316821241488554;10.911255852773824,12.32733772574333,0.7238978160411744;4.280084679595954,13.678702869526163,2.3024030597113416;17.479092617537404,11.080351461505307,1.1103263964905046;8.540140392127444,12.019562633396255,1.1337858747342713;11.741065877053364,13.225358942033967,0.46373120111325383;0.2566576950879157,15.438502156368578,0.25017761057893567;11.535138329870394,12.517501080138413,0.3023805730750141;2.2442554789509175,13.944225925149922,0.4764987910136303;2.829071724616509,6.815252500373287,1.116842398565673;12.89348341244764,4.462689100248536,2.456780207842593;2.792309268830196,1.9482063215231027,1.5239511084219592;18.63000485495394,9.516374612050642,0.4862045394896714;4.312449040471382,9.900114663805454,0.8882562845551485;0.6794491868940552,9.23994368862653,0.2431473573377341;17.386995268777646,18.78353211061407,0.9920648701342627"
47,drone_4,13.069,7.884,7.806,5.403,"14.145079426228822,14.135285643003368,0.36465074522886504;2.440226870056917,4.933819650250329,1.1897814698375528;1.3066818871107722,17.589369001861286,0.9125121680327651;2.357678421611219,12.84984572684092,0.8379462386470249;16.982338471480936,14.4574540115461,0.7795617732176426;16.6561314066347,16.403439279548287,1.2836920917924646;5.398747996641409,15.000606954740654,0.2759122247568536;15.264278401717403,10.29919208231439,0.2316821241488554;10.911255852773824,12.32733772574333,0.7238978160411744;4.280084679595954,13.678702869526163,2.3024030597113416;17.479092617537404,11.080351461505307,1.1103263964905046;8.540140392127444,12.019562633396255,1.1337858747342713;11.741065877053364,13.225358942033967,0.46373120111325383;0.2566576950879157,15.438502156368578,0.25017761057893567;11.535138329870394,12.517501080138413,0.3023805730750141;2.2442554789509175,13.944225925149922,0.4764987910136303;2.829071724616509,6.815252500373287,1.116842398565673;12.89348341244764,4.462689100248536,2.456780207842593;2.792309268830196,1.9482063215231027,1.5239511084219592;18.63000485495394,9.516374612050642,0.4862045394896714;4.312449040471382,9.900114663805454,0.8882562845551485;0.6794491868940552,9.23994368862653,0.2431473573377341;17.386995268777646,18.78353211061407,0.9920648701342627"
47,drone_7,9.895,9.101,7.806,5.403,"14.145079426228822,14.135285643003368,0.36465074522886504;2.440226870056917,4.933819650250329,1.1897814698375528;1.3066818871107722,17.589369001861286,0.9125121680327651;2.357678421611219,12.84984572684092,0.8379462386470249;16.982338471480936,14.4574540115461,0.7795617732176426;16.6561314066347,16.403439279548287,1.2836920917924646;5.398747996641409,15.000606954740654,0.2759122247568536;15.264278401717403,10.29919208231439,0.2316821241488554;10.911255852773824,12.32733772574333,0.7238978160411744;4.280084679595954,13.678702869526163,2.3024030597113416;17.479092617537404,11.080351461505307,1.1103263964905046;8.540140392127444,12.019562633396255,1.1337858747342713;11.741065877053364,13.225358942033967,0.46373120111325383;0.2566576950879157,15.438502156368578,0.25017761057893567;11.535138329870394,12.517501080138413,0.3023805730750141;2.2442554789509175,13.944225925149922,0.4764987910136303;2.829071724616509,6.815252500373287,1.116842398565673;12.89348341244764,4.462689100248536,2.456780207842593;2.792309268830196,1.9482063215231027,1.5239511084219592;18.63000485495394,9.516374612050642,0.4862045394896714;4.312449040471382,9.900114663805454,0.8882562845551485;0.6794491868940552,9.23994368862653,0.2431473573377341;17.386995268777646,18.78353211061407,0.9920648701342627"
47,drone_9,6.644,5.928,7.806,5.403,"14.145079426228822,14.135285643003368,0.36465074522886504;2.440226870056917,4.933819650250329,1.1897814698375528;1.3066818871107722,17.589369001861286,0.9125121680327651;2.357678421611219,12.84984572684092,0.8379462386470249;16.982338471480936,14.4574540115461,0.7795617732176426;16.6561314066347,16.403439279548287,1.2836920917924646;5.398747996641409,15.000606954740654,0.2759122247568536;15.264278401717403,10.29919208231439,0.2316821241488554;10.911255852773824,12.32733772574333,0.7238978160411744;4.280084679595954,13.678702869526163,2.3024030597113416;17.479092617537404,11.080351461505307,1.1103263964905046;8.540140392127444,12.019562633396255,1.1337858747342713;11.741065877053364,13.225358942033967,0.46373120111325383;0.2566576950879157,15.438502156368578,0.25017761057893567;11.535138329870394,12.517501080138413,0.3023805730750141;2.2442554789509175,13.944225925149922,0.4764987910136303;2.829071724616509,6.815252500373287,1.116842398565673;12.89348341244764,4.462689100248536,2.456780207842593;2.792309268830196,1.9482063215231027,1.5239511084219592;18.63000485495394,9.516374612050642,0.4862045394896714;4.312449040471382,9.900114663805454,0.8882562845551485;0.6794491868940552,9.23994368862653,0.2431473573377341;17.386995268777646,18.78353211061407,0.9920648701342627"
48,drone_0,5.452,6.916,7.806,5.403,"14.145079426228822,14.135285643003368,0.36465074522886504;2.440226870056917,4.933819650250329,1.1897814698375528;1.3066818871107722,17.589369001861286,0.9125121680327651;2.357678421611219,12.84984572684092,0.8379462386470249;16.982338471480936,14.4574540115461,0.7795617732176426;16.6561314066347,16.403439279548287,1.2836920917924646;5.398747996641409,15.000606954740654,0.2759122247568536;15.264278401717403,10.29919208231439,0.2316821241488554;10.911255852773824,12.32733772574333,0.7238978160411744;4.280084679595954,13.678702869526163,2.3024030597113416;17.479092617537404,11.080351461505307,1.1103263964905046;8.540140392127444,12.019562633396255,1.1337858747342713;11.741065877053364,13.225358942033967,0.46373120111325383;0.2566576950879157,15.438502156368578,0.25017761057893567;11.535138329870394,12.517501080138413,0.3023805730750141;2.2442554789509175,13.944225925149922,0.4764987910136303;2.829071724616509,6.815252500373287,1.116842398565673;12.89348341244764,4.462689100248536,2.456780207842593;2.792309268830196,1.9482063215231027,1.5239511084219592;18.63000485495394,9.516374612050642,0.4862045394896714;4.312449040471382,9.900114663805454,0.8882562845551485;0.6794491868940552,9.23994368862653,0.2431473573377341;17.386995268777646,18.78353211061407,0.9920648701342627"
48,drone_1,9.466,7.848,7.806,5.403,"14.145079426228822,14.135285643003368,0.36465074522886504;2.440226870056917,4.933819650250329,1.1897814698375528;1.3066818871107722,17.589369001861286,0.9125121680327651;2.357678421611219,12.84984572684092,0.8379462386470249;16.982338471480936,14.4574540115461,0.7795617732176426;16.6561314066347,16.403439279548287,1.2836920917924646;5.398747996641409,15.000606954740654,0.2759122247568536;15.264278401717403,10.29919208231439,0.2316821241488554;10.911255852773824,12.32733772574333,0.7238978160411744;4.280084679595954,13.678702869526163,2.3024030597113416;17.479092617537404,11.080351461505307,1.1103263964905046;8.540140392127444,12.019562633396255,1.1337858747342713;11.741065877053364,13.225358942033967,0.46373120111325383;0.2566576950879157,15.438502156368578,0.25017761057893567;11.535138329870394,12.517501080138413,0.3023805730750141;2.2442554789509175,13.944225925149922,0.4764987910136303;2.829071724616509,6.815252500373287,1.116842398565673;12.89348341244764,4.462689100248536,2.456780207842593;2.792309268830196,1.9482063215231027,1.5239511084219592;18.63000485495394,9.516374612050642,0.4862045394896714;4.312449040471382,9.900114663805454,0.8882562845551485;0.6794491868940552,9.23994368862653,0.2431473573377341;17.386995268777646,18.78353211061407,0.9920648701342627"
48,drone_2,7.619,13.450,7.806,5.403,"14.145079426228822,14.135285643003368,0.36465074522886504;2.440226870056917,4.933819650250329,1.1897814698375528;1.3066818871107722,17.589369001861286,0.9125121680327651;2.357678421611219,12.84984572684092,0.8379462386470249;16.982338471480936,14.4574540115461,0.7795617732176426;16.6561314066347,16.403439279548287,1.2836920917924646;5.398747996641409,15.000606954740654,0.2759122247568536;15.264278401717403,10.29919208231439,0.2316821241488554;10.911255852773824,12.32733772574333,0.7238978160411744;4.280084679595954,13.678702869526163,2.3024030597113416;17.479092617537404,11.080351461505307,1.1103263964905046;8.540140392127444,12.019562633396255,1.1337858747342713;11.741065877053364,13.225358942033967,0.46373120111325383;0.2566576950879157,15.438502156368578,0.25017761057893567;11.535138329870394,12.517501080138413,0.3023805730750141;2.2442554789509175,13.944225925149922,0.4764987910136303;2.829071724616509,6.815252500373287,1.116842398565673;12.89348341244764,4.462689100248536,2.456780207842593;2.792309268830196,1.9482063215231027,1.5239511084219592;18.63000485495394,9.516374612050642,0.4862045394896714;4.312449040471382,9.900114663805454,0.8882562845551485;0.6794491868940552,9.23994368862653,0.2431473573377341;17.386995268777646,18.78353211061407,0.9920648701342627"
48,drone_3,10.390,6.996,7.806,5.403,"14.145079426228822,14.135285643003368,0.36465074522886504;2.440226870056917,4.933819650250329,1.1897814698375528;1.3066818871107722,17.589369001861286,0.9125121680327651;2.357678421611219,12.84984572684092,0.8379462386470249;16.982338471480936,14.4574540115461,0.7795617732176426;16.6561314066347,16.403439279548287,1.2836920917924646;5.398747996641409,15.000606954740654,0.2759122247568536;15.264278401717403,10.29919208231439,0.2316821241488554;10.911255852773824,12.32733772574333,0.7238978160411744;4.280084679595954,13.678702869526163,2.3024030597113416;17.479092617537404,11.080351461505307,1.1103263964905046;8.540140392127444,12.019562633396255,1.1337858747342713;11.741065877053364,13.225358942033967,0.46373120111325383;0.2566576950879157,15.438502156368578,0.25017761057893567;11.535138329870394,12.517501080138413,0.3023805730750141;2.2442554789509175,13.944225925149922,0.4764987910136303;2.829071724616509,6.815252500373287,1.116842398565673;12.89348341244764,4.462689100248536,2.456780207842593;2.792309268830196,1.9482063215231027,1.5239511084219592;18.63000485495394,9.516374612050642,0.4862045394896714;4.312449040471382,9.900114663805454,0.8882562845551485;0.6794491868940552,9.23994368862653,0.2431473573377341;17.386995268777646,18.78353211061407,0.9920648701342627"
48,drone_4,12.871,7.860,7.806,5.403,"14.145079426228822,14.135285643003368,0.36465074522886504;2.440226870056917,4.933819650250329,1.1897814698375528;1.3066818871107722,17.589369001861286,0.9125121680327651;2.357678421611219,12.84984572684092,0.8379462386470249;16.982338471480936,14.4574540115461,0.7795617732176426;16.6561314066347,16.403439279548287,1.2836920917924646;5.398747996641409,15.000606954740654,0.2759122247568536;15.264278401717403,10.29919208231439,0.2316821241488554;10.911255852773824,12.32733772574333,0.7238978160411744;4.280084679595954,13.678702869526163,2.3024030597113416;17.479092617537404,11.080351461505307,1.1103263964905046;8.540140392127444,12.019562633396255,1.1337858747342713;11.741065877053364,13.225358942033967,0.46373120111325383;0.2566576950879157,15.438502156368578,0.25017761057893567;11.535138329870394,12.517501080138413,0.3023805730750141;2.2442554789509175,13.944225925149922,0.4764987910136303;2.829071724616509,6.815252500373287,1.116842398565673;12.89348341244764,4.462689100248536,2.456780207842593;2.792309268830196,1.9482063215231027,1.5239511084219592;18.63000485495394,9.516374612050642,0.4862045394896714;4.312449040471382,9.900114663805454,0.8882562845551485;0.6794491868940552,9.23994368862653,0.2431473573377341;17.386995268777646,18.78353211061407,0.9920648701342627"
48,drone_7,9.752,8.961,7.806,5.403,"14.145079426228822,14.135285643003368,0.36465074522886504;2.440226870056917,4.933819650250329,1.1897814698375528;1.3066818871107722,17.589369001861286,0.9125121680327651;2.357678421611219,12.84984572684092,0.8379462386470249;16.982338471480936,14.4574540115461,0.7795617732176426;16.6561314066347,16.403439279548287,1.2836920917924646;5.398747996641409,15.000606954740654,0.2759122247568536;15.264278401717403,10.29919208231439,0.2316821241488554;10.911255852773824,12.32733772574333,0.7238978160411744;4.280084679595954,13.678702869526163,2.3024030597113416;17.479092617537404,11.080351461505307,1.1103263964905046;8.540140392127444,12.019562633396255,1.1337858747342713;11.741065877053364,13.225358942033967,0.46373120111325383;0.2566576950879157,15.438502156368578,0.25017761057893567;11.535138329870394,12.517501080138413,0.3023805730750141;2.2442554789509175,13.944225925149922,0.4764987910136303;2.829071724616509,6.815252500373287,1.116842398565673;12.89348341244764,4.462689100248536,2.456780207842593;2.792309268830196,1.9482063215231027,1.5239511084219592;18.63000485495394,9.516374612050642,0.4862045394896714;4.312449040471382,9.900114663805454,0.8882562845551485;0.6794491868940552,9.23994368862653,0.2431473573377341;17.386995268777646,18.78353211061407,0.9920648701342627"
48,drone_9,6.785,5.787,7.806,5.403,"14.145079426228822,14.135285643003368,0.36465074522886504;2.440226870056917,4.933819650250329,1.1897814698375528;1.3066818871107722,17.589369001861286,0.9125121680327651;2.357678421611219,12.84984572684092,0.8379462386470249;16.982338471480936,14.4574540115461,0.7795617732176426;16.6561314066347,16.403439279548287,1.2836920917924646;5.398747996641409,15.000606954740654,0.2759122247568536;15.264278401717403,10.29919208231439,0.2316821241488554;10.911255852773824,12.32733772574333,0.7238978160411744;4.280084679595954,13.678702869526163,2.3024030597113416;17.479092617537404,11.080351461505307,1.1103263964905046;8.540140392127444,12.019562633396255,1.1337858747342713;11.741065877053364,13.225358942033967,0.46373120111325383;0.2566576950879157,15.438502156368578,0.25017761057893567;11.535138329870394,12.517501080138413,0.3023805730750141;2.2442554789509175,13.944225925149922,0.4764987910136303;2.829071724616509,6.815252500373287,1.116842398565673;12.89348341244764,4.462689100248536,2.456780207842593;2.792309268830196,1.9482063215231027,1.5239511084219592;18.63000485495394,9.516374612050642,0.4862045394896714;4.312449040471382,9.900114663805454,0.8882562845551485;0.6794491868940552,9.23994368862653,0.2431473573377341;17.386995268777646,18.78353211061407,0.9920648701342627"
49,drone_0,5.597,6.777,7.806,5.403,"14.145079426228822,14.135285643003368,0.36465074522886504;2.440226870056917,4.933819650250329,1.1897814698375528;1.3066818871107722,17.589369001861286,0.9125121680327651;2.357678421611219,12.84984572684092,0.8379462386470249;16.982338471480936,14.4574540115461,0.7795617732176426;16.6561314066347,16.403439279548287,1.2836920917924646;5.398747996641409,15.000606954740654,0.2759122247568536;15.264278401717403,10.29919208231439,0.2316821241488554;10.911255852773824,12.32733772574333,0.7238978160411744;4.280084679595954,13.678702869526163,2.3024030597113416;17.479092617537404,11.080351461505307,1.1103263964905046;8.540140392127444,12.019562633396255,1.1337858747342713;11.741065877053364,13.225358942033967,0.46373120111325383;0.2566576950879157,15.438502156368578,0.25017761057893567;11.535138329870394,12.517501080138413,0.3023805730750141;2.2442554789509175,13.944225925149922,0.4764987910136303;2.829071724616509,6.815252500373287,1.116842398565673;12.89348341244764,4.462689100248536,2.456780207842593;2.792309268830196,1.9482063215231027,1.5239511084219592;18.63000485495394,9.516374612050642,0.4862045394896714;4.312449040471382,9.900114663805454,0.8882562845551485;0.6794491868940552,9.23994368862653,0.2431473573377341;17.386995268777646,18.78353211061407,0.9920648701342627"
49,drone_1,9.330,7.702,7.806,5.403,"14.145079426228822,14.135285643003368,0.36465074522886504;2.440226870056917,4.933819650250329,1.1897814698375528;1.3066818871107722,17.589369001861286,0.9125121680327651;2.357678421611219,12.84984572684092,0.8379462386470249;16.982338471480936,14.4574540115461,0.7795617732176426;16.6561314066347,16.403439279548287,1.2836920917924646;5.398747996641409,15.000606954740654,0.2759122247568536;15.264278401717403,10.29919208231439,0.2316821241488554;10.911255852773824,12.32733772574333,0.7238978160411744;4.280084679595954,13.678702869526163,2.3024030597113416;17.479092617537404,11.080351461505307,1.1103263964905046;8.540140392127444,12.019562633396255,1.1337858747342713;11.741065877053364,13.225358942033967,0.46373120111325383;0.2566576950879157,15.438502156368578,0.25017761057893567;11.535138329870394,12.517501080138413,0.3023805730750141;2.2442554789509175,13.944225925149922,0.4764987910136303;2.829071724616509,6.815252500373287,1.116842398565673;12.89348341244764,4.462689100248536,2.456780207842593;2.792309268830196,1.9482063215231027,1.5239511084219592;18.63000485495394,9.516374612050642,0.4862045394896714;4.312449040471382,9.900114663805454,0.8882562845551485;0.6794491868940552,9.23994368862653,0.2431473573377341;17.386995268777646,18.78353211061407,0.9920648701342627"
49,drone_2,7.478,13.309,7.806,5.403,"14.145079426228822,14.135285643003368,0.36465074522886504;2.440226870056917,4.933819650250329,1.1897814698375528;1.3066818871107722,17.589369001861286,0.9125121680327651;2.357678421611219,12.84984572684092,0.8379462386470249;16.982338471480936,14.4574540115461,0.7795617732176426;16.6561314066347,16.403439279548287,1.2836920917924646;5.398747996641409,15.000606954740654,0.2759122247568536;15.264278401717403,10.29919208231439,0.2316821241488554;10.911255852773824,12.32733772574333,0.7238978160411744;4.280084679595954,13.678702869526163,2.3024030597113416;17.479092617537404,11.080351461505307,1.1103263964905046;8.540140392127444,12.019562633396255,1.1337858747342713;11.741065877053364,13.225358942033967,0.46373120111325383;0.2566576950879157,15.438502156368578,0.25017761057893567;11.535138329870394,12.517501080138413,0.3023805730750141;2.2442554789509175,13.944225925149922,0.4764987910136303;2.829071724616509,6.815252500373287,1.116842398565673;12.89348341244764,4.462689100248536,2.456780207842593;2.792309268830196,1.9482063215231027,1.5239511084219592;18.63000485495394,9.516374612050642,0.4862045394896714;4.312449040471382,9.900114663805454,0.8882562845551485;0.6794491868940552,9.23994368862653,0.2431473573377341;17.386995268777646,18.78353211061407,0.9920648701342627"
49,drone_3,10.247,6.856,7.806,5.403,"14.145079426228822,14.135285643003368,0.36465074522886504;2.440226870056917,4.933819650250329,1.1897814698375528;1.3066818871107722,17.589369001861286,0.9125121680327651;2.357678421611219,12.84984572684092,0.8379462386470249;16.982338471480936,14.4574540115461,0.7795617732176426;16.6561314066347,16.403439279548287,1.2836920917924646;5.398747996641409,15.000606954740654,0.2759122247568536;15.264278401717403,10.29919208231439,0.2316821241488554;10.911255852773824,12.32733772574333,0.7238978160411744;4.280084679595954,13.678702869526163,2.3024030597113416;17.479092617537404,11.080351461505307,1.1103263964905046;8.540140392127444,12.019562633396255,1.1337858747342713;11.741065877053364,13.225358942033967,0.46373120111325383;0.2566576950879157,15.438502156368578,0.25017761057893567;11.535138329870394,12.517501080138413,0.3023805730750141;2.2442554789509175,13.944225925149922,0.4764987910136303;2.829071724616509,6.815252500373287,1.116842398565673;12.89348341244764,4.462689100248536,2.456780207842593;2.792309268830196,1.9482063215231027,1.5239511084219592;18.63000485495394,9.516374612050642,0.4862045394896714;4.312449040471382,9.900114663805454,0.8882562845551485;0.6794491868940552,9.23994368862653,0.2431473573377341;17.386995268777646,18.78353211061407,0.9920648701342627"
49,drone_4,12.671,7.854,7.806,5.403,"14.145079426228822,14.135285643003368,0.36465074522886504;2.440226870056917,4.933819650250329,1.1897814698375528;1.3066818871107722,17.589369001861286,0.9125121680327651;2.357678421611219,12.84984572684092,0.8379462386470249;16.982338471480936,14.4574540115461,0.7795617732176426;16.6561314066347,16.403439279548287,1.2836920917924646;5.398747996641409,15.000606954740654,0.2759122247568536;15.264278401717403,10.29919208231439,0.2316821241488554;10.911255852773824,12.32733772574333,0.7238978160411744;4.280084679595954,13.678702869526163,2.3024030597113416;17.479092617537404,11.080351461505307,1.1103263964905046;8.540140392127444,12.019562633396255,1.1337858747342713;11.741065877053364,13.225358942033967,0.46373120111325383;0.2566576950879157,15.438502156368578,0.25017761057893567;11.535138329870394,12.517501080138413,0.3023805730750141;2.2442554789509175,13.944225925149922,0.4764987910136303;2.829071724616509,6.815252500373287,1.116842398565673;12.89348341244764,4.462689100248536,2.456780207842593;2.792309268830196,1.9482063215231027,1.5239511084219592;18.63000485495394,9.516374612050642,0.4862045394896714;4.312449040471382,9.900114663805454,0.8882562845551485;0.6794491868940552,9.23994368862653,0.2431473573377341;17.386995268777646,18.78353211061407,0.9920648701342627"
49,drone_7,9.610,8.820,7.806,5.403,"14.145079426228822,14.135285643003368,0.36465074522886504;2.440226870056917,4.933819650250329,1.1897814698375528;1.3066818871107722,17.589369001861286,0.9125121680327651;2.357678421611219,12.84984572684092,0.8379462386470249;16.982338471480936,14.4574540115461,0.7795617732176426;16.6561314066347,16.403439279548287,1.2836920917924646;5.398747996641409,15.000606954740654,0.2759122247568536;15.264278401717403,10.29919208231439,0.2316821241488554;10.911255852773824,12.32733772574333,0.7238978160411744;4.280084679595954,13.678702869526163,2.3024030597113416;17.479092617537404,11.080351461505307,1.1103263964905046;8.540140392127444,12.019562633396255,1.1337858747342713;11.741065877053364,13.225358942033967,0.46373120111325383;0.2566576950879157,15.438502156368578,0.25017761057893567;11.535138329870394,12.517501080138413,0.3023805730750141;2.2442554789509175,13.944225925149922,0.4764987910136303;2.829071724616509,6.815252500373287,1.116842398565673;12.89348341244764,4.462689100248536,2.456780207842593;2.792309268830196,1.9482063215231027,1.5239511084219592;18.63000485495394,9.516374612050642,0.4862045394896714;4.312449040471382,9.900114663805454,0.8882562845551485;0.6794491868940552,9.23994368862653,0.2431473573377341;17.386995268777646,18.78353211061407,0.9920648701342627"
49,drone_9,6.934,5.654,7.806,5.403,"14.145079426228822,14.135285643003368,0.36465074522886504;2.440226870056917,4.933819650250329,1.1897814698375528;1.3066818871107722,17.589369001861286,0.9125121680327651;2.357678421611219,12.84984572684092,0.8379462386470249;16.982338471480936,14.4574540115461,0.7795617732176426;16.6561314066347,16.403439279548287,1.2836920917924646;5.398747996641409,15.000606954740654,0.2759122247568536;15.264278401717403,10.29919208231439,0.2316821241488554;10.911255852773824,12.32733772574333,0.7238978160411744;4.280084679595954,13.678702869526163,2.3024030597113416;17.479092617537404,11.080351461505307,1.1103263964905046;8.540140392127444,12.019562633396255,1.1337858747342713;11.741065877053364,13.225358942033967,0.46373120111325383;0.2566576950879157,15.438502156368578,0.25017761057893567;11.535138329870394,12.517501080138413,0.3023805730750141;2.2442554789509175,13.944225925149922,0.4764987910136303;2.829071724616509,6.815252500373287,1.116842398565673;12.89348341244764,4.462689100248536,2.456780207842593;2.792309268830196,1.9482063215231027,1.5239511084219592;18.63000485495394,9.516374612050642,0.4862045394896714;4.312449040471382,9.900114663805454,0.8882562845551485;0.6794491868940552,9.23994368862653,0.2431473573377341;17.386995268777646,18.78353211061407,0.9920648701342627"
50,drone_0,5.738,6.636,7.806,5.403,"14.145079426228822,14.135285643003368,0.36465074522886504;2.440226870056917,4.933819650250329,1.1897814698375528;1.3066818871107722,17.589369001861286,0.9125121680327651;2.357678421611219,12.84984572684092,0.8379462386470249;16.982338471480936,14.4574540115461,0.7795617732176426;16.6561314066347,16.403439279548287,1.2836920917924646;5.398747996641409,15.000606954740654,0.2759122247568536;15.264278401717403,10.29919208231439,0.2316821241488554;10.911255852773824,12.32733772574333,0.7238978160411744;4.280084679595954,13.678702869526163,2.3024030597113416;17.479092617537404,11.080351461505307,1.1103263964905046;8.540140392127444,12.019562633396255,1.1337858747342713;11.741065877053364,13.225358942033967,0.46373120111325383;0.2566576950879157,15.438502156368578,0.25017761057893567;11.535138329870394,12.517501080138413,0.3023805730750141;2.2442554789509175,13.944225925149922,0.4764987910136303;2.829071724616509,6.815252500373287,1.116842398565673;12.89348341244764,4.462689100248536,2.456780207842593;2.792309268830196,1.9482063215231027,1.5239511084219592;18.63000485495394,9.516374612050642,0.4862045394896714;4.312449040471382,9.900114663805454,0.8882562845551485;0.6794491868940552,9.23994368862653,0.2431473573377341;17.386995268777646,18.78353211061407,0.9920648701342627"
50,drone_1,9.192,7.557,7.806,5.403,"14.145079426228822,14.135285643003368,0.36465074522886504;2.440226870056917,4.933819650250329,1.1897814698375528;1.3066818871107722,17.589369001861286,0.9125121680327651;2.357678421611219,12.84984572684092,0.8379462386470249;16.982338471480936,14.4574540115461,0.7795617732176426;16.6561314066347,16.403439279548287,1.2836920917924646;5.398747996641409,15.000606954740654,0.2759122247568536;15.264278401717403,10.29919208231439,0.2316821241488554;10.911255852773824,12.32733772574333,0.7238978160411744;4.280084679595954,13.678702869526163,2.3024030597113416;17.479092617537404,11.080351461505307,1.1103263964905046;8.540140392127444,12.019562633396255,1.1337858747342713;11.741065877053364,13.225358942033967,0.46373120111325383;0.2566576950879157,15.438502156368578,0.25017761057893567;11.535138329870394,12.517501080138413,0.3023805730750141;2.2442554789509175,13.944225925149922,0.4764987910136303;2.829071724616509,6.815252500373287,1.116842398565673;12.89348341244764,4.462689100248536,2.456780207842593;2.792309268830196,1.9482063215231027,1.5239511084219592;18.63000485495394,9.516374612050642,0.4862045394896714;4.312449040471382,9.900114663805454,0.8882562845551485;0.6794491868940552,9.23994368862653,0.2431473573377341;17.386995268777646,18.78353211061407,0.9920648701342627"
50,drone_2,7.425,13.116,7.806,5.403,"14.145079426228822,14.135285643003368,0.36465074522886504;2.440226870056917,4.933819650250329,1.1897814698375528;1.3066818871107722,17.589369001861286,0.9125121680327651;2.357678421611219,12.84984572684092,0.8379462386470249;16.982338471480936,14.4574540115461,0.7795617732176426;16.6561314066347,16.403439279548287,1.2836920917924646;5.398747996641409,15.000606954740654,0.2759122247568536;15.264278401717403,10.29919208231439,0.2316821241488554;10.911255852773824,12.32733772574333,0.7238978160411744;4.280084679595954,13.678702869526163,2.3024030597113416;17.479092617537404,11.080351461505307,1.1103263964905046;8.540140392127444,12.019562633396255,1.1337858747342713;11.741065877053364,13.225358942033967,0.46373120111325383;0.2566576950879157,15.438502156368578,0.25017761057893567;11.535138329870394,12.517501080138413,0.3023805730750141;2.2442554789509175,13.944225925149922,0.4764987910136303;2.829071724616509,6.815252500373287,1.116842398565673;12.89348341244764,4.462689100248536,2.456780207842593;2.792309268830196,1.9482063215231027,1.5239511084219592;18.63000485495394,9.516374612050642,0.4862045394896714;4.312449040471382,9.900114663805454,0.8882562845551485;0.6794491868940552,9.23994368862653,0.2431473573377341;17.386995268777646,18.78353211061407,0.9920648701342627"
50,drone_3,10.105,6.715,7.806,5.403,"14.145079426228822,14.135285643003368,0.36465074522886504;2.440226870056917,4.933819650250329,1.1897814698375528;1.3066818871107722,17.589369001861286,0.9125121680327651;2.357678421611219,12.84984572684092,0.8379462386470249;16.982338471480936,14.4574540115461,0.7795617732176426;16.6561314066347,16.403439279548287,1.2836920917924646;5.398747996641409,15.000606954740654,0.2759122247568536;15.264278401717403,10.29919208231439,0.2316821241488554;10.911255852773824,12.32733772574333,0.7238978160411744;4.280084679595954,13.678702869526163,2.3024030597113416;17.479092617537404,11.080351461505307,1.1103263964905046;8.540140392127444,12.019562633396255,1.1337858747342713;11.741065877053364,13.225358942033967,0.46373120111325383;0.2566576950879157,15.438502156368578,0.25017761057893567;11.535138329870394,12.517501080138413,0.3023805730750141;2.2442554789509175,13.944225925149922,0.4764987910136303;2.829071724616509,6.815252500373287,1.116842398565673;12.89348341244764,4.462689100248536,2.456780207842593;2.792309268830196,1.9482063215231027,1.5239511084219592;18.63000485495394,9.516374612050642,0.4862045394896714;4.312449040471382,9.900114663805454,0.8882562845551485;0.6794491868940552,9.23994368862653,0.2431473573377341;17.386995268777646,18.78353211061407,0.9920648701342627"
50,drone_4,12.479,7.796,7.806,5.403,"14.145079426228822,14.135285643003368,0.36465074522886504;2.440226870056917,4.933819650250329,1.1897814698375528;1.3066818871107722,17.589369001861286,0.9125121680327651;2.357678421611219,12.84984572684092,0.8379462386470249;16.982338471480936,14.4574540115461,0.7795617732176426;16.6561314066347,16.403439279548287,1.2836920917924646;5.398747996641409,15.000606954740654,0.2759122247568536;15.264278401717403,10.29919208231439,0.2316821241488554;10.911255852773824,12.32733772574333,0.7238978160411744;4.280084679595954,13.678702869526163,2.3024030597113416;17.479092617537404,11.080351461505307,1.1103263964905046;8.540140392127444,12.019562633396255,1.1337858747342713;11.741065877053364,13.225358942033967,0.46373120111325383;0.2566576950879157,15.438502156368578,0.25017761057893567;11.535138329870394,12.517501080138413,0.3023805730750141;2.2442554789509175,13.944225925149922,0.4764987910136303;2.829071724616509,6.815252500373287,1.116842398565673;12.89348341244764,4.462689100248536,2.456780207842593;2.792309268830196,1.9482063215231027,1.5239511084219592;18.63000485495394,9.516374612050642,0.4862045394896714;4.312449040471382,9.900114663805454,0.8882562845551485;0.6794491868940552,9.23994368862653,0.2431473573377341;17.386995268777646,18.78353211061407,0.9920648701342627"
50,drone_7,9.469,8.679,7.806,5.403,"14.145079426228822,14.135285643003368,0.36465074522886504;2.440226870056917,4.933819650250329,1.1897814698375528;1.3066818871107722,17.589369001861286,0.9125121680327651;2.357678421611219,12.84984572684092,0.8379462386470249;16.982338471480936,14.4574540115461,0.7795617732176426;16.6561314066347,16.403439279548287,1.2836920917924646;5.398747996641409,15.000606954740654,0.2759122247568536;15.264278401717403,10.29919208231439,0.2316821241488554;10.911255852773824,12.32733772574333,0.7238978160411744;4.280084679595954,13.678702869526163,2.3024030597113416;17.479092617537404,11.080351461505307,1.1103263964905046;8.540140392127444,12.019562633396255,1.1337858747342713;11.741065877053364,13.225358942033967,0.46373120111325383;0.2566576950879157,15.438502156368578,0.25017761057893567;11.535138329870394,12.517501080138413,0.3023805730750141;2.2442554789509175,13.944225925149922,0.4764987910136303;2.829071724616509,6.815252500373287,1.116842398565673;12.89348341244764,4.462689100248536,2.456780207842593;2.792309268830196,1.9482063215231027,1.5239511084219592;18.63000485495394,9.516374612050642,0.4862045394896714;4.312449040471382,9.900114663805454,0.8882562845551485;0.6794491868940552,9.23994368862653,0.2431473573377341;17.386995268777646,18.78353211061407,0.9920648701342627"
51,drone_0,5.875,6.490,7.806,5.403,"14.145079426228822,14.135285643003368,0.36465074522886504;2.440226870056917,4.933819650250329,1.1897814698375528;1.3066818871107722,17.589369001861286,0.9125121680327651;2.357678421611219,12.84984572684092,0.8379462386470249;16.982338471480936,14.4574540115461,0.7795617732176426;16.6561314066347,16.403439279548287,1.2836920917924646;5.398747996641409,15.000606954740654,0.2759122247568536;15.264278401717403,10.29919208231439,0.2316821241488554;10.911255852773824,12.32733772574333,0.7238978160411744;4.280084679595954,13.678702869526163,2.3024030597113416;17.479092617537404,11.080351461505307,1.1103263964905046;8.540140392127444,12.019562633396255,1.1337858747342713;11.741065877053364,13.225358942033967,0.46373120111325383;0.2566576950879157,15.438502156368578,0.25017761057893567;11.535138329870394,12.517501080138413,0.3023805730750141;2.2442554789509175,13.944225925149922,0.4764987910136303;2.829071724616509,6.815252500373287,1.116842398565673;12.89348341244764,4.462689100248536,2.456780207842593;2.792309268830196,1.9482063215231027,1.5239511084219592;18.63000485495394,9.516374612050642,0.4862045394896714;4.312449040471382,9.900114663805454,0.8882562845551485;0.6794491868940552,9.23994368862653,0.2431473573377341;17.386995268777646,18.78353211061407,0.9920648701342627"
51,drone_1,9.052,7.414,7.806,5.403,"14.145079426228822,14.135285643003368,0.36465074522886504;2.440226870056917,4.933819650250329,1.1897814698375528;1.3066818871107722,17.589369001861286,0.9125121680327651;2.357678421611219,12.84984572684092,0.8379462386470249;16.982338471480936,14.4574540115461,0.7795617732176426;16.6561314066347,16.403439279548287,1.2836920917924646;5.398747996641409,15.000606954740654,0.2759122247568536;15.264278401717403,10.29919208231439,0.2316821241488554;10.911255852773824,12.32733772574333,0.7238978160411744;4.280084679595954,13.678702869526163,2.3024030597113416;17.479092617537404,11.080351461505307,1.1103263964905046;8.540140392127444,12.019562633396255,1.1337858747342713;11.741065877053364,13.225358942033967,0.46373120111325383;0.2566576950879157,15.438502156368578,0.25017761057893567;11.535138329870394,12.517501080138413,0.3023805730750141;2.2442554789509175,13.944225925149922,0.4764987910136303;2.829071724616509,6.815252500373287,1.116842398565673;12.89348341244764,4.462689100248536,2.456780207842593;2.792309268830196,1.9482063215231027,1.5239511084219592;18.63000485495394,9.516374612050642,0.4862045394896714;4.312449040471382,9.900114663805454,0.8882562845551485;0.6794491868940552,9.23994368862653,0.2431473573377341;17.386995268777646,18.78353211061407,0.9920648701342627"
51,drone_2,7.333,12.938,7.806,5.403,"14.145079426228822,14.135285643003368,0.36465074522886504;2.440226870056917,4.933819650250329,1.1897814698375528;1.3066818871107722,17.589369001861286,0.9125121680327651;2.357678421611219,12.84984572684092,0.8379462386470249;16.982338471480936,14.4574540115461,0.7795617732176426;16.6561314066347,16.403439279548287,1.2836920917924646;5.398747996641409,15.000606954740654,0.2759122247568536;15.264278401717403,10.29919208231439,0.2316821241488554;10.911255852773824,12.32733772574333,0.7238978160411744;4.280084679595954,13.678702869526163,2.3024030597113416;17.479092617537404,11.080351461505307,1.1103263964905046;8.540140392127444,12.019562633396255,1.1337858747342713;11.741065877053364,13.225358942033967,0.46373120111325383;0.2566576950879157,15.438502156368578,0.25017761057893567;11.535138329870394,12.517501080138413,0.3023805730750141;2.2442554789509175,13.944225925149922,0.4764987910136303;2.829071724616509,6.815252500373287,1.116842398565673;12.89348341244764,4.462689100248536,2.456780207842593;2.792309268830196,1.9482063215231027,1.5239511084219592;18.63000485495394,9.516374612050642,0.4862045394896714;4.312449040471382,9.900114663805454,0.8882562845551485;0.6794491868940552,9.23994368862653,0.2431473573377341;17.386995268777646,18.78353211061407,0.9920648701342627"
51,drone_3,9.964,6.574,7.806,5.403,"14.145079426228822,14.135285643003368,0.36465074522886504;2.440226870056917,4.933819650250329,1.1897814698375528;1.3066818871107722,17.589369001861286,0.9125121680327651;2.357678421611219,12.84984572684092,0.8379462386470249;16.982338471480936,14.4574540115461,0.7795617732176426;16.6561314066347,16.403439279548287,1.2836920917924646;5.398747996641409,15.000606954740654,0.2759122247568536;15.264278401717403,10.29919208231439,0.2316821241488554;10.911255852773824,12.32733772574333,0.7238978160411744;4.280084679595954,13.678702869526163,2.3024030597113416;17.479092617537404,11.080351461505307,1.1103263964905046;8.540140392127444,12.019562633396255,1.1337858747342713;11.741065877053364,13.225358942033967,0.46373120111325383;0.2566576950879157,15.438502156368578,0.25017761057893567;11.535138329870394,12.517501080138413,0.3023805730750141;2.2442554789509175,13.944225925149922,0.4764987910136303;2.829071724616509,6.815252500373287,1.116842398565673;12.89348341244764,4.462689100248536,2.456780207842593;2.792309268830196,1.9482063215231027,1.5239511084219592;18.63000485495394,9.516374612050642,0.4862045394896714;4.312449040471382,9.900114663805454,0.8882562845551485;0.6794491868940552,9.23994368862653,0.2431473573377341;17.386995268777646,18.78353211061407,0.9920648701342627"
51,drone_4,12.279,7.795,7.806,5.403,"14.145079426228822,14.135285643003368,0.36465074522886504;2.440226870056917,4.933819650250329,1.1897814698375528;1.3066818871107722,17.589369001861286,0.9125121680327651;2.357678421611219,12.84984572684092,0.8379462386470249;16.982338471480936,14.4574540115461,0.7795617732176426;16.6561314066347,16.403439279548287,1.2836920917924646;5.398747996641409,15.000606954740654,0.2759122247568536;15.264278401717403,10.29919208231439,0.2316821241488554;10.911255852773824,12.32733772574333,0.7238978160411744;4.280084679595954,13.678702869526163,2.3024030597113416;17.479092617537404,11.080351461505307,1.1103263964905046;8.540140392127444,12.019562633396255,1.1337858747342713;11.741065877053364,13.225358942033967,0.46373120111325383;0.2566576950879157,15.438502156368578,0.25017761057893567;11.535138329870394,12.517501080138413,0.3023805730750141;2.2442554789509175,13.944225925149922,0.4764987910136303;2.829071724616509,6.815252500373287,1.116842398565673;12.89348341244764,4.462689100248536,2.456780207842593;2.792309268830196,1.9482063215231027,1.5239511084219592;18.63000485495394,9.516374612050642,0.4862045394896714;4.312449040471382,9.900114663805454,0.8882562845551485;0.6794491868940552,9.23994368862653,0.2431473573377341;17.386995268777646,18.78353211061407,0.9920648701342627"
51,drone_7,9.327,8.538,7.806,5.403,"14.145079426228822,14.135285643003368,0.36465074522886504;2.440226870056917,4.933819650250329,1.1897814698375528;1.3066818871107722,17.589369001861286,0.9125121680327651;2.357678421611219,12.84984572684092,0.8379462386470249;16.982338471480936,14.4574540115461,0.7795617732176426;16.6561314066347,16.403439279548287,1.2836920917924646;5.398747996641409,15.000606954740654,0.2759122247568536;15.264278401717403,10.29919208231439,0.2316821241488554;10.911255852773824,12.32733772574333,0.7238978160411744;4.280084679595954,13.678702869526163,2.3024030597113416;17.479092617537404,11.080351461505307,1.1103263964905046;8.540140392127444,12.019562633396255,1.1337858747342713;11.741065877053364,13.225358942033967,0.46373120111325383;0.2566576950879157,15.438502156368578,0.25017761057893567;11.535138329870394,12.517501080138413,0.3023805730750141;2.2442554789509175,13.944225925149922,0.4764987910136303;2.829071724616509,6.815252500373287,1.116842398565673;12.89348341244764,4.462689100248536,2.456780207842593;2.792309268830196,1.9482063215231027,1.5239511084219592;18.63000485495394,9.516374612050642,0.4862045394896714;4.312449040471382,9.900114663805454,0.8882562845551485;0.6794491868940552,9.23994368862653,0.2431473573377341;17.386995268777646,18.78353211061407,0.9920648701342627"
52,drone_0,6.023,6.356,7.806,5.403,"14.145079426228822,14.135285643003368,0.36465074522886504;2.440226870056917,4.933819650250329,1.1897814698375528;1.3066818871107722,17.589369001861286,0.9125121680327651;2.357678421611219,12.84984572684092,0.8379462386470249;16.982338471480936,14.4574540115461,0.7795617732176426;16.6561314066347,16.403439279548287,1.2836920917924646;5.398747996641409,15.000606954740654,0.2759122247568536;15.264278401717403,10.29919208231439,0.2316821241488554;10.911255852773824,12.32733772574333,0.7238978160411744;4.280084679595954,13.678702869526163,2.3024030597113416;17.479092617537404,11.080351461505307,1.1103263964905046;8.540140392127444,12.019562633396255,1.1337858747342713;11.741065877053364,13.225358942033967,0.46373120111325383;0.2566576950879157,15.438502156368578,0.25017761057893567;11.535138329870394,12.517501080138413,0.3023805730750141;2.2442554789509175,13.944225925149922,0.4764987910136303;2.829071724616509,6.815252500373287,1.116842398565673;12.89348341244764,4.462689100248536,2.456780207842593;2.792309268830196,1.9482063215231027,1.5239511084219592;18.63000485495394,9.516374612050642,0.4862045394896714;4.312449040471382,9.900114663805454,0.8882562845551485;0.6794491868940552,9.23994368862653,0.2431473573377341;17.386995268777646,18.78353211061407,0.9920648701342627"
52,drone_1,8.930,7.256,7.806,5.403,"14.145079426228822,14.135285643003368,0.36465074522886504;2.440226870056917,4.933819650250329,1.1897814698375528;1.3066818871107722,17.589369001861286,0.9125121680327651;2.357678421611219,12.84984572684092,0.8379462386470249;16.982338471480936,14.4574540115461,0.7795617732176426;16.6561314066347,16.403439279548287,1.2836920917924646;5.398747996641409,15.000606954740654,0.2759122247568536;15.264278401717403,10.29919208231439,0.2316821241488554;10.911255852773824,12.32733772574333,0.7238978160411744;4.280084679595954,13.678702869526163,2.3024030597113416;17.479092617537404,11.080351461505307,1.1103263964905046;8.540140392127444,12.019562633396255,1.1337858747342713;11.741065877053364,13.225358942033967,0.46373120111325383;0.2566576950879157,15.438502156368578,0.25017761057893567;11.535138329870394,12.517501080138413,0.3023805730750141;2.2442554789509175,13.944225925149922,0.4764987910136303;2.829071724616509,6.815252500373287,1.116842398565673;12.89348341244764,4.462689100248536,2.456780207842593;2.792309268830196,1.9482063215231027,1.5239511084219592;18.63000485495394,9.516374612050642,0.4862045394896714;4.312449040471382,9.900114663805454,0.8882562845551485;0.6794491868940552,9.23994368862653,0.2431473573377341;17.386995268777646,18.78353211061407,0.9920648701342627"
52,drone_2,7.219,12.774,7.806,5.403,"14.145079426228822,14.135285643003368,0.36465074522886504;2.440226870056917,4.933819650250329,1.1897814698375528;1.3066818871107722,17.589369001861286,0.9125121680327651;2.357678421611219,12.84984572684092,0.8379462386470249;16.982338471480936,14.4574540115461,0.7795617732176426;16.6561314066347,16.403439279548287,1.2836920917924646;5.398747996641409,15.000606954740654,0.2759122247568536;15.264278401717403,10.29919208231439,0.2316821241488554;10.911255852773824,12.32733772574333,0.7238978160411744;4.280084679595954,13.678702869526163,2.3024030597113416;17.479092617537404,11.080351461505307,1.1103263964905046;8.540140392127444,12.019562633396255,1.1337858747342713;11.741065877053364,13.225358942033967,0.46373120111325383;0.2566576950879157,15.438502156368578,0.25017761057893567;11.535138329870394,12.517501080138413,0.3023805730750141;2.2442554789509175,13.944225925149922,0.4764987910136303;2.829071724616509,6.815252500373287,1.116842398565673;12.89348341244764,4.462689100248536,2.456780207842593;2.792309268830196,1.9482063215231027,1.5239511084219592;18.63000485495394,9.516374612050642,0.4862045394896714;4.312449040471382,9.900114663805454,0.8882562845551485;0.6794491868940552,9.23994368862653,0.2431473573377341;17.386995268777646,18.78353211061407,0.9920648701342627"
52,drone_3,9.822,6.432,7.806,5.403,"14.145079426228822,14.135285643003368,0.36465074522886504;2.440226870056917,4.933819650250329,1.1897814698375528;1.3066818871107722,17.589369001861286,0.9125121680327651;2.357678421611219,12.84984572684092,0.8379462386470249;16.982338471480936,14.4574540115461,0.7795617732176426;16.6561314066347,16.403439279548287,1.2836920917924646;5.398747996641409,15.000606954740654,0.2759122247568536;15.264278401717403,10.29919208231439,0.2316821241488554;10.911255852773824,12.32733772574333,0.7238978160411744;4.280084679595954,13.678702869526163,2.3024030597113416;17.479092617537404,11.080351461505307,1.1103263964905046;8.540140392127444,12.019562633396255,1.1337858747342713;11.741065877053364,13.225358942033967,0.46373120111325383;0.2566576950879157,15.438502156368578,0.25017761057893567;11.535138329870394,12.517501080138413,0.3023805730750141;2.2442554789509175,13.944225925149922,0.4764987910136303;2.829071724616509,6.815252500373287,1.116842398565673;12.89348341244764,4.462689100248536,2.456780207842593;2.792309268830196,1.9482063215231027,1.5239511084219592;18.63000485495394,9.516374612050642,0.4862045394896714;4.312449040471382,9.900114663805454,0.8882562845551485;0.6794491868940552,9.23994368862653,0.2431473573377341;17.386995268777646,18.78353211061407,0.9920648701342627"
52,drone_4,12.090,7.731,7.806,5.403,"14.145079426228822,14.135285643003368,0.36465074522886504;2.440226870056917,4.933819650250329,1.1897814698375528;1.3066818871107722,17.589369001861286,0.9125121680327651;2.357678421611219,12.84984572684092,0.8379462386470249;16.982338471480936,14.4574540115461,0.7795617732176426;16.6561314066347,16.403439279548287,1.2836920917924646;5.398747996641409,15.000606954740654,0.2759122247568536;15.264278401717403,10.29919208231439,0.2316821241488554;10.911255852773824,12.32733772574333,0.7238978160411744;4.280084679595954,13.678702869526163,2.3024030597113416;17.479092617537404,11.080351461505307,1.1103263964905046;8.540140392127444,12.019562633396255,1.1337858747342713;11.741065877053364,13.225358942033967,0.46373120111325383;0.2566576950879157,15.438502156368578,0.25017761057893567;11.535138329870394,12.517501080138413,0.3023805730750141;2.2442554789509175,13.944225925149922,0.4764987910136303;2.829071724616509,6.815252500373287,1.116842398565673;12.89348341244764,4.462689100248536,2.456780207842593;2.792309268830196,1.9482063215231027,1.5239511084219592;18.63000485495394,9.516374612050642,0.4862045394896714;4.312449040471382,9.900114663805454,0.8882562845551485;0.6794491868940552,9.23994368862653,0.2431473573377341;17.386995268777646,18.78353211061407,0.9920648701342627"
52,drone_7,9.186,8.396,7.806,5.403,"14.145079426228822,14.135285643003368,0.36465074522886504;2.440226870056917,4.933819650250329,1.1897814698375528;1.3066818871107722,17.589369001861286,0.9125121680327651;2.357678421611219,12.84984572684092,0.8379462386470249;16.982338471480936,14.4574540115461,0.7795617732176426;16.6561314066347,16.403439279548287,1.2836920917924646;5.398747996641409,15.000606954740654,0.2759122247568536;15.264278401717403,10.29919208231439,0.2316821241488554;10.911255852773824,12.32733772574333,0.7238978160411744;4.280084679595954,13.678702869526163,2.3024030597113416;17.479092617537404,11.080351461505307,1.1103263964905046;8.540140392127444,12.019562633396255,1.1337858747342713;11.741065877053364,13.225358942033967,0.46373120111325383;0.2566576950879157,15.438502156368578,0.25017761057893567;11.535138329870394,12.517501080138413,0.3023805730750141;2.2442554789509175,13.944225925149922,0.4764987910136303;2.829071724616509,6.815252500373287,1.116842398565673;12.89348341244764,4.462689100248536,2.456780207842593;2.792309268830196,1.9482063215231027,1.5239511084219592;18.63000485495394,9.516374612050642,0.4862045394896714;4.312449040471382,9.900114663805454,0.8882562845551485;0.6794491868940552,9.23994368862653,0.2431473573377341;17.386995268777646,18.78353211061407,0.9920648701342627"
53,drone_0,6.175,6.225,7.806,5.403,"14.145079426228822,14.135285643003368,0.36465074522886504;2.440226870056917,4.933819650250329,1.1897814698375528;1.3066818871107722,17.589369001861286,0.9125121680327651;2.357678421611219,12.84984572684092,0.8379462386470249;16.982338471480936,14.4574540115461,0.7795617732176426;16.6561314066347,16.403439279548287,1.2836920917924646;5.398747996641409,15.000606954740654,0.2759122247568536;15.264278401717403,10.29919208231439,0.2316821241488554;10.911255852773824,12.32733772574333,0.7238978160411744;4.280084679595954,13.678702869526163,2.3024030597113416;17.479092617537404,11.080351461505307,1.1103263964905046;8.540140392127444,12.019562633396255,1.1337858747342713;11.741065877053364,13.225358942033967,0.46373120111325383;0.2566576950879157,15.438502156368578,0.25017761057893567;11.535138329870394,12.517501080138413,0.3023805730750141;2.2442554789509175,13.944225925149922,0.4764987910136303;2.829071724616509,6.815252500373287,1.116842398565673;12.89348341244764,4.462689100248536,2.456780207842593;2.792309268830196,1.9482063215231027,1.5239511084219592;18.63000485495394,9.516374612050642,0.4862045394896714;4.312449040471382,9.900114663805454,0.8882562845551485;0.6794491868940552,9.23994368862653,0.2431473573377341;17.386995268777646,18.78353211061407,0.9920648701342627"
53,drone_1,8.801,7.103,7.806,5.403,"14.145079426228822,14.135285643003368,0.36465074522886504;2.440226870056917,4.933819650250329,1.1897814698375528;1.3066818871107722,17.589369001861286,0.9125121680327651;2.357678421611219,12.84984572684092,0.8379462386470249;16.982338471480936,14.4574540115461,0.7795617732176426;16.6561314066347,16.403439279548287,1.2836920917924646;5.398747996641409,15.000606954740654,0.2759122247568536;15.264278401717403,10.29919208231439,0.2316821241488554;10.911255852773824,12.32733772574333,0.7238978160411744;4.280084679595954,13.678702869526163,2.3024030597113416;17.479092617537404,11.080351461505307,1.1103263964905046;8.540140392127444,12.019562633396255,1.1337858747342713;11.741065877053364,13.225358942033967,0.46373120111325383;0.2566576950879157,15.438502156368578,0.25017761057893567;11.535138329870394,12.517501080138413,0.3023805730750141;2.2442554789509175,13.944225925149922,0.4764987910136303;2.829071724616509,6.815252500373287,1.116842398565673;12.89348341244764,4.462689100248536,2.456780207842593;2.792309268830196,1.9482063215231027,1.5239511084219592;18.63000485495394,9.516374612050642,0.4862045394896714;4.312449040471382,9.900114663805454,0.8882562845551485;0.6794491868940552,9.23994368862653,0.2431473573377341;17.386995268777646,18.78353211061407,0.9920648701342627"
53,drone_2,7.144,12.589,7.806,5.403,"14.145079426228822,14.135285643003368,0.36465074522886504;2.440226870056917,4.933819650250329,1.1897814698375528;1.3066818871107722,17.589369001861286,0.9125121680327651;2.357678421611219,12.84984572684092,0.8379462386470249;16.982338471480936,14.4574540115461,0.7795617732176426;16.6561314066347,16.403439279548287,1.2836920917924646;5.398747996641409,15.000606954740654,0.2759122247568536;15.264278401717403,10.29919208231439,0.2316821241488554;10.911255852773824,12.32733772574333,0.7238978160411744;4.280084679595954,13.678702869526163,2.3024030597113416;17.479092617537404,11.080351461505307,1.1103263964905046;8.540140392127444,12.019562633396255,1.1337858747342713;11.741065877053364,13.225358942033967,0.46373120111325383;0.2566576950879157,15.438502156368578,0.25017761057893567;11.535138329870394,12.517501080138413,0.3023805730750141;2.2442554789509175,13.944225925149922,0.4764987910136303;2.829071724616509,6.815252500373287,1.116842398565673;12.89348341244764,4.462689100248536,2.456780207842593;2.792309268830196,1.9482063215231027,1.5239511084219592;18.63000485495394,9.516374612050642,0.4862045394896714;4.312449040471382,9.900114663805454,0.8882562845551485;0.6794491868940552,9.23994368862653,0.2431473573377341;17.386995268777646,18.78353211061407,0.9920648701342627"
53,drone_3,9.681,6.291,7.806,5.403,"14.145079426228822,14.135285643003368,0.36465074522886504;2.440226870056917,4.933819650250329,1.1897814698375528;1.3066818871107722,17.589369001861286,0.9125121680327651;2.357678421611219,12.84984572684092,0.8379462386470249;16.982338471480936,14.4574540115461,0.7795617732176426;16.6561314066347,16.403439279548287,1.2836920917924646;5.398747996641409,15.000606954740654,0.2759122247568536;15.264278401717403,10.29919208231439,0.2316821241488554;10.911255852773824,12.32733772574333,0.7238978160411744;4.280084679595954,13.678702869526163,2.3024030597113416;17.479092617537404,11.080351461505307,1.1103263964905046;8.540140392127444,12.019562633396255,1.1337858747342713;11.741065877053364,13.225358942033967,0.46373120111325383;0.2566576950879157,15.438502156368578,0.25017761057893567;11.535138329870394,12.517501080138413,0.3023805730750141;2.2442554789509175,13.944225925149922,0.4764987910136303;2.829071724616509,6.815252500373287,1.116842398565673;12.89348341244764,4.462689100248536,2.456780207842593;2.792309268830196,1.9482063215231027,1.5239511084219592;18.63000485495394,9.516374612050642,0.4862045394896714;4.312449040471382,9.900114663805454,0.8882562845551485;0.6794491868940552,9.23994368862653,0.2431473573377341;17.386995268777646,18.78353211061407,0.9920648701342627"
53,drone_4,11.908,7.647,7.806,5.403,"14.145079426228822,14.135285643003368,0.36465074522886504;2.440226870056917,4.933819650250329,1.1897814698375528;1.3066818871107722,17.589369001861286,0.9125121680327651;2.357678421611219,12.84984572684092,0.8379462386470249;16.982338471480936,14.4574540115461,0.7795617732176426;16.6561314066347,16.403439279548287,1.2836920917924646;5.398747996641409,15.000606954740654,0.2759122247568536;15.264278401717403,10.29919208231439,0.2316821241488554;10.911255852773824,12.32733772574333,0.7238978160411744;4.280084679595954,13.678702869526163,2.3024030597113416;17.479092617537404,11.080351461505307,1.1103263964905046;8.540140392127444,12.019562633396255,1.1337858747342713;11.741065877053364,13.225358942033967,0.46373120111325383;0.2566576950879157,15.438502156368578,0.25017761057893567;11.535138329870394,12.517501080138413,0.3023805730750141;2.2442554789509175,13.944225925149922,0.4764987910136303;2.829071724616509,6.815252500373287,1.116842398565673;12.89348341244764,4.462689100248536,2.456780207842593;2.792309268830196,1.9482063215231027,1.5239511084219592;18.63000485495394,9.516374612050642,0.4862045394896714;4.312449040471382,9.900114663805454,0.8882562845551485;0.6794491868940552,9.23994368862653,0.2431473573377341;17.386995268777646,18.78353211061407,0.9920648701342627"
53,drone_7,9.044,8.255,7.806,5.403,"14.145079426228822,14.135285643003368,0.36465074522886504;2.440226870056917,4.933819650250329,1.1897814698375528;1.3066818871107722,17.589369001861286,0.9125121680327651;2.357678421611219,12.84984572684092,0.8379462386470249;16.982338471480936,14.4574540115461,0.7795617732176426;16.6561314066347,16.403439279548287,1.2836920917924646;5.398747996641409,15.000606954740654,0.2759122247568536;15.264278401717403,10.29919208231439,0.2316821241488554;10.911255852773824,12.32733772574333,0.7238978160411744;4.280084679595954,13.678702869526163,2.3024030597113416;17.479092617537404,11.080351461505307,1.1103263964905046;8.540140392127444,12.019562633396255,1.1337858747342713;11.741065877053364,13.225358942033967,0.46373120111325383;0.2566576950879157,15.438502156368578,0.25017761057893567;11.535138329870394,12.517501080138413,0.3023805730750141;2.2442554789509175,13.944225925149922,0.4764987910136303;2.829071724616509,6.815252500373287,1.116842398565673;12.89348341244764,4.462689100248536,2.456780207842593;2.792309268830196,1.9482063215231027,1.5239511084219592;18.63000485495394,9.516374612050642,0.4862045394896714;4.312449040471382,9.900114663805454,0.8882562845551485;0.6794491868940552,9.23994368862653,0.2431473573377341;17.386995268777646,18.78353211061407,0.9920648701342627"
54,drone_0,6.323,6.091,7.806,5.403,"14.145079426228822,14.135285643003368,0.36465074522886504;2.440226870056917,4.933819650250329,1.1897814698375528;1.3066818871107722,17.589369001861286,0.9125121680327651;2.357678421611219,12.84984572684092,0.8379462386470249;16.982338471480936,14.4574540115461,0.7795617732176426;16.6561314066347,16.403439279548287,1.2836920917924646;5.398747996641409,15.000606954740654,0.2759122247568536;15.264278401717403,10.29919208231439,0.2316821241488554;10.911255852773824,12.32733772574333,0.7238978160411744;4.280084679595954,13.678702869526163,2.3024030597113416;17.479092617537404,11.080351461505307,1.1103263964905046;8.540140392127444,12.019562633396255,1.1337858747342713;11.741065877053364,13.225358942033967,0.46373120111325383;0.2566576950879157,15.438502156368578,0.25017761057893567;11.535138329870394,12.517501080138413,0.3023805730750141;2.2442554789509175,13.944225925149922,0.4764987910136303;2.829071724616509,6.815252500373287,1.116842398565673;12.89348341244764,4.462689100248536,2.456780207842593;2.792309268830196,1.9482063215231027,1.5239511084219592;18.63000485495394,9.516374612050642,0.4862045394896714;4.312449040471382,9.900114663805454,0.8882562845551485;0.6794491868940552,9.23994368862653,0.2431473573377341;17.386995268777646,18.78353211061407,0.9920648701342627"
54,drone_1,8.684,6.941,7.806,5.403,"14.145079426228822,14.135285643003368,0.36465074522886504;2.440226870056917,4.933819650250329,1.1897814698375528;1.3066818871107722,17.589369001861286,0.9125121680327651;2.357678421611219,12.84984572684092,0.8379462386470249;16.982338471480936,14.4574540115461,0.7795617732176426;16.6561314066347,16.403439279548287,1.2836920917924646;5.398747996641409,15.000606954740654,0.2759122247568536;15.264278401717403,10.29919208231439,0.2316821241488554;10.911255852773824,12.32733772574333,0.7238978160411744;4.280084679595954,13.678702869526163,2.3024030597113416;17.479092617537404,11.080351461505307,1.1103263964905046;8.540140392127444,12.019562633396255,1.1337858747342713;11.741065877053364,13.225358942033967,0.46373120111325383;0.2566576950879157,15.438502156368578,0.25017761057893567;11.535138329870394,12.517501080138413,0.3023805730750141;2.2442554789509175,13.944225925149922,0.4764987910136303;2.829071724616509,6.815252500373287,1.116842398565673;12.89348341244764,4.462689100248536,2.456780207842593;2.792309268830196,1.9482063215231027,1.5239511084219592;18.63000485495394,9.516374612050642,0.4862045394896714;4.312449040471382,9.900114663805454,0.8882562845551485;0.6794491868940552,9.23994368862653,0.2431473573377341;17.386995268777646,18.78353211061407,0.9920648701342627"
54,drone_2,7.039,12.418,7.806,5.403,"14.145079426228822,14.135285643003368,0.36465074522886504;2.440226870056917,4.933819650250329,1.1897814698375528;1.3066818871107722,17.589369001861286,0.9125121680327651;2.357678421611219,12.84984572684092,0.8379462386470249;16.982338471480936,14.4574540115461,0.7795617732176426;16.6561314066347,16.403439279548287,1.2836920917924646;5.398747996641409,15.000606954740654,0.2759122247568536;15.264278401717403,10.29919208231439,0.2316821241488554;10.911255852773824,12.32733772574333,0.7238978160411744;4.280084679595954,13.678702869526163,2.3024030597113416;17.479092617537404,11.080351461505307,1.1103263964905046;8.540140392127444,12.019562633396255,1.1337858747342713;11.741065877053364,13.225358942033967,0.46373120111325383;0.2566576950879157,15.438502156368578,0.25017761057893567;11.535138329870394,12.517501080138413,0.3023805730750141;2.2442554789509175,13.944225925149922,0.4764987910136303;2.829071724616509,6.815252500373287,1.116842398565673;12.89348341244764,4.462689100248536,2.456780207842593;2.792309268830196,1.9482063215231027,1.5239511084219592;18.63000485495394,9.516374612050642,0.4862045394896714;4.312449040471382,9.900114663805454,0.8882562845551485;0.6794491868940552,9.23994368862653,0.2431473573377341;17.386995268777646,18.78353211061407,0.9920648701342627"
54,drone_3,9.544,6.145,7.806,5.403,"14.145079426228822,14.135285643003368,0.36465074522886504;2.440226870056917,4.933819650250329,1.1897814698375528;1.3066818871107722,17.589369001861286,0.9125121680327651;2.357678421611219,12.84984572684092,0.8379462386470249;16.982338471480936,14.4574540115461,0.7795617732176426;16.6561314066347,16.403439279548287,1.2836920917924646;5.398747996641409,15.000606954740654,0.2759122247568536;15.264278401717403,10.29919208231439,0.2316821241488554;10.911255852773824,12.32733772574333,0.7238978160411744;4.280084679595954,13.678702869526163,2.3024030597113416;17.479092617537404,11.080351461505307,1.1103263964905046;8.540140392127444,12.019562633396255,1.1337858747342713;11.741065877053364,13.225358942033967,0.46373120111325383;0.2566576950879157,15.438502156368578,0.25017761057893567;11.535138329870394,12.517501080138413,0.3023805730750141;2.2442554789509175,13.944225925149922,0.4764987910136303;2.829071724616509,6.815252500373287,1.116842398565673;12.89348341244764,4.462689100248536,2.456780207842593;2.792309268830196,1.9482063215231027,1.5239511084219592;18.63000485495394,9.516374612050642,0.4862045394896714;4.312449040471382,9.900114663805454,0.8882562845551485;0.6794491868940552,9.23994368862653,0.2431473573377341;17.386995268777646,18.78353211061407,0.9920648701342627"
54,drone_4,11.723,7.571,7.806,5.403,"14.145079426228822,14.135285643003368,0.36465074522886504;2.440226870056917,4.933819650250329,1.1897814698375528;1.3066818871107722,17.589369001861286,0.9125121680327651;2.357678421611219,12.84984572684092,0.8379462386470249;16.982338471480936,14.4574540115461,0.7795617732176426;16.6561314066347,16.403439279548287,1.2836920917924646;5.398747996641409,15.000606954740654,0.2759122247568536;15.264278401717403,10.29919208231439,0.2316821241488554;10.911255852773824,12.32733772574333,0.7238978160411744;4.280084679595954,13.678702869526163,2.3024030597113416;17.479092617537404,11.080351461505307,1.1103263964905046;8.540140392127444,12.019562633396255,1.1337858747342713;11.741065877053364,13.225358942033967,0.46373120111325383;0.2566576950879157,15.438502156368578,0.25017761057893567;11.535138329870394,12.517501080138413,0.3023805730750141;2.2442554789509175,13.944225925149922,0.4764987910136303;2.829071724616509,6.815252500373287,1.116842398565673;12.89348341244764,4.462689100248536,2.456780207842593;2.792309268830196,1.9482063215231027,1.5239511084219592;18.63000485495394,9.516374612050642,0.4862045394896714;4.312449040471382,9.900114663805454,0.8882562845551485;0.6794491868940552,9.23994368862653,0.2431473573377341;17.386995268777646,18.78353211061407,0.9920648701342627"
54,drone_7,8.903,8.113,7.806,5.403,"14.145079426228822,14.135285643003368,0.36465074522886504;2.440226870056917,4.933819650250329,1.1897814698375528;1.3066818871107722,17.589369001861286,0.9125121680327651;2.357678421611219,12.84984572684092,0.8379462386470249;16.982338471480936,14.4574540115461,0.7795617732176426;16.6561314066347,16.403439279548287,1.2836920917924646;5.398747996641409,15.000606954740654,0.2759122247568536;15.264278401717403,10.29919208231439,0.2316821241488554;10.911255852773824,12.32733772574333,0.7238978160411744;4.280084679595954,13.678702869526163,2.3024030597113416;17.479092617537404,11.080351461505307,1.1103263964905046;8.540140392127444,12.019562633396255,1.1337858747342713;11.741065877053364,13.225358942033967,0.46373120111325383;0.2566576950879157,15.438502156368578,0.25017761057893567;11.535138329870394,12.517501080138413,0.3023805730750141;2.2442554789509175,13.944225925149922,0.4764987910136303;2.829071724616509,6.815252500373287,1.116842398565673;12.89348341244764,4.462689100248536,2.456780207842593;2.792309268830196,1.9482063215231027,1.5239511084219592;18.63000485495394,9.516374612050642,0.4862045394896714;4.312449040471382,9.900114663805454,0.8882562845551485;0.6794491868940552,9.23994368862653,0.2431473573377341;17.386995268777646,18.78353211061407,0.9920648701342627"
55,drone_0,6.477,5.964,7.806,5.403,"14.145079426228822,14.135285643003368,0.36465074522886504;2.440226870056917,4.933819650250329,1.1897814698375528;1.3066818871107722,17.589369001861286,0.9125121680327651;2.357678421611219,12.84984572684092,0.8379462386470249;16.982338471480936,14.4574540115461,0.7795617732176426;16.6561314066347,16.403439279548287,1.2836920917924646;5.398747996641409,15.000606954740654,0.2759122247568536;15.264278401717403,10.29919208231439,0.2316821241488554;10.911255852773824,12.32733772574333,0.7238978160411744;4.280084679595954,13.678702869526163,2.3024030597113416;17.479092617537404,11.080351461505307,1.1103263964905046;8.540140392127444,12.019562633396255,1.1337858747342713;11.741065877053364,13.225358942033967,0.46373120111325383;0.2566576950879157,15.438502156368578,0.25017761057893567;11.535138329870394,12.517501080138413,0.3023805730750141;2.2442554789509175,13.944225925149922,0.4764987910136303;2.829071724616509,6.815252500373287,1.116842398565673;12.89348341244764,4.462689100248536,2.456780207842593;2.792309268830196,1.9482063215231027,1.5239511084219592;18.63000485495394,9.516374612050642,0.4862045394896714;4.312449040471382,9.900114663805454,0.8882562845551485;0.6794491868940552,9.23994368862653,0.2431473573377341;17.386995268777646,18.78353211061407,0.9920648701342627"
55,drone_1,8.565,6.780,7.806,5.403,"14.145079426228822,14.135285643003368,0.36465074522886504;2.440226870056917,4.933819650250329,1.1897814698375528;1.3066818871107722,17.589369001861286,0.9125121680327651;2.357678421611219,12.84984572684092,0.8379462386470249;16.982338471480936,14.4574540115461,0.7795617732176426;16.6561314066347,16.403439279548287,1.2836920917924646;5.398747996641409,15.000606954740654,0.2759122247568536;15.264278401717403,10.29919208231439,0.2316821241488554;10.911255852773824,12.32733772574333,0.7238978160411744;4.280084679595954,13.678702869526163,2.3024030597113416;17.479092617537404,11.080351461505307,1.1103263964905046;8.540140392127444,12.019562633396255,1.1337858747342713;11.741065877053364,13.225358942033967,0.46373120111325383;0.2566576950879157,15.438502156368578,0.25017761057893567;11.535138329870394,12.517501080138413,0.3023805730750141;2.2442554789509175,13.944225925149922,0.4764987910136303;2.829071724616509,6.815252500373287,1.116842398565673;12.89348341244764,4.462689100248536,2.456780207842593;2.792309268830196,1.9482063215231027,1.5239511084219592;18.63000485495394,9.516374612050642,0.4862045394896714;4.312449040471382,9.900114663805454,0.8882562845551485;0.6794491868940552,9.23994368862653,0.2431473573377341;17.386995268777646,18.78353211061407,0.9920648701342627"
55,drone_2,7.029,12.219,7.806,5.403,"14.145079426228822,14.135285643003368,0.36465074522886504;2.440226870056917,4.933819650250329,1.1897814698375528;1.3066818871107722,17.589369001861286,0.9125121680327651;2.357678421611219,12.84984572684092,0.8379462386470249;16.982338471480936,14.4574540115461,0.7795617732176426;16.6561314066347,16.403439279548287,1.2836920917924646;5.398747996641409,15.000606954740654,0.2759122247568536;15.264278401717403,10.29919208231439,0.2316821241488554;10.911255852773824,12.32733772574333,0.7238978160411744;4.280084679595954,13.678702869526163,2.3024030597113416;17.479092617537404,11.080351461505307,1.1103263964905046;8.540140392127444,12.019562633396255,1.1337858747342713;11.741065877053364,13.225358942033967,0.46373120111325383;0.2566576950879157,15.438502156368578,0.25017761057893567;11.535138329870394,12.517501080138413,0.3023805730750141;2.2442554789509175,13.944225925149922,0.4764987910136303;2.829071724616509,6.815252500373287,1.116842398565673;12.89348341244764,4.462689100248536,2.456780207842593;2.792309268830196,1.9482063215231027,1.5239511084219592;18.63000485495394,9.516374612050642,0.4862045394896714;4.312449040471382,9.900114663805454,0.8882562845551485;0.6794491868940552,9.23994368862653,0.2431473573377341;17.386995268777646,18.78353211061407,0.9920648701342627"
55,drone_3,9.406,6.000,7.806,5.403,"14.145079426228822,14.135285643003368,0.36465074522886504;2.440226870056917,4.933819650250329,1.1897814698375528;1.3066818871107722,17.589369001861286,0.9125121680327651;2.357678421611219,12.84984572684092,0.8379462386470249;16.982338471480936,14.4574540115461,0.7795617732176426;16.6561314066347,16.403439279548287,1.2836920917924646;5.398747996641409,15.000606954740654,0.2759122247568536;15.264278401717403,10.29919208231439,0.2316821241488554;10.911255852773824,12.32733772574333,0.7238978160411744;4.280084679595954,13.678702869526163,2.3024030597113416;17.479092617537404,11.080351461505307,1.1103263964905046;8.540140392127444,12.019562633396255,1.1337858747342713;11.741065877053364,13.225358942033967,0.46373120111325383;0.2566576950879157,15.438502156368578,0.25017761057893567;11.535138329870394,12.517501080138413,0.3023805730750141;2.2442554789509175,13.944225925149922,0.4764987910136303;2.829071724616509,6.815252500373287,1.116842398565673;12.89348341244764,4.462689100248536,2.456780207842593;2.792309268830196,1.9482063215231027,1.5239511084219592;18.63000485495394,9.516374612050642,0.4862045394896714;4.312449040471382,9.900114663805454,0.8882562845551485;0.6794491868940552,9.23994368862653,0.2431473573377341;17.386995268777646,18.78353211061407,0.9920648701342627"
55,drone_4,11.553,7.466,7.806,5.403,"14.145079426228822,14.135285643003368,0.36465074522886504;2.440226870056917,4.933819650250329,1.1897814698375528;1.3066818871107722,17.589369001861286,0.9125121680327651;2.357678421611219,12.84984572684092,0.8379462386470249;16.982338471480936,14.4574540115461,0.7795617732176426;16.6561314066347,16.403439279548287,1.2836920917924646;5.398747996641409,15.000606954740654,0.2759122247568536;15.264278401717403,10.29919208231439,0.2316821241488554;10.911255852773824,12.32733772574333,0.7238978160411744;4.280084679595954,13.678702869526163,2.3024030597113416;17.479092617537404,11.080351461505307,1.1103263964905046;8.540140392127444,12.019562633396255,1.1337858747342713;11.741065877053364,13.225358942033967,0.46373120111325383;0.2566576950879157,15.438502156368578,0.25017761057893567;11.535138329870394,12.517501080138413,0.3023805730750141;2.2442554789509175,13.944225925149922,0.4764987910136303;2.829071724616509,6.815252500373287,1.116842398565673;12.89348341244764,4.462689100248536,2.456780207842593;2.792309268830196,1.9482063215231027,1.5239511084219592;18.63000485495394,9.516374612050642,0.4862045394896714;4.312449040471382,9.900114663805454,0.8882562845551485;0.6794491868940552,9.23994368862653,0.2431473573377341;17.386995268777646,18.78353211061407,0.9920648701342627"
55,drone_7,8.761,7.972,7.806,5.403,"14.145079426228822,14.135285643003368,0.36465074522886504;2.440226870056917,4.933819650250329,1.1897814698375528;1.3066818871107722,17.589369001861286,0.9125121680327651;2.357678421611219,12.84984572684092,0.8379462386470249;16.982338471480936,14.4574540115461,0.7795617732176426;16.6561314066347,16.403439279548287,1.2836920917924646;5.398747996641409,15.000606954740654,0.2759122247568536;15.264278401717403,10.29919208231439,0.2316821241488554;10.911255852773824,12.32733772574333,0.7238978160411744;4.280084679595954,13.678702869526163,2.3024030597113416;17.479092617537404,11.080351461505307,1.1103263964905046;8.540140392127444,12.019562633396255,1.1337858747342713;11.741065877053364,13.225358942033967,0.46373120111325383;0.2566576950879157,15.438502156368578,0.25017761057893567;11.535138329870394,12.517501080138413,0.3023805730750141;2.2442554789509175,13.944225925149922,0.4764987910136303;2.829071724616509,6.815252500373287,1.116842398565673;12.89348341244764,4.462689100248536,2.456780207842593;2.792309268830196,1.9482063215231027,1.5239511084219592;18.63000485495394,9.516374612050642,0.4862045394896714;4.312449040471382,9.900114663805454,0.8882562845551485;0.6794491868940552,9.23994368862653,0.2431473573377341;17.386995268777646,18.78353211061407,0.9920648701342627"
56,drone_0,6.626,5.830,7.806,5.403,"14.145079426228822,14.135285643003368,0.36465074522886504;2.440226870056917,4.933819650250329,1.1897814698375528;1.3066818871107722,17.589369001861286,0.9125121680327651;2.357678421611219,12.84984572684092,0.8379462386470249;16.982338471480936,14.4574540115461,0.7795617732176426;16.6561314066347,16.403439279548287,1.2836920917924646;5.398747996641409,15.000606954740654,0.2759122247568536;15.264278401717403,10.29919208231439,0.2316821241488554;10.911255852773824,12.32733772574333,0.7238978160411744;4.280084679595954,13.678702869526163,2.3024030597113416;17.479092617537404,11.080351461505307,1.1103263964905046;8.540140392127444,12.019562633396255,1.1337858747342713;11.741065877053364,13.225358942033967,0.46373120111325383;0.2566576950879157,15.438502156368578,0.25017761057893567;11.535138329870394,12.517501080138413,0.3023805730750141;2.2442554789509175,13.944225925149922,0.4764987910136303;2.829071724616509,6.815252500373287,1.116842398565673;12.89348341244764,4.462689100248536,2.456780207842593;2.792309268830196,1.9482063215231027,1.5239511084219592;18.63000485495394,9.516374612050642,0.4862045394896714;4.312449040471382,9.900114663805454,0.8882562845551485;0.6794491868940552,9.23994368862653,0.2431473573377341;17.386995268777646,18.78353211061407,0.9920648701342627"
56,drone_1,8.461,6.609,7.806,5.403,"14.145079426228822,14.135285643003368,0.36465074522886504;2.440226870056917,4.933819650250329,1.1897814698375528;1.3066818871107722,17.589369001861286,0.9125121680327651;2.357678421611219,12.84984572684092,0.8379462386470249;16.982338471480936,14.4574540115461,0.7795617732176426;16.6561314066347,16.403439279548287,1.2836920917924646;5.398747996641409,15.000606954740654,0.2759122247568536;15.264278401717403,10.29919208231439,0.2316821241488554;10.911255852773824,12.32733772574333,0.7238978160411744;4.280084679595954,13.678702869526163,2.3024030597113416;17.479092617537404,11.080351461505307,1.1103263964905046;8.540140392127444,12.019562633396255,1.1337858747342713;11.741065877053364,13.225358942033967,0.46373120111325383;0.2566576950879157,15.438502156368578,0.25017761057893567;11.535138329870394,12.517501080138413,0.3023805730750141;2.2442554789509175,13.944225925149922,0.4764987910136303;2.829071724616509,6.815252500373287,1.116842398565673;12.89348341244764,4.462689100248536,2.456780207842593;2.792309268830196,1.9482063215231027,1.5239511084219592;18.63000485495394,9.516374612050642,0.4862045394896714;4.312449040471382,9.900114663805454,0.8882562845551485;0.6794491868940552,9.23994368862653,0.2431473573377341;17.386995268777646,18.78353211061407,0.9920648701342627"
56,drone_2,6.961,12.031,7.806,5.403,"14.145079426228822,14.135285643003368,0.36465074522886504;2.440226870056917,4.933819650250329,1.1897814698375528;1.3066818871107722,17.589369001861286,0.9125121680327651;2.357678421611219,12.84984572684092,0.8379462386470249;16.982338471480936,14.4574540115461,0.7795617732176426;16.6561314066347,16.403439279548287,1.2836920917924646;5.398747996641409,15.000606954740654,0.2759122247568536;15.264278401717403,10.29919208231439,0.2316821241488554;10.911255852773824,12.32733772574333,0.7238978160411744;4.280084679595954,13.678702869526163,2.3024030597113416;17.479092617537404,11.080351461505307,1.1103263964905046;8.540140392127444,12.019562633396255,1.1337858747342713;11.741065877053364,13.225358942033967,0.46373120111325383;0.2566576950879157,15.438502156368578,0.25017761057893567;11.535138329870394,12.517501080138413,0.3023805730750141;2.2442554789509175,13.944225925149922,0.4764987910136303;2.829071724616509,6.815252500373287,1.116842398565673;12.89348341244764,4.462689100248536,2.456780207842593;2.792309268830196,1.9482063215231027,1.5239511084219592;18.63000485495394,9.516374612050642,0.4862045394896714;4.312449040471382,9.900114663805454,0.8882562845551485;0.6794491868940552,9.23994368862653,0.2431473573377341;17.386995268777646,18.78353211061407,0.9920648701342627"
56,drone_3,9.287,5.840,7.806,5.403,"14.145079426228822,14.135285643003368,0.36465074522886504;2.440226870056917,4.933819650250329,1.1897814698375528;1.3066818871107722,17.589369001861286,0.9125121680327651;2.357678421611219,12.84984572684092,0.8379462386470249;16.982338471480936,14.4574540115461,0.7795617732176426;16.6561314066347,16.403439279548287,1.2836920917924646;5.398747996641409,15.000606954740654,0.2759122247568536;15.264278401717403,10.29919208231439,0.2316821241488554;10.911255852773824,12.32733772574333,0.7238978160411744;4.280084679595954,13.678702869526163,2.3024030597113416;17.479092617537404,11.080351461505307,1.1103263964905046;8.540140392127444,12.019562633396255,1.1337858747342713;11.741065877053364,13.225358942033967,0.46373120111325383;0.2566576950879157,15.438502156368578,0.25017761057893567;11.535138329870394,12.517501080138413,0.3023805730750141;2.2442554789509175,13.944225925149922,0.4764987910136303;2.829071724616509,6.815252500373287,1.116842398565673;12.89348341244764,4.462689100248536,2.456780207842593;2.792309268830196,1.9482063215231027,1.5239511084219592;18.63000485495394,9.516374612050642,0.4862045394896714;4.312449040471382,9.900114663805454,0.8882562845551485;0.6794491868940552,9.23994368862653,0.2431473573377341;17.386995268777646,18.78353211061407,0.9920648701342627"
56,drone_4,11.392,7.348,7.806,5.403,"14.145079426228822,14.135285643003368,0.36465074522886504;2.440226870056917,4.933819650250329,1.1897814698375528;1.3066818871107722,17.589369001861286,0.9125121680327651;2.357678421611219,12.84984572684092,0.8379462386470249;16.982338471480936,14.4574540115461,0.7795617732176426;16.6561314066347,16.403439279548287,1.2836920917924646;5.398747996641409,15.000606954740654,0.2759122247568536;15.264278401717403,10.29919208231439,0.2316821241488554;10.911255852773824,12.32733772574333,0.7238978160411744;4.280084679595954,13.678702869526163,2.3024030597113416;17.479092617537404,11.080351461505307,1.1103263964905046;8.540140392127444,12.019562633396255,1.1337858747342713;11.741065877053364,13.225358942033967,0.46373120111325383;0.2566576950879157,15.438502156368578,0.25017761057893567;11.535138329870394,12.517501080138413,0.3023805730750141;2.2442554789509175,13.944225925149922,0.4764987910136303;2.829071724616509,6.815252500373287,1.116842398565673;12.89348341244764,4.462689100248536,2.456780207842593;2.792309268830196,1.9482063215231027,1.5239511084219592;18.63000485495394,9.516374612050642,0.4862045394896714;4.312449040471382,9.900114663805454,0.8882562845551485;0.6794491868940552,9.23994368862653,0.2431473573377341;17.386995268777646,18.78353211061407,0.9920648701342627"
56,drone_7,8.629,7.822,7.806,5.403,"14.145079426228822,14.135285643003368,0.36465074522886504;2.440226870056917,4.933819650250329,1.1897814698375528;1.3066818871107722,17.589369001861286,0.9125121680327651;2.357678421611219,12.84984572684092,0.8379462386470249;16.982338471480936,14.4574540115461,0.7795617732176426;16.6561314066347,16.403439279548287,1.2836920917924646;5.398747996641409,15.000606954740654,0.2759122247568536;15.264278401717403,10.29919208231439,0.2316821241488554;10.911255852773824,12.32733772574333,0.7238978160411744;4.280084679595954,13.678702869526163,2.3024030597113416;17.479092617537404,11.080351461505307,1.1103263964905046;8.540140392127444,12.019562633396255,1.1337858747342713;11.741065877053364,13.225358942033967,0.46373120111325383;0.2566576950879157,15.438502156368578,0.25017761057893567;11.535138329870394,12.517501080138413,0.3023805730750141;2.2442554789509175,13.944225925149922,0.4764987910136303;2.829071724616509,6.815252500373287,1.116842398565673;12.89348341244764,4.462689100248536,2.456780207842593;2.792309268830196,1.9482063215231027,1.5239511084219592;18.63000485495394,9.516374612050642,0.4862045394896714;4.312449040471382,9.900114663805454,0.8882562845551485;0.6794491868940552,9.23994368862653,0.2431473573377341;17.386995268777646,18.78353211061407,0.9920648701342627"
57,drone_0,6.786,5.710,7.806,5.403,"14.145079426228822,14.135285643003368,0.36465074522886504;2.440226870056917,4.933819650250329,1.1897814698375528;1.3066818871107722,17.589369001861286,0.9125121680327651;2.357678421611219,12.84984572684092,0.8379462386470249;16.982338471480936,14.4574540115461,0.7795617732176426;16.6561314066347,16.403439279548287,1.2836920917924646;5.398747996641409,15.000606954740654,0.2759122247568536;15.264278401717403,10.29919208231439,0.2316821241488554;10.911255852773824,12.32733772574333,0.7238978160411744;4.280084679595954,13.678702869526163,2.3024030597113416;17.479092617537404,11.080351461505307,1.1103263964905046;8.540140392127444,12.019562633396255,1.1337858747342713;11.741065877053364,13.225358942033967,0.46373120111325383;0.2566576950879157,15.438502156368578,0.25017761057893567;11.535138329870394,12.517501080138413,0.3023805730750141;2.2442554789509175,13.944225925149922,0.4764987910136303;2.829071724616509,6.815252500373287,1.116842398565673;12.89348341244764,4.462689100248536,2.456780207842593;2.792309268830196,1.9482063215231027,1.5239511084219592;18.63000485495394,9.516374612050642,0.4862045394896714;4.312449040471382,9.900114663805454,0.8882562845551485;0.6794491868940552,9.23994368862653,0.2431473573377341;17.386995268777646,18.78353211061407,0.9920648701342627"
57,drone_1,8.352,6.441,7.806,5.403,"14.145079426228822,14.135285643003368,0.36465074522886504;2.440226870056917,4.933819650250329,1.1897814698375528;1.3066818871107722,17.589369001861286,0.9125121680327651;2.357678421611219,12.84984572684092,0.8379462386470249;16.982338471480936,14.4574540115461,0.7795617732176426;16.6561314066347,16.403439279548287,1.2836920917924646;5.398747996641409,15.000606954740654,0.2759122247568536;15.264278401717403,10.29919208231439,0.2316821241488554;10.911255852773824,12.32733772574333,0.7238978160411744;4.280084679595954,13.678702869526163,2.3024030597113416;17.479092617537404,11.080351461505307,1.1103263964905046;8.540140392127444,12.019562633396255,1.1337858747342713;11.741065877053364,13.225358942033967,0.46373120111325383;0.2566576950879157,15.438502156368578,0.25017761057893567;11.535138329870394,12.517501080138413,0.3023805730750141;2.2442554789509175,13.944225925149922,0.4764987910136303;2.829071724616509,6.815252500373287,1.116842398565673;12.89348341244764,4.462689100248536,2.456780207842593;2.792309268830196,1.9482063215231027,1.5239511084219592;18.63000485495394,9.516374612050642,0.4862045394896714;4.312449040471382,9.900114663805454,0.8882562845551485;0.6794491868940552,9.23994368862653,0.2431473573377341;17.386995268777646,18.78353211061407,0.9920648701342627"
57,drone_2,6.906,11.838,7.806,5.403,"14.145079426228822,14.135285643003368,0.36465074522886504;2.440226870056917,4.933819650250329,1.1897814698375528;1.3066818871107722,17.589369001861286,0.9125121680327651;2.357678421611219,12.84984572684092,0.8379462386470249;16.982338471480936,14.4574540115461,0.7795617732176426;16.6561314066347,16.403439279548287,1.2836920917924646;5.398747996641409,15.000606954740654,0.2759122247568536;15.264278401717403,10.29919208231439,0.2316821241488554;10.911255852773824,12.32733772574333,0.7238978160411744;4.280084679595954,13.678702869526163,2.3024030597113416;17.479092617537404,11.080351461505307,1.1103263964905046;8.540140392127444,12.019562633396255,1.1337858747342713;11.741065877053364,13.225358942033967,0.46373120111325383;0.2566576950879157,15.438502156368578,0.25017761057893567;11.535138329870394,12.517501080138413,0.3023805730750141;2.2442554789509175,13.944225925149922,0.4764987910136303;2.829071724616509,6.815252500373287,1.116842398565673;12.89348341244764,4.462689100248536,2.456780207842593;2.792309268830196,1.9482063215231027,1.5239511084219592;18.63000485495394,9.516374612050642,0.4862045394896714;4.312449040471382,9.900114663805454,0.8882562845551485;0.6794491868940552,9.23994368862653,0.2431473573377341;17.386995268777646,18.78353211061407,0.9920648701342627"
57,drone_3,9.158,5.687,7.806,5.403,"14.145079426228822,14.135285643003368,0.36465074522886504;2.440226870056917,4.933819650250329,1.1897814698375528;1.3066818871107722,17.589369001861286,0.9125121680327651;2.357678421611219,12.84984572684092,0.8379462386470249;16.982338471480936,14.4574540115461,0.7795617732176426;16.6561314066347,16.403439279548287,1.2836920917924646;5.398747996641409,15.000606954740654,0.2759122247568536;15.264278401717403,10.29919208231439,0.2316821241488554;10.911255852773824,12.32733772574333,0.7238978160411744;4.280084679595954,13.678702869526163,2.3024030597113416;17.479092617537404,11.080351461505307,1.1103263964905046;8.540140392127444,12.019562633396255,1.1337858747342713;11.741065877053364,13.225358942033967,0.46373120111325383;0.2566576950879157,15.438502156368578,0.25017761057893567;11.535138329870394,12.517501080138413,0.3023805730750141;2.2442554789509175,13.944225925149922,0.4764987910136303;2.829071724616509,6.815252500373287,1.116842398565673;12.89348341244764,4.462689100248536,2.456780207842593;2.792309268830196,1.9482063215231027,1.5239511084219592;18.63000485495394,9.516374612050642,0.4862045394896714;4.312449040471382,9.900114663805454,0.8882562845551485;0.6794491868940552,9.23994368862653,0.2431473573377341;17.386995268777646,18.78353211061407,0.9920648701342627"
57,drone_4,11.233,7.227,7.806,5.403,"14.145079426228822,14.135285643003368,0.36465074522886504;2.440226870056917,4.933819650250329,1.1897814698375528;1.3066818871107722,17.589369001861286,0.9125121680327651;2.357678421611219,12.84984572684092,0.8379462386470249;16.982338471480936,14.4574540115461,0.7795617732176426;16.6561314066347,16.403439279548287,1.2836920917924646;5.398747996641409,15.000606954740654,0.2759122247568536;15.264278401717403,10.29919208231439,0.2316821241488554;10.911255852773824,12.32733772574333,0.7238978160411744;4.280084679595954,13.678702869526163,2.3024030597113416;17.479092617537404,11.080351461505307,1.1103263964905046;8.540140392127444,12.019562633396255,1.1337858747342713;11.741065877053364,13.225358942033967,0.46373120111325383;0.2566576950879157,15.438502156368578,0.25017761057893567;11.535138329870394,12.517501080138413,0.3023805730750141;2.2442554789509175,13.944225925149922,0.4764987910136303;2.829071724616509,6.815252500373287,1.116842398565673;12.89348341244764,4.462689100248536,2.456780207842593;2.792309268830196,1.9482063215231027,1.5239511084219592;18.63000485495394,9.516374612050642,0.4862045394896714;4.312449040471382,9.900114663805454,0.8882562845551485;0.6794491868940552,9.23994368862653,0.2431473573377341;17.386995268777646,18.78353211061407,0.9920648701342627"
57,drone_7,8.494,7.675,7.806,5.403,"14.145079426228822,14.135285643003368,0.36465074522886504;2.440226870056917,4.933819650250329,1.1897814698375528;1.3066818871107722,17.589369001861286,0.9125121680327651;2.357678421611219,12.84984572684092,0.8379462386470249;16.982338471480936,14.4574540115461,0.7795617732176426;16.6561314066347,16.403439279548287,1.2836920917924646;5.398747996641409,15.000606954740654,0.2759122247568536;15.264278401717403,10.29919208231439,0.2316821241488554;10.911255852773824,12.32733772574333,0.7238978160411744;4.280084679595954,13.678702869526163,2.3024030597113416;17.479092617537404,11.080351461505307,1.1103263964905046;8.540140392127444,12.019562633396255,1.1337858747342713;11.741065877053364,13.225358942033967,0.46373120111325383;0.2566576950879157,15.438502156368578,0.25017761057893567;11.535138329870394,12.517501080138413,0.3023805730750141;2.2442554789509175,13.944225925149922,0.4764987910136303;2.829071724616509,6.815252500373287,1.116842398565673;12.89348341244764,4.462689100248536,2.456780207842593;2.792309268830196,1.9482063215231027,1.5239511084219592;18.63000485495394,9.516374612050642,0.4862045394896714;4.312449040471382,9.900114663805454,0.8882562845551485;0.6794491868940552,9.23994368862653,0.2431473573377341;17.386995268777646,18.78353211061407,0.9920648701342627"
58,drone_0,6.947,5.591,7.806,5.403,"14.145079426228822,14.135285643003368,0.36465074522886504;2.440226870056917,4.933819650250329,1.1897814698375528;1.3066818871107722,17.589369001861286,0.9125121680327651;2.357678421611219,12.84984572684092,0.8379462386470249;16.982338471480936,14.4574540115461,0.7795617732176426;16.6561314066347,16.403439279548287,1.2836920917924646;5.398747996641409,15.000606954740654,0.2759122247568536;15.264278401717403,10.29919208231439,0.2316821241488554;10.911255852773824,12.32733772574333,0.7238978160411744;4.280084679595954,13.678702869526163,2.3024030597113416;17.479092617537404,11.080351461505307,1.1103263964905046;8.540140392127444,12.019562633396255,1.1337858747342713;11.741065877053364,13.225358942033967,0.46373120111325383;0.2566576950879157,15.438502156368578,0.25017761057893567;11.535138329870394,12.517501080138413,0.3023805730750141;2.2442554789509175,13.944225925149922,0.4764987910136303;2.829071724616509,6.815252500373287,1.116842398565673;12.89348341244764,4.462689100248536,2.456780207842593;2.792309268830196,1.9482063215231027,1.5239511084219592;18.63000485495394,9.516374612050642,0.4862045394896714;4.312449040471382,9.900114663805454,0.8882562845551485;0.6794491868940552,9.23994368862653,0.2431473573377341;17.386995268777646,18.78353211061407,0.9920648701342627"
58,drone_1,8.254,6.267,7.806,5.403,"14.145079426228822,14.135285643003368,0.36465074522886504;2.440226870056917,4.933819650250329,1.1897814698375528;1.3066818871107722,17.589369001861286,0.9125121680327651;2.357678421611219,12.84984572684092,0.8379462386470249;16.982338471480936,14.4574540115461,0.7795617732176426;16.6561314066347,16.403439279548287,1.2836920917924646;5.398747996641409,15.000606954740654,0.2759122247568536;15.264278401717403,10.29919208231439,0.2316821241488554;10.911255852773824,12.32733772574333,0.7238978160411744;4.280084679595954,13.678702869526163,2.3024030597113416;17.479092617537404,11.080351461505307,1.1103263964905046;8.540140392127444,12.019562633396255,1.1337858747342713;11.741065877053364,13.225358942033967,0.46373120111325383;0.2566576950879157,15.438502156368578,0.25017761057893567;11.535138329870394,12.517501080138413,0.3023805730750141;2.2442554789509175,13.944225925149922,0.4764987910136303;2.829071724616509,6.815252500373287,1.116842398565673;12.89348341244764,4.462689100248536,2.456780207842593;2.792309268830196,1.9482063215231027,1.5239511084219592;18.63000485495394,9.516374612050642,0.4862045394896714;4.312449040471382,9.900114663805454,0.8882562845551485;0.6794491868940552,9.23994368862653,0.2431473573377341;17.386995268777646,18.78353211061407,0.9920648701342627"
58,drone_2,6.872,11.641,7.806,5.403,"14.145079426228822,14.135285643003368,0.36465074522886504;2.440226870056917,4.933819650250329,1.1897814698375528;1.3066818871107722,17.589369001861286,0.9125121680327651;2.357678421611219,12.84984572684092,0.8379462386470249;16.982338471480936,14.4574540115461,0.7795617732176426;16.6561314066347,16.403439279548287,1.2836920917924646;5.398747996641409,15.000606954740654,0.2759122247568536;15.264278401717403,10.29919208231439,0.2316821241488554;10.911255852773824,12.32733772574333,0.7238978160411744;4.280084679595954,13.678702869526163,2.3024030597113416;17.479092617537404,11.080351461505307,1.1103263964905046;8.540140392127444,12.019562633396255,1.1337858747342713;11.741065877053364,13.225358942033967,0.46373120111325383;0.2566576950879157,15.438502156368578,0.25017761057893567;11.535138329870394,12.517501080138413,0.3023805730750141;2.2442554789509175,13.944225925149922,0.4764987910136303;2.829071724616509,6.815252500373287,1.116842398565673;12.89348341244764,4.462689100248536,2.456780207842593;2.792309268830196,1.9482063215231027,1.5239511084219592;18.63000485495394,9.516374612050642,0.4862045394896714;4.312449040471382,9.900114663805454,0.8882562845551485;0.6794491868940552,9.23994368862653,0.2431473573377341;17.386995268777646,18.78353211061407,0.9920648701342627"
58,drone_3,9.031,5.532,7.806,5.403,"14.145079426228822,14.135285643003368,0.36465074522886504;2.440226870056917,4.933819650250329,1.1897814698375528;1.3066818871107722,17.589369001861286,0.9125121680327651;2.357678421611219,12.84984572684092,0.8379462386470249;16.982338471480936,14.4574540115461,0.7795617732176426;16.6561314066347,16.403439279548287,1.2836920917924646;5.398747996641409,15.000606954740654,0.2759122247568536;15.264278401717403,10.29919208231439,0.2316821241488554;10.911255852773824,12.32733772574333,0.7238978160411744;4.280084679595954,13.678702869526163,2.3024030597113416;17.479092617537404,11.080351461505307,1.1103263964905046;8.540140392127444,12.019562633396255,1.1337858747342713;11.741065877053364,13.225358942033967,0.46373120111325383;0.2566576950879157,15.438502156368578,0.25017761057893567;11.535138329870394,12.517501080138413,0.3023805730750141;2.2442554789509175,13.944225925149922,0.4764987910136303;2.829071724616509,6.815252500373287,1.116842398565673;12.89348341244764,4.462689100248536,2.456780207842593;2.792309268830196,1.9482063215231027,1.5239511084219592;18.63000485495394,9.516374612050642,0.4862045394896714;4.312449040471382,9.900114663805454,0.8882562845551485;0.6794491868940552,9.23994368862653,0.2431473573377341;17.386995268777646,18.78353211061407,0.9920648701342627"
58,drone_4,11.068,7.114,7.806,5.403,"14.145079426228822,14.135285643003368,0.36465074522886504;2.440226870056917,4.933819650250329,1.1897814698375528;1.3066818871107722,17.589369001861286,0.9125121680327651;2.357678421611219,12.84984572684092,0.8379462386470249;16.982338471480936,14.4574540115461,0.7795617732176426;16.6561314066347,16.403439279548287,1.2836920917924646;5.398747996641409,15.000606954740654,0.2759122247568536;15.264278401717403,10.29919208231439,0.2316821241488554;10.911255852773824,12.32733772574333,0.7238978160411744;4.280084679595954,13.678702869526163,2.3024030597113416;17.479092617537404,11.080351461505307,1.1103263964905046;8.540140392127444,12.019562633396255,1.1337858747342713;11.741065877053364,13.225358942033967,0.46373120111325383;0.2566576950879157,15.438502156368578,0.25017761057893567;11.535138329870394,12.517501080138413,0.3023805730750141;2.2442554789509175,13.944225925149922,0.4764987910136303;2.829071724616509,6.815252500373287,1.116842398565673;12.89348341244764,4.462689100248536,2.456780207842593;2.792309268830196,1.9482063215231027,1.5239511084219592;18.63000485495394,9.516374612050642,0.4862045394896714;4.312449040471382,9.900114663805454,0.8882562845551485;0.6794491868940552,9.23994368862653,0.2431473573377341;17.386995268777646,18.78353211061407,0.9920648701342627"
58,drone_7,8.367,7.520,7.806,5.403,"14.145079426228822,14.135285643003368,0.36465074522886504;2.440226870056917,4.933819650250329,1.1897814698375528;1.3066818871107722,17.589369001861286,0.9125121680327651;2.357678421611219,12.84984572684092,0.8379462386470249;16.982338471480936,14.4574540115461,0.7795617732176426;16.6561314066347,16.403439279548287,1.2836920917924646;5.398747996641409,15.000606954740654,0.2759122247568536;15.264278401717403,10.29919208231439,0.2316821241488554;10.911255852773824,12.32733772574333,0.7238978160411744;4.280084679595954,13.678702869526163,2.3024030597113416;17.479092617537404,11.080351461505307,1.1103263964905046;8.540140392127444,12.019562633396255,1.1337858747342713;11.741065877053364,13.225358942033967,0.46373120111325383;0.2566576950879157,15.438502156368578,0.25017761057893567;11.535138329870394,12.517501080138413,0.3023805730750141;2.2442554789509175,13.944225925149922,0.4764987910136303;2.829071724616509,6.815252500373287,1.116842398565673;12.89348341244764,4.462689100248536,2.456780207842593;2.792309268830196,1.9482063215231027,1.5239511084219592;18.63000485495394,9.516374612050642,0.4862045394896714;4.312449040471382,9.900114663805454,0.8882562845551485;0.6794491868940552,9.23994368862653,0.2431473573377341;17.386995268777646,18.78353211061407,0.9920648701342627"
59,drone_1,8.166,6.087,7.806,5.403,"14.145079426228822,14.135285643003368,0.36465074522886504;2.440226870056917,4.933819650250329,1.1897814698375528;1.3066818871107722,17.589369001861286,0.9125121680327651;2.357678421611219,12.84984572684092,0.8379462386470249;16.982338471480936,14.4574540115461,0.7795617732176426;16.6561314066347,16.403439279548287,1.2836920917924646;5.398747996641409,15.000606954740654,0.2759122247568536;15.264278401717403,10.29919208231439,0.2316821241488554;10.911255852773824,12.32733772574333,0.7238978160411744;4.280084679595954,13.678702869526163,2.3024030597113416;17.479092617537404,11.080351461505307,1.1103263964905046;8.540140392127444,12.019562633396255,1.1337858747342713;11.741065877053364,13.225358942033967,0.46373120111325383;0.2566576950879157,15.438502156368578,0.25017761057893567;11.535138329870394,12.517501080138413,0.3023805730750141;2.2442554789509175,13.944225925149922,0.4764987910136303;2.829071724616509,6.815252500373287,1.116842398565673;12.89348341244764,4.462689100248536,2.456780207842593;2.792309268830196,1.9482063215231027,1.5239511084219592;18.63000485495394,9.516374612050642,0.4862045394896714;4.312449040471382,9.900114663805454,0.8882562845551485;0.6794491868940552,9.23994368862653,0.2431473573377341;17.386995268777646,18.78353211061407,0.9920648701342627"
59,drone_2,6.836,11.445,7.806,5.403,"14.145079426228822,14.135285643003368,0.36465074522886504;2.440226870056917,4.933819650250329,1.1897814698375528;1.3066818871107722,17.589369001861286,0.9125121680327651;2.357678421611219,12.84984572684092,0.8379462386470249;16.982338471480936,14.4574540115461,0.7795617732176426;16.6561314066347,16.403439279548287,1.2836920917924646;5.398747996641409,15.000606954740654,0.2759122247568536;15.264278401717403,10.29919208231439,0.2316821241488554;10.911255852773824,12.32733772574333,0.7238978160411744;4.280084679595954,13.678702869526163,2.3024030597113416;17.479092617537404,11.080351461505307,1.1103263964905046;8.540140392127444,12.019562633396255,1.1337858747342713;11.741065877053364,13.225358942033967,0.46373120111325383;0.2566576950879157,15.438502156368578,0.25017761057893567;11.535138329870394,12.517501080138413,0.3023805730750141;2.2442554789509175,13.944225925149922,0.4764987910136303;2.829071724616509,6.815252500373287,1.116842398565673;12.89348341244764,4.462689100248536,2.456780207842593;2.792309268830196,1.9482063215231027,1.5239511084219592;18.63000485495394,9.516374612050642,0.4862045394896714;4.312449040471382,9.900114663805454,0.8882562845551485;0.6794491868940552,9.23994368862653,0.2431473573377341;17.386995268777646,18.78353211061407,0.9920648701342627"
59,drone_3,8.902,5.379,7.806,5.403,"14.145079426228822,14.135285643003368,0.36465074522886504;2.440226870056917,4.933819650250329,1.1897814698375528;1.3066818871107722,17.589369001861286,0.9125121680327651;2.357678421611219,12.84984572684092,0.8379462386470249;16.982338471480936,14.4574540115461,0.7795617732176426;16.6561314066347,16.403439279548287,1.2836920917924646;5.398747996641409,15.000606954740654,0.2759122247568536;15.264278401717403,10.29919208231439,0.2316821241488554;10.911255852773824,12.32733772574333,0.7238978160411744;4.280084679595954,13.678702869526163,2.3024030597113416;17.479092617537404,11.080351461505307,1.1103263964905046;8.540140392127444,12.019562633396255,1.1337858747342713;11.741065877053364,13.225358942033967,0.46373120111325383;0.2566576950879157,15.438502156368578,0.25017761057893567;11.535138329870394,12.517501080138413,0.3023805730750141;2.2442554789509175,13.944225925149922,0.4764987910136303;2.829071724616509,6.815252500373287,1.116842398565673;12.89348341244764,4.462689100248536,2.456780207842593;2.792309268830196,1.9482063215231027,1.5239511084219592;18.63000485495394,9.516374612050642,0.4862045394896714;4.312449040471382,9.900114663805454,0.8882562845551485;0.6794491868940552,9.23994368862653,0.2431473573377341;17.386995268777646,18.78353211061407,0.9920648701342627"
59,drone_4,10.905,6.998,7.806,5.403,"14.145079426228822,14.135285643003368,0.36465074522886504;2.440226870056917,4.933819650250329,1.1897814698375528;1.3066818871107722,17.589369001861286,0.9125121680327651;2.357678421611219,12.84984572684092,0.8379462386470249;16.982338471480936,14.4574540115461,0.7795617732176426;16.6561314066347,16.403439279548287,1.2836920917924646;5.398747996641409,15.000606954740654,0.2759122247568536;15.264278401717403,10.29919208231439,0.2316821241488554;10.911255852773824,12.32733772574333,0.7238978160411744;4.280084679595954,13.678702869526163,2.3024030597113416;17.479092617537404,11.080351461505307,1.1103263964905046;8.540140392127444,12.019562633396255,1.1337858747342713;11.741065877053364,13.225358942033967,0.46373120111325383;0.2566576950879157,15.438502156368578,0.25017761057893567;11.535138329870394,12.517501080138413,0.3023805730750141;2.2442554789509175,13.944225925149922,0.4764987910136303;2.829071724616509,6.815252500373287,1.116842398565673;12.89348341244764,4.462689100248536,2.456780207842593;2.792309268830196,1.9482063215231027,1.5239511084219592;18.63000485495394,9.516374612050642,0.4862045394896714;4.312449040471382,9.900114663805454,0.8882562845551485;0.6794491868940552,9.23994368862653,0.2431473573377341;17.386995268777646,18.78353211061407,0.9920648701342627"
59,drone_7,8.244,7.362,7.806,5.403,"14.145079426228822,14.135285643003368,0.36465074522886504;2.440226870056917,4.933819650250329,1.1897814698375528;1.3066818871107722,17.589369001861286,0.9125121680327651;2.357678421611219,12.84984572684092,0.8379462386470249;16.982338471480936,14.4574540115461,0.7795617732176426;16.6561314066347,16.403439279548287,1.2836920917924646;5.398747996641409,15.000606954740654,0.2759122247568536;15.264278401717403,10.29919208231439,0.2316821241488554;10.911255852773824,12.32733772574333,0.7238978160411744;4.280084679595954,13.678702869526163,2.3024030597113416;17.479092617537404,11.080351461505307,1.1103263964905046;8.540140392127444,12.019562633396255,1.1337858747342713;11.741065877053364,13.225358942033967,0.46373120111325383;0.2566576950879157,15.438502156368578,0.25017761057893567;11.535138329870394,12.517501080138413,0.3023805730750141;2.2442554789509175,13.944225925149922,0.4764987910136303;2.829071724616509,6.815252500373287,1.116842398565673;12.89348341244764,4.462689100248536,2.456780207842593;2.792309268830196,1.9482063215231027,1.5239511084219592;18.63000485495394,9.516374612050642,0.4862045394896714;4.312449040471382,9.900114663805454,0.8882562845551485;0.6794491868940552,9.23994368862653,0.2431473573377341;17.386995268777646,18.78353211061407,0.9920648701342627"
60,drone_2,6.854,11.245,7.806,5.403,"14.145079426228822,14.135285643003368,0.36465074522886504;2.440226870056917,4.933819650250329,1.1897814698375528;1.3066818871107722,17.589369001861286,0.9125121680327651;2.357678421611219,12.84984572684092,0.8379462386470249;16.982338471480936,14.4574540115461,0.7795617732176426;16.6561314066347,16.403439279548287,1.2836920917924646;5.398747996641409,15.000606954740654,0.2759122247568536;15.264278401717403,10.29919208231439,0.2316821241488554;10.911255852773824,12.32733772574333,0.7238978160411744;4.280084679595954,13.678702869526163,2.3024030597113416;17.479092617537404,11.080351461505307,1.1103263964905046;8.540140392127444,12.019562633396255,1.1337858747342713;11.741065877053364,13.225358942033967,0.46373120111325383;0.2566576950879157,15.438502156368578,0.25017761057893567;11.535138329870394,12.517501080138413,0.3023805730750141;2.2442554789509175,13.944225925149922,0.4764987910136303;2.829071724616509,6.815252500373287,1.116842398565673;12.89348341244764,4.462689100248536,2.456780207842593;2.792309268830196,1.9482063215231027,1.5239511084219592;18.63000485495394,9.516374612050642,0.4862045394896714;4.312449040471382,9.900114663805454,0.8882562845551485;0.6794491868940552,9.23994368862653,0.2431473573377341;17.386995268777646,18.78353211061407,0.9920648701342627"
60,drone_3,8.794,5.246,7.806,5.403,"14.145079426228822,14.135285643003368,0.36465074522886504;2.440226870056917,4.933819650250329,1.1897814698375528;1.3066818871107722,17.589369001861286,0.9125121680327651;2.357678421611219,12.84984572684092,0.8379462386470249;16.982338471480936,14.4574540115461,0.7795617732176426;16.6561314066347,16.403439279548287,1.2836920917924646;5.398747996641409,15.000606954740654,0.2759122247568536;15.264278401717403,10.29919208231439,0.2316821241488554;10.911255852773824,12.32733772574333,0.7238978160411744;4.280084679595954,13.678702869526163,2.3024030597113416;17.479092617537404,11.080351461505307,1.1103263964905046;8.540140392127444,12.019562633396255,1.1337858747342713;11.741065877053364,13.225358942033967,0.46373120111325383;0.2566576950879157,15.438502156368578,0.25017761057893567;11.535138329870394,12.517501080138413,0.3023805730750141;2.2442554789509175,13.944225925149922,0.4764987910136303;2.829071724616509,6.815252500373287,1.116842398565673;12.89348341244764,4.462689100248536,2.456780207842593;2.792309268830196,1.9482063215231027,1.5239511084219592;18.63000485495394,9.516374612050642,0.4862045394896714;4.312449040471382,9.900114663805454,0.8882562845551485;0.6794491868940552,9.23994368862653,0.2431473573377341;17.386995268777646,18.78353211061407,0.9920648701342627"
60,drone_4,10.750,6.871,7.806,5.403,"14.145079426228822,14.135285643003368,0.36465074522886504;2.440226870056917,4.933819650250329,1.1897814698375528;1.3066818871107722,17.589369001861286,0.9125121680327651;2.357678421611219,12.84984572684092,0.8379462386470249;16.982338471480936,14.4574540115461,0.7795617732176426;16.6561314066347,16.403439279548287,1.2836920917924646;5.398747996641409,15.000606954740654,0.2759122247568536;15.264278401717403,10.29919208231439,0.2316821241488554;10.911255852773824,12.32733772574333,0.7238978160411744;4.280084679595954,13.678702869526163,2.3024030597113416;17.479092617537404,11.080351461505307,1.1103263964905046;8.540140392127444,12.019562633396255,1.1337858747342713;11.741065877053364,13.225358942033967,0.46373120111325383;0.2566576950879157,15.438502156368578,0.25017761057893567;11.535138329870394,12.517501080138413,0.3023805730750141;2.2442554789509175,13.944225925149922,0.4764987910136303;2.829071724616509,6.815252500373287,1.116842398565673;12.89348341244764,4.462689100248536,2.456780207842593;2.792309268830196,1.9482063215231027,1.5239511084219592;18.63000485495394,9.516374612050642,0.4862045394896714;4.312449040471382,9.900114663805454,0.8882562845551485;0.6794491868940552,9.23994368862653,0.2431473573377341;17.386995268777646,18.78353211061407,0.9920648701342627"
60,drone_7,8.131,7.197,7.806,5.403,"14.145079426228822,14.135285643003368,0.36465074522886504;2.440226870056917,4.933819650250329,1.1897814698375528;1.3066818871107722,17.589369001861286,0.9125121680327651;2.357678421611219,12.84984572684092,0.8379462386470249;16.982338471480936,14.4574540115461,0.7795617732176426;16.6561314066347,16.403439279548287,1.2836920917924646;5.398747996641409,15.000606954740654,0.2759122247568536;15.264278401717403,10.29919208231439,0.2316821241488554;10.911255852773824,12.32733772574333,0.7238978160411744;4.280084679595954,13.678702869526163,2.3024030597113416;17.479092617537404,11.080351461505307,1.1103263964905046;8.540140392127444,12.019562633396255,1.1337858747342713;11.741065877053364,13.225358942033967,0.46373120111325383;0.2566576950879157,15.438502156368578,0.25017761057893567;11.535138329870394,12.517501080138413,0.3023805730750141;2.2442554789509175,13.944225925149922,0.4764987910136303;2.829071724616509,6.815252500373287,1.116842398565673;12.89348341244764,4.462689100248536,2.456780207842593;2.792309268830196,1.9482063215231027,1.5239511084219592;18.63000485495394,9.516374612050642,0.4862045394896714;4.312449040471382,9.900114663805454,0.8882562845551485;0.6794491868940552,9.23994368862653,0.2431473573377341;17.386995268777646,18.78353211061407,0.9920648701342627"
61,drone_2,6.830,11.047,7.806,5.403,"14.145079426228822,14.135285643003368,0.36465074522886504;2.440226870056917,4.933819650250329,1.1897814698375528;1.3066818871107722,17.589369001861286,0.9125121680327651;2.357678421611219,12.84984572684092,0.8379462386470249;16.982338471480936,14.4574540115461,0.7795617732176426;16.6561314066347,16.403439279548287,1.2836920917924646;5.398747996641409,15.000606954740654,0.2759122247568536;15.264278401717403,10.29919208231439,0.2316821241488554;10.911255852773824,12.32733772574333,0.7238978160411744;4.280084679595954,13.678702869526163,2.3024030597113416;17.479092617537404,11.080351461505307,1.1103263964905046;8.540140392127444,12.019562633396255,1.1337858747342713;11.741065877053364,13.225358942033967,0.46373120111325383;0.2566576950879157,15.438502156368578,0.25017761057893567;11.535138329870394,12.517501080138413,0.3023805730750141;2.2442554789509175,13.944225925149922,0.4764987910136303;2.829071724616509,6.815252500373287,1.116842398565673;12.89348341244764,4.462689100248536,2.456780207842593;2.792309268830196,1.9482063215231027,1.5239511084219592;18.63000485495394,9.516374612050642,0.4862045394896714;4.312449040471382,9.900114663805454,0.8882562845551485;0.6794491868940552,9.23994368862653,0.2431473573377341;17.386995268777646,18.78353211061407,0.9920648701342627"
61,drone_3,8.599,5.198,7.806,5.403,"14.145079426228822,14.135285643003368,0.36465074522886504;2.440226870056917,4.933819650250329,1.1897814698375528;1.3066818871107722,17.589369001861286,0.9125121680327651;2.357678421611219,12.84984572684092,0.8379462386470249;16.982338471480936,14.4574540115461,0.7795617732176426;16.6561314066347,16.403439279548287,1.2836920917924646;5.398747996641409,15.000606954740654,0.2759122247568536;15.264278401717403,10.29919208231439,0.2316821241488554;10.911255852773824,12.32733772574333,0.7238978160411744;4.280084679595954,13.678702869526163,2.3024030597113416;17.479092617537404,11.080351461505307,1.1103263964905046;8.540140392127444,12.019562633396255,1.1337858747342713;11.741065877053364,13.225358942033967,0.46373120111325383;0.2566576950879157,15.438502156368578,0.25017761057893567;11.535138329870394,12.517501080138413,0.3023805730750141;2.2442554789509175,13.944225925149922,0.4764987910136303;2.829071724616509,6.815252500373287,1.116842398565673;12.89348341244764,4.462689100248536,2.456780207842593;2.792309268830196,1.9482063215231027,1.5239511084219592;18.63000485495394,9.516374612050642,0.4862045394896714;4.312449040471382,9.900114663805454,0.8882562845551485;0.6794491868940552,9.23994368862653,0.2431473573377341;17.386995268777646,18.78353211061407,0.9920648701342627"
61,drone_4,10.601,6.738,7.806,5.403,"14.145079426228822,14.135285643003368,0.36465074522886504;2.440226870056917,4.933819650250329,1.1897814698375528;1.3066818871107722,17.589369001861286,0.9125121680327651;2.357678421611219,12.84984572684092,0.8379462386470249;16.982338471480936,14.4574540115461,0.7795617732176426;16.6561314066347,16.403439279548287,1.2836920917924646;5.398747996641409,15.000606954740654,0.2759122247568536;15.264278401717403,10.29919208231439,0.2316821241488554;10.911255852773824,12.32733772574333,0.7238978160411744;4.280084679595954,13.678702869526163,2.3024030597113416;17.479092617537404,11.080351461505307,1.1103263964905046;8.540140392127444,12.019562633396255,1.1337858747342713;11.741065877053364,13.225358942033967,0.46373120111325383;0.2566576950879157,15.438502156368578,0.25017761057893567;11.535138329870394,12.517501080138413,0.3023805730750141;2.2442554789509175,13.944225925149922,0.4764987910136303;2.829071724616509,6.815252500373287,1.116842398565673;12.89348341244764,4.462689100248536,2.456780207842593;2.792309268830196,1.9482063215231027,1.5239511084219592;18.63000485495394,9.516374612050642,0.4862045394896714;4.312449040471382,9.900114663805454,0.8882562845551485;0.6794491868940552,9.23994368862653,0.2431473573377341;17.386995268777646,18.78353211061407,0.9920648701342627"
61,drone_7,8.037,7.021,7.806,5.403,"14.145079426228822,14.135285643003368,0.36465074522886504;2.440226870056917,4.933819650250329,1.1897814698375528;1.3066818871107722,17.589369001861286,0.9125121680327651;2.357678421611219,12.84984572684092,0.8379462386470249;16.982338471480936,14.4574540115461,0.7795617732176426;16.6561314066347,16.403439279548287,1.2836920917924646;5.398747996641409,15.000606954740654,0.2759122247568536;15.264278401717403,10.29919208231439,0.2316821241488554;10.911255852773824,12.32733772574333,0.7238978160411744;4.280084679595954,13.678702869526163,2.3024030597113416;17.479092617537404,11.080351461505307,1.1103263964905046;8.540140392127444,12.019562633396255,1.1337858747342713;11.741065877053364,13.225358942033967,0.46373120111325383;0.2566576950879157,15.438502156368578,0.25017761057893567;11.535138329870394,12.517501080138413,0.3023805730750141;2.2442554789509175,13.944225925149922,0.4764987910136303;2.829071724616509,6.815252500373287,1.116842398565673;12.89348341244764,4.462689100248536,2.456780207842593;2.792309268830196,1.9482063215231027,1.5239511084219592;18.63000485495394,9.516374612050642,0.4862045394896714;4.312449040471382,9.900114663805454,0.8882562845551485;0.6794491868940552,9.23994368862653,0.2431473573377341;17.386995268777646,18.78353211061407,0.9920648701342627"
62,drone_2,6.856,10.849,7.806,5.403,"14.145079426228822,14.135285643003368,0.36465074522886504;2.440226870056917,4.933819650250329,1.1897814698375528;1.3066818871107722,17.589369001861286,0.9125121680327651;2.357678421611219,12.84984572684092,0.8379462386470249;16.982338471480936,14.4574540115461,0.7795617732176426;16.6561314066347,16.403439279548287,1.2836920917924646;5.398747996641409,15.000606954740654,0.2759122247568536;15.264278401717403,10.29919208231439,0.2316821241488554;10.911255852773824,12.32733772574333,0.7238978160411744;4.280084679595954,13.678702869526163,2.3024030597113416;17.479092617537404,11.080351461505307,1.1103263964905046;8.540140392127444,12.019562633396255,1.1337858747342713;11.741065877053364,13.225358942033967,0.46373120111325383;0.2566576950879157,15.438502156368578,0.25017761057893567;11.535138329870394,12.517501080138413,0.3023805730750141;2.2442554789509175,13.944225925149922,0.4764987910136303;2.829071724616509,6.815252500373287,1.116842398565673;12.89348341244764,4.462689100248536,2.456780207842593;2.792309268830196,1.9482063215231027,1.5239511084219592;18.63000485495394,9.516374612050642,0.4862045394896714;4.312449040471382,9.900114663805454,0.8882562845551485;0.6794491868940552,9.23994368862653,0.2431473573377341;17.386995268777646,18.78353211061407,0.9920648701342627"
62,drone_4,10.429,6.635,7.806,5.403,"14.145079426228822,14.135285643003368,0.36465074522886504;2.440226870056917,4.933819650250329,1.1897814698375528;1.3066818871107722,17.589369001861286,0.9125121680327651;2.357678421611219,12.84984572684092,0.8379462386470249;16.982338471480936,14.4574540115461,0.7795617732176426;16.6561314066347,16.403439279548287,1.2836920917924646;5.398747996641409,15.000606954740654,0.2759122247568536;15.264278401717403,10.29919208231439,0.2316821241488554;10.911255852773824,12.32733772574333,0.7238978160411744;4.280084679595954,13.678702869526163,2.3024030597113416;17.479092617537404,11.080351461505307,1.1103263964905046;8.540140392127444,12.019562633396255,1.1337858747342713;11.741065877053364,13.225358942033967,0.46373120111325383;0.2566576950879157,15.438502156368578,0.25017761057893567;11.535138329870394,12.517501080138413,0.3023805730750141;2.2442554789509175,13.944225925149922,0.4764987910136303;2.829071724616509,6.815252500373287,1.116842398565673;12.89348341244764,4.462689100248536,2.456780207842593;2.792309268830196,1.9482063215231027,1.5239511084219592;18.63000485495394,9.516374612050642,0.4862045394896714;4.312449040471382,9.900114663805454,0.8882562845551485;0.6794491868940552,9.23994368862653,0.2431473573377341;17.386995268777646,18.78353211061407,0.9920648701342627"
62,drone_7,7.952,6.840,7.806,5.403,"14.145079426228822,14.135285643003368,0.36465074522886504;2.440226870056917,4.933819650250329,1.1897814698375528;1.3066818871107722,17.589369001861286,0.9125121680327651;2.357678421611219,12.84984572684092,0.8379462386470249;16.982338471480936,14.4574540115461,0.7795617732176426;16.6561314066347,16.403439279548287,1.2836920917924646;5.398747996641409,15.000606954740654,0.2759122247568536;15.264278401717403,10.29919208231439,0.2316821241488554;10.911255852773824,12.32733772574333,0.7238978160411744;4.280084679595954,13.678702869526163,2.3024030597113416;17.479092617537404,11.080351461505307,1.1103263964905046;8.540140392127444,12.019562633396255,1.1337858747342713;11.741065877053364,13.225358942033967,0.46373120111325383;0.2566576950879157,15.438502156368578,0.25017761057893567;11.535138329870394,12.517501080138413,0.3023805730750141;2.2442554789509175,13.944225925149922,0.4764987910136303;2.829071724616509,6.815252500373287,1.116842398565673;12.89348341244764,4.462689100248536,2.456780207842593;2.792309268830196,1.9482063215231027,1.5239511084219592;18.63000485495394,9.516374612050642,0.4862045394896714;4.312449040471382,9.900114663805454,0.8882562845551485;0.6794491868940552,9.23994368862653,0.2431473573377341;17.386995268777646,18.78353211061407,0.9920648701342627"
63,drone_2,6.874,10.649,7.806,5.403,"14.145079426228822,14.135285643003368,0.36465074522886504;2.440226870056917,4.933819650250329,1.1897814698375528;1.3066818871107722,17.589369001861286,0.9125121680327651;2.357678421611219,12.84984572684092,0.8379462386470249;16.982338471480936,14.4574540115461,0.7795617732176426;16.6561314066347,16.403439279548287,1.2836920917924646;5.398747996641409,15.000606954740654,0.2759122247568536;15.264278401717403,10.29919208231439,0.2316821241488554;10.911255852773824,12.32733772574333,0.7238978160411744;4.280084679595954,13.678702869526163,2.3024030597113416;17.479092617537404,11.080351461505307,1.1103263964905046;8.540140392127444,12.019562633396255,1.1337858747342713;11.741065877053364,13.225358942033967,0.46373120111325383;0.2566576950879157,15.438502156368578,0.25017761057893567;11.535138329870394,12.517501080138413,0.3023805730750141;2.2442554789509175,13.944225925149922,0.4764987910136303;2.829071724616509,6.815252500373287,1.116842398565673;12.89348341244764,4.462689100248536,2.456780207842593;2.792309268830196,1.9482063215231027,1.5239511084219592;18.63000485495394,9.516374612050642,0.4862045394896714;4.312449040471382,9.900114663805454,0.8882562845551485;0.6794491868940552,9.23994368862653,0.2431473573377341;17.386995268777646,18.78353211061407,0.9920648701342627"
63,drone_4,10.266,6.520,7.806,5.403,"14.145079426228822,14.135285643003368,0.36465074522886504;2.440226870056917,4.933819650250329,1.1897814698375528;1.3066818871107722,17.589369001861286,0.9125121680327651;2.357678421611219,12.84984572684092,0.8379462386470249;16.982338471480936,14.4574540115461,0.7795617732176426;16.6561314066347,16.403439279548287,1.2836920917924646;5.398747996641409,15.000606954740654,0.2759122247568536;15.264278401717403,10.29919208231439,0.2316821241488554;10.911255852773824,12.32733772574333,0.7238978160411744;4.280084679595954,13.678702869526163,2.3024030597113416;17.479092617537404,11.080351461505307,1.1103263964905046;8.540140392127444,12.019562633396255,1.1337858747342713;11.741065877053364,13.225358942033967,0.46373120111325383;0.2566576950879157,15.438502156368578,0.25017761057893567;11.535138329870394,12.517501080138413,0.3023805730750141;2.2442554789509175,13.944225925149922,0.4764987910136303;2.829071724616509,6.815252500373287,1.116842398565673;12.89348341244764,4.462689100248536,2.456780207842593;2.792309268830196,1.9482063215231027,1.5239511084219592;18.63000485495394,9.516374612050642,0.4862045394896714;4.312449040471382,9.900114663805454,0.8882562845551485;0.6794491868940552,9.23994368862653,0.2431473573377341;17.386995268777646,18.78353211061407,0.9920648701342627"
63,drone_7,7.882,6.652,7.806,5.403,"14.145079426228822,14.135285643003368,0.36465074522886504;2.440226870056917,4.933819650250329,1.1897814698375528;1.3066818871107722,17.589369001861286,0.9125121680327651;2.357678421611219,12.84984572684092,0.8379462386470249;16.982338471480936,14.4574540115461,0.7795617732176426;16.6561314066347,16.403439279548287,1.2836920917924646;5.398747996641409,15.000606954740654,0.2759122247568536;15.264278401717403,10.29919208231439,0.2316821241488554;10.911255852773824,12.32733772574333,0.7238978160411744;4.280084679595954,13.678702869526163,2.3024030597113416;17.479092617537404,11.080351461505307,1.1103263964905046;8.540140392127444,12.019562633396255,1.1337858747342713;11.741065877053364,13.225358942033967,0.46373120111325383;0.2566576950879157,15.438502156368578,0.25017761057893567;11.535138329870394,12.517501080138413,0.3023805730750141;2.2442554789509175,13.944225925149922,0.4764987910136303;2.829071724616509,6.815252500373287,1.116842398565673;12.89348341244764,4.462689100248536,2.456780207842593;2.792309268830196,1.9482063215231027,1.5239511084219592;18.63000485495394,9.516374612050642,0.4862045394896714;4.312449040471382,9.900114663805454,0.8882562845551485;0.6794491868940552,9.23994368862653,0.2431473573377341;17.386995268777646,18.78353211061407,0.9920648701342627"
64,drone_2,6.942,10.461,7.806,5.403,"14.145079426228822,14.135285643003368,0.36465074522886504;2.440226870056917,4.933819650250329,1.1897814698375528;1.3066818871107722,17.589369001861286,0.9125121680327651;2.357678421611219,12.84984572684092,0.8379462386470249;16.982338471480936,14.4574540115461,0.7795617732176426;16.6561314066347,16.403439279548287,1.2836920917924646;5.398747996641409,15.000606954740654,0.2759122247568536;15.264278401717403,10.29919208231439,0.2316821241488554;10.911255852773824,12.32733772574333,0.7238978160411744;4.280084679595954,13.678702869526163,2.3024030597113416;17.479092617537404,11.080351461505307,1.1103263964905046;8.540140392127444,12.019562633396255,1.1337858747342713;11.741065877053364,13.225358942033967,0.46373120111325383;0.2566576950879157,15.438502156368578,0.25017761057893567;11.535138329870394,12.517501080138413,0.3023805730750141;2.2442554789509175,13.944225925149922,0.4764987910136303;2.829071724616509,6.815252500373287,1.116842398565673;12.89348341244764,4.462689100248536,2.456780207842593;2.792309268830196,1.9482063215231027,1.5239511084219592;18.63000485495394,9.516374612050642,0.4862045394896714;4.312449040471382,9.900114663805454,0.8882562845551485;0.6794491868940552,9.23994368862653,0.2431473573377341;17.386995268777646,18.78353211061407,0.9920648701342627"
64,drone_4,10.110,6.394,7.806,5.403,"14.145079426228822,14.135285643003368,0.36465074522886504;2.440226870056917,4.933819650250329,1.1897814698375528;1.3066818871107722,17.589369001861286,0.9125121680327651;2.357678421611219,12.84984572684092,0.8379462386470249;16.982338471480936,14.4574540115461,0.7795617732176426;16.6561314066347,16.403439279548287,1.2836920917924646;5.398747996641409,15.000606954740654,0.2759122247568536;15.264278401717403,10.29919208231439,0.2316821241488554;10.911255852773824,12.32733772574333,0.7238978160411744;4.280084679595954,13.678702869526163,2.3024030597113416;17.479092617537404,11.080351461505307,1.1103263964905046;8.540140392127444,12.019562633396255,1.1337858747342713;11.741065877053364,13.225358942033967,0.46373120111325383;0.2566576950879157,15.438502156368578,0.25017761057893567;11.535138329870394,12.517501080138413,0.3023805730750141;2.2442554789509175,13.944225925149922,0.4764987910136303;2.829071724616509,6.815252500373287,1.116842398565673;12.89348341244764,4.462689100248536,2.456780207842593;2.792309268830196,1.9482063215231027,1.5239511084219592;18.63000485495394,9.516374612050642,0.4862045394896714;4.312449040471382,9.900114663805454,0.8882562845551485;0.6794491868940552,9.23994368862653,0.2431473573377341;17.386995268777646,18.78353211061407,0.9920648701342627"
64,drone_7,7.863,6.453,7.806,5.403,"14.145079426228822,14.135285643003368,0.36465074522886504;2.440226870056917,4.933819650250329,1.1897814698375528;1.3066818871107722,17.589369001861286,0.9125121680327651;2.357678421611219,12.84984572684092,0.8379462386470249;16.982338471480936,14.4574540115461,0.7795617732176426;16.6561314066347,16.403439279548287,1.2836920917924646;5.398747996641409,15.000606954740654,0.2759122247568536;15.264278401717403,10.29919208231439,0.2316821241488554;10.911255852773824,12.32733772574333,0.7238978160411744;4.280084679595954,13.678702869526163,2.3024030597113416;17.479092617537404,11.080351461505307,1.1103263964905046;8.540140392127444,12.019562633396255,1.1337858747342713;11.741065877053364,13.225358942033967,0.46373120111325383;0.2566576950879157,15.438502156368578,0.25017761057893567;11.535138329870394,12.517501080138413,0.3023805730750141;2.2442554789509175,13.944225925149922,0.4764987910136303;2.829071724616509,6.815252500373287,1.116842398565673;12.89348341244764,4.462689100248536,2.456780207842593;2.792309268830196,1.9482063215231027,1.5239511084219592;18.63000485495394,9.516374612050642,0.4862045394896714;4.312449040471382,9.900114663805454,0.8882562845551485;0.6794491868940552,9.23994368862653,0.2431473573377341;17.386995268777646,18.78353211061407,0.9920648701342627"
65,drone_2,6.965,10.263,7.806,5.403,"14.145079426228822,14.135285643003368,0.36465074522886504;2.440226870056917,4.933819650250329,1.1897814698375528;1.3066818871107722,17.589369001861286,0.9125121680327651;2.357678421611219,12.84984572684092,0.8379462386470249;16.982338471480936,14.4574540115461,0.7795617732176426;16.6561314066347,16.403439279548287,1.2836920917924646;5.398747996641409,15.000606954740654,0.2759122247568536;15.264278401717403,10.29919208231439,0.2316821241488554;10.911255852773824,12.32733772574333,0.7238978160411744;4.280084679595954,13.678702869526163,2.3024030597113416;17.479092617537404,11.080351461505307,1.1103263964905046;8.540140392127444,12.019562633396255,1.1337858747342713;11.741065877053364,13.225358942033967,0.46373120111325383;0.2566576950879157,15.438502156368578,0.25017761057893567;11.535138329870394,12.517501080138413,0.3023805730750141;2.2442554789509175,13.944225925149922,0.4764987910136303;2.829071724616509,6.815252500373287,1.116842398565673;12.89348341244764,4.462689100248536,2.456780207842593;2.792309268830196,1.9482063215231027,1.5239511084219592;18.63000485495394,9.516374612050642,0.4862045394896714;4.312449040471382,9.900114663805454,0.8882562845551485;0.6794491868940552,9.23994368862653,0.2431473573377341;17.386995268777646,18.78353211061407,0.9920648701342627"
65,drone_4,9.961,6.261,7.806,5.403,"14.145079426228822,14.135285643003368,0.36465074522886504;2.440226870056917,4.933819650250329,1.1897814698375528;1.3066818871107722,17.589369001861286,0.9125121680327651;2.357678421611219,12.84984572684092,0.8379462386470249;16.982338471480936,14.4574540115461,0.7795617732176426;16.6561314066347,16.403439279548287,1.2836920917924646;5.398747996641409,15.000606954740654,0.2759122247568536;15.264278401717403,10.29919208231439,0.2316821241488554;10.911255852773824,12.32733772574333,0.7238978160411744;4.280084679595954,13.678702869526163,2.3024030597113416;17.479092617537404,11.080351461505307,1.1103263964905046;8.540140392127444,12.019562633396255,1.1337858747342713;11.741065877053364,13.225358942033967,0.46373120111325383;0.2566576950879157,15.438502156368578,0.25017761057893567;11.535138329870394,12.517501080138413,0.3023805730750141;2.2442554789509175,13.944225925149922,0.4764987910136303;2.829071724616509,6.815252500373287,1.116842398565673;12.89348341244764,4.462689100248536,2.456780207842593;2.792309268830196,1.9482063215231027,1.5239511084219592;18.63000485495394,9.516374612050642,0.4862045394896714;4.312449040471382,9.900114663805454,0.8882562845551485;0.6794491868940552,9.23994368862653,0.2431473573377341;17.386995268777646,18.78353211061407,0.9920648701342627"
65,drone_7,7.814,6.259,7.806,5.403,"14.145079426228822,14.135285643003368,0.36465074522886504;2.440226870056917,4.933819650250329,1.1897814698375528;1.3066818871107722,17.589369001861286,0.9125121680327651;2.357678421611219,12.84984572684092,0.8379462386470249;16.982338471480936,14.4574540115461,0.7795617732176426;16.6561314066347,16.403439279548287,1.2836920917924646;5.398747996641409,15.000606954740654,0.2759122247568536;15.264278401717403,10.29919208231439,0.2316821241488554;10.911255852773824,12.32733772574333,0.7238978160411744;4.280084679595954,13.678702869526163,2.3024030597113416;17.479092617537404,11.080351461505307,1.1103263964905046;8.540140392127444,12.019562633396255,1.1337858747342713;11.741065877053364,13.225358942033967,0.46373120111325383;0.2566576950879157,15.438502156368578,0.25017761057893567;11.535138329870394,12.517501080138413,0.3023805730750141;2.2442554789509175,13.944225925149922,0.4764987910136303;2.829071724616509,6.815252500373287,1.116842398565673;12.89348341244764,4.462689100248536,2.456780207842593;2.792309268830196,1.9482063215231027,1.5239511084219592;18.63000485495394,9.516374612050642,0.4862045394896714;4.312449040471382,9.900114663805454,0.8882562845551485;0.6794491868940552,9.23994368862653,0.2431473573377341;17.386995268777646,18.78353211061407,0.9920648701342627"
66,drone_2,6.991,10.064,7.806,5.403,"14.145079426228822,14.135285643003368,0.36465074522886504;2.440226870056917,4.933819650250329,1.1897814698375528;1.3066818871107722,17.589369001861286,0.9125121680327651;2.357678421611219,12.84984572684092,0.8379462386470249;16.982338471480936,14.4574540115461,0.7795617732176426;16.6561314066347,16.403439279548287,1.2836920917924646;5.398747996641409,15.000606954740654,0.2759122247568536;15.264278401717403,10.29919208231439,0.2316821241488554;10.911255852773824,12.32733772574333,0.7238978160411744;4.280084679595954,13.678702869526163,2.3024030597113416;17.479092617537404,11.080351461505307,1.1103263964905046;8.540140392127444,12.019562633396255,1.1337858747342713;11.741065877053364,13.225358942033967,0.46373120111325383;0.2566576950879157,15.438502156368578,0.25017761057893567;11.535138329870394,12.517501080138413,0.3023805730750141;2.2442554789509175,13.944225925149922,0.4764987910136303;2.829071724616509,6.815252500373287,1.116842398565673;12.89348341244764,4.462689100248536,2.456780207842593;2.792309268830196,1.9482063215231027,1.5239511084219592;18.63000485495394,9.516374612050642,0.4862045394896714;4.312449040471382,9.900114663805454,0.8882562845551485;0.6794491868940552,9.23994368862653,0.2431473573377341;17.386995268777646,18.78353211061407,0.9920648701342627"
66,drone_4,9.815,6.124,7.806,5.403,"14.145079426228822,14.135285643003368,0.36465074522886504;2.440226870056917,4.933819650250329,1.1897814698375528;1.3066818871107722,17.589369001861286,0.9125121680327651;2.357678421611219,12.84984572684092,0.8379462386470249;16.982338471480936,14.4574540115461,0.7795617732176426;16.6561314066347,16.403439279548287,1.2836920917924646;5.398747996641409,15.000606954740654,0.2759122247568536;15.264278401717403,10.29919208231439,0.2316821241488554;10.911255852773824,12.32733772574333,0.7238978160411744;4.280084679595954,13.678702869526163,2.3024030597113416;17.479092617537404,11.080351461505307,1.1103263964905046;8.540140392127444,12.019562633396255,1.1337858747342713;11.741065877053364,13.225358942033967,0.46373120111325383;0.2566576950879157,15.438502156368578,0.25017761057893567;11.535138329870394,12.517501080138413,0.3023805730750141;2.2442554789509175,13.944225925149922,0.4764987910136303;2.829071724616509,6.815252500373287,1.116842398565673;12.89348341244764,4.462689100248536,2.456780207842593;2.792309268830196,1.9482063215231027,1.5239511084219592;18.63000485495394,9.516374612050642,0.4862045394896714;4.312449040471382,9.900114663805454,0.8882562845551485;0.6794491868940552,9.23994368862653,0.2431473573377341;17.386995268777646,18.78353211061407,0.9920648701342627"
67,drone_2,7.017,9.866,7.806,5.403,"14.145079426228822,14.135285643003368,0.36465074522886504;2.440226870056917,4.933819650250329,1.1897814698375528;1.3066818871107722,17.589369001861286,0.9125121680327651;2.357678421611219,12.84984572684092,0.8379462386470249;16.982338471480936,14.4574540115461,0.7795617732176426;16.6561314066347,16.403439279548287,1.2836920917924646;5.398747996641409,15.000606954740654,0.2759122247568536;15.264278401717403,10.29919208231439,0.2316821241488554;10.911255852773824,12.32733772574333,0.7238978160411744;4.280084679595954,13.678702869526163,2.3024030597113416;17.479092617537404,11.080351461505307,1.1103263964905046;8.540140392127444,12.019562633396255,1.1337858747342713;11.741065877053364,13.225358942033967,0.46373120111325383;0.2566576950879157,15.438502156368578,0.25017761057893567;11.535138329870394,12.517501080138413,0.3023805730750141;2.2442554789509175,13.944225925149922,0.4764987910136303;2.829071724616509,6.815252500373287,1.116842398565673;12.89348341244764,4.462689100248536,2.456780207842593;2.792309268830196,1.9482063215231027,1.5239511084219592;18.63000485495394,9.516374612050642,0.4862045394896714;4.312449040471382,9.900114663805454,0.8882562845551485;0.6794491868940552,9.23994368862653,0.2431473573377341;17.386995268777646,18.78353211061407,0.9920648701342627"
67,drone_4,9.670,5.986,7.806,5.403,"14.145079426228822,14.135285643003368,0.36465074522886504;2.440226870056917,4.933819650250329,1.1897814698375528;1.3066818871107722,17.589369001861286,0.9125121680327651;2.357678421611219,12.84984572684092,0.8379462386470249;16.982338471480936,14.4574540115461,0.7795617732176426;16.6561314066347,16.403439279548287,1.2836920917924646;5.398747996641409,15.000606954740654,0.2759122247568536;15.264278401717403,10.29919208231439,0.2316821241488554;10.911255852773824,12.32733772574333,0.7238978160411744;4.280084679595954,13.678702869526163,2.3024030597113416;17.479092617537404,11.080351461505307,1.1103263964905046;8.540140392127444,12.019562633396255,1.1337858747342713;11.741065877053364,13.225358942033967,0.46373120111325383;0.2566576950879157,15.438502156368578,0.25017761057893567;11.535138329870394,12.517501080138413,0.3023805730750141;2.2442554789509175,13.944225925149922,0.4764987910136303;2.829071724616509,6.815252500373287,1.116842398565673;12.89348341244764,4.462689100248536,2.456780207842593;2.792309268830196,1.9482063215231027,1.5239511084219592;18.63000485495394,9.516374612050642,0.4862045394896714;4.312449040471382,9.900114663805454,0.8882562845551485;0.6794491868940552,9.23994368862653,0.2431473573377341;17.386995268777646,18.78353211061407,0.9920648701342627"
68,drone_2,7.025,9.666,7.806,5.403,"14.145079426228822,14.135285643003368,0.36465074522886504;2.440226870056917,4.933819650250329,1.1897814698375528;1.3066818871107722,17.589369001861286,0.9125121680327651;2.357678421611219,12.84984572684092,0.8379462386470249;16.982338471480936,14.4574540115461,0.7795617732176426;16.6561314066347,16.403439279548287,1.2836920917924646;5.398747996641409,15.000606954740654,0.2759122247568536;15.264278401717403,10.29919208231439,0.2316821241488554;10.911255852773824,12.32733772574333,0.7238978160411744;4.280084679595954,13.678702869526163,2.3024030597113416;17.479092617537404,11.080351461505307,1.1103263964905046;8.540140392127444,12.019562633396255,1.1337858747342713;11.741065877053364,13.225358942033967,0.46373120111325383;0.2566576950879157,15.438502156368578,0.25017761057893567;11.535138329870394,12.517501080138413,0.3023805730750141;2.2442554789509175,13.944225925149922,0.4764987910136303;2.829071724616509,6.815252500373287,1.116842398565673;12.89348341244764,4.462689100248536,2.456780207842593;2.792309268830196,1.9482063215231027,1.5239511084219592;18.63000485495394,9.516374612050642,0.4862045394896714;4.312449040471382,9.900114663805454,0.8882562845551485;0.6794491868940552,9.23994368862653,0.2431473573377341;17.386995268777646,18.78353211061407,0.9920648701342627"
68,drone_4,9.510,5.866,7.806,5.403,"14.145079426228822,14.135285643003368,0.36465074522886504;2.440226870056917,4.933819650250329,1.1897814698375528;1.3066818871107722,17.589369001861286,0.9125121680327651;2.357678421611219,12.84984572684092,0.8379462386470249;16.982338471480936,14.4574540115461,0.7795617732176426;16.6561314066347,16.403439279548287,1.2836920917924646;5.398747996641409,15.000606954740654,0.2759122247568536;15.264278401717403,10.29919208231439,0.2316821241488554;10.911255852773824,12.32733772574333,0.7238978160411744;4.280084679595954,13.678702869526163,2.3024030597113416;17.479092617537404,11.080351461505307,1.1103263964905046;8.540140392127444,12.019562633396255,1.1337858747342713;11.741065877053364,13.225358942033967,0.46373120111325383;0.2566576950879157,15.438502156368578,0.25017761057893567;11.535138329870394,12.517501080138413,0.3023805730750141;2.2442554789509175,13.944225925149922,0.4764987910136303;2.829071724616509,6.815252500373287,1.116842398565673;12.89348341244764,4.462689100248536,2.456780207842593;2.792309268830196,1.9482063215231027,1.5239511084219592;18.63000485495394,9.516374612050642,0.4862045394896714;4.312449040471382,9.900114663805454,0.8882562845551485;0.6794491868940552,9.23994368862653,0.2431473573377341;17.386995268777646,18.78353211061407,0.9920648701342627"
69,drone_2,7.047,9.467,7.806,5.403,"14.145079426228822,14.135285643003368,0.36465074522886504;2.440226870056917,4.933819650250329,1.1897814698375528;1.3066818871107722,17.589369001861286,0.9125121680327651;2.357678421611219,12.84984572684092,0.8379462386470249;16.982338471480936,14.4574540115461,0.7795617732176426;16.6561314066347,16.403439279548287,1.2836920917924646;5.398747996641409,15.000606954740654,0.2759122247568536;15.264278401717403,10.29919208231439,0.2316821241488554;10.911255852773824,12.32733772574333,0.7238978160411744;4.280084679595954,13.678702869526163,2.3024030597113416;17.479092617537404,11.080351461505307,1.1103263964905046;8.540140392127444,12.019562633396255,1.1337858747342713;11.741065877053364,13.225358942033967,0.46373120111325383;0.2566576950879157,15.438502156368578,0.25017761057893567;11.535138329870394,12.517501080138413,0.3023805730750141;2.2442554789509175,13.944225925149922,0.4764987910136303;2.829071724616509,6.815252500373287,1.116842398565673;12.89348341244764,4.462689100248536,2.456780207842593;2.792309268830196,1.9482063215231027,1.5239511084219592;18.63000485495394,9.516374612050642,0.4862045394896714;4.312449040471382,9.900114663805454,0.8882562845551485;0.6794491868940552,9.23994368862653,0.2431473573377341;17.386995268777646,18.78353211061407,0.9920648701342627"
69,drone_4,9.346,5.751,7.806,5.403,"14.145079426228822,14.135285643003368,0.36465074522886504;2.440226870056917,4.933819650250329,1.1897814698375528;1.3066818871107722,17.589369001861286,0.9125121680327651;2.357678421611219,12.84984572684092,0.8379462386470249;16.982338471480936,14.4574540115461,0.7795617732176426;16.6561314066347,16.403439279548287,1.2836920917924646;5.398747996641409,15.000606954740654,0.2759122247568536;15.264278401717403,10.29919208231439,0.2316821241488554;10.911255852773824,12.32733772574333,0.7238978160411744;4.280084679595954,13.678702869526163,2.3024030597113416;17.479092617537404,11.080351461505307,1.1103263964905046;8.540140392127444,12.019562633396255,1.1337858747342713;11.741065877053364,13.225358942033967,0.46373120111325383;0.2566576950879157,15.438502156368578,0.25017761057893567;11.535138329870394,12.517501080138413,0.3023805730750141;2.2442554789509175,13.944225925149922,0.4764987910136303;2.829071724616509,6.815252500373287,1.116842398565673;12.89348341244764,4.462689100248536,2.456780207842593;2.792309268830196,1.9482063215231027,1.5239511084219592;18.63000485495394,9.516374612050642,0.4862045394896714;4.312449040471382,9.900114663805454,0.8882562845551485;0.6794491868940552,9.23994368862653,0.2431473573377341;17.386995268777646,18.78353211061407,0.9920648701342627"
70,drone_2,7.074,9.269,7.806,5.403,"14.145079426228822,14.135285643003368,0.36465074522886504;2.440226870056917,4.933819650250329,1.1897814698375528;1.3066818871107722,17.589369001861286,0.9125121680327651;2.357678421611219,12.84984572684092,0.8379462386470249;16.982338471480936,14.4574540115461,0.7795617732176426;16.6561314066347,16.403439279548287,1.2836920917924646;5.398747996641409,15.000606954740654,0.2759122247568536;15.264278401717403,10.29919208231439,0.2316821241488554;10.911255852773824,12.32733772574333,0.7238978160411744;4.280084679595954,13.678702869526163,2.3024030597113416;17.479092617537404,11.080351461505307,1.1103263964905046;8.540140392127444,12.019562633396255,1.1337858747342713;11.741065877053364,13.225358942033967,0.46373120111325383;0.2566576950879157,15.438502156368578,0.25017761057893567;11.535138329870394,12.517501080138413,0.3023805730750141;2.2442554789509175,13.944225925149922,0.4764987910136303;2.829071724616509,6.815252500373287,1.116842398565673;12.89348341244764,4.462689100248536,2.456780207842593;2.792309268830196,1.9482063215231027,1.5239511084219592;18.63000485495394,9.516374612050642,0.4862045394896714;4.312449040471382,9.900114663805454,0.8882562845551485;0.6794491868940552,9.23994368862653,0.2431473573377341;17.386995268777646,18.78353211061407,0.9920648701342627"
70,drone_4,9.178,5.643,7.806,5.403,"14.145079426228822,14.135285643003368,0.36465074522886504;2.440226870056917,4.933819650250329,1.1897814698375528;1.3066818871107722,17.589369001861286,0.9125121680327651;2.357678421611219,12.84984572684092,0.8379462386470249;16.982338471480936,14.4574540115461,0.7795617732176426;16.6561314066347,16.403439279548287,1.2836920917924646;5.398747996641409,15.000606954740654,0.2759122247568536;15.264278401717403,10.29919208231439,0.2316821241488554;10.911255852773824,12.32733772574333,0.7238978160411744;4.280084679595954,13.678702869526163,2.3024030597113416;17.479092617537404,11.080351461505307,1.1103263964905046;8.540140392127444,12.019562633396255,1.1337858747342713;11.741065877053364,13.225358942033967,0.46373120111325383;0.2566576950879157,15.438502156368578,0.25017761057893567;11.535138329870394,12.517501080138413,0.3023805730750141;2.2442554789509175,13.944225925149922,0.4764987910136303;2.829071724616509,6.815252500373287,1.116842398565673;12.89348341244764,4.462689100248536,2.456780207842593;2.792309268830196,1.9482063215231027,1.5239511084219592;18.63000485495394,9.516374612050642,0.4862045394896714;4.312449040471382,9.900114663805454,0.8882562845551485;0.6794491868940552,9.23994368862653,0.2431473573377341;17.386995268777646,18.78353211061407,0.9920648701342627"
71,drone_2,7.100,9.071,7.806,5.403,"14.145079426228822,14.135285643003368,0.36465074522886504;2.440226870056917,4.933819650250329,1.1897814698375528;1.3066818871107722,17.589369001861286,0.9125121680327651;2.357678421611219,12.84984572684092,0.8379462386470249;16.982338471480936,14.4574540115461,0.7795617732176426;16.6561314066347,16.403439279548287,1.2836920917924646;5.398747996641409,15.000606954740654,0.2759122247568536;15.264278401717403,10.29919208231439,0.2316821241488554;10.911255852773824,12.32733772574333,0.7238978160411744;4.280084679595954,13.678702869526163,2.3024030597113416;17.479092617537404,11.080351461505307,1.1103263964905046;8.540140392127444,12.019562633396255,1.1337858747342713;11.741065877053364,13.225358942033967,0.46373120111325383;0.2566576950879157,15.438502156368578,0.25017761057893567;11.535138329870394,12.517501080138413,0.3023805730750141;2.2442554789509175,13.944225925149922,0.4764987910136303;2.829071724616509,6.815252500373287,1.116842398565673;12.89348341244764,4.462689100248536,2.456780207842593;2.792309268830196,1.9482063215231027,1.5239511084219592;18.63000485495394,9.516374612050642,0.4862045394896714;4.312449040471382,9.900114663805454,0.8882562845551485;0.6794491868940552,9.23994368862653,0.2431473573377341;17.386995268777646,18.78353211061407,0.9920648701342627"
71,drone_4,9.002,5.549,7.806,5.403,"14.145079426228822,14.135285643003368,0.36465074522886504;2.440226870056917,4.933819650250329,1.1897814698375528;1.3066818871107722,17.589369001861286,0.9125121680327651;2.357678421611219,12.84984572684092,0.8379462386470249;16.982338471480936,14.4574540115461,0.7795617732176426;16.6561314066347,16.403439279548287,1.2836920917924646;5.398747996641409,15.000606954740654,0.2759122247568536;15.264278401717403,10.29919208231439,0.2316821241488554;10.911255852773824,12.32733772574333,0.7238978160411744;4.280084679595954,13.678702869526163,2.3024030597113416;17.479092617537404,11.080351461505307,1.1103263964905046;8.540140392127444,12.019562633396255,1.1337858747342713;11.741065877053364,13.225358942033967,0.46373120111325383;0.2566576950879157,15.438502156368578,0.25017761057893567;11.535138329870394,12.517501080138413,0.3023805730750141;2.2442554789509175,13.944225925149922,0.4764987910136303;2.829071724616509,6.815252500373287,1.116842398565673;12.89348341244764,4.462689100248536,2.456780207842593;2.792309268830196,1.9482063215231027,1.5239511084219592;18.63000485495394,9.516374612050642,0.4862045394896714;4.312449040471382,9.900114663805454,0.8882562845551485;0.6794491868940552,9.23994368862653,0.2431473573377341;17.386995268777646,18.78353211061407,0.9920648701342627"
72,drone_2,7.114,8.871,7.806,5.403,"14.145079426228822,14.135285643003368,0.36465074522886504;2.440226870056917,4.933819650250329,1.1897814698375528;1.3066818871107722,17.589369001861286,0.9125121680327651;2.357678421611219,12.84984572684092,0.8379462386470249;16.982338471480936,14.4574540115461,0.7795617732176426;16.6561314066347,16.403439279548287,1.2836920917924646;5.398747996641409,15.000606954740654,0.2759122247568536;15.264278401717403,10.29919208231439,0.2316821241488554;10.911255852773824,12.32733772574333,0.7238978160411744;4.280084679595954,13.678702869526163,2.3024030597113416;17.479092617537404,11.080351461505307,1.1103263964905046;8.540140392127444,12.019562633396255,1.1337858747342713;11.741065877053364,13.225358942033967,0.46373120111325383;0.2566576950879157,15.438502156368578,0.25017761057893567;11.535138329870394,12.517501080138413,0.3023805730750141;2.2442554789509175,13.944225925149922,0.4764987910136303;2.829071724616509,6.815252500373287,1.116842398565673;12.89348341244764,4.462689100248536,2.456780207842593;2.792309268830196,1.9482063215231027,1.5239511084219592;18.63000485495394,9.516374612050642,0.4862045394896714;4.312449040471382,9.900114663805454,0.8882562845551485;0.6794491868940552,9.23994368862653,0.2431473573377341;17.386995268777646,18.78353211061407,0.9920648701342627"
72,drone_4,8.811,5.488,7.806,5.403,"14.145079426228822,14.135285643003368,0.36465074522886504;2.440226870056917,4.933819650250329,1.1897814698375528;1.3066818871107722,17.589369001861286,0.9125121680327651;2.357678421611219,12.84984572684092,0.8379462386470249;16.982338471480936,14.4574540115461,0.7795617732176426;16.6561314066347,16.403439279548287,1.2836920917924646;5.398747996641409,15.000606954740654,0.2759122247568536;15.264278401717403,10.29919208231439,0.2316821241488554;10.911255852773824,12.32733772574333,0.7238978160411744;4.280084679595954,13.678702869526163,2.3024030597113416;17.479092617537404,11.080351461505307,1.1103263964905046;8.540140392127444,12.019562633396255,1.1337858747342713;11.741065877053364,13.225358942033967,0.46373120111325383;0.2566576950879157,15.438502156368578,0.25017761057893567;11.535138329870394,12.517501080138413,0.3023805730750141;2.2442554789509175,13.944225925149922,0.4764987910136303;2.829071724616509,6.815252500373287,1.116842398565673;12.89348341244764,4.462689100248536,2.456780207842593;2.792309268830196,1.9482063215231027,1.5239511084219592;18.63000485495394,9.516374612050642,0.4862045394896714;4.312449040471382,9.900114663805454,0.8882562845551485;0.6794491868940552,9.23994368862653,0.2431473573377341;17.386995268777646,18.78353211061407,0.9920648701342627"
73,drone_2,7.136,8.673,7.806,5.403,"14.145079426228822,14.135285643003368,0.36465074522886504;2.440226870056917,4.933819650250329,1.1897814698375528;1.3066818871107722,17.589369001861286,0.9125121680327651;2.357678421611219,12.84984572684092,0.8379462386470249;16.982338471480936,14.4574540115461,0.7795617732176426;16.6561314066347,16.403439279548287,1.2836920917924646;5.398747996641409,15.000606954740654,0.2759122247568536;15.264278401717403,10.29919208231439,0.2316821241488554;10.911255852773824,12.32733772574333,0.7238978160411744;4.280084679595954,13.678702869526163,2.3024030597113416;17.479092617537404,11.080351461505307,1.1103263964905046;8.540140392127444,12.019562633396255,1.1337858747342713;11.741065877053364,13.225358942033967,0.46373120111325383;0.2566576950879157,15.438502156368578,0.25017761057893567;11.535138329870394,12.517501080138413,0.3023805730750141;2.2442554789509175,13.944225925149922,0.4764987910136303;2.829071724616509,6.815252500373287,1.116842398565673;12.89348341244764,4.462689100248536,2.456780207842593;2.792309268830196,1.9482063215231027,1.5239511084219592;18.63000485495394,9.516374612050642,0.4862045394896714;4.312449040471382,9.900114663805454,0.8882562845551485;0.6794491868940552,9.23994368862653,0.2431473573377341;17.386995268777646,18.78353211061407,0.9920648701342627"
73,drone_4,8.618,5.438,7.806,5.403,"14.145079426228822,14.135285643003368,0.36465074522886504;2.440226870056917,4.933819650250329,1.1897814698375528;1.3066818871107722,17.589369001861286,0.9125121680327651;2.357678421611219,12.84984572684092,0.8379462386470249;16.982338471480936,14.4574540115461,0.7795617732176426;16.6561314066347,16.403439279548287,1.2836920917924646;5.398747996641409,15.000606954740654,0.2759122247568536;15.264278401717403,10.29919208231439,0.2316821241488554;10.911255852773824,12.32733772574333,0.7238978160411744;4.280084679595954,13.678702869526163,2.3024030597113416;17.479092617537404,11.080351461505307,1.1103263964905046;8.540140392127444,12.019562633396255,1.1337858747342713;11.741065877053364,13.225358942033967,0.46373120111325383;0.2566576950879157,15.438502156368578,0.25017761057893567;11.535138329870394,12.517501080138413,0.3023805730750141;2.2442554789509175,13.944225925149922,0.4764987910136303;2.829071724616509,6.815252500373287,1.116842398565673;12.89348341244764,4.462689100248536,2.456780207842593;2.792309268830196,1.9482063215231027,1.5239511084219592;18.63000485495394,9.516374612050642,0.4862045394896714;4.312449040471382,9.900114663805454,0.8882562845551485;0.6794491868940552,9.23994368862653,0.2431473573377341;17.386995268777646,18.78353211061407,0.9920648701342627"
74,drone_2,7.144,8.473,7.806,5.403,"14.145079426228822,14.135285643003368,0.36465074522886504;2.440226870056917,4.933819650250329,1.1897814698375528;1.3066818871107722,17.589369001861286,0.9125121680327651;2.357678421611219,12.84984572684092,0.8379462386470249;16.982338471480936,14.4574540115461,0.7795617732176426;16.6561314066347,16.403439279548287,1.2836920917924646;5.398747996641409,15.000606954740654,0.2759122247568536;15.264278401717403,10.29919208231439,0.2316821241488554;10.911255852773824,12.32733772574333,0.7238978160411744;4.280084679595954,13.678702869526163,2.3024030597113416;17.479092617537404,11.080351461505307,1.1103263964905046;8.540140392127444,12.019562633396255,1.1337858747342713;11.741065877053364,13.225358942033967,0.46373120111325383;0.2566576950879157,15.438502156368578,0.25017761057893567;11.535138329870394,12.517501080138413,0.3023805730750141;2.2442554789509175,13.944225925149922,0.4764987910136303;2.829071724616509,6.815252500373287,1.116842398565673;12.89348341244764,4.462689100248536,2.456780207842593;2.792309268830196,1.9482063215231027,1.5239511084219592;18.63000485495394,9.516374612050642,0.4862045394896714;4.312449040471382,9.900114663805454,0.8882562845551485;0.6794491868940552,9.23994368862653,0.2431473573377341;17.386995268777646,18.78353211061407,0.9920648701342627"
75,drone_2,7.153,8.273,7.806,5.403,"14.145079426228822,14.135285643003368,0.36465074522886504;2.440226870056917,4.933819650250329,1.1897814698375528;1.3066818871107722,17.589369001861286,0.9125121680327651;2.357678421611219,12.84984572684092,0.8379462386470249;16.982338471480936,14.4574540115461,0.7795617732176426;16.6561314066347,16.403439279548287,1.2836920917924646;5.398747996641409,15.000606954740654,0.2759122247568536;15.264278401717403,10.29919208231439,0.2316821241488554;10.911255852773824,12.32733772574333,0.7238978160411744;4.280084679595954,13.678702869526163,2.3024030597113416;17.479092617537404,11.080351461505307,1.1103263964905046;8.540140392127444,12.019562633396255,1.1337858747342713;11.741065877053364,13.225358942033967,0.46373120111325383;0.2566576950879157,15.438502156368578,0.25017761057893567;11.535138329870394,12.517501080138413,0.3023805730750141;2.2442554789509175,13.944225925149922,0.4764987910136303;2.829071724616509,6.815252500373287,1.116842398565673;12.89348341244764,4.462689100248536,2.456780207842593;2.792309268830196,1.9482063215231027,1.5239511084219592;18.63000485495394,9.516374612050642,0.4862045394896714;4.312449040471382,9.900114663805454,0.8882562845551485;0.6794491868940552,9.23994368862653,0.2431473573377341;17.386995268777646,18.78353211061407,0.9920648701342627"
76,drone_2,7.154,8.073,7.806,5.403,"14.145079426228822,14.135285643003368,0.36465074522886504;2.440226870056917,4.933819650250329,1.1897814698375528;1.3066818871107722,17.589369001861286,0.9125121680327651;2.357678421611219,12.84984572684092,0.8379462386470249;16.982338471480936,14.4574540115461,0.7795617732176426;16.6561314066347,16.403439279548287,1.2836920917924646;5.398747996641409,15.000606954740654,0.2759122247568536;15.264278401717403,10.29919208231439,0.2316821241488554;10.911255852773824,12.32733772574333,0.7238978160411744;4.280084679595954,13.678702869526163,2.3024030597113416;17.479092617537404,11.080351461505307,1.1103263964905046;8.540140392127444,12.019562633396255,1.1337858747342713;11.741065877053364,13.225358942033967,0.46373120111325383;0.2566576950879157,15.438502156368578,0.25017761057893567;11.535138329870394,12.517501080138413,0.3023805730750141;2.2442554789509175,13.944225925149922,0.4764987910136303;2.829071724616509,6.815252500373287,1.116842398565673;12.89348341244764,4.462689100248536,2.456780207842593;2.792309268830196,1.9482063215231027,1.5239511084219592;18.63000485495394,9.516374612050642,0.4862045394896714;4.312449040471382,9.900114663805454,0.8882562845551485;0.6794491868940552,9.23994368862653,0.2431473573377341;17.386995268777646,18.78353211061407,0.9920648701342627"
77,drone_2,7.178,7.874,7.806,5.403,"14.145079426228822,14.135285643003368,0.36465074522886504;2.440226870056917,4.933819650250329,1.1897814698375528;1.3066818871107722,17.589369001861286,0.9125121680327651;2.357678421611219,12.84984572684092,0.8379462386470249;16.982338471480936,14.4574540115461,0.7795617732176426;16.6561314066347,16.403439279548287,1.2836920917924646;5.398747996641409,15.000606954740654,0.2759122247568536;15.264278401717403,10.29919208231439,0.2316821241488554;10.911255852773824,12.32733772574333,0.7238978160411744;4.280084679595954,13.678702869526163,2.3024030597113416;17.479092617537404,11.080351461505307,1.1103263964905046;8.540140392127444,12.019562633396255,1.1337858747342713;11.741065877053364,13.225358942033967,0.46373120111325383;0.2566576950879157,15.438502156368578,0.25017761057893567;11.535138329870394,12.517501080138413,0.3023805730750141;2.2442554789509175,13.944225925149922,0.4764987910136303;2.829071724616509,6.815252500373287,1.116842398565673;12.89348341244764,4.462689100248536,2.456780207842593;2.792309268830196,1.9482063215231027,1.5239511084219592;18.63000485495394,9.516374612050642,0.4862045394896714;4.312449040471382,9.900114663805454,0.8882562845551485;0.6794491868940552,9.23994368862653,0.2431473573377341;17.386995268777646,18.78353211061407,0.9920648701342627"
78,drone_2,7.198,7.675,7.806,5.403,"14.145079426228822,14.135285643003368,0.36465074522886504;2.440226870056917,4.933819650250329,1.1897814698375528;1.3066818871107722,17.589369001861286,0.9125121680327651;2.357678421611219,12.84984572684092,0.8379462386470249;16.982338471480936,14.4574540115461,0.7795617732176426;16.6561314066347,16.403439279548287,1.2836920917924646;5.398747996641409,15.000606954740654,0.2759122247568536;15.264278401717403,10.29919208231439,0.2316821241488554;10.911255852773824,12.32733772574333,0.7238978160411744;4.280084679595954,13.678702869526163,2.3024030597113416;17.479092617537404,11.080351461505307,1.1103263964905046;8.540140392127444,12.019562633396255,1.1337858747342713;11.741065877053364,13.225358942033967,0.46373120111325383;0.2566576950879157,15.438502156368578,0.25017761057893567;11.535138329870394,12.517501080138413,0.3023805730750141;2.2442554789509175,13.944225925149922,0.4764987910136303;2.829071724616509,6.815252500373287,1.116842398565673;12.89348341244764,4.462689100248536,2.456780207842593;2.792309268830196,1.9482063215231027,1.5239511084219592;18.63000485495394,9.516374612050642,0.4862045394896714;4.312449040471382,9.900114663805454,0.8882562845551485;0.6794491868940552,9.23994368862653,0.2431473573377341;17.386995268777646,18.78353211061407,0.9920648701342627"
79,drone_2,7.231,7.478,7.806,5.403,"14.145079426228822,14.135285643003368,0.36465074522886504;2.440226870056917,4.933819650250329,1.1897814698375528;1.3066818871107722,17.589369001861286,0.9125121680327651;2.357678421611219,12.84984572684092,0.8379462386470249;16.982338471480936,14.4574540115461,0.7795617732176426;16.6561314066347,16.403439279548287,1.2836920917924646;5.398747996641409,15.000606954740654,0.2759122247568536;15.264278401717403,10.29919208231439,0.2316821241488554;10.911255852773824,12.32733772574333,0.7238978160411744;4.280084679595954,13.678702869526163,2.3024030597113416;17.479092617537404,11.080351461505307,1.1103263964905046;8.540140392127444,12.019562633396255,1.1337858747342713;11.741065877053364,13.225358942033967,0.46373120111325383;0.2566576950879157,15.438502156368578,0.25017761057893567;11.535138329870394,12.517501080138413,0.3023805730750141;2.2442554789509175,13.944225925149922,0.4764987910136303;2.829071724616509,6.815252500373287,1.116842398565673;12.89348341244764,4.462689100248536,2.456780207842593;2.792309268830196,1.9482063215231027,1.5239511084219592;18.63000485495394,9.516374612050642,0.4862045394896714;4.312449040471382,9.900114663805454,0.8882562845551485;0.6794491868940552,9.23994368862653,0.2431473573377341;17.386995268777646,18.78353211061407,0.9920648701342627"
80,drone_2,7.264,7.281,7.806,5.403,"14.145079426228822,14.135285643003368,0.36465074522886504;2.440226870056917,4.933819650250329,1.1897814698375528;1.3066818871107722,17.589369001861286,0.9125121680327651;2.357678421611219,12.84984572684092,0.8379462386470249;16.982338471480936,14.4574540115461,0.7795617732176426;16.6561314066347,16.403439279548287,1.2836920917924646;5.398747996641409,15.000606954740654,0.2759122247568536;15.264278401717403,10.29919208231439,0.2316821241488554;10.911255852773824,12.32733772574333,0.7238978160411744;4.280084679595954,13.678702869526163,2.3024030597113416;17.479092617537404,11.080351461505307,1.1103263964905046;8.540140392127444,12.019562633396255,1.1337858747342713;11.741065877053364,13.225358942033967,0.46373120111325383;0.2566576950879157,15.438502156368578,0.25017761057893567;11.535138329870394,12.517501080138413,0.3023805730750141;2.2442554789509175,13.944225925149922,0.4764987910136303;2.829071724616509,6.815252500373287,1.116842398565673;12.89348341244764,4.462689100248536,2.456780207842593;2.792309268830196,1.9482063215231027,1.5239511084219592;18.63000485495394,9.516374612050642,0.4862045394896714;4.312449040471382,9.900114663805454,0.8882562845551485;0.6794491868940552,9.23994368862653,0.2431473573377341;17.386995268777646,18.78353211061407,0.9920648701342627"
81,drone_2,7.307,7.086,7.806,5.403,"14.145079426228822,14.135285643003368,0.36465074522886504;2.440226870056917,4.933819650250329,1.1897814698375528;1.3066818871107722,17.589369001861286,0.9125121680327651;2.357678421611219,12.84984572684092,0.8379462386470249;16.982338471480936,14.4574540115461,0.7795617732176426;16.6561314066347,16.403439279548287,1.2836920917924646;5.398747996641409,15.000606954740654,0.2759122247568536;15.264278401717403,10.29919208231439,0.2316821241488554;10.911255852773824,12.32733772574333,0.7238978160411744;4.280084679595954,13.678702869526163,2.3024030597113416;17.479092617537404,11.080351461505307,1.1103263964905046;8.540140392127444,12.019562633396255,1.1337858747342713;11.741065877053364,13.225358942033967,0.46373120111325383;0.2566576950879157,15.438502156368578,0.25017761057893567;11.535138329870394,12.517501080138413,0.3023805730750141;2.2442554789509175,13.944225925149922,0.4764987910136303;2.829071724616509,6.815252500373287,1.116842398565673;12.89348341244764,4.462689100248536,2.456780207842593;2.792309268830196,1.9482063215231027,1.5239511084219592;18.63000485495394,9.516374612050642,0.4862045394896714;4.312449040471382,9.900114663805454,0.8882562845551485;0.6794491868940552,9.23994368862653,0.2431473573377341;17.386995268777646,18.78353211061407,0.9920648701342627"
82,drone_2,7.351,6.890,7.806,5.403,"14.145079426228822,14.135285643003368,0.36465074522886504;2.440226870056917,4.933819650250329,1.1897814698375528;1.3066818871107722,17.589369001861286,0.9125121680327651;2.357678421611219,12.84984572684092,0.8379462386470249;16.982338471480936,14.4574540115461,0.7795617732176426;16.6561314066347,16.403439279548287,1.2836920917924646;5.398747996641409,15.000606954740654,0.2759122247568536;15.264278401717403,10.29919208231439,0.2316821241488554;10.911255852773824,12.32733772574333,0.7238978160411744;4.280084679595954,13.678702869526163,2.3024030597113416;17.479092617537404,11.080351461505307,1.1103263964905046;8.540140392127444,12.019562633396255,1.1337858747342713;11.741065877053364,13.225358942033967,0.46373120111325383;0.2566576950879157,15.438502156368578,0.25017761057893567;11.535138329870394,12.517501080138413,0.3023805730750141;2.2442554789509175,13.944225925149922,0.4764987910136303;2.829071724616509,6.815252500373287,1.116842398565673;12.89348341244764,4.462689100248536,2.456780207842593;2.792309268830196,1.9482063215231027,1.5239511084219592;18.63000485495394,9.516374612050642,0.4862045394896714;4.312449040471382,9.900114663805454,0.8882562845551485;0.6794491868940552,9.23994368862653,0.2431473573377341;17.386995268777646,18.78353211061407,0.9920648701342627"
83,drone_2,7.395,6.695,7.806,5.403,"14.145079426228822,14.135285643003368,0.36465074522886504;2.440226870056917,4.933819650250329,1.1897814698375528;1.3066818871107722,17.589369001861286,0.9125121680327651;2.357678421611219,12.84984572684092,0.8379462386470249;16.982338471480936,14.4574540115461,0.7795617732176426;16.6561314066347,16.403439279548287,1.2836920917924646;5.398747996641409,15.000606954740654,0.2759122247568536;15.264278401717403,10.29919208231439,0.2316821241488554;10.911255852773824,12.32733772574333,0.7238978160411744;4.280084679595954,13.678702869526163,2.3024030597113416;17.479092617537404,11.080351461505307,1.1103263964905046;8.540140392127444,12.019562633396255,1.1337858747342713;11.741065877053364,13.225358942033967,0.46373120111325383;0.2566576950879157,15.438502156368578,0.25017761057893567;11.535138329870394,12.517501080138413,0.3023805730750141;2.2442554789509175,13.944225925149922,0.4764987910136303;2.829071724616509,6.815252500373287,1.116842398565673;12.89348341244764,4.462689100248536,2.456780207842593;2.792309268830196,1.9482063215231027,1.5239511084219592;18.63000485495394,9.516374612050642,0.4862045394896714;4.312449040471382,9.900114663805454,0.8882562845551485;0.6794491868940552,9.23994368862653,0.2431473573377341;17.386995268777646,18.78353211061407,0.9920648701342627"
84,drone_2,7.445,6.502,7.806,5.403,"14.145079426228822,14.135285643003368,0.36465074522886504;2.440226870056917,4.933819650250329,1.1897814698375528;1.3066818871107722,17.589369001861286,0.9125121680327651;2.357678421611219,12.84984572684092,0.8379462386470249;16.982338471480936,14.4574540115461,0.7795617732176426;16.6561314066347,16.403439279548287,1.2836920917924646;5.398747996641409,15.000606954740654,0.2759122247568536;15.264278401717403,10.29919208231439,0.2316821241488554;10.911255852773824,12.32733772574333,0.7238978160411744;4.280084679595954,13.678702869526163,2.3024030597113416;17.479092617537404,11.080351461505307,1.1103263964905046;8.540140392127444,12.019562633396255,1.1337858747342713;11.741065877053364,13.225358942033967,0.46373120111325383;0.2566576950879157,15.438502156368578,0.25017761057893567;11.535138329870394,12.517501080138413,0.3023805730750141;2.2442554789509175,13.944225925149922,0.4764987910136303;2.829071724616509,6.815252500373287,1.116842398565673;12.89348341244764,4.462689100248536,2.456780207842593;2.792309268830196,1.9482063215231027,1.5239511084219592;18.63000485495394,9.516374612050642,0.4862045394896714;4.312449040471382,9.900114663805454,0.8882562845551485;0.6794491868940552,9.23994368862653,0.2431473573377341;17.386995268777646,18.78353211061407,0.9920648701342627"
85,drone_2,7.494,6.308,7.806,5.403,"14.145079426228822,14.135285643003368,0.36465074522886504;2.440226870056917,4.933819650250329,1.1897814698375528;1.3066818871107722,17.589369001861286,0.9125121680327651;2.357678421611219,12.84984572684092,0.8379462386470249;16.982338471480936,14.4574540115461,0.7795617732176426;16.6561314066347,16.403439279548287,1.2836920917924646;5.398747996641409,15.000606954740654,0.2759122247568536;15.264278401717403,10.29919208231439,0.2316821241488554;10.911255852773824,12.32733772574333,0.7238978160411744;4.280084679595954,13.678702869526163,2.3024030597113416;17.479092617537404,11.080351461505307,1.1103263964905046;8.540140392127444,12.019562633396255,1.1337858747342713;11.741065877053364,13.225358942033967,0.46373120111325383;0.2566576950879157,15.438502156368578,0.25017761057893567;11.535138329870394,12.517501080138413,0.3023805730750141;2.2442554789509175,13.944225925149922,0.4764987910136303;2.829071724616509,6.815252500373287,1.116842398565673;12.89348341244764,4.462689100248536,2.456780207842593;2.792309268830196,1.9482063215231027,1.5239511084219592;18.63000485495394,9.516374612050642,0.4862045394896714;4.312449040471382,9.900114663805454,0.8882562845551485;0.6794491868940552,9.23994368862653,0.2431473573377341;17.386995268777646,18.78353211061407,0.9920648701342627"
86,drone_2,7.549,6.116,7.806,5.403,"14.145079426228822,14.135285643003368,0.36465074522886504;2.440226870056917,4.933819650250329,1.1897814698375528;1.3066818871107722,17.589369001861286,0.9125121680327651;2.357678421611219,12.84984572684092,0.8379462386470249;16.982338471480936,14.4574540115461,0.7795617732176426;16.6561314066347,16.403439279548287,1.2836920917924646;5.398747996641409,15.000606954740654,0.2759122247568536;15.264278401717403,10.29919208231439,0.2316821241488554;10.911255852773824,12.32733772574333,0.7238978160411744;4.280084679595954,13.678702869526163,2.3024030597113416;17.479092617537404,11.080351461505307,1.1103263964905046;8.540140392127444,12.019562633396255,1.1337858747342713;11.741065877053364,13.225358942033967,0.46373120111325383;0.2566576950879157,15.438502156368578,0.25017761057893567;11.535138329870394,12.517501080138413,0.3023805730750141;2.2442554789509175,13.944225925149922,0.4764987910136303;2.829071724616509,6.815252500373287,1.116842398565673;12.89348341244764,4.462689100248536,2.456780207842593;2.792309268830196,1.9482063215231027,1.5239511084219592;18.63000485495394,9.516374612050642,0.4862045394896714;4.312449040471382,9.900114663805454,0.8882562845551485;0.6794491868940552,9.23994368862653,0.2431473573377341;17.386995268777646,18.78353211061407,0.9920648701342627"
