Step,Agent,X,Y,Goal_X,Goal_Y,Obstacles
0,drone_0,9.101,5.139,2.877,16.488,"6.683184288703654,17.699103959212035,0.4602261832052541;15.21577253005351,11.074522045419549,0.30406892767535965;1.3366213338497328,5.185588936355771,1.3119481483461524;14.557489970614855,15.662633469679074,1.2318328402115744;3.3364748895498098,5.070252215065476,1.2583245199670745;3.7482668538853474,3.871653614817813,0.9789838989544486;6.250726309333378,2.9499279952108335,2.0458167500197293;19.278803210629658,6.419059217211331,0.3507678650306102;3.4941419371470674,2.202105313808735,1.355110052215222;17.28236130049939,8.816585209620452,2.4311720247107256;8.671333644868234,17.07150743406474,2.253312479519481;3.8861572889029055,10.246602592068822,2.4314266735051406"
0,drone_1,7.952,8.648,2.877,16.488,"6.683184288703654,17.699103959212035,0.4602261832052541;15.21577253005351,11.074522045419549,0.30406892767535965;1.3366213338497328,5.185588936355771,1.3119481483461524;14.557489970614855,15.662633469679074,1.2318328402115744;3.3364748895498098,5.070252215065476,1.2583245199670745;3.7482668538853474,3.871653614817813,0.9789838989544486;6.250726309333378,2.9499279952108335,2.0458167500197293;19.278803210629658,6.419059217211331,0.3507678650306102;3.4941419371470674,2.202105313808735,1.355110052215222;17.28236130049939,8.816585209620452,2.4311720247107256;8.671333644868234,17.07150743406474,2.253312479519481;3.8861572889029055,10.246602592068822,2.4314266735051406"
0,drone_2,11.909,6.920,2.877,16.488,"6.683184288703654,17.699103959212035,0.4602261832052541;15.21577253005351,11.074522045419549,0.30406892767535965;1.3366213338497328,5.185588936355771,1.3119481483461524;14.557489970614855,15.662633469679074,1.2318328402115744;3.3364748895498098,5.070252215065476,1.2583245199670745;3.7482668538853474,3.871653614817813,0.9789838989544486;6.250726309333378,2.9499279952108335,2.0458167500197293;19.278803210629658,6.419059217211331,0.3507678650306102;3.4941419371470674,2.202105313808735,1.355110052215222;17.28236130049939,8.816585209620452,2.4311720247107256;8.671333644868234,17.07150743406474,2.253312479519481;3.8861572889029055,10.246602592068822,2.4314266735051406"
0,drone_3,15.406,11.860,2.877,16.488,"6.683184288703654,17.699103959212035,0.4602261832052541;15.21577253005351,11.074522045419549,0.30406892767535965;1.3366213338497328,5.185588936355771,1.3119481483461524;14.557489970614855,15.662633469679074,1.2318328402115744;3.3364748895498098,5.070252215065476,1.2583245199670745;3.7482668538853474,3.871653614817813,0.9789838989544486;6.250726309333378,2.9499279952108335,2.0458167500197293;19.278803210629658,6.419059217211331,0.3507678650306102;3.4941419371470674,2.202105313808735,1.355110052215222;17.28236130049939,8.816585209620452,2.4311720247107256;8.671333644868234,17.07150743406474,2.253312479519481;3.8861572889029055,10.246602592068822,2.4314266735051406"
0,drone_4,9.618,13.128,2.877,16.488,"6.683184288703654,17.699103959212035,0.4602261832052541;15.21577253005351,11.074522045419549,0.30406892767535965;1.3366213338497328,5.185588936355771,1.3119481483461524;14.557489970614855,15.662633469679074,1.2318328402115744;3.3364748895498098,5.070252215065476,1.2583245199670745;3.7482668538853474,3.871653614817813,0.9789838989544486;6.250726309333378,2.9499279952108335,2.0458167500197293;19.278803210629658,6.419059217211331,0.3507678650306102;3.4941419371470674,2.202105313808735,1.355110052215222;17.28236130049939,8.816585209620452,2.4311720247107256;8.671333644868234,17.07150743406474,2.253312479519481;3.8861572889029055,10.246602592068822,2.4314266735051406"
0,drone_5,15.680,16.569,2.877,16.488,"6.683184288703654,17.699103959212035,0.4602261832052541;15.21577253005351,11.074522045419549,0.30406892767535965;1.3366213338497328,5.185588936355771,1.3119481483461524;14.557489970614855,15.662633469679074,1.2318328402115744;3.3364748895498098,5.070252215065476,1.2583245199670745;3.7482668538853474,3.871653614817813,0.9789838989544486;6.250726309333378,2.9499279952108335,2.0458167500197293;19.278803210629658,6.419059217211331,0.3507678650306102;3.4941419371470674,2.202105313808735,1.355110052215222;17.28236130049939,8.816585209620452,2.4311720247107256;8.671333644868234,17.07150743406474,2.253312479519481;3.8861572889029055,10.246602592068822,2.4314266735051406"
0,drone_6,12.815,6.031,2.877,16.488,"6.683184288703654,17.699103959212035,0.4602261832052541;15.21577253005351,11.074522045419549,0.30406892767535965;1.3366213338497328,5.185588936355771,1.3119481483461524;14.557489970614855,15.662633469679074,1.2318328402115744;3.3364748895498098,5.070252215065476,1.2583245199670745;3.7482668538853474,3.871653614817813,0.9789838989544486;6.250726309333378,2.9499279952108335,2.0458167500197293;19.278803210629658,6.419059217211331,0.3507678650306102;3.4941419371470674,2.202105313808735,1.355110052215222;17.28236130049939,8.816585209620452,2.4311720247107256;8.671333644868234,17.07150743406474,2.253312479519481;3.8861572889029055,10.246602592068822,2.4314266735051406"
0,drone_7,14.374,8.693,2.877,16.488,"6.683184288703654,17.699103959212035,0.4602261832052541;15.21577253005351,11.074522045419549,0.30406892767535965;1.3366213338497328,5.185588936355771,1.3119481483461524;14.557489970614855,15.662633469679074,1.2318328402115744;3.3364748895498098,5.070252215065476,1.2583245199670745;3.7482668538853474,3.871653614817813,0.9789838989544486;6.250726309333378,2.9499279952108335,2.0458167500197293;19.278803210629658,6.419059217211331,0.3507678650306102;3.4941419371470674,2.202105313808735,1.355110052215222;17.28236130049939,8.816585209620452,2.4311720247107256;8.671333644868234,17.07150743406474,2.253312479519481;3.8861572889029055,10.246602592068822,2.4314266735051406"
0,drone_8,16.903,1.428,2.877,16.488,"6.683184288703654,17.699103959212035,0.4602261832052541;15.21577253005351,11.074522045419549,0.30406892767535965;1.3366213338497328,5.185588936355771,1.3119481483461524;14.557489970614855,15.662633469679074,1.2318328402115744;3.3364748895498098,5.070252215065476,1.2583245199670745;3.7482668538853474,3.871653614817813,0.9789838989544486;6.250726309333378,2.9499279952108335,2.0458167500197293;19.278803210629658,6.419059217211331,0.3507678650306102;3.4941419371470674,2.202105313808735,1.355110052215222;17.28236130049939,8.816585209620452,2.4311720247107256;8.671333644868234,17.07150743406474,2.253312479519481;3.8861572889029055,10.246602592068822,2.4314266735051406"
0,drone_9,2.287,13.280,2.877,16.488,"6.683184288703654,17.699103959212035,0.4602261832052541;15.21577253005351,11.074522045419549,0.30406892767535965;1.3366213338497328,5.185588936355771,1.3119481483461524;14.557489970614855,15.662633469679074,1.2318328402115744;3.3364748895498098,5.070252215065476,1.2583245199670745;3.7482668538853474,3.871653614817813,0.9789838989544486;6.250726309333378,2.9499279952108335,2.0458167500197293;19.278803210629658,6.419059217211331,0.3507678650306102;3.4941419371470674,2.202105313808735,1.355110052215222;17.28236130049939,8.816585209620452,2.4311720247107256;8.671333644868234,17.07150743406474,2.253312479519481;3.8861572889029055,10.246602592068822,2.4314266735051406"
1,drone_0,9.001,5.239,2.877,16.488,"6.683184288703654,17.699103959212035,0.4602261832052541;15.21577253005351,11.074522045419549,0.30406892767535965;1.3366213338497328,5.185588936355771,1.3119481483461524;14.557489970614855,15.662633469679074,1.2318328402115744;3.3364748895498098,5.070252215065476,1.2583245199670745;3.7482668538853474,3.871653614817813,0.9789838989544486;6.250726309333378,2.9499279952108335,2.0458167500197293;19.278803210629658,6.419059217211331,0.3507678650306102;3.4941419371470674,2.202105313808735,1.355110052215222;17.28236130049939,8.816585209620452,2.4311720247107256;8.671333644868234,17.07150743406474,2.253312479519481;3.8861572889029055,10.246602592068822,2.4314266735051406"
1,drone_1,7.852,8.748,2.877,16.488,"6.683184288703654,17.699103959212035,0.4602261832052541;15.21577253005351,11.074522045419549,0.30406892767535965;1.3366213338497328,5.185588936355771,1.3119481483461524;14.557489970614855,15.662633469679074,1.2318328402115744;3.3364748895498098,5.070252215065476,1.2583245199670745;3.7482668538853474,3.871653614817813,0.9789838989544486;6.250726309333378,2.9499279952108335,2.0458167500197293;19.278803210629658,6.419059217211331,0.3507678650306102;3.4941419371470674,2.202105313808735,1.355110052215222;17.28236130049939,8.816585209620452,2.4311720247107256;8.671333644868234,17.07150743406474,2.253312479519481;3.8861572889029055,10.246602592068822,2.4314266735051406"
1,drone_2,11.809,7.020,2.877,16.488,"6.683184288703654,17.699103959212035,0.4602261832052541;15.21577253005351,11.074522045419549,0.30406892767535965;1.3366213338497328,5.185588936355771,1.3119481483461524;14.557489970614855,15.662633469679074,1.2318328402115744;3.3364748895498098,5.070252215065476,1.2583245199670745;3.7482668538853474,3.871653614817813,0.9789838989544486;6.250726309333378,2.9499279952108335,2.0458167500197293;19.278803210629658,6.419059217211331,0.3507678650306102;3.4941419371470674,2.202105313808735,1.355110052215222;17.28236130049939,8.816585209620452,2.4311720247107256;8.671333644868234,17.07150743406474,2.253312479519481;3.8861572889029055,10.246602592068822,2.4314266735051406"
1,drone_3,15.306,11.960,2.877,16.488,"6.683184288703654,17.699103959212035,0.4602261832052541;15.21577253005351,11.074522045419549,0.30406892767535965;1.3366213338497328,5.185588936355771,1.3119481483461524;14.557489970614855,15.662633469679074,1.2318328402115744;3.3364748895498098,5.070252215065476,1.2583245199670745;3.7482668538853474,3.871653614817813,0.9789838989544486;6.250726309333378,2.9499279952108335,2.0458167500197293;19.278803210629658,6.419059217211331,0.3507678650306102;3.4941419371470674,2.202105313808735,1.355110052215222;17.28236130049939,8.816585209620452,2.4311720247107256;8.671333644868234,17.07150743406474,2.253312479519481;3.8861572889029055,10.246602592068822,2.4314266735051406"
1,drone_4,9.518,13.228,2.877,16.488,"6.683184288703654,17.699103959212035,0.4602261832052541;15.21577253005351,11.074522045419549,0.30406892767535965;1.3366213338497328,5.185588936355771,1.3119481483461524;14.557489970614855,15.662633469679074,1.2318328402115744;3.3364748895498098,5.070252215065476,1.2583245199670745;3.7482668538853474,3.871653614817813,0.9789838989544486;6.250726309333378,2.9499279952108335,2.0458167500197293;19.278803210629658,6.419059217211331,0.3507678650306102;3.4941419371470674,2.202105313808735,1.355110052215222;17.28236130049939,8.816585209620452,2.4311720247107256;8.671333644868234,17.07150743406474,2.253312479519481;3.8861572889029055,10.246602592068822,2.4314266735051406"
1,drone_5,15.780,16.669,2.877,16.488,"6.683184288703654,17.699103959212035,0.4602261832052541;15.21577253005351,11.074522045419549,0.30406892767535965;1.3366213338497328,5.185588936355771,1.3119481483461524;14.557489970614855,15.662633469679074,1.2318328402115744;3.3364748895498098,5.070252215065476,1.2583245199670745;3.7482668538853474,3.871653614817813,0.9789838989544486;6.250726309333378,2.9499279952108335,2.0458167500197293;19.278803210629658,6.419059217211331,0.3507678650306102;3.4941419371470674,2.202105313808735,1.355110052215222;17.28236130049939,8.816585209620452,2.4311720247107256;8.671333644868234,17.07150743406474,2.253312479519481;3.8861572889029055,10.246602592068822,2.4314266735051406"
1,drone_6,12.715,6.131,2.877,16.488,"6.683184288703654,17.699103959212035,0.4602261832052541;15.21577253005351,11.074522045419549,0.30406892767535965;1.3366213338497328,5.185588936355771,1.3119481483461524;14.557489970614855,15.662633469679074,1.2318328402115744;3.3364748895498098,5.070252215065476,1.2583245199670745;3.7482668538853474,3.871653614817813,0.9789838989544486;6.250726309333378,2.9499279952108335,2.0458167500197293;19.278803210629658,6.419059217211331,0.3507678650306102;3.4941419371470674,2.202105313808735,1.355110052215222;17.28236130049939,8.816585209620452,2.4311720247107256;8.671333644868234,17.07150743406474,2.253312479519481;3.8861572889029055,10.246602592068822,2.4314266735051406"
1,drone_7,14.274,8.793,2.877,16.488,"6.683184288703654,17.699103959212035,0.4602261832052541;15.21577253005351,11.074522045419549,0.30406892767535965;1.3366213338497328,5.185588936355771,1.3119481483461524;14.557489970614855,15.662633469679074,1.2318328402115744;3.3364748895498098,5.070252215065476,1.2583245199670745;3.7482668538853474,3.871653614817813,0.9789838989544486;6.250726309333378,2.9499279952108335,2.0458167500197293;19.278803210629658,6.419059217211331,0.3507678650306102;3.4941419371470674,2.202105313808735,1.355110052215222;17.28236130049939,8.816585209620452,2.4311720247107256;8.671333644868234,17.07150743406474,2.253312479519481;3.8861572889029055,10.246602592068822,2.4314266735051406"
1,drone_8,16.803,1.528,2.877,16.488,"6.683184288703654,17.699103959212035,0.4602261832052541;15.21577253005351,11.074522045419549,0.30406892767535965;1.3366213338497328,5.185588936355771,1.3119481483461524;14.557489970614855,15.662633469679074,1.2318328402115744;3.3364748895498098,5.070252215065476,1.2583245199670745;3.7482668538853474,3.871653614817813,0.9789838989544486;6.250726309333378,2.9499279952108335,2.0458167500197293;19.278803210629658,6.419059217211331,0.3507678650306102;3.4941419371470674,2.202105313808735,1.355110052215222;17.28236130049939,8.816585209620452,2.4311720247107256;8.671333644868234,17.07150743406474,2.253312479519481;3.8861572889029055,10.246602592068822,2.4314266735051406"
1,drone_9,2.371,13.380,2.877,16.488,"6.683184288703654,17.699103959212035,0.4602261832052541;15.21577253005351,11.074522045419549,0.30406892767535965;1.3366213338497328,5.185588936355771,1.3119481483461524;14.557489970614855,15.662633469679074,1.2318328402115744;3.3364748895498098,5.070252215065476,1.2583245199670745;3.7482668538853474,3.871653614817813,0.9789838989544486;6.250726309333378,2.9499279952108335,2.0458167500197293;19.278803210629658,6.419059217211331,0.3507678650306102;3.4941419371470674,2.202105313808735,1.355110052215222;17.28236130049939,8.816585209620452,2.4311720247107256;8.671333644868234,17.07150743406474,2.253312479519481;3.8861572889029055,10.246602592068822,2.4314266735051406"
2,drone_0,8.893,5.407,2.877,16.488,"6.683184288703654,17.699103959212035,0.4602261832052541;15.21577253005351,11.074522045419549,0.30406892767535965;1.3366213338497328,5.185588936355771,1.3119481483461524;14.557489970614855,15.662633469679074,1.2318328402115744;3.3364748895498098,5.070252215065476,1.2583245199670745;3.7482668538853474,3.871653614817813,0.9789838989544486;6.250726309333378,2.9499279952108335,2.0458167500197293;19.278803210629658,6.419059217211331,0.3507678650306102;3.4941419371470674,2.202105313808735,1.355110052215222;17.28236130049939,8.816585209620452,2.4311720247107256;8.671333644868234,17.07150743406474,2.253312479519481;3.8861572889029055,10.246602592068822,2.4314266735051406"
2,drone_1,7.740,8.914,2.877,16.488,"6.683184288703654,17.699103959212035,0.4602261832052541;15.21577253005351,11.074522045419549,0.30406892767535965;1.3366213338497328,5.185588936355771,1.3119481483461524;14.557489970614855,15.662633469679074,1.2318328402115744;3.3364748895498098,5.070252215065476,1.2583245199670745;3.7482668538853474,3.871653614817813,0.9789838989544486;6.250726309333378,2.9499279952108335,2.0458167500197293;19.278803210629658,6.419059217211331,0.3507678650306102;3.4941419371470674,2.202105313808735,1.355110052215222;17.28236130049939,8.816585209620452,2.4311720247107256;8.671333644868234,17.07150743406474,2.253312479519481;3.8861572889029055,10.246602592068822,2.4314266735051406"
2,drone_2,11.668,7.162,2.877,16.488,"6.683184288703654,17.699103959212035,0.4602261832052541;15.21577253005351,11.074522045419549,0.30406892767535965;1.3366213338497328,5.185588936355771,1.3119481483461524;14.557489970614855,15.662633469679074,1.2318328402115744;3.3364748895498098,5.070252215065476,1.2583245199670745;3.7482668538853474,3.871653614817813,0.9789838989544486;6.250726309333378,2.9499279952108335,2.0458167500197293;19.278803210629658,6.419059217211331,0.3507678650306102;3.4941419371470674,2.202105313808735,1.355110052215222;17.28236130049939,8.816585209620452,2.4311720247107256;8.671333644868234,17.07150743406474,2.253312479519481;3.8861572889029055,10.246602592068822,2.4314266735051406"
2,drone_3,15.133,12.060,2.877,16.488,"6.683184288703654,17.699103959212035,0.4602261832052541;15.21577253005351,11.074522045419549,0.30406892767535965;1.3366213338497328,5.185588936355771,1.3119481483461524;14.557489970614855,15.662633469679074,1.2318328402115744;3.3364748895498098,5.070252215065476,1.2583245199670745;3.7482668538853474,3.871653614817813,0.9789838989544486;6.250726309333378,2.9499279952108335,2.0458167500197293;19.278803210629658,6.419059217211331,0.3507678650306102;3.4941419371470674,2.202105313808735,1.355110052215222;17.28236130049939,8.816585209620452,2.4311720247107256;8.671333644868234,17.07150743406474,2.253312479519481;3.8861572889029055,10.246602592068822,2.4314266735051406"
2,drone_4,9.364,13.355,2.877,16.488,"6.683184288703654,17.699103959212035,0.4602261832052541;15.21577253005351,11.074522045419549,0.30406892767535965;1.3366213338497328,5.185588936355771,1.3119481483461524;14.557489970614855,15.662633469679074,1.2318328402115744;3.3364748895498098,5.070252215065476,1.2583245199670745;3.7482668538853474,3.871653614817813,0.9789838989544486;6.250726309333378,2.9499279952108335,2.0458167500197293;19.278803210629658,6.419059217211331,0.3507678650306102;3.4941419371470674,2.202105313808735,1.355110052215222;17.28236130049939,8.816585209620452,2.4311720247107256;8.671333644868234,17.07150743406474,2.253312479519481;3.8861572889029055,10.246602592068822,2.4314266735051406"
2,drone_5,15.780,16.869,2.877,16.488,"6.683184288703654,17.699103959212035,0.4602261832052541;15.21577253005351,11.074522045419549,0.30406892767535965;1.3366213338497328,5.185588936355771,1.3119481483461524;14.557489970614855,15.662633469679074,1.2318328402115744;3.3364748895498098,5.070252215065476,1.2583245199670745;3.7482668538853474,3.871653614817813,0.9789838989544486;6.250726309333378,2.9499279952108335,2.0458167500197293;19.278803210629658,6.419059217211331,0.3507678650306102;3.4941419371470674,2.202105313808735,1.355110052215222;17.28236130049939,8.816585209620452,2.4311720247107256;8.671333644868234,17.07150743406474,2.253312479519481;3.8861572889029055,10.246602592068822,2.4314266735051406"
2,drone_6,12.574,6.272,2.877,16.488,"6.683184288703654,17.699103959212035,0.4602261832052541;15.21577253005351,11.074522045419549,0.30406892767535965;1.3366213338497328,5.185588936355771,1.3119481483461524;14.557489970614855,15.662633469679074,1.2318328402115744;3.3364748895498098,5.070252215065476,1.2583245199670745;3.7482668538853474,3.871653614817813,0.9789838989544486;6.250726309333378,2.9499279952108335,2.0458167500197293;19.278803210629658,6.419059217211331,0.3507678650306102;3.4941419371470674,2.202105313808735,1.355110052215222;17.28236130049939,8.816585209620452,2.4311720247107256;8.671333644868234,17.07150743406474,2.253312479519481;3.8861572889029055,10.246602592068822,2.4314266735051406"
2,drone_7,14.132,8.934,2.877,16.488,"6.683184288703654,17.699103959212035,0.4602261832052541;15.21577253005351,11.074522045419549,0.30406892767535965;1.3366213338497328,5.185588936355771,1.3119481483461524;14.557489970614855,15.662633469679074,1.2318328402115744;3.3364748895498098,5.070252215065476,1.2583245199670745;3.7482668538853474,3.871653614817813,0.9789838989544486;6.250726309333378,2.9499279952108335,2.0458167500197293;19.278803210629658,6.419059217211331,0.3507678650306102;3.4941419371470674,2.202105313808735,1.355110052215222;17.28236130049939,8.816585209620452,2.4311720247107256;8.671333644868234,17.07150743406474,2.253312479519481;3.8861572889029055,10.246602592068822,2.4314266735051406"
2,drone_8,16.661,1.669,2.877,16.488,"6.683184288703654,17.699103959212035,0.4602261832052541;15.21577253005351,11.074522045419549,0.30406892767535965;1.3366213338497328,5.185588936355771,1.3119481483461524;14.557489970614855,15.662633469679074,1.2318328402115744;3.3364748895498098,5.070252215065476,1.2583245199670745;3.7482668538853474,3.871653614817813,0.9789838989544486;6.250726309333378,2.9499279952108335,2.0458167500197293;19.278803210629658,6.419059217211331,0.3507678650306102;3.4941419371470674,2.202105313808735,1.355110052215222;17.28236130049939,8.816585209620452,2.4311720247107256;8.671333644868234,17.07150743406474,2.253312479519481;3.8861572889029055,10.246602592068822,2.4314266735051406"
2,drone_9,2.392,13.579,2.877,16.488,"6.683184288703654,17.699103959212035,0.4602261832052541;15.21577253005351,11.074522045419549,0.30406892767535965;1.3366213338497328,5.185588936355771,1.3119481483461524;14.557489970614855,15.662633469679074,1.2318328402115744;3.3364748895498098,5.070252215065476,1.2583245199670745;3.7482668538853474,3.871653614817813,0.9789838989544486;6.250726309333378,2.9499279952108335,2.0458167500197293;19.278803210629658,6.419059217211331,0.3507678650306102;3.4941419371470674,2.202105313808735,1.355110052215222;17.28236130049939,8.816585209620452,2.4311720247107256;8.671333644868234,17.07150743406474,2.253312479519481;3.8861572889029055,10.246602592068822,2.4314266735051406"
3,drone_0,8.783,5.575,2.877,16.488,"6.683184288703654,17.699103959212035,0.4602261832052541;15.21577253005351,11.074522045419549,0.30406892767535965;1.3366213338497328,5.185588936355771,1.3119481483461524;14.557489970614855,15.662633469679074,1.2318328402115744;3.3364748895498098,5.070252215065476,1.2583245199670745;3.7482668538853474,3.871653614817813,0.9789838989544486;6.250726309333378,2.9499279952108335,2.0458167500197293;19.278803210629658,6.419059217211331,0.3507678650306102;3.4941419371470674,2.202105313808735,1.355110052215222;17.28236130049939,8.816585209620452,2.4311720247107256;8.671333644868234,17.07150743406474,2.253312479519481;3.8861572889029055,10.246602592068822,2.4314266735051406"
3,drone_1,7.660,9.097,2.877,16.488,"6.683184288703654,17.699103959212035,0.4602261832052541;15.21577253005351,11.074522045419549,0.30406892767535965;1.3366213338497328,5.185588936355771,1.3119481483461524;14.557489970614855,15.662633469679074,1.2318328402115744;3.3364748895498098,5.070252215065476,1.2583245199670745;3.7482668538853474,3.871653614817813,0.9789838989544486;6.250726309333378,2.9499279952108335,2.0458167500197293;19.278803210629658,6.419059217211331,0.3507678650306102;3.4941419371470674,2.202105313808735,1.355110052215222;17.28236130049939,8.816585209620452,2.4311720247107256;8.671333644868234,17.07150743406474,2.253312479519481;3.8861572889029055,10.246602592068822,2.4314266735051406"
3,drone_2,11.526,7.303,2.877,16.488,"6.683184288703654,17.699103959212035,0.4602261832052541;15.21577253005351,11.074522045419549,0.30406892767535965;1.3366213338497328,5.185588936355771,1.3119481483461524;14.557489970614855,15.662633469679074,1.2318328402115744;3.3364748895498098,5.070252215065476,1.2583245199670745;3.7482668538853474,3.871653614817813,0.9789838989544486;6.250726309333378,2.9499279952108335,2.0458167500197293;19.278803210629658,6.419059217211331,0.3507678650306102;3.4941419371470674,2.202105313808735,1.355110052215222;17.28236130049939,8.816585209620452,2.4311720247107256;8.671333644868234,17.07150743406474,2.253312479519481;3.8861572889029055,10.246602592068822,2.4314266735051406"
3,drone_3,14.963,12.166,2.877,16.488,"6.683184288703654,17.699103959212035,0.4602261832052541;15.21577253005351,11.074522045419549,0.30406892767535965;1.3366213338497328,5.185588936355771,1.3119481483461524;14.557489970614855,15.662633469679074,1.2318328402115744;3.3364748895498098,5.070252215065476,1.2583245199670745;3.7482668538853474,3.871653614817813,0.9789838989544486;6.250726309333378,2.9499279952108335,2.0458167500197293;19.278803210629658,6.419059217211331,0.3507678650306102;3.4941419371470674,2.202105313808735,1.355110052215222;17.28236130049939,8.816585209620452,2.4311720247107256;8.671333644868234,17.07150743406474,2.253312479519481;3.8861572889029055,10.246602592068822,2.4314266735051406"
3,drone_4,9.167,13.389,2.877,16.488,"6.683184288703654,17.699103959212035,0.4602261832052541;15.21577253005351,11.074522045419549,0.30406892767535965;1.3366213338497328,5.185588936355771,1.3119481483461524;14.557489970614855,15.662633469679074,1.2318328402115744;3.3364748895498098,5.070252215065476,1.2583245199670745;3.7482668538853474,3.871653614817813,0.9789838989544486;6.250726309333378,2.9499279952108335,2.0458167500197293;19.278803210629658,6.419059217211331,0.3507678650306102;3.4941419371470674,2.202105313808735,1.355110052215222;17.28236130049939,8.816585209620452,2.4311720247107256;8.671333644868234,17.07150743406474,2.253312479519481;3.8861572889029055,10.246602592068822,2.4314266735051406"
3,drone_5,15.688,17.047,2.877,16.488,"6.683184288703654,17.699103959212035,0.4602261832052541;15.21577253005351,11.074522045419549,0.30406892767535965;1.3366213338497328,5.185588936355771,1.3119481483461524;14.557489970614855,15.662633469679074,1.2318328402115744;3.3364748895498098,5.070252215065476,1.2583245199670745;3.7482668538853474,3.871653614817813,0.9789838989544486;6.250726309333378,2.9499279952108335,2.0458167500197293;19.278803210629658,6.419059217211331,0.3507678650306102;3.4941419371470674,2.202105313808735,1.355110052215222;17.28236130049939,8.816585209620452,2.4311720247107256;8.671333644868234,17.07150743406474,2.253312479519481;3.8861572889029055,10.246602592068822,2.4314266735051406"
3,drone_6,12.432,6.414,2.877,16.488,"6.683184288703654,17.699103959212035,0.4602261832052541;15.21577253005351,11.074522045419549,0.30406892767535965;1.3366213338497328,5.185588936355771,1.3119481483461524;14.557489970614855,15.662633469679074,1.2318328402115744;3.3364748895498098,5.070252215065476,1.2583245199670745;3.7482668538853474,3.871653614817813,0.9789838989544486;6.250726309333378,2.9499279952108335,2.0458167500197293;19.278803210629658,6.419059217211331,0.3507678650306102;3.4941419371470674,2.202105313808735,1.355110052215222;17.28236130049939,8.816585209620452,2.4311720247107256;8.671333644868234,17.07150743406474,2.253312479519481;3.8861572889029055,10.246602592068822,2.4314266735051406"
3,drone_7,13.991,9.075,2.877,16.488,"6.683184288703654,17.699103959212035,0.4602261832052541;15.21577253005351,11.074522045419549,0.30406892767535965;1.3366213338497328,5.185588936355771,1.3119481483461524;14.557489970614855,15.662633469679074,1.2318328402115744;3.3364748895498098,5.070252215065476,1.2583245199670745;3.7482668538853474,3.871653614817813,0.9789838989544486;6.250726309333378,2.9499279952108335,2.0458167500197293;19.278803210629658,6.419059217211331,0.3507678650306102;3.4941419371470674,2.202105313808735,1.355110052215222;17.28236130049939,8.816585209620452,2.4311720247107256;8.671333644868234,17.07150743406474,2.253312479519481;3.8861572889029055,10.246602592068822,2.4314266735051406"
3,drone_8,16.520,1.811,2.877,16.488,"6.683184288703654,17.699103959212035,0.4602261832052541;15.21577253005351,11.074522045419549,0.30406892767535965;1.3366213338497328,5.185588936355771,1.3119481483461524;14.557489970614855,15.662633469679074,1.2318328402115744;3.3364748895498098,5.070252215065476,1.2583245199670745;3.7482668538853474,3.871653614817813,0.9789838989544486;6.250726309333378,2.9499279952108335,2.0458167500197293;19.278803210629658,6.419059217211331,0.3507678650306102;3.4941419371470674,2.202105313808735,1.355110052215222;17.28236130049939,8.816585209620452,2.4311720247107256;8.671333644868234,17.07150743406474,2.253312479519481;3.8861572889029055,10.246602592068822,2.4314266735051406"
3,drone_9,2.471,13.763,2.877,16.488,"6.683184288703654,17.699103959212035,0.4602261832052541;15.21577253005351,11.074522045419549,0.30406892767535965;1.3366213338497328,5.185588936355771,1.3119481483461524;14.557489970614855,15.662633469679074,1.2318328402115744;3.3364748895498098,5.070252215065476,1.2583245199670745;3.7482668538853474,3.871653614817813,0.9789838989544486;6.250726309333378,2.9499279952108335,2.0458167500197293;19.278803210629658,6.419059217211331,0.3507678650306102;3.4941419371470674,2.202105313808735,1.355110052215222;17.28236130049939,8.816585209620452,2.4311720247107256;8.671333644868234,17.07150743406474,2.253312479519481;3.8861572889029055,10.246602592068822,2.4314266735051406"
4,drone_0,8.659,5.732,2.877,16.488,"6.683184288703654,17.699103959212035,0.4602261832052541;15.21577253005351,11.074522045419549,0.30406892767535965;1.3366213338497328,5.185588936355771,1.3119481483461524;14.557489970614855,15.662633469679074,1.2318328402115744;3.3364748895498098,5.070252215065476,1.2583245199670745;3.7482668538853474,3.871653614817813,0.9789838989544486;6.250726309333378,2.9499279952108335,2.0458167500197293;19.278803210629658,6.419059217211331,0.3507678650306102;3.4941419371470674,2.202105313808735,1.355110052215222;17.28236130049939,8.816585209620452,2.4311720247107256;8.671333644868234,17.07150743406474,2.253312479519481;3.8861572889029055,10.246602592068822,2.4314266735051406"
4,drone_1,7.585,9.282,2.877,16.488,"6.683184288703654,17.699103959212035,0.4602261832052541;15.21577253005351,11.074522045419549,0.30406892767535965;1.3366213338497328,5.185588936355771,1.3119481483461524;14.557489970614855,15.662633469679074,1.2318328402115744;3.3364748895498098,5.070252215065476,1.2583245199670745;3.7482668538853474,3.871653614817813,0.9789838989544486;6.250726309333378,2.9499279952108335,2.0458167500197293;19.278803210629658,6.419059217211331,0.3507678650306102;3.4941419371470674,2.202105313808735,1.355110052215222;17.28236130049939,8.816585209620452,2.4311720247107256;8.671333644868234,17.07150743406474,2.253312479519481;3.8861572889029055,10.246602592068822,2.4314266735051406"
4,drone_2,11.385,7.444,2.877,16.488,"6.683184288703654,17.699103959212035,0.4602261832052541;15.21577253005351,11.074522045419549,0.30406892767535965;1.3366213338497328,5.185588936355771,1.3119481483461524;14.557489970614855,15.662633469679074,1.2318328402115744;3.3364748895498098,5.070252215065476,1.2583245199670745;3.7482668538853474,3.871653614817813,0.9789838989544486;6.250726309333378,2.9499279952108335,2.0458167500197293;19.278803210629658,6.419059217211331,0.3507678650306102;3.4941419371470674,2.202105313808735,1.355110052215222;17.28236130049939,8.816585209620452,2.4311720247107256;8.671333644868234,17.07150743406474,2.253312479519481;3.8861572889029055,10.246602592068822,2.4314266735051406"
4,drone_3,14.804,12.287,2.877,16.488,"6.683184288703654,17.699103959212035,0.4602261832052541;15.21577253005351,11.074522045419549,0.30406892767535965;1.3366213338497328,5.185588936355771,1.3119481483461524;14.557489970614855,15.662633469679074,1.2318328402115744;3.3364748895498098,5.070252215065476,1.2583245199670745;3.7482668538853474,3.871653614817813,0.9789838989544486;6.250726309333378,2.9499279952108335,2.0458167500197293;19.278803210629658,6.419059217211331,0.3507678650306102;3.4941419371470674,2.202105313808735,1.355110052215222;17.28236130049939,8.816585209620452,2.4311720247107256;8.671333644868234,17.07150743406474,2.253312479519481;3.8861572889029055,10.246602592068822,2.4314266735051406"
4,drone_4,8.967,13.407,2.877,16.488,"6.683184288703654,17.699103959212035,0.4602261832052541;15.21577253005351,11.074522045419549,0.30406892767535965;1.3366213338497328,5.185588936355771,1.3119481483461524;14.557489970614855,15.662633469679074,1.2318328402115744;3.3364748895498098,5.070252215065476,1.2583245199670745;3.7482668538853474,3.871653614817813,0.9789838989544486;6.250726309333378,2.9499279952108335,2.0458167500197293;19.278803210629658,6.419059217211331,0.3507678650306102;3.4941419371470674,2.202105313808735,1.355110052215222;17.28236130049939,8.816585209620452,2.4311720247107256;8.671333644868234,17.07150743406474,2.253312479519481;3.8861572889029055,10.246602592068822,2.4314266735051406"
4,drone_5,15.548,17.190,2.877,16.488,"6.683184288703654,17.699103959212035,0.4602261832052541;15.21577253005351,11.074522045419549,0.30406892767535965;1.3366213338497328,5.185588936355771,1.3119481483461524;14.557489970614855,15.662633469679074,1.2318328402115744;3.3364748895498098,5.070252215065476,1.2583245199670745;3.7482668538853474,3.871653614817813,0.9789838989544486;6.250726309333378,2.9499279952108335,2.0458167500197293;19.278803210629658,6.419059217211331,0.3507678650306102;3.4941419371470674,2.202105313808735,1.355110052215222;17.28236130049939,8.816585209620452,2.4311720247107256;8.671333644868234,17.07150743406474,2.253312479519481;3.8861572889029055,10.246602592068822,2.4314266735051406"
4,drone_6,12.291,6.555,2.877,16.488,"6.683184288703654,17.699103959212035,0.4602261832052541;15.21577253005351,11.074522045419549,0.30406892767535965;1.3366213338497328,5.185588936355771,1.3119481483461524;14.557489970614855,15.662633469679074,1.2318328402115744;3.3364748895498098,5.070252215065476,1.2583245199670745;3.7482668538853474,3.871653614817813,0.9789838989544486;6.250726309333378,2.9499279952108335,2.0458167500197293;19.278803210629658,6.419059217211331,0.3507678650306102;3.4941419371470674,2.202105313808735,1.355110052215222;17.28236130049939,8.816585209620452,2.4311720247107256;8.671333644868234,17.07150743406474,2.253312479519481;3.8861572889029055,10.246602592068822,2.4314266735051406"
4,drone_7,13.849,9.217,2.877,16.488,"6.683184288703654,17.699103959212035,0.4602261832052541;15.21577253005351,11.074522045419549,0.30406892767535965;1.3366213338497328,5.185588936355771,1.3119481483461524;14.557489970614855,15.662633469679074,1.2318328402115744;3.3364748895498098,5.070252215065476,1.2583245199670745;3.7482668538853474,3.871653614817813,0.9789838989544486;6.250726309333378,2.9499279952108335,2.0458167500197293;19.278803210629658,6.419059217211331,0.3507678650306102;3.4941419371470674,2.202105313808735,1.355110052215222;17.28236130049939,8.816585209620452,2.4311720247107256;8.671333644868234,17.07150743406474,2.253312479519481;3.8861572889029055,10.246602592068822,2.4314266735051406"
4,drone_8,16.378,1.952,2.877,16.488,"6.683184288703654,17.699103959212035,0.4602261832052541;15.21577253005351,11.074522045419549,0.30406892767535965;1.3366213338497328,5.185588936355771,1.3119481483461524;14.557489970614855,15.662633469679074,1.2318328402115744;3.3364748895498098,5.070252215065476,1.2583245199670745;3.7482668538853474,3.871653614817813,0.9789838989544486;6.250726309333378,2.9499279952108335,2.0458167500197293;19.278803210629658,6.419059217211331,0.3507678650306102;3.4941419371470674,2.202105313808735,1.355110052215222;17.28236130049939,8.816585209620452,2.4311720247107256;8.671333644868234,17.07150743406474,2.253312479519481;3.8861572889029055,10.246602592068822,2.4314266735051406"
4,drone_9,2.575,13.934,2.877,16.488,"6.683184288703654,17.699103959212035,0.4602261832052541;15.21577253005351,11.074522045419549,0.30406892767535965;1.3366213338497328,5.185588936355771,1.3119481483461524;14.557489970614855,15.662633469679074,1.2318328402115744;3.3364748895498098,5.070252215065476,1.2583245199670745;3.7482668538853474,3.871653614817813,0.9789838989544486;6.250726309333378,2.9499279952108335,2.0458167500197293;19.278803210629658,6.419059217211331,0.3507678650306102;3.4941419371470674,2.202105313808735,1.355110052215222;17.28236130049939,8.816585209620452,2.4311720247107256;8.671333644868234,17.07150743406474,2.253312479519481;3.8861572889029055,10.246602592068822,2.4314266735051406"
5,drone_0,8.528,5.883,2.877,16.488,"6.683184288703654,17.699103959212035,0.4602261832052541;15.21577253005351,11.074522045419549,0.30406892767535965;1.3366213338497328,5.185588936355771,1.3119481483461524;14.557489970614855,15.662633469679074,1.2318328402115744;3.3364748895498098,5.070252215065476,1.2583245199670745;3.7482668538853474,3.871653614817813,0.9789838989544486;6.250726309333378,2.9499279952108335,2.0458167500197293;19.278803210629658,6.419059217211331,0.3507678650306102;3.4941419371470674,2.202105313808735,1.355110052215222;17.28236130049939,8.816585209620452,2.4311720247107256;8.671333644868234,17.07150743406474,2.253312479519481;3.8861572889029055,10.246602592068822,2.4314266735051406"
5,drone_1,7.522,9.472,2.877,16.488,"6.683184288703654,17.699103959212035,0.4602261832052541;15.21577253005351,11.074522045419549,0.30406892767535965;1.3366213338497328,5.185588936355771,1.3119481483461524;14.557489970614855,15.662633469679074,1.2318328402115744;3.3364748895498098,5.070252215065476,1.2583245199670745;3.7482668538853474,3.871653614817813,0.9789838989544486;6.250726309333378,2.9499279952108335,2.0458167500197293;19.278803210629658,6.419059217211331,0.3507678650306102;3.4941419371470674,2.202105313808735,1.355110052215222;17.28236130049939,8.816585209620452,2.4311720247107256;8.671333644868234,17.07150743406474,2.253312479519481;3.8861572889029055,10.246602592068822,2.4314266735051406"
5,drone_2,11.244,7.586,2.877,16.488,"6.683184288703654,17.699103959212035,0.4602261832052541;15.21577253005351,11.074522045419549,0.30406892767535965;1.3366213338497328,5.185588936355771,1.3119481483461524;14.557489970614855,15.662633469679074,1.2318328402115744;3.3364748895498098,5.070252215065476,1.2583245199670745;3.7482668538853474,3.871653614817813,0.9789838989544486;6.250726309333378,2.9499279952108335,2.0458167500197293;19.278803210629658,6.419059217211331,0.3507678650306102;3.4941419371470674,2.202105313808735,1.355110052215222;17.28236130049939,8.816585209620452,2.4311720247107256;8.671333644868234,17.07150743406474,2.253312479519481;3.8861572889029055,10.246602592068822,2.4314266735051406"
5,drone_3,14.652,12.417,2.877,16.488,"6.683184288703654,17.699103959212035,0.4602261832052541;15.21577253005351,11.074522045419549,0.30406892767535965;1.3366213338497328,5.185588936355771,1.3119481483461524;14.557489970614855,15.662633469679074,1.2318328402115744;3.3364748895498098,5.070252215065476,1.2583245199670745;3.7482668538853474,3.871653614817813,0.9789838989544486;6.250726309333378,2.9499279952108335,2.0458167500197293;19.278803210629658,6.419059217211331,0.3507678650306102;3.4941419371470674,2.202105313808735,1.355110052215222;17.28236130049939,8.816585209620452,2.4311720247107256;8.671333644868234,17.07150743406474,2.253312479519481;3.8861572889029055,10.246602592068822,2.4314266735051406"
5,drone_4,8.768,13.426,2.877,16.488,"6.683184288703654,17.699103959212035,0.4602261832052541;15.21577253005351,11.074522045419549,0.30406892767535965;1.3366213338497328,5.185588936355771,1.3119481483461524;14.557489970614855,15.662633469679074,1.2318328402115744;3.3364748895498098,5.070252215065476,1.2583245199670745;3.7482668538853474,3.871653614817813,0.9789838989544486;6.250726309333378,2.9499279952108335,2.0458167500197293;19.278803210629658,6.419059217211331,0.3507678650306102;3.4941419371470674,2.202105313808735,1.355110052215222;17.28236130049939,8.816585209620452,2.4311720247107256;8.671333644868234,17.07150743406474,2.253312479519481;3.8861572889029055,10.246602592068822,2.4314266735051406"
5,drone_5,15.400,17.324,2.877,16.488,"6.683184288703654,17.699103959212035,0.4602261832052541;15.21577253005351,11.074522045419549,0.30406892767535965;1.3366213338497328,5.185588936355771,1.3119481483461524;14.557489970614855,15.662633469679074,1.2318328402115744;3.3364748895498098,5.070252215065476,1.2583245199670745;3.7482668538853474,3.871653614817813,0.9789838989544486;6.250726309333378,2.9499279952108335,2.0458167500197293;19.278803210629658,6.419059217211331,0.3507678650306102;3.4941419371470674,2.202105313808735,1.355110052215222;17.28236130049939,8.816585209620452,2.4311720247107256;8.671333644868234,17.07150743406474,2.253312479519481;3.8861572889029055,10.246602592068822,2.4314266735051406"
5,drone_6,12.149,6.696,2.877,16.488,"6.683184288703654,17.699103959212035,0.4602261832052541;15.21577253005351,11.074522045419549,0.30406892767535965;1.3366213338497328,5.185588936355771,1.3119481483461524;14.557489970614855,15.662633469679074,1.2318328402115744;3.3364748895498098,5.070252215065476,1.2583245199670745;3.7482668538853474,3.871653614817813,0.9789838989544486;6.250726309333378,2.9499279952108335,2.0458167500197293;19.278803210629658,6.419059217211331,0.3507678650306102;3.4941419371470674,2.202105313808735,1.355110052215222;17.28236130049939,8.816585209620452,2.4311720247107256;8.671333644868234,17.07150743406474,2.253312479519481;3.8861572889029055,10.246602592068822,2.4314266735051406"
5,drone_7,13.708,9.358,2.877,16.488,"6.683184288703654,17.699103959212035,0.4602261832052541;15.21577253005351,11.074522045419549,0.30406892767535965;1.3366213338497328,5.185588936355771,1.3119481483461524;14.557489970614855,15.662633469679074,1.2318328402115744;3.3364748895498098,5.070252215065476,1.2583245199670745;3.7482668538853474,3.871653614817813,0.9789838989544486;6.250726309333378,2.9499279952108335,2.0458167500197293;19.278803210629658,6.419059217211331,0.3507678650306102;3.4941419371470674,2.202105313808735,1.355110052215222;17.28236130049939,8.816585209620452,2.4311720247107256;8.671333644868234,17.07150743406474,2.253312479519481;3.8861572889029055,10.246602592068822,2.4314266735051406"
5,drone_8,16.237,2.094,2.877,16.488,"6.683184288703654,17.699103959212035,0.4602261832052541;15.21577253005351,11.074522045419549,0.30406892767535965;1.3366213338497328,5.185588936355771,1.3119481483461524;14.557489970614855,15.662633469679074,1.2318328402115744;3.3364748895498098,5.070252215065476,1.2583245199670745;3.7482668538853474,3.871653614817813,0.9789838989544486;6.250726309333378,2.9499279952108335,2.0458167500197293;19.278803210629658,6.419059217211331,0.3507678650306102;3.4941419371470674,2.202105313808735,1.355110052215222;17.28236130049939,8.816585209620452,2.4311720247107256;8.671333644868234,17.07150743406474,2.253312479519481;3.8861572889029055,10.246602592068822,2.4314266735051406"
5,drone_9,2.667,14.111,2.877,16.488,"6.683184288703654,17.699103959212035,0.4602261832052541;15.21577253005351,11.074522045419549,0.30406892767535965;1.3366213338497328,5.185588936355771,1.3119481483461524;14.557489970614855,15.662633469679074,1.2318328402115744;3.3364748895498098,5.070252215065476,1.2583245199670745;3.7482668538853474,3.871653614817813,0.9789838989544486;6.250726309333378,2.9499279952108335,2.0458167500197293;19.278803210629658,6.419059217211331,0.3507678650306102;3.4941419371470674,2.202105313808735,1.355110052215222;17.28236130049939,8.816585209620452,2.4311720247107256;8.671333644868234,17.07150743406474,2.253312479519481;3.8861572889029055,10.246602592068822,2.4314266735051406"
6,drone_0,8.393,6.030,2.877,16.488,"6.683184288703654,17.699103959212035,0.4602261832052541;15.21577253005351,11.074522045419549,0.30406892767535965;1.3366213338497328,5.185588936355771,1.3119481483461524;14.557489970614855,15.662633469679074,1.2318328402115744;3.3364748895498098,5.070252215065476,1.2583245199670745;3.7482668538853474,3.871653614817813,0.9789838989544486;6.250726309333378,2.9499279952108335,2.0458167500197293;19.278803210629658,6.419059217211331,0.3507678650306102;3.4941419371470674,2.202105313808735,1.355110052215222;17.28236130049939,8.816585209620452,2.4311720247107256;8.671333644868234,17.07150743406474,2.253312479519481;3.8861572889029055,10.246602592068822,2.4314266735051406"
6,drone_1,7.483,9.668,2.877,16.488,"6.683184288703654,17.699103959212035,0.4602261832052541;15.21577253005351,11.074522045419549,0.30406892767535965;1.3366213338497328,5.185588936355771,1.3119481483461524;14.557489970614855,15.662633469679074,1.2318328402115744;3.3364748895498098,5.070252215065476,1.2583245199670745;3.7482668538853474,3.871653614817813,0.9789838989544486;6.250726309333378,2.9499279952108335,2.0458167500197293;19.278803210629658,6.419059217211331,0.3507678650306102;3.4941419371470674,2.202105313808735,1.355110052215222;17.28236130049939,8.816585209620452,2.4311720247107256;8.671333644868234,17.07150743406474,2.253312479519481;3.8861572889029055,10.246602592068822,2.4314266735051406"
6,drone_2,11.102,7.727,2.877,16.488,"6.683184288703654,17.699103959212035,0.4602261832052541;15.21577253005351,11.074522045419549,0.30406892767535965;1.3366213338497328,5.185588936355771,1.3119481483461524;14.557489970614855,15.662633469679074,1.2318328402115744;3.3364748895498098,5.070252215065476,1.2583245199670745;3.7482668538853474,3.871653614817813,0.9789838989544486;6.250726309333378,2.9499279952108335,2.0458167500197293;19.278803210629658,6.419059217211331,0.3507678650306102;3.4941419371470674,2.202105313808735,1.355110052215222;17.28236130049939,8.816585209620452,2.4311720247107256;8.671333644868234,17.07150743406474,2.253312479519481;3.8861572889029055,10.246602592068822,2.4314266735051406"
6,drone_3,14.502,12.549,2.877,16.488,"6.683184288703654,17.699103959212035,0.4602261832052541;15.21577253005351,11.074522045419549,0.30406892767535965;1.3366213338497328,5.185588936355771,1.3119481483461524;14.557489970614855,15.662633469679074,1.2318328402115744;3.3364748895498098,5.070252215065476,1.2583245199670745;3.7482668538853474,3.871653614817813,0.9789838989544486;6.250726309333378,2.9499279952108335,2.0458167500197293;19.278803210629658,6.419059217211331,0.3507678650306102;3.4941419371470674,2.202105313808735,1.355110052215222;17.28236130049939,8.816585209620452,2.4311720247107256;8.671333644868234,17.07150743406474,2.253312479519481;3.8861572889029055,10.246602592068822,2.4314266735051406"
6,drone_4,8.570,13.455,2.877,16.488,"6.683184288703654,17.699103959212035,0.4602261832052541;15.21577253005351,11.074522045419549,0.30406892767535965;1.3366213338497328,5.185588936355771,1.3119481483461524;14.557489970614855,15.662633469679074,1.2318328402115744;3.3364748895498098,5.070252215065476,1.2583245199670745;3.7482668538853474,3.871653614817813,0.9789838989544486;6.250726309333378,2.9499279952108335,2.0458167500197293;19.278803210629658,6.419059217211331,0.3507678650306102;3.4941419371470674,2.202105313808735,1.355110052215222;17.28236130049939,8.816585209620452,2.4311720247107256;8.671333644868234,17.07150743406474,2.253312479519481;3.8861572889029055,10.246602592068822,2.4314266735051406"
6,drone_5,15.236,17.438,2.877,16.488,"6.683184288703654,17.699103959212035,0.4602261832052541;15.21577253005351,11.074522045419549,0.30406892767535965;1.3366213338497328,5.185588936355771,1.3119481483461524;14.557489970614855,15.662633469679074,1.2318328402115744;3.3364748895498098,5.070252215065476,1.2583245199670745;3.7482668538853474,3.871653614817813,0.9789838989544486;6.250726309333378,2.9499279952108335,2.0458167500197293;19.278803210629658,6.419059217211331,0.3507678650306102;3.4941419371470674,2.202105313808735,1.355110052215222;17.28236130049939,8.816585209620452,2.4311720247107256;8.671333644868234,17.07150743406474,2.253312479519481;3.8861572889029055,10.246602592068822,2.4314266735051406"
6,drone_6,12.008,6.838,2.877,16.488,"6.683184288703654,17.699103959212035,0.4602261832052541;15.21577253005351,11.074522045419549,0.30406892767535965;1.3366213338497328,5.185588936355771,1.3119481483461524;14.557489970614855,15.662633469679074,1.2318328402115744;3.3364748895498098,5.070252215065476,1.2583245199670745;3.7482668538853474,3.871653614817813,0.9789838989544486;6.250726309333378,2.9499279952108335,2.0458167500197293;19.278803210629658,6.419059217211331,0.3507678650306102;3.4941419371470674,2.202105313808735,1.355110052215222;17.28236130049939,8.816585209620452,2.4311720247107256;8.671333644868234,17.07150743406474,2.253312479519481;3.8861572889029055,10.246602592068822,2.4314266735051406"
6,drone_7,13.567,9.500,2.877,16.488,"6.683184288703654,17.699103959212035,0.4602261832052541;15.21577253005351,11.074522045419549,0.30406892767535965;1.3366213338497328,5.185588936355771,1.3119481483461524;14.557489970614855,15.662633469679074,1.2318328402115744;3.3364748895498098,5.070252215065476,1.2583245199670745;3.7482668538853474,3.871653614817813,0.9789838989544486;6.250726309333378,2.9499279952108335,2.0458167500197293;19.278803210629658,6.419059217211331,0.3507678650306102;3.4941419371470674,2.202105313808735,1.355110052215222;17.28236130049939,8.816585209620452,2.4311720247107256;8.671333644868234,17.07150743406474,2.253312479519481;3.8861572889029055,10.246602592068822,2.4314266735051406"
6,drone_8,16.096,2.235,2.877,16.488,"6.683184288703654,17.699103959212035,0.4602261832052541;15.21577253005351,11.074522045419549,0.30406892767535965;1.3366213338497328,5.185588936355771,1.3119481483461524;14.557489970614855,15.662633469679074,1.2318328402115744;3.3364748895498098,5.070252215065476,1.2583245199670745;3.7482668538853474,3.871653614817813,0.9789838989544486;6.250726309333378,2.9499279952108335,2.0458167500197293;19.278803210629658,6.419059217211331,0.3507678650306102;3.4941419371470674,2.202105313808735,1.355110052215222;17.28236130049939,8.816585209620452,2.4311720247107256;8.671333644868234,17.07150743406474,2.253312479519481;3.8861572889029055,10.246602592068822,2.4314266735051406"
6,drone_9,2.750,14.293,2.877,16.488,"6.683184288703654,17.699103959212035,0.4602261832052541;15.21577253005351,11.074522045419549,0.30406892767535965;1.3366213338497328,5.185588936355771,1.3119481483461524;14.557489970614855,15.662633469679074,1.2318328402115744;3.3364748895498098,5.070252215065476,1.2583245199670745;3.7482668538853474,3.871653614817813,0.9789838989544486;6.250726309333378,2.9499279952108335,2.0458167500197293;19.278803210629658,6.419059217211331,0.3507678650306102;3.4941419371470674,2.202105313808735,1.355110052215222;17.28236130049939,8.816585209620452,2.4311720247107256;8.671333644868234,17.07150743406474,2.253312479519481;3.8861572889029055,10.246602592068822,2.4314266735051406"
7,drone_0,8.255,6.175,2.877,16.488,"6.683184288703654,17.699103959212035,0.4602261832052541;15.21577253005351,11.074522045419549,0.30406892767535965;1.3366213338497328,5.185588936355771,1.3119481483461524;14.557489970614855,15.662633469679074,1.2318328402115744;3.3364748895498098,5.070252215065476,1.2583245199670745;3.7482668538853474,3.871653614817813,0.9789838989544486;6.250726309333378,2.9499279952108335,2.0458167500197293;19.278803210629658,6.419059217211331,0.3507678650306102;3.4941419371470674,2.202105313808735,1.355110052215222;17.28236130049939,8.816585209620452,2.4311720247107256;8.671333644868234,17.07150743406474,2.253312479519481;3.8861572889029055,10.246602592068822,2.4314266735051406"
7,drone_1,7.443,9.864,2.877,16.488,"6.683184288703654,17.699103959212035,0.4602261832052541;15.21577253005351,11.074522045419549,0.30406892767535965;1.3366213338497328,5.185588936355771,1.3119481483461524;14.557489970614855,15.662633469679074,1.2318328402115744;3.3364748895498098,5.070252215065476,1.2583245199670745;3.7482668538853474,3.871653614817813,0.9789838989544486;6.250726309333378,2.9499279952108335,2.0458167500197293;19.278803210629658,6.419059217211331,0.3507678650306102;3.4941419371470674,2.202105313808735,1.355110052215222;17.28236130049939,8.816585209620452,2.4311720247107256;8.671333644868234,17.07150743406474,2.253312479519481;3.8861572889029055,10.246602592068822,2.4314266735051406"
7,drone_2,10.961,7.869,2.877,16.488,"6.683184288703654,17.699103959212035,0.4602261832052541;15.21577253005351,11.074522045419549,0.30406892767535965;1.3366213338497328,5.185588936355771,1.3119481483461524;14.557489970614855,15.662633469679074,1.2318328402115744;3.3364748895498098,5.070252215065476,1.2583245199670745;3.7482668538853474,3.871653614817813,0.9789838989544486;6.250726309333378,2.9499279952108335,2.0458167500197293;19.278803210629658,6.419059217211331,0.3507678650306102;3.4941419371470674,2.202105313808735,1.355110052215222;17.28236130049939,8.816585209620452,2.4311720247107256;8.671333644868234,17.07150743406474,2.253312479519481;3.8861572889029055,10.246602592068822,2.4314266735051406"
7,drone_3,14.351,12.680,2.877,16.488,"6.683184288703654,17.699103959212035,0.4602261832052541;15.21577253005351,11.074522045419549,0.30406892767535965;1.3366213338497328,5.185588936355771,1.3119481483461524;14.557489970614855,15.662633469679074,1.2318328402115744;3.3364748895498098,5.070252215065476,1.2583245199670745;3.7482668538853474,3.871653614817813,0.9789838989544486;6.250726309333378,2.9499279952108335,2.0458167500197293;19.278803210629658,6.419059217211331,0.3507678650306102;3.4941419371470674,2.202105313808735,1.355110052215222;17.28236130049939,8.816585209620452,2.4311720247107256;8.671333644868234,17.07150743406474,2.253312479519481;3.8861572889029055,10.246602592068822,2.4314266735051406"
7,drone_4,8.375,13.496,2.877,16.488,"6.683184288703654,17.699103959212035,0.4602261832052541;15.21577253005351,11.074522045419549,0.30406892767535965;1.3366213338497328,5.185588936355771,1.3119481483461524;14.557489970614855,15.662633469679074,1.2318328402115744;3.3364748895498098,5.070252215065476,1.2583245199670745;3.7482668538853474,3.871653614817813,0.9789838989544486;6.250726309333378,2.9499279952108335,2.0458167500197293;19.278803210629658,6.419059217211331,0.3507678650306102;3.4941419371470674,2.202105313808735,1.355110052215222;17.28236130049939,8.816585209620452,2.4311720247107256;8.671333644868234,17.07150743406474,2.253312479519481;3.8861572889029055,10.246602592068822,2.4314266735051406"
7,drone_5,15.074,17.556,2.877,16.488,"6.683184288703654,17.699103959212035,0.4602261832052541;15.21577253005351,11.074522045419549,0.30406892767535965;1.3366213338497328,5.185588936355771,1.3119481483461524;14.557489970614855,15.662633469679074,1.2318328402115744;3.3364748895498098,5.070252215065476,1.2583245199670745;3.7482668538853474,3.871653614817813,0.9789838989544486;6.250726309333378,2.9499279952108335,2.0458167500197293;19.278803210629658,6.419059217211331,0.3507678650306102;3.4941419371470674,2.202105313808735,1.355110052215222;17.28236130049939,8.816585209620452,2.4311720247107256;8.671333644868234,17.07150743406474,2.253312479519481;3.8861572889029055,10.246602592068822,2.4314266735051406"
7,drone_6,11.867,6.979,2.877,16.488,"6.683184288703654,17.699103959212035,0.4602261832052541;15.21577253005351,11.074522045419549,0.30406892767535965;1.3366213338497328,5.185588936355771,1.3119481483461524;14.557489970614855,15.662633469679074,1.2318328402115744;3.3364748895498098,5.070252215065476,1.2583245199670745;3.7482668538853474,3.871653614817813,0.9789838989544486;6.250726309333378,2.9499279952108335,2.0458167500197293;19.278803210629658,6.419059217211331,0.3507678650306102;3.4941419371470674,2.202105313808735,1.355110052215222;17.28236130049939,8.816585209620452,2.4311720247107256;8.671333644868234,17.07150743406474,2.253312479519481;3.8861572889029055,10.246602592068822,2.4314266735051406"
7,drone_7,13.425,9.641,2.877,16.488,"6.683184288703654,17.699103959212035,0.4602261832052541;15.21577253005351,11.074522045419549,0.30406892767535965;1.3366213338497328,5.185588936355771,1.3119481483461524;14.557489970614855,15.662633469679074,1.2318328402115744;3.3364748895498098,5.070252215065476,1.2583245199670745;3.7482668538853474,3.871653614817813,0.9789838989544486;6.250726309333378,2.9499279952108335,2.0458167500197293;19.278803210629658,6.419059217211331,0.3507678650306102;3.4941419371470674,2.202105313808735,1.355110052215222;17.28236130049939,8.816585209620452,2.4311720247107256;8.671333644868234,17.07150743406474,2.253312479519481;3.8861572889029055,10.246602592068822,2.4314266735051406"
7,drone_8,15.954,2.377,2.877,16.488,"6.683184288703654,17.699103959212035,0.4602261832052541;15.21577253005351,11.074522045419549,0.30406892767535965;1.3366213338497328,5.185588936355771,1.3119481483461524;14.557489970614855,15.662633469679074,1.2318328402115744;3.3364748895498098,5.070252215065476,1.2583245199670745;3.7482668538853474,3.871653614817813,0.9789838989544486;6.250726309333378,2.9499279952108335,2.0458167500197293;19.278803210629658,6.419059217211331,0.3507678650306102;3.4941419371470674,2.202105313808735,1.355110052215222;17.28236130049939,8.816585209620452,2.4311720247107256;8.671333644868234,17.07150743406474,2.253312479519481;3.8861572889029055,10.246602592068822,2.4314266735051406"
7,drone_9,2.842,14.471,2.877,16.488,"6.683184288703654,17.699103959212035,0.4602261832052541;15.21577253005351,11.074522045419549,0.30406892767535965;1.3366213338497328,5.185588936355771,1.3119481483461524;14.557489970614855,15.662633469679074,1.2318328402115744;3.3364748895498098,5.070252215065476,1.2583245199670745;3.7482668538853474,3.871653614817813,0.9789838989544486;6.250726309333378,2.9499279952108335,2.0458167500197293;19.278803210629658,6.419059217211331,0.3507678650306102;3.4941419371470674,2.202105313808735,1.355110052215222;17.28236130049939,8.816585209620452,2.4311720247107256;8.671333644868234,17.07150743406474,2.253312479519481;3.8861572889029055,10.246602592068822,2.4314266735051406"
8,drone_0,8.115,6.318,2.877,16.488,"6.683184288703654,17.699103959212035,0.4602261832052541;15.21577253005351,11.074522045419549,0.30406892767535965;1.3366213338497328,5.185588936355771,1.3119481483461524;14.557489970614855,15.662633469679074,1.2318328402115744;3.3364748895498098,5.070252215065476,1.2583245199670745;3.7482668538853474,3.871653614817813,0.9789838989544486;6.250726309333378,2.9499279952108335,2.0458167500197293;19.278803210629658,6.419059217211331,0.3507678650306102;3.4941419371470674,2.202105313808735,1.355110052215222;17.28236130049939,8.816585209620452,2.4311720247107256;8.671333644868234,17.07150743406474,2.253312479519481;3.8861572889029055,10.246602592068822,2.4314266735051406"
8,drone_1,7.396,10.059,2.877,16.488,"6.683184288703654,17.699103959212035,0.4602261832052541;15.21577253005351,11.074522045419549,0.30406892767535965;1.3366213338497328,5.185588936355771,1.3119481483461524;14.557489970614855,15.662633469679074,1.2318328402115744;3.3364748895498098,5.070252215065476,1.2583245199670745;3.7482668538853474,3.871653614817813,0.9789838989544486;6.250726309333378,2.9499279952108335,2.0458167500197293;19.278803210629658,6.419059217211331,0.3507678650306102;3.4941419371470674,2.202105313808735,1.355110052215222;17.28236130049939,8.816585209620452,2.4311720247107256;8.671333644868234,17.07150743406474,2.253312479519481;3.8861572889029055,10.246602592068822,2.4314266735051406"
8,drone_2,10.819,8.010,2.877,16.488,"6.683184288703654,17.699103959212035,0.4602261832052541;15.21577253005351,11.074522045419549,0.30406892767535965;1.3366213338497328,5.185588936355771,1.3119481483461524;14.557489970614855,15.662633469679074,1.2318328402115744;3.3364748895498098,5.070252215065476,1.2583245199670745;3.7482668538853474,3.871653614817813,0.9789838989544486;6.250726309333378,2.9499279952108335,2.0458167500197293;19.278803210629658,6.419059217211331,0.3507678650306102;3.4941419371470674,2.202105313808735,1.355110052215222;17.28236130049939,8.816585209620452,2.4311720247107256;8.671333644868234,17.07150743406474,2.253312479519481;3.8861572889029055,10.246602592068822,2.4314266735051406"
8,drone_3,14.198,12.808,2.877,16.488,"6.683184288703654,17.699103959212035,0.4602261832052541;15.21577253005351,11.074522045419549,0.30406892767535965;1.3366213338497328,5.185588936355771,1.3119481483461524;14.557489970614855,15.662633469679074,1.2318328402115744;3.3364748895498098,5.070252215065476,1.2583245199670745;3.7482668538853474,3.871653614817813,0.9789838989544486;6.250726309333378,2.9499279952108335,2.0458167500197293;19.278803210629658,6.419059217211331,0.3507678650306102;3.4941419371470674,2.202105313808735,1.355110052215222;17.28236130049939,8.816585209620452,2.4311720247107256;8.671333644868234,17.07150743406474,2.253312479519481;3.8861572889029055,10.246602592068822,2.4314266735051406"
8,drone_4,8.178,13.534,2.877,16.488,"6.683184288703654,17.699103959212035,0.4602261832052541;15.21577253005351,11.074522045419549,0.30406892767535965;1.3366213338497328,5.185588936355771,1.3119481483461524;14.557489970614855,15.662633469679074,1.2318328402115744;3.3364748895498098,5.070252215065476,1.2583245199670745;3.7482668538853474,3.871653614817813,0.9789838989544486;6.250726309333378,2.9499279952108335,2.0458167500197293;19.278803210629658,6.419059217211331,0.3507678650306102;3.4941419371470674,2.202105313808735,1.355110052215222;17.28236130049939,8.816585209620452,2.4311720247107256;8.671333644868234,17.07150743406474,2.253312479519481;3.8861572889029055,10.246602592068822,2.4314266735051406"
8,drone_5,14.894,17.643,2.877,16.488,"6.683184288703654,17.699103959212035,0.4602261832052541;15.21577253005351,11.074522045419549,0.30406892767535965;1.3366213338497328,5.185588936355771,1.3119481483461524;14.557489970614855,15.662633469679074,1.2318328402115744;3.3364748895498098,5.070252215065476,1.2583245199670745;3.7482668538853474,3.871653614817813,0.9789838989544486;6.250726309333378,2.9499279952108335,2.0458167500197293;19.278803210629658,6.419059217211331,0.3507678650306102;3.4941419371470674,2.202105313808735,1.355110052215222;17.28236130049939,8.816585209620452,2.4311720247107256;8.671333644868234,17.07150743406474,2.253312479519481;3.8861572889029055,10.246602592068822,2.4314266735051406"
8,drone_6,11.725,7.121,2.877,16.488,"6.683184288703654,17.699103959212035,0.4602261832052541;15.21577253005351,11.074522045419549,0.30406892767535965;1.3366213338497328,5.185588936355771,1.3119481483461524;14.557489970614855,15.662633469679074,1.2318328402115744;3.3364748895498098,5.070252215065476,1.2583245199670745;3.7482668538853474,3.871653614817813,0.9789838989544486;6.250726309333378,2.9499279952108335,2.0458167500197293;19.278803210629658,6.419059217211331,0.3507678650306102;3.4941419371470674,2.202105313808735,1.355110052215222;17.28236130049939,8.816585209620452,2.4311720247107256;8.671333644868234,17.07150743406474,2.253312479519481;3.8861572889029055,10.246602592068822,2.4314266735051406"
8,drone_7,13.284,9.783,2.877,16.488,"6.683184288703654,17.699103959212035,0.4602261832052541;15.21577253005351,11.074522045419549,0.30406892767535965;1.3366213338497328,5.185588936355771,1.3119481483461524;14.557489970614855,15.662633469679074,1.2318328402115744;3.3364748895498098,5.070252215065476,1.2583245199670745;3.7482668538853474,3.871653614817813,0.9789838989544486;6.250726309333378,2.9499279952108335,2.0458167500197293;19.278803210629658,6.419059217211331,0.3507678650306102;3.4941419371470674,2.202105313808735,1.355110052215222;17.28236130049939,8.816585209620452,2.4311720247107256;8.671333644868234,17.07150743406474,2.253312479519481;3.8861572889029055,10.246602592068822,2.4314266735051406"
8,drone_8,15.813,2.518,2.877,16.488,"6.683184288703654,17.699103959212035,0.4602261832052541;15.21577253005351,11.074522045419549,0.30406892767535965;1.3366213338497328,5.185588936355771,1.3119481483461524;14.557489970614855,15.662633469679074,1.2318328402115744;3.3364748895498098,5.070252215065476,1.2583245199670745;3.7482668538853474,3.871653614817813,0.9789838989544486;6.250726309333378,2.9499279952108335,2.0458167500197293;19.278803210629658,6.419059217211331,0.3507678650306102;3.4941419371470674,2.202105313808735,1.355110052215222;17.28236130049939,8.816585209620452,2.4311720247107256;8.671333644868234,17.07150743406474,2.253312479519481;3.8861572889029055,10.246602592068822,2.4314266735051406"
8,drone_9,2.909,14.659,2.877,16.488,"6.683184288703654,17.699103959212035,0.4602261832052541;15.21577253005351,11.074522045419549,0.30406892767535965;1.3366213338497328,5.185588936355771,1.3119481483461524;14.557489970614855,15.662633469679074,1.2318328402115744;3.3364748895498098,5.070252215065476,1.2583245199670745;3.7482668538853474,3.871653614817813,0.9789838989544486;6.250726309333378,2.9499279952108335,2.0458167500197293;19.278803210629658,6.419059217211331,0.3507678650306102;3.4941419371470674,2.202105313808735,1.355110052215222;17.28236130049939,8.816585209620452,2.4311720247107256;8.671333644868234,17.07150743406474,2.253312479519481;3.8861572889029055,10.246602592068822,2.4314266735051406"
9,drone_0,7.975,6.461,2.877,16.488,"6.683184288703654,17.699103959212035,0.4602261832052541;15.21577253005351,11.074522045419549,0.30406892767535965;1.3366213338497328,5.185588936355771,1.3119481483461524;14.557489970614855,15.662633469679074,1.2318328402115744;3.3364748895498098,5.070252215065476,1.2583245199670745;3.7482668538853474,3.871653614817813,0.9789838989544486;6.250726309333378,2.9499279952108335,2.0458167500197293;19.278803210629658,6.419059217211331,0.3507678650306102;3.4941419371470674,2.202105313808735,1.355110052215222;17.28236130049939,8.816585209620452,2.4311720247107256;8.671333644868234,17.07150743406474,2.253312479519481;3.8861572889029055,10.246602592068822,2.4314266735051406"
9,drone_1,7.349,10.253,2.877,16.488,"6.683184288703654,17.699103959212035,0.4602261832052541;15.21577253005351,11.074522045419549,0.30406892767535965;1.3366213338497328,5.185588936355771,1.3119481483461524;14.557489970614855,15.662633469679074,1.2318328402115744;3.3364748895498098,5.070252215065476,1.2583245199670745;3.7482668538853474,3.871653614817813,0.9789838989544486;6.250726309333378,2.9499279952108335,2.0458167500197293;19.278803210629658,6.419059217211331,0.3507678650306102;3.4941419371470674,2.202105313808735,1.355110052215222;17.28236130049939,8.816585209620452,2.4311720247107256;8.671333644868234,17.07150743406474,2.253312479519481;3.8861572889029055,10.246602592068822,2.4314266735051406"
9,drone_2,10.678,8.152,2.877,16.488,"6.683184288703654,17.699103959212035,0.4602261832052541;15.21577253005351,11.074522045419549,0.30406892767535965;1.3366213338497328,5.185588936355771,1.3119481483461524;14.557489970614855,15.662633469679074,1.2318328402115744;3.3364748895498098,5.070252215065476,1.2583245199670745;3.7482668538853474,3.871653614817813,0.9789838989544486;6.250726309333378,2.9499279952108335,2.0458167500197293;19.278803210629658,6.419059217211331,0.3507678650306102;3.4941419371470674,2.202105313808735,1.355110052215222;17.28236130049939,8.816585209620452,2.4311720247107256;8.671333644868234,17.07150743406474,2.253312479519481;3.8861572889029055,10.246602592068822,2.4314266735051406"
9,drone_3,14.040,12.931,2.877,16.488,"6.683184288703654,17.699103959212035,0.4602261832052541;15.21577253005351,11.074522045419549,0.30406892767535965;1.3366213338497328,5.185588936355771,1.3119481483461524;14.557489970614855,15.662633469679074,1.2318328402115744;3.3364748895498098,5.070252215065476,1.2583245199670745;3.7482668538853474,3.871653614817813,0.9789838989544486;6.250726309333378,2.9499279952108335,2.0458167500197293;19.278803210629658,6.419059217211331,0.3507678650306102;3.4941419371470674,2.202105313808735,1.355110052215222;17.28236130049939,8.816585209620452,2.4311720247107256;8.671333644868234,17.07150743406474,2.253312479519481;3.8861572889029055,10.246602592068822,2.4314266735051406"
9,drone_4,7.986,13.590,2.877,16.488,"6.683184288703654,17.699103959212035,0.4602261832052541;15.21577253005351,11.074522045419549,0.30406892767535965;1.3366213338497328,5.185588936355771,1.3119481483461524;14.557489970614855,15.662633469679074,1.2318328402115744;3.3364748895498098,5.070252215065476,1.2583245199670745;3.7482668538853474,3.871653614817813,0.9789838989544486;6.250726309333378,2.9499279952108335,2.0458167500197293;19.278803210629658,6.419059217211331,0.3507678650306102;3.4941419371470674,2.202105313808735,1.355110052215222;17.28236130049939,8.816585209620452,2.4311720247107256;8.671333644868234,17.07150743406474,2.253312479519481;3.8861572889029055,10.246602592068822,2.4314266735051406"
9,drone_5,14.695,17.661,2.877,16.488,"6.683184288703654,17.699103959212035,0.4602261832052541;15.21577253005351,11.074522045419549,0.30406892767535965;1.3366213338497328,5.185588936355771,1.3119481483461524;14.557489970614855,15.662633469679074,1.2318328402115744;3.3364748895498098,5.070252215065476,1.2583245199670745;3.7482668538853474,3.871653614817813,0.9789838989544486;6.250726309333378,2.9499279952108335,2.0458167500197293;19.278803210629658,6.419059217211331,0.3507678650306102;3.4941419371470674,2.202105313808735,1.355110052215222;17.28236130049939,8.816585209620452,2.4311720247107256;8.671333644868234,17.07150743406474,2.253312479519481;3.8861572889029055,10.246602592068822,2.4314266735051406"
9,drone_6,11.584,7.262,2.877,16.488,"6.683184288703654,17.699103959212035,0.4602261832052541;15.21577253005351,11.074522045419549,0.30406892767535965;1.3366213338497328,5.185588936355771,1.3119481483461524;14.557489970614855,15.662633469679074,1.2318328402115744;3.3364748895498098,5.070252215065476,1.2583245199670745;3.7482668538853474,3.871653614817813,0.9789838989544486;6.250726309333378,2.9499279952108335,2.0458167500197293;19.278803210629658,6.419059217211331,0.3507678650306102;3.4941419371470674,2.202105313808735,1.355110052215222;17.28236130049939,8.816585209620452,2.4311720247107256;8.671333644868234,17.07150743406474,2.253312479519481;3.8861572889029055,10.246602592068822,2.4314266735051406"
9,drone_7,13.142,9.924,2.877,16.488,"6.683184288703654,17.699103959212035,0.4602261832052541;15.21577253005351,11.074522045419549,0.30406892767535965;1.3366213338497328,5.185588936355771,1.3119481483461524;14.557489970614855,15.662633469679074,1.2318328402115744;3.3364748895498098,5.070252215065476,1.2583245199670745;3.7482668538853474,3.871653614817813,0.9789838989544486;6.250726309333378,2.9499279952108335,2.0458167500197293;19.278803210629658,6.419059217211331,0.3507678650306102;3.4941419371470674,2.202105313808735,1.355110052215222;17.28236130049939,8.816585209620452,2.4311720247107256;8.671333644868234,17.07150743406474,2.253312479519481;3.8861572889029055,10.246602592068822,2.4314266735051406"
9,drone_8,15.671,2.659,2.877,16.488,"6.683184288703654,17.699103959212035,0.4602261832052541;15.21577253005351,11.074522045419549,0.30406892767535965;1.3366213338497328,5.185588936355771,1.3119481483461524;14.557489970614855,15.662633469679074,1.2318328402115744;3.3364748895498098,5.070252215065476,1.2583245199670745;3.7482668538853474,3.871653614817813,0.9789838989544486;6.250726309333378,2.9499279952108335,2.0458167500197293;19.278803210629658,6.419059217211331,0.3507678650306102;3.4941419371470674,2.202105313808735,1.355110052215222;17.28236130049939,8.816585209620452,2.4311720247107256;8.671333644868234,17.07150743406474,2.253312479519481;3.8861572889029055,10.246602592068822,2.4314266735051406"
9,drone_9,2.933,14.858,2.877,16.488,"6.683184288703654,17.699103959212035,0.4602261832052541;15.21577253005351,11.074522045419549,0.30406892767535965;1.3366213338497328,5.185588936355771,1.3119481483461524;14.557489970614855,15.662633469679074,1.2318328402115744;3.3364748895498098,5.070252215065476,1.2583245199670745;3.7482668538853474,3.871653614817813,0.9789838989544486;6.250726309333378,2.9499279952108335,2.0458167500197293;19.278803210629658,6.419059217211331,0.3507678650306102;3.4941419371470674,2.202105313808735,1.355110052215222;17.28236130049939,8.816585209620452,2.4311720247107256;8.671333644868234,17.07150743406474,2.253312479519481;3.8861572889029055,10.246602592068822,2.4314266735051406"
10,drone_0,7.834,6.603,2.877,16.488,"6.683184288703654,17.699103959212035,0.4602261832052541;15.21577253005351,11.074522045419549,0.30406892767535965;1.3366213338497328,5.185588936355771,1.3119481483461524;14.557489970614855,15.662633469679074,1.2318328402115744;3.3364748895498098,5.070252215065476,1.2583245199670745;3.7482668538853474,3.871653614817813,0.9789838989544486;6.250726309333378,2.9499279952108335,2.0458167500197293;19.278803210629658,6.419059217211331,0.3507678650306102;3.4941419371470674,2.202105313808735,1.355110052215222;17.28236130049939,8.816585209620452,2.4311720247107256;8.671333644868234,17.07150743406474,2.253312479519481;3.8861572889029055,10.246602592068822,2.4314266735051406"
10,drone_1,7.309,10.449,2.877,16.488,"6.683184288703654,17.699103959212035,0.4602261832052541;15.21577253005351,11.074522045419549,0.30406892767535965;1.3366213338497328,5.185588936355771,1.3119481483461524;14.557489970614855,15.662633469679074,1.2318328402115744;3.3364748895498098,5.070252215065476,1.2583245199670745;3.7482668538853474,3.871653614817813,0.9789838989544486;6.250726309333378,2.9499279952108335,2.0458167500197293;19.278803210629658,6.419059217211331,0.3507678650306102;3.4941419371470674,2.202105313808735,1.355110052215222;17.28236130049939,8.816585209620452,2.4311720247107256;8.671333644868234,17.07150743406474,2.253312479519481;3.8861572889029055,10.246602592068822,2.4314266735051406"
10,drone_2,10.536,8.293,2.877,16.488,"6.683184288703654,17.699103959212035,0.4602261832052541;15.21577253005351,11.074522045419549,0.30406892767535965;1.3366213338497328,5.185588936355771,1.3119481483461524;14.557489970614855,15.662633469679074,1.2318328402115744;3.3364748895498098,5.070252215065476,1.2583245199670745;3.7482668538853474,3.871653614817813,0.9789838989544486;6.250726309333378,2.9499279952108335,2.0458167500197293;19.278803210629658,6.419059217211331,0.3507678650306102;3.4941419371470674,2.202105313808735,1.355110052215222;17.28236130049939,8.816585209620452,2.4311720247107256;8.671333644868234,17.07150743406474,2.253312479519481;3.8861572889029055,10.246602592068822,2.4314266735051406"
10,drone_3,13.882,13.054,2.877,16.488,"6.683184288703654,17.699103959212035,0.4602261832052541;15.21577253005351,11.074522045419549,0.30406892767535965;1.3366213338497328,5.185588936355771,1.3119481483461524;14.557489970614855,15.662633469679074,1.2318328402115744;3.3364748895498098,5.070252215065476,1.2583245199670745;3.7482668538853474,3.871653614817813,0.9789838989544486;6.250726309333378,2.9499279952108335,2.0458167500197293;19.278803210629658,6.419059217211331,0.3507678650306102;3.4941419371470674,2.202105313808735,1.355110052215222;17.28236130049939,8.816585209620452,2.4311720247107256;8.671333644868234,17.07150743406474,2.253312479519481;3.8861572889029055,10.246602592068822,2.4314266735051406"
10,drone_4,7.810,13.684,2.877,16.488,"6.683184288703654,17.699103959212035,0.4602261832052541;15.21577253005351,11.074522045419549,0.30406892767535965;1.3366213338497328,5.185588936355771,1.3119481483461524;14.557489970614855,15.662633469679074,1.2318328402115744;3.3364748895498098,5.070252215065476,1.2583245199670745;3.7482668538853474,3.871653614817813,0.9789838989544486;6.250726309333378,2.9499279952108335,2.0458167500197293;19.278803210629658,6.419059217211331,0.3507678650306102;3.4941419371470674,2.202105313808735,1.355110052215222;17.28236130049939,8.816585209620452,2.4311720247107256;8.671333644868234,17.07150743406474,2.253312479519481;3.8861572889029055,10.246602592068822,2.4314266735051406"
10,drone_5,14.503,17.717,2.877,16.488,"6.683184288703654,17.699103959212035,0.4602261832052541;15.21577253005351,11.074522045419549,0.30406892767535965;1.3366213338497328,5.185588936355771,1.3119481483461524;14.557489970614855,15.662633469679074,1.2318328402115744;3.3364748895498098,5.070252215065476,1.2583245199670745;3.7482668538853474,3.871653614817813,0.9789838989544486;6.250726309333378,2.9499279952108335,2.0458167500197293;19.278803210629658,6.419059217211331,0.3507678650306102;3.4941419371470674,2.202105313808735,1.355110052215222;17.28236130049939,8.816585209620452,2.4311720247107256;8.671333644868234,17.07150743406474,2.253312479519481;3.8861572889029055,10.246602592068822,2.4314266735051406"
10,drone_6,11.442,7.404,2.877,16.488,"6.683184288703654,17.699103959212035,0.4602261832052541;15.21577253005351,11.074522045419549,0.30406892767535965;1.3366213338497328,5.185588936355771,1.3119481483461524;14.557489970614855,15.662633469679074,1.2318328402115744;3.3364748895498098,5.070252215065476,1.2583245199670745;3.7482668538853474,3.871653614817813,0.9789838989544486;6.250726309333378,2.9499279952108335,2.0458167500197293;19.278803210629658,6.419059217211331,0.3507678650306102;3.4941419371470674,2.202105313808735,1.355110052215222;17.28236130049939,8.816585209620452,2.4311720247107256;8.671333644868234,17.07150743406474,2.253312479519481;3.8861572889029055,10.246602592068822,2.4314266735051406"
10,drone_7,13.001,10.065,2.877,16.488,"6.683184288703654,17.699103959212035,0.4602261832052541;15.21577253005351,11.074522045419549,0.30406892767535965;1.3366213338497328,5.185588936355771,1.3119481483461524;14.557489970614855,15.662633469679074,1.2318328402115744;3.3364748895498098,5.070252215065476,1.2583245199670745;3.7482668538853474,3.871653614817813,0.9789838989544486;6.250726309333378,2.9499279952108335,2.0458167500197293;19.278803210629658,6.419059217211331,0.3507678650306102;3.4941419371470674,2.202105313808735,1.355110052215222;17.28236130049939,8.816585209620452,2.4311720247107256;8.671333644868234,17.07150743406474,2.253312479519481;3.8861572889029055,10.246602592068822,2.4314266735051406"
10,drone_8,15.530,2.801,2.877,16.488,"6.683184288703654,17.699103959212035,0.4602261832052541;15.21577253005351,11.074522045419549,0.30406892767535965;1.3366213338497328,5.185588936355771,1.3119481483461524;14.557489970614855,15.662633469679074,1.2318328402115744;3.3364748895498098,5.070252215065476,1.2583245199670745;3.7482668538853474,3.871653614817813,0.9789838989544486;6.250726309333378,2.9499279952108335,2.0458167500197293;19.278803210629658,6.419059217211331,0.3507678650306102;3.4941419371470674,2.202105313808735,1.355110052215222;17.28236130049939,8.816585209620452,2.4311720247107256;8.671333644868234,17.07150743406474,2.253312479519481;3.8861572889029055,10.246602592068822,2.4314266735051406"
10,drone_9,2.965,15.055,2.877,16.488,"6.683184288703654,17.699103959212035,0.4602261832052541;15.21577253005351,11.074522045419549,0.30406892767535965;1.3366213338497328,5.185588936355771,1.3119481483461524;14.557489970614855,15.662633469679074,1.2318328402115744;3.3364748895498098,5.070252215065476,1.2583245199670745;3.7482668538853474,3.871653614817813,0.9789838989544486;6.250726309333378,2.9499279952108335,2.0458167500197293;19.278803210629658,6.419059217211331,0.3507678650306102;3.4941419371470674,2.202105313808735,1.355110052215222;17.28236130049939,8.816585209620452,2.4311720247107256;8.671333644868234,17.07150743406474,2.253312479519481;3.8861572889029055,10.246602592068822,2.4314266735051406"
11,drone_0,7.693,6.745,2.877,16.488,"6.683184288703654,17.699103959212035,0.4602261832052541;15.21577253005351,11.074522045419549,0.30406892767535965;1.3366213338497328,5.185588936355771,1.3119481483461524;14.557489970614855,15.662633469679074,1.2318328402115744;3.3364748895498098,5.070252215065476,1.2583245199670745;3.7482668538853474,3.871653614817813,0.9789838989544486;6.250726309333378,2.9499279952108335,2.0458167500197293;19.278803210629658,6.419059217211331,0.3507678650306102;3.4941419371470674,2.202105313808735,1.355110052215222;17.28236130049939,8.816585209620452,2.4311720247107256;8.671333644868234,17.07150743406474,2.253312479519481;3.8861572889029055,10.246602592068822,2.4314266735051406"
11,drone_1,7.295,10.649,2.877,16.488,"6.683184288703654,17.699103959212035,0.4602261832052541;15.21577253005351,11.074522045419549,0.30406892767535965;1.3366213338497328,5.185588936355771,1.3119481483461524;14.557489970614855,15.662633469679074,1.2318328402115744;3.3364748895498098,5.070252215065476,1.2583245199670745;3.7482668538853474,3.871653614817813,0.9789838989544486;6.250726309333378,2.9499279952108335,2.0458167500197293;19.278803210629658,6.419059217211331,0.3507678650306102;3.4941419371470674,2.202105313808735,1.355110052215222;17.28236130049939,8.816585209620452,2.4311720247107256;8.671333644868234,17.07150743406474,2.253312479519481;3.8861572889029055,10.246602592068822,2.4314266735051406"
11,drone_2,10.395,8.434,2.877,16.488,"6.683184288703654,17.699103959212035,0.4602261832052541;15.21577253005351,11.074522045419549,0.30406892767535965;1.3366213338497328,5.185588936355771,1.3119481483461524;14.557489970614855,15.662633469679074,1.2318328402115744;3.3364748895498098,5.070252215065476,1.2583245199670745;3.7482668538853474,3.871653614817813,0.9789838989544486;6.250726309333378,2.9499279952108335,2.0458167500197293;19.278803210629658,6.419059217211331,0.3507678650306102;3.4941419371470674,2.202105313808735,1.355110052215222;17.28236130049939,8.816585209620452,2.4311720247107256;8.671333644868234,17.07150743406474,2.253312479519481;3.8861572889029055,10.246602592068822,2.4314266735051406"
11,drone_3,13.726,13.179,2.877,16.488,"6.683184288703654,17.699103959212035,0.4602261832052541;15.21577253005351,11.074522045419549,0.30406892767535965;1.3366213338497328,5.185588936355771,1.3119481483461524;14.557489970614855,15.662633469679074,1.2318328402115744;3.3364748895498098,5.070252215065476,1.2583245199670745;3.7482668538853474,3.871653614817813,0.9789838989544486;6.250726309333378,2.9499279952108335,2.0458167500197293;19.278803210629658,6.419059217211331,0.3507678650306102;3.4941419371470674,2.202105313808735,1.355110052215222;17.28236130049939,8.816585209620452,2.4311720247107256;8.671333644868234,17.07150743406474,2.253312479519481;3.8861572889029055,10.246602592068822,2.4314266735051406"
11,drone_4,7.638,13.786,2.877,16.488,"6.683184288703654,17.699103959212035,0.4602261832052541;15.21577253005351,11.074522045419549,0.30406892767535965;1.3366213338497328,5.185588936355771,1.3119481483461524;14.557489970614855,15.662633469679074,1.2318328402115744;3.3364748895498098,5.070252215065476,1.2583245199670745;3.7482668538853474,3.871653614817813,0.9789838989544486;6.250726309333378,2.9499279952108335,2.0458167500197293;19.278803210629658,6.419059217211331,0.3507678650306102;3.4941419371470674,2.202105313808735,1.355110052215222;17.28236130049939,8.816585209620452,2.4311720247107256;8.671333644868234,17.07150743406474,2.253312479519481;3.8861572889029055,10.246602592068822,2.4314266735051406"
11,drone_5,14.304,17.745,2.877,16.488,"6.683184288703654,17.699103959212035,0.4602261832052541;15.21577253005351,11.074522045419549,0.30406892767535965;1.3366213338497328,5.185588936355771,1.3119481483461524;14.557489970614855,15.662633469679074,1.2318328402115744;3.3364748895498098,5.070252215065476,1.2583245199670745;3.7482668538853474,3.871653614817813,0.9789838989544486;6.250726309333378,2.9499279952108335,2.0458167500197293;19.278803210629658,6.419059217211331,0.3507678650306102;3.4941419371470674,2.202105313808735,1.355110052215222;17.28236130049939,8.816585209620452,2.4311720247107256;8.671333644868234,17.07150743406474,2.253312479519481;3.8861572889029055,10.246602592068822,2.4314266735051406"
11,drone_6,11.301,7.545,2.877,16.488,"6.683184288703654,17.699103959212035,0.4602261832052541;15.21577253005351,11.074522045419549,0.30406892767535965;1.3366213338497328,5.185588936355771,1.3119481483461524;14.557489970614855,15.662633469679074,1.2318328402115744;3.3364748895498098,5.070252215065476,1.2583245199670745;3.7482668538853474,3.871653614817813,0.9789838989544486;6.250726309333378,2.9499279952108335,2.0458167500197293;19.278803210629658,6.419059217211331,0.3507678650306102;3.4941419371470674,2.202105313808735,1.355110052215222;17.28236130049939,8.816585209620452,2.4311720247107256;8.671333644868234,17.07150743406474,2.253312479519481;3.8861572889029055,10.246602592068822,2.4314266735051406"
11,drone_7,12.860,10.207,2.877,16.488,"6.683184288703654,17.699103959212035,0.4602261832052541;15.21577253005351,11.074522045419549,0.30406892767535965;1.3366213338497328,5.185588936355771,1.3119481483461524;14.557489970614855,15.662633469679074,1.2318328402115744;3.3364748895498098,5.070252215065476,1.2583245199670745;3.7482668538853474,3.871653614817813,0.9789838989544486;6.250726309333378,2.9499279952108335,2.0458167500197293;19.278803210629658,6.419059217211331,0.3507678650306102;3.4941419371470674,2.202105313808735,1.355110052215222;17.28236130049939,8.816585209620452,2.4311720247107256;8.671333644868234,17.07150743406474,2.253312479519481;3.8861572889029055,10.246602592068822,2.4314266735051406"
11,drone_8,15.388,2.942,2.877,16.488,"6.683184288703654,17.699103959212035,0.4602261832052541;15.21577253005351,11.074522045419549,0.30406892767535965;1.3366213338497328,5.185588936355771,1.3119481483461524;14.557489970614855,15.662633469679074,1.2318328402115744;3.3364748895498098,5.070252215065476,1.2583245199670745;3.7482668538853474,3.871653614817813,0.9789838989544486;6.250726309333378,2.9499279952108335,2.0458167500197293;19.278803210629658,6.419059217211331,0.3507678650306102;3.4941419371470674,2.202105313808735,1.355110052215222;17.28236130049939,8.816585209620452,2.4311720247107256;8.671333644868234,17.07150743406474,2.253312479519481;3.8861572889029055,10.246602592068822,2.4314266735051406"
11,drone_9,2.984,15.254,2.877,16.488,"6.683184288703654,17.699103959212035,0.4602261832052541;15.21577253005351,11.074522045419549,0.30406892767535965;1.3366213338497328,5.185588936355771,1.3119481483461524;14.557489970614855,15.662633469679074,1.2318328402115744;3.3364748895498098,5.070252215065476,1.2583245199670745;3.7482668538853474,3.871653614817813,0.9789838989544486;6.250726309333378,2.9499279952108335,2.0458167500197293;19.278803210629658,6.419059217211331,0.3507678650306102;3.4941419371470674,2.202105313808735,1.355110052215222;17.28236130049939,8.816585209620452,2.4311720247107256;8.671333644868234,17.07150743406474,2.253312479519481;3.8861572889029055,10.246602592068822,2.4314266735051406"
12,drone_0,7.552,6.886,2.877,16.488,"6.683184288703654,17.699103959212035,0.4602261832052541;15.21577253005351,11.074522045419549,0.30406892767535965;1.3366213338497328,5.185588936355771,1.3119481483461524;14.557489970614855,15.662633469679074,1.2318328402115744;3.3364748895498098,5.070252215065476,1.2583245199670745;3.7482668538853474,3.871653614817813,0.9789838989544486;6.250726309333378,2.9499279952108335,2.0458167500197293;19.278803210629658,6.419059217211331,0.3507678650306102;3.4941419371470674,2.202105313808735,1.355110052215222;17.28236130049939,8.816585209620452,2.4311720247107256;8.671333644868234,17.07150743406474,2.253312479519481;3.8861572889029055,10.246602592068822,2.4314266735051406"
12,drone_1,7.275,10.847,2.877,16.488,"6.683184288703654,17.699103959212035,0.4602261832052541;15.21577253005351,11.074522045419549,0.30406892767535965;1.3366213338497328,5.185588936355771,1.3119481483461524;14.557489970614855,15.662633469679074,1.2318328402115744;3.3364748895498098,5.070252215065476,1.2583245199670745;3.7482668538853474,3.871653614817813,0.9789838989544486;6.250726309333378,2.9499279952108335,2.0458167500197293;19.278803210629658,6.419059217211331,0.3507678650306102;3.4941419371470674,2.202105313808735,1.355110052215222;17.28236130049939,8.816585209620452,2.4311720247107256;8.671333644868234,17.07150743406474,2.253312479519481;3.8861572889029055,10.246602592068822,2.4314266735051406"
12,drone_2,10.254,8.576,2.877,16.488,"6.683184288703654,17.699103959212035,0.4602261832052541;15.21577253005351,11.074522045419549,0.30406892767535965;1.3366213338497328,5.185588936355771,1.3119481483461524;14.557489970614855,15.662633469679074,1.2318328402115744;3.3364748895498098,5.070252215065476,1.2583245199670745;3.7482668538853474,3.871653614817813,0.9789838989544486;6.250726309333378,2.9499279952108335,2.0458167500197293;19.278803210629658,6.419059217211331,0.3507678650306102;3.4941419371470674,2.202105313808735,1.355110052215222;17.28236130049939,8.816585209620452,2.4311720247107256;8.671333644868234,17.07150743406474,2.253312479519481;3.8861572889029055,10.246602592068822,2.4314266735051406"
12,drone_3,13.573,13.309,2.877,16.488,"6.683184288703654,17.699103959212035,0.4602261832052541;15.21577253005351,11.074522045419549,0.30406892767535965;1.3366213338497328,5.185588936355771,1.3119481483461524;14.557489970614855,15.662633469679074,1.2318328402115744;3.3364748895498098,5.070252215065476,1.2583245199670745;3.7482668538853474,3.871653614817813,0.9789838989544486;6.250726309333378,2.9499279952108335,2.0458167500197293;19.278803210629658,6.419059217211331,0.3507678650306102;3.4941419371470674,2.202105313808735,1.355110052215222;17.28236130049939,8.816585209620452,2.4311720247107256;8.671333644868234,17.07150743406474,2.253312479519481;3.8861572889029055,10.246602592068822,2.4314266735051406"
12,drone_4,7.465,13.886,2.877,16.488,"6.683184288703654,17.699103959212035,0.4602261832052541;15.21577253005351,11.074522045419549,0.30406892767535965;1.3366213338497328,5.185588936355771,1.3119481483461524;14.557489970614855,15.662633469679074,1.2318328402115744;3.3364748895498098,5.070252215065476,1.2583245199670745;3.7482668538853474,3.871653614817813,0.9789838989544486;6.250726309333378,2.9499279952108335,2.0458167500197293;19.278803210629658,6.419059217211331,0.3507678650306102;3.4941419371470674,2.202105313808735,1.355110052215222;17.28236130049939,8.816585209620452,2.4311720247107256;8.671333644868234,17.07150743406474,2.253312479519481;3.8861572889029055,10.246602592068822,2.4314266735051406"
12,drone_5,14.110,17.791,2.877,16.488,"6.683184288703654,17.699103959212035,0.4602261832052541;15.21577253005351,11.074522045419549,0.30406892767535965;1.3366213338497328,5.185588936355771,1.3119481483461524;14.557489970614855,15.662633469679074,1.2318328402115744;3.3364748895498098,5.070252215065476,1.2583245199670745;3.7482668538853474,3.871653614817813,0.9789838989544486;6.250726309333378,2.9499279952108335,2.0458167500197293;19.278803210629658,6.419059217211331,0.3507678650306102;3.4941419371470674,2.202105313808735,1.355110052215222;17.28236130049939,8.816585209620452,2.4311720247107256;8.671333644868234,17.07150743406474,2.253312479519481;3.8861572889029055,10.246602592068822,2.4314266735051406"
12,drone_6,11.159,7.686,2.877,16.488,"6.683184288703654,17.699103959212035,0.4602261832052541;15.21577253005351,11.074522045419549,0.30406892767535965;1.3366213338497328,5.185588936355771,1.3119481483461524;14.557489970614855,15.662633469679074,1.2318328402115744;3.3364748895498098,5.070252215065476,1.2583245199670745;3.7482668538853474,3.871653614817813,0.9789838989544486;6.250726309333378,2.9499279952108335,2.0458167500197293;19.278803210629658,6.419059217211331,0.3507678650306102;3.4941419371470674,2.202105313808735,1.355110052215222;17.28236130049939,8.816585209620452,2.4311720247107256;8.671333644868234,17.07150743406474,2.253312479519481;3.8861572889029055,10.246602592068822,2.4314266735051406"
12,drone_7,12.718,10.348,2.877,16.488,"6.683184288703654,17.699103959212035,0.4602261832052541;15.21577253005351,11.074522045419549,0.30406892767535965;1.3366213338497328,5.185588936355771,1.3119481483461524;14.557489970614855,15.662633469679074,1.2318328402115744;3.3364748895498098,5.070252215065476,1.2583245199670745;3.7482668538853474,3.871653614817813,0.9789838989544486;6.250726309333378,2.9499279952108335,2.0458167500197293;19.278803210629658,6.419059217211331,0.3507678650306102;3.4941419371470674,2.202105313808735,1.355110052215222;17.28236130049939,8.816585209620452,2.4311720247107256;8.671333644868234,17.07150743406474,2.253312479519481;3.8861572889029055,10.246602592068822,2.4314266735051406"
12,drone_8,15.247,3.084,2.877,16.488,"6.683184288703654,17.699103959212035,0.4602261832052541;15.21577253005351,11.074522045419549,0.30406892767535965;1.3366213338497328,5.185588936355771,1.3119481483461524;14.557489970614855,15.662633469679074,1.2318328402115744;3.3364748895498098,5.070252215065476,1.2583245199670745;3.7482668538853474,3.871653614817813,0.9789838989544486;6.250726309333378,2.9499279952108335,2.0458167500197293;19.278803210629658,6.419059217211331,0.3507678650306102;3.4941419371470674,2.202105313808735,1.355110052215222;17.28236130049939,8.816585209620452,2.4311720247107256;8.671333644868234,17.07150743406474,2.253312479519481;3.8861572889029055,10.246602592068822,2.4314266735051406"
12,drone_9,2.996,15.454,2.877,16.488,"6.683184288703654,17.699103959212035,0.4602261832052541;15.21577253005351,11.074522045419549,0.30406892767535965;1.3366213338497328,5.185588936355771,1.3119481483461524;14.557489970614855,15.662633469679074,1.2318328402115744;3.3364748895498098,5.070252215065476,1.2583245199670745;3.7482668538853474,3.871653614817813,0.9789838989544486;6.250726309333378,2.9499279952108335,2.0458167500197293;19.278803210629658,6.419059217211331,0.3507678650306102;3.4941419371470674,2.202105313808735,1.355110052215222;17.28236130049939,8.816585209620452,2.4311720247107256;8.671333644868234,17.07150743406474,2.253312479519481;3.8861572889029055,10.246602592068822,2.4314266735051406"
13,drone_0,7.411,7.028,2.877,16.488,"6.683184288703654,17.699103959212035,0.4602261832052541;15.21577253005351,11.074522045419549,0.30406892767535965;1.3366213338497328,5.185588936355771,1.3119481483461524;14.557489970614855,15.662633469679074,1.2318328402115744;3.3364748895498098,5.070252215065476,1.2583245199670745;3.7482668538853474,3.871653614817813,0.9789838989544486;6.250726309333378,2.9499279952108335,2.0458167500197293;19.278803210629658,6.419059217211331,0.3507678650306102;3.4941419371470674,2.202105313808735,1.355110052215222;17.28236130049939,8.816585209620452,2.4311720247107256;8.671333644868234,17.07150743406474,2.253312479519481;3.8861572889029055,10.246602592068822,2.4314266735051406"
13,drone_1,7.220,11.040,2.877,16.488,"6.683184288703654,17.699103959212035,0.4602261832052541;15.21577253005351,11.074522045419549,0.30406892767535965;1.3366213338497328,5.185588936355771,1.3119481483461524;14.557489970614855,15.662633469679074,1.2318328402115744;3.3364748895498098,5.070252215065476,1.2583245199670745;3.7482668538853474,3.871653614817813,0.9789838989544486;6.250726309333378,2.9499279952108335,2.0458167500197293;19.278803210629658,6.419059217211331,0.3507678650306102;3.4941419371470674,2.202105313808735,1.355110052215222;17.28236130049939,8.816585209620452,2.4311720247107256;8.671333644868234,17.07150743406474,2.253312479519481;3.8861572889029055,10.246602592068822,2.4314266735051406"
13,drone_2,10.112,8.717,2.877,16.488,"6.683184288703654,17.699103959212035,0.4602261832052541;15.21577253005351,11.074522045419549,0.30406892767535965;1.3366213338497328,5.185588936355771,1.3119481483461524;14.557489970614855,15.662633469679074,1.2318328402115744;3.3364748895498098,5.070252215065476,1.2583245199670745;3.7482668538853474,3.871653614817813,0.9789838989544486;6.250726309333378,2.9499279952108335,2.0458167500197293;19.278803210629658,6.419059217211331,0.3507678650306102;3.4941419371470674,2.202105313808735,1.355110052215222;17.28236130049939,8.816585209620452,2.4311720247107256;8.671333644868234,17.07150743406474,2.253312479519481;3.8861572889029055,10.246602592068822,2.4314266735051406"
13,drone_3,13.420,13.437,2.877,16.488,"6.683184288703654,17.699103959212035,0.4602261832052541;15.21577253005351,11.074522045419549,0.30406892767535965;1.3366213338497328,5.185588936355771,1.3119481483461524;14.557489970614855,15.662633469679074,1.2318328402115744;3.3364748895498098,5.070252215065476,1.2583245199670745;3.7482668538853474,3.871653614817813,0.9789838989544486;6.250726309333378,2.9499279952108335,2.0458167500197293;19.278803210629658,6.419059217211331,0.3507678650306102;3.4941419371470674,2.202105313808735,1.355110052215222;17.28236130049939,8.816585209620452,2.4311720247107256;8.671333644868234,17.07150743406474,2.253312479519481;3.8861572889029055,10.246602592068822,2.4314266735051406"
13,drone_4,7.289,13.981,2.877,16.488,"6.683184288703654,17.699103959212035,0.4602261832052541;15.21577253005351,11.074522045419549,0.30406892767535965;1.3366213338497328,5.185588936355771,1.3119481483461524;14.557489970614855,15.662633469679074,1.2318328402115744;3.3364748895498098,5.070252215065476,1.2583245199670745;3.7482668538853474,3.871653614817813,0.9789838989544486;6.250726309333378,2.9499279952108335,2.0458167500197293;19.278803210629658,6.419059217211331,0.3507678650306102;3.4941419371470674,2.202105313808735,1.355110052215222;17.28236130049939,8.816585209620452,2.4311720247107256;8.671333644868234,17.07150743406474,2.253312479519481;3.8861572889029055,10.246602592068822,2.4314266735051406"
13,drone_5,13.912,17.820,2.877,16.488,"6.683184288703654,17.699103959212035,0.4602261832052541;15.21577253005351,11.074522045419549,0.30406892767535965;1.3366213338497328,5.185588936355771,1.3119481483461524;14.557489970614855,15.662633469679074,1.2318328402115744;3.3364748895498098,5.070252215065476,1.2583245199670745;3.7482668538853474,3.871653614817813,0.9789838989544486;6.250726309333378,2.9499279952108335,2.0458167500197293;19.278803210629658,6.419059217211331,0.3507678650306102;3.4941419371470674,2.202105313808735,1.355110052215222;17.28236130049939,8.816585209620452,2.4311720247107256;8.671333644868234,17.07150743406474,2.253312479519481;3.8861572889029055,10.246602592068822,2.4314266735051406"
13,drone_6,11.018,7.828,2.877,16.488,"6.683184288703654,17.699103959212035,0.4602261832052541;15.21577253005351,11.074522045419549,0.30406892767535965;1.3366213338497328,5.185588936355771,1.3119481483461524;14.557489970614855,15.662633469679074,1.2318328402115744;3.3364748895498098,5.070252215065476,1.2583245199670745;3.7482668538853474,3.871653614817813,0.9789838989544486;6.250726309333378,2.9499279952108335,2.0458167500197293;19.278803210629658,6.419059217211331,0.3507678650306102;3.4941419371470674,2.202105313808735,1.355110052215222;17.28236130049939,8.816585209620452,2.4311720247107256;8.671333644868234,17.07150743406474,2.253312479519481;3.8861572889029055,10.246602592068822,2.4314266735051406"
13,drone_7,12.577,10.490,2.877,16.488,"6.683184288703654,17.699103959212035,0.4602261832052541;15.21577253005351,11.074522045419549,0.30406892767535965;1.3366213338497328,5.185588936355771,1.3119481483461524;14.557489970614855,15.662633469679074,1.2318328402115744;3.3364748895498098,5.070252215065476,1.2583245199670745;3.7482668538853474,3.871653614817813,0.9789838989544486;6.250726309333378,2.9499279952108335,2.0458167500197293;19.278803210629658,6.419059217211331,0.3507678650306102;3.4941419371470674,2.202105313808735,1.355110052215222;17.28236130049939,8.816585209620452,2.4311720247107256;8.671333644868234,17.07150743406474,2.253312479519481;3.8861572889029055,10.246602592068822,2.4314266735051406"
13,drone_8,15.106,3.225,2.877,16.488,"6.683184288703654,17.699103959212035,0.4602261832052541;15.21577253005351,11.074522045419549,0.30406892767535965;1.3366213338497328,5.185588936355771,1.3119481483461524;14.557489970614855,15.662633469679074,1.2318328402115744;3.3364748895498098,5.070252215065476,1.2583245199670745;3.7482668538853474,3.871653614817813,0.9789838989544486;6.250726309333378,2.9499279952108335,2.0458167500197293;19.278803210629658,6.419059217211331,0.3507678650306102;3.4941419371470674,2.202105313808735,1.355110052215222;17.28236130049939,8.816585209620452,2.4311720247107256;8.671333644868234,17.07150743406474,2.253312479519481;3.8861572889029055,10.246602592068822,2.4314266735051406"
13,drone_9,3.000,15.654,2.877,16.488,"6.683184288703654,17.699103959212035,0.4602261832052541;15.21577253005351,11.074522045419549,0.30406892767535965;1.3366213338497328,5.185588936355771,1.3119481483461524;14.557489970614855,15.662633469679074,1.2318328402115744;3.3364748895498098,5.070252215065476,1.2583245199670745;3.7482668538853474,3.871653614817813,0.9789838989544486;6.250726309333378,2.9499279952108335,2.0458167500197293;19.278803210629658,6.419059217211331,0.3507678650306102;3.4941419371470674,2.202105313808735,1.355110052215222;17.28236130049939,8.816585209620452,2.4311720247107256;8.671333644868234,17.07150743406474,2.253312479519481;3.8861572889029055,10.246602592068822,2.4314266735051406"
14,drone_0,7.269,7.169,2.877,16.488,"6.683184288703654,17.699103959212035,0.4602261832052541;15.21577253005351,11.074522045419549,0.30406892767535965;1.3366213338497328,5.185588936355771,1.3119481483461524;14.557489970614855,15.662633469679074,1.2318328402115744;3.3364748895498098,5.070252215065476,1.2583245199670745;3.7482668538853474,3.871653614817813,0.9789838989544486;6.250726309333378,2.9499279952108335,2.0458167500197293;19.278803210629658,6.419059217211331,0.3507678650306102;3.4941419371470674,2.202105313808735,1.355110052215222;17.28236130049939,8.816585209620452,2.4311720247107256;8.671333644868234,17.07150743406474,2.253312479519481;3.8861572889029055,10.246602592068822,2.4314266735051406"
14,drone_1,7.138,11.222,2.877,16.488,"6.683184288703654,17.699103959212035,0.4602261832052541;15.21577253005351,11.074522045419549,0.30406892767535965;1.3366213338497328,5.185588936355771,1.3119481483461524;14.557489970614855,15.662633469679074,1.2318328402115744;3.3364748895498098,5.070252215065476,1.2583245199670745;3.7482668538853474,3.871653614817813,0.9789838989544486;6.250726309333378,2.9499279952108335,2.0458167500197293;19.278803210629658,6.419059217211331,0.3507678650306102;3.4941419371470674,2.202105313808735,1.355110052215222;17.28236130049939,8.816585209620452,2.4311720247107256;8.671333644868234,17.07150743406474,2.253312479519481;3.8861572889029055,10.246602592068822,2.4314266735051406"
14,drone_2,9.971,8.859,2.877,16.488,"6.683184288703654,17.699103959212035,0.4602261832052541;15.21577253005351,11.074522045419549,0.30406892767535965;1.3366213338497328,5.185588936355771,1.3119481483461524;14.557489970614855,15.662633469679074,1.2318328402115744;3.3364748895498098,5.070252215065476,1.2583245199670745;3.7482668538853474,3.871653614817813,0.9789838989544486;6.250726309333378,2.9499279952108335,2.0458167500197293;19.278803210629658,6.419059217211331,0.3507678650306102;3.4941419371470674,2.202105313808735,1.355110052215222;17.28236130049939,8.816585209620452,2.4311720247107256;8.671333644868234,17.07150743406474,2.253312479519481;3.8861572889029055,10.246602592068822,2.4314266735051406"
14,drone_3,13.252,13.545,2.877,16.488,"6.683184288703654,17.699103959212035,0.4602261832052541;15.21577253005351,11.074522045419549,0.30406892767535965;1.3366213338497328,5.185588936355771,1.3119481483461524;14.557489970614855,15.662633469679074,1.2318328402115744;3.3364748895498098,5.070252215065476,1.2583245199670745;3.7482668538853474,3.871653614817813,0.9789838989544486;6.250726309333378,2.9499279952108335,2.0458167500197293;19.278803210629658,6.419059217211331,0.3507678650306102;3.4941419371470674,2.202105313808735,1.355110052215222;17.28236130049939,8.816585209620452,2.4311720247107256;8.671333644868234,17.07150743406474,2.253312479519481;3.8861572889029055,10.246602592068822,2.4314266735051406"
14,drone_4,7.109,14.068,2.877,16.488,"6.683184288703654,17.699103959212035,0.4602261832052541;15.21577253005351,11.074522045419549,0.30406892767535965;1.3366213338497328,5.185588936355771,1.3119481483461524;14.557489970614855,15.662633469679074,1.2318328402115744;3.3364748895498098,5.070252215065476,1.2583245199670745;3.7482668538853474,3.871653614817813,0.9789838989544486;6.250726309333378,2.9499279952108335,2.0458167500197293;19.278803210629658,6.419059217211331,0.3507678650306102;3.4941419371470674,2.202105313808735,1.355110052215222;17.28236130049939,8.816585209620452,2.4311720247107256;8.671333644868234,17.07150743406474,2.253312479519481;3.8861572889029055,10.246602592068822,2.4314266735051406"
14,drone_5,13.712,17.827,2.877,16.488,"6.683184288703654,17.699103959212035,0.4602261832052541;15.21577253005351,11.074522045419549,0.30406892767535965;1.3366213338497328,5.185588936355771,1.3119481483461524;14.557489970614855,15.662633469679074,1.2318328402115744;3.3364748895498098,5.070252215065476,1.2583245199670745;3.7482668538853474,3.871653614817813,0.9789838989544486;6.250726309333378,2.9499279952108335,2.0458167500197293;19.278803210629658,6.419059217211331,0.3507678650306102;3.4941419371470674,2.202105313808735,1.355110052215222;17.28236130049939,8.816585209620452,2.4311720247107256;8.671333644868234,17.07150743406474,2.253312479519481;3.8861572889029055,10.246602592068822,2.4314266735051406"
14,drone_6,10.877,7.969,2.877,16.488,"6.683184288703654,17.699103959212035,0.4602261832052541;15.21577253005351,11.074522045419549,0.30406892767535965;1.3366213338497328,5.185588936355771,1.3119481483461524;14.557489970614855,15.662633469679074,1.2318328402115744;3.3364748895498098,5.070252215065476,1.2583245199670745;3.7482668538853474,3.871653614817813,0.9789838989544486;6.250726309333378,2.9499279952108335,2.0458167500197293;19.278803210629658,6.419059217211331,0.3507678650306102;3.4941419371470674,2.202105313808735,1.355110052215222;17.28236130049939,8.816585209620452,2.4311720247107256;8.671333644868234,17.07150743406474,2.253312479519481;3.8861572889029055,10.246602592068822,2.4314266735051406"
14,drone_7,12.435,10.631,2.877,16.488,"6.683184288703654,17.699103959212035,0.4602261832052541;15.21577253005351,11.074522045419549,0.30406892767535965;1.3366213338497328,5.185588936355771,1.3119481483461524;14.557489970614855,15.662633469679074,1.2318328402115744;3.3364748895498098,5.070252215065476,1.2583245199670745;3.7482668538853474,3.871653614817813,0.9789838989544486;6.250726309333378,2.9499279952108335,2.0458167500197293;19.278803210629658,6.419059217211331,0.3507678650306102;3.4941419371470674,2.202105313808735,1.355110052215222;17.28236130049939,8.816585209620452,2.4311720247107256;8.671333644868234,17.07150743406474,2.253312479519481;3.8861572889029055,10.246602592068822,2.4314266735051406"
14,drone_8,14.964,3.366,2.877,16.488,"6.683184288703654,17.699103959212035,0.4602261832052541;15.21577253005351,11.074522045419549,0.30406892767535965;1.3366213338497328,5.185588936355771,1.3119481483461524;14.557489970614855,15.662633469679074,1.2318328402115744;3.3364748895498098,5.070252215065476,1.2583245199670745;3.7482668538853474,3.871653614817813,0.9789838989544486;6.250726309333378,2.9499279952108335,2.0458167500197293;19.278803210629658,6.419059217211331,0.3507678650306102;3.4941419371470674,2.202105313808735,1.355110052215222;17.28236130049939,8.816585209620452,2.4311720247107256;8.671333644868234,17.07150743406474,2.253312479519481;3.8861572889029055,10.246602592068822,2.4314266735051406"
15,drone_0,7.128,7.311,2.877,16.488,"6.683184288703654,17.699103959212035,0.4602261832052541;15.21577253005351,11.074522045419549,0.30406892767535965;1.3366213338497328,5.185588936355771,1.3119481483461524;14.557489970614855,15.662633469679074,1.2318328402115744;3.3364748895498098,5.070252215065476,1.2583245199670745;3.7482668538853474,3.871653614817813,0.9789838989544486;6.250726309333378,2.9499279952108335,2.0458167500197293;19.278803210629658,6.419059217211331,0.3507678650306102;3.4941419371470674,2.202105313808735,1.355110052215222;17.28236130049939,8.816585209620452,2.4311720247107256;8.671333644868234,17.07150743406474,2.253312479519481;3.8861572889029055,10.246602592068822,2.4314266735051406"
15,drone_1,7.032,11.392,2.877,16.488,"6.683184288703654,17.699103959212035,0.4602261832052541;15.21577253005351,11.074522045419549,0.30406892767535965;1.3366213338497328,5.185588936355771,1.3119481483461524;14.557489970614855,15.662633469679074,1.2318328402115744;3.3364748895498098,5.070252215065476,1.2583245199670745;3.7482668538853474,3.871653614817813,0.9789838989544486;6.250726309333378,2.9499279952108335,2.0458167500197293;19.278803210629658,6.419059217211331,0.3507678650306102;3.4941419371470674,2.202105313808735,1.355110052215222;17.28236130049939,8.816585209620452,2.4311720247107256;8.671333644868234,17.07150743406474,2.253312479519481;3.8861572889029055,10.246602592068822,2.4314266735051406"
15,drone_2,9.829,9.000,2.877,16.488,"6.683184288703654,17.699103959212035,0.4602261832052541;15.21577253005351,11.074522045419549,0.30406892767535965;1.3366213338497328,5.185588936355771,1.3119481483461524;14.557489970614855,15.662633469679074,1.2318328402115744;3.3364748895498098,5.070252215065476,1.2583245199670745;3.7482668538853474,3.871653614817813,0.9789838989544486;6.250726309333378,2.9499279952108335,2.0458167500197293;19.278803210629658,6.419059217211331,0.3507678650306102;3.4941419371470674,2.202105313808735,1.355110052215222;17.28236130049939,8.816585209620452,2.4311720247107256;8.671333644868234,17.07150743406474,2.253312479519481;3.8861572889029055,10.246602592068822,2.4314266735051406"
15,drone_3,13.079,13.645,2.877,16.488,"6.683184288703654,17.699103959212035,0.4602261832052541;15.21577253005351,11.074522045419549,0.30406892767535965;1.3366213338497328,5.185588936355771,1.3119481483461524;14.557489970614855,15.662633469679074,1.2318328402115744;3.3364748895498098,5.070252215065476,1.2583245199670745;3.7482668538853474,3.871653614817813,0.9789838989544486;6.250726309333378,2.9499279952108335,2.0458167500197293;19.278803210629658,6.419059217211331,0.3507678650306102;3.4941419371470674,2.202105313808735,1.355110052215222;17.28236130049939,8.816585209620452,2.4311720247107256;8.671333644868234,17.07150743406474,2.253312479519481;3.8861572889029055,10.246602592068822,2.4314266735051406"
15,drone_4,6.928,14.153,2.877,16.488,"6.683184288703654,17.699103959212035,0.4602261832052541;15.21577253005351,11.074522045419549,0.30406892767535965;1.3366213338497328,5.185588936355771,1.3119481483461524;14.557489970614855,15.662633469679074,1.2318328402115744;3.3364748895498098,5.070252215065476,1.2583245199670745;3.7482668538853474,3.871653614817813,0.9789838989544486;6.250726309333378,2.9499279952108335,2.0458167500197293;19.278803210629658,6.419059217211331,0.3507678650306102;3.4941419371470674,2.202105313808735,1.355110052215222;17.28236130049939,8.816585209620452,2.4311720247107256;8.671333644868234,17.07150743406474,2.253312479519481;3.8861572889029055,10.246602592068822,2.4314266735051406"
15,drone_5,13.512,17.835,2.877,16.488,"6.683184288703654,17.699103959212035,0.4602261832052541;15.21577253005351,11.074522045419549,0.30406892767535965;1.3366213338497328,5.185588936355771,1.3119481483461524;14.557489970614855,15.662633469679074,1.2318328402115744;3.3364748895498098,5.070252215065476,1.2583245199670745;3.7482668538853474,3.871653614817813,0.9789838989544486;6.250726309333378,2.9499279952108335,2.0458167500197293;19.278803210629658,6.419059217211331,0.3507678650306102;3.4941419371470674,2.202105313808735,1.355110052215222;17.28236130049939,8.816585209620452,2.4311720247107256;8.671333644868234,17.07150743406474,2.253312479519481;3.8861572889029055,10.246602592068822,2.4314266735051406"
15,drone_6,10.735,8.111,2.877,16.488,"6.683184288703654,17.699103959212035,0.4602261832052541;15.21577253005351,11.074522045419549,0.30406892767535965;1.3366213338497328,5.185588936355771,1.3119481483461524;14.557489970614855,15.662633469679074,1.2318328402115744;3.3364748895498098,5.070252215065476,1.2583245199670745;3.7482668538853474,3.871653614817813,0.9789838989544486;6.250726309333378,2.9499279952108335,2.0458167500197293;19.278803210629658,6.419059217211331,0.3507678650306102;3.4941419371470674,2.202105313808735,1.355110052215222;17.28236130049939,8.816585209620452,2.4311720247107256;8.671333644868234,17.07150743406474,2.253312479519481;3.8861572889029055,10.246602592068822,2.4314266735051406"
15,drone_7,12.294,10.772,2.877,16.488,"6.683184288703654,17.699103959212035,0.4602261832052541;15.21577253005351,11.074522045419549,0.30406892767535965;1.3366213338497328,5.185588936355771,1.3119481483461524;14.557489970614855,15.662633469679074,1.2318328402115744;3.3364748895498098,5.070252215065476,1.2583245199670745;3.7482668538853474,3.871653614817813,0.9789838989544486;6.250726309333378,2.9499279952108335,2.0458167500197293;19.278803210629658,6.419059217211331,0.3507678650306102;3.4941419371470674,2.202105313808735,1.355110052215222;17.28236130049939,8.816585209620452,2.4311720247107256;8.671333644868234,17.07150743406474,2.253312479519481;3.8861572889029055,10.246602592068822,2.4314266735051406"
15,drone_8,14.823,3.508,2.877,16.488,"6.683184288703654,17.699103959212035,0.4602261832052541;15.21577253005351,11.074522045419549,0.30406892767535965;1.3366213338497328,5.185588936355771,1.3119481483461524;14.557489970614855,15.662633469679074,1.2318328402115744;3.3364748895498098,5.070252215065476,1.2583245199670745;3.7482668538853474,3.871653614817813,0.9789838989544486;6.250726309333378,2.9499279952108335,2.0458167500197293;19.278803210629658,6.419059217211331,0.3507678650306102;3.4941419371470674,2.202105313808735,1.355110052215222;17.28236130049939,8.816585209620452,2.4311720247107256;8.671333644868234,17.07150743406474,2.253312479519481;3.8861572889029055,10.246602592068822,2.4314266735051406"
16,drone_0,6.993,7.459,2.877,16.488,"6.683184288703654,17.699103959212035,0.4602261832052541;15.21577253005351,11.074522045419549,0.30406892767535965;1.3366213338497328,5.185588936355771,1.3119481483461524;14.557489970614855,15.662633469679074,1.2318328402115744;3.3364748895498098,5.070252215065476,1.2583245199670745;3.7482668538853474,3.871653614817813,0.9789838989544486;6.250726309333378,2.9499279952108335,2.0458167500197293;19.278803210629658,6.419059217211331,0.3507678650306102;3.4941419371470674,2.202105313808735,1.355110052215222;17.28236130049939,8.816585209620452,2.4311720247107256;8.671333644868234,17.07150743406474,2.253312479519481;3.8861572889029055,10.246602592068822,2.4314266735051406"
16,drone_1,6.936,11.567,2.877,16.488,"6.683184288703654,17.699103959212035,0.4602261832052541;15.21577253005351,11.074522045419549,0.30406892767535965;1.3366213338497328,5.185588936355771,1.3119481483461524;14.557489970614855,15.662633469679074,1.2318328402115744;3.3364748895498098,5.070252215065476,1.2583245199670745;3.7482668538853474,3.871653614817813,0.9789838989544486;6.250726309333378,2.9499279952108335,2.0458167500197293;19.278803210629658,6.419059217211331,0.3507678650306102;3.4941419371470674,2.202105313808735,1.355110052215222;17.28236130049939,8.816585209620452,2.4311720247107256;8.671333644868234,17.07150743406474,2.253312479519481;3.8861572889029055,10.246602592068822,2.4314266735051406"
16,drone_2,9.688,9.142,2.877,16.488,"6.683184288703654,17.699103959212035,0.4602261832052541;15.21577253005351,11.074522045419549,0.30406892767535965;1.3366213338497328,5.185588936355771,1.3119481483461524;14.557489970614855,15.662633469679074,1.2318328402115744;3.3364748895498098,5.070252215065476,1.2583245199670745;3.7482668538853474,3.871653614817813,0.9789838989544486;6.250726309333378,2.9499279952108335,2.0458167500197293;19.278803210629658,6.419059217211331,0.3507678650306102;3.4941419371470674,2.202105313808735,1.355110052215222;17.28236130049939,8.816585209620452,2.4311720247107256;8.671333644868234,17.07150743406474,2.253312479519481;3.8861572889029055,10.246602592068822,2.4314266735051406"
16,drone_3,12.895,13.725,2.877,16.488,"6.683184288703654,17.699103959212035,0.4602261832052541;15.21577253005351,11.074522045419549,0.30406892767535965;1.3366213338497328,5.185588936355771,1.3119481483461524;14.557489970614855,15.662633469679074,1.2318328402115744;3.3364748895498098,5.070252215065476,1.2583245199670745;3.7482668538853474,3.871653614817813,0.9789838989544486;6.250726309333378,2.9499279952108335,2.0458167500197293;19.278803210629658,6.419059217211331,0.3507678650306102;3.4941419371470674,2.202105313808735,1.355110052215222;17.28236130049939,8.816585209620452,2.4311720247107256;8.671333644868234,17.07150743406474,2.253312479519481;3.8861572889029055,10.246602592068822,2.4314266735051406"
16,drone_4,6.737,14.214,2.877,16.488,"6.683184288703654,17.699103959212035,0.4602261832052541;15.21577253005351,11.074522045419549,0.30406892767535965;1.3366213338497328,5.185588936355771,1.3119481483461524;14.557489970614855,15.662633469679074,1.2318328402115744;3.3364748895498098,5.070252215065476,1.2583245199670745;3.7482668538853474,3.871653614817813,0.9789838989544486;6.250726309333378,2.9499279952108335,2.0458167500197293;19.278803210629658,6.419059217211331,0.3507678650306102;3.4941419371470674,2.202105313808735,1.355110052215222;17.28236130049939,8.816585209620452,2.4311720247107256;8.671333644868234,17.07150743406474,2.253312479519481;3.8861572889029055,10.246602592068822,2.4314266735051406"
16,drone_5,13.313,17.818,2.877,16.488,"6.683184288703654,17.699103959212035,0.4602261832052541;15.21577253005351,11.074522045419549,0.30406892767535965;1.3366213338497328,5.185588936355771,1.3119481483461524;14.557489970614855,15.662633469679074,1.2318328402115744;3.3364748895498098,5.070252215065476,1.2583245199670745;3.7482668538853474,3.871653614817813,0.9789838989544486;6.250726309333378,2.9499279952108335,2.0458167500197293;19.278803210629658,6.419059217211331,0.3507678650306102;3.4941419371470674,2.202105313808735,1.355110052215222;17.28236130049939,8.816585209620452,2.4311720247107256;8.671333644868234,17.07150743406474,2.253312479519481;3.8861572889029055,10.246602592068822,2.4314266735051406"
16,drone_6,10.594,8.252,2.877,16.488,"6.683184288703654,17.699103959212035,0.4602261832052541;15.21577253005351,11.074522045419549,0.30406892767535965;1.3366213338497328,5.185588936355771,1.3119481483461524;14.557489970614855,15.662633469679074,1.2318328402115744;3.3364748895498098,5.070252215065476,1.2583245199670745;3.7482668538853474,3.871653614817813,0.9789838989544486;6.250726309333378,2.9499279952108335,2.0458167500197293;19.278803210629658,6.419059217211331,0.3507678650306102;3.4941419371470674,2.202105313808735,1.355110052215222;17.28236130049939,8.816585209620452,2.4311720247107256;8.671333644868234,17.07150743406474,2.253312479519481;3.8861572889029055,10.246602592068822,2.4314266735051406"
16,drone_7,12.152,10.914,2.877,16.488,"6.683184288703654,17.699103959212035,0.4602261832052541;15.21577253005351,11.074522045419549,0.30406892767535965;1.3366213338497328,5.185588936355771,1.3119481483461524;14.557489970614855,15.662633469679074,1.2318328402115744;3.3364748895498098,5.070252215065476,1.2583245199670745;3.7482668538853474,3.871653614817813,0.9789838989544486;6.250726309333378,2.9499279952108335,2.0458167500197293;19.278803210629658,6.419059217211331,0.3507678650306102;3.4941419371470674,2.202105313808735,1.355110052215222;17.28236130049939,8.816585209620452,2.4311720247107256;8.671333644868234,17.07150743406474,2.253312479519481;3.8861572889029055,10.246602592068822,2.4314266735051406"
16,drone_8,14.681,3.649,2.877,16.488,"6.683184288703654,17.699103959212035,0.4602261832052541;15.21577253005351,11.074522045419549,0.30406892767535965;1.3366213338497328,5.185588936355771,1.3119481483461524;14.557489970614855,15.662633469679074,1.2318328402115744;3.3364748895498098,5.070252215065476,1.2583245199670745;3.7482668538853474,3.871653614817813,0.9789838989544486;6.250726309333378,2.9499279952108335,2.0458167500197293;19.278803210629658,6.419059217211331,0.3507678650306102;3.4941419371470674,2.202105313808735,1.355110052215222;17.28236130049939,8.816585209620452,2.4311720247107256;8.671333644868234,17.07150743406474,2.253312479519481;3.8861572889029055,10.246602592068822,2.4314266735051406"
17,drone_0,6.856,7.604,2.877,16.488,"6.683184288703654,17.699103959212035,0.4602261832052541;15.21577253005351,11.074522045419549,0.30406892767535965;1.3366213338497328,5.185588936355771,1.3119481483461524;14.557489970614855,15.662633469679074,1.2318328402115744;3.3364748895498098,5.070252215065476,1.2583245199670745;3.7482668538853474,3.871653614817813,0.9789838989544486;6.250726309333378,2.9499279952108335,2.0458167500197293;19.278803210629658,6.419059217211331,0.3507678650306102;3.4941419371470674,2.202105313808735,1.355110052215222;17.28236130049939,8.816585209620452,2.4311720247107256;8.671333644868234,17.07150743406474,2.253312479519481;3.8861572889029055,10.246602592068822,2.4314266735051406"
17,drone_1,6.820,11.730,2.877,16.488,"6.683184288703654,17.699103959212035,0.4602261832052541;15.21577253005351,11.074522045419549,0.30406892767535965;1.3366213338497328,5.185588936355771,1.3119481483461524;14.557489970614855,15.662633469679074,1.2318328402115744;3.3364748895498098,5.070252215065476,1.2583245199670745;3.7482668538853474,3.871653614817813,0.9789838989544486;6.250726309333378,2.9499279952108335,2.0458167500197293;19.278803210629658,6.419059217211331,0.3507678650306102;3.4941419371470674,2.202105313808735,1.355110052215222;17.28236130049939,8.816585209620452,2.4311720247107256;8.671333644868234,17.07150743406474,2.253312479519481;3.8861572889029055,10.246602592068822,2.4314266735051406"
17,drone_2,9.546,9.283,2.877,16.488,"6.683184288703654,17.699103959212035,0.4602261832052541;15.21577253005351,11.074522045419549,0.30406892767535965;1.3366213338497328,5.185588936355771,1.3119481483461524;14.557489970614855,15.662633469679074,1.2318328402115744;3.3364748895498098,5.070252215065476,1.2583245199670745;3.7482668538853474,3.871653614817813,0.9789838989544486;6.250726309333378,2.9499279952108335,2.0458167500197293;19.278803210629658,6.419059217211331,0.3507678650306102;3.4941419371470674,2.202105313808735,1.355110052215222;17.28236130049939,8.816585209620452,2.4311720247107256;8.671333644868234,17.07150743406474,2.253312479519481;3.8861572889029055,10.246602592068822,2.4314266735051406"
17,drone_3,12.714,13.810,2.877,16.488,"6.683184288703654,17.699103959212035,0.4602261832052541;15.21577253005351,11.074522045419549,0.30406892767535965;1.3366213338497328,5.185588936355771,1.3119481483461524;14.557489970614855,15.662633469679074,1.2318328402115744;3.3364748895498098,5.070252215065476,1.2583245199670745;3.7482668538853474,3.871653614817813,0.9789838989544486;6.250726309333378,2.9499279952108335,2.0458167500197293;19.278803210629658,6.419059217211331,0.3507678650306102;3.4941419371470674,2.202105313808735,1.355110052215222;17.28236130049939,8.816585209620452,2.4311720247107256;8.671333644868234,17.07150743406474,2.253312479519481;3.8861572889029055,10.246602592068822,2.4314266735051406"
17,drone_4,6.562,14.311,2.877,16.488,"6.683184288703654,17.699103959212035,0.4602261832052541;15.21577253005351,11.074522045419549,0.30406892767535965;1.3366213338497328,5.185588936355771,1.3119481483461524;14.557489970614855,15.662633469679074,1.2318328402115744;3.3364748895498098,5.070252215065476,1.2583245199670745;3.7482668538853474,3.871653614817813,0.9789838989544486;6.250726309333378,2.9499279952108335,2.0458167500197293;19.278803210629658,6.419059217211331,0.3507678650306102;3.4941419371470674,2.202105313808735,1.355110052215222;17.28236130049939,8.816585209620452,2.4311720247107256;8.671333644868234,17.07150743406474,2.253312479519481;3.8861572889029055,10.246602592068822,2.4314266735051406"
17,drone_5,13.114,17.795,2.877,16.488,"6.683184288703654,17.699103959212035,0.4602261832052541;15.21577253005351,11.074522045419549,0.30406892767535965;1.3366213338497328,5.185588936355771,1.3119481483461524;14.557489970614855,15.662633469679074,1.2318328402115744;3.3364748895498098,5.070252215065476,1.2583245199670745;3.7482668538853474,3.871653614817813,0.9789838989544486;6.250726309333378,2.9499279952108335,2.0458167500197293;19.278803210629658,6.419059217211331,0.3507678650306102;3.4941419371470674,2.202105313808735,1.355110052215222;17.28236130049939,8.816585209620452,2.4311720247107256;8.671333644868234,17.07150743406474,2.253312479519481;3.8861572889029055,10.246602592068822,2.4314266735051406"
17,drone_6,10.452,8.393,2.877,16.488,"6.683184288703654,17.699103959212035,0.4602261832052541;15.21577253005351,11.074522045419549,0.30406892767535965;1.3366213338497328,5.185588936355771,1.3119481483461524;14.557489970614855,15.662633469679074,1.2318328402115744;3.3364748895498098,5.070252215065476,1.2583245199670745;3.7482668538853474,3.871653614817813,0.9789838989544486;6.250726309333378,2.9499279952108335,2.0458167500197293;19.278803210629658,6.419059217211331,0.3507678650306102;3.4941419371470674,2.202105313808735,1.355110052215222;17.28236130049939,8.816585209620452,2.4311720247107256;8.671333644868234,17.07150743406474,2.253312479519481;3.8861572889029055,10.246602592068822,2.4314266735051406"
17,drone_7,12.011,11.055,2.877,16.488,"6.683184288703654,17.699103959212035,0.4602261832052541;15.21577253005351,11.074522045419549,0.30406892767535965;1.3366213338497328,5.185588936355771,1.3119481483461524;14.557489970614855,15.662633469679074,1.2318328402115744;3.3364748895498098,5.070252215065476,1.2583245199670745;3.7482668538853474,3.871653614817813,0.9789838989544486;6.250726309333378,2.9499279952108335,2.0458167500197293;19.278803210629658,6.419059217211331,0.3507678650306102;3.4941419371470674,2.202105313808735,1.355110052215222;17.28236130049939,8.816585209620452,2.4311720247107256;8.671333644868234,17.07150743406474,2.253312479519481;3.8861572889029055,10.246602592068822,2.4314266735051406"
17,drone_8,14.540,3.791,2.877,16.488,"6.683184288703654,17.699103959212035,0.4602261832052541;15.21577253005351,11.074522045419549,0.30406892767535965;1.3366213338497328,5.185588936355771,1.3119481483461524;14.557489970614855,15.662633469679074,1.2318328402115744;3.3364748895498098,5.070252215065476,1.2583245199670745;3.7482668538853474,3.871653614817813,0.9789838989544486;6.250726309333378,2.9499279952108335,2.0458167500197293;19.278803210629658,6.419059217211331,0.3507678650306102;3.4941419371470674,2.202105313808735,1.355110052215222;17.28236130049939,8.816585209620452,2.4311720247107256;8.671333644868234,17.07150743406474,2.253312479519481;3.8861572889029055,10.246602592068822,2.4314266735051406"
18,drone_0,6.731,7.760,2.877,16.488,"6.683184288703654,17.699103959212035,0.4602261832052541;15.21577253005351,11.074522045419549,0.30406892767535965;1.3366213338497328,5.185588936355771,1.3119481483461524;14.557489970614855,15.662633469679074,1.2318328402115744;3.3364748895498098,5.070252215065476,1.2583245199670745;3.7482668538853474,3.871653614817813,0.9789838989544486;6.250726309333378,2.9499279952108335,2.0458167500197293;19.278803210629658,6.419059217211331,0.3507678650306102;3.4941419371470674,2.202105313808735,1.355110052215222;17.28236130049939,8.816585209620452,2.4311720247107256;8.671333644868234,17.07150743406474,2.253312479519481;3.8861572889029055,10.246602592068822,2.4314266735051406"
18,drone_1,6.693,11.885,2.877,16.488,"6.683184288703654,17.699103959212035,0.4602261832052541;15.21577253005351,11.074522045419549,0.30406892767535965;1.3366213338497328,5.185588936355771,1.3119481483461524;14.557489970614855,15.662633469679074,1.2318328402115744;3.3364748895498098,5.070252215065476,1.2583245199670745;3.7482668538853474,3.871653614817813,0.9789838989544486;6.250726309333378,2.9499279952108335,2.0458167500197293;19.278803210629658,6.419059217211331,0.3507678650306102;3.4941419371470674,2.202105313808735,1.355110052215222;17.28236130049939,8.816585209620452,2.4311720247107256;8.671333644868234,17.07150743406474,2.253312479519481;3.8861572889029055,10.246602592068822,2.4314266735051406"
18,drone_2,9.405,9.424,2.877,16.488,"6.683184288703654,17.699103959212035,0.4602261832052541;15.21577253005351,11.074522045419549,0.30406892767535965;1.3366213338497328,5.185588936355771,1.3119481483461524;14.557489970614855,15.662633469679074,1.2318328402115744;3.3364748895498098,5.070252215065476,1.2583245199670745;3.7482668538853474,3.871653614817813,0.9789838989544486;6.250726309333378,2.9499279952108335,2.0458167500197293;19.278803210629658,6.419059217211331,0.3507678650306102;3.4941419371470674,2.202105313808735,1.355110052215222;17.28236130049939,8.816585209620452,2.4311720247107256;8.671333644868234,17.07150743406474,2.253312479519481;3.8861572889029055,10.246602592068822,2.4314266735051406"
18,drone_3,12.535,13.899,2.877,16.488,"6.683184288703654,17.699103959212035,0.4602261832052541;15.21577253005351,11.074522045419549,0.30406892767535965;1.3366213338497328,5.185588936355771,1.3119481483461524;14.557489970614855,15.662633469679074,1.2318328402115744;3.3364748895498098,5.070252215065476,1.2583245199670745;3.7482668538853474,3.871653614817813,0.9789838989544486;6.250726309333378,2.9499279952108335,2.0458167500197293;19.278803210629658,6.419059217211331,0.3507678650306102;3.4941419371470674,2.202105313808735,1.355110052215222;17.28236130049939,8.816585209620452,2.4311720247107256;8.671333644868234,17.07150743406474,2.253312479519481;3.8861572889029055,10.246602592068822,2.4314266735051406"
18,drone_4,6.397,14.424,2.877,16.488,"6.683184288703654,17.699103959212035,0.4602261832052541;15.21577253005351,11.074522045419549,0.30406892767535965;1.3366213338497328,5.185588936355771,1.3119481483461524;14.557489970614855,15.662633469679074,1.2318328402115744;3.3364748895498098,5.070252215065476,1.2583245199670745;3.7482668538853474,3.871653614817813,0.9789838989544486;6.250726309333378,2.9499279952108335,2.0458167500197293;19.278803210629658,6.419059217211331,0.3507678650306102;3.4941419371470674,2.202105313808735,1.355110052215222;17.28236130049939,8.816585209620452,2.4311720247107256;8.671333644868234,17.07150743406474,2.253312479519481;3.8861572889029055,10.246602592068822,2.4314266735051406"
18,drone_5,12.918,17.758,2.877,16.488,"6.683184288703654,17.699103959212035,0.4602261832052541;15.21577253005351,11.074522045419549,0.30406892767535965;1.3366213338497328,5.185588936355771,1.3119481483461524;14.557489970614855,15.662633469679074,1.2318328402115744;3.3364748895498098,5.070252215065476,1.2583245199670745;3.7482668538853474,3.871653614817813,0.9789838989544486;6.250726309333378,2.9499279952108335,2.0458167500197293;19.278803210629658,6.419059217211331,0.3507678650306102;3.4941419371470674,2.202105313808735,1.355110052215222;17.28236130049939,8.816585209620452,2.4311720247107256;8.671333644868234,17.07150743406474,2.253312479519481;3.8861572889029055,10.246602592068822,2.4314266735051406"
18,drone_6,10.311,8.535,2.877,16.488,"6.683184288703654,17.699103959212035,0.4602261832052541;15.21577253005351,11.074522045419549,0.30406892767535965;1.3366213338497328,5.185588936355771,1.3119481483461524;14.557489970614855,15.662633469679074,1.2318328402115744;3.3364748895498098,5.070252215065476,1.2583245199670745;3.7482668538853474,3.871653614817813,0.9789838989544486;6.250726309333378,2.9499279952108335,2.0458167500197293;19.278803210629658,6.419059217211331,0.3507678650306102;3.4941419371470674,2.202105313808735,1.355110052215222;17.28236130049939,8.816585209620452,2.4311720247107256;8.671333644868234,17.07150743406474,2.253312479519481;3.8861572889029055,10.246602592068822,2.4314266735051406"
18,drone_7,11.870,11.197,2.877,16.488,"6.683184288703654,17.699103959212035,0.4602261832052541;15.21577253005351,11.074522045419549,0.30406892767535965;1.3366213338497328,5.185588936355771,1.3119481483461524;14.557489970614855,15.662633469679074,1.2318328402115744;3.3364748895498098,5.070252215065476,1.2583245199670745;3.7482668538853474,3.871653614817813,0.9789838989544486;6.250726309333378,2.9499279952108335,2.0458167500197293;19.278803210629658,6.419059217211331,0.3507678650306102;3.4941419371470674,2.202105313808735,1.355110052215222;17.28236130049939,8.816585209620452,2.4311720247107256;8.671333644868234,17.07150743406474,2.253312479519481;3.8861572889029055,10.246602592068822,2.4314266735051406"
18,drone_8,14.398,3.932,2.877,16.488,"6.683184288703654,17.699103959212035,0.4602261832052541;15.21577253005351,11.074522045419549,0.30406892767535965;1.3366213338497328,5.185588936355771,1.3119481483461524;14.557489970614855,15.662633469679074,1.2318328402115744;3.3364748895498098,5.070252215065476,1.2583245199670745;3.7482668538853474,3.871653614817813,0.9789838989544486;6.250726309333378,2.9499279952108335,2.0458167500197293;19.278803210629658,6.419059217211331,0.3507678650306102;3.4941419371470674,2.202105313808735,1.355110052215222;17.28236130049939,8.816585209620452,2.4311720247107256;8.671333644868234,17.07150743406474,2.253312479519481;3.8861572889029055,10.246602592068822,2.4314266735051406"
19,drone_0,6.633,7.935,2.877,16.488,"6.683184288703654,17.699103959212035,0.4602261832052541;15.21577253005351,11.074522045419549,0.30406892767535965;1.3366213338497328,5.185588936355771,1.3119481483461524;14.557489970614855,15.662633469679074,1.2318328402115744;3.3364748895498098,5.070252215065476,1.2583245199670745;3.7482668538853474,3.871653614817813,0.9789838989544486;6.250726309333378,2.9499279952108335,2.0458167500197293;19.278803210629658,6.419059217211331,0.3507678650306102;3.4941419371470674,2.202105313808735,1.355110052215222;17.28236130049939,8.816585209620452,2.4311720247107256;8.671333644868234,17.07150743406474,2.253312479519481;3.8861572889029055,10.246602592068822,2.4314266735051406"
19,drone_1,6.561,12.035,2.877,16.488,"6.683184288703654,17.699103959212035,0.4602261832052541;15.21577253005351,11.074522045419549,0.30406892767535965;1.3366213338497328,5.185588936355771,1.3119481483461524;14.557489970614855,15.662633469679074,1.2318328402115744;3.3364748895498098,5.070252215065476,1.2583245199670745;3.7482668538853474,3.871653614817813,0.9789838989544486;6.250726309333378,2.9499279952108335,2.0458167500197293;19.278803210629658,6.419059217211331,0.3507678650306102;3.4941419371470674,2.202105313808735,1.355110052215222;17.28236130049939,8.816585209620452,2.4311720247107256;8.671333644868234,17.07150743406474,2.253312479519481;3.8861572889029055,10.246602592068822,2.4314266735051406"
19,drone_2,9.264,9.566,2.877,16.488,"6.683184288703654,17.699103959212035,0.4602261832052541;15.21577253005351,11.074522045419549,0.30406892767535965;1.3366213338497328,5.185588936355771,1.3119481483461524;14.557489970614855,15.662633469679074,1.2318328402115744;3.3364748895498098,5.070252215065476,1.2583245199670745;3.7482668538853474,3.871653614817813,0.9789838989544486;6.250726309333378,2.9499279952108335,2.0458167500197293;19.278803210629658,6.419059217211331,0.3507678650306102;3.4941419371470674,2.202105313808735,1.355110052215222;17.28236130049939,8.816585209620452,2.4311720247107256;8.671333644868234,17.07150743406474,2.253312479519481;3.8861572889029055,10.246602592068822,2.4314266735051406"
19,drone_3,12.364,14.002,2.877,16.488,"6.683184288703654,17.699103959212035,0.4602261832052541;15.21577253005351,11.074522045419549,0.30406892767535965;1.3366213338497328,5.185588936355771,1.3119481483461524;14.557489970614855,15.662633469679074,1.2318328402115744;3.3364748895498098,5.070252215065476,1.2583245199670745;3.7482668538853474,3.871653614817813,0.9789838989544486;6.250726309333378,2.9499279952108335,2.0458167500197293;19.278803210629658,6.419059217211331,0.3507678650306102;3.4941419371470674,2.202105313808735,1.355110052215222;17.28236130049939,8.816585209620452,2.4311720247107256;8.671333644868234,17.07150743406474,2.253312479519481;3.8861572889029055,10.246602592068822,2.4314266735051406"
19,drone_4,6.238,14.545,2.877,16.488,"6.683184288703654,17.699103959212035,0.4602261832052541;15.21577253005351,11.074522045419549,0.30406892767535965;1.3366213338497328,5.185588936355771,1.3119481483461524;14.557489970614855,15.662633469679074,1.2318328402115744;3.3364748895498098,5.070252215065476,1.2583245199670745;3.7482668538853474,3.871653614817813,0.9789838989544486;6.250726309333378,2.9499279952108335,2.0458167500197293;19.278803210629658,6.419059217211331,0.3507678650306102;3.4941419371470674,2.202105313808735,1.355110052215222;17.28236130049939,8.816585209620452,2.4311720247107256;8.671333644868234,17.07150743406474,2.253312479519481;3.8861572889029055,10.246602592068822,2.4314266735051406"
19,drone_5,12.722,17.714,2.877,16.488,"6.683184288703654,17.699103959212035,0.4602261832052541;15.21577253005351,11.074522045419549,0.30406892767535965;1.3366213338497328,5.185588936355771,1.3119481483461524;14.557489970614855,15.662633469679074,1.2318328402115744;3.3364748895498098,5.070252215065476,1.2583245199670745;3.7482668538853474,3.871653614817813,0.9789838989544486;6.250726309333378,2.9499279952108335,2.0458167500197293;19.278803210629658,6.419059217211331,0.3507678650306102;3.4941419371470674,2.202105313808735,1.355110052215222;17.28236130049939,8.816585209620452,2.4311720247107256;8.671333644868234,17.07150743406474,2.253312479519481;3.8861572889029055,10.246602592068822,2.4314266735051406"
19,drone_6,10.169,8.676,2.877,16.488,"6.683184288703654,17.699103959212035,0.4602261832052541;15.21577253005351,11.074522045419549,0.30406892767535965;1.3366213338497328,5.185588936355771,1.3119481483461524;14.557489970614855,15.662633469679074,1.2318328402115744;3.3364748895498098,5.070252215065476,1.2583245199670745;3.7482668538853474,3.871653614817813,0.9789838989544486;6.250726309333378,2.9499279952108335,2.0458167500197293;19.278803210629658,6.419059217211331,0.3507678650306102;3.4941419371470674,2.202105313808735,1.355110052215222;17.28236130049939,8.816585209620452,2.4311720247107256;8.671333644868234,17.07150743406474,2.253312479519481;3.8861572889029055,10.246602592068822,2.4314266735051406"
19,drone_7,11.728,11.338,2.877,16.488,"6.683184288703654,17.699103959212035,0.4602261832052541;15.21577253005351,11.074522045419549,0.30406892767535965;1.3366213338497328,5.185588936355771,1.3119481483461524;14.557489970614855,15.662633469679074,1.2318328402115744;3.3364748895498098,5.070252215065476,1.2583245199670745;3.7482668538853474,3.871653614817813,0.9789838989544486;6.250726309333378,2.9499279952108335,2.0458167500197293;19.278803210629658,6.419059217211331,0.3507678650306102;3.4941419371470674,2.202105313808735,1.355110052215222;17.28236130049939,8.816585209620452,2.4311720247107256;8.671333644868234,17.07150743406474,2.253312479519481;3.8861572889029055,10.246602592068822,2.4314266735051406"
19,drone_8,14.257,4.074,2.877,16.488,"6.683184288703654,17.699103959212035,0.4602261832052541;15.21577253005351,11.074522045419549,0.30406892767535965;1.3366213338497328,5.185588936355771,1.3119481483461524;14.557489970614855,15.662633469679074,1.2318328402115744;3.3364748895498098,5.070252215065476,1.2583245199670745;3.7482668538853474,3.871653614817813,0.9789838989544486;6.250726309333378,2.9499279952108335,2.0458167500197293;19.278803210629658,6.419059217211331,0.3507678650306102;3.4941419371470674,2.202105313808735,1.355110052215222;17.28236130049939,8.816585209620452,2.4311720247107256;8.671333644868234,17.07150743406474,2.253312479519481;3.8861572889029055,10.246602592068822,2.4314266735051406"
20,drone_0,6.576,8.126,2.877,16.488,"6.683184288703654,17.699103959212035,0.4602261832052541;15.21577253005351,11.074522045419549,0.30406892767535965;1.3366213338497328,5.185588936355771,1.3119481483461524;14.557489970614855,15.662633469679074,1.2318328402115744;3.3364748895498098,5.070252215065476,1.2583245199670745;3.7482668538853474,3.871653614817813,0.9789838989544486;6.250726309333378,2.9499279952108335,2.0458167500197293;19.278803210629658,6.419059217211331,0.3507678650306102;3.4941419371470674,2.202105313808735,1.355110052215222;17.28236130049939,8.816585209620452,2.4311720247107256;8.671333644868234,17.07150743406474,2.253312479519481;3.8861572889029055,10.246602592068822,2.4314266735051406"
20,drone_1,6.431,12.187,2.877,16.488,"6.683184288703654,17.699103959212035,0.4602261832052541;15.21577253005351,11.074522045419549,0.30406892767535965;1.3366213338497328,5.185588936355771,1.3119481483461524;14.557489970614855,15.662633469679074,1.2318328402115744;3.3364748895498098,5.070252215065476,1.2583245199670745;3.7482668538853474,3.871653614817813,0.9789838989544486;6.250726309333378,2.9499279952108335,2.0458167500197293;19.278803210629658,6.419059217211331,0.3507678650306102;3.4941419371470674,2.202105313808735,1.355110052215222;17.28236130049939,8.816585209620452,2.4311720247107256;8.671333644868234,17.07150743406474,2.253312479519481;3.8861572889029055,10.246602592068822,2.4314266735051406"
20,drone_2,9.122,9.707,2.877,16.488,"6.683184288703654,17.699103959212035,0.4602261832052541;15.21577253005351,11.074522045419549,0.30406892767535965;1.3366213338497328,5.185588936355771,1.3119481483461524;14.557489970614855,15.662633469679074,1.2318328402115744;3.3364748895498098,5.070252215065476,1.2583245199670745;3.7482668538853474,3.871653614817813,0.9789838989544486;6.250726309333378,2.9499279952108335,2.0458167500197293;19.278803210629658,6.419059217211331,0.3507678650306102;3.4941419371470674,2.202105313808735,1.355110052215222;17.28236130049939,8.816585209620452,2.4311720247107256;8.671333644868234,17.07150743406474,2.253312479519481;3.8861572889029055,10.246602592068822,2.4314266735051406"
20,drone_3,12.200,14.118,2.877,16.488,"6.683184288703654,17.699103959212035,0.4602261832052541;15.21577253005351,11.074522045419549,0.30406892767535965;1.3366213338497328,5.185588936355771,1.3119481483461524;14.557489970614855,15.662633469679074,1.2318328402115744;3.3364748895498098,5.070252215065476,1.2583245199670745;3.7482668538853474,3.871653614817813,0.9789838989544486;6.250726309333378,2.9499279952108335,2.0458167500197293;19.278803210629658,6.419059217211331,0.3507678650306102;3.4941419371470674,2.202105313808735,1.355110052215222;17.28236130049939,8.816585209620452,2.4311720247107256;8.671333644868234,17.07150743406474,2.253312479519481;3.8861572889029055,10.246602592068822,2.4314266735051406"
20,drone_4,6.082,14.671,2.877,16.488,"6.683184288703654,17.699103959212035,0.4602261832052541;15.21577253005351,11.074522045419549,0.30406892767535965;1.3366213338497328,5.185588936355771,1.3119481483461524;14.557489970614855,15.662633469679074,1.2318328402115744;3.3364748895498098,5.070252215065476,1.2583245199670745;3.7482668538853474,3.871653614817813,0.9789838989544486;6.250726309333378,2.9499279952108335,2.0458167500197293;19.278803210629658,6.419059217211331,0.3507678650306102;3.4941419371470674,2.202105313808735,1.355110052215222;17.28236130049939,8.816585209620452,2.4311720247107256;8.671333644868234,17.07150743406474,2.253312479519481;3.8861572889029055,10.246602592068822,2.4314266735051406"
20,drone_5,12.525,17.680,2.877,16.488,"6.683184288703654,17.699103959212035,0.4602261832052541;15.21577253005351,11.074522045419549,0.30406892767535965;1.3366213338497328,5.185588936355771,1.3119481483461524;14.557489970614855,15.662633469679074,1.2318328402115744;3.3364748895498098,5.070252215065476,1.2583245199670745;3.7482668538853474,3.871653614817813,0.9789838989544486;6.250726309333378,2.9499279952108335,2.0458167500197293;19.278803210629658,6.419059217211331,0.3507678650306102;3.4941419371470674,2.202105313808735,1.355110052215222;17.28236130049939,8.816585209620452,2.4311720247107256;8.671333644868234,17.07150743406474,2.253312479519481;3.8861572889029055,10.246602592068822,2.4314266735051406"
20,drone_6,10.028,8.818,2.877,16.488,"6.683184288703654,17.699103959212035,0.4602261832052541;15.21577253005351,11.074522045419549,0.30406892767535965;1.3366213338497328,5.185588936355771,1.3119481483461524;14.557489970614855,15.662633469679074,1.2318328402115744;3.3364748895498098,5.070252215065476,1.2583245199670745;3.7482668538853474,3.871653614817813,0.9789838989544486;6.250726309333378,2.9499279952108335,2.0458167500197293;19.278803210629658,6.419059217211331,0.3507678650306102;3.4941419371470674,2.202105313808735,1.355110052215222;17.28236130049939,8.816585209620452,2.4311720247107256;8.671333644868234,17.07150743406474,2.253312479519481;3.8861572889029055,10.246602592068822,2.4314266735051406"
20,drone_7,11.587,11.480,2.877,16.488,"6.683184288703654,17.699103959212035,0.4602261832052541;15.21577253005351,11.074522045419549,0.30406892767535965;1.3366213338497328,5.185588936355771,1.3119481483461524;14.557489970614855,15.662633469679074,1.2318328402115744;3.3364748895498098,5.070252215065476,1.2583245199670745;3.7482668538853474,3.871653614817813,0.9789838989544486;6.250726309333378,2.9499279952108335,2.0458167500197293;19.278803210629658,6.419059217211331,0.3507678650306102;3.4941419371470674,2.202105313808735,1.355110052215222;17.28236130049939,8.816585209620452,2.4311720247107256;8.671333644868234,17.07150743406474,2.253312479519481;3.8861572889029055,10.246602592068822,2.4314266735051406"
20,drone_8,14.116,4.215,2.877,16.488,"6.683184288703654,17.699103959212035,0.4602261832052541;15.21577253005351,11.074522045419549,0.30406892767535965;1.3366213338497328,5.185588936355771,1.3119481483461524;14.557489970614855,15.662633469679074,1.2318328402115744;3.3364748895498098,5.070252215065476,1.2583245199670745;3.7482668538853474,3.871653614817813,0.9789838989544486;6.250726309333378,2.9499279952108335,2.0458167500197293;19.278803210629658,6.419059217211331,0.3507678650306102;3.4941419371470674,2.202105313808735,1.355110052215222;17.28236130049939,8.816585209620452,2.4311720247107256;8.671333644868234,17.07150743406474,2.253312479519481;3.8861572889029055,10.246602592068822,2.4314266735051406"
21,drone_0,6.581,8.326,2.877,16.488,"6.683184288703654,17.699103959212035,0.4602261832052541;15.21577253005351,11.074522045419549,0.30406892767535965;1.3366213338497328,5.185588936355771,1.3119481483461524;14.557489970614855,15.662633469679074,1.2318328402115744;3.3364748895498098,5.070252215065476,1.2583245199670745;3.7482668538853474,3.871653614817813,0.9789838989544486;6.250726309333378,2.9499279952108335,2.0458167500197293;19.278803210629658,6.419059217211331,0.3507678650306102;3.4941419371470674,2.202105313808735,1.355110052215222;17.28236130049939,8.816585209620452,2.4311720247107256;8.671333644868234,17.07150743406474,2.253312479519481;3.8861572889029055,10.246602592068822,2.4314266735051406"
21,drone_1,6.306,12.343,2.877,16.488,"6.683184288703654,17.699103959212035,0.4602261832052541;15.21577253005351,11.074522045419549,0.30406892767535965;1.3366213338497328,5.185588936355771,1.3119481483461524;14.557489970614855,15.662633469679074,1.2318328402115744;3.3364748895498098,5.070252215065476,1.2583245199670745;3.7482668538853474,3.871653614817813,0.9789838989544486;6.250726309333378,2.9499279952108335,2.0458167500197293;19.278803210629658,6.419059217211331,0.3507678650306102;3.4941419371470674,2.202105313808735,1.355110052215222;17.28236130049939,8.816585209620452,2.4311720247107256;8.671333644868234,17.07150743406474,2.253312479519481;3.8861572889029055,10.246602592068822,2.4314266735051406"
21,drone_2,8.988,9.856,2.877,16.488,"6.683184288703654,17.699103959212035,0.4602261832052541;15.21577253005351,11.074522045419549,0.30406892767535965;1.3366213338497328,5.185588936355771,1.3119481483461524;14.557489970614855,15.662633469679074,1.2318328402115744;3.3364748895498098,5.070252215065476,1.2583245199670745;3.7482668538853474,3.871653614817813,0.9789838989544486;6.250726309333378,2.9499279952108335,2.0458167500197293;19.278803210629658,6.419059217211331,0.3507678650306102;3.4941419371470674,2.202105313808735,1.355110052215222;17.28236130049939,8.816585209620452,2.4311720247107256;8.671333644868234,17.07150743406474,2.253312479519481;3.8861572889029055,10.246602592068822,2.4314266735051406"
21,drone_3,12.038,14.235,2.877,16.488,"6.683184288703654,17.699103959212035,0.4602261832052541;15.21577253005351,11.074522045419549,0.30406892767535965;1.3366213338497328,5.185588936355771,1.3119481483461524;14.557489970614855,15.662633469679074,1.2318328402115744;3.3364748895498098,5.070252215065476,1.2583245199670745;3.7482668538853474,3.871653614817813,0.9789838989544486;6.250726309333378,2.9499279952108335,2.0458167500197293;19.278803210629658,6.419059217211331,0.3507678650306102;3.4941419371470674,2.202105313808735,1.355110052215222;17.28236130049939,8.816585209620452,2.4311720247107256;8.671333644868234,17.07150743406474,2.253312479519481;3.8861572889029055,10.246602592068822,2.4314266735051406"
21,drone_4,5.921,14.789,2.877,16.488,"6.683184288703654,17.699103959212035,0.4602261832052541;15.21577253005351,11.074522045419549,0.30406892767535965;1.3366213338497328,5.185588936355771,1.3119481483461524;14.557489970614855,15.662633469679074,1.2318328402115744;3.3364748895498098,5.070252215065476,1.2583245199670745;3.7482668538853474,3.871653614817813,0.9789838989544486;6.250726309333378,2.9499279952108335,2.0458167500197293;19.278803210629658,6.419059217211331,0.3507678650306102;3.4941419371470674,2.202105313808735,1.355110052215222;17.28236130049939,8.816585209620452,2.4311720247107256;8.671333644868234,17.07150743406474,2.253312479519481;3.8861572889029055,10.246602592068822,2.4314266735051406"
21,drone_5,12.328,17.645,2.877,16.488,"6.683184288703654,17.699103959212035,0.4602261832052541;15.21577253005351,11.074522045419549,0.30406892767535965;1.3366213338497328,5.185588936355771,1.3119481483461524;14.557489970614855,15.662633469679074,1.2318328402115744;3.3364748895498098,5.070252215065476,1.2583245199670745;3.7482668538853474,3.871653614817813,0.9789838989544486;6.250726309333378,2.9499279952108335,2.0458167500197293;19.278803210629658,6.419059217211331,0.3507678650306102;3.4941419371470674,2.202105313808735,1.355110052215222;17.28236130049939,8.816585209620452,2.4311720247107256;8.671333644868234,17.07150743406474,2.253312479519481;3.8861572889029055,10.246602592068822,2.4314266735051406"
21,drone_6,9.887,8.959,2.877,16.488,"6.683184288703654,17.699103959212035,0.4602261832052541;15.21577253005351,11.074522045419549,0.30406892767535965;1.3366213338497328,5.185588936355771,1.3119481483461524;14.557489970614855,15.662633469679074,1.2318328402115744;3.3364748895498098,5.070252215065476,1.2583245199670745;3.7482668538853474,3.871653614817813,0.9789838989544486;6.250726309333378,2.9499279952108335,2.0458167500197293;19.278803210629658,6.419059217211331,0.3507678650306102;3.4941419371470674,2.202105313808735,1.355110052215222;17.28236130049939,8.816585209620452,2.4311720247107256;8.671333644868234,17.07150743406474,2.253312479519481;3.8861572889029055,10.246602592068822,2.4314266735051406"
21,drone_7,11.445,11.621,2.877,16.488,"6.683184288703654,17.699103959212035,0.4602261832052541;15.21577253005351,11.074522045419549,0.30406892767535965;1.3366213338497328,5.185588936355771,1.3119481483461524;14.557489970614855,15.662633469679074,1.2318328402115744;3.3364748895498098,5.070252215065476,1.2583245199670745;3.7482668538853474,3.871653614817813,0.9789838989544486;6.250726309333378,2.9499279952108335,2.0458167500197293;19.278803210629658,6.419059217211331,0.3507678650306102;3.4941419371470674,2.202105313808735,1.355110052215222;17.28236130049939,8.816585209620452,2.4311720247107256;8.671333644868234,17.07150743406474,2.253312479519481;3.8861572889029055,10.246602592068822,2.4314266735051406"
21,drone_8,13.974,4.356,2.877,16.488,"6.683184288703654,17.699103959212035,0.4602261832052541;15.21577253005351,11.074522045419549,0.30406892767535965;1.3366213338497328,5.185588936355771,1.3119481483461524;14.557489970614855,15.662633469679074,1.2318328402115744;3.3364748895498098,5.070252215065476,1.2583245199670745;3.7482668538853474,3.871653614817813,0.9789838989544486;6.250726309333378,2.9499279952108335,2.0458167500197293;19.278803210629658,6.419059217211331,0.3507678650306102;3.4941419371470674,2.202105313808735,1.355110052215222;17.28236130049939,8.816585209620452,2.4311720247107256;8.671333644868234,17.07150743406474,2.253312479519481;3.8861572889029055,10.246602592068822,2.4314266735051406"
22,drone_0,6.653,8.513,2.877,16.488,"6.683184288703654,17.699103959212035,0.4602261832052541;15.21577253005351,11.074522045419549,0.30406892767535965;1.3366213338497328,5.185588936355771,1.3119481483461524;14.557489970614855,15.662633469679074,1.2318328402115744;3.3364748895498098,5.070252215065476,1.2583245199670745;3.7482668538853474,3.871653614817813,0.9789838989544486;6.250726309333378,2.9499279952108335,2.0458167500197293;19.278803210629658,6.419059217211331,0.3507678650306102;3.4941419371470674,2.202105313808735,1.355110052215222;17.28236130049939,8.816585209620452,2.4311720247107256;8.671333644868234,17.07150743406474,2.253312479519481;3.8861572889029055,10.246602592068822,2.4314266735051406"
22,drone_1,6.181,12.499,2.877,16.488,"6.683184288703654,17.699103959212035,0.4602261832052541;15.21577253005351,11.074522045419549,0.30406892767535965;1.3366213338497328,5.185588936355771,1.3119481483461524;14.557489970614855,15.662633469679074,1.2318328402115744;3.3364748895498098,5.070252215065476,1.2583245199670745;3.7482668538853474,3.871653614817813,0.9789838989544486;6.250726309333378,2.9499279952108335,2.0458167500197293;19.278803210629658,6.419059217211331,0.3507678650306102;3.4941419371470674,2.202105313808735,1.355110052215222;17.28236130049939,8.816585209620452,2.4311720247107256;8.671333644868234,17.07150743406474,2.253312479519481;3.8861572889029055,10.246602592068822,2.4314266735051406"
22,drone_2,8.862,10.011,2.877,16.488,"6.683184288703654,17.699103959212035,0.4602261832052541;15.21577253005351,11.074522045419549,0.30406892767535965;1.3366213338497328,5.185588936355771,1.3119481483461524;14.557489970614855,15.662633469679074,1.2318328402115744;3.3364748895498098,5.070252215065476,1.2583245199670745;3.7482668538853474,3.871653614817813,0.9789838989544486;6.250726309333378,2.9499279952108335,2.0458167500197293;19.278803210629658,6.419059217211331,0.3507678650306102;3.4941419371470674,2.202105313808735,1.355110052215222;17.28236130049939,8.816585209620452,2.4311720247107256;8.671333644868234,17.07150743406474,2.253312479519481;3.8861572889029055,10.246602592068822,2.4314266735051406"
22,drone_3,11.876,14.351,2.877,16.488,"6.683184288703654,17.699103959212035,0.4602261832052541;15.21577253005351,11.074522045419549,0.30406892767535965;1.3366213338497328,5.185588936355771,1.3119481483461524;14.557489970614855,15.662633469679074,1.2318328402115744;3.3364748895498098,5.070252215065476,1.2583245199670745;3.7482668538853474,3.871653614817813,0.9789838989544486;6.250726309333378,2.9499279952108335,2.0458167500197293;19.278803210629658,6.419059217211331,0.3507678650306102;3.4941419371470674,2.202105313808735,1.355110052215222;17.28236130049939,8.816585209620452,2.4311720247107256;8.671333644868234,17.07150743406474,2.253312479519481;3.8861572889029055,10.246602592068822,2.4314266735051406"
22,drone_4,5.762,14.910,2.877,16.488,"6.683184288703654,17.699103959212035,0.4602261832052541;15.21577253005351,11.074522045419549,0.30406892767535965;1.3366213338497328,5.185588936355771,1.3119481483461524;14.557489970614855,15.662633469679074,1.2318328402115744;3.3364748895498098,5.070252215065476,1.2583245199670745;3.7482668538853474,3.871653614817813,0.9789838989544486;6.250726309333378,2.9499279952108335,2.0458167500197293;19.278803210629658,6.419059217211331,0.3507678650306102;3.4941419371470674,2.202105313808735,1.355110052215222;17.28236130049939,8.816585209620452,2.4311720247107256;8.671333644868234,17.07150743406474,2.253312479519481;3.8861572889029055,10.246602592068822,2.4314266735051406"
22,drone_5,12.151,17.594,2.877,16.488,"6.683184288703654,17.699103959212035,0.4602261832052541;15.21577253005351,11.074522045419549,0.30406892767535965;1.3366213338497328,5.185588936355771,1.3119481483461524;14.557489970614855,15.662633469679074,1.2318328402115744;3.3364748895498098,5.070252215065476,1.2583245199670745;3.7482668538853474,3.871653614817813,0.9789838989544486;6.250726309333378,2.9499279952108335,2.0458167500197293;19.278803210629658,6.419059217211331,0.3507678650306102;3.4941419371470674,2.202105313808735,1.355110052215222;17.28236130049939,8.816585209620452,2.4311720247107256;8.671333644868234,17.07150743406474,2.253312479519481;3.8861572889029055,10.246602592068822,2.4314266735051406"
22,drone_6,9.745,9.101,2.877,16.488,"6.683184288703654,17.699103959212035,0.4602261832052541;15.21577253005351,11.074522045419549,0.30406892767535965;1.3366213338497328,5.185588936355771,1.3119481483461524;14.557489970614855,15.662633469679074,1.2318328402115744;3.3364748895498098,5.070252215065476,1.2583245199670745;3.7482668538853474,3.871653614817813,0.9789838989544486;6.250726309333378,2.9499279952108335,2.0458167500197293;19.278803210629658,6.419059217211331,0.3507678650306102;3.4941419371470674,2.202105313808735,1.355110052215222;17.28236130049939,8.816585209620452,2.4311720247107256;8.671333644868234,17.07150743406474,2.253312479519481;3.8861572889029055,10.246602592068822,2.4314266735051406"
22,drone_7,11.304,11.762,2.877,16.488,"6.683184288703654,17.699103959212035,0.4602261832052541;15.21577253005351,11.074522045419549,0.30406892767535965;1.3366213338497328,5.185588936355771,1.3119481483461524;14.557489970614855,15.662633469679074,1.2318328402115744;3.3364748895498098,5.070252215065476,1.2583245199670745;3.7482668538853474,3.871653614817813,0.9789838989544486;6.250726309333378,2.9499279952108335,2.0458167500197293;19.278803210629658,6.419059217211331,0.3507678650306102;3.4941419371470674,2.202105313808735,1.355110052215222;17.28236130049939,8.816585209620452,2.4311720247107256;8.671333644868234,17.07150743406474,2.253312479519481;3.8861572889029055,10.246602592068822,2.4314266735051406"
22,drone_8,13.833,4.498,2.877,16.488,"6.683184288703654,17.699103959212035,0.4602261832052541;15.21577253005351,11.074522045419549,0.30406892767535965;1.3366213338497328,5.185588936355771,1.3119481483461524;14.557489970614855,15.662633469679074,1.2318328402115744;3.3364748895498098,5.070252215065476,1.2583245199670745;3.7482668538853474,3.871653614817813,0.9789838989544486;6.250726309333378,2.9499279952108335,2.0458167500197293;19.278803210629658,6.419059217211331,0.3507678650306102;3.4941419371470674,2.202105313808735,1.355110052215222;17.28236130049939,8.816585209620452,2.4311720247107256;8.671333644868234,17.07150743406474,2.253312479519481;3.8861572889029055,10.246602592068822,2.4314266735051406"
23,drone_0,6.737,8.694,2.877,16.488,"6.683184288703654,17.699103959212035,0.4602261832052541;15.21577253005351,11.074522045419549,0.30406892767535965;1.3366213338497328,5.185588936355771,1.3119481483461524;14.557489970614855,15.662633469679074,1.2318328402115744;3.3364748895498098,5.070252215065476,1.2583245199670745;3.7482668538853474,3.871653614817813,0.9789838989544486;6.250726309333378,2.9499279952108335,2.0458167500197293;19.278803210629658,6.419059217211331,0.3507678650306102;3.4941419371470674,2.202105313808735,1.355110052215222;17.28236130049939,8.816585209620452,2.4311720247107256;8.671333644868234,17.07150743406474,2.253312479519481;3.8861572889029055,10.246602592068822,2.4314266735051406"
23,drone_1,6.058,12.657,2.877,16.488,"6.683184288703654,17.699103959212035,0.4602261832052541;15.21577253005351,11.074522045419549,0.30406892767535965;1.3366213338497328,5.185588936355771,1.3119481483461524;14.557489970614855,15.662633469679074,1.2318328402115744;3.3364748895498098,5.070252215065476,1.2583245199670745;3.7482668538853474,3.871653614817813,0.9789838989544486;6.250726309333378,2.9499279952108335,2.0458167500197293;19.278803210629658,6.419059217211331,0.3507678650306102;3.4941419371470674,2.202105313808735,1.355110052215222;17.28236130049939,8.816585209620452,2.4311720247107256;8.671333644868234,17.07150743406474,2.253312479519481;3.8861572889029055,10.246602592068822,2.4314266735051406"
23,drone_2,8.739,10.168,2.877,16.488,"6.683184288703654,17.699103959212035,0.4602261832052541;15.21577253005351,11.074522045419549,0.30406892767535965;1.3366213338497328,5.185588936355771,1.3119481483461524;14.557489970614855,15.662633469679074,1.2318328402115744;3.3364748895498098,5.070252215065476,1.2583245199670745;3.7482668538853474,3.871653614817813,0.9789838989544486;6.250726309333378,2.9499279952108335,2.0458167500197293;19.278803210629658,6.419059217211331,0.3507678650306102;3.4941419371470674,2.202105313808735,1.355110052215222;17.28236130049939,8.816585209620452,2.4311720247107256;8.671333644868234,17.07150743406474,2.253312479519481;3.8861572889029055,10.246602592068822,2.4314266735051406"
23,drone_3,11.701,14.449,2.877,16.488,"6.683184288703654,17.699103959212035,0.4602261832052541;15.21577253005351,11.074522045419549,0.30406892767535965;1.3366213338497328,5.185588936355771,1.3119481483461524;14.557489970614855,15.662633469679074,1.2318328402115744;3.3364748895498098,5.070252215065476,1.2583245199670745;3.7482668538853474,3.871653614817813,0.9789838989544486;6.250726309333378,2.9499279952108335,2.0458167500197293;19.278803210629658,6.419059217211331,0.3507678650306102;3.4941419371470674,2.202105313808735,1.355110052215222;17.28236130049939,8.816585209620452,2.4311720247107256;8.671333644868234,17.07150743406474,2.253312479519481;3.8861572889029055,10.246602592068822,2.4314266735051406"
23,drone_4,5.604,15.032,2.877,16.488,"6.683184288703654,17.699103959212035,0.4602261832052541;15.21577253005351,11.074522045419549,0.30406892767535965;1.3366213338497328,5.185588936355771,1.3119481483461524;14.557489970614855,15.662633469679074,1.2318328402115744;3.3364748895498098,5.070252215065476,1.2583245199670745;3.7482668538853474,3.871653614817813,0.9789838989544486;6.250726309333378,2.9499279952108335,2.0458167500197293;19.278803210629658,6.419059217211331,0.3507678650306102;3.4941419371470674,2.202105313808735,1.355110052215222;17.28236130049939,8.816585209620452,2.4311720247107256;8.671333644868234,17.07150743406474,2.253312479519481;3.8861572889029055,10.246602592068822,2.4314266735051406"
23,drone_5,11.993,17.518,2.877,16.488,"6.683184288703654,17.699103959212035,0.4602261832052541;15.21577253005351,11.074522045419549,0.30406892767535965;1.3366213338497328,5.185588936355771,1.3119481483461524;14.557489970614855,15.662633469679074,1.2318328402115744;3.3364748895498098,5.070252215065476,1.2583245199670745;3.7482668538853474,3.871653614817813,0.9789838989544486;6.250726309333378,2.9499279952108335,2.0458167500197293;19.278803210629658,6.419059217211331,0.3507678650306102;3.4941419371470674,2.202105313808735,1.355110052215222;17.28236130049939,8.816585209620452,2.4311720247107256;8.671333644868234,17.07150743406474,2.253312479519481;3.8861572889029055,10.246602592068822,2.4314266735051406"
23,drone_6,9.604,9.242,2.877,16.488,"6.683184288703654,17.699103959212035,0.4602261832052541;15.21577253005351,11.074522045419549,0.30406892767535965;1.3366213338497328,5.185588936355771,1.3119481483461524;14.557489970614855,15.662633469679074,1.2318328402115744;3.3364748895498098,5.070252215065476,1.2583245199670745;3.7482668538853474,3.871653614817813,0.9789838989544486;6.250726309333378,2.9499279952108335,2.0458167500197293;19.278803210629658,6.419059217211331,0.3507678650306102;3.4941419371470674,2.202105313808735,1.355110052215222;17.28236130049939,8.816585209620452,2.4311720247107256;8.671333644868234,17.07150743406474,2.253312479519481;3.8861572889029055,10.246602592068822,2.4314266735051406"
23,drone_7,11.162,11.904,2.877,16.488,"6.683184288703654,17.699103959212035,0.4602261832052541;15.21577253005351,11.074522045419549,0.30406892767535965;1.3366213338497328,5.185588936355771,1.3119481483461524;14.557489970614855,15.662633469679074,1.2318328402115744;3.3364748895498098,5.070252215065476,1.2583245199670745;3.7482668538853474,3.871653614817813,0.9789838989544486;6.250726309333378,2.9499279952108335,2.0458167500197293;19.278803210629658,6.419059217211331,0.3507678650306102;3.4941419371470674,2.202105313808735,1.355110052215222;17.28236130049939,8.816585209620452,2.4311720247107256;8.671333644868234,17.07150743406474,2.253312479519481;3.8861572889029055,10.246602592068822,2.4314266735051406"
23,drone_8,13.691,4.639,2.877,16.488,"6.683184288703654,17.699103959212035,0.4602261832052541;15.21577253005351,11.074522045419549,0.30406892767535965;1.3366213338497328,5.185588936355771,1.3119481483461524;14.557489970614855,15.662633469679074,1.2318328402115744;3.3364748895498098,5.070252215065476,1.2583245199670745;3.7482668538853474,3.871653614817813,0.9789838989544486;6.250726309333378,2.9499279952108335,2.0458167500197293;19.278803210629658,6.419059217211331,0.3507678650306102;3.4941419371470674,2.202105313808735,1.355110052215222;17.28236130049939,8.816585209620452,2.4311720247107256;8.671333644868234,17.07150743406474,2.253312479519481;3.8861572889029055,10.246602592068822,2.4314266735051406"
24,drone_0,6.799,8.885,2.877,16.488,"6.683184288703654,17.699103959212035,0.4602261832052541;15.21577253005351,11.074522045419549,0.30406892767535965;1.3366213338497328,5.185588936355771,1.3119481483461524;14.557489970614855,15.662633469679074,1.2318328402115744;3.3364748895498098,5.070252215065476,1.2583245199670745;3.7482668538853474,3.871653614817813,0.9789838989544486;6.250726309333378,2.9499279952108335,2.0458167500197293;19.278803210629658,6.419059217211331,0.3507678650306102;3.4941419371470674,2.202105313808735,1.355110052215222;17.28236130049939,8.816585209620452,2.4311720247107256;8.671333644868234,17.07150743406474,2.253312479519481;3.8861572889029055,10.246602592068822,2.4314266735051406"
24,drone_1,5.941,12.819,2.877,16.488,"6.683184288703654,17.699103959212035,0.4602261832052541;15.21577253005351,11.074522045419549,0.30406892767535965;1.3366213338497328,5.185588936355771,1.3119481483461524;14.557489970614855,15.662633469679074,1.2318328402115744;3.3364748895498098,5.070252215065476,1.2583245199670745;3.7482668538853474,3.871653614817813,0.9789838989544486;6.250726309333378,2.9499279952108335,2.0458167500197293;19.278803210629658,6.419059217211331,0.3507678650306102;3.4941419371470674,2.202105313808735,1.355110052215222;17.28236130049939,8.816585209620452,2.4311720247107256;8.671333644868234,17.07150743406474,2.253312479519481;3.8861572889029055,10.246602592068822,2.4314266735051406"
24,drone_2,8.610,10.321,2.877,16.488,"6.683184288703654,17.699103959212035,0.4602261832052541;15.21577253005351,11.074522045419549,0.30406892767535965;1.3366213338497328,5.185588936355771,1.3119481483461524;14.557489970614855,15.662633469679074,1.2318328402115744;3.3364748895498098,5.070252215065476,1.2583245199670745;3.7482668538853474,3.871653614817813,0.9789838989544486;6.250726309333378,2.9499279952108335,2.0458167500197293;19.278803210629658,6.419059217211331,0.3507678650306102;3.4941419371470674,2.202105313808735,1.355110052215222;17.28236130049939,8.816585209620452,2.4311720247107256;8.671333644868234,17.07150743406474,2.253312479519481;3.8861572889029055,10.246602592068822,2.4314266735051406"
24,drone_3,11.523,14.540,2.877,16.488,"6.683184288703654,17.699103959212035,0.4602261832052541;15.21577253005351,11.074522045419549,0.30406892767535965;1.3366213338497328,5.185588936355771,1.3119481483461524;14.557489970614855,15.662633469679074,1.2318328402115744;3.3364748895498098,5.070252215065476,1.2583245199670745;3.7482668538853474,3.871653614817813,0.9789838989544486;6.250726309333378,2.9499279952108335,2.0458167500197293;19.278803210629658,6.419059217211331,0.3507678650306102;3.4941419371470674,2.202105313808735,1.355110052215222;17.28236130049939,8.816585209620452,2.4311720247107256;8.671333644868234,17.07150743406474,2.253312479519481;3.8861572889029055,10.246602592068822,2.4314266735051406"
24,drone_4,5.450,15.160,2.877,16.488,"6.683184288703654,17.699103959212035,0.4602261832052541;15.21577253005351,11.074522045419549,0.30406892767535965;1.3366213338497328,5.185588936355771,1.3119481483461524;14.557489970614855,15.662633469679074,1.2318328402115744;3.3364748895498098,5.070252215065476,1.2583245199670745;3.7482668538853474,3.871653614817813,0.9789838989544486;6.250726309333378,2.9499279952108335,2.0458167500197293;19.278803210629658,6.419059217211331,0.3507678650306102;3.4941419371470674,2.202105313808735,1.355110052215222;17.28236130049939,8.816585209620452,2.4311720247107256;8.671333644868234,17.07150743406474,2.253312479519481;3.8861572889029055,10.246602592068822,2.4314266735051406"
24,drone_5,11.899,17.445,2.877,16.488,"6.683184288703654,17.699103959212035,0.4602261832052541;15.21577253005351,11.074522045419549,0.30406892767535965;1.3366213338497328,5.185588936355771,1.3119481483461524;14.557489970614855,15.662633469679074,1.2318328402115744;3.3364748895498098,5.070252215065476,1.2583245199670745;3.7482668538853474,3.871653614817813,0.9789838989544486;6.250726309333378,2.9499279952108335,2.0458167500197293;19.278803210629658,6.419059217211331,0.3507678650306102;3.4941419371470674,2.202105313808735,1.355110052215222;17.28236130049939,8.816585209620452,2.4311720247107256;8.671333644868234,17.07150743406474,2.253312479519481;3.8861572889029055,10.246602592068822,2.4314266735051406"
24,drone_6,9.468,9.389,2.877,16.488,"6.683184288703654,17.699103959212035,0.4602261832052541;15.21577253005351,11.074522045419549,0.30406892767535965;1.3366213338497328,5.185588936355771,1.3119481483461524;14.557489970614855,15.662633469679074,1.2318328402115744;3.3364748895498098,5.070252215065476,1.2583245199670745;3.7482668538853474,3.871653614817813,0.9789838989544486;6.250726309333378,2.9499279952108335,2.0458167500197293;19.278803210629658,6.419059217211331,0.3507678650306102;3.4941419371470674,2.202105313808735,1.355110052215222;17.28236130049939,8.816585209620452,2.4311720247107256;8.671333644868234,17.07150743406474,2.253312479519481;3.8861572889029055,10.246602592068822,2.4314266735051406"
24,drone_7,11.017,12.041,2.877,16.488,"6.683184288703654,17.699103959212035,0.4602261832052541;15.21577253005351,11.074522045419549,0.30406892767535965;1.3366213338497328,5.185588936355771,1.3119481483461524;14.557489970614855,15.662633469679074,1.2318328402115744;3.3364748895498098,5.070252215065476,1.2583245199670745;3.7482668538853474,3.871653614817813,0.9789838989544486;6.250726309333378,2.9499279952108335,2.0458167500197293;19.278803210629658,6.419059217211331,0.3507678650306102;3.4941419371470674,2.202105313808735,1.355110052215222;17.28236130049939,8.816585209620452,2.4311720247107256;8.671333644868234,17.07150743406474,2.253312479519481;3.8861572889029055,10.246602592068822,2.4314266735051406"
24,drone_8,13.550,4.781,2.877,16.488,"6.683184288703654,17.699103959212035,0.4602261832052541;15.21577253005351,11.074522045419549,0.30406892767535965;1.3366213338497328,5.185588936355771,1.3119481483461524;14.557489970614855,15.662633469679074,1.2318328402115744;3.3364748895498098,5.070252215065476,1.2583245199670745;3.7482668538853474,3.871653614817813,0.9789838989544486;6.250726309333378,2.9499279952108335,2.0458167500197293;19.278803210629658,6.419059217211331,0.3507678650306102;3.4941419371470674,2.202105313808735,1.355110052215222;17.28236130049939,8.816585209620452,2.4311720247107256;8.671333644868234,17.07150743406474,2.253312479519481;3.8861572889029055,10.246602592068822,2.4314266735051406"
25,drone_0,6.848,9.079,2.877,16.488,"6.683184288703654,17.699103959212035,0.4602261832052541;15.21577253005351,11.074522045419549,0.30406892767535965;1.3366213338497328,5.185588936355771,1.3119481483461524;14.557489970614855,15.662633469679074,1.2318328402115744;3.3364748895498098,5.070252215065476,1.2583245199670745;3.7482668538853474,3.871653614817813,0.9789838989544486;6.250726309333378,2.9499279952108335,2.0458167500197293;19.278803210629658,6.419059217211331,0.3507678650306102;3.4941419371470674,2.202105313808735,1.355110052215222;17.28236130049939,8.816585209620452,2.4311720247107256;8.671333644868234,17.07150743406474,2.253312479519481;3.8861572889029055,10.246602592068822,2.4314266735051406"
25,drone_1,5.821,12.979,2.877,16.488,"6.683184288703654,17.699103959212035,0.4602261832052541;15.21577253005351,11.074522045419549,0.30406892767535965;1.3366213338497328,5.185588936355771,1.3119481483461524;14.557489970614855,15.662633469679074,1.2318328402115744;3.3364748895498098,5.070252215065476,1.2583245199670745;3.7482668538853474,3.871653614817813,0.9789838989544486;6.250726309333378,2.9499279952108335,2.0458167500197293;19.278803210629658,6.419059217211331,0.3507678650306102;3.4941419371470674,2.202105313808735,1.355110052215222;17.28236130049939,8.816585209620452,2.4311720247107256;8.671333644868234,17.07150743406474,2.253312479519481;3.8861572889029055,10.246602592068822,2.4314266735051406"
25,drone_2,8.478,10.472,2.877,16.488,"6.683184288703654,17.699103959212035,0.4602261832052541;15.21577253005351,11.074522045419549,0.30406892767535965;1.3366213338497328,5.185588936355771,1.3119481483461524;14.557489970614855,15.662633469679074,1.2318328402115744;3.3364748895498098,5.070252215065476,1.2583245199670745;3.7482668538853474,3.871653614817813,0.9789838989544486;6.250726309333378,2.9499279952108335,2.0458167500197293;19.278803210629658,6.419059217211331,0.3507678650306102;3.4941419371470674,2.202105313808735,1.355110052215222;17.28236130049939,8.816585209620452,2.4311720247107256;8.671333644868234,17.07150743406474,2.253312479519481;3.8861572889029055,10.246602592068822,2.4314266735051406"
25,drone_3,11.334,14.604,2.877,16.488,"6.683184288703654,17.699103959212035,0.4602261832052541;15.21577253005351,11.074522045419549,0.30406892767535965;1.3366213338497328,5.185588936355771,1.3119481483461524;14.557489970614855,15.662633469679074,1.2318328402115744;3.3364748895498098,5.070252215065476,1.2583245199670745;3.7482668538853474,3.871653614817813,0.9789838989544486;6.250726309333378,2.9499279952108335,2.0458167500197293;19.278803210629658,6.419059217211331,0.3507678650306102;3.4941419371470674,2.202105313808735,1.355110052215222;17.28236130049939,8.816585209620452,2.4311720247107256;8.671333644868234,17.07150743406474,2.253312479519481;3.8861572889029055,10.246602592068822,2.4314266735051406"
25,drone_4,5.295,15.287,2.877,16.488,"6.683184288703654,17.699103959212035,0.4602261832052541;15.21577253005351,11.074522045419549,0.30406892767535965;1.3366213338497328,5.185588936355771,1.3119481483461524;14.557489970614855,15.662633469679074,1.2318328402115744;3.3364748895498098,5.070252215065476,1.2583245199670745;3.7482668538853474,3.871653614817813,0.9789838989544486;6.250726309333378,2.9499279952108335,2.0458167500197293;19.278803210629658,6.419059217211331,0.3507678650306102;3.4941419371470674,2.202105313808735,1.355110052215222;17.28236130049939,8.816585209620452,2.4311720247107256;8.671333644868234,17.07150743406474,2.253312479519481;3.8861572889029055,10.246602592068822,2.4314266735051406"
25,drone_5,11.781,17.417,2.877,16.488,"6.683184288703654,17.699103959212035,0.4602261832052541;15.21577253005351,11.074522045419549,0.30406892767535965;1.3366213338497328,5.185588936355771,1.3119481483461524;14.557489970614855,15.662633469679074,1.2318328402115744;3.3364748895498098,5.070252215065476,1.2583245199670745;3.7482668538853474,3.871653614817813,0.9789838989544486;6.250726309333378,2.9499279952108335,2.0458167500197293;19.278803210629658,6.419059217211331,0.3507678650306102;3.4941419371470674,2.202105313808735,1.355110052215222;17.28236130049939,8.816585209620452,2.4311720247107256;8.671333644868234,17.07150743406474,2.253312479519481;3.8861572889029055,10.246602592068822,2.4314266735051406"
25,drone_6,9.341,9.543,2.877,16.488,"6.683184288703654,17.699103959212035,0.4602261832052541;15.21577253005351,11.074522045419549,0.30406892767535965;1.3366213338497328,5.185588936355771,1.3119481483461524;14.557489970614855,15.662633469679074,1.2318328402115744;3.3364748895498098,5.070252215065476,1.2583245199670745;3.7482668538853474,3.871653614817813,0.9789838989544486;6.250726309333378,2.9499279952108335,2.0458167500197293;19.278803210629658,6.419059217211331,0.3507678650306102;3.4941419371470674,2.202105313808735,1.355110052215222;17.28236130049939,8.816585209620452,2.4311720247107256;8.671333644868234,17.07150743406474,2.253312479519481;3.8861572889029055,10.246602592068822,2.4314266735051406"
25,drone_7,10.866,12.172,2.877,16.488,"6.683184288703654,17.699103959212035,0.4602261832052541;15.21577253005351,11.074522045419549,0.30406892767535965;1.3366213338497328,5.185588936355771,1.3119481483461524;14.557489970614855,15.662633469679074,1.2318328402115744;3.3364748895498098,5.070252215065476,1.2583245199670745;3.7482668538853474,3.871653614817813,0.9789838989544486;6.250726309333378,2.9499279952108335,2.0458167500197293;19.278803210629658,6.419059217211331,0.3507678650306102;3.4941419371470674,2.202105313808735,1.355110052215222;17.28236130049939,8.816585209620452,2.4311720247107256;8.671333644868234,17.07150743406474,2.253312479519481;3.8861572889029055,10.246602592068822,2.4314266735051406"
25,drone_8,13.409,4.922,2.877,16.488,"6.683184288703654,17.699103959212035,0.4602261832052541;15.21577253005351,11.074522045419549,0.30406892767535965;1.3366213338497328,5.185588936355771,1.3119481483461524;14.557489970614855,15.662633469679074,1.2318328402115744;3.3364748895498098,5.070252215065476,1.2583245199670745;3.7482668538853474,3.871653614817813,0.9789838989544486;6.250726309333378,2.9499279952108335,2.0458167500197293;19.278803210629658,6.419059217211331,0.3507678650306102;3.4941419371470674,2.202105313808735,1.355110052215222;17.28236130049939,8.816585209620452,2.4311720247107256;8.671333644868234,17.07150743406474,2.253312479519481;3.8861572889029055,10.246602592068822,2.4314266735051406"
26,drone_0,6.917,9.266,2.877,16.488,"6.683184288703654,17.699103959212035,0.4602261832052541;15.21577253005351,11.074522045419549,0.30406892767535965;1.3366213338497328,5.185588936355771,1.3119481483461524;14.557489970614855,15.662633469679074,1.2318328402115744;3.3364748895498098,5.070252215065476,1.2583245199670745;3.7482668538853474,3.871653614817813,0.9789838989544486;6.250726309333378,2.9499279952108335,2.0458167500197293;19.278803210629658,6.419059217211331,0.3507678650306102;3.4941419371470674,2.202105313808735,1.355110052215222;17.28236130049939,8.816585209620452,2.4311720247107256;8.671333644868234,17.07150743406474,2.253312479519481;3.8861572889029055,10.246602592068822,2.4314266735051406"
26,drone_1,5.695,13.134,2.877,16.488,"6.683184288703654,17.699103959212035,0.4602261832052541;15.21577253005351,11.074522045419549,0.30406892767535965;1.3366213338497328,5.185588936355771,1.3119481483461524;14.557489970614855,15.662633469679074,1.2318328402115744;3.3364748895498098,5.070252215065476,1.2583245199670745;3.7482668538853474,3.871653614817813,0.9789838989544486;6.250726309333378,2.9499279952108335,2.0458167500197293;19.278803210629658,6.419059217211331,0.3507678650306102;3.4941419371470674,2.202105313808735,1.355110052215222;17.28236130049939,8.816585209620452,2.4311720247107256;8.671333644868234,17.07150743406474,2.253312479519481;3.8861572889029055,10.246602592068822,2.4314266735051406"
26,drone_2,8.351,10.626,2.877,16.488,"6.683184288703654,17.699103959212035,0.4602261832052541;15.21577253005351,11.074522045419549,0.30406892767535965;1.3366213338497328,5.185588936355771,1.3119481483461524;14.557489970614855,15.662633469679074,1.2318328402115744;3.3364748895498098,5.070252215065476,1.2583245199670745;3.7482668538853474,3.871653614817813,0.9789838989544486;6.250726309333378,2.9499279952108335,2.0458167500197293;19.278803210629658,6.419059217211331,0.3507678650306102;3.4941419371470674,2.202105313808735,1.355110052215222;17.28236130049939,8.816585209620452,2.4311720247107256;8.671333644868234,17.07150743406474,2.253312479519481;3.8861572889029055,10.246602592068822,2.4314266735051406"
26,drone_3,11.137,14.638,2.877,16.488,"6.683184288703654,17.699103959212035,0.4602261832052541;15.21577253005351,11.074522045419549,0.30406892767535965;1.3366213338497328,5.185588936355771,1.3119481483461524;14.557489970614855,15.662633469679074,1.2318328402115744;3.3364748895498098,5.070252215065476,1.2583245199670745;3.7482668538853474,3.871653614817813,0.9789838989544486;6.250726309333378,2.9499279952108335,2.0458167500197293;19.278803210629658,6.419059217211331,0.3507678650306102;3.4941419371470674,2.202105313808735,1.355110052215222;17.28236130049939,8.816585209620452,2.4311720247107256;8.671333644868234,17.07150743406474,2.253312479519481;3.8861572889029055,10.246602592068822,2.4314266735051406"
26,drone_4,5.139,15.412,2.877,16.488,"6.683184288703654,17.699103959212035,0.4602261832052541;15.21577253005351,11.074522045419549,0.30406892767535965;1.3366213338497328,5.185588936355771,1.3119481483461524;14.557489970614855,15.662633469679074,1.2318328402115744;3.3364748895498098,5.070252215065476,1.2583245199670745;3.7482668538853474,3.871653614817813,0.9789838989544486;6.250726309333378,2.9499279952108335,2.0458167500197293;19.278803210629658,6.419059217211331,0.3507678650306102;3.4941419371470674,2.202105313808735,1.355110052215222;17.28236130049939,8.816585209620452,2.4311720247107256;8.671333644868234,17.07150743406474,2.253312479519481;3.8861572889029055,10.246602592068822,2.4314266735051406"
26,drone_5,11.757,17.387,2.877,16.488,"6.683184288703654,17.699103959212035,0.4602261832052541;15.21577253005351,11.074522045419549,0.30406892767535965;1.3366213338497328,5.185588936355771,1.3119481483461524;14.557489970614855,15.662633469679074,1.2318328402115744;3.3364748895498098,5.070252215065476,1.2583245199670745;3.7482668538853474,3.871653614817813,0.9789838989544486;6.250726309333378,2.9499279952108335,2.0458167500197293;19.278803210629658,6.419059217211331,0.3507678650306102;3.4941419371470674,2.202105313808735,1.355110052215222;17.28236130049939,8.816585209620452,2.4311720247107256;8.671333644868234,17.07150743406474,2.253312479519481;3.8861572889029055,10.246602592068822,2.4314266735051406"
26,drone_6,9.215,9.699,2.877,16.488,"6.683184288703654,17.699103959212035,0.4602261832052541;15.21577253005351,11.074522045419549,0.30406892767535965;1.3366213338497328,5.185588936355771,1.3119481483461524;14.557489970614855,15.662633469679074,1.2318328402115744;3.3364748895498098,5.070252215065476,1.2583245199670745;3.7482668538853474,3.871653614817813,0.9789838989544486;6.250726309333378,2.9499279952108335,2.0458167500197293;19.278803210629658,6.419059217211331,0.3507678650306102;3.4941419371470674,2.202105313808735,1.355110052215222;17.28236130049939,8.816585209620452,2.4311720247107256;8.671333644868234,17.07150743406474,2.253312479519481;3.8861572889029055,10.246602592068822,2.4314266735051406"
26,drone_7,10.719,12.308,2.877,16.488,"6.683184288703654,17.699103959212035,0.4602261832052541;15.21577253005351,11.074522045419549,0.30406892767535965;1.3366213338497328,5.185588936355771,1.3119481483461524;14.557489970614855,15.662633469679074,1.2318328402115744;3.3364748895498098,5.070252215065476,1.2583245199670745;3.7482668538853474,3.871653614817813,0.9789838989544486;6.250726309333378,2.9499279952108335,2.0458167500197293;19.278803210629658,6.419059217211331,0.3507678650306102;3.4941419371470674,2.202105313808735,1.355110052215222;17.28236130049939,8.816585209620452,2.4311720247107256;8.671333644868234,17.07150743406474,2.253312479519481;3.8861572889029055,10.246602592068822,2.4314266735051406"
26,drone_8,13.267,5.064,2.877,16.488,"6.683184288703654,17.699103959212035,0.4602261832052541;15.21577253005351,11.074522045419549,0.30406892767535965;1.3366213338497328,5.185588936355771,1.3119481483461524;14.557489970614855,15.662633469679074,1.2318328402115744;3.3364748895498098,5.070252215065476,1.2583245199670745;3.7482668538853474,3.871653614817813,0.9789838989544486;6.250726309333378,2.9499279952108335,2.0458167500197293;19.278803210629658,6.419059217211331,0.3507678650306102;3.4941419371470674,2.202105313808735,1.355110052215222;17.28236130049939,8.816585209620452,2.4311720247107256;8.671333644868234,17.07150743406474,2.253312479519481;3.8861572889029055,10.246602592068822,2.4314266735051406"
27,drone_0,7.006,9.445,2.877,16.488,"6.683184288703654,17.699103959212035,0.4602261832052541;15.21577253005351,11.074522045419549,0.30406892767535965;1.3366213338497328,5.185588936355771,1.3119481483461524;14.557489970614855,15.662633469679074,1.2318328402115744;3.3364748895498098,5.070252215065476,1.2583245199670745;3.7482668538853474,3.871653614817813,0.9789838989544486;6.250726309333378,2.9499279952108335,2.0458167500197293;19.278803210629658,6.419059217211331,0.3507678650306102;3.4941419371470674,2.202105313808735,1.355110052215222;17.28236130049939,8.816585209620452,2.4311720247107256;8.671333644868234,17.07150743406474,2.253312479519481;3.8861572889029055,10.246602592068822,2.4314266735051406"
27,drone_1,5.567,13.288,2.877,16.488,"6.683184288703654,17.699103959212035,0.4602261832052541;15.21577253005351,11.074522045419549,0.30406892767535965;1.3366213338497328,5.185588936355771,1.3119481483461524;14.557489970614855,15.662633469679074,1.2318328402115744;3.3364748895498098,5.070252215065476,1.2583245199670745;3.7482668538853474,3.871653614817813,0.9789838989544486;6.250726309333378,2.9499279952108335,2.0458167500197293;19.278803210629658,6.419059217211331,0.3507678650306102;3.4941419371470674,2.202105313808735,1.355110052215222;17.28236130049939,8.816585209620452,2.4311720247107256;8.671333644868234,17.07150743406474,2.253312479519481;3.8861572889029055,10.246602592068822,2.4314266735051406"
27,drone_2,8.217,10.775,2.877,16.488,"6.683184288703654,17.699103959212035,0.4602261832052541;15.21577253005351,11.074522045419549,0.30406892767535965;1.3366213338497328,5.185588936355771,1.3119481483461524;14.557489970614855,15.662633469679074,1.2318328402115744;3.3364748895498098,5.070252215065476,1.2583245199670745;3.7482668538853474,3.871653614817813,0.9789838989544486;6.250726309333378,2.9499279952108335,2.0458167500197293;19.278803210629658,6.419059217211331,0.3507678650306102;3.4941419371470674,2.202105313808735,1.355110052215222;17.28236130049939,8.816585209620452,2.4311720247107256;8.671333644868234,17.07150743406474,2.253312479519481;3.8861572889029055,10.246602592068822,2.4314266735051406"
27,drone_3,10.937,14.638,2.877,16.488,"6.683184288703654,17.699103959212035,0.4602261832052541;15.21577253005351,11.074522045419549,0.30406892767535965;1.3366213338497328,5.185588936355771,1.3119481483461524;14.557489970614855,15.662633469679074,1.2318328402115744;3.3364748895498098,5.070252215065476,1.2583245199670745;3.7482668538853474,3.871653614817813,0.9789838989544486;6.250726309333378,2.9499279952108335,2.0458167500197293;19.278803210629658,6.419059217211331,0.3507678650306102;3.4941419371470674,2.202105313808735,1.355110052215222;17.28236130049939,8.816585209620452,2.4311720247107256;8.671333644868234,17.07150743406474,2.253312479519481;3.8861572889029055,10.246602592068822,2.4314266735051406"
27,drone_4,4.986,15.541,2.877,16.488,"6.683184288703654,17.699103959212035,0.4602261832052541;15.21577253005351,11.074522045419549,0.30406892767535965;1.3366213338497328,5.185588936355771,1.3119481483461524;14.557489970614855,15.662633469679074,1.2318328402115744;3.3364748895498098,5.070252215065476,1.2583245199670745;3.7482668538853474,3.871653614817813,0.9789838989544486;6.250726309333378,2.9499279952108335,2.0458167500197293;19.278803210629658,6.419059217211331,0.3507678650306102;3.4941419371470674,2.202105313808735,1.355110052215222;17.28236130049939,8.816585209620452,2.4311720247107256;8.671333644868234,17.07150743406474,2.253312479519481;3.8861572889029055,10.246602592068822,2.4314266735051406"
27,drone_5,11.633,17.331,2.877,16.488,"6.683184288703654,17.699103959212035,0.4602261832052541;15.21577253005351,11.074522045419549,0.30406892767535965;1.3366213338497328,5.185588936355771,1.3119481483461524;14.557489970614855,15.662633469679074,1.2318328402115744;3.3364748895498098,5.070252215065476,1.2583245199670745;3.7482668538853474,3.871653614817813,0.9789838989544486;6.250726309333378,2.9499279952108335,2.0458167500197293;19.278803210629658,6.419059217211331,0.3507678650306102;3.4941419371470674,2.202105313808735,1.355110052215222;17.28236130049939,8.816585209620452,2.4311720247107256;8.671333644868234,17.07150743406474,2.253312479519481;3.8861572889029055,10.246602592068822,2.4314266735051406"
27,drone_6,9.104,9.865,2.877,16.488,"6.683184288703654,17.699103959212035,0.4602261832052541;15.21577253005351,11.074522045419549,0.30406892767535965;1.3366213338497328,5.185588936355771,1.3119481483461524;14.557489970614855,15.662633469679074,1.2318328402115744;3.3364748895498098,5.070252215065476,1.2583245199670745;3.7482668538853474,3.871653614817813,0.9789838989544486;6.250726309333378,2.9499279952108335,2.0458167500197293;19.278803210629658,6.419059217211331,0.3507678650306102;3.4941419371470674,2.202105313808735,1.355110052215222;17.28236130049939,8.816585209620452,2.4311720247107256;8.671333644868234,17.07150743406474,2.253312479519481;3.8861572889029055,10.246602592068822,2.4314266735051406"
27,drone_7,10.562,12.431,2.877,16.488,"6.683184288703654,17.699103959212035,0.4602261832052541;15.21577253005351,11.074522045419549,0.30406892767535965;1.3366213338497328,5.185588936355771,1.3119481483461524;14.557489970614855,15.662633469679074,1.2318328402115744;3.3364748895498098,5.070252215065476,1.2583245199670745;3.7482668538853474,3.871653614817813,0.9789838989544486;6.250726309333378,2.9499279952108335,2.0458167500197293;19.278803210629658,6.419059217211331,0.3507678650306102;3.4941419371470674,2.202105313808735,1.355110052215222;17.28236130049939,8.816585209620452,2.4311720247107256;8.671333644868234,17.07150743406474,2.253312479519481;3.8861572889029055,10.246602592068822,2.4314266735051406"
27,drone_8,13.126,5.205,2.877,16.488,"6.683184288703654,17.699103959212035,0.4602261832052541;15.21577253005351,11.074522045419549,0.30406892767535965;1.3366213338497328,5.185588936355771,1.3119481483461524;14.557489970614855,15.662633469679074,1.2318328402115744;3.3364748895498098,5.070252215065476,1.2583245199670745;3.7482668538853474,3.871653614817813,0.9789838989544486;6.250726309333378,2.9499279952108335,2.0458167500197293;19.278803210629658,6.419059217211331,0.3507678650306102;3.4941419371470674,2.202105313808735,1.355110052215222;17.28236130049939,8.816585209620452,2.4311720247107256;8.671333644868234,17.07150743406474,2.253312479519481;3.8861572889029055,10.246602592068822,2.4314266735051406"
28,drone_0,7.024,9.645,2.877,16.488,"6.683184288703654,17.699103959212035,0.4602261832052541;15.21577253005351,11.074522045419549,0.30406892767535965;1.3366213338497328,5.185588936355771,1.3119481483461524;14.557489970614855,15.662633469679074,1.2318328402115744;3.3364748895498098,5.070252215065476,1.2583245199670745;3.7482668538853474,3.871653614817813,0.9789838989544486;6.250726309333378,2.9499279952108335,2.0458167500197293;19.278803210629658,6.419059217211331,0.3507678650306102;3.4941419371470674,2.202105313808735,1.355110052215222;17.28236130049939,8.816585209620452,2.4311720247107256;8.671333644868234,17.07150743406474,2.253312479519481;3.8861572889029055,10.246602592068822,2.4314266735051406"
28,drone_1,5.433,13.436,2.877,16.488,"6.683184288703654,17.699103959212035,0.4602261832052541;15.21577253005351,11.074522045419549,0.30406892767535965;1.3366213338497328,5.185588936355771,1.3119481483461524;14.557489970614855,15.662633469679074,1.2318328402115744;3.3364748895498098,5.070252215065476,1.2583245199670745;3.7482668538853474,3.871653614817813,0.9789838989544486;6.250726309333378,2.9499279952108335,2.0458167500197293;19.278803210629658,6.419059217211331,0.3507678650306102;3.4941419371470674,2.202105313808735,1.355110052215222;17.28236130049939,8.816585209620452,2.4311720247107256;8.671333644868234,17.07150743406474,2.253312479519481;3.8861572889029055,10.246602592068822,2.4314266735051406"
28,drone_2,8.097,10.935,2.877,16.488,"6.683184288703654,17.699103959212035,0.4602261832052541;15.21577253005351,11.074522045419549,0.30406892767535965;1.3366213338497328,5.185588936355771,1.3119481483461524;14.557489970614855,15.662633469679074,1.2318328402115744;3.3364748895498098,5.070252215065476,1.2583245199670745;3.7482668538853474,3.871653614817813,0.9789838989544486;6.250726309333378,2.9499279952108335,2.0458167500197293;19.278803210629658,6.419059217211331,0.3507678650306102;3.4941419371470674,2.202105313808735,1.355110052215222;17.28236130049939,8.816585209620452,2.4311720247107256;8.671333644868234,17.07150743406474,2.253312479519481;3.8861572889029055,10.246602592068822,2.4314266735051406"
28,drone_3,10.740,14.674,2.877,16.488,"6.683184288703654,17.699103959212035,0.4602261832052541;15.21577253005351,11.074522045419549,0.30406892767535965;1.3366213338497328,5.185588936355771,1.3119481483461524;14.557489970614855,15.662633469679074,1.2318328402115744;3.3364748895498098,5.070252215065476,1.2583245199670745;3.7482668538853474,3.871653614817813,0.9789838989544486;6.250726309333378,2.9499279952108335,2.0458167500197293;19.278803210629658,6.419059217211331,0.3507678650306102;3.4941419371470674,2.202105313808735,1.355110052215222;17.28236130049939,8.816585209620452,2.4311720247107256;8.671333644868234,17.07150743406474,2.253312479519481;3.8861572889029055,10.246602592068822,2.4314266735051406"
28,drone_4,4.829,15.665,2.877,16.488,"6.683184288703654,17.699103959212035,0.4602261832052541;15.21577253005351,11.074522045419549,0.30406892767535965;1.3366213338497328,5.185588936355771,1.3119481483461524;14.557489970614855,15.662633469679074,1.2318328402115744;3.3364748895498098,5.070252215065476,1.2583245199670745;3.7482668538853474,3.871653614817813,0.9789838989544486;6.250726309333378,2.9499279952108335,2.0458167500197293;19.278803210629658,6.419059217211331,0.3507678650306102;3.4941419371470674,2.202105313808735,1.355110052215222;17.28236130049939,8.816585209620452,2.4311720247107256;8.671333644868234,17.07150743406474,2.253312479519481;3.8861572889029055,10.246602592068822,2.4314266735051406"
28,drone_5,11.609,17.285,2.877,16.488,"6.683184288703654,17.699103959212035,0.4602261832052541;15.21577253005351,11.074522045419549,0.30406892767535965;1.3366213338497328,5.185588936355771,1.3119481483461524;14.557489970614855,15.662633469679074,1.2318328402115744;3.3364748895498098,5.070252215065476,1.2583245199670745;3.7482668538853474,3.871653614817813,0.9789838989544486;6.250726309333378,2.9499279952108335,2.0458167500197293;19.278803210629658,6.419059217211331,0.3507678650306102;3.4941419371470674,2.202105313808735,1.355110052215222;17.28236130049939,8.816585209620452,2.4311720247107256;8.671333644868234,17.07150743406474,2.253312479519481;3.8861572889029055,10.246602592068822,2.4314266735051406"
28,drone_6,8.992,10.031,2.877,16.488,"6.683184288703654,17.699103959212035,0.4602261832052541;15.21577253005351,11.074522045419549,0.30406892767535965;1.3366213338497328,5.185588936355771,1.3119481483461524;14.557489970614855,15.662633469679074,1.2318328402115744;3.3364748895498098,5.070252215065476,1.2583245199670745;3.7482668538853474,3.871653614817813,0.9789838989544486;6.250726309333378,2.9499279952108335,2.0458167500197293;19.278803210629658,6.419059217211331,0.3507678650306102;3.4941419371470674,2.202105313808735,1.355110052215222;17.28236130049939,8.816585209620452,2.4311720247107256;8.671333644868234,17.07150743406474,2.253312479519481;3.8861572889029055,10.246602592068822,2.4314266735051406"
28,drone_7,10.411,12.563,2.877,16.488,"6.683184288703654,17.699103959212035,0.4602261832052541;15.21577253005351,11.074522045419549,0.30406892767535965;1.3366213338497328,5.185588936355771,1.3119481483461524;14.557489970614855,15.662633469679074,1.2318328402115744;3.3364748895498098,5.070252215065476,1.2583245199670745;3.7482668538853474,3.871653614817813,0.9789838989544486;6.250726309333378,2.9499279952108335,2.0458167500197293;19.278803210629658,6.419059217211331,0.3507678650306102;3.4941419371470674,2.202105313808735,1.355110052215222;17.28236130049939,8.816585209620452,2.4311720247107256;8.671333644868234,17.07150743406474,2.253312479519481;3.8861572889029055,10.246602592068822,2.4314266735051406"
28,drone_8,12.984,5.346,2.877,16.488,"6.683184288703654,17.699103959212035,0.4602261832052541;15.21577253005351,11.074522045419549,0.30406892767535965;1.3366213338497328,5.185588936355771,1.3119481483461524;14.557489970614855,15.662633469679074,1.2318328402115744;3.3364748895498098,5.070252215065476,1.2583245199670745;3.7482668538853474,3.871653614817813,0.9789838989544486;6.250726309333378,2.9499279952108335,2.0458167500197293;19.278803210629658,6.419059217211331,0.3507678650306102;3.4941419371470674,2.202105313808735,1.355110052215222;17.28236130049939,8.816585209620452,2.4311720247107256;8.671333644868234,17.07150743406474,2.253312479519481;3.8861572889029055,10.246602592068822,2.4314266735051406"
29,drone_0,7.067,9.840,2.877,16.488,"6.683184288703654,17.699103959212035,0.4602261832052541;15.21577253005351,11.074522045419549,0.30406892767535965;1.3366213338497328,5.185588936355771,1.3119481483461524;14.557489970614855,15.662633469679074,1.2318328402115744;3.3364748895498098,5.070252215065476,1.2583245199670745;3.7482668538853474,3.871653614817813,0.9789838989544486;6.250726309333378,2.9499279952108335,2.0458167500197293;19.278803210629658,6.419059217211331,0.3507678650306102;3.4941419371470674,2.202105313808735,1.355110052215222;17.28236130049939,8.816585209620452,2.4311720247107256;8.671333644868234,17.07150743406474,2.253312479519481;3.8861572889029055,10.246602592068822,2.4314266735051406"
29,drone_1,5.296,13.582,2.877,16.488,"6.683184288703654,17.699103959212035,0.4602261832052541;15.21577253005351,11.074522045419549,0.30406892767535965;1.3366213338497328,5.185588936355771,1.3119481483461524;14.557489970614855,15.662633469679074,1.2318328402115744;3.3364748895498098,5.070252215065476,1.2583245199670745;3.7482668538853474,3.871653614817813,0.9789838989544486;6.250726309333378,2.9499279952108335,2.0458167500197293;19.278803210629658,6.419059217211331,0.3507678650306102;3.4941419371470674,2.202105313808735,1.355110052215222;17.28236130049939,8.816585209620452,2.4311720247107256;8.671333644868234,17.07150743406474,2.253312479519481;3.8861572889029055,10.246602592068822,2.4314266735051406"
29,drone_2,7.969,11.088,2.877,16.488,"6.683184288703654,17.699103959212035,0.4602261832052541;15.21577253005351,11.074522045419549,0.30406892767535965;1.3366213338497328,5.185588936355771,1.3119481483461524;14.557489970614855,15.662633469679074,1.2318328402115744;3.3364748895498098,5.070252215065476,1.2583245199670745;3.7482668538853474,3.871653614817813,0.9789838989544486;6.250726309333378,2.9499279952108335,2.0458167500197293;19.278803210629658,6.419059217211331,0.3507678650306102;3.4941419371470674,2.202105313808735,1.355110052215222;17.28236130049939,8.816585209620452,2.4311720247107256;8.671333644868234,17.07150743406474,2.253312479519481;3.8861572889029055,10.246602592068822,2.4314266735051406"
29,drone_3,10.594,14.610,2.877,16.488,"6.683184288703654,17.699103959212035,0.4602261832052541;15.21577253005351,11.074522045419549,0.30406892767535965;1.3366213338497328,5.185588936355771,1.3119481483461524;14.557489970614855,15.662633469679074,1.2318328402115744;3.3364748895498098,5.070252215065476,1.2583245199670745;3.7482668538853474,3.871653614817813,0.9789838989544486;6.250726309333378,2.9499279952108335,2.0458167500197293;19.278803210629658,6.419059217211331,0.3507678650306102;3.4941419371470674,2.202105313808735,1.355110052215222;17.28236130049939,8.816585209620452,2.4311720247107256;8.671333644868234,17.07150743406474,2.253312479519481;3.8861572889029055,10.246602592068822,2.4314266735051406"
29,drone_4,4.668,15.783,2.877,16.488,"6.683184288703654,17.699103959212035,0.4602261832052541;15.21577253005351,11.074522045419549,0.30406892767535965;1.3366213338497328,5.185588936355771,1.3119481483461524;14.557489970614855,15.662633469679074,1.2318328402115744;3.3364748895498098,5.070252215065476,1.2583245199670745;3.7482668538853474,3.871653614817813,0.9789838989544486;6.250726309333378,2.9499279952108335,2.0458167500197293;19.278803210629658,6.419059217211331,0.3507678650306102;3.4941419371470674,2.202105313808735,1.355110052215222;17.28236130049939,8.816585209620452,2.4311720247107256;8.671333644868234,17.07150743406474,2.253312479519481;3.8861572889029055,10.246602592068822,2.4314266735051406"
29,drone_5,11.574,17.190,2.877,16.488,"6.683184288703654,17.699103959212035,0.4602261832052541;15.21577253005351,11.074522045419549,0.30406892767535965;1.3366213338497328,5.185588936355771,1.3119481483461524;14.557489970614855,15.662633469679074,1.2318328402115744;3.3364748895498098,5.070252215065476,1.2583245199670745;3.7482668538853474,3.871653614817813,0.9789838989544486;6.250726309333378,2.9499279952108335,2.0458167500197293;19.278803210629658,6.419059217211331,0.3507678650306102;3.4941419371470674,2.202105313808735,1.355110052215222;17.28236130049939,8.816585209620452,2.4311720247107256;8.671333644868234,17.07150743406474,2.253312479519481;3.8861572889029055,10.246602592068822,2.4314266735051406"
29,drone_6,8.880,10.196,2.877,16.488,"6.683184288703654,17.699103959212035,0.4602261832052541;15.21577253005351,11.074522045419549,0.30406892767535965;1.3366213338497328,5.185588936355771,1.3119481483461524;14.557489970614855,15.662633469679074,1.2318328402115744;3.3364748895498098,5.070252215065476,1.2583245199670745;3.7482668538853474,3.871653614817813,0.9789838989544486;6.250726309333378,2.9499279952108335,2.0458167500197293;19.278803210629658,6.419059217211331,0.3507678650306102;3.4941419371470674,2.202105313808735,1.355110052215222;17.28236130049939,8.816585209620452,2.4311720247107256;8.671333644868234,17.07150743406474,2.253312479519481;3.8861572889029055,10.246602592068822,2.4314266735051406"
29,drone_7,10.253,12.685,2.877,16.488,"6.683184288703654,17.699103959212035,0.4602261832052541;15.21577253005351,11.074522045419549,0.30406892767535965;1.3366213338497328,5.185588936355771,1.3119481483461524;14.557489970614855,15.662633469679074,1.2318328402115744;3.3364748895498098,5.070252215065476,1.2583245199670745;3.7482668538853474,3.871653614817813,0.9789838989544486;6.250726309333378,2.9499279952108335,2.0458167500197293;19.278803210629658,6.419059217211331,0.3507678650306102;3.4941419371470674,2.202105313808735,1.355110052215222;17.28236130049939,8.816585209620452,2.4311720247107256;8.671333644868234,17.07150743406474,2.253312479519481;3.8861572889029055,10.246602592068822,2.4314266735051406"
29,drone_8,12.843,5.488,2.877,16.488,"6.683184288703654,17.699103959212035,0.4602261832052541;15.21577253005351,11.074522045419549,0.30406892767535965;1.3366213338497328,5.185588936355771,1.3119481483461524;14.557489970614855,15.662633469679074,1.2318328402115744;3.3364748895498098,5.070252215065476,1.2583245199670745;3.7482668538853474,3.871653614817813,0.9789838989544486;6.250726309333378,2.9499279952108335,2.0458167500197293;19.278803210629658,6.419059217211331,0.3507678650306102;3.4941419371470674,2.202105313808735,1.355110052215222;17.28236130049939,8.816585209620452,2.4311720247107256;8.671333644868234,17.07150743406474,2.253312479519481;3.8861572889029055,10.246602592068822,2.4314266735051406"
30,drone_0,7.098,10.038,2.877,16.488,"6.683184288703654,17.699103959212035,0.4602261832052541;15.21577253005351,11.074522045419549,0.30406892767535965;1.3366213338497328,5.185588936355771,1.3119481483461524;14.557489970614855,15.662633469679074,1.2318328402115744;3.3364748895498098,5.070252215065476,1.2583245199670745;3.7482668538853474,3.871653614817813,0.9789838989544486;6.250726309333378,2.9499279952108335,2.0458167500197293;19.278803210629658,6.419059217211331,0.3507678650306102;3.4941419371470674,2.202105313808735,1.355110052215222;17.28236130049939,8.816585209620452,2.4311720247107256;8.671333644868234,17.07150743406474,2.253312479519481;3.8861572889029055,10.246602592068822,2.4314266735051406"
30,drone_1,5.157,13.726,2.877,16.488,"6.683184288703654,17.699103959212035,0.4602261832052541;15.21577253005351,11.074522045419549,0.30406892767535965;1.3366213338497328,5.185588936355771,1.3119481483461524;14.557489970614855,15.662633469679074,1.2318328402115744;3.3364748895498098,5.070252215065476,1.2583245199670745;3.7482668538853474,3.871653614817813,0.9789838989544486;6.250726309333378,2.9499279952108335,2.0458167500197293;19.278803210629658,6.419059217211331,0.3507678650306102;3.4941419371470674,2.202105313808735,1.355110052215222;17.28236130049939,8.816585209620452,2.4311720247107256;8.671333644868234,17.07150743406474,2.253312479519481;3.8861572889029055,10.246602592068822,2.4314266735051406"
30,drone_2,7.834,11.236,2.877,16.488,"6.683184288703654,17.699103959212035,0.4602261832052541;15.21577253005351,11.074522045419549,0.30406892767535965;1.3366213338497328,5.185588936355771,1.3119481483461524;14.557489970614855,15.662633469679074,1.2318328402115744;3.3364748895498098,5.070252215065476,1.2583245199670745;3.7482668538853474,3.871653614817813,0.9789838989544486;6.250726309333378,2.9499279952108335,2.0458167500197293;19.278803210629658,6.419059217211331,0.3507678650306102;3.4941419371470674,2.202105313808735,1.355110052215222;17.28236130049939,8.816585209620452,2.4311720247107256;8.671333644868234,17.07150743406474,2.253312479519481;3.8861572889029055,10.246602592068822,2.4314266735051406"
30,drone_3,10.397,14.640,2.877,16.488,"6.683184288703654,17.699103959212035,0.4602261832052541;15.21577253005351,11.074522045419549,0.30406892767535965;1.3366213338497328,5.185588936355771,1.3119481483461524;14.557489970614855,15.662633469679074,1.2318328402115744;3.3364748895498098,5.070252215065476,1.2583245199670745;3.7482668538853474,3.871653614817813,0.9789838989544486;6.250726309333378,2.9499279952108335,2.0458167500197293;19.278803210629658,6.419059217211331,0.3507678650306102;3.4941419371470674,2.202105313808735,1.355110052215222;17.28236130049939,8.816585209620452,2.4311720247107256;8.671333644868234,17.07150743406474,2.253312479519481;3.8861572889029055,10.246602592068822,2.4314266735051406"
30,drone_4,4.507,15.901,2.877,16.488,"6.683184288703654,17.699103959212035,0.4602261832052541;15.21577253005351,11.074522045419549,0.30406892767535965;1.3366213338497328,5.185588936355771,1.3119481483461524;14.557489970614855,15.662633469679074,1.2318328402115744;3.3364748895498098,5.070252215065476,1.2583245199670745;3.7482668538853474,3.871653614817813,0.9789838989544486;6.250726309333378,2.9499279952108335,2.0458167500197293;19.278803210629658,6.419059217211331,0.3507678650306102;3.4941419371470674,2.202105313808735,1.355110052215222;17.28236130049939,8.816585209620452,2.4311720247107256;8.671333644868234,17.07150743406474,2.253312479519481;3.8861572889029055,10.246602592068822,2.4314266735051406"
30,drone_5,11.534,17.110,2.877,16.488,"6.683184288703654,17.699103959212035,0.4602261832052541;15.21577253005351,11.074522045419549,0.30406892767535965;1.3366213338497328,5.185588936355771,1.3119481483461524;14.557489970614855,15.662633469679074,1.2318328402115744;3.3364748895498098,5.070252215065476,1.2583245199670745;3.7482668538853474,3.871653614817813,0.9789838989544486;6.250726309333378,2.9499279952108335,2.0458167500197293;19.278803210629658,6.419059217211331,0.3507678650306102;3.4941419371470674,2.202105313808735,1.355110052215222;17.28236130049939,8.816585209620452,2.4311720247107256;8.671333644868234,17.07150743406474,2.253312479519481;3.8861572889029055,10.246602592068822,2.4314266735051406"
30,drone_6,8.772,10.364,2.877,16.488,"6.683184288703654,17.699103959212035,0.4602261832052541;15.21577253005351,11.074522045419549,0.30406892767535965;1.3366213338497328,5.185588936355771,1.3119481483461524;14.557489970614855,15.662633469679074,1.2318328402115744;3.3364748895498098,5.070252215065476,1.2583245199670745;3.7482668538853474,3.871653614817813,0.9789838989544486;6.250726309333378,2.9499279952108335,2.0458167500197293;19.278803210629658,6.419059217211331,0.3507678650306102;3.4941419371470674,2.202105313808735,1.355110052215222;17.28236130049939,8.816585209620452,2.4311720247107256;8.671333644868234,17.07150743406474,2.253312479519481;3.8861572889029055,10.246602592068822,2.4314266735051406"
30,drone_7,10.093,12.806,2.877,16.488,"6.683184288703654,17.699103959212035,0.4602261832052541;15.21577253005351,11.074522045419549,0.30406892767535965;1.3366213338497328,5.185588936355771,1.3119481483461524;14.557489970614855,15.662633469679074,1.2318328402115744;3.3364748895498098,5.070252215065476,1.2583245199670745;3.7482668538853474,3.871653614817813,0.9789838989544486;6.250726309333378,2.9499279952108335,2.0458167500197293;19.278803210629658,6.419059217211331,0.3507678650306102;3.4941419371470674,2.202105313808735,1.355110052215222;17.28236130049939,8.816585209620452,2.4311720247107256;8.671333644868234,17.07150743406474,2.253312479519481;3.8861572889029055,10.246602592068822,2.4314266735051406"
30,drone_8,12.701,5.629,2.877,16.488,"6.683184288703654,17.699103959212035,0.4602261832052541;15.21577253005351,11.074522045419549,0.30406892767535965;1.3366213338497328,5.185588936355771,1.3119481483461524;14.557489970614855,15.662633469679074,1.2318328402115744;3.3364748895498098,5.070252215065476,1.2583245199670745;3.7482668538853474,3.871653614817813,0.9789838989544486;6.250726309333378,2.9499279952108335,2.0458167500197293;19.278803210629658,6.419059217211331,0.3507678650306102;3.4941419371470674,2.202105313808735,1.355110052215222;17.28236130049939,8.816585209620452,2.4311720247107256;8.671333644868234,17.07150743406474,2.253312479519481;3.8861572889029055,10.246602592068822,2.4314266735051406"
31,drone_0,7.078,10.237,2.877,16.488,"6.683184288703654,17.699103959212035,0.4602261832052541;15.21577253005351,11.074522045419549,0.30406892767535965;1.3366213338497328,5.185588936355771,1.3119481483461524;14.557489970614855,15.662633469679074,1.2318328402115744;3.3364748895498098,5.070252215065476,1.2583245199670745;3.7482668538853474,3.871653614817813,0.9789838989544486;6.250726309333378,2.9499279952108335,2.0458167500197293;19.278803210629658,6.419059217211331,0.3507678650306102;3.4941419371470674,2.202105313808735,1.355110052215222;17.28236130049939,8.816585209620452,2.4311720247107256;8.671333644868234,17.07150743406474,2.253312479519481;3.8861572889029055,10.246602592068822,2.4314266735051406"
31,drone_1,5.017,13.869,2.877,16.488,"6.683184288703654,17.699103959212035,0.4602261832052541;15.21577253005351,11.074522045419549,0.30406892767535965;1.3366213338497328,5.185588936355771,1.3119481483461524;14.557489970614855,15.662633469679074,1.2318328402115744;3.3364748895498098,5.070252215065476,1.2583245199670745;3.7482668538853474,3.871653614817813,0.9789838989544486;6.250726309333378,2.9499279952108335,2.0458167500197293;19.278803210629658,6.419059217211331,0.3507678650306102;3.4941419371470674,2.202105313808735,1.355110052215222;17.28236130049939,8.816585209620452,2.4311720247107256;8.671333644868234,17.07150743406474,2.253312479519481;3.8861572889029055,10.246602592068822,2.4314266735051406"
31,drone_2,7.697,11.382,2.877,16.488,"6.683184288703654,17.699103959212035,0.4602261832052541;15.21577253005351,11.074522045419549,0.30406892767535965;1.3366213338497328,5.185588936355771,1.3119481483461524;14.557489970614855,15.662633469679074,1.2318328402115744;3.3364748895498098,5.070252215065476,1.2583245199670745;3.7482668538853474,3.871653614817813,0.9789838989544486;6.250726309333378,2.9499279952108335,2.0458167500197293;19.278803210629658,6.419059217211331,0.3507678650306102;3.4941419371470674,2.202105313808735,1.355110052215222;17.28236130049939,8.816585209620452,2.4311720247107256;8.671333644868234,17.07150743406474,2.253312479519481;3.8861572889029055,10.246602592068822,2.4314266735051406"
31,drone_3,10.246,14.569,2.877,16.488,"6.683184288703654,17.699103959212035,0.4602261832052541;15.21577253005351,11.074522045419549,0.30406892767535965;1.3366213338497328,5.185588936355771,1.3119481483461524;14.557489970614855,15.662633469679074,1.2318328402115744;3.3364748895498098,5.070252215065476,1.2583245199670745;3.7482668538853474,3.871653614817813,0.9789838989544486;6.250726309333378,2.9499279952108335,2.0458167500197293;19.278803210629658,6.419059217211331,0.3507678650306102;3.4941419371470674,2.202105313808735,1.355110052215222;17.28236130049939,8.816585209620452,2.4311720247107256;8.671333644868234,17.07150743406474,2.253312479519481;3.8861572889029055,10.246602592068822,2.4314266735051406"
31,drone_4,4.338,16.009,2.877,16.488,"6.683184288703654,17.699103959212035,0.4602261832052541;15.21577253005351,11.074522045419549,0.30406892767535965;1.3366213338497328,5.185588936355771,1.3119481483461524;14.557489970614855,15.662633469679074,1.2318328402115744;3.3364748895498098,5.070252215065476,1.2583245199670745;3.7482668538853474,3.871653614817813,0.9789838989544486;6.250726309333378,2.9499279952108335,2.0458167500197293;19.278803210629658,6.419059217211331,0.3507678650306102;3.4941419371470674,2.202105313808735,1.355110052215222;17.28236130049939,8.816585209620452,2.4311720247107256;8.671333644868234,17.07150743406474,2.253312479519481;3.8861572889029055,10.246602592068822,2.4314266735051406"
31,drone_5,11.563,16.996,2.877,16.488,"6.683184288703654,17.699103959212035,0.4602261832052541;15.21577253005351,11.074522045419549,0.30406892767535965;1.3366213338497328,5.185588936355771,1.3119481483461524;14.557489970614855,15.662633469679074,1.2318328402115744;3.3364748895498098,5.070252215065476,1.2583245199670745;3.7482668538853474,3.871653614817813,0.9789838989544486;6.250726309333378,2.9499279952108335,2.0458167500197293;19.278803210629658,6.419059217211331,0.3507678650306102;3.4941419371470674,2.202105313808735,1.355110052215222;17.28236130049939,8.816585209620452,2.4311720247107256;8.671333644868234,17.07150743406474,2.253312479519481;3.8861572889029055,10.246602592068822,2.4314266735051406"
31,drone_6,8.657,10.528,2.877,16.488,"6.683184288703654,17.699103959212035,0.4602261832052541;15.21577253005351,11.074522045419549,0.30406892767535965;1.3366213338497328,5.185588936355771,1.3119481483461524;14.557489970614855,15.662633469679074,1.2318328402115744;3.3364748895498098,5.070252215065476,1.2583245199670745;3.7482668538853474,3.871653614817813,0.9789838989544486;6.250726309333378,2.9499279952108335,2.0458167500197293;19.278803210629658,6.419059217211331,0.3507678650306102;3.4941419371470674,2.202105313808735,1.355110052215222;17.28236130049939,8.816585209620452,2.4311720247107256;8.671333644868234,17.07150743406474,2.253312479519481;3.8861572889029055,10.246602592068822,2.4314266735051406"
31,drone_7,9.925,12.914,2.877,16.488,"6.683184288703654,17.699103959212035,0.4602261832052541;15.21577253005351,11.074522045419549,0.30406892767535965;1.3366213338497328,5.185588936355771,1.3119481483461524;14.557489970614855,15.662633469679074,1.2318328402115744;3.3364748895498098,5.070252215065476,1.2583245199670745;3.7482668538853474,3.871653614817813,0.9789838989544486;6.250726309333378,2.9499279952108335,2.0458167500197293;19.278803210629658,6.419059217211331,0.3507678650306102;3.4941419371470674,2.202105313808735,1.355110052215222;17.28236130049939,8.816585209620452,2.4311720247107256;8.671333644868234,17.07150743406474,2.253312479519481;3.8861572889029055,10.246602592068822,2.4314266735051406"
31,drone_8,12.560,5.771,2.877,16.488,"6.683184288703654,17.699103959212035,0.4602261832052541;15.21577253005351,11.074522045419549,0.30406892767535965;1.3366213338497328,5.185588936355771,1.3119481483461524;14.557489970614855,15.662633469679074,1.2318328402115744;3.3364748895498098,5.070252215065476,1.2583245199670745;3.7482668538853474,3.871653614817813,0.9789838989544486;6.250726309333378,2.9499279952108335,2.0458167500197293;19.278803210629658,6.419059217211331,0.3507678650306102;3.4941419371470674,2.202105313808735,1.355110052215222;17.28236130049939,8.816585209620452,2.4311720247107256;8.671333644868234,17.07150743406474,2.253312479519481;3.8861572889029055,10.246602592068822,2.4314266735051406"
32,drone_0,7.037,10.432,2.877,16.488,"6.683184288703654,17.699103959212035,0.4602261832052541;15.21577253005351,11.074522045419549,0.30406892767535965;1.3366213338497328,5.185588936355771,1.3119481483461524;14.557489970614855,15.662633469679074,1.2318328402115744;3.3364748895498098,5.070252215065476,1.2583245199670745;3.7482668538853474,3.871653614817813,0.9789838989544486;6.250726309333378,2.9499279952108335,2.0458167500197293;19.278803210629658,6.419059217211331,0.3507678650306102;3.4941419371470674,2.202105313808735,1.355110052215222;17.28236130049939,8.816585209620452,2.4311720247107256;8.671333644868234,17.07150743406474,2.253312479519481;3.8861572889029055,10.246602592068822,2.4314266735051406"
32,drone_1,4.876,14.011,2.877,16.488,"6.683184288703654,17.699103959212035,0.4602261832052541;15.21577253005351,11.074522045419549,0.30406892767535965;1.3366213338497328,5.185588936355771,1.3119481483461524;14.557489970614855,15.662633469679074,1.2318328402115744;3.3364748895498098,5.070252215065476,1.2583245199670745;3.7482668538853474,3.871653614817813,0.9789838989544486;6.250726309333378,2.9499279952108335,2.0458167500197293;19.278803210629658,6.419059217211331,0.3507678650306102;3.4941419371470674,2.202105313808735,1.355110052215222;17.28236130049939,8.816585209620452,2.4311720247107256;8.671333644868234,17.07150743406474,2.253312479519481;3.8861572889029055,10.246602592068822,2.4314266735051406"
32,drone_2,7.558,11.525,2.877,16.488,"6.683184288703654,17.699103959212035,0.4602261832052541;15.21577253005351,11.074522045419549,0.30406892767535965;1.3366213338497328,5.185588936355771,1.3119481483461524;14.557489970614855,15.662633469679074,1.2318328402115744;3.3364748895498098,5.070252215065476,1.2583245199670745;3.7482668538853474,3.871653614817813,0.9789838989544486;6.250726309333378,2.9499279952108335,2.0458167500197293;19.278803210629658,6.419059217211331,0.3507678650306102;3.4941419371470674,2.202105313808735,1.355110052215222;17.28236130049939,8.816585209620452,2.4311720247107256;8.671333644868234,17.07150743406474,2.253312479519481;3.8861572889029055,10.246602592068822,2.4314266735051406"
32,drone_3,10.051,14.522,2.877,16.488,"6.683184288703654,17.699103959212035,0.4602261832052541;15.21577253005351,11.074522045419549,0.30406892767535965;1.3366213338497328,5.185588936355771,1.3119481483461524;14.557489970614855,15.662633469679074,1.2318328402115744;3.3364748895498098,5.070252215065476,1.2583245199670745;3.7482668538853474,3.871653614817813,0.9789838989544486;6.250726309333378,2.9499279952108335,2.0458167500197293;19.278803210629658,6.419059217211331,0.3507678650306102;3.4941419371470674,2.202105313808735,1.355110052215222;17.28236130049939,8.816585209620452,2.4311720247107256;8.671333644868234,17.07150743406474,2.253312479519481;3.8861572889029055,10.246602592068822,2.4314266735051406"
32,drone_4,4.175,16.125,2.877,16.488,"6.683184288703654,17.699103959212035,0.4602261832052541;15.21577253005351,11.074522045419549,0.30406892767535965;1.3366213338497328,5.185588936355771,1.3119481483461524;14.557489970614855,15.662633469679074,1.2318328402115744;3.3364748895498098,5.070252215065476,1.2583245199670745;3.7482668538853474,3.871653614817813,0.9789838989544486;6.250726309333378,2.9499279952108335,2.0458167500197293;19.278803210629658,6.419059217211331,0.3507678650306102;3.4941419371470674,2.202105313808735,1.355110052215222;17.28236130049939,8.816585209620452,2.4311720247107256;8.671333644868234,17.07150743406474,2.253312479519481;3.8861572889029055,10.246602592068822,2.4314266735051406"
32,drone_5,11.493,16.848,2.877,16.488,"6.683184288703654,17.699103959212035,0.4602261832052541;15.21577253005351,11.074522045419549,0.30406892767535965;1.3366213338497328,5.185588936355771,1.3119481483461524;14.557489970614855,15.662633469679074,1.2318328402115744;3.3364748895498098,5.070252215065476,1.2583245199670745;3.7482668538853474,3.871653614817813,0.9789838989544486;6.250726309333378,2.9499279952108335,2.0458167500197293;19.278803210629658,6.419059217211331,0.3507678650306102;3.4941419371470674,2.202105313808735,1.355110052215222;17.28236130049939,8.816585209620452,2.4311720247107256;8.671333644868234,17.07150743406474,2.253312479519481;3.8861572889029055,10.246602592068822,2.4314266735051406"
32,drone_6,8.533,10.686,2.877,16.488,"6.683184288703654,17.699103959212035,0.4602261832052541;15.21577253005351,11.074522045419549,0.30406892767535965;1.3366213338497328,5.185588936355771,1.3119481483461524;14.557489970614855,15.662633469679074,1.2318328402115744;3.3364748895498098,5.070252215065476,1.2583245199670745;3.7482668538853474,3.871653614817813,0.9789838989544486;6.250726309333378,2.9499279952108335,2.0458167500197293;19.278803210629658,6.419059217211331,0.3507678650306102;3.4941419371470674,2.202105313808735,1.355110052215222;17.28236130049939,8.816585209620452,2.4311720247107256;8.671333644868234,17.07150743406474,2.253312479519481;3.8861572889029055,10.246602592068822,2.4314266735051406"
32,drone_7,9.753,13.016,2.877,16.488,"6.683184288703654,17.699103959212035,0.4602261832052541;15.21577253005351,11.074522045419549,0.30406892767535965;1.3366213338497328,5.185588936355771,1.3119481483461524;14.557489970614855,15.662633469679074,1.2318328402115744;3.3364748895498098,5.070252215065476,1.2583245199670745;3.7482668538853474,3.871653614817813,0.9789838989544486;6.250726309333378,2.9499279952108335,2.0458167500197293;19.278803210629658,6.419059217211331,0.3507678650306102;3.4941419371470674,2.202105313808735,1.355110052215222;17.28236130049939,8.816585209620452,2.4311720247107256;8.671333644868234,17.07150743406474,2.253312479519481;3.8861572889029055,10.246602592068822,2.4314266735051406"
32,drone_8,12.419,5.912,2.877,16.488,"6.683184288703654,17.699103959212035,0.4602261832052541;15.21577253005351,11.074522045419549,0.30406892767535965;1.3366213338497328,5.185588936355771,1.3119481483461524;14.557489970614855,15.662633469679074,1.2318328402115744;3.3364748895498098,5.070252215065476,1.2583245199670745;3.7482668538853474,3.871653614817813,0.9789838989544486;6.250726309333378,2.9499279952108335,2.0458167500197293;19.278803210629658,6.419059217211331,0.3507678650306102;3.4941419371470674,2.202105313808735,1.355110052215222;17.28236130049939,8.816585209620452,2.4311720247107256;8.671333644868234,17.07150743406474,2.253312479519481;3.8861572889029055,10.246602592068822,2.4314266735051406"
33,drone_0,6.956,10.615,2.877,16.488,"6.683184288703654,17.699103959212035,0.4602261832052541;15.21577253005351,11.074522045419549,0.30406892767535965;1.3366213338497328,5.185588936355771,1.3119481483461524;14.557489970614855,15.662633469679074,1.2318328402115744;3.3364748895498098,5.070252215065476,1.2583245199670745;3.7482668538853474,3.871653614817813,0.9789838989544486;6.250726309333378,2.9499279952108335,2.0458167500197293;19.278803210629658,6.419059217211331,0.3507678650306102;3.4941419371470674,2.202105313808735,1.355110052215222;17.28236130049939,8.816585209620452,2.4311720247107256;8.671333644868234,17.07150743406474,2.253312479519481;3.8861572889029055,10.246602592068822,2.4314266735051406"
33,drone_1,4.735,14.153,2.877,16.488,"6.683184288703654,17.699103959212035,0.4602261832052541;15.21577253005351,11.074522045419549,0.30406892767535965;1.3366213338497328,5.185588936355771,1.3119481483461524;14.557489970614855,15.662633469679074,1.2318328402115744;3.3364748895498098,5.070252215065476,1.2583245199670745;3.7482668538853474,3.871653614817813,0.9789838989544486;6.250726309333378,2.9499279952108335,2.0458167500197293;19.278803210629658,6.419059217211331,0.3507678650306102;3.4941419371470674,2.202105313808735,1.355110052215222;17.28236130049939,8.816585209620452,2.4311720247107256;8.671333644868234,17.07150743406474,2.253312479519481;3.8861572889029055,10.246602592068822,2.4314266735051406"
33,drone_2,7.418,11.668,2.877,16.488,"6.683184288703654,17.699103959212035,0.4602261832052541;15.21577253005351,11.074522045419549,0.30406892767535965;1.3366213338497328,5.185588936355771,1.3119481483461524;14.557489970614855,15.662633469679074,1.2318328402115744;3.3364748895498098,5.070252215065476,1.2583245199670745;3.7482668538853474,3.871653614817813,0.9789838989544486;6.250726309333378,2.9499279952108335,2.0458167500197293;19.278803210629658,6.419059217211331,0.3507678650306102;3.4941419371470674,2.202105313808735,1.355110052215222;17.28236130049939,8.816585209620452,2.4311720247107256;8.671333644868234,17.07150743406474,2.253312479519481;3.8861572889029055,10.246602592068822,2.4314266735051406"
33,drone_3,9.872,14.433,2.877,16.488,"6.683184288703654,17.699103959212035,0.4602261832052541;15.21577253005351,11.074522045419549,0.30406892767535965;1.3366213338497328,5.185588936355771,1.3119481483461524;14.557489970614855,15.662633469679074,1.2318328402115744;3.3364748895498098,5.070252215065476,1.2583245199670745;3.7482668538853474,3.871653614817813,0.9789838989544486;6.250726309333378,2.9499279952108335,2.0458167500197293;19.278803210629658,6.419059217211331,0.3507678650306102;3.4941419371470674,2.202105313808735,1.355110052215222;17.28236130049939,8.816585209620452,2.4311720247107256;8.671333644868234,17.07150743406474,2.253312479519481;3.8861572889029055,10.246602592068822,2.4314266735051406"
33,drone_4,4.009,16.237,2.877,16.488,"6.683184288703654,17.699103959212035,0.4602261832052541;15.21577253005351,11.074522045419549,0.30406892767535965;1.3366213338497328,5.185588936355771,1.3119481483461524;14.557489970614855,15.662633469679074,1.2318328402115744;3.3364748895498098,5.070252215065476,1.2583245199670745;3.7482668538853474,3.871653614817813,0.9789838989544486;6.250726309333378,2.9499279952108335,2.0458167500197293;19.278803210629658,6.419059217211331,0.3507678650306102;3.4941419371470674,2.202105313808735,1.355110052215222;17.28236130049939,8.816585209620452,2.4311720247107256;8.671333644868234,17.07150743406474,2.253312479519481;3.8861572889029055,10.246602592068822,2.4314266735051406"
33,drone_5,11.522,16.668,2.877,16.488,"6.683184288703654,17.699103959212035,0.4602261832052541;15.21577253005351,11.074522045419549,0.30406892767535965;1.3366213338497328,5.185588936355771,1.3119481483461524;14.557489970614855,15.662633469679074,1.2318328402115744;3.3364748895498098,5.070252215065476,1.2583245199670745;3.7482668538853474,3.871653614817813,0.9789838989544486;6.250726309333378,2.9499279952108335,2.0458167500197293;19.278803210629658,6.419059217211331,0.3507678650306102;3.4941419371470674,2.202105313808735,1.355110052215222;17.28236130049939,8.816585209620452,2.4311720247107256;8.671333644868234,17.07150743406474,2.253312479519481;3.8861572889029055,10.246602592068822,2.4314266735051406"
33,drone_6,8.405,10.839,2.877,16.488,"6.683184288703654,17.699103959212035,0.4602261832052541;15.21577253005351,11.074522045419549,0.30406892767535965;1.3366213338497328,5.185588936355771,1.3119481483461524;14.557489970614855,15.662633469679074,1.2318328402115744;3.3364748895498098,5.070252215065476,1.2583245199670745;3.7482668538853474,3.871653614817813,0.9789838989544486;6.250726309333378,2.9499279952108335,2.0458167500197293;19.278803210629658,6.419059217211331,0.3507678650306102;3.4941419371470674,2.202105313808735,1.355110052215222;17.28236130049939,8.816585209620452,2.4311720247107256;8.671333644868234,17.07150743406474,2.253312479519481;3.8861572889029055,10.246602592068822,2.4314266735051406"
33,drone_7,9.578,13.113,2.877,16.488,"6.683184288703654,17.699103959212035,0.4602261832052541;15.21577253005351,11.074522045419549,0.30406892767535965;1.3366213338497328,5.185588936355771,1.3119481483461524;14.557489970614855,15.662633469679074,1.2318328402115744;3.3364748895498098,5.070252215065476,1.2583245199670745;3.7482668538853474,3.871653614817813,0.9789838989544486;6.250726309333378,2.9499279952108335,2.0458167500197293;19.278803210629658,6.419059217211331,0.3507678650306102;3.4941419371470674,2.202105313808735,1.355110052215222;17.28236130049939,8.816585209620452,2.4311720247107256;8.671333644868234,17.07150743406474,2.253312479519481;3.8861572889029055,10.246602592068822,2.4314266735051406"
33,drone_8,12.277,6.053,2.877,16.488,"6.683184288703654,17.699103959212035,0.4602261832052541;15.21577253005351,11.074522045419549,0.30406892767535965;1.3366213338497328,5.185588936355771,1.3119481483461524;14.557489970614855,15.662633469679074,1.2318328402115744;3.3364748895498098,5.070252215065476,1.2583245199670745;3.7482668538853474,3.871653614817813,0.9789838989544486;6.250726309333378,2.9499279952108335,2.0458167500197293;19.278803210629658,6.419059217211331,0.3507678650306102;3.4941419371470674,2.202105313808735,1.355110052215222;17.28236130049939,8.816585209620452,2.4311720247107256;8.671333644868234,17.07150743406474,2.253312479519481;3.8861572889029055,10.246602592068822,2.4314266735051406"
34,drone_0,6.904,10.808,2.877,16.488,"6.683184288703654,17.699103959212035,0.4602261832052541;15.21577253005351,11.074522045419549,0.30406892767535965;1.3366213338497328,5.185588936355771,1.3119481483461524;14.557489970614855,15.662633469679074,1.2318328402115744;3.3364748895498098,5.070252215065476,1.2583245199670745;3.7482668538853474,3.871653614817813,0.9789838989544486;6.250726309333378,2.9499279952108335,2.0458167500197293;19.278803210629658,6.419059217211331,0.3507678650306102;3.4941419371470674,2.202105313808735,1.355110052215222;17.28236130049939,8.816585209620452,2.4311720247107256;8.671333644868234,17.07150743406474,2.253312479519481;3.8861572889029055,10.246602592068822,2.4314266735051406"
34,drone_1,4.594,14.295,2.877,16.488,"6.683184288703654,17.699103959212035,0.4602261832052541;15.21577253005351,11.074522045419549,0.30406892767535965;1.3366213338497328,5.185588936355771,1.3119481483461524;14.557489970614855,15.662633469679074,1.2318328402115744;3.3364748895498098,5.070252215065476,1.2583245199670745;3.7482668538853474,3.871653614817813,0.9789838989544486;6.250726309333378,2.9499279952108335,2.0458167500197293;19.278803210629658,6.419059217211331,0.3507678650306102;3.4941419371470674,2.202105313808735,1.355110052215222;17.28236130049939,8.816585209620452,2.4311720247107256;8.671333644868234,17.07150743406474,2.253312479519481;3.8861572889029055,10.246602592068822,2.4314266735051406"
34,drone_2,7.277,11.811,2.877,16.488,"6.683184288703654,17.699103959212035,0.4602261832052541;15.21577253005351,11.074522045419549,0.30406892767535965;1.3366213338497328,5.185588936355771,1.3119481483461524;14.557489970614855,15.662633469679074,1.2318328402115744;3.3364748895498098,5.070252215065476,1.2583245199670745;3.7482668538853474,3.871653614817813,0.9789838989544486;6.250726309333378,2.9499279952108335,2.0458167500197293;19.278803210629658,6.419059217211331,0.3507678650306102;3.4941419371470674,2.202105313808735,1.355110052215222;17.28236130049939,8.816585209620452,2.4311720247107256;8.671333644868234,17.07150743406474,2.253312479519481;3.8861572889029055,10.246602592068822,2.4314266735051406"
34,drone_3,9.695,14.340,2.877,16.488,"6.683184288703654,17.699103959212035,0.4602261832052541;15.21577253005351,11.074522045419549,0.30406892767535965;1.3366213338497328,5.185588936355771,1.3119481483461524;14.557489970614855,15.662633469679074,1.2318328402115744;3.3364748895498098,5.070252215065476,1.2583245199670745;3.7482668538853474,3.871653614817813,0.9789838989544486;6.250726309333378,2.9499279952108335,2.0458167500197293;19.278803210629658,6.419059217211331,0.3507678650306102;3.4941419371470674,2.202105313808735,1.355110052215222;17.28236130049939,8.816585209620452,2.4311720247107256;8.671333644868234,17.07150743406474,2.253312479519481;3.8861572889029055,10.246602592068822,2.4314266735051406"
34,drone_4,3.841,16.345,2.877,16.488,"6.683184288703654,17.699103959212035,0.4602261832052541;15.21577253005351,11.074522045419549,0.30406892767535965;1.3366213338497328,5.185588936355771,1.3119481483461524;14.557489970614855,15.662633469679074,1.2318328402115744;3.3364748895498098,5.070252215065476,1.2583245199670745;3.7482668538853474,3.871653614817813,0.9789838989544486;6.250726309333378,2.9499279952108335,2.0458167500197293;19.278803210629658,6.419059217211331,0.3507678650306102;3.4941419371470674,2.202105313808735,1.355110052215222;17.28236130049939,8.816585209620452,2.4311720247107256;8.671333644868234,17.07150743406474,2.253312479519481;3.8861572889029055,10.246602592068822,2.4314266735051406"
34,drone_5,11.474,16.474,2.877,16.488,"6.683184288703654,17.699103959212035,0.4602261832052541;15.21577253005351,11.074522045419549,0.30406892767535965;1.3366213338497328,5.185588936355771,1.3119481483461524;14.557489970614855,15.662633469679074,1.2318328402115744;3.3364748895498098,5.070252215065476,1.2583245199670745;3.7482668538853474,3.871653614817813,0.9789838989544486;6.250726309333378,2.9499279952108335,2.0458167500197293;19.278803210629658,6.419059217211331,0.3507678650306102;3.4941419371470674,2.202105313808735,1.355110052215222;17.28236130049939,8.816585209620452,2.4311720247107256;8.671333644868234,17.07150743406474,2.253312479519481;3.8861572889029055,10.246602592068822,2.4314266735051406"
34,drone_6,8.275,10.991,2.877,16.488,"6.683184288703654,17.699103959212035,0.4602261832052541;15.21577253005351,11.074522045419549,0.30406892767535965;1.3366213338497328,5.185588936355771,1.3119481483461524;14.557489970614855,15.662633469679074,1.2318328402115744;3.3364748895498098,5.070252215065476,1.2583245199670745;3.7482668538853474,3.871653614817813,0.9789838989544486;6.250726309333378,2.9499279952108335,2.0458167500197293;19.278803210629658,6.419059217211331,0.3507678650306102;3.4941419371470674,2.202105313808735,1.355110052215222;17.28236130049939,8.816585209620452,2.4311720247107256;8.671333644868234,17.07150743406474,2.253312479519481;3.8861572889029055,10.246602592068822,2.4314266735051406"
34,drone_7,9.393,13.189,2.877,16.488,"6.683184288703654,17.699103959212035,0.4602261832052541;15.21577253005351,11.074522045419549,0.30406892767535965;1.3366213338497328,5.185588936355771,1.3119481483461524;14.557489970614855,15.662633469679074,1.2318328402115744;3.3364748895498098,5.070252215065476,1.2583245199670745;3.7482668538853474,3.871653614817813,0.9789838989544486;6.250726309333378,2.9499279952108335,2.0458167500197293;19.278803210629658,6.419059217211331,0.3507678650306102;3.4941419371470674,2.202105313808735,1.355110052215222;17.28236130049939,8.816585209620452,2.4311720247107256;8.671333644868234,17.07150743406474,2.253312479519481;3.8861572889029055,10.246602592068822,2.4314266735051406"
34,drone_8,12.136,6.195,2.877,16.488,"6.683184288703654,17.699103959212035,0.4602261832052541;15.21577253005351,11.074522045419549,0.30406892767535965;1.3366213338497328,5.185588936355771,1.3119481483461524;14.557489970614855,15.662633469679074,1.2318328402115744;3.3364748895498098,5.070252215065476,1.2583245199670745;3.7482668538853474,3.871653614817813,0.9789838989544486;6.250726309333378,2.9499279952108335,2.0458167500197293;19.278803210629658,6.419059217211331,0.3507678650306102;3.4941419371470674,2.202105313808735,1.355110052215222;17.28236130049939,8.816585209620452,2.4311720247107256;8.671333644868234,17.07150743406474,2.253312479519481;3.8861572889029055,10.246602592068822,2.4314266735051406"
35,drone_0,6.812,10.986,2.877,16.488,"6.683184288703654,17.699103959212035,0.4602261832052541;15.21577253005351,11.074522045419549,0.30406892767535965;1.3366213338497328,5.185588936355771,1.3119481483461524;14.557489970614855,15.662633469679074,1.2318328402115744;3.3364748895498098,5.070252215065476,1.2583245199670745;3.7482668538853474,3.871653614817813,0.9789838989544486;6.250726309333378,2.9499279952108335,2.0458167500197293;19.278803210629658,6.419059217211331,0.3507678650306102;3.4941419371470674,2.202105313808735,1.355110052215222;17.28236130049939,8.816585209620452,2.4311720247107256;8.671333644868234,17.07150743406474,2.253312479519481;3.8861572889029055,10.246602592068822,2.4314266735051406"
35,drone_1,4.453,14.436,2.877,16.488,"6.683184288703654,17.699103959212035,0.4602261832052541;15.21577253005351,11.074522045419549,0.30406892767535965;1.3366213338497328,5.185588936355771,1.3119481483461524;14.557489970614855,15.662633469679074,1.2318328402115744;3.3364748895498098,5.070252215065476,1.2583245199670745;3.7482668538853474,3.871653614817813,0.9789838989544486;6.250726309333378,2.9499279952108335,2.0458167500197293;19.278803210629658,6.419059217211331,0.3507678650306102;3.4941419371470674,2.202105313808735,1.355110052215222;17.28236130049939,8.816585209620452,2.4311720247107256;8.671333644868234,17.07150743406474,2.253312479519481;3.8861572889029055,10.246602592068822,2.4314266735051406"
35,drone_2,7.156,11.933,2.877,16.488,"6.683184288703654,17.699103959212035,0.4602261832052541;15.21577253005351,11.074522045419549,0.30406892767535965;1.3366213338497328,5.185588936355771,1.3119481483461524;14.557489970614855,15.662633469679074,1.2318328402115744;3.3364748895498098,5.070252215065476,1.2583245199670745;3.7482668538853474,3.871653614817813,0.9789838989544486;6.250726309333378,2.9499279952108335,2.0458167500197293;19.278803210629658,6.419059217211331,0.3507678650306102;3.4941419371470674,2.202105313808735,1.355110052215222;17.28236130049939,8.816585209620452,2.4311720247107256;8.671333644868234,17.07150743406474,2.253312479519481;3.8861572889029055,10.246602592068822,2.4314266735051406"
35,drone_3,9.496,14.320,2.877,16.488,"6.683184288703654,17.699103959212035,0.4602261832052541;15.21577253005351,11.074522045419549,0.30406892767535965;1.3366213338497328,5.185588936355771,1.3119481483461524;14.557489970614855,15.662633469679074,1.2318328402115744;3.3364748895498098,5.070252215065476,1.2583245199670745;3.7482668538853474,3.871653614817813,0.9789838989544486;6.250726309333378,2.9499279952108335,2.0458167500197293;19.278803210629658,6.419059217211331,0.3507678650306102;3.4941419371470674,2.202105313808735,1.355110052215222;17.28236130049939,8.816585209620452,2.4311720247107256;8.671333644868234,17.07150743406474,2.253312479519481;3.8861572889029055,10.246602592068822,2.4314266735051406"
35,drone_4,3.669,16.446,2.877,16.488,"6.683184288703654,17.699103959212035,0.4602261832052541;15.21577253005351,11.074522045419549,0.30406892767535965;1.3366213338497328,5.185588936355771,1.3119481483461524;14.557489970614855,15.662633469679074,1.2318328402115744;3.3364748895498098,5.070252215065476,1.2583245199670745;3.7482668538853474,3.871653614817813,0.9789838989544486;6.250726309333378,2.9499279952108335,2.0458167500197293;19.278803210629658,6.419059217211331,0.3507678650306102;3.4941419371470674,2.202105313808735,1.355110052215222;17.28236130049939,8.816585209620452,2.4311720247107256;8.671333644868234,17.07150743406474,2.253312479519481;3.8861572889029055,10.246602592068822,2.4314266735051406"
35,drone_5,11.505,16.312,2.877,16.488,"6.683184288703654,17.699103959212035,0.4602261832052541;15.21577253005351,11.074522045419549,0.30406892767535965;1.3366213338497328,5.185588936355771,1.3119481483461524;14.557489970614855,15.662633469679074,1.2318328402115744;3.3364748895498098,5.070252215065476,1.2583245199670745;3.7482668538853474,3.871653614817813,0.9789838989544486;6.250726309333378,2.9499279952108335,2.0458167500197293;19.278803210629658,6.419059217211331,0.3507678650306102;3.4941419371470674,2.202105313808735,1.355110052215222;17.28236130049939,8.816585209620452,2.4311720247107256;8.671333644868234,17.07150743406474,2.253312479519481;3.8861572889029055,10.246602592068822,2.4314266735051406"
35,drone_6,8.153,11.150,2.877,16.488,"6.683184288703654,17.699103959212035,0.4602261832052541;15.21577253005351,11.074522045419549,0.30406892767535965;1.3366213338497328,5.185588936355771,1.3119481483461524;14.557489970614855,15.662633469679074,1.2318328402115744;3.3364748895498098,5.070252215065476,1.2583245199670745;3.7482668538853474,3.871653614817813,0.9789838989544486;6.250726309333378,2.9499279952108335,2.0458167500197293;19.278803210629658,6.419059217211331,0.3507678650306102;3.4941419371470674,2.202105313808735,1.355110052215222;17.28236130049939,8.816585209620452,2.4311720247107256;8.671333644868234,17.07150743406474,2.253312479519481;3.8861572889029055,10.246602592068822,2.4314266735051406"
35,drone_7,9.210,13.269,2.877,16.488,"6.683184288703654,17.699103959212035,0.4602261832052541;15.21577253005351,11.074522045419549,0.30406892767535965;1.3366213338497328,5.185588936355771,1.3119481483461524;14.557489970614855,15.662633469679074,1.2318328402115744;3.3364748895498098,5.070252215065476,1.2583245199670745;3.7482668538853474,3.871653614817813,0.9789838989544486;6.250726309333378,2.9499279952108335,2.0458167500197293;19.278803210629658,6.419059217211331,0.3507678650306102;3.4941419371470674,2.202105313808735,1.355110052215222;17.28236130049939,8.816585209620452,2.4311720247107256;8.671333644868234,17.07150743406474,2.253312479519481;3.8861572889029055,10.246602592068822,2.4314266735051406"
35,drone_8,11.994,6.336,2.877,16.488,"6.683184288703654,17.699103959212035,0.4602261832052541;15.21577253005351,11.074522045419549,0.30406892767535965;1.3366213338497328,5.185588936355771,1.3119481483461524;14.557489970614855,15.662633469679074,1.2318328402115744;3.3364748895498098,5.070252215065476,1.2583245199670745;3.7482668538853474,3.871653614817813,0.9789838989544486;6.250726309333378,2.9499279952108335,2.0458167500197293;19.278803210629658,6.419059217211331,0.3507678650306102;3.4941419371470674,2.202105313808735,1.355110052215222;17.28236130049939,8.816585209620452,2.4311720247107256;8.671333644868234,17.07150743406474,2.253312479519481;3.8861572889029055,10.246602592068822,2.4314266735051406"
36,drone_0,6.741,11.173,2.877,16.488,"6.683184288703654,17.699103959212035,0.4602261832052541;15.21577253005351,11.074522045419549,0.30406892767535965;1.3366213338497328,5.185588936355771,1.3119481483461524;14.557489970614855,15.662633469679074,1.2318328402115744;3.3364748895498098,5.070252215065476,1.2583245199670745;3.7482668538853474,3.871653614817813,0.9789838989544486;6.250726309333378,2.9499279952108335,2.0458167500197293;19.278803210629658,6.419059217211331,0.3507678650306102;3.4941419371470674,2.202105313808735,1.355110052215222;17.28236130049939,8.816585209620452,2.4311720247107256;8.671333644868234,17.07150743406474,2.253312479519481;3.8861572889029055,10.246602592068822,2.4314266735051406"
36,drone_1,4.312,14.578,2.877,16.488,"6.683184288703654,17.699103959212035,0.4602261832052541;15.21577253005351,11.074522045419549,0.30406892767535965;1.3366213338497328,5.185588936355771,1.3119481483461524;14.557489970614855,15.662633469679074,1.2318328402115744;3.3364748895498098,5.070252215065476,1.2583245199670745;3.7482668538853474,3.871653614817813,0.9789838989544486;6.250726309333378,2.9499279952108335,2.0458167500197293;19.278803210629658,6.419059217211331,0.3507678650306102;3.4941419371470674,2.202105313808735,1.355110052215222;17.28236130049939,8.816585209620452,2.4311720247107256;8.671333644868234,17.07150743406474,2.253312479519481;3.8861572889029055,10.246602592068822,2.4314266735051406"
36,drone_2,7.035,12.055,2.877,16.488,"6.683184288703654,17.699103959212035,0.4602261832052541;15.21577253005351,11.074522045419549,0.30406892767535965;1.3366213338497328,5.185588936355771,1.3119481483461524;14.557489970614855,15.662633469679074,1.2318328402115744;3.3364748895498098,5.070252215065476,1.2583245199670745;3.7482668538853474,3.871653614817813,0.9789838989544486;6.250726309333378,2.9499279952108335,2.0458167500197293;19.278803210629658,6.419059217211331,0.3507678650306102;3.4941419371470674,2.202105313808735,1.355110052215222;17.28236130049939,8.816585209620452,2.4311720247107256;8.671333644868234,17.07150743406474,2.253312479519481;3.8861572889029055,10.246602592068822,2.4314266735051406"
36,drone_3,9.311,14.245,2.877,16.488,"6.683184288703654,17.699103959212035,0.4602261832052541;15.21577253005351,11.074522045419549,0.30406892767535965;1.3366213338497328,5.185588936355771,1.3119481483461524;14.557489970614855,15.662633469679074,1.2318328402115744;3.3364748895498098,5.070252215065476,1.2583245199670745;3.7482668538853474,3.871653614817813,0.9789838989544486;6.250726309333378,2.9499279952108335,2.0458167500197293;19.278803210629658,6.419059217211331,0.3507678650306102;3.4941419371470674,2.202105313808735,1.355110052215222;17.28236130049939,8.816585209620452,2.4311720247107256;8.671333644868234,17.07150743406474,2.253312479519481;3.8861572889029055,10.246602592068822,2.4314266735051406"
36,drone_5,11.436,16.142,2.877,16.488,"6.683184288703654,17.699103959212035,0.4602261832052541;15.21577253005351,11.074522045419549,0.30406892767535965;1.3366213338497328,5.185588936355771,1.3119481483461524;14.557489970614855,15.662633469679074,1.2318328402115744;3.3364748895498098,5.070252215065476,1.2583245199670745;3.7482668538853474,3.871653614817813,0.9789838989544486;6.250726309333378,2.9499279952108335,2.0458167500197293;19.278803210629658,6.419059217211331,0.3507678650306102;3.4941419371470674,2.202105313808735,1.355110052215222;17.28236130049939,8.816585209620452,2.4311720247107256;8.671333644868234,17.07150743406474,2.253312479519481;3.8861572889029055,10.246602592068822,2.4314266735051406"
36,drone_6,8.023,11.301,2.877,16.488,"6.683184288703654,17.699103959212035,0.4602261832052541;15.21577253005351,11.074522045419549,0.30406892767535965;1.3366213338497328,5.185588936355771,1.3119481483461524;14.557489970614855,15.662633469679074,1.2318328402115744;3.3364748895498098,5.070252215065476,1.2583245199670745;3.7482668538853474,3.871653614817813,0.9789838989544486;6.250726309333378,2.9499279952108335,2.0458167500197293;19.278803210629658,6.419059217211331,0.3507678650306102;3.4941419371470674,2.202105313808735,1.355110052215222;17.28236130049939,8.816585209620452,2.4311720247107256;8.671333644868234,17.07150743406474,2.253312479519481;3.8861572889029055,10.246602592068822,2.4314266735051406"
36,drone_7,9.049,13.330,2.877,16.488,"6.683184288703654,17.699103959212035,0.4602261832052541;15.21577253005351,11.074522045419549,0.30406892767535965;1.3366213338497328,5.185588936355771,1.3119481483461524;14.557489970614855,15.662633469679074,1.2318328402115744;3.3364748895498098,5.070252215065476,1.2583245199670745;3.7482668538853474,3.871653614817813,0.9789838989544486;6.250726309333378,2.9499279952108335,2.0458167500197293;19.278803210629658,6.419059217211331,0.3507678650306102;3.4941419371470674,2.202105313808735,1.355110052215222;17.28236130049939,8.816585209620452,2.4311720247107256;8.671333644868234,17.07150743406474,2.253312479519481;3.8861572889029055,10.246602592068822,2.4314266735051406"
36,drone_8,11.853,6.478,2.877,16.488,"6.683184288703654,17.699103959212035,0.4602261832052541;15.21577253005351,11.074522045419549,0.30406892767535965;1.3366213338497328,5.185588936355771,1.3119481483461524;14.557489970614855,15.662633469679074,1.2318328402115744;3.3364748895498098,5.070252215065476,1.2583245199670745;3.7482668538853474,3.871653614817813,0.9789838989544486;6.250726309333378,2.9499279952108335,2.0458167500197293;19.278803210629658,6.419059217211331,0.3507678650306102;3.4941419371470674,2.202105313808735,1.355110052215222;17.28236130049939,8.816585209620452,2.4311720247107256;8.671333644868234,17.07150743406474,2.253312479519481;3.8861572889029055,10.246602592068822,2.4314266735051406"
37,drone_0,6.672,11.330,2.877,16.488,"6.683184288703654,17.699103959212035,0.4602261832052541;15.21577253005351,11.074522045419549,0.30406892767535965;1.3366213338497328,5.185588936355771,1.3119481483461524;14.557489970614855,15.662633469679074,1.2318328402115744;3.3364748895498098,5.070252215065476,1.2583245199670745;3.7482668538853474,3.871653614817813,0.9789838989544486;6.250726309333378,2.9499279952108335,2.0458167500197293;19.278803210629658,6.419059217211331,0.3507678650306102;3.4941419371470674,2.202105313808735,1.355110052215222;17.28236130049939,8.816585209620452,2.4311720247107256;8.671333644868234,17.07150743406474,2.253312479519481;3.8861572889029055,10.246602592068822,2.4314266735051406"
37,drone_1,4.170,14.719,2.877,16.488,"6.683184288703654,17.699103959212035,0.4602261832052541;15.21577253005351,11.074522045419549,0.30406892767535965;1.3366213338497328,5.185588936355771,1.3119481483461524;14.557489970614855,15.662633469679074,1.2318328402115744;3.3364748895498098,5.070252215065476,1.2583245199670745;3.7482668538853474,3.871653614817813,0.9789838989544486;6.250726309333378,2.9499279952108335,2.0458167500197293;19.278803210629658,6.419059217211331,0.3507678650306102;3.4941419371470674,2.202105313808735,1.355110052215222;17.28236130049939,8.816585209620452,2.4311720247107256;8.671333644868234,17.07150743406474,2.253312479519481;3.8861572889029055,10.246602592068822,2.4314266735051406"
37,drone_2,6.913,12.176,2.877,16.488,"6.683184288703654,17.699103959212035,0.4602261832052541;15.21577253005351,11.074522045419549,0.30406892767535965;1.3366213338497328,5.185588936355771,1.3119481483461524;14.557489970614855,15.662633469679074,1.2318328402115744;3.3364748895498098,5.070252215065476,1.2583245199670745;3.7482668538853474,3.871653614817813,0.9789838989544486;6.250726309333378,2.9499279952108335,2.0458167500197293;19.278803210629658,6.419059217211331,0.3507678650306102;3.4941419371470674,2.202105313808735,1.355110052215222;17.28236130049939,8.816585209620452,2.4311720247107256;8.671333644868234,17.07150743406474,2.253312479519481;3.8861572889029055,10.246602592068822,2.4314266735051406"
37,drone_3,9.139,14.235,2.877,16.488,"6.683184288703654,17.699103959212035,0.4602261832052541;15.21577253005351,11.074522045419549,0.30406892767535965;1.3366213338497328,5.185588936355771,1.3119481483461524;14.557489970614855,15.662633469679074,1.2318328402115744;3.3364748895498098,5.070252215065476,1.2583245199670745;3.7482668538853474,3.871653614817813,0.9789838989544486;6.250726309333378,2.9499279952108335,2.0458167500197293;19.278803210629658,6.419059217211331,0.3507678650306102;3.4941419371470674,2.202105313808735,1.355110052215222;17.28236130049939,8.816585209620452,2.4311720247107256;8.671333644868234,17.07150743406474,2.253312479519481;3.8861572889029055,10.246602592068822,2.4314266735051406"
37,drone_5,11.401,15.981,2.877,16.488,"6.683184288703654,17.699103959212035,0.4602261832052541;15.21577253005351,11.074522045419549,0.30406892767535965;1.3366213338497328,5.185588936355771,1.3119481483461524;14.557489970614855,15.662633469679074,1.2318328402115744;3.3364748895498098,5.070252215065476,1.2583245199670745;3.7482668538853474,3.871653614817813,0.9789838989544486;6.250726309333378,2.9499279952108335,2.0458167500197293;19.278803210629658,6.419059217211331,0.3507678650306102;3.4941419371470674,2.202105313808735,1.355110052215222;17.28236130049939,8.816585209620452,2.4311720247107256;8.671333644868234,17.07150743406474,2.253312479519481;3.8861572889029055,10.246602592068822,2.4314266735051406"
37,drone_6,7.894,11.454,2.877,16.488,"6.683184288703654,17.699103959212035,0.4602261832052541;15.21577253005351,11.074522045419549,0.30406892767535965;1.3366213338497328,5.185588936355771,1.3119481483461524;14.557489970614855,15.662633469679074,1.2318328402115744;3.3364748895498098,5.070252215065476,1.2583245199670745;3.7482668538853474,3.871653614817813,0.9789838989544486;6.250726309333378,2.9499279952108335,2.0458167500197293;19.278803210629658,6.419059217211331,0.3507678650306102;3.4941419371470674,2.202105313808735,1.355110052215222;17.28236130049939,8.816585209620452,2.4311720247107256;8.671333644868234,17.07150743406474,2.253312479519481;3.8861572889029055,10.246602592068822,2.4314266735051406"
37,drone_7,8.889,13.394,2.877,16.488,"6.683184288703654,17.699103959212035,0.4602261832052541;15.21577253005351,11.074522045419549,0.30406892767535965;1.3366213338497328,5.185588936355771,1.3119481483461524;14.557489970614855,15.662633469679074,1.2318328402115744;3.3364748895498098,5.070252215065476,1.2583245199670745;3.7482668538853474,3.871653614817813,0.9789838989544486;6.250726309333378,2.9499279952108335,2.0458167500197293;19.278803210629658,6.419059217211331,0.3507678650306102;3.4941419371470674,2.202105313808735,1.355110052215222;17.28236130049939,8.816585209620452,2.4311720247107256;8.671333644868234,17.07150743406474,2.253312479519481;3.8861572889029055,10.246602592068822,2.4314266735051406"
37,drone_8,11.711,6.619,2.877,16.488,"6.683184288703654,17.699103959212035,0.4602261832052541;15.21577253005351,11.074522045419549,0.30406892767535965;1.3366213338497328,5.185588936355771,1.3119481483461524;14.557489970614855,15.662633469679074,1.2318328402115744;3.3364748895498098,5.070252215065476,1.2583245199670745;3.7482668538853474,3.871653614817813,0.9789838989544486;6.250726309333378,2.9499279952108335,2.0458167500197293;19.278803210629658,6.419059217211331,0.3507678650306102;3.4941419371470674,2.202105313808735,1.355110052215222;17.28236130049939,8.816585209620452,2.4311720247107256;8.671333644868234,17.07150743406474,2.253312479519481;3.8861572889029055,10.246602592068822,2.4314266735051406"
38,drone_0,6.645,11.500,2.877,16.488,"6.683184288703654,17.699103959212035,0.4602261832052541;15.21577253005351,11.074522045419549,0.30406892767535965;1.3366213338497328,5.185588936355771,1.3119481483461524;14.557489970614855,15.662633469679074,1.2318328402115744;3.3364748895498098,5.070252215065476,1.2583245199670745;3.7482668538853474,3.871653614817813,0.9789838989544486;6.250726309333378,2.9499279952108335,2.0458167500197293;19.278803210629658,6.419059217211331,0.3507678650306102;3.4941419371470674,2.202105313808735,1.355110052215222;17.28236130049939,8.816585209620452,2.4311720247107256;8.671333644868234,17.07150743406474,2.253312479519481;3.8861572889029055,10.246602592068822,2.4314266735051406"
38,drone_1,4.029,14.861,2.877,16.488,"6.683184288703654,17.699103959212035,0.4602261832052541;15.21577253005351,11.074522045419549,0.30406892767535965;1.3366213338497328,5.185588936355771,1.3119481483461524;14.557489970614855,15.662633469679074,1.2318328402115744;3.3364748895498098,5.070252215065476,1.2583245199670745;3.7482668538853474,3.871653614817813,0.9789838989544486;6.250726309333378,2.9499279952108335,2.0458167500197293;19.278803210629658,6.419059217211331,0.3507678650306102;3.4941419371470674,2.202105313808735,1.355110052215222;17.28236130049939,8.816585209620452,2.4311720247107256;8.671333644868234,17.07150743406474,2.253312479519481;3.8861572889029055,10.246602592068822,2.4314266735051406"
38,drone_2,6.796,12.303,2.877,16.488,"6.683184288703654,17.699103959212035,0.4602261832052541;15.21577253005351,11.074522045419549,0.30406892767535965;1.3366213338497328,5.185588936355771,1.3119481483461524;14.557489970614855,15.662633469679074,1.2318328402115744;3.3364748895498098,5.070252215065476,1.2583245199670745;3.7482668538853474,3.871653614817813,0.9789838989544486;6.250726309333378,2.9499279952108335,2.0458167500197293;19.278803210629658,6.419059217211331,0.3507678650306102;3.4941419371470674,2.202105313808735,1.355110052215222;17.28236130049939,8.816585209620452,2.4311720247107256;8.671333644868234,17.07150743406474,2.253312479519481;3.8861572889029055,10.246602592068822,2.4314266735051406"
38,drone_3,8.974,14.285,2.877,16.488,"6.683184288703654,17.699103959212035,0.4602261832052541;15.21577253005351,11.074522045419549,0.30406892767535965;1.3366213338497328,5.185588936355771,1.3119481483461524;14.557489970614855,15.662633469679074,1.2318328402115744;3.3364748895498098,5.070252215065476,1.2583245199670745;3.7482668538853474,3.871653614817813,0.9789838989544486;6.250726309333378,2.9499279952108335,2.0458167500197293;19.278803210629658,6.419059217211331,0.3507678650306102;3.4941419371470674,2.202105313808735,1.355110052215222;17.28236130049939,8.816585209620452,2.4311720247107256;8.671333644868234,17.07150743406474,2.253312479519481;3.8861572889029055,10.246602592068822,2.4314266735051406"
38,drone_5,11.266,15.873,2.877,16.488,"6.683184288703654,17.699103959212035,0.4602261832052541;15.21577253005351,11.074522045419549,0.30406892767535965;1.3366213338497328,5.185588936355771,1.3119481483461524;14.557489970614855,15.662633469679074,1.2318328402115744;3.3364748895498098,5.070252215065476,1.2583245199670745;3.7482668538853474,3.871653614817813,0.9789838989544486;6.250726309333378,2.9499279952108335,2.0458167500197293;19.278803210629658,6.419059217211331,0.3507678650306102;3.4941419371470674,2.202105313808735,1.355110052215222;17.28236130049939,8.816585209620452,2.4311720247107256;8.671333644868234,17.07150743406474,2.253312479519481;3.8861572889029055,10.246602592068822,2.4314266735051406"
38,drone_6,7.760,11.603,2.877,16.488,"6.683184288703654,17.699103959212035,0.4602261832052541;15.21577253005351,11.074522045419549,0.30406892767535965;1.3366213338497328,5.185588936355771,1.3119481483461524;14.557489970614855,15.662633469679074,1.2318328402115744;3.3364748895498098,5.070252215065476,1.2583245199670745;3.7482668538853474,3.871653614817813,0.9789838989544486;6.250726309333378,2.9499279952108335,2.0458167500197293;19.278803210629658,6.419059217211331,0.3507678650306102;3.4941419371470674,2.202105313808735,1.355110052215222;17.28236130049939,8.816585209620452,2.4311720247107256;8.671333644868234,17.07150743406474,2.253312479519481;3.8861572889029055,10.246602592068822,2.4314266735051406"
38,drone_7,8.740,13.481,2.877,16.488,"6.683184288703654,17.699103959212035,0.4602261832052541;15.21577253005351,11.074522045419549,0.30406892767535965;1.3366213338497328,5.185588936355771,1.3119481483461524;14.557489970614855,15.662633469679074,1.2318328402115744;3.3364748895498098,5.070252215065476,1.2583245199670745;3.7482668538853474,3.871653614817813,0.9789838989544486;6.250726309333378,2.9499279952108335,2.0458167500197293;19.278803210629658,6.419059217211331,0.3507678650306102;3.4941419371470674,2.202105313808735,1.355110052215222;17.28236130049939,8.816585209620452,2.4311720247107256;8.671333644868234,17.07150743406474,2.253312479519481;3.8861572889029055,10.246602592068822,2.4314266735051406"
38,drone_8,11.570,6.761,2.877,16.488,"6.683184288703654,17.699103959212035,0.4602261832052541;15.21577253005351,11.074522045419549,0.30406892767535965;1.3366213338497328,5.185588936355771,1.3119481483461524;14.557489970614855,15.662633469679074,1.2318328402115744;3.3364748895498098,5.070252215065476,1.2583245199670745;3.7482668538853474,3.871653614817813,0.9789838989544486;6.250726309333378,2.9499279952108335,2.0458167500197293;19.278803210629658,6.419059217211331,0.3507678650306102;3.4941419371470674,2.202105313808735,1.355110052215222;17.28236130049939,8.816585209620452,2.4311720247107256;8.671333644868234,17.07150743406474,2.253312479519481;3.8861572889029055,10.246602592068822,2.4314266735051406"
39,drone_0,6.572,11.656,2.877,16.488,"6.683184288703654,17.699103959212035,0.4602261832052541;15.21577253005351,11.074522045419549,0.30406892767535965;1.3366213338497328,5.185588936355771,1.3119481483461524;14.557489970614855,15.662633469679074,1.2318328402115744;3.3364748895498098,5.070252215065476,1.2583245199670745;3.7482668538853474,3.871653614817813,0.9789838989544486;6.250726309333378,2.9499279952108335,2.0458167500197293;19.278803210629658,6.419059217211331,0.3507678650306102;3.4941419371470674,2.202105313808735,1.355110052215222;17.28236130049939,8.816585209620452,2.4311720247107256;8.671333644868234,17.07150743406474,2.253312479519481;3.8861572889029055,10.246602592068822,2.4314266735051406"
39,drone_1,3.887,15.002,2.877,16.488,"6.683184288703654,17.699103959212035,0.4602261832052541;15.21577253005351,11.074522045419549,0.30406892767535965;1.3366213338497328,5.185588936355771,1.3119481483461524;14.557489970614855,15.662633469679074,1.2318328402115744;3.3364748895498098,5.070252215065476,1.2583245199670745;3.7482668538853474,3.871653614817813,0.9789838989544486;6.250726309333378,2.9499279952108335,2.0458167500197293;19.278803210629658,6.419059217211331,0.3507678650306102;3.4941419371470674,2.202105313808735,1.355110052215222;17.28236130049939,8.816585209620452,2.4311720247107256;8.671333644868234,17.07150743406474,2.253312479519481;3.8861572889029055,10.246602592068822,2.4314266735051406"
39,drone_2,6.696,12.443,2.877,16.488,"6.683184288703654,17.699103959212035,0.4602261832052541;15.21577253005351,11.074522045419549,0.30406892767535965;1.3366213338497328,5.185588936355771,1.3119481483461524;14.557489970614855,15.662633469679074,1.2318328402115744;3.3364748895498098,5.070252215065476,1.2583245199670745;3.7482668538853474,3.871653614817813,0.9789838989544486;6.250726309333378,2.9499279952108335,2.0458167500197293;19.278803210629658,6.419059217211331,0.3507678650306102;3.4941419371470674,2.202105313808735,1.355110052215222;17.28236130049939,8.816585209620452,2.4311720247107256;8.671333644868234,17.07150743406474,2.253312479519481;3.8861572889029055,10.246602592068822,2.4314266735051406"
39,drone_3,8.805,14.253,2.877,16.488,"6.683184288703654,17.699103959212035,0.4602261832052541;15.21577253005351,11.074522045419549,0.30406892767535965;1.3366213338497328,5.185588936355771,1.3119481483461524;14.557489970614855,15.662633469679074,1.2318328402115744;3.3364748895498098,5.070252215065476,1.2583245199670745;3.7482668538853474,3.871653614817813,0.9789838989544486;6.250726309333378,2.9499279952108335,2.0458167500197293;19.278803210629658,6.419059217211331,0.3507678650306102;3.4941419371470674,2.202105313808735,1.355110052215222;17.28236130049939,8.816585209620452,2.4311720247107256;8.671333644868234,17.07150743406474,2.253312479519481;3.8861572889029055,10.246602592068822,2.4314266735051406"
39,drone_5,11.230,15.697,2.877,16.488,"6.683184288703654,17.699103959212035,0.4602261832052541;15.21577253005351,11.074522045419549,0.30406892767535965;1.3366213338497328,5.185588936355771,1.3119481483461524;14.557489970614855,15.662633469679074,1.2318328402115744;3.3364748895498098,5.070252215065476,1.2583245199670745;3.7482668538853474,3.871653614817813,0.9789838989544486;6.250726309333378,2.9499279952108335,2.0458167500197293;19.278803210629658,6.419059217211331,0.3507678650306102;3.4941419371470674,2.202105313808735,1.355110052215222;17.28236130049939,8.816585209620452,2.4311720247107256;8.671333644868234,17.07150743406474,2.253312479519481;3.8861572889029055,10.246602592068822,2.4314266735051406"
39,drone_6,7.623,11.748,2.877,16.488,"6.683184288703654,17.699103959212035,0.4602261832052541;15.21577253005351,11.074522045419549,0.30406892767535965;1.3366213338497328,5.185588936355771,1.3119481483461524;14.557489970614855,15.662633469679074,1.2318328402115744;3.3364748895498098,5.070252215065476,1.2583245199670745;3.7482668538853474,3.871653614817813,0.9789838989544486;6.250726309333378,2.9499279952108335,2.0458167500197293;19.278803210629658,6.419059217211331,0.3507678650306102;3.4941419371470674,2.202105313808735,1.355110052215222;17.28236130049939,8.816585209620452,2.4311720247107256;8.671333644868234,17.07150743406474,2.253312479519481;3.8861572889029055,10.246602592068822,2.4314266735051406"
39,drone_7,8.582,13.549,2.877,16.488,"6.683184288703654,17.699103959212035,0.4602261832052541;15.21577253005351,11.074522045419549,0.30406892767535965;1.3366213338497328,5.185588936355771,1.3119481483461524;14.557489970614855,15.662633469679074,1.2318328402115744;3.3364748895498098,5.070252215065476,1.2583245199670745;3.7482668538853474,3.871653614817813,0.9789838989544486;6.250726309333378,2.9499279952108335,2.0458167500197293;19.278803210629658,6.419059217211331,0.3507678650306102;3.4941419371470674,2.202105313808735,1.355110052215222;17.28236130049939,8.816585209620452,2.4311720247107256;8.671333644868234,17.07150743406474,2.253312479519481;3.8861572889029055,10.246602592068822,2.4314266735051406"
39,drone_8,11.429,6.902,2.877,16.488,"6.683184288703654,17.699103959212035,0.4602261832052541;15.21577253005351,11.074522045419549,0.30406892767535965;1.3366213338497328,5.185588936355771,1.3119481483461524;14.557489970614855,15.662633469679074,1.2318328402115744;3.3364748895498098,5.070252215065476,1.2583245199670745;3.7482668538853474,3.871653614817813,0.9789838989544486;6.250726309333378,2.9499279952108335,2.0458167500197293;19.278803210629658,6.419059217211331,0.3507678650306102;3.4941419371470674,2.202105313808735,1.355110052215222;17.28236130049939,8.816585209620452,2.4311720247107256;8.671333644868234,17.07150743406474,2.253312479519481;3.8861572889029055,10.246602592068822,2.4314266735051406"
40,drone_0,6.475,11.799,2.877,16.488,"6.683184288703654,17.699103959212035,0.4602261832052541;15.21577253005351,11.074522045419549,0.30406892767535965;1.3366213338497328,5.185588936355771,1.3119481483461524;14.557489970614855,15.662633469679074,1.2318328402115744;3.3364748895498098,5.070252215065476,1.2583245199670745;3.7482668538853474,3.871653614817813,0.9789838989544486;6.250726309333378,2.9499279952108335,2.0458167500197293;19.278803210629658,6.419059217211331,0.3507678650306102;3.4941419371470674,2.202105313808735,1.355110052215222;17.28236130049939,8.816585209620452,2.4311720247107256;8.671333644868234,17.07150743406474,2.253312479519481;3.8861572889029055,10.246602592068822,2.4314266735051406"
40,drone_1,3.746,15.144,2.877,16.488,"6.683184288703654,17.699103959212035,0.4602261832052541;15.21577253005351,11.074522045419549,0.30406892767535965;1.3366213338497328,5.185588936355771,1.3119481483461524;14.557489970614855,15.662633469679074,1.2318328402115744;3.3364748895498098,5.070252215065476,1.2583245199670745;3.7482668538853474,3.871653614817813,0.9789838989544486;6.250726309333378,2.9499279952108335,2.0458167500197293;19.278803210629658,6.419059217211331,0.3507678650306102;3.4941419371470674,2.202105313808735,1.355110052215222;17.28236130049939,8.816585209620452,2.4311720247107256;8.671333644868234,17.07150743406474,2.253312479519481;3.8861572889029055,10.246602592068822,2.4314266735051406"
40,drone_2,6.586,12.575,2.877,16.488,"6.683184288703654,17.699103959212035,0.4602261832052541;15.21577253005351,11.074522045419549,0.30406892767535965;1.3366213338497328,5.185588936355771,1.3119481483461524;14.557489970614855,15.662633469679074,1.2318328402115744;3.3364748895498098,5.070252215065476,1.2583245199670745;3.7482668538853474,3.871653614817813,0.9789838989544486;6.250726309333378,2.9499279952108335,2.0458167500197293;19.278803210629658,6.419059217211331,0.3507678650306102;3.4941419371470674,2.202105313808735,1.355110052215222;17.28236130049939,8.816585209620452,2.4311720247107256;8.671333644868234,17.07150743406474,2.253312479519481;3.8861572889029055,10.246602592068822,2.4314266735051406"
40,drone_3,8.638,14.295,2.877,16.488,"6.683184288703654,17.699103959212035,0.4602261832052541;15.21577253005351,11.074522045419549,0.30406892767535965;1.3366213338497328,5.185588936355771,1.3119481483461524;14.557489970614855,15.662633469679074,1.2318328402115744;3.3364748895498098,5.070252215065476,1.2583245199670745;3.7482668538853474,3.871653614817813,0.9789838989544486;6.250726309333378,2.9499279952108335,2.0458167500197293;19.278803210629658,6.419059217211331,0.3507678650306102;3.4941419371470674,2.202105313808735,1.355110052215222;17.28236130049939,8.816585209620452,2.4311720247107256;8.671333644868234,17.07150743406474,2.253312479519481;3.8861572889029055,10.246602592068822,2.4314266735051406"
40,drone_5,11.132,15.551,2.877,16.488,"6.683184288703654,17.699103959212035,0.4602261832052541;15.21577253005351,11.074522045419549,0.30406892767535965;1.3366213338497328,5.185588936355771,1.3119481483461524;14.557489970614855,15.662633469679074,1.2318328402115744;3.3364748895498098,5.070252215065476,1.2583245199670745;3.7482668538853474,3.871653614817813,0.9789838989544486;6.250726309333378,2.9499279952108335,2.0458167500197293;19.278803210629658,6.419059217211331,0.3507678650306102;3.4941419371470674,2.202105313808735,1.355110052215222;17.28236130049939,8.816585209620452,2.4311720247107256;8.671333644868234,17.07150743406474,2.253312479519481;3.8861572889029055,10.246602592068822,2.4314266735051406"
40,drone_6,7.484,11.892,2.877,16.488,"6.683184288703654,17.699103959212035,0.4602261832052541;15.21577253005351,11.074522045419549,0.30406892767535965;1.3366213338497328,5.185588936355771,1.3119481483461524;14.557489970614855,15.662633469679074,1.2318328402115744;3.3364748895498098,5.070252215065476,1.2583245199670745;3.7482668538853474,3.871653614817813,0.9789838989544486;6.250726309333378,2.9499279952108335,2.0458167500197293;19.278803210629658,6.419059217211331,0.3507678650306102;3.4941419371470674,2.202105313808735,1.355110052215222;17.28236130049939,8.816585209620452,2.4311720247107256;8.671333644868234,17.07150743406474,2.253312479519481;3.8861572889029055,10.246602592068822,2.4314266735051406"
40,drone_7,8.428,13.626,2.877,16.488,"6.683184288703654,17.699103959212035,0.4602261832052541;15.21577253005351,11.074522045419549,0.30406892767535965;1.3366213338497328,5.185588936355771,1.3119481483461524;14.557489970614855,15.662633469679074,1.2318328402115744;3.3364748895498098,5.070252215065476,1.2583245199670745;3.7482668538853474,3.871653614817813,0.9789838989544486;6.250726309333378,2.9499279952108335,2.0458167500197293;19.278803210629658,6.419059217211331,0.3507678650306102;3.4941419371470674,2.202105313808735,1.355110052215222;17.28236130049939,8.816585209620452,2.4311720247107256;8.671333644868234,17.07150743406474,2.253312479519481;3.8861572889029055,10.246602592068822,2.4314266735051406"
40,drone_8,11.287,7.043,2.877,16.488,"6.683184288703654,17.699103959212035,0.4602261832052541;15.21577253005351,11.074522045419549,0.30406892767535965;1.3366213338497328,5.185588936355771,1.3119481483461524;14.557489970614855,15.662633469679074,1.2318328402115744;3.3364748895498098,5.070252215065476,1.2583245199670745;3.7482668538853474,3.871653614817813,0.9789838989544486;6.250726309333378,2.9499279952108335,2.0458167500197293;19.278803210629658,6.419059217211331,0.3507678650306102;3.4941419371470674,2.202105313808735,1.355110052215222;17.28236130049939,8.816585209620452,2.4311720247107256;8.671333644868234,17.07150743406474,2.253312479519481;3.8861572889029055,10.246602592068822,2.4314266735051406"
41,drone_0,6.367,11.932,2.877,16.488,"6.683184288703654,17.699103959212035,0.4602261832052541;15.21577253005351,11.074522045419549,0.30406892767535965;1.3366213338497328,5.185588936355771,1.3119481483461524;14.557489970614855,15.662633469679074,1.2318328402115744;3.3364748895498098,5.070252215065476,1.2583245199670745;3.7482668538853474,3.871653614817813,0.9789838989544486;6.250726309333378,2.9499279952108335,2.0458167500197293;19.278803210629658,6.419059217211331,0.3507678650306102;3.4941419371470674,2.202105313808735,1.355110052215222;17.28236130049939,8.816585209620452,2.4311720247107256;8.671333644868234,17.07150743406474,2.253312479519481;3.8861572889029055,10.246602592068822,2.4314266735051406"
41,drone_1,3.605,15.285,2.877,16.488,"6.683184288703654,17.699103959212035,0.4602261832052541;15.21577253005351,11.074522045419549,0.30406892767535965;1.3366213338497328,5.185588936355771,1.3119481483461524;14.557489970614855,15.662633469679074,1.2318328402115744;3.3364748895498098,5.070252215065476,1.2583245199670745;3.7482668538853474,3.871653614817813,0.9789838989544486;6.250726309333378,2.9499279952108335,2.0458167500197293;19.278803210629658,6.419059217211331,0.3507678650306102;3.4941419371470674,2.202105313808735,1.355110052215222;17.28236130049939,8.816585209620452,2.4311720247107256;8.671333644868234,17.07150743406474,2.253312479519481;3.8861572889029055,10.246602592068822,2.4314266735051406"
41,drone_2,6.472,12.704,2.877,16.488,"6.683184288703654,17.699103959212035,0.4602261832052541;15.21577253005351,11.074522045419549,0.30406892767535965;1.3366213338497328,5.185588936355771,1.3119481483461524;14.557489970614855,15.662633469679074,1.2318328402115744;3.3364748895498098,5.070252215065476,1.2583245199670745;3.7482668538853474,3.871653614817813,0.9789838989544486;6.250726309333378,2.9499279952108335,2.0458167500197293;19.278803210629658,6.419059217211331,0.3507678650306102;3.4941419371470674,2.202105313808735,1.355110052215222;17.28236130049939,8.816585209620452,2.4311720247107256;8.671333644868234,17.07150743406474,2.253312479519481;3.8861572889029055,10.246602592068822,2.4314266735051406"
41,drone_3,8.470,14.258,2.877,16.488,"6.683184288703654,17.699103959212035,0.4602261832052541;15.21577253005351,11.074522045419549,0.30406892767535965;1.3366213338497328,5.185588936355771,1.3119481483461524;14.557489970614855,15.662633469679074,1.2318328402115744;3.3364748895498098,5.070252215065476,1.2583245199670745;3.7482668538853474,3.871653614817813,0.9789838989544486;6.250726309333378,2.9499279952108335,2.0458167500197293;19.278803210629658,6.419059217211331,0.3507678650306102;3.4941419371470674,2.202105313808735,1.355110052215222;17.28236130049939,8.816585209620452,2.4311720247107256;8.671333644868234,17.07150743406474,2.253312479519481;3.8861572889029055,10.246602592068822,2.4314266735051406"
41,drone_5,11.101,15.428,2.877,16.488,"6.683184288703654,17.699103959212035,0.4602261832052541;15.21577253005351,11.074522045419549,0.30406892767535965;1.3366213338497328,5.185588936355771,1.3119481483461524;14.557489970614855,15.662633469679074,1.2318328402115744;3.3364748895498098,5.070252215065476,1.2583245199670745;3.7482668538853474,3.871653614817813,0.9789838989544486;6.250726309333378,2.9499279952108335,2.0458167500197293;19.278803210629658,6.419059217211331,0.3507678650306102;3.4941419371470674,2.202105313808735,1.355110052215222;17.28236130049939,8.816585209620452,2.4311720247107256;8.671333644868234,17.07150743406474,2.253312479519481;3.8861572889029055,10.246602592068822,2.4314266735051406"
41,drone_6,7.344,12.035,2.877,16.488,"6.683184288703654,17.699103959212035,0.4602261832052541;15.21577253005351,11.074522045419549,0.30406892767535965;1.3366213338497328,5.185588936355771,1.3119481483461524;14.557489970614855,15.662633469679074,1.2318328402115744;3.3364748895498098,5.070252215065476,1.2583245199670745;3.7482668538853474,3.871653614817813,0.9789838989544486;6.250726309333378,2.9499279952108335,2.0458167500197293;19.278803210629658,6.419059217211331,0.3507678650306102;3.4941419371470674,2.202105313808735,1.355110052215222;17.28236130049939,8.816585209620452,2.4311720247107256;8.671333644868234,17.07150743406474,2.253312479519481;3.8861572889029055,10.246602592068822,2.4314266735051406"
41,drone_7,8.261,13.666,2.877,16.488,"6.683184288703654,17.699103959212035,0.4602261832052541;15.21577253005351,11.074522045419549,0.30406892767535965;1.3366213338497328,5.185588936355771,1.3119481483461524;14.557489970614855,15.662633469679074,1.2318328402115744;3.3364748895498098,5.070252215065476,1.2583245199670745;3.7482668538853474,3.871653614817813,0.9789838989544486;6.250726309333378,2.9499279952108335,2.0458167500197293;19.278803210629658,6.419059217211331,0.3507678650306102;3.4941419371470674,2.202105313808735,1.355110052215222;17.28236130049939,8.816585209620452,2.4311720247107256;8.671333644868234,17.07150743406474,2.253312479519481;3.8861572889029055,10.246602592068822,2.4314266735051406"
41,drone_8,11.146,7.185,2.877,16.488,"6.683184288703654,17.699103959212035,0.4602261832052541;15.21577253005351,11.074522045419549,0.30406892767535965;1.3366213338497328,5.185588936355771,1.3119481483461524;14.557489970614855,15.662633469679074,1.2318328402115744;3.3364748895498098,5.070252215065476,1.2583245199670745;3.7482668538853474,3.871653614817813,0.9789838989544486;6.250726309333378,2.9499279952108335,2.0458167500197293;19.278803210629658,6.419059217211331,0.3507678650306102;3.4941419371470674,2.202105313808735,1.355110052215222;17.28236130049939,8.816585209620452,2.4311720247107256;8.671333644868234,17.07150743406474,2.253312479519481;3.8861572889029055,10.246602592068822,2.4314266735051406"
42,drone_0,6.268,12.043,2.877,16.488,"6.683184288703654,17.699103959212035,0.4602261832052541;15.21577253005351,11.074522045419549,0.30406892767535965;1.3366213338497328,5.185588936355771,1.3119481483461524;14.557489970614855,15.662633469679074,1.2318328402115744;3.3364748895498098,5.070252215065476,1.2583245199670745;3.7482668538853474,3.871653614817813,0.9789838989544486;6.250726309333378,2.9499279952108335,2.0458167500197293;19.278803210629658,6.419059217211331,0.3507678650306102;3.4941419371470674,2.202105313808735,1.355110052215222;17.28236130049939,8.816585209620452,2.4311720247107256;8.671333644868234,17.07150743406474,2.253312479519481;3.8861572889029055,10.246602592068822,2.4314266735051406"
42,drone_1,3.463,15.426,2.877,16.488,"6.683184288703654,17.699103959212035,0.4602261832052541;15.21577253005351,11.074522045419549,0.30406892767535965;1.3366213338497328,5.185588936355771,1.3119481483461524;14.557489970614855,15.662633469679074,1.2318328402115744;3.3364748895498098,5.070252215065476,1.2583245199670745;3.7482668538853474,3.871653614817813,0.9789838989544486;6.250726309333378,2.9499279952108335,2.0458167500197293;19.278803210629658,6.419059217211331,0.3507678650306102;3.4941419371470674,2.202105313808735,1.355110052215222;17.28236130049939,8.816585209620452,2.4311720247107256;8.671333644868234,17.07150743406474,2.253312479519481;3.8861572889029055,10.246602592068822,2.4314266735051406"
42,drone_2,6.355,12.830,2.877,16.488,"6.683184288703654,17.699103959212035,0.4602261832052541;15.21577253005351,11.074522045419549,0.30406892767535965;1.3366213338497328,5.185588936355771,1.3119481483461524;14.557489970614855,15.662633469679074,1.2318328402115744;3.3364748895498098,5.070252215065476,1.2583245199670745;3.7482668538853474,3.871653614817813,0.9789838989544486;6.250726309333378,2.9499279952108335,2.0458167500197293;19.278803210629658,6.419059217211331,0.3507678650306102;3.4941419371470674,2.202105313808735,1.355110052215222;17.28236130049939,8.816585209620452,2.4311720247107256;8.671333644868234,17.07150743406474,2.253312479519481;3.8861572889029055,10.246602592068822,2.4314266735051406"
42,drone_3,8.302,14.298,2.877,16.488,"6.683184288703654,17.699103959212035,0.4602261832052541;15.21577253005351,11.074522045419549,0.30406892767535965;1.3366213338497328,5.185588936355771,1.3119481483461524;14.557489970614855,15.662633469679074,1.2318328402115744;3.3364748895498098,5.070252215065476,1.2583245199670745;3.7482668538853474,3.871653614817813,0.9789838989544486;6.250726309333378,2.9499279952108335,2.0458167500197293;19.278803210629658,6.419059217211331,0.3507678650306102;3.4941419371470674,2.202105313808735,1.355110052215222;17.28236130049939,8.816585209620452,2.4311720247107256;8.671333644868234,17.07150743406474,2.253312479519481;3.8861572889029055,10.246602592068822,2.4314266735051406"
42,drone_5,10.970,15.380,2.877,16.488,"6.683184288703654,17.699103959212035,0.4602261832052541;15.21577253005351,11.074522045419549,0.30406892767535965;1.3366213338497328,5.185588936355771,1.3119481483461524;14.557489970614855,15.662633469679074,1.2318328402115744;3.3364748895498098,5.070252215065476,1.2583245199670745;3.7482668538853474,3.871653614817813,0.9789838989544486;6.250726309333378,2.9499279952108335,2.0458167500197293;19.278803210629658,6.419059217211331,0.3507678650306102;3.4941419371470674,2.202105313808735,1.355110052215222;17.28236130049939,8.816585209620452,2.4311720247107256;8.671333644868234,17.07150743406474,2.253312479519481;3.8861572889029055,10.246602592068822,2.4314266735051406"
42,drone_6,7.203,12.177,2.877,16.488,"6.683184288703654,17.699103959212035,0.4602261832052541;15.21577253005351,11.074522045419549,0.30406892767535965;1.3366213338497328,5.185588936355771,1.3119481483461524;14.557489970614855,15.662633469679074,1.2318328402115744;3.3364748895498098,5.070252215065476,1.2583245199670745;3.7482668538853474,3.871653614817813,0.9789838989544486;6.250726309333378,2.9499279952108335,2.0458167500197293;19.278803210629658,6.419059217211331,0.3507678650306102;3.4941419371470674,2.202105313808735,1.355110052215222;17.28236130049939,8.816585209620452,2.4311720247107256;8.671333644868234,17.07150743406474,2.253312479519481;3.8861572889029055,10.246602592068822,2.4314266735051406"
42,drone_7,8.102,13.733,2.877,16.488,"6.683184288703654,17.699103959212035,0.4602261832052541;15.21577253005351,11.074522045419549,0.30406892767535965;1.3366213338497328,5.185588936355771,1.3119481483461524;14.557489970614855,15.662633469679074,1.2318328402115744;3.3364748895498098,5.070252215065476,1.2583245199670745;3.7482668538853474,3.871653614817813,0.9789838989544486;6.250726309333378,2.9499279952108335,2.0458167500197293;19.278803210629658,6.419059217211331,0.3507678650306102;3.4941419371470674,2.202105313808735,1.355110052215222;17.28236130049939,8.816585209620452,2.4311720247107256;8.671333644868234,17.07150743406474,2.253312479519481;3.8861572889029055,10.246602592068822,2.4314266735051406"
42,drone_8,11.004,7.326,2.877,16.488,"6.683184288703654,17.699103959212035,0.4602261832052541;15.21577253005351,11.074522045419549,0.30406892767535965;1.3366213338497328,5.185588936355771,1.3119481483461524;14.557489970614855,15.662633469679074,1.2318328402115744;3.3364748895498098,5.070252215065476,1.2583245199670745;3.7482668538853474,3.871653614817813,0.9789838989544486;6.250726309333378,2.9499279952108335,2.0458167500197293;19.278803210629658,6.419059217211331,0.3507678650306102;3.4941419371470674,2.202105313808735,1.355110052215222;17.28236130049939,8.816585209620452,2.4311720247107256;8.671333644868234,17.07150743406474,2.253312479519481;3.8861572889029055,10.246602592068822,2.4314266735051406"
43,drone_0,6.166,12.151,2.877,16.488,"6.683184288703654,17.699103959212035,0.4602261832052541;15.21577253005351,11.074522045419549,0.30406892767535965;1.3366213338497328,5.185588936355771,1.3119481483461524;14.557489970614855,15.662633469679074,1.2318328402115744;3.3364748895498098,5.070252215065476,1.2583245199670745;3.7482668538853474,3.871653614817813,0.9789838989544486;6.250726309333378,2.9499279952108335,2.0458167500197293;19.278803210629658,6.419059217211331,0.3507678650306102;3.4941419371470674,2.202105313808735,1.355110052215222;17.28236130049939,8.816585209620452,2.4311720247107256;8.671333644868234,17.07150743406474,2.253312479519481;3.8861572889029055,10.246602592068822,2.4314266735051406"
43,drone_1,3.325,15.571,2.877,16.488,"6.683184288703654,17.699103959212035,0.4602261832052541;15.21577253005351,11.074522045419549,0.30406892767535965;1.3366213338497328,5.185588936355771,1.3119481483461524;14.557489970614855,15.662633469679074,1.2318328402115744;3.3364748895498098,5.070252215065476,1.2583245199670745;3.7482668538853474,3.871653614817813,0.9789838989544486;6.250726309333378,2.9499279952108335,2.0458167500197293;19.278803210629658,6.419059217211331,0.3507678650306102;3.4941419371470674,2.202105313808735,1.355110052215222;17.28236130049939,8.816585209620452,2.4311720247107256;8.671333644868234,17.07150743406474,2.253312479519481;3.8861572889029055,10.246602592068822,2.4314266735051406"
43,drone_2,6.244,12.962,2.877,16.488,"6.683184288703654,17.699103959212035,0.4602261832052541;15.21577253005351,11.074522045419549,0.30406892767535965;1.3366213338497328,5.185588936355771,1.3119481483461524;14.557489970614855,15.662633469679074,1.2318328402115744;3.3364748895498098,5.070252215065476,1.2583245199670745;3.7482668538853474,3.871653614817813,0.9789838989544486;6.250726309333378,2.9499279952108335,2.0458167500197293;19.278803210629658,6.419059217211331,0.3507678650306102;3.4941419371470674,2.202105313808735,1.355110052215222;17.28236130049939,8.816585209620452,2.4311720247107256;8.671333644868234,17.07150743406474,2.253312479519481;3.8861572889029055,10.246602592068822,2.4314266735051406"
43,drone_3,8.134,14.260,2.877,16.488,"6.683184288703654,17.699103959212035,0.4602261832052541;15.21577253005351,11.074522045419549,0.30406892767535965;1.3366213338497328,5.185588936355771,1.3119481483461524;14.557489970614855,15.662633469679074,1.2318328402115744;3.3364748895498098,5.070252215065476,1.2583245199670745;3.7482668538853474,3.871653614817813,0.9789838989544486;6.250726309333378,2.9499279952108335,2.0458167500197293;19.278803210629658,6.419059217211331,0.3507678650306102;3.4941419371470674,2.202105313808735,1.355110052215222;17.28236130049939,8.816585209620452,2.4311720247107256;8.671333644868234,17.07150743406474,2.253312479519481;3.8861572889029055,10.246602592068822,2.4314266735051406"
43,drone_5,10.938,15.282,2.877,16.488,"6.683184288703654,17.699103959212035,0.4602261832052541;15.21577253005351,11.074522045419549,0.30406892767535965;1.3366213338497328,5.185588936355771,1.3119481483461524;14.557489970614855,15.662633469679074,1.2318328402115744;3.3364748895498098,5.070252215065476,1.2583245199670745;3.7482668538853474,3.871653614817813,0.9789838989544486;6.250726309333378,2.9499279952108335,2.0458167500197293;19.278803210629658,6.419059217211331,0.3507678650306102;3.4941419371470674,2.202105313808735,1.355110052215222;17.28236130049939,8.816585209620452,2.4311720247107256;8.671333644868234,17.07150743406474,2.253312479519481;3.8861572889029055,10.246602592068822,2.4314266735051406"
43,drone_6,7.062,12.319,2.877,16.488,"6.683184288703654,17.699103959212035,0.4602261832052541;15.21577253005351,11.074522045419549,0.30406892767535965;1.3366213338497328,5.185588936355771,1.3119481483461524;14.557489970614855,15.662633469679074,1.2318328402115744;3.3364748895498098,5.070252215065476,1.2583245199670745;3.7482668538853474,3.871653614817813,0.9789838989544486;6.250726309333378,2.9499279952108335,2.0458167500197293;19.278803210629658,6.419059217211331,0.3507678650306102;3.4941419371470674,2.202105313808735,1.355110052215222;17.28236130049939,8.816585209620452,2.4311720247107256;8.671333644868234,17.07150743406474,2.253312479519481;3.8861572889029055,10.246602592068822,2.4314266735051406"
43,drone_7,7.930,13.729,2.877,16.488,"6.683184288703654,17.699103959212035,0.4602261832052541;15.21577253005351,11.074522045419549,0.30406892767535965;1.3366213338497328,5.185588936355771,1.3119481483461524;14.557489970614855,15.662633469679074,1.2318328402115744;3.3364748895498098,5.070252215065476,1.2583245199670745;3.7482668538853474,3.871653614817813,0.9789838989544486;6.250726309333378,2.9499279952108335,2.0458167500197293;19.278803210629658,6.419059217211331,0.3507678650306102;3.4941419371470674,2.202105313808735,1.355110052215222;17.28236130049939,8.816585209620452,2.4311720247107256;8.671333644868234,17.07150743406474,2.253312479519481;3.8861572889029055,10.246602592068822,2.4314266735051406"
43,drone_8,10.863,7.468,2.877,16.488,"6.683184288703654,17.699103959212035,0.4602261832052541;15.21577253005351,11.074522045419549,0.30406892767535965;1.3366213338497328,5.185588936355771,1.3119481483461524;14.557489970614855,15.662633469679074,1.2318328402115744;3.3364748895498098,5.070252215065476,1.2583245199670745;3.7482668538853474,3.871653614817813,0.9789838989544486;6.250726309333378,2.9499279952108335,2.0458167500197293;19.278803210629658,6.419059217211331,0.3507678650306102;3.4941419371470674,2.202105313808735,1.355110052215222;17.28236130049939,8.816585209620452,2.4311720247107256;8.671333644868234,17.07150743406474,2.253312479519481;3.8861572889029055,10.246602592068822,2.4314266735051406"
44,drone_0,6.063,12.257,2.877,16.488,"6.683184288703654,17.699103959212035,0.4602261832052541;15.21577253005351,11.074522045419549,0.30406892767535965;1.3366213338497328,5.185588936355771,1.3119481483461524;14.557489970614855,15.662633469679074,1.2318328402115744;3.3364748895498098,5.070252215065476,1.2583245199670745;3.7482668538853474,3.871653614817813,0.9789838989544486;6.250726309333378,2.9499279952108335,2.0458167500197293;19.278803210629658,6.419059217211331,0.3507678650306102;3.4941419371470674,2.202105313808735,1.355110052215222;17.28236130049939,8.816585209620452,2.4311720247107256;8.671333644868234,17.07150743406474,2.253312479519481;3.8861572889029055,10.246602592068822,2.4314266735051406"
44,drone_1,3.189,15.718,2.877,16.488,"6.683184288703654,17.699103959212035,0.4602261832052541;15.21577253005351,11.074522045419549,0.30406892767535965;1.3366213338497328,5.185588936355771,1.3119481483461524;14.557489970614855,15.662633469679074,1.2318328402115744;3.3364748895498098,5.070252215065476,1.2583245199670745;3.7482668538853474,3.871653614817813,0.9789838989544486;6.250726309333378,2.9499279952108335,2.0458167500197293;19.278803210629658,6.419059217211331,0.3507678650306102;3.4941419371470674,2.202105313808735,1.355110052215222;17.28236130049939,8.816585209620452,2.4311720247107256;8.671333644868234,17.07150743406474,2.253312479519481;3.8861572889029055,10.246602592068822,2.4314266735051406"
44,drone_2,6.129,13.090,2.877,16.488,"6.683184288703654,17.699103959212035,0.4602261832052541;15.21577253005351,11.074522045419549,0.30406892767535965;1.3366213338497328,5.185588936355771,1.3119481483461524;14.557489970614855,15.662633469679074,1.2318328402115744;3.3364748895498098,5.070252215065476,1.2583245199670745;3.7482668538853474,3.871653614817813,0.9789838989544486;6.250726309333378,2.9499279952108335,2.0458167500197293;19.278803210629658,6.419059217211331,0.3507678650306102;3.4941419371470674,2.202105313808735,1.355110052215222;17.28236130049939,8.816585209620452,2.4311720247107256;8.671333644868234,17.07150743406474,2.253312479519481;3.8861572889029055,10.246602592068822,2.4314266735051406"
44,drone_3,7.967,14.299,2.877,16.488,"6.683184288703654,17.699103959212035,0.4602261832052541;15.21577253005351,11.074522045419549,0.30406892767535965;1.3366213338497328,5.185588936355771,1.3119481483461524;14.557489970614855,15.662633469679074,1.2318328402115744;3.3364748895498098,5.070252215065476,1.2583245199670745;3.7482668538853474,3.871653614817813,0.9789838989544486;6.250726309333378,2.9499279952108335,2.0458167500197293;19.278803210629658,6.419059217211331,0.3507678650306102;3.4941419371470674,2.202105313808735,1.355110052215222;17.28236130049939,8.816585209620452,2.4311720247107256;8.671333644868234,17.07150743406474,2.253312479519481;3.8861572889029055,10.246602592068822,2.4314266735051406"
44,drone_5,10.807,15.271,2.877,16.488,"6.683184288703654,17.699103959212035,0.4602261832052541;15.21577253005351,11.074522045419549,0.30406892767535965;1.3366213338497328,5.185588936355771,1.3119481483461524;14.557489970614855,15.662633469679074,1.2318328402115744;3.3364748895498098,5.070252215065476,1.2583245199670745;3.7482668538853474,3.871653614817813,0.9789838989544486;6.250726309333378,2.9499279952108335,2.0458167500197293;19.278803210629658,6.419059217211331,0.3507678650306102;3.4941419371470674,2.202105313808735,1.355110052215222;17.28236130049939,8.816585209620452,2.4311720247107256;8.671333644868234,17.07150743406474,2.253312479519481;3.8861572889029055,10.246602592068822,2.4314266735051406"
44,drone_6,6.921,12.461,2.877,16.488,"6.683184288703654,17.699103959212035,0.4602261832052541;15.21577253005351,11.074522045419549,0.30406892767535965;1.3366213338497328,5.185588936355771,1.3119481483461524;14.557489970614855,15.662633469679074,1.2318328402115744;3.3364748895498098,5.070252215065476,1.2583245199670745;3.7482668538853474,3.871653614817813,0.9789838989544486;6.250726309333378,2.9499279952108335,2.0458167500197293;19.278803210629658,6.419059217211331,0.3507678650306102;3.4941419371470674,2.202105313808735,1.355110052215222;17.28236130049939,8.816585209620452,2.4311720247107256;8.671333644868234,17.07150743406474,2.253312479519481;3.8861572889029055,10.246602592068822,2.4314266735051406"
44,drone_7,7.768,13.786,2.877,16.488,"6.683184288703654,17.699103959212035,0.4602261832052541;15.21577253005351,11.074522045419549,0.30406892767535965;1.3366213338497328,5.185588936355771,1.3119481483461524;14.557489970614855,15.662633469679074,1.2318328402115744;3.3364748895498098,5.070252215065476,1.2583245199670745;3.7482668538853474,3.871653614817813,0.9789838989544486;6.250726309333378,2.9499279952108335,2.0458167500197293;19.278803210629658,6.419059217211331,0.3507678650306102;3.4941419371470674,2.202105313808735,1.355110052215222;17.28236130049939,8.816585209620452,2.4311720247107256;8.671333644868234,17.07150743406474,2.253312479519481;3.8861572889029055,10.246602592068822,2.4314266735051406"
44,drone_8,10.722,7.609,2.877,16.488,"6.683184288703654,17.699103959212035,0.4602261832052541;15.21577253005351,11.074522045419549,0.30406892767535965;1.3366213338497328,5.185588936355771,1.3119481483461524;14.557489970614855,15.662633469679074,1.2318328402115744;3.3364748895498098,5.070252215065476,1.2583245199670745;3.7482668538853474,3.871653614817813,0.9789838989544486;6.250726309333378,2.9499279952108335,2.0458167500197293;19.278803210629658,6.419059217211331,0.3507678650306102;3.4941419371470674,2.202105313808735,1.355110052215222;17.28236130049939,8.816585209620452,2.4311720247107256;8.671333644868234,17.07150743406474,2.253312479519481;3.8861572889029055,10.246602592068822,2.4314266735051406"
45,drone_0,5.959,12.363,2.877,16.488,"6.683184288703654,17.699103959212035,0.4602261832052541;15.21577253005351,11.074522045419549,0.30406892767535965;1.3366213338497328,5.185588936355771,1.3119481483461524;14.557489970614855,15.662633469679074,1.2318328402115744;3.3364748895498098,5.070252215065476,1.2583245199670745;3.7482668538853474,3.871653614817813,0.9789838989544486;6.250726309333378,2.9499279952108335,2.0458167500197293;19.278803210629658,6.419059217211331,0.3507678650306102;3.4941419371470674,2.202105313808735,1.355110052215222;17.28236130049939,8.816585209620452,2.4311720247107256;8.671333644868234,17.07150743406474,2.253312479519481;3.8861572889029055,10.246602592068822,2.4314266735051406"
45,drone_2,6.015,13.219,2.877,16.488,"6.683184288703654,17.699103959212035,0.4602261832052541;15.21577253005351,11.074522045419549,0.30406892767535965;1.3366213338497328,5.185588936355771,1.3119481483461524;14.557489970614855,15.662633469679074,1.2318328402115744;3.3364748895498098,5.070252215065476,1.2583245199670745;3.7482668538853474,3.871653614817813,0.9789838989544486;6.250726309333378,2.9499279952108335,2.0458167500197293;19.278803210629658,6.419059217211331,0.3507678650306102;3.4941419371470674,2.202105313808735,1.355110052215222;17.28236130049939,8.816585209620452,2.4311720247107256;8.671333644868234,17.07150743406474,2.253312479519481;3.8861572889029055,10.246602592068822,2.4314266735051406"
45,drone_3,7.795,14.317,2.877,16.488,"6.683184288703654,17.699103959212035,0.4602261832052541;15.21577253005351,11.074522045419549,0.30406892767535965;1.3366213338497328,5.185588936355771,1.3119481483461524;14.557489970614855,15.662633469679074,1.2318328402115744;3.3364748895498098,5.070252215065476,1.2583245199670745;3.7482668538853474,3.871653614817813,0.9789838989544486;6.250726309333378,2.9499279952108335,2.0458167500197293;19.278803210629658,6.419059217211331,0.3507678650306102;3.4941419371470674,2.202105313808735,1.355110052215222;17.28236130049939,8.816585209620452,2.4311720247107256;8.671333644868234,17.07150743406474,2.253312479519481;3.8861572889029055,10.246602592068822,2.4314266735051406"
45,drone_5,10.776,15.171,2.877,16.488,"6.683184288703654,17.699103959212035,0.4602261832052541;15.21577253005351,11.074522045419549,0.30406892767535965;1.3366213338497328,5.185588936355771,1.3119481483461524;14.557489970614855,15.662633469679074,1.2318328402115744;3.3364748895498098,5.070252215065476,1.2583245199670745;3.7482668538853474,3.871653614817813,0.9789838989544486;6.250726309333378,2.9499279952108335,2.0458167500197293;19.278803210629658,6.419059217211331,0.3507678650306102;3.4941419371470674,2.202105313808735,1.355110052215222;17.28236130049939,8.816585209620452,2.4311720247107256;8.671333644868234,17.07150743406474,2.253312479519481;3.8861572889029055,10.246602592068822,2.4314266735051406"
45,drone_6,6.799,12.582,2.877,16.488,"6.683184288703654,17.699103959212035,0.4602261832052541;15.21577253005351,11.074522045419549,0.30406892767535965;1.3366213338497328,5.185588936355771,1.3119481483461524;14.557489970614855,15.662633469679074,1.2318328402115744;3.3364748895498098,5.070252215065476,1.2583245199670745;3.7482668538853474,3.871653614817813,0.9789838989544486;6.250726309333378,2.9499279952108335,2.0458167500197293;19.278803210629658,6.419059217211331,0.3507678650306102;3.4941419371470674,2.202105313808735,1.355110052215222;17.28236130049939,8.816585209620452,2.4311720247107256;8.671333644868234,17.07150743406474,2.253312479519481;3.8861572889029055,10.246602592068822,2.4314266735051406"
45,drone_7,7.601,13.827,2.877,16.488,"6.683184288703654,17.699103959212035,0.4602261832052541;15.21577253005351,11.074522045419549,0.30406892767535965;1.3366213338497328,5.185588936355771,1.3119481483461524;14.557489970614855,15.662633469679074,1.2318328402115744;3.3364748895498098,5.070252215065476,1.2583245199670745;3.7482668538853474,3.871653614817813,0.9789838989544486;6.250726309333378,2.9499279952108335,2.0458167500197293;19.278803210629658,6.419059217211331,0.3507678650306102;3.4941419371470674,2.202105313808735,1.355110052215222;17.28236130049939,8.816585209620452,2.4311720247107256;8.671333644868234,17.07150743406474,2.253312479519481;3.8861572889029055,10.246602592068822,2.4314266735051406"
45,drone_8,10.580,7.751,2.877,16.488,"6.683184288703654,17.699103959212035,0.4602261832052541;15.21577253005351,11.074522045419549,0.30406892767535965;1.3366213338497328,5.185588936355771,1.3119481483461524;14.557489970614855,15.662633469679074,1.2318328402115744;3.3364748895498098,5.070252215065476,1.2583245199670745;3.7482668538853474,3.871653614817813,0.9789838989544486;6.250726309333378,2.9499279952108335,2.0458167500197293;19.278803210629658,6.419059217211331,0.3507678650306102;3.4941419371470674,2.202105313808735,1.355110052215222;17.28236130049939,8.816585209620452,2.4311720247107256;8.671333644868234,17.07150743406474,2.253312479519481;3.8861572889029055,10.246602592068822,2.4314266735051406"
46,drone_0,5.855,12.468,2.877,16.488,"6.683184288703654,17.699103959212035,0.4602261832052541;15.21577253005351,11.074522045419549,0.30406892767535965;1.3366213338497328,5.185588936355771,1.3119481483461524;14.557489970614855,15.662633469679074,1.2318328402115744;3.3364748895498098,5.070252215065476,1.2583245199670745;3.7482668538853474,3.871653614817813,0.9789838989544486;6.250726309333378,2.9499279952108335,2.0458167500197293;19.278803210629658,6.419059217211331,0.3507678650306102;3.4941419371470674,2.202105313808735,1.355110052215222;17.28236130049939,8.816585209620452,2.4311720247107256;8.671333644868234,17.07150743406474,2.253312479519481;3.8861572889029055,10.246602592068822,2.4314266735051406"
46,drone_2,5.897,13.344,2.877,16.488,"6.683184288703654,17.699103959212035,0.4602261832052541;15.21577253005351,11.074522045419549,0.30406892767535965;1.3366213338497328,5.185588936355771,1.3119481483461524;14.557489970614855,15.662633469679074,1.2318328402115744;3.3364748895498098,5.070252215065476,1.2583245199670745;3.7482668538853474,3.871653614817813,0.9789838989544486;6.250726309333378,2.9499279952108335,2.0458167500197293;19.278803210629658,6.419059217211331,0.3507678650306102;3.4941419371470674,2.202105313808735,1.355110052215222;17.28236130049939,8.816585209620452,2.4311720247107256;8.671333644868234,17.07150743406474,2.253312479519481;3.8861572889029055,10.246602592068822,2.4314266735051406"
46,drone_3,7.638,14.385,2.877,16.488,"6.683184288703654,17.699103959212035,0.4602261832052541;15.21577253005351,11.074522045419549,0.30406892767535965;1.3366213338497328,5.185588936355771,1.3119481483461524;14.557489970614855,15.662633469679074,1.2318328402115744;3.3364748895498098,5.070252215065476,1.2583245199670745;3.7482668538853474,3.871653614817813,0.9789838989544486;6.250726309333378,2.9499279952108335,2.0458167500197293;19.278803210629658,6.419059217211331,0.3507678650306102;3.4941419371470674,2.202105313808735,1.355110052215222;17.28236130049939,8.816585209620452,2.4311720247107256;8.671333644868234,17.07150743406474,2.253312479519481;3.8861572889029055,10.246602592068822,2.4314266735051406"
46,drone_5,10.645,15.172,2.877,16.488,"6.683184288703654,17.699103959212035,0.4602261832052541;15.21577253005351,11.074522045419549,0.30406892767535965;1.3366213338497328,5.185588936355771,1.3119481483461524;14.557489970614855,15.662633469679074,1.2318328402115744;3.3364748895498098,5.070252215065476,1.2583245199670745;3.7482668538853474,3.871653614817813,0.9789838989544486;6.250726309333378,2.9499279952108335,2.0458167500197293;19.278803210629658,6.419059217211331,0.3507678650306102;3.4941419371470674,2.202105313808735,1.355110052215222;17.28236130049939,8.816585209620452,2.4311720247107256;8.671333644868234,17.07150743406474,2.253312479519481;3.8861572889029055,10.246602592068822,2.4314266735051406"
46,drone_6,6.678,12.704,2.877,16.488,"6.683184288703654,17.699103959212035,0.4602261832052541;15.21577253005351,11.074522045419549,0.30406892767535965;1.3366213338497328,5.185588936355771,1.3119481483461524;14.557489970614855,15.662633469679074,1.2318328402115744;3.3364748895498098,5.070252215065476,1.2583245199670745;3.7482668538853474,3.871653614817813,0.9789838989544486;6.250726309333378,2.9499279952108335,2.0458167500197293;19.278803210629658,6.419059217211331,0.3507678650306102;3.4941419371470674,2.202105313808735,1.355110052215222;17.28236130049939,8.816585209620452,2.4311720247107256;8.671333644868234,17.07150743406474,2.253312479519481;3.8861572889029055,10.246602592068822,2.4314266735051406"
46,drone_7,7.449,13.908,2.877,16.488,"6.683184288703654,17.699103959212035,0.4602261832052541;15.21577253005351,11.074522045419549,0.30406892767535965;1.3366213338497328,5.185588936355771,1.3119481483461524;14.557489970614855,15.662633469679074,1.2318328402115744;3.3364748895498098,5.070252215065476,1.2583245199670745;3.7482668538853474,3.871653614817813,0.9789838989544486;6.250726309333378,2.9499279952108335,2.0458167500197293;19.278803210629658,6.419059217211331,0.3507678650306102;3.4941419371470674,2.202105313808735,1.355110052215222;17.28236130049939,8.816585209620452,2.4311720247107256;8.671333644868234,17.07150743406474,2.253312479519481;3.8861572889029055,10.246602592068822,2.4314266735051406"
46,drone_8,10.439,7.892,2.877,16.488,"6.683184288703654,17.699103959212035,0.4602261832052541;15.21577253005351,11.074522045419549,0.30406892767535965;1.3366213338497328,5.185588936355771,1.3119481483461524;14.557489970614855,15.662633469679074,1.2318328402115744;3.3364748895498098,5.070252215065476,1.2583245199670745;3.7482668538853474,3.871653614817813,0.9789838989544486;6.250726309333378,2.9499279952108335,2.0458167500197293;19.278803210629658,6.419059217211331,0.3507678650306102;3.4941419371470674,2.202105313808735,1.355110052215222;17.28236130049939,8.816585209620452,2.4311720247107256;8.671333644868234,17.07150743406474,2.253312479519481;3.8861572889029055,10.246602592068822,2.4314266735051406"
47,drone_0,5.750,12.573,2.877,16.488,"6.683184288703654,17.699103959212035,0.4602261832052541;15.21577253005351,11.074522045419549,0.30406892767535965;1.3366213338497328,5.185588936355771,1.3119481483461524;14.557489970614855,15.662633469679074,1.2318328402115744;3.3364748895498098,5.070252215065476,1.2583245199670745;3.7482668538853474,3.871653614817813,0.9789838989544486;6.250726309333378,2.9499279952108335,2.0458167500197293;19.278803210629658,6.419059217211331,0.3507678650306102;3.4941419371470674,2.202105313808735,1.355110052215222;17.28236130049939,8.816585209620452,2.4311720247107256;8.671333644868234,17.07150743406474,2.253312479519481;3.8861572889029055,10.246602592068822,2.4314266735051406"
47,drone_2,5.777,13.468,2.877,16.488,"6.683184288703654,17.699103959212035,0.4602261832052541;15.21577253005351,11.074522045419549,0.30406892767535965;1.3366213338497328,5.185588936355771,1.3119481483461524;14.557489970614855,15.662633469679074,1.2318328402115744;3.3364748895498098,5.070252215065476,1.2583245199670745;3.7482668538853474,3.871653614817813,0.9789838989544486;6.250726309333378,2.9499279952108335,2.0458167500197293;19.278803210629658,6.419059217211331,0.3507678650306102;3.4941419371470674,2.202105313808735,1.355110052215222;17.28236130049939,8.816585209620452,2.4311720247107256;8.671333644868234,17.07150743406474,2.253312479519481;3.8861572889029055,10.246602592068822,2.4314266735051406"
47,drone_3,7.465,14.385,2.877,16.488,"6.683184288703654,17.699103959212035,0.4602261832052541;15.21577253005351,11.074522045419549,0.30406892767535965;1.3366213338497328,5.185588936355771,1.3119481483461524;14.557489970614855,15.662633469679074,1.2318328402115744;3.3364748895498098,5.070252215065476,1.2583245199670745;3.7482668538853474,3.871653614817813,0.9789838989544486;6.250726309333378,2.9499279952108335,2.0458167500197293;19.278803210629658,6.419059217211331,0.3507678650306102;3.4941419371470674,2.202105313808735,1.355110052215222;17.28236130049939,8.816585209620452,2.4311720247107256;8.671333644868234,17.07150743406474,2.253312479519481;3.8861572889029055,10.246602592068822,2.4314266735051406"
47,drone_5,10.614,15.073,2.877,16.488,"6.683184288703654,17.699103959212035,0.4602261832052541;15.21577253005351,11.074522045419549,0.30406892767535965;1.3366213338497328,5.185588936355771,1.3119481483461524;14.557489970614855,15.662633469679074,1.2318328402115744;3.3364748895498098,5.070252215065476,1.2583245199670745;3.7482668538853474,3.871653614817813,0.9789838989544486;6.250726309333378,2.9499279952108335,2.0458167500197293;19.278803210629658,6.419059217211331,0.3507678650306102;3.4941419371470674,2.202105313808735,1.355110052215222;17.28236130049939,8.816585209620452,2.4311720247107256;8.671333644868234,17.07150743406474,2.253312479519481;3.8861572889029055,10.246602592068822,2.4314266735051406"
47,drone_6,6.556,12.826,2.877,16.488,"6.683184288703654,17.699103959212035,0.4602261832052541;15.21577253005351,11.074522045419549,0.30406892767535965;1.3366213338497328,5.185588936355771,1.3119481483461524;14.557489970614855,15.662633469679074,1.2318328402115744;3.3364748895498098,5.070252215065476,1.2583245199670745;3.7482668538853474,3.871653614817813,0.9789838989544486;6.250726309333378,2.9499279952108335,2.0458167500197293;19.278803210629658,6.419059217211331,0.3507678650306102;3.4941419371470674,2.202105313808735,1.355110052215222;17.28236130049939,8.816585209620452,2.4311720247107256;8.671333644868234,17.07150743406474,2.253312479519481;3.8861572889029055,10.246602592068822,2.4314266735051406"
47,drone_7,7.280,13.943,2.877,16.488,"6.683184288703654,17.699103959212035,0.4602261832052541;15.21577253005351,11.074522045419549,0.30406892767535965;1.3366213338497328,5.185588936355771,1.3119481483461524;14.557489970614855,15.662633469679074,1.2318328402115744;3.3364748895498098,5.070252215065476,1.2583245199670745;3.7482668538853474,3.871653614817813,0.9789838989544486;6.250726309333378,2.9499279952108335,2.0458167500197293;19.278803210629658,6.419059217211331,0.3507678650306102;3.4941419371470674,2.202105313808735,1.355110052215222;17.28236130049939,8.816585209620452,2.4311720247107256;8.671333644868234,17.07150743406474,2.253312479519481;3.8861572889029055,10.246602592068822,2.4314266735051406"
47,drone_8,10.297,8.033,2.877,16.488,"6.683184288703654,17.699103959212035,0.4602261832052541;15.21577253005351,11.074522045419549,0.30406892767535965;1.3366213338497328,5.185588936355771,1.3119481483461524;14.557489970614855,15.662633469679074,1.2318328402115744;3.3364748895498098,5.070252215065476,1.2583245199670745;3.7482668538853474,3.871653614817813,0.9789838989544486;6.250726309333378,2.9499279952108335,2.0458167500197293;19.278803210629658,6.419059217211331,0.3507678650306102;3.4941419371470674,2.202105313808735,1.355110052215222;17.28236130049939,8.816585209620452,2.4311720247107256;8.671333644868234,17.07150743406474,2.253312479519481;3.8861572889029055,10.246602592068822,2.4314266735051406"
48,drone_0,5.646,12.678,2.877,16.488,"6.683184288703654,17.699103959212035,0.4602261832052541;15.21577253005351,11.074522045419549,0.30406892767535965;1.3366213338497328,5.185588936355771,1.3119481483461524;14.557489970614855,15.662633469679074,1.2318328402115744;3.3364748895498098,5.070252215065476,1.2583245199670745;3.7482668538853474,3.871653614817813,0.9789838989544486;6.250726309333378,2.9499279952108335,2.0458167500197293;19.278803210629658,6.419059217211331,0.3507678650306102;3.4941419371470674,2.202105313808735,1.355110052215222;17.28236130049939,8.816585209620452,2.4311720247107256;8.671333644868234,17.07150743406474,2.253312479519481;3.8861572889029055,10.246602592068822,2.4314266735051406"
48,drone_2,5.657,13.591,2.877,16.488,"6.683184288703654,17.699103959212035,0.4602261832052541;15.21577253005351,11.074522045419549,0.30406892767535965;1.3366213338497328,5.185588936355771,1.3119481483461524;14.557489970614855,15.662633469679074,1.2318328402115744;3.3364748895498098,5.070252215065476,1.2583245199670745;3.7482668538853474,3.871653614817813,0.9789838989544486;6.250726309333378,2.9499279952108335,2.0458167500197293;19.278803210629658,6.419059217211331,0.3507678650306102;3.4941419371470674,2.202105313808735,1.355110052215222;17.28236130049939,8.816585209620452,2.4311720247107256;8.671333644868234,17.07150743406474,2.253312479519481;3.8861572889029055,10.246602592068822,2.4314266735051406"
48,drone_3,7.304,14.444,2.877,16.488,"6.683184288703654,17.699103959212035,0.4602261832052541;15.21577253005351,11.074522045419549,0.30406892767535965;1.3366213338497328,5.185588936355771,1.3119481483461524;14.557489970614855,15.662633469679074,1.2318328402115744;3.3364748895498098,5.070252215065476,1.2583245199670745;3.7482668538853474,3.871653614817813,0.9789838989544486;6.250726309333378,2.9499279952108335,2.0458167500197293;19.278803210629658,6.419059217211331,0.3507678650306102;3.4941419371470674,2.202105313808735,1.355110052215222;17.28236130049939,8.816585209620452,2.4311720247107256;8.671333644868234,17.07150743406474,2.253312479519481;3.8861572889029055,10.246602592068822,2.4314266735051406"
48,drone_5,10.485,14.920,2.877,16.488,"6.683184288703654,17.699103959212035,0.4602261832052541;15.21577253005351,11.074522045419549,0.30406892767535965;1.3366213338497328,5.185588936355771,1.3119481483461524;14.557489970614855,15.662633469679074,1.2318328402115744;3.3364748895498098,5.070252215065476,1.2583245199670745;3.7482668538853474,3.871653614817813,0.9789838989544486;6.250726309333378,2.9499279952108335,2.0458167500197293;19.278803210629658,6.419059217211331,0.3507678650306102;3.4941419371470674,2.202105313808735,1.355110052215222;17.28236130049939,8.816585209620452,2.4311720247107256;8.671333644868234,17.07150743406474,2.253312479519481;3.8861572889029055,10.246602592068822,2.4314266735051406"
48,drone_6,6.434,12.948,2.877,16.488,"6.683184288703654,17.699103959212035,0.4602261832052541;15.21577253005351,11.074522045419549,0.30406892767535965;1.3366213338497328,5.185588936355771,1.3119481483461524;14.557489970614855,15.662633469679074,1.2318328402115744;3.3364748895498098,5.070252215065476,1.2583245199670745;3.7482668538853474,3.871653614817813,0.9789838989544486;6.250726309333378,2.9499279952108335,2.0458167500197293;19.278803210629658,6.419059217211331,0.3507678650306102;3.4941419371470674,2.202105313808735,1.355110052215222;17.28236130049939,8.816585209620452,2.4311720247107256;8.671333644868234,17.07150743406474,2.253312479519481;3.8861572889029055,10.246602592068822,2.4314266735051406"
48,drone_7,7.126,14.020,2.877,16.488,"6.683184288703654,17.699103959212035,0.4602261832052541;15.21577253005351,11.074522045419549,0.30406892767535965;1.3366213338497328,5.185588936355771,1.3119481483461524;14.557489970614855,15.662633469679074,1.2318328402115744;3.3364748895498098,5.070252215065476,1.2583245199670745;3.7482668538853474,3.871653614817813,0.9789838989544486;6.250726309333378,2.9499279952108335,2.0458167500197293;19.278803210629658,6.419059217211331,0.3507678650306102;3.4941419371470674,2.202105313808735,1.355110052215222;17.28236130049939,8.816585209620452,2.4311720247107256;8.671333644868234,17.07150743406474,2.253312479519481;3.8861572889029055,10.246602592068822,2.4314266735051406"
48,drone_8,10.156,8.175,2.877,16.488,"6.683184288703654,17.699103959212035,0.4602261832052541;15.21577253005351,11.074522045419549,0.30406892767535965;1.3366213338497328,5.185588936355771,1.3119481483461524;14.557489970614855,15.662633469679074,1.2318328402115744;3.3364748895498098,5.070252215065476,1.2583245199670745;3.7482668538853474,3.871653614817813,0.9789838989544486;6.250726309333378,2.9499279952108335,2.0458167500197293;19.278803210629658,6.419059217211331,0.3507678650306102;3.4941419371470674,2.202105313808735,1.355110052215222;17.28236130049939,8.816585209620452,2.4311720247107256;8.671333644868234,17.07150743406474,2.253312479519481;3.8861572889029055,10.246602592068822,2.4314266735051406"
49,drone_0,5.541,12.783,2.877,16.488,"6.683184288703654,17.699103959212035,0.4602261832052541;15.21577253005351,11.074522045419549,0.30406892767535965;1.3366213338497328,5.185588936355771,1.3119481483461524;14.557489970614855,15.662633469679074,1.2318328402115744;3.3364748895498098,5.070252215065476,1.2583245199670745;3.7482668538853474,3.871653614817813,0.9789838989544486;6.250726309333378,2.9499279952108335,2.0458167500197293;19.278803210629658,6.419059217211331,0.3507678650306102;3.4941419371470674,2.202105313808735,1.355110052215222;17.28236130049939,8.816585209620452,2.4311720247107256;8.671333644868234,17.07150743406474,2.253312479519481;3.8861572889029055,10.246602592068822,2.4314266735051406"
49,drone_2,5.536,13.714,2.877,16.488,"6.683184288703654,17.699103959212035,0.4602261832052541;15.21577253005351,11.074522045419549,0.30406892767535965;1.3366213338497328,5.185588936355771,1.3119481483461524;14.557489970614855,15.662633469679074,1.2318328402115744;3.3364748895498098,5.070252215065476,1.2583245199670745;3.7482668538853474,3.871653614817813,0.9789838989544486;6.250726309333378,2.9499279952108335,2.0458167500197293;19.278803210629658,6.419059217211331,0.3507678650306102;3.4941419371470674,2.202105313808735,1.355110052215222;17.28236130049939,8.816585209620452,2.4311720247107256;8.671333644868234,17.07150743406474,2.253312479519481;3.8861572889029055,10.246602592068822,2.4314266735051406"
49,drone_3,7.157,14.533,2.877,16.488,"6.683184288703654,17.699103959212035,0.4602261832052541;15.21577253005351,11.074522045419549,0.30406892767535965;1.3366213338497328,5.185588936355771,1.3119481483461524;14.557489970614855,15.662633469679074,1.2318328402115744;3.3364748895498098,5.070252215065476,1.2583245199670745;3.7482668538853474,3.871653614817813,0.9789838989544486;6.250726309333378,2.9499279952108335,2.0458167500197293;19.278803210629658,6.419059217211331,0.3507678650306102;3.4941419371470674,2.202105313808735,1.355110052215222;17.28236130049939,8.816585209620452,2.4311720247107256;8.671333644868234,17.07150743406474,2.253312479519481;3.8861572889029055,10.246602592068822,2.4314266735051406"
49,drone_5,10.312,14.818,2.877,16.488,"6.683184288703654,17.699103959212035,0.4602261832052541;15.21577253005351,11.074522045419549,0.30406892767535965;1.3366213338497328,5.185588936355771,1.3119481483461524;14.557489970614855,15.662633469679074,1.2318328402115744;3.3364748895498098,5.070252215065476,1.2583245199670745;3.7482668538853474,3.871653614817813,0.9789838989544486;6.250726309333378,2.9499279952108335,2.0458167500197293;19.278803210629658,6.419059217211331,0.3507678650306102;3.4941419371470674,2.202105313808735,1.355110052215222;17.28236130049939,8.816585209620452,2.4311720247107256;8.671333644868234,17.07150743406474,2.253312479519481;3.8861572889029055,10.246602592068822,2.4314266735051406"
49,drone_6,6.313,13.069,2.877,16.488,"6.683184288703654,17.699103959212035,0.4602261832052541;15.21577253005351,11.074522045419549,0.30406892767535965;1.3366213338497328,5.185588936355771,1.3119481483461524;14.557489970614855,15.662633469679074,1.2318328402115744;3.3364748895498098,5.070252215065476,1.2583245199670745;3.7482668538853474,3.871653614817813,0.9789838989544486;6.250726309333378,2.9499279952108335,2.0458167500197293;19.278803210629658,6.419059217211331,0.3507678650306102;3.4941419371470674,2.202105313808735,1.355110052215222;17.28236130049939,8.816585209620452,2.4311720247107256;8.671333644868234,17.07150743406474,2.253312479519481;3.8861572889029055,10.246602592068822,2.4314266735051406"
49,drone_7,6.968,14.089,2.877,16.488,"6.683184288703654,17.699103959212035,0.4602261832052541;15.21577253005351,11.074522045419549,0.30406892767535965;1.3366213338497328,5.185588936355771,1.3119481483461524;14.557489970614855,15.662633469679074,1.2318328402115744;3.3364748895498098,5.070252215065476,1.2583245199670745;3.7482668538853474,3.871653614817813,0.9789838989544486;6.250726309333378,2.9499279952108335,2.0458167500197293;19.278803210629658,6.419059217211331,0.3507678650306102;3.4941419371470674,2.202105313808735,1.355110052215222;17.28236130049939,8.816585209620452,2.4311720247107256;8.671333644868234,17.07150743406474,2.253312479519481;3.8861572889029055,10.246602592068822,2.4314266735051406"
49,drone_8,10.014,8.316,2.877,16.488,"6.683184288703654,17.699103959212035,0.4602261832052541;15.21577253005351,11.074522045419549,0.30406892767535965;1.3366213338497328,5.185588936355771,1.3119481483461524;14.557489970614855,15.662633469679074,1.2318328402115744;3.3364748895498098,5.070252215065476,1.2583245199670745;3.7482668538853474,3.871653614817813,0.9789838989544486;6.250726309333378,2.9499279952108335,2.0458167500197293;19.278803210629658,6.419059217211331,0.3507678650306102;3.4941419371470674,2.202105313808735,1.355110052215222;17.28236130049939,8.816585209620452,2.4311720247107256;8.671333644868234,17.07150743406474,2.253312479519481;3.8861572889029055,10.246602592068822,2.4314266735051406"
50,drone_0,5.436,12.887,2.877,16.488,"6.683184288703654,17.699103959212035,0.4602261832052541;15.21577253005351,11.074522045419549,0.30406892767535965;1.3366213338497328,5.185588936355771,1.3119481483461524;14.557489970614855,15.662633469679074,1.2318328402115744;3.3364748895498098,5.070252215065476,1.2583245199670745;3.7482668538853474,3.871653614817813,0.9789838989544486;6.250726309333378,2.9499279952108335,2.0458167500197293;19.278803210629658,6.419059217211331,0.3507678650306102;3.4941419371470674,2.202105313808735,1.355110052215222;17.28236130049939,8.816585209620452,2.4311720247107256;8.671333644868234,17.07150743406474,2.253312479519481;3.8861572889029055,10.246602592068822,2.4314266735051406"
50,drone_2,5.414,13.836,2.877,16.488,"6.683184288703654,17.699103959212035,0.4602261832052541;15.21577253005351,11.074522045419549,0.30406892767535965;1.3366213338497328,5.185588936355771,1.3119481483461524;14.557489970614855,15.662633469679074,1.2318328402115744;3.3364748895498098,5.070252215065476,1.2583245199670745;3.7482668538853474,3.871653614817813,0.9789838989544486;6.250726309333378,2.9499279952108335,2.0458167500197293;19.278803210629658,6.419059217211331,0.3507678650306102;3.4941419371470674,2.202105313808735,1.355110052215222;17.28236130049939,8.816585209620452,2.4311720247107256;8.671333644868234,17.07150743406474,2.253312479519481;3.8861572889029055,10.246602592068822,2.4314266735051406"
50,drone_3,7.020,14.638,2.877,16.488,"6.683184288703654,17.699103959212035,0.4602261832052541;15.21577253005351,11.074522045419549,0.30406892767535965;1.3366213338497328,5.185588936355771,1.3119481483461524;14.557489970614855,15.662633469679074,1.2318328402115744;3.3364748895498098,5.070252215065476,1.2583245199670745;3.7482668538853474,3.871653614817813,0.9789838989544486;6.250726309333378,2.9499279952108335,2.0458167500197293;19.278803210629658,6.419059217211331,0.3507678650306102;3.4941419371470674,2.202105313808735,1.355110052215222;17.28236130049939,8.816585209620452,2.4311720247107256;8.671333644868234,17.07150743406474,2.253312479519481;3.8861572889029055,10.246602592068822,2.4314266735051406"
50,drone_5,10.156,14.694,2.877,16.488,"6.683184288703654,17.699103959212035,0.4602261832052541;15.21577253005351,11.074522045419549,0.30406892767535965;1.3366213338497328,5.185588936355771,1.3119481483461524;14.557489970614855,15.662633469679074,1.2318328402115744;3.3364748895498098,5.070252215065476,1.2583245199670745;3.7482668538853474,3.871653614817813,0.9789838989544486;6.250726309333378,2.9499279952108335,2.0458167500197293;19.278803210629658,6.419059217211331,0.3507678650306102;3.4941419371470674,2.202105313808735,1.355110052215222;17.28236130049939,8.816585209620452,2.4311720247107256;8.671333644868234,17.07150743406474,2.253312479519481;3.8861572889029055,10.246602592068822,2.4314266735051406"
50,drone_6,6.191,13.191,2.877,16.488,"6.683184288703654,17.699103959212035,0.4602261832052541;15.21577253005351,11.074522045419549,0.30406892767535965;1.3366213338497328,5.185588936355771,1.3119481483461524;14.557489970614855,15.662633469679074,1.2318328402115744;3.3364748895498098,5.070252215065476,1.2583245199670745;3.7482668538853474,3.871653614817813,0.9789838989544486;6.250726309333378,2.9499279952108335,2.0458167500197293;19.278803210629658,6.419059217211331,0.3507678650306102;3.4941419371470674,2.202105313808735,1.355110052215222;17.28236130049939,8.816585209620452,2.4311720247107256;8.671333644868234,17.07150743406474,2.253312479519481;3.8861572889029055,10.246602592068822,2.4314266735051406"
50,drone_7,6.817,14.172,2.877,16.488,"6.683184288703654,17.699103959212035,0.4602261832052541;15.21577253005351,11.074522045419549,0.30406892767535965;1.3366213338497328,5.185588936355771,1.3119481483461524;14.557489970614855,15.662633469679074,1.2318328402115744;3.3364748895498098,5.070252215065476,1.2583245199670745;3.7482668538853474,3.871653614817813,0.9789838989544486;6.250726309333378,2.9499279952108335,2.0458167500197293;19.278803210629658,6.419059217211331,0.3507678650306102;3.4941419371470674,2.202105313808735,1.355110052215222;17.28236130049939,8.816585209620452,2.4311720247107256;8.671333644868234,17.07150743406474,2.253312479519481;3.8861572889029055,10.246602592068822,2.4314266735051406"
50,drone_8,9.873,8.458,2.877,16.488,"6.683184288703654,17.699103959212035,0.4602261832052541;15.21577253005351,11.074522045419549,0.30406892767535965;1.3366213338497328,5.185588936355771,1.3119481483461524;14.557489970614855,15.662633469679074,1.2318328402115744;3.3364748895498098,5.070252215065476,1.2583245199670745;3.7482668538853474,3.871653614817813,0.9789838989544486;6.250726309333378,2.9499279952108335,2.0458167500197293;19.278803210629658,6.419059217211331,0.3507678650306102;3.4941419371470674,2.202105313808735,1.355110052215222;17.28236130049939,8.816585209620452,2.4311720247107256;8.671333644868234,17.07150743406474,2.253312479519481;3.8861572889029055,10.246602592068822,2.4314266735051406"
51,drone_0,5.331,12.992,2.877,16.488,"6.683184288703654,17.699103959212035,0.4602261832052541;15.21577253005351,11.074522045419549,0.30406892767535965;1.3366213338497328,5.185588936355771,1.3119481483461524;14.557489970614855,15.662633469679074,1.2318328402115744;3.3364748895498098,5.070252215065476,1.2583245199670745;3.7482668538853474,3.871653614817813,0.9789838989544486;6.250726309333378,2.9499279952108335,2.0458167500197293;19.278803210629658,6.419059217211331,0.3507678650306102;3.4941419371470674,2.202105313808735,1.355110052215222;17.28236130049939,8.816585209620452,2.4311720247107256;8.671333644868234,17.07150743406474,2.253312479519481;3.8861572889029055,10.246602592068822,2.4314266735051406"
51,drone_2,5.293,13.958,2.877,16.488,"6.683184288703654,17.699103959212035,0.4602261832052541;15.21577253005351,11.074522045419549,0.30406892767535965;1.3366213338497328,5.185588936355771,1.3119481483461524;14.557489970614855,15.662633469679074,1.2318328402115744;3.3364748895498098,5.070252215065476,1.2583245199670745;3.7482668538853474,3.871653614817813,0.9789838989544486;6.250726309333378,2.9499279952108335,2.0458167500197293;19.278803210629658,6.419059217211331,0.3507678650306102;3.4941419371470674,2.202105313808735,1.355110052215222;17.28236130049939,8.816585209620452,2.4311720247107256;8.671333644868234,17.07150743406474,2.253312479519481;3.8861572889029055,10.246602592068822,2.4314266735051406"
51,drone_3,6.890,14.751,2.877,16.488,"6.683184288703654,17.699103959212035,0.4602261832052541;15.21577253005351,11.074522045419549,0.30406892767535965;1.3366213338497328,5.185588936355771,1.3119481483461524;14.557489970614855,15.662633469679074,1.2318328402115744;3.3364748895498098,5.070252215065476,1.2583245199670745;3.7482668538853474,3.871653614817813,0.9789838989544486;6.250726309333378,2.9499279952108335,2.0458167500197293;19.278803210629658,6.419059217211331,0.3507678650306102;3.4941419371470674,2.202105313808735,1.355110052215222;17.28236130049939,8.816585209620452,2.4311720247107256;8.671333644868234,17.07150743406474,2.253312479519481;3.8861572889029055,10.246602592068822,2.4314266735051406"
51,drone_5,9.978,14.601,2.877,16.488,"6.683184288703654,17.699103959212035,0.4602261832052541;15.21577253005351,11.074522045419549,0.30406892767535965;1.3366213338497328,5.185588936355771,1.3119481483461524;14.557489970614855,15.662633469679074,1.2318328402115744;3.3364748895498098,5.070252215065476,1.2583245199670745;3.7482668538853474,3.871653614817813,0.9789838989544486;6.250726309333378,2.9499279952108335,2.0458167500197293;19.278803210629658,6.419059217211331,0.3507678650306102;3.4941419371470674,2.202105313808735,1.355110052215222;17.28236130049939,8.816585209620452,2.4311720247107256;8.671333644868234,17.07150743406474,2.253312479519481;3.8861572889029055,10.246602592068822,2.4314266735051406"
51,drone_6,6.069,13.313,2.877,16.488,"6.683184288703654,17.699103959212035,0.4602261832052541;15.21577253005351,11.074522045419549,0.30406892767535965;1.3366213338497328,5.185588936355771,1.3119481483461524;14.557489970614855,15.662633469679074,1.2318328402115744;3.3364748895498098,5.070252215065476,1.2583245199670745;3.7482668538853474,3.871653614817813,0.9789838989544486;6.250726309333378,2.9499279952108335,2.0458167500197293;19.278803210629658,6.419059217211331,0.3507678650306102;3.4941419371470674,2.202105313808735,1.355110052215222;17.28236130049939,8.816585209620452,2.4311720247107256;8.671333644868234,17.07150743406474,2.253312479519481;3.8861572889029055,10.246602592068822,2.4314266735051406"
51,drone_7,6.671,14.262,2.877,16.488,"6.683184288703654,17.699103959212035,0.4602261832052541;15.21577253005351,11.074522045419549,0.30406892767535965;1.3366213338497328,5.185588936355771,1.3119481483461524;14.557489970614855,15.662633469679074,1.2318328402115744;3.3364748895498098,5.070252215065476,1.2583245199670745;3.7482668538853474,3.871653614817813,0.9789838989544486;6.250726309333378,2.9499279952108335,2.0458167500197293;19.278803210629658,6.419059217211331,0.3507678650306102;3.4941419371470674,2.202105313808735,1.355110052215222;17.28236130049939,8.816585209620452,2.4311720247107256;8.671333644868234,17.07150743406474,2.253312479519481;3.8861572889029055,10.246602592068822,2.4314266735051406"
51,drone_8,9.732,8.599,2.877,16.488,"6.683184288703654,17.699103959212035,0.4602261832052541;15.21577253005351,11.074522045419549,0.30406892767535965;1.3366213338497328,5.185588936355771,1.3119481483461524;14.557489970614855,15.662633469679074,1.2318328402115744;3.3364748895498098,5.070252215065476,1.2583245199670745;3.7482668538853474,3.871653614817813,0.9789838989544486;6.250726309333378,2.9499279952108335,2.0458167500197293;19.278803210629658,6.419059217211331,0.3507678650306102;3.4941419371470674,2.202105313808735,1.355110052215222;17.28236130049939,8.816585209620452,2.4311720247107256;8.671333644868234,17.07150743406474,2.253312479519481;3.8861572889029055,10.246602592068822,2.4314266735051406"
52,drone_0,5.227,13.097,2.877,16.488,"6.683184288703654,17.699103959212035,0.4602261832052541;15.21577253005351,11.074522045419549,0.30406892767535965;1.3366213338497328,5.185588936355771,1.3119481483461524;14.557489970614855,15.662633469679074,1.2318328402115744;3.3364748895498098,5.070252215065476,1.2583245199670745;3.7482668538853474,3.871653614817813,0.9789838989544486;6.250726309333378,2.9499279952108335,2.0458167500197293;19.278803210629658,6.419059217211331,0.3507678650306102;3.4941419371470674,2.202105313808735,1.355110052215222;17.28236130049939,8.816585209620452,2.4311720247107256;8.671333644868234,17.07150743406474,2.253312479519481;3.8861572889029055,10.246602592068822,2.4314266735051406"
52,drone_2,5.171,14.079,2.877,16.488,"6.683184288703654,17.699103959212035,0.4602261832052541;15.21577253005351,11.074522045419549,0.30406892767535965;1.3366213338497328,5.185588936355771,1.3119481483461524;14.557489970614855,15.662633469679074,1.2318328402115744;3.3364748895498098,5.070252215065476,1.2583245199670745;3.7482668538853474,3.871653614817813,0.9789838989544486;6.250726309333378,2.9499279952108335,2.0458167500197293;19.278803210629658,6.419059217211331,0.3507678650306102;3.4941419371470674,2.202105313808735,1.355110052215222;17.28236130049939,8.816585209620452,2.4311720247107256;8.671333644868234,17.07150743406474,2.253312479519481;3.8861572889029055,10.246602592068822,2.4314266735051406"
52,drone_3,6.760,14.863,2.877,16.488,"6.683184288703654,17.699103959212035,0.4602261832052541;15.21577253005351,11.074522045419549,0.30406892767535965;1.3366213338497328,5.185588936355771,1.3119481483461524;14.557489970614855,15.662633469679074,1.2318328402115744;3.3364748895498098,5.070252215065476,1.2583245199670745;3.7482668538853474,3.871653614817813,0.9789838989544486;6.250726309333378,2.9499279952108335,2.0458167500197293;19.278803210629658,6.419059217211331,0.3507678650306102;3.4941419371470674,2.202105313808735,1.355110052215222;17.28236130049939,8.816585209620452,2.4311720247107256;8.671333644868234,17.07150743406474,2.253312479519481;3.8861572889029055,10.246602592068822,2.4314266735051406"
52,drone_5,9.802,14.507,2.877,16.488,"6.683184288703654,17.699103959212035,0.4602261832052541;15.21577253005351,11.074522045419549,0.30406892767535965;1.3366213338497328,5.185588936355771,1.3119481483461524;14.557489970614855,15.662633469679074,1.2318328402115744;3.3364748895498098,5.070252215065476,1.2583245199670745;3.7482668538853474,3.871653614817813,0.9789838989544486;6.250726309333378,2.9499279952108335,2.0458167500197293;19.278803210629658,6.419059217211331,0.3507678650306102;3.4941419371470674,2.202105313808735,1.355110052215222;17.28236130049939,8.816585209620452,2.4311720247107256;8.671333644868234,17.07150743406474,2.253312479519481;3.8861572889029055,10.246602592068822,2.4314266735051406"
52,drone_6,5.947,13.435,2.877,16.488,"6.683184288703654,17.699103959212035,0.4602261832052541;15.21577253005351,11.074522045419549,0.30406892767535965;1.3366213338497328,5.185588936355771,1.3119481483461524;14.557489970614855,15.662633469679074,1.2318328402115744;3.3364748895498098,5.070252215065476,1.2583245199670745;3.7482668538853474,3.871653614817813,0.9789838989544486;6.250726309333378,2.9499279952108335,2.0458167500197293;19.278803210629658,6.419059217211331,0.3507678650306102;3.4941419371470674,2.202105313808735,1.355110052215222;17.28236130049939,8.816585209620452,2.4311720247107256;8.671333644868234,17.07150743406474,2.253312479519481;3.8861572889029055,10.246602592068822,2.4314266735051406"
52,drone_7,6.535,14.367,2.877,16.488,"6.683184288703654,17.699103959212035,0.4602261832052541;15.21577253005351,11.074522045419549,0.30406892767535965;1.3366213338497328,5.185588936355771,1.3119481483461524;14.557489970614855,15.662633469679074,1.2318328402115744;3.3364748895498098,5.070252215065476,1.2583245199670745;3.7482668538853474,3.871653614817813,0.9789838989544486;6.250726309333378,2.9499279952108335,2.0458167500197293;19.278803210629658,6.419059217211331,0.3507678650306102;3.4941419371470674,2.202105313808735,1.355110052215222;17.28236130049939,8.816585209620452,2.4311720247107256;8.671333644868234,17.07150743406474,2.253312479519481;3.8861572889029055,10.246602592068822,2.4314266735051406"
52,drone_8,9.590,8.740,2.877,16.488,"6.683184288703654,17.699103959212035,0.4602261832052541;15.21577253005351,11.074522045419549,0.30406892767535965;1.3366213338497328,5.185588936355771,1.3119481483461524;14.557489970614855,15.662633469679074,1.2318328402115744;3.3364748895498098,5.070252215065476,1.2583245199670745;3.7482668538853474,3.871653614817813,0.9789838989544486;6.250726309333378,2.9499279952108335,2.0458167500197293;19.278803210629658,6.419059217211331,0.3507678650306102;3.4941419371470674,2.202105313808735,1.355110052215222;17.28236130049939,8.816585209620452,2.4311720247107256;8.671333644868234,17.07150743406474,2.253312479519481;3.8861572889029055,10.246602592068822,2.4314266735051406"
53,drone_0,5.122,13.202,2.877,16.488,"6.683184288703654,17.699103959212035,0.4602261832052541;15.21577253005351,11.074522045419549,0.30406892767535965;1.3366213338497328,5.185588936355771,1.3119481483461524;14.557489970614855,15.662633469679074,1.2318328402115744;3.3364748895498098,5.070252215065476,1.2583245199670745;3.7482668538853474,3.871653614817813,0.9789838989544486;6.250726309333378,2.9499279952108335,2.0458167500197293;19.278803210629658,6.419059217211331,0.3507678650306102;3.4941419371470674,2.202105313808735,1.355110052215222;17.28236130049939,8.816585209620452,2.4311720247107256;8.671333644868234,17.07150743406474,2.253312479519481;3.8861572889029055,10.246602592068822,2.4314266735051406"
53,drone_2,5.050,14.201,2.877,16.488,"6.683184288703654,17.699103959212035,0.4602261832052541;15.21577253005351,11.074522045419549,0.30406892767535965;1.3366213338497328,5.185588936355771,1.3119481483461524;14.557489970614855,15.662633469679074,1.2318328402115744;3.3364748895498098,5.070252215065476,1.2583245199670745;3.7482668538853474,3.871653614817813,0.9789838989544486;6.250726309333378,2.9499279952108335,2.0458167500197293;19.278803210629658,6.419059217211331,0.3507678650306102;3.4941419371470674,2.202105313808735,1.355110052215222;17.28236130049939,8.816585209620452,2.4311720247107256;8.671333644868234,17.07150743406474,2.253312479519481;3.8861572889029055,10.246602592068822,2.4314266735051406"
53,drone_3,6.631,14.978,2.877,16.488,"6.683184288703654,17.699103959212035,0.4602261832052541;15.21577253005351,11.074522045419549,0.30406892767535965;1.3366213338497328,5.185588936355771,1.3119481483461524;14.557489970614855,15.662633469679074,1.2318328402115744;3.3364748895498098,5.070252215065476,1.2583245199670745;3.7482668538853474,3.871653614817813,0.9789838989544486;6.250726309333378,2.9499279952108335,2.0458167500197293;19.278803210629658,6.419059217211331,0.3507678650306102;3.4941419371470674,2.202105313808735,1.355110052215222;17.28236130049939,8.816585209620452,2.4311720247107256;8.671333644868234,17.07150743406474,2.253312479519481;3.8861572889029055,10.246602592068822,2.4314266735051406"
53,drone_5,9.634,14.399,2.877,16.488,"6.683184288703654,17.699103959212035,0.4602261832052541;15.21577253005351,11.074522045419549,0.30406892767535965;1.3366213338497328,5.185588936355771,1.3119481483461524;14.557489970614855,15.662633469679074,1.2318328402115744;3.3364748895498098,5.070252215065476,1.2583245199670745;3.7482668538853474,3.871653614817813,0.9789838989544486;6.250726309333378,2.9499279952108335,2.0458167500197293;19.278803210629658,6.419059217211331,0.3507678650306102;3.4941419371470674,2.202105313808735,1.355110052215222;17.28236130049939,8.816585209620452,2.4311720247107256;8.671333644868234,17.07150743406474,2.253312479519481;3.8861572889029055,10.246602592068822,2.4314266735051406"
53,drone_6,5.826,13.556,2.877,16.488,"6.683184288703654,17.699103959212035,0.4602261832052541;15.21577253005351,11.074522045419549,0.30406892767535965;1.3366213338497328,5.185588936355771,1.3119481483461524;14.557489970614855,15.662633469679074,1.2318328402115744;3.3364748895498098,5.070252215065476,1.2583245199670745;3.7482668538853474,3.871653614817813,0.9789838989544486;6.250726309333378,2.9499279952108335,2.0458167500197293;19.278803210629658,6.419059217211331,0.3507678650306102;3.4941419371470674,2.202105313808735,1.355110052215222;17.28236130049939,8.816585209620452,2.4311720247107256;8.671333644868234,17.07150743406474,2.253312479519481;3.8861572889029055,10.246602592068822,2.4314266735051406"
53,drone_7,6.405,14.480,2.877,16.488,"6.683184288703654,17.699103959212035,0.4602261832052541;15.21577253005351,11.074522045419549,0.30406892767535965;1.3366213338497328,5.185588936355771,1.3119481483461524;14.557489970614855,15.662633469679074,1.2318328402115744;3.3364748895498098,5.070252215065476,1.2583245199670745;3.7482668538853474,3.871653614817813,0.9789838989544486;6.250726309333378,2.9499279952108335,2.0458167500197293;19.278803210629658,6.419059217211331,0.3507678650306102;3.4941419371470674,2.202105313808735,1.355110052215222;17.28236130049939,8.816585209620452,2.4311720247107256;8.671333644868234,17.07150743406474,2.253312479519481;3.8861572889029055,10.246602592068822,2.4314266735051406"
53,drone_8,9.449,8.882,2.877,16.488,"6.683184288703654,17.699103959212035,0.4602261832052541;15.21577253005351,11.074522045419549,0.30406892767535965;1.3366213338497328,5.185588936355771,1.3119481483461524;14.557489970614855,15.662633469679074,1.2318328402115744;3.3364748895498098,5.070252215065476,1.2583245199670745;3.7482668538853474,3.871653614817813,0.9789838989544486;6.250726309333378,2.9499279952108335,2.0458167500197293;19.278803210629658,6.419059217211331,0.3507678650306102;3.4941419371470674,2.202105313808735,1.355110052215222;17.28236130049939,8.816585209620452,2.4311720247107256;8.671333644868234,17.07150743406474,2.253312479519481;3.8861572889029055,10.246602592068822,2.4314266735051406"
54,drone_0,5.000,13.323,2.877,16.488,"6.683184288703654,17.699103959212035,0.4602261832052541;15.21577253005351,11.074522045419549,0.30406892767535965;1.3366213338497328,5.185588936355771,1.3119481483461524;14.557489970614855,15.662633469679074,1.2318328402115744;3.3364748895498098,5.070252215065476,1.2583245199670745;3.7482668538853474,3.871653614817813,0.9789838989544486;6.250726309333378,2.9499279952108335,2.0458167500197293;19.278803210629658,6.419059217211331,0.3507678650306102;3.4941419371470674,2.202105313808735,1.355110052215222;17.28236130049939,8.816585209620452,2.4311720247107256;8.671333644868234,17.07150743406474,2.253312479519481;3.8861572889029055,10.246602592068822,2.4314266735051406"
54,drone_2,4.928,14.323,2.877,16.488,"6.683184288703654,17.699103959212035,0.4602261832052541;15.21577253005351,11.074522045419549,0.30406892767535965;1.3366213338497328,5.185588936355771,1.3119481483461524;14.557489970614855,15.662633469679074,1.2318328402115744;3.3364748895498098,5.070252215065476,1.2583245199670745;3.7482668538853474,3.871653614817813,0.9789838989544486;6.250726309333378,2.9499279952108335,2.0458167500197293;19.278803210629658,6.419059217211331,0.3507678650306102;3.4941419371470674,2.202105313808735,1.355110052215222;17.28236130049939,8.816585209620452,2.4311720247107256;8.671333644868234,17.07150743406474,2.253312479519481;3.8861572889029055,10.246602592068822,2.4314266735051406"
54,drone_3,6.505,15.095,2.877,16.488,"6.683184288703654,17.699103959212035,0.4602261832052541;15.21577253005351,11.074522045419549,0.30406892767535965;1.3366213338497328,5.185588936355771,1.3119481483461524;14.557489970614855,15.662633469679074,1.2318328402115744;3.3364748895498098,5.070252215065476,1.2583245199670745;3.7482668538853474,3.871653614817813,0.9789838989544486;6.250726309333378,2.9499279952108335,2.0458167500197293;19.278803210629658,6.419059217211331,0.3507678650306102;3.4941419371470674,2.202105313808735,1.355110052215222;17.28236130049939,8.816585209620452,2.4311720247107256;8.671333644868234,17.07150743406474,2.253312479519481;3.8861572889029055,10.246602592068822,2.4314266735051406"
54,drone_5,9.465,14.292,2.877,16.488,"6.683184288703654,17.699103959212035,0.4602261832052541;15.21577253005351,11.074522045419549,0.30406892767535965;1.3366213338497328,5.185588936355771,1.3119481483461524;14.557489970614855,15.662633469679074,1.2318328402115744;3.3364748895498098,5.070252215065476,1.2583245199670745;3.7482668538853474,3.871653614817813,0.9789838989544486;6.250726309333378,2.9499279952108335,2.0458167500197293;19.278803210629658,6.419059217211331,0.3507678650306102;3.4941419371470674,2.202105313808735,1.355110052215222;17.28236130049939,8.816585209620452,2.4311720247107256;8.671333644868234,17.07150743406474,2.253312479519481;3.8861572889029055,10.246602592068822,2.4314266735051406"
54,drone_6,5.704,13.678,2.877,16.488,"6.683184288703654,17.699103959212035,0.4602261832052541;15.21577253005351,11.074522045419549,0.30406892767535965;1.3366213338497328,5.185588936355771,1.3119481483461524;14.557489970614855,15.662633469679074,1.2318328402115744;3.3364748895498098,5.070252215065476,1.2583245199670745;3.7482668538853474,3.871653614817813,0.9789838989544486;6.250726309333378,2.9499279952108335,2.0458167500197293;19.278803210629658,6.419059217211331,0.3507678650306102;3.4941419371470674,2.202105313808735,1.355110052215222;17.28236130049939,8.816585209620452,2.4311720247107256;8.671333644868234,17.07150743406474,2.253312479519481;3.8861572889029055,10.246602592068822,2.4314266735051406"
54,drone_7,6.278,14.597,2.877,16.488,"6.683184288703654,17.699103959212035,0.4602261832052541;15.21577253005351,11.074522045419549,0.30406892767535965;1.3366213338497328,5.185588936355771,1.3119481483461524;14.557489970614855,15.662633469679074,1.2318328402115744;3.3364748895498098,5.070252215065476,1.2583245199670745;3.7482668538853474,3.871653614817813,0.9789838989544486;6.250726309333378,2.9499279952108335,2.0458167500197293;19.278803210629658,6.419059217211331,0.3507678650306102;3.4941419371470674,2.202105313808735,1.355110052215222;17.28236130049939,8.816585209620452,2.4311720247107256;8.671333644868234,17.07150743406474,2.253312479519481;3.8861572889029055,10.246602592068822,2.4314266735051406"
54,drone_8,9.307,9.023,2.877,16.488,"6.683184288703654,17.699103959212035,0.4602261832052541;15.21577253005351,11.074522045419549,0.30406892767535965;1.3366213338497328,5.185588936355771,1.3119481483461524;14.557489970614855,15.662633469679074,1.2318328402115744;3.3364748895498098,5.070252215065476,1.2583245199670745;3.7482668538853474,3.871653614817813,0.9789838989544486;6.250726309333378,2.9499279952108335,2.0458167500197293;19.278803210629658,6.419059217211331,0.3507678650306102;3.4941419371470674,2.202105313808735,1.355110052215222;17.28236130049939,8.816585209620452,2.4311720247107256;8.671333644868234,17.07150743406474,2.253312479519481;3.8861572889029055,10.246602592068822,2.4314266735051406"
55,drone_0,4.879,13.445,2.877,16.488,"6.683184288703654,17.699103959212035,0.4602261832052541;15.21577253005351,11.074522045419549,0.30406892767535965;1.3366213338497328,5.185588936355771,1.3119481483461524;14.557489970614855,15.662633469679074,1.2318328402115744;3.3364748895498098,5.070252215065476,1.2583245199670745;3.7482668538853474,3.871653614817813,0.9789838989544486;6.250726309333378,2.9499279952108335,2.0458167500197293;19.278803210629658,6.419059217211331,0.3507678650306102;3.4941419371470674,2.202105313808735,1.355110052215222;17.28236130049939,8.816585209620452,2.4311720247107256;8.671333644868234,17.07150743406474,2.253312479519481;3.8861572889029055,10.246602592068822,2.4314266735051406"
55,drone_2,4.806,14.445,2.877,16.488,"6.683184288703654,17.699103959212035,0.4602261832052541;15.21577253005351,11.074522045419549,0.30406892767535965;1.3366213338497328,5.185588936355771,1.3119481483461524;14.557489970614855,15.662633469679074,1.2318328402115744;3.3364748895498098,5.070252215065476,1.2583245199670745;3.7482668538853474,3.871653614817813,0.9789838989544486;6.250726309333378,2.9499279952108335,2.0458167500197293;19.278803210629658,6.419059217211331,0.3507678650306102;3.4941419371470674,2.202105313808735,1.355110052215222;17.28236130049939,8.816585209620452,2.4311720247107256;8.671333644868234,17.07150743406474,2.253312479519481;3.8861572889029055,10.246602592068822,2.4314266735051406"
55,drone_3,6.382,15.215,2.877,16.488,"6.683184288703654,17.699103959212035,0.4602261832052541;15.21577253005351,11.074522045419549,0.30406892767535965;1.3366213338497328,5.185588936355771,1.3119481483461524;14.557489970614855,15.662633469679074,1.2318328402115744;3.3364748895498098,5.070252215065476,1.2583245199670745;3.7482668538853474,3.871653614817813,0.9789838989544486;6.250726309333378,2.9499279952108335,2.0458167500197293;19.278803210629658,6.419059217211331,0.3507678650306102;3.4941419371470674,2.202105313808735,1.355110052215222;17.28236130049939,8.816585209620452,2.4311720247107256;8.671333644868234,17.07150743406474,2.253312479519481;3.8861572889029055,10.246602592068822,2.4314266735051406"
55,drone_5,9.277,14.222,2.877,16.488,"6.683184288703654,17.699103959212035,0.4602261832052541;15.21577253005351,11.074522045419549,0.30406892767535965;1.3366213338497328,5.185588936355771,1.3119481483461524;14.557489970614855,15.662633469679074,1.2318328402115744;3.3364748895498098,5.070252215065476,1.2583245199670745;3.7482668538853474,3.871653614817813,0.9789838989544486;6.250726309333378,2.9499279952108335,2.0458167500197293;19.278803210629658,6.419059217211331,0.3507678650306102;3.4941419371470674,2.202105313808735,1.355110052215222;17.28236130049939,8.816585209620452,2.4311720247107256;8.671333644868234,17.07150743406474,2.253312479519481;3.8861572889029055,10.246602592068822,2.4314266735051406"
55,drone_6,5.582,13.800,2.877,16.488,"6.683184288703654,17.699103959212035,0.4602261832052541;15.21577253005351,11.074522045419549,0.30406892767535965;1.3366213338497328,5.185588936355771,1.3119481483461524;14.557489970614855,15.662633469679074,1.2318328402115744;3.3364748895498098,5.070252215065476,1.2583245199670745;3.7482668538853474,3.871653614817813,0.9789838989544486;6.250726309333378,2.9499279952108335,2.0458167500197293;19.278803210629658,6.419059217211331,0.3507678650306102;3.4941419371470674,2.202105313808735,1.355110052215222;17.28236130049939,8.816585209620452,2.4311720247107256;8.671333644868234,17.07150743406474,2.253312479519481;3.8861572889029055,10.246602592068822,2.4314266735051406"
55,drone_7,6.154,14.716,2.877,16.488,"6.683184288703654,17.699103959212035,0.4602261832052541;15.21577253005351,11.074522045419549,0.30406892767535965;1.3366213338497328,5.185588936355771,1.3119481483461524;14.557489970614855,15.662633469679074,1.2318328402115744;3.3364748895498098,5.070252215065476,1.2583245199670745;3.7482668538853474,3.871653614817813,0.9789838989544486;6.250726309333378,2.9499279952108335,2.0458167500197293;19.278803210629658,6.419059217211331,0.3507678650306102;3.4941419371470674,2.202105313808735,1.355110052215222;17.28236130049939,8.816585209620452,2.4311720247107256;8.671333644868234,17.07150743406474,2.253312479519481;3.8861572889029055,10.246602592068822,2.4314266735051406"
55,drone_8,9.166,9.165,2.877,16.488,"6.683184288703654,17.699103959212035,0.4602261832052541;15.21577253005351,11.074522045419549,0.30406892767535965;1.3366213338497328,5.185588936355771,1.3119481483461524;14.557489970614855,15.662633469679074,1.2318328402115744;3.3364748895498098,5.070252215065476,1.2583245199670745;3.7482668538853474,3.871653614817813,0.9789838989544486;6.250726309333378,2.9499279952108335,2.0458167500197293;19.278803210629658,6.419059217211331,0.3507678650306102;3.4941419371470674,2.202105313808735,1.355110052215222;17.28236130049939,8.816585209620452,2.4311720247107256;8.671333644868234,17.07150743406474,2.253312479519481;3.8861572889029055,10.246602592068822,2.4314266735051406"
56,drone_0,4.757,13.567,2.877,16.488,"6.683184288703654,17.699103959212035,0.4602261832052541;15.21577253005351,11.074522045419549,0.30406892767535965;1.3366213338497328,5.185588936355771,1.3119481483461524;14.557489970614855,15.662633469679074,1.2318328402115744;3.3364748895498098,5.070252215065476,1.2583245199670745;3.7482668538853474,3.871653614817813,0.9789838989544486;6.250726309333378,2.9499279952108335,2.0458167500197293;19.278803210629658,6.419059217211331,0.3507678650306102;3.4941419371470674,2.202105313808735,1.355110052215222;17.28236130049939,8.816585209620452,2.4311720247107256;8.671333644868234,17.07150743406474,2.253312479519481;3.8861572889029055,10.246602592068822,2.4314266735051406"
56,drone_2,4.685,14.566,2.877,16.488,"6.683184288703654,17.699103959212035,0.4602261832052541;15.21577253005351,11.074522045419549,0.30406892767535965;1.3366213338497328,5.185588936355771,1.3119481483461524;14.557489970614855,15.662633469679074,1.2318328402115744;3.3364748895498098,5.070252215065476,1.2583245199670745;3.7482668538853474,3.871653614817813,0.9789838989544486;6.250726309333378,2.9499279952108335,2.0458167500197293;19.278803210629658,6.419059217211331,0.3507678650306102;3.4941419371470674,2.202105313808735,1.355110052215222;17.28236130049939,8.816585209620452,2.4311720247107256;8.671333644868234,17.07150743406474,2.253312479519481;3.8861572889029055,10.246602592068822,2.4314266735051406"
56,drone_3,6.259,15.335,2.877,16.488,"6.683184288703654,17.699103959212035,0.4602261832052541;15.21577253005351,11.074522045419549,0.30406892767535965;1.3366213338497328,5.185588936355771,1.3119481483461524;14.557489970614855,15.662633469679074,1.2318328402115744;3.3364748895498098,5.070252215065476,1.2583245199670745;3.7482668538853474,3.871653614817813,0.9789838989544486;6.250726309333378,2.9499279952108335,2.0458167500197293;19.278803210629658,6.419059217211331,0.3507678650306102;3.4941419371470674,2.202105313808735,1.355110052215222;17.28236130049939,8.816585209620452,2.4311720247107256;8.671333644868234,17.07150743406474,2.253312479519481;3.8861572889029055,10.246602592068822,2.4314266735051406"
56,drone_5,9.087,14.160,2.877,16.488,"6.683184288703654,17.699103959212035,0.4602261832052541;15.21577253005351,11.074522045419549,0.30406892767535965;1.3366213338497328,5.185588936355771,1.3119481483461524;14.557489970614855,15.662633469679074,1.2318328402115744;3.3364748895498098,5.070252215065476,1.2583245199670745;3.7482668538853474,3.871653614817813,0.9789838989544486;6.250726309333378,2.9499279952108335,2.0458167500197293;19.278803210629658,6.419059217211331,0.3507678650306102;3.4941419371470674,2.202105313808735,1.355110052215222;17.28236130049939,8.816585209620452,2.4311720247107256;8.671333644868234,17.07150743406474,2.253312479519481;3.8861572889029055,10.246602592068822,2.4314266735051406"
56,drone_6,5.461,13.922,2.877,16.488,"6.683184288703654,17.699103959212035,0.4602261832052541;15.21577253005351,11.074522045419549,0.30406892767535965;1.3366213338497328,5.185588936355771,1.3119481483461524;14.557489970614855,15.662633469679074,1.2318328402115744;3.3364748895498098,5.070252215065476,1.2583245199670745;3.7482668538853474,3.871653614817813,0.9789838989544486;6.250726309333378,2.9499279952108335,2.0458167500197293;19.278803210629658,6.419059217211331,0.3507678650306102;3.4941419371470674,2.202105313808735,1.355110052215222;17.28236130049939,8.816585209620452,2.4311720247107256;8.671333644868234,17.07150743406474,2.253312479519481;3.8861572889029055,10.246602592068822,2.4314266735051406"
56,drone_7,6.031,14.836,2.877,16.488,"6.683184288703654,17.699103959212035,0.4602261832052541;15.21577253005351,11.074522045419549,0.30406892767535965;1.3366213338497328,5.185588936355771,1.3119481483461524;14.557489970614855,15.662633469679074,1.2318328402115744;3.3364748895498098,5.070252215065476,1.2583245199670745;3.7482668538853474,3.871653614817813,0.9789838989544486;6.250726309333378,2.9499279952108335,2.0458167500197293;19.278803210629658,6.419059217211331,0.3507678650306102;3.4941419371470674,2.202105313808735,1.355110052215222;17.28236130049939,8.816585209620452,2.4311720247107256;8.671333644868234,17.07150743406474,2.253312479519481;3.8861572889029055,10.246602592068822,2.4314266735051406"
56,drone_8,9.024,9.306,2.877,16.488,"6.683184288703654,17.699103959212035,0.4602261832052541;15.21577253005351,11.074522045419549,0.30406892767535965;1.3366213338497328,5.185588936355771,1.3119481483461524;14.557489970614855,15.662633469679074,1.2318328402115744;3.3364748895498098,5.070252215065476,1.2583245199670745;3.7482668538853474,3.871653614817813,0.9789838989544486;6.250726309333378,2.9499279952108335,2.0458167500197293;19.278803210629658,6.419059217211331,0.3507678650306102;3.4941419371470674,2.202105313808735,1.355110052215222;17.28236130049939,8.816585209620452,2.4311720247107256;8.671333644868234,17.07150743406474,2.253312479519481;3.8861572889029055,10.246602592068822,2.4314266735051406"
57,drone_0,4.635,13.689,2.877,16.488,"6.683184288703654,17.699103959212035,0.4602261832052541;15.21577253005351,11.074522045419549,0.30406892767535965;1.3366213338497328,5.185588936355771,1.3119481483461524;14.557489970614855,15.662633469679074,1.2318328402115744;3.3364748895498098,5.070252215065476,1.2583245199670745;3.7482668538853474,3.871653614817813,0.9789838989544486;6.250726309333378,2.9499279952108335,2.0458167500197293;19.278803210629658,6.419059217211331,0.3507678650306102;3.4941419371470674,2.202105313808735,1.355110052215222;17.28236130049939,8.816585209620452,2.4311720247107256;8.671333644868234,17.07150743406474,2.253312479519481;3.8861572889029055,10.246602592068822,2.4314266735051406"
57,drone_2,4.563,14.688,2.877,16.488,"6.683184288703654,17.699103959212035,0.4602261832052541;15.21577253005351,11.074522045419549,0.30406892767535965;1.3366213338497328,5.185588936355771,1.3119481483461524;14.557489970614855,15.662633469679074,1.2318328402115744;3.3364748895498098,5.070252215065476,1.2583245199670745;3.7482668538853474,3.871653614817813,0.9789838989544486;6.250726309333378,2.9499279952108335,2.0458167500197293;19.278803210629658,6.419059217211331,0.3507678650306102;3.4941419371470674,2.202105313808735,1.355110052215222;17.28236130049939,8.816585209620452,2.4311720247107256;8.671333644868234,17.07150743406474,2.253312479519481;3.8861572889029055,10.246602592068822,2.4314266735051406"
57,drone_3,6.136,15.457,2.877,16.488,"6.683184288703654,17.699103959212035,0.4602261832052541;15.21577253005351,11.074522045419549,0.30406892767535965;1.3366213338497328,5.185588936355771,1.3119481483461524;14.557489970614855,15.662633469679074,1.2318328402115744;3.3364748895498098,5.070252215065476,1.2583245199670745;3.7482668538853474,3.871653614817813,0.9789838989544486;6.250726309333378,2.9499279952108335,2.0458167500197293;19.278803210629658,6.419059217211331,0.3507678650306102;3.4941419371470674,2.202105313808735,1.355110052215222;17.28236130049939,8.816585209620452,2.4311720247107256;8.671333644868234,17.07150743406474,2.253312479519481;3.8861572889029055,10.246602592068822,2.4314266735051406"
57,drone_5,8.892,14.118,2.877,16.488,"6.683184288703654,17.699103959212035,0.4602261832052541;15.21577253005351,11.074522045419549,0.30406892767535965;1.3366213338497328,5.185588936355771,1.3119481483461524;14.557489970614855,15.662633469679074,1.2318328402115744;3.3364748895498098,5.070252215065476,1.2583245199670745;3.7482668538853474,3.871653614817813,0.9789838989544486;6.250726309333378,2.9499279952108335,2.0458167500197293;19.278803210629658,6.419059217211331,0.3507678650306102;3.4941419371470674,2.202105313808735,1.355110052215222;17.28236130049939,8.816585209620452,2.4311720247107256;8.671333644868234,17.07150743406474,2.253312479519481;3.8861572889029055,10.246602592068822,2.4314266735051406"
57,drone_6,5.339,14.043,2.877,16.488,"6.683184288703654,17.699103959212035,0.4602261832052541;15.21577253005351,11.074522045419549,0.30406892767535965;1.3366213338497328,5.185588936355771,1.3119481483461524;14.557489970614855,15.662633469679074,1.2318328402115744;3.3364748895498098,5.070252215065476,1.2583245199670745;3.7482668538853474,3.871653614817813,0.9789838989544486;6.250726309333378,2.9499279952108335,2.0458167500197293;19.278803210629658,6.419059217211331,0.3507678650306102;3.4941419371470674,2.202105313808735,1.355110052215222;17.28236130049939,8.816585209620452,2.4311720247107256;8.671333644868234,17.07150743406474,2.253312479519481;3.8861572889029055,10.246602592068822,2.4314266735051406"
57,drone_7,5.908,14.957,2.877,16.488,"6.683184288703654,17.699103959212035,0.4602261832052541;15.21577253005351,11.074522045419549,0.30406892767535965;1.3366213338497328,5.185588936355771,1.3119481483461524;14.557489970614855,15.662633469679074,1.2318328402115744;3.3364748895498098,5.070252215065476,1.2583245199670745;3.7482668538853474,3.871653614817813,0.9789838989544486;6.250726309333378,2.9499279952108335,2.0458167500197293;19.278803210629658,6.419059217211331,0.3507678650306102;3.4941419371470674,2.202105313808735,1.355110052215222;17.28236130049939,8.816585209620452,2.4311720247107256;8.671333644868234,17.07150743406474,2.253312479519481;3.8861572889029055,10.246602592068822,2.4314266735051406"
57,drone_8,8.883,9.448,2.877,16.488,"6.683184288703654,17.699103959212035,0.4602261832052541;15.21577253005351,11.074522045419549,0.30406892767535965;1.3366213338497328,5.185588936355771,1.3119481483461524;14.557489970614855,15.662633469679074,1.2318328402115744;3.3364748895498098,5.070252215065476,1.2583245199670745;3.7482668538853474,3.871653614817813,0.9789838989544486;6.250726309333378,2.9499279952108335,2.0458167500197293;19.278803210629658,6.419059217211331,0.3507678650306102;3.4941419371470674,2.202105313808735,1.355110052215222;17.28236130049939,8.816585209620452,2.4311720247107256;8.671333644868234,17.07150743406474,2.253312479519481;3.8861572889029055,10.246602592068822,2.4314266735051406"
58,drone_0,4.513,13.810,2.877,16.488,"6.683184288703654,17.699103959212035,0.4602261832052541;15.21577253005351,11.074522045419549,0.30406892767535965;1.3366213338497328,5.185588936355771,1.3119481483461524;14.557489970614855,15.662633469679074,1.2318328402115744;3.3364748895498098,5.070252215065476,1.2583245199670745;3.7482668538853474,3.871653614817813,0.9789838989544486;6.250726309333378,2.9499279952108335,2.0458167500197293;19.278803210629658,6.419059217211331,0.3507678650306102;3.4941419371470674,2.202105313808735,1.355110052215222;17.28236130049939,8.816585209620452,2.4311720247107256;8.671333644868234,17.07150743406474,2.253312479519481;3.8861572889029055,10.246602592068822,2.4314266735051406"
58,drone_2,4.441,14.810,2.877,16.488,"6.683184288703654,17.699103959212035,0.4602261832052541;15.21577253005351,11.074522045419549,0.30406892767535965;1.3366213338497328,5.185588936355771,1.3119481483461524;14.557489970614855,15.662633469679074,1.2318328402115744;3.3364748895498098,5.070252215065476,1.2583245199670745;3.7482668538853474,3.871653614817813,0.9789838989544486;6.250726309333378,2.9499279952108335,2.0458167500197293;19.278803210629658,6.419059217211331,0.3507678650306102;3.4941419371470674,2.202105313808735,1.355110052215222;17.28236130049939,8.816585209620452,2.4311720247107256;8.671333644868234,17.07150743406474,2.253312479519481;3.8861572889029055,10.246602592068822,2.4314266735051406"
58,drone_3,6.014,15.578,2.877,16.488,"6.683184288703654,17.699103959212035,0.4602261832052541;15.21577253005351,11.074522045419549,0.30406892767535965;1.3366213338497328,5.185588936355771,1.3119481483461524;14.557489970614855,15.662633469679074,1.2318328402115744;3.3364748895498098,5.070252215065476,1.2583245199670745;3.7482668538853474,3.871653614817813,0.9789838989544486;6.250726309333378,2.9499279952108335,2.0458167500197293;19.278803210629658,6.419059217211331,0.3507678650306102;3.4941419371470674,2.202105313808735,1.355110052215222;17.28236130049939,8.816585209620452,2.4311720247107256;8.671333644868234,17.07150743406474,2.253312479519481;3.8861572889029055,10.246602592068822,2.4314266735051406"
58,drone_5,8.696,14.079,2.877,16.488,"6.683184288703654,17.699103959212035,0.4602261832052541;15.21577253005351,11.074522045419549,0.30406892767535965;1.3366213338497328,5.185588936355771,1.3119481483461524;14.557489970614855,15.662633469679074,1.2318328402115744;3.3364748895498098,5.070252215065476,1.2583245199670745;3.7482668538853474,3.871653614817813,0.9789838989544486;6.250726309333378,2.9499279952108335,2.0458167500197293;19.278803210629658,6.419059217211331,0.3507678650306102;3.4941419371470674,2.202105313808735,1.355110052215222;17.28236130049939,8.816585209620452,2.4311720247107256;8.671333644868234,17.07150743406474,2.253312479519481;3.8861572889029055,10.246602592068822,2.4314266735051406"
58,drone_6,5.217,14.165,2.877,16.488,"6.683184288703654,17.699103959212035,0.4602261832052541;15.21577253005351,11.074522045419549,0.30406892767535965;1.3366213338497328,5.185588936355771,1.3119481483461524;14.557489970614855,15.662633469679074,1.2318328402115744;3.3364748895498098,5.070252215065476,1.2583245199670745;3.7482668538853474,3.871653614817813,0.9789838989544486;6.250726309333378,2.9499279952108335,2.0458167500197293;19.278803210629658,6.419059217211331,0.3507678650306102;3.4941419371470674,2.202105313808735,1.355110052215222;17.28236130049939,8.816585209620452,2.4311720247107256;8.671333644868234,17.07150743406474,2.253312479519481;3.8861572889029055,10.246602592068822,2.4314266735051406"
58,drone_7,5.786,15.078,2.877,16.488,"6.683184288703654,17.699103959212035,0.4602261832052541;15.21577253005351,11.074522045419549,0.30406892767535965;1.3366213338497328,5.185588936355771,1.3119481483461524;14.557489970614855,15.662633469679074,1.2318328402115744;3.3364748895498098,5.070252215065476,1.2583245199670745;3.7482668538853474,3.871653614817813,0.9789838989544486;6.250726309333378,2.9499279952108335,2.0458167500197293;19.278803210629658,6.419059217211331,0.3507678650306102;3.4941419371470674,2.202105313808735,1.355110052215222;17.28236130049939,8.816585209620452,2.4311720247107256;8.671333644868234,17.07150743406474,2.253312479519481;3.8861572889029055,10.246602592068822,2.4314266735051406"
58,drone_8,8.742,9.589,2.877,16.488,"6.683184288703654,17.699103959212035,0.4602261832052541;15.21577253005351,11.074522045419549,0.30406892767535965;1.3366213338497328,5.185588936355771,1.3119481483461524;14.557489970614855,15.662633469679074,1.2318328402115744;3.3364748895498098,5.070252215065476,1.2583245199670745;3.7482668538853474,3.871653614817813,0.9789838989544486;6.250726309333378,2.9499279952108335,2.0458167500197293;19.278803210629658,6.419059217211331,0.3507678650306102;3.4941419371470674,2.202105313808735,1.355110052215222;17.28236130049939,8.816585209620452,2.4311720247107256;8.671333644868234,17.07150743406474,2.253312479519481;3.8861572889029055,10.246602592068822,2.4314266735051406"
59,drone_0,4.392,13.932,2.877,16.488,"6.683184288703654,17.699103959212035,0.4602261832052541;15.21577253005351,11.074522045419549,0.30406892767535965;1.3366213338497328,5.185588936355771,1.3119481483461524;14.557489970614855,15.662633469679074,1.2318328402115744;3.3364748895498098,5.070252215065476,1.2583245199670745;3.7482668538853474,3.871653614817813,0.9789838989544486;6.250726309333378,2.9499279952108335,2.0458167500197293;19.278803210629658,6.419059217211331,0.3507678650306102;3.4941419371470674,2.202105313808735,1.355110052215222;17.28236130049939,8.816585209620452,2.4311720247107256;8.671333644868234,17.07150743406474,2.253312479519481;3.8861572889029055,10.246602592068822,2.4314266735051406"
59,drone_2,4.319,14.932,2.877,16.488,"6.683184288703654,17.699103959212035,0.4602261832052541;15.21577253005351,11.074522045419549,0.30406892767535965;1.3366213338497328,5.185588936355771,1.3119481483461524;14.557489970614855,15.662633469679074,1.2318328402115744;3.3364748895498098,5.070252215065476,1.2583245199670745;3.7482668538853474,3.871653614817813,0.9789838989544486;6.250726309333378,2.9499279952108335,2.0458167500197293;19.278803210629658,6.419059217211331,0.3507678650306102;3.4941419371470674,2.202105313808735,1.355110052215222;17.28236130049939,8.816585209620452,2.4311720247107256;8.671333644868234,17.07150743406474,2.253312479519481;3.8861572889029055,10.246602592068822,2.4314266735051406"
59,drone_3,5.892,15.699,2.877,16.488,"6.683184288703654,17.699103959212035,0.4602261832052541;15.21577253005351,11.074522045419549,0.30406892767535965;1.3366213338497328,5.185588936355771,1.3119481483461524;14.557489970614855,15.662633469679074,1.2318328402115744;3.3364748895498098,5.070252215065476,1.2583245199670745;3.7482668538853474,3.871653614817813,0.9789838989544486;6.250726309333378,2.9499279952108335,2.0458167500197293;19.278803210629658,6.419059217211331,0.3507678650306102;3.4941419371470674,2.202105313808735,1.355110052215222;17.28236130049939,8.816585209620452,2.4311720247107256;8.671333644868234,17.07150743406474,2.253312479519481;3.8861572889029055,10.246602592068822,2.4314266735051406"
59,drone_5,8.500,14.120,2.877,16.488,"6.683184288703654,17.699103959212035,0.4602261832052541;15.21577253005351,11.074522045419549,0.30406892767535965;1.3366213338497328,5.185588936355771,1.3119481483461524;14.557489970614855,15.662633469679074,1.2318328402115744;3.3364748895498098,5.070252215065476,1.2583245199670745;3.7482668538853474,3.871653614817813,0.9789838989544486;6.250726309333378,2.9499279952108335,2.0458167500197293;19.278803210629658,6.419059217211331,0.3507678650306102;3.4941419371470674,2.202105313808735,1.355110052215222;17.28236130049939,8.816585209620452,2.4311720247107256;8.671333644868234,17.07150743406474,2.253312479519481;3.8861572889029055,10.246602592068822,2.4314266735051406"
59,drone_6,5.095,14.287,2.877,16.488,"6.683184288703654,17.699103959212035,0.4602261832052541;15.21577253005351,11.074522045419549,0.30406892767535965;1.3366213338497328,5.185588936355771,1.3119481483461524;14.557489970614855,15.662633469679074,1.2318328402115744;3.3364748895498098,5.070252215065476,1.2583245199670745;3.7482668538853474,3.871653614817813,0.9789838989544486;6.250726309333378,2.9499279952108335,2.0458167500197293;19.278803210629658,6.419059217211331,0.3507678650306102;3.4941419371470674,2.202105313808735,1.355110052215222;17.28236130049939,8.816585209620452,2.4311720247107256;8.671333644868234,17.07150743406474,2.253312479519481;3.8861572889029055,10.246602592068822,2.4314266735051406"
59,drone_7,5.664,15.200,2.877,16.488,"6.683184288703654,17.699103959212035,0.4602261832052541;15.21577253005351,11.074522045419549,0.30406892767535965;1.3366213338497328,5.185588936355771,1.3119481483461524;14.557489970614855,15.662633469679074,1.2318328402115744;3.3364748895498098,5.070252215065476,1.2583245199670745;3.7482668538853474,3.871653614817813,0.9789838989544486;6.250726309333378,2.9499279952108335,2.0458167500197293;19.278803210629658,6.419059217211331,0.3507678650306102;3.4941419371470674,2.202105313808735,1.355110052215222;17.28236130049939,8.816585209620452,2.4311720247107256;8.671333644868234,17.07150743406474,2.253312479519481;3.8861572889029055,10.246602592068822,2.4314266735051406"
59,drone_8,8.600,9.730,2.877,16.488,"6.683184288703654,17.699103959212035,0.4602261832052541;15.21577253005351,11.074522045419549,0.30406892767535965;1.3366213338497328,5.185588936355771,1.3119481483461524;14.557489970614855,15.662633469679074,1.2318328402115744;3.3364748895498098,5.070252215065476,1.2583245199670745;3.7482668538853474,3.871653614817813,0.9789838989544486;6.250726309333378,2.9499279952108335,2.0458167500197293;19.278803210629658,6.419059217211331,0.3507678650306102;3.4941419371470674,2.202105313808735,1.355110052215222;17.28236130049939,8.816585209620452,2.4311720247107256;8.671333644868234,17.07150743406474,2.253312479519481;3.8861572889029055,10.246602592068822,2.4314266735051406"
60,drone_0,4.270,14.054,2.877,16.488,"6.683184288703654,17.699103959212035,0.4602261832052541;15.21577253005351,11.074522045419549,0.30406892767535965;1.3366213338497328,5.185588936355771,1.3119481483461524;14.557489970614855,15.662633469679074,1.2318328402115744;3.3364748895498098,5.070252215065476,1.2583245199670745;3.7482668538853474,3.871653614817813,0.9789838989544486;6.250726309333378,2.9499279952108335,2.0458167500197293;19.278803210629658,6.419059217211331,0.3507678650306102;3.4941419371470674,2.202105313808735,1.355110052215222;17.28236130049939,8.816585209620452,2.4311720247107256;8.671333644868234,17.07150743406474,2.253312479519481;3.8861572889029055,10.246602592068822,2.4314266735051406"
60,drone_2,4.198,15.053,2.877,16.488,"6.683184288703654,17.699103959212035,0.4602261832052541;15.21577253005351,11.074522045419549,0.30406892767535965;1.3366213338497328,5.185588936355771,1.3119481483461524;14.557489970614855,15.662633469679074,1.2318328402115744;3.3364748895498098,5.070252215065476,1.2583245199670745;3.7482668538853474,3.871653614817813,0.9789838989544486;6.250726309333378,2.9499279952108335,2.0458167500197293;19.278803210629658,6.419059217211331,0.3507678650306102;3.4941419371470674,2.202105313808735,1.355110052215222;17.28236130049939,8.816585209620452,2.4311720247107256;8.671333644868234,17.07150743406474,2.253312479519481;3.8861572889029055,10.246602592068822,2.4314266735051406"
60,drone_3,5.770,15.821,2.877,16.488,"6.683184288703654,17.699103959212035,0.4602261832052541;15.21577253005351,11.074522045419549,0.30406892767535965;1.3366213338497328,5.185588936355771,1.3119481483461524;14.557489970614855,15.662633469679074,1.2318328402115744;3.3364748895498098,5.070252215065476,1.2583245199670745;3.7482668538853474,3.871653614817813,0.9789838989544486;6.250726309333378,2.9499279952108335,2.0458167500197293;19.278803210629658,6.419059217211331,0.3507678650306102;3.4941419371470674,2.202105313808735,1.355110052215222;17.28236130049939,8.816585209620452,2.4311720247107256;8.671333644868234,17.07150743406474,2.253312479519481;3.8861572889029055,10.246602592068822,2.4314266735051406"
60,drone_5,8.304,14.080,2.877,16.488,"6.683184288703654,17.699103959212035,0.4602261832052541;15.21577253005351,11.074522045419549,0.30406892767535965;1.3366213338497328,5.185588936355771,1.3119481483461524;14.557489970614855,15.662633469679074,1.2318328402115744;3.3364748895498098,5.070252215065476,1.2583245199670745;3.7482668538853474,3.871653614817813,0.9789838989544486;6.250726309333378,2.9499279952108335,2.0458167500197293;19.278803210629658,6.419059217211331,0.3507678650306102;3.4941419371470674,2.202105313808735,1.355110052215222;17.28236130049939,8.816585209620452,2.4311720247107256;8.671333644868234,17.07150743406474,2.253312479519481;3.8861572889029055,10.246602592068822,2.4314266735051406"
60,drone_6,4.974,14.408,2.877,16.488,"6.683184288703654,17.699103959212035,0.4602261832052541;15.21577253005351,11.074522045419549,0.30406892767535965;1.3366213338497328,5.185588936355771,1.3119481483461524;14.557489970614855,15.662633469679074,1.2318328402115744;3.3364748895498098,5.070252215065476,1.2583245199670745;3.7482668538853474,3.871653614817813,0.9789838989544486;6.250726309333378,2.9499279952108335,2.0458167500197293;19.278803210629658,6.419059217211331,0.3507678650306102;3.4941419371470674,2.202105313808735,1.355110052215222;17.28236130049939,8.816585209620452,2.4311720247107256;8.671333644868234,17.07150743406474,2.253312479519481;3.8861572889029055,10.246602592068822,2.4314266735051406"
60,drone_7,5.542,15.322,2.877,16.488,"6.683184288703654,17.699103959212035,0.4602261832052541;15.21577253005351,11.074522045419549,0.30406892767535965;1.3366213338497328,5.185588936355771,1.3119481483461524;14.557489970614855,15.662633469679074,1.2318328402115744;3.3364748895498098,5.070252215065476,1.2583245199670745;3.7482668538853474,3.871653614817813,0.9789838989544486;6.250726309333378,2.9499279952108335,2.0458167500197293;19.278803210629658,6.419059217211331,0.3507678650306102;3.4941419371470674,2.202105313808735,1.355110052215222;17.28236130049939,8.816585209620452,2.4311720247107256;8.671333644868234,17.07150743406474,2.253312479519481;3.8861572889029055,10.246602592068822,2.4314266735051406"
60,drone_8,8.459,9.872,2.877,16.488,"6.683184288703654,17.699103959212035,0.4602261832052541;15.21577253005351,11.074522045419549,0.30406892767535965;1.3366213338497328,5.185588936355771,1.3119481483461524;14.557489970614855,15.662633469679074,1.2318328402115744;3.3364748895498098,5.070252215065476,1.2583245199670745;3.7482668538853474,3.871653614817813,0.9789838989544486;6.250726309333378,2.9499279952108335,2.0458167500197293;19.278803210629658,6.419059217211331,0.3507678650306102;3.4941419371470674,2.202105313808735,1.355110052215222;17.28236130049939,8.816585209620452,2.4311720247107256;8.671333644868234,17.07150743406474,2.253312479519481;3.8861572889029055,10.246602592068822,2.4314266735051406"
61,drone_0,4.148,14.176,2.877,16.488,"6.683184288703654,17.699103959212035,0.4602261832052541;15.21577253005351,11.074522045419549,0.30406892767535965;1.3366213338497328,5.185588936355771,1.3119481483461524;14.557489970614855,15.662633469679074,1.2318328402115744;3.3364748895498098,5.070252215065476,1.2583245199670745;3.7482668538853474,3.871653614817813,0.9789838989544486;6.250726309333378,2.9499279952108335,2.0458167500197293;19.278803210629658,6.419059217211331,0.3507678650306102;3.4941419371470674,2.202105313808735,1.355110052215222;17.28236130049939,8.816585209620452,2.4311720247107256;8.671333644868234,17.07150743406474,2.253312479519481;3.8861572889029055,10.246602592068822,2.4314266735051406"
61,drone_2,4.076,15.175,2.877,16.488,"6.683184288703654,17.699103959212035,0.4602261832052541;15.21577253005351,11.074522045419549,0.30406892767535965;1.3366213338497328,5.185588936355771,1.3119481483461524;14.557489970614855,15.662633469679074,1.2318328402115744;3.3364748895498098,5.070252215065476,1.2583245199670745;3.7482668538853474,3.871653614817813,0.9789838989544486;6.250726309333378,2.9499279952108335,2.0458167500197293;19.278803210629658,6.419059217211331,0.3507678650306102;3.4941419371470674,2.202105313808735,1.355110052215222;17.28236130049939,8.816585209620452,2.4311720247107256;8.671333644868234,17.07150743406474,2.253312479519481;3.8861572889029055,10.246602592068822,2.4314266735051406"
61,drone_3,5.649,15.943,2.877,16.488,"6.683184288703654,17.699103959212035,0.4602261832052541;15.21577253005351,11.074522045419549,0.30406892767535965;1.3366213338497328,5.185588936355771,1.3119481483461524;14.557489970614855,15.662633469679074,1.2318328402115744;3.3364748895498098,5.070252215065476,1.2583245199670745;3.7482668538853474,3.871653614817813,0.9789838989544486;6.250726309333378,2.9499279952108335,2.0458167500197293;19.278803210629658,6.419059217211331,0.3507678650306102;3.4941419371470674,2.202105313808735,1.355110052215222;17.28236130049939,8.816585209620452,2.4311720247107256;8.671333644868234,17.07150743406474,2.253312479519481;3.8861572889029055,10.246602592068822,2.4314266735051406"
61,drone_5,8.106,14.109,2.877,16.488,"6.683184288703654,17.699103959212035,0.4602261832052541;15.21577253005351,11.074522045419549,0.30406892767535965;1.3366213338497328,5.185588936355771,1.3119481483461524;14.557489970614855,15.662633469679074,1.2318328402115744;3.3364748895498098,5.070252215065476,1.2583245199670745;3.7482668538853474,3.871653614817813,0.9789838989544486;6.250726309333378,2.9499279952108335,2.0458167500197293;19.278803210629658,6.419059217211331,0.3507678650306102;3.4941419371470674,2.202105313808735,1.355110052215222;17.28236130049939,8.816585209620452,2.4311720247107256;8.671333644868234,17.07150743406474,2.253312479519481;3.8861572889029055,10.246602592068822,2.4314266735051406"
61,drone_6,4.852,14.530,2.877,16.488,"6.683184288703654,17.699103959212035,0.4602261832052541;15.21577253005351,11.074522045419549,0.30406892767535965;1.3366213338497328,5.185588936355771,1.3119481483461524;14.557489970614855,15.662633469679074,1.2318328402115744;3.3364748895498098,5.070252215065476,1.2583245199670745;3.7482668538853474,3.871653614817813,0.9789838989544486;6.250726309333378,2.9499279952108335,2.0458167500197293;19.278803210629658,6.419059217211331,0.3507678650306102;3.4941419371470674,2.202105313808735,1.355110052215222;17.28236130049939,8.816585209620452,2.4311720247107256;8.671333644868234,17.07150743406474,2.253312479519481;3.8861572889029055,10.246602592068822,2.4314266735051406"
61,drone_7,5.421,15.443,2.877,16.488,"6.683184288703654,17.699103959212035,0.4602261832052541;15.21577253005351,11.074522045419549,0.30406892767535965;1.3366213338497328,5.185588936355771,1.3119481483461524;14.557489970614855,15.662633469679074,1.2318328402115744;3.3364748895498098,5.070252215065476,1.2583245199670745;3.7482668538853474,3.871653614817813,0.9789838989544486;6.250726309333378,2.9499279952108335,2.0458167500197293;19.278803210629658,6.419059217211331,0.3507678650306102;3.4941419371470674,2.202105313808735,1.355110052215222;17.28236130049939,8.816585209620452,2.4311720247107256;8.671333644868234,17.07150743406474,2.253312479519481;3.8861572889029055,10.246602592068822,2.4314266735051406"
61,drone_8,8.317,10.013,2.877,16.488,"6.683184288703654,17.699103959212035,0.4602261832052541;15.21577253005351,11.074522045419549,0.30406892767535965;1.3366213338497328,5.185588936355771,1.3119481483461524;14.557489970614855,15.662633469679074,1.2318328402115744;3.3364748895498098,5.070252215065476,1.2583245199670745;3.7482668538853474,3.871653614817813,0.9789838989544486;6.250726309333378,2.9499279952108335,2.0458167500197293;19.278803210629658,6.419059217211331,0.3507678650306102;3.4941419371470674,2.202105313808735,1.355110052215222;17.28236130049939,8.816585209620452,2.4311720247107256;8.671333644868234,17.07150743406474,2.253312479519481;3.8861572889029055,10.246602592068822,2.4314266735051406"
62,drone_0,4.026,14.297,2.877,16.488,"6.683184288703654,17.699103959212035,0.4602261832052541;15.21577253005351,11.074522045419549,0.30406892767535965;1.3366213338497328,5.185588936355771,1.3119481483461524;14.557489970614855,15.662633469679074,1.2318328402115744;3.3364748895498098,5.070252215065476,1.2583245199670745;3.7482668538853474,3.871653614817813,0.9789838989544486;6.250726309333378,2.9499279952108335,2.0458167500197293;19.278803210629658,6.419059217211331,0.3507678650306102;3.4941419371470674,2.202105313808735,1.355110052215222;17.28236130049939,8.816585209620452,2.4311720247107256;8.671333644868234,17.07150743406474,2.253312479519481;3.8861572889029055,10.246602592068822,2.4314266735051406"
62,drone_2,3.954,15.297,2.877,16.488,"6.683184288703654,17.699103959212035,0.4602261832052541;15.21577253005351,11.074522045419549,0.30406892767535965;1.3366213338497328,5.185588936355771,1.3119481483461524;14.557489970614855,15.662633469679074,1.2318328402115744;3.3364748895498098,5.070252215065476,1.2583245199670745;3.7482668538853474,3.871653614817813,0.9789838989544486;6.250726309333378,2.9499279952108335,2.0458167500197293;19.278803210629658,6.419059217211331,0.3507678650306102;3.4941419371470674,2.202105313808735,1.355110052215222;17.28236130049939,8.816585209620452,2.4311720247107256;8.671333644868234,17.07150743406474,2.253312479519481;3.8861572889029055,10.246602592068822,2.4314266735051406"
62,drone_3,5.527,16.064,2.877,16.488,"6.683184288703654,17.699103959212035,0.4602261832052541;15.21577253005351,11.074522045419549,0.30406892767535965;1.3366213338497328,5.185588936355771,1.3119481483461524;14.557489970614855,15.662633469679074,1.2318328402115744;3.3364748895498098,5.070252215065476,1.2583245199670745;3.7482668538853474,3.871653614817813,0.9789838989544486;6.250726309333378,2.9499279952108335,2.0458167500197293;19.278803210629658,6.419059217211331,0.3507678650306102;3.4941419371470674,2.202105313808735,1.355110052215222;17.28236130049939,8.816585209620452,2.4311720247107256;8.671333644868234,17.07150743406474,2.253312479519481;3.8861572889029055,10.246602592068822,2.4314266735051406"
62,drone_5,7.911,14.062,2.877,16.488,"6.683184288703654,17.699103959212035,0.4602261832052541;15.21577253005351,11.074522045419549,0.30406892767535965;1.3366213338497328,5.185588936355771,1.3119481483461524;14.557489970614855,15.662633469679074,1.2318328402115744;3.3364748895498098,5.070252215065476,1.2583245199670745;3.7482668538853474,3.871653614817813,0.9789838989544486;6.250726309333378,2.9499279952108335,2.0458167500197293;19.278803210629658,6.419059217211331,0.3507678650306102;3.4941419371470674,2.202105313808735,1.355110052215222;17.28236130049939,8.816585209620452,2.4311720247107256;8.671333644868234,17.07150743406474,2.253312479519481;3.8861572889029055,10.246602592068822,2.4314266735051406"
62,drone_6,4.730,14.652,2.877,16.488,"6.683184288703654,17.699103959212035,0.4602261832052541;15.21577253005351,11.074522045419549,0.30406892767535965;1.3366213338497328,5.185588936355771,1.3119481483461524;14.557489970614855,15.662633469679074,1.2318328402115744;3.3364748895498098,5.070252215065476,1.2583245199670745;3.7482668538853474,3.871653614817813,0.9789838989544486;6.250726309333378,2.9499279952108335,2.0458167500197293;19.278803210629658,6.419059217211331,0.3507678650306102;3.4941419371470674,2.202105313808735,1.355110052215222;17.28236130049939,8.816585209620452,2.4311720247107256;8.671333644868234,17.07150743406474,2.253312479519481;3.8861572889029055,10.246602592068822,2.4314266735051406"
62,drone_7,5.299,15.565,2.877,16.488,"6.683184288703654,17.699103959212035,0.4602261832052541;15.21577253005351,11.074522045419549,0.30406892767535965;1.3366213338497328,5.185588936355771,1.3119481483461524;14.557489970614855,15.662633469679074,1.2318328402115744;3.3364748895498098,5.070252215065476,1.2583245199670745;3.7482668538853474,3.871653614817813,0.9789838989544486;6.250726309333378,2.9499279952108335,2.0458167500197293;19.278803210629658,6.419059217211331,0.3507678650306102;3.4941419371470674,2.202105313808735,1.355110052215222;17.28236130049939,8.816585209620452,2.4311720247107256;8.671333644868234,17.07150743406474,2.253312479519481;3.8861572889029055,10.246602592068822,2.4314266735051406"
62,drone_8,8.176,10.155,2.877,16.488,"6.683184288703654,17.699103959212035,0.4602261832052541;15.21577253005351,11.074522045419549,0.30406892767535965;1.3366213338497328,5.185588936355771,1.3119481483461524;14.557489970614855,15.662633469679074,1.2318328402115744;3.3364748895498098,5.070252215065476,1.2583245199670745;3.7482668538853474,3.871653614817813,0.9789838989544486;6.250726309333378,2.9499279952108335,2.0458167500197293;19.278803210629658,6.419059217211331,0.3507678650306102;3.4941419371470674,2.202105313808735,1.355110052215222;17.28236130049939,8.816585209620452,2.4311720247107256;8.671333644868234,17.07150743406474,2.253312479519481;3.8861572889029055,10.246602592068822,2.4314266735051406"
63,drone_0,3.905,14.419,2.877,16.488,"6.683184288703654,17.699103959212035,0.4602261832052541;15.21577253005351,11.074522045419549,0.30406892767535965;1.3366213338497328,5.185588936355771,1.3119481483461524;14.557489970614855,15.662633469679074,1.2318328402115744;3.3364748895498098,5.070252215065476,1.2583245199670745;3.7482668538853474,3.871653614817813,0.9789838989544486;6.250726309333378,2.9499279952108335,2.0458167500197293;19.278803210629658,6.419059217211331,0.3507678650306102;3.4941419371470674,2.202105313808735,1.355110052215222;17.28236130049939,8.816585209620452,2.4311720247107256;8.671333644868234,17.07150743406474,2.253312479519481;3.8861572889029055,10.246602592068822,2.4314266735051406"
63,drone_2,3.833,15.418,2.877,16.488,"6.683184288703654,17.699103959212035,0.4602261832052541;15.21577253005351,11.074522045419549,0.30406892767535965;1.3366213338497328,5.185588936355771,1.3119481483461524;14.557489970614855,15.662633469679074,1.2318328402115744;3.3364748895498098,5.070252215065476,1.2583245199670745;3.7482668538853474,3.871653614817813,0.9789838989544486;6.250726309333378,2.9499279952108335,2.0458167500197293;19.278803210629658,6.419059217211331,0.3507678650306102;3.4941419371470674,2.202105313808735,1.355110052215222;17.28236130049939,8.816585209620452,2.4311720247107256;8.671333644868234,17.07150743406474,2.253312479519481;3.8861572889029055,10.246602592068822,2.4314266735051406"
63,drone_3,5.405,16.186,2.877,16.488,"6.683184288703654,17.699103959212035,0.4602261832052541;15.21577253005351,11.074522045419549,0.30406892767535965;1.3366213338497328,5.185588936355771,1.3119481483461524;14.557489970614855,15.662633469679074,1.2318328402115744;3.3364748895498098,5.070252215065476,1.2583245199670745;3.7482668538853474,3.871653614817813,0.9789838989544486;6.250726309333378,2.9499279952108335,2.0458167500197293;19.278803210629658,6.419059217211331,0.3507678650306102;3.4941419371470674,2.202105313808735,1.355110052215222;17.28236130049939,8.816585209620452,2.4311720247107256;8.671333644868234,17.07150743406474,2.253312479519481;3.8861572889029055,10.246602592068822,2.4314266735051406"
63,drone_5,7.714,14.097,2.877,16.488,"6.683184288703654,17.699103959212035,0.4602261832052541;15.21577253005351,11.074522045419549,0.30406892767535965;1.3366213338497328,5.185588936355771,1.3119481483461524;14.557489970614855,15.662633469679074,1.2318328402115744;3.3364748895498098,5.070252215065476,1.2583245199670745;3.7482668538853474,3.871653614817813,0.9789838989544486;6.250726309333378,2.9499279952108335,2.0458167500197293;19.278803210629658,6.419059217211331,0.3507678650306102;3.4941419371470674,2.202105313808735,1.355110052215222;17.28236130049939,8.816585209620452,2.4311720247107256;8.671333644868234,17.07150743406474,2.253312479519481;3.8861572889029055,10.246602592068822,2.4314266735051406"
63,drone_6,4.608,14.774,2.877,16.488,"6.683184288703654,17.699103959212035,0.4602261832052541;15.21577253005351,11.074522045419549,0.30406892767535965;1.3366213338497328,5.185588936355771,1.3119481483461524;14.557489970614855,15.662633469679074,1.2318328402115744;3.3364748895498098,5.070252215065476,1.2583245199670745;3.7482668538853474,3.871653614817813,0.9789838989544486;6.250726309333378,2.9499279952108335,2.0458167500197293;19.278803210629658,6.419059217211331,0.3507678650306102;3.4941419371470674,2.202105313808735,1.355110052215222;17.28236130049939,8.816585209620452,2.4311720247107256;8.671333644868234,17.07150743406474,2.253312479519481;3.8861572889029055,10.246602592068822,2.4314266735051406"
63,drone_7,5.177,15.687,2.877,16.488,"6.683184288703654,17.699103959212035,0.4602261832052541;15.21577253005351,11.074522045419549,0.30406892767535965;1.3366213338497328,5.185588936355771,1.3119481483461524;14.557489970614855,15.662633469679074,1.2318328402115744;3.3364748895498098,5.070252215065476,1.2583245199670745;3.7482668538853474,3.871653614817813,0.9789838989544486;6.250726309333378,2.9499279952108335,2.0458167500197293;19.278803210629658,6.419059217211331,0.3507678650306102;3.4941419371470674,2.202105313808735,1.355110052215222;17.28236130049939,8.816585209620452,2.4311720247107256;8.671333644868234,17.07150743406474,2.253312479519481;3.8861572889029055,10.246602592068822,2.4314266735051406"
63,drone_8,8.035,10.296,2.877,16.488,"6.683184288703654,17.699103959212035,0.4602261832052541;15.21577253005351,11.074522045419549,0.30406892767535965;1.3366213338497328,5.185588936355771,1.3119481483461524;14.557489970614855,15.662633469679074,1.2318328402115744;3.3364748895498098,5.070252215065476,1.2583245199670745;3.7482668538853474,3.871653614817813,0.9789838989544486;6.250726309333378,2.9499279952108335,2.0458167500197293;19.278803210629658,6.419059217211331,0.3507678650306102;3.4941419371470674,2.202105313808735,1.355110052215222;17.28236130049939,8.816585209620452,2.4311720247107256;8.671333644868234,17.07150743406474,2.253312479519481;3.8861572889029055,10.246602592068822,2.4314266735051406"
64,drone_0,3.783,14.541,2.877,16.488,"6.683184288703654,17.699103959212035,0.4602261832052541;15.21577253005351,11.074522045419549,0.30406892767535965;1.3366213338497328,5.185588936355771,1.3119481483461524;14.557489970614855,15.662633469679074,1.2318328402115744;3.3364748895498098,5.070252215065476,1.2583245199670745;3.7482668538853474,3.871653614817813,0.9789838989544486;6.250726309333378,2.9499279952108335,2.0458167500197293;19.278803210629658,6.419059217211331,0.3507678650306102;3.4941419371470674,2.202105313808735,1.355110052215222;17.28236130049939,8.816585209620452,2.4311720247107256;8.671333644868234,17.07150743406474,2.253312479519481;3.8861572889029055,10.246602592068822,2.4314266735051406"
64,drone_2,3.711,15.540,2.877,16.488,"6.683184288703654,17.699103959212035,0.4602261832052541;15.21577253005351,11.074522045419549,0.30406892767535965;1.3366213338497328,5.185588936355771,1.3119481483461524;14.557489970614855,15.662633469679074,1.2318328402115744;3.3364748895498098,5.070252215065476,1.2583245199670745;3.7482668538853474,3.871653614817813,0.9789838989544486;6.250726309333378,2.9499279952108335,2.0458167500197293;19.278803210629658,6.419059217211331,0.3507678650306102;3.4941419371470674,2.202105313808735,1.355110052215222;17.28236130049939,8.816585209620452,2.4311720247107256;8.671333644868234,17.07150743406474,2.253312479519481;3.8861572889029055,10.246602592068822,2.4314266735051406"
64,drone_3,5.283,16.308,2.877,16.488,"6.683184288703654,17.699103959212035,0.4602261832052541;15.21577253005351,11.074522045419549,0.30406892767535965;1.3366213338497328,5.185588936355771,1.3119481483461524;14.557489970614855,15.662633469679074,1.2318328402115744;3.3364748895498098,5.070252215065476,1.2583245199670745;3.7482668538853474,3.871653614817813,0.9789838989544486;6.250726309333378,2.9499279952108335,2.0458167500197293;19.278803210629658,6.419059217211331,0.3507678650306102;3.4941419371470674,2.202105313808735,1.355110052215222;17.28236130049939,8.816585209620452,2.4311720247107256;8.671333644868234,17.07150743406474,2.253312479519481;3.8861572889029055,10.246602592068822,2.4314266735051406"
64,drone_5,7.515,14.107,2.877,16.488,"6.683184288703654,17.699103959212035,0.4602261832052541;15.21577253005351,11.074522045419549,0.30406892767535965;1.3366213338497328,5.185588936355771,1.3119481483461524;14.557489970614855,15.662633469679074,1.2318328402115744;3.3364748895498098,5.070252215065476,1.2583245199670745;3.7482668538853474,3.871653614817813,0.9789838989544486;6.250726309333378,2.9499279952108335,2.0458167500197293;19.278803210629658,6.419059217211331,0.3507678650306102;3.4941419371470674,2.202105313808735,1.355110052215222;17.28236130049939,8.816585209620452,2.4311720247107256;8.671333644868234,17.07150743406474,2.253312479519481;3.8861572889029055,10.246602592068822,2.4314266735051406"
64,drone_6,4.487,14.895,2.877,16.488,"6.683184288703654,17.699103959212035,0.4602261832052541;15.21577253005351,11.074522045419549,0.30406892767535965;1.3366213338497328,5.185588936355771,1.3119481483461524;14.557489970614855,15.662633469679074,1.2318328402115744;3.3364748895498098,5.070252215065476,1.2583245199670745;3.7482668538853474,3.871653614817813,0.9789838989544486;6.250726309333378,2.9499279952108335,2.0458167500197293;19.278803210629658,6.419059217211331,0.3507678650306102;3.4941419371470674,2.202105313808735,1.355110052215222;17.28236130049939,8.816585209620452,2.4311720247107256;8.671333644868234,17.07150743406474,2.253312479519481;3.8861572889029055,10.246602592068822,2.4314266735051406"
64,drone_7,5.055,15.808,2.877,16.488,"6.683184288703654,17.699103959212035,0.4602261832052541;15.21577253005351,11.074522045419549,0.30406892767535965;1.3366213338497328,5.185588936355771,1.3119481483461524;14.557489970614855,15.662633469679074,1.2318328402115744;3.3364748895498098,5.070252215065476,1.2583245199670745;3.7482668538853474,3.871653614817813,0.9789838989544486;6.250726309333378,2.9499279952108335,2.0458167500197293;19.278803210629658,6.419059217211331,0.3507678650306102;3.4941419371470674,2.202105313808735,1.355110052215222;17.28236130049939,8.816585209620452,2.4311720247107256;8.671333644868234,17.07150743406474,2.253312479519481;3.8861572889029055,10.246602592068822,2.4314266735051406"
64,drone_8,7.893,10.438,2.877,16.488,"6.683184288703654,17.699103959212035,0.4602261832052541;15.21577253005351,11.074522045419549,0.30406892767535965;1.3366213338497328,5.185588936355771,1.3119481483461524;14.557489970614855,15.662633469679074,1.2318328402115744;3.3364748895498098,5.070252215065476,1.2583245199670745;3.7482668538853474,3.871653614817813,0.9789838989544486;6.250726309333378,2.9499279952108335,2.0458167500197293;19.278803210629658,6.419059217211331,0.3507678650306102;3.4941419371470674,2.202105313808735,1.355110052215222;17.28236130049939,8.816585209620452,2.4311720247107256;8.671333644868234,17.07150743406474,2.253312479519481;3.8861572889029055,10.246602592068822,2.4314266735051406"
65,drone_0,3.661,14.662,2.877,16.488,"6.683184288703654,17.699103959212035,0.4602261832052541;15.21577253005351,11.074522045419549,0.30406892767535965;1.3366213338497328,5.185588936355771,1.3119481483461524;14.557489970614855,15.662633469679074,1.2318328402115744;3.3364748895498098,5.070252215065476,1.2583245199670745;3.7482668538853474,3.871653614817813,0.9789838989544486;6.250726309333378,2.9499279952108335,2.0458167500197293;19.278803210629658,6.419059217211331,0.3507678650306102;3.4941419371470674,2.202105313808735,1.355110052215222;17.28236130049939,8.816585209620452,2.4311720247107256;8.671333644868234,17.07150743406474,2.253312479519481;3.8861572889029055,10.246602592068822,2.4314266735051406"
65,drone_2,3.589,15.662,2.877,16.488,"6.683184288703654,17.699103959212035,0.4602261832052541;15.21577253005351,11.074522045419549,0.30406892767535965;1.3366213338497328,5.185588936355771,1.3119481483461524;14.557489970614855,15.662633469679074,1.2318328402115744;3.3364748895498098,5.070252215065476,1.2583245199670745;3.7482668538853474,3.871653614817813,0.9789838989544486;6.250726309333378,2.9499279952108335,2.0458167500197293;19.278803210629658,6.419059217211331,0.3507678650306102;3.4941419371470674,2.202105313808735,1.355110052215222;17.28236130049939,8.816585209620452,2.4311720247107256;8.671333644868234,17.07150743406474,2.253312479519481;3.8861572889029055,10.246602592068822,2.4314266735051406"
65,drone_3,5.162,16.430,2.877,16.488,"6.683184288703654,17.699103959212035,0.4602261832052541;15.21577253005351,11.074522045419549,0.30406892767535965;1.3366213338497328,5.185588936355771,1.3119481483461524;14.557489970614855,15.662633469679074,1.2318328402115744;3.3364748895498098,5.070252215065476,1.2583245199670745;3.7482668538853474,3.871653614817813,0.9789838989544486;6.250726309333378,2.9499279952108335,2.0458167500197293;19.278803210629658,6.419059217211331,0.3507678650306102;3.4941419371470674,2.202105313808735,1.355110052215222;17.28236130049939,8.816585209620452,2.4311720247107256;8.671333644868234,17.07150743406474,2.253312479519481;3.8861572889029055,10.246602592068822,2.4314266735051406"
65,drone_5,7.325,14.170,2.877,16.488,"6.683184288703654,17.699103959212035,0.4602261832052541;15.21577253005351,11.074522045419549,0.30406892767535965;1.3366213338497328,5.185588936355771,1.3119481483461524;14.557489970614855,15.662633469679074,1.2318328402115744;3.3364748895498098,5.070252215065476,1.2583245199670745;3.7482668538853474,3.871653614817813,0.9789838989544486;6.250726309333378,2.9499279952108335,2.0458167500197293;19.278803210629658,6.419059217211331,0.3507678650306102;3.4941419371470674,2.202105313808735,1.355110052215222;17.28236130049939,8.816585209620452,2.4311720247107256;8.671333644868234,17.07150743406474,2.253312479519481;3.8861572889029055,10.246602592068822,2.4314266735051406"
65,drone_6,4.365,15.017,2.877,16.488,"6.683184288703654,17.699103959212035,0.4602261832052541;15.21577253005351,11.074522045419549,0.30406892767535965;1.3366213338497328,5.185588936355771,1.3119481483461524;14.557489970614855,15.662633469679074,1.2318328402115744;3.3364748895498098,5.070252215065476,1.2583245199670745;3.7482668538853474,3.871653614817813,0.9789838989544486;6.250726309333378,2.9499279952108335,2.0458167500197293;19.278803210629658,6.419059217211331,0.3507678650306102;3.4941419371470674,2.202105313808735,1.355110052215222;17.28236130049939,8.816585209620452,2.4311720247107256;8.671333644868234,17.07150743406474,2.253312479519481;3.8861572889029055,10.246602592068822,2.4314266735051406"
65,drone_7,4.934,15.930,2.877,16.488,"6.683184288703654,17.699103959212035,0.4602261832052541;15.21577253005351,11.074522045419549,0.30406892767535965;1.3366213338497328,5.185588936355771,1.3119481483461524;14.557489970614855,15.662633469679074,1.2318328402115744;3.3364748895498098,5.070252215065476,1.2583245199670745;3.7482668538853474,3.871653614817813,0.9789838989544486;6.250726309333378,2.9499279952108335,2.0458167500197293;19.278803210629658,6.419059217211331,0.3507678650306102;3.4941419371470674,2.202105313808735,1.355110052215222;17.28236130049939,8.816585209620452,2.4311720247107256;8.671333644868234,17.07150743406474,2.253312479519481;3.8861572889029055,10.246602592068822,2.4314266735051406"
65,drone_8,7.752,10.579,2.877,16.488,"6.683184288703654,17.699103959212035,0.4602261832052541;15.21577253005351,11.074522045419549,0.30406892767535965;1.3366213338497328,5.185588936355771,1.3119481483461524;14.557489970614855,15.662633469679074,1.2318328402115744;3.3364748895498098,5.070252215065476,1.2583245199670745;3.7482668538853474,3.871653614817813,0.9789838989544486;6.250726309333378,2.9499279952108335,2.0458167500197293;19.278803210629658,6.419059217211331,0.3507678650306102;3.4941419371470674,2.202105313808735,1.355110052215222;17.28236130049939,8.816585209620452,2.4311720247107256;8.671333644868234,17.07150743406474,2.253312479519481;3.8861572889029055,10.246602592068822,2.4314266735051406"
66,drone_0,3.540,14.784,2.877,16.488,"6.683184288703654,17.699103959212035,0.4602261832052541;15.21577253005351,11.074522045419549,0.30406892767535965;1.3366213338497328,5.185588936355771,1.3119481483461524;14.557489970614855,15.662633469679074,1.2318328402115744;3.3364748895498098,5.070252215065476,1.2583245199670745;3.7482668538853474,3.871653614817813,0.9789838989544486;6.250726309333378,2.9499279952108335,2.0458167500197293;19.278803210629658,6.419059217211331,0.3507678650306102;3.4941419371470674,2.202105313808735,1.355110052215222;17.28236130049939,8.816585209620452,2.4311720247107256;8.671333644868234,17.07150743406474,2.253312479519481;3.8861572889029055,10.246602592068822,2.4314266735051406"
66,drone_2,3.467,15.784,2.877,16.488,"6.683184288703654,17.699103959212035,0.4602261832052541;15.21577253005351,11.074522045419549,0.30406892767535965;1.3366213338497328,5.185588936355771,1.3119481483461524;14.557489970614855,15.662633469679074,1.2318328402115744;3.3364748895498098,5.070252215065476,1.2583245199670745;3.7482668538853474,3.871653614817813,0.9789838989544486;6.250726309333378,2.9499279952108335,2.0458167500197293;19.278803210629658,6.419059217211331,0.3507678650306102;3.4941419371470674,2.202105313808735,1.355110052215222;17.28236130049939,8.816585209620452,2.4311720247107256;8.671333644868234,17.07150743406474,2.253312479519481;3.8861572889029055,10.246602592068822,2.4314266735051406"
66,drone_3,5.040,16.551,2.877,16.488,"6.683184288703654,17.699103959212035,0.4602261832052541;15.21577253005351,11.074522045419549,0.30406892767535965;1.3366213338497328,5.185588936355771,1.3119481483461524;14.557489970614855,15.662633469679074,1.2318328402115744;3.3364748895498098,5.070252215065476,1.2583245199670745;3.7482668538853474,3.871653614817813,0.9789838989544486;6.250726309333378,2.9499279952108335,2.0458167500197293;19.278803210629658,6.419059217211331,0.3507678650306102;3.4941419371470674,2.202105313808735,1.355110052215222;17.28236130049939,8.816585209620452,2.4311720247107256;8.671333644868234,17.07150743406474,2.253312479519481;3.8861572889029055,10.246602592068822,2.4314266735051406"
66,drone_5,7.135,14.232,2.877,16.488,"6.683184288703654,17.699103959212035,0.4602261832052541;15.21577253005351,11.074522045419549,0.30406892767535965;1.3366213338497328,5.185588936355771,1.3119481483461524;14.557489970614855,15.662633469679074,1.2318328402115744;3.3364748895498098,5.070252215065476,1.2583245199670745;3.7482668538853474,3.871653614817813,0.9789838989544486;6.250726309333378,2.9499279952108335,2.0458167500197293;19.278803210629658,6.419059217211331,0.3507678650306102;3.4941419371470674,2.202105313808735,1.355110052215222;17.28236130049939,8.816585209620452,2.4311720247107256;8.671333644868234,17.07150743406474,2.253312479519481;3.8861572889029055,10.246602592068822,2.4314266735051406"
66,drone_6,4.243,15.139,2.877,16.488,"6.683184288703654,17.699103959212035,0.4602261832052541;15.21577253005351,11.074522045419549,0.30406892767535965;1.3366213338497328,5.185588936355771,1.3119481483461524;14.557489970614855,15.662633469679074,1.2318328402115744;3.3364748895498098,5.070252215065476,1.2583245199670745;3.7482668538853474,3.871653614817813,0.9789838989544486;6.250726309333378,2.9499279952108335,2.0458167500197293;19.278803210629658,6.419059217211331,0.3507678650306102;3.4941419371470674,2.202105313808735,1.355110052215222;17.28236130049939,8.816585209620452,2.4311720247107256;8.671333644868234,17.07150743406474,2.253312479519481;3.8861572889029055,10.246602592068822,2.4314266735051406"
66,drone_7,4.812,16.052,2.877,16.488,"6.683184288703654,17.699103959212035,0.4602261832052541;15.21577253005351,11.074522045419549,0.30406892767535965;1.3366213338497328,5.185588936355771,1.3119481483461524;14.557489970614855,15.662633469679074,1.2318328402115744;3.3364748895498098,5.070252215065476,1.2583245199670745;3.7482668538853474,3.871653614817813,0.9789838989544486;6.250726309333378,2.9499279952108335,2.0458167500197293;19.278803210629658,6.419059217211331,0.3507678650306102;3.4941419371470674,2.202105313808735,1.355110052215222;17.28236130049939,8.816585209620452,2.4311720247107256;8.671333644868234,17.07150743406474,2.253312479519481;3.8861572889029055,10.246602592068822,2.4314266735051406"
66,drone_8,7.617,10.727,2.877,16.488,"6.683184288703654,17.699103959212035,0.4602261832052541;15.21577253005351,11.074522045419549,0.30406892767535965;1.3366213338497328,5.185588936355771,1.3119481483461524;14.557489970614855,15.662633469679074,1.2318328402115744;3.3364748895498098,5.070252215065476,1.2583245199670745;3.7482668538853474,3.871653614817813,0.9789838989544486;6.250726309333378,2.9499279952108335,2.0458167500197293;19.278803210629658,6.419059217211331,0.3507678650306102;3.4941419371470674,2.202105313808735,1.355110052215222;17.28236130049939,8.816585209620452,2.4311720247107256;8.671333644868234,17.07150743406474,2.253312479519481;3.8861572889029055,10.246602592068822,2.4314266735051406"
67,drone_0,3.418,14.906,2.877,16.488,"6.683184288703654,17.699103959212035,0.4602261832052541;15.21577253005351,11.074522045419549,0.30406892767535965;1.3366213338497328,5.185588936355771,1.3119481483461524;14.557489970614855,15.662633469679074,1.2318328402115744;3.3364748895498098,5.070252215065476,1.2583245199670745;3.7482668538853474,3.871653614817813,0.9789838989544486;6.250726309333378,2.9499279952108335,2.0458167500197293;19.278803210629658,6.419059217211331,0.3507678650306102;3.4941419371470674,2.202105313808735,1.355110052215222;17.28236130049939,8.816585209620452,2.4311720247107256;8.671333644868234,17.07150743406474,2.253312479519481;3.8861572889029055,10.246602592068822,2.4314266735051406"
67,drone_3,4.918,16.673,2.877,16.488,"6.683184288703654,17.699103959212035,0.4602261832052541;15.21577253005351,11.074522045419549,0.30406892767535965;1.3366213338497328,5.185588936355771,1.3119481483461524;14.557489970614855,15.662633469679074,1.2318328402115744;3.3364748895498098,5.070252215065476,1.2583245199670745;3.7482668538853474,3.871653614817813,0.9789838989544486;6.250726309333378,2.9499279952108335,2.0458167500197293;19.278803210629658,6.419059217211331,0.3507678650306102;3.4941419371470674,2.202105313808735,1.355110052215222;17.28236130049939,8.816585209620452,2.4311720247107256;8.671333644868234,17.07150743406474,2.253312479519481;3.8861572889029055,10.246602592068822,2.4314266735051406"
67,drone_5,6.950,14.309,2.877,16.488,"6.683184288703654,17.699103959212035,0.4602261832052541;15.21577253005351,11.074522045419549,0.30406892767535965;1.3366213338497328,5.185588936355771,1.3119481483461524;14.557489970614855,15.662633469679074,1.2318328402115744;3.3364748895498098,5.070252215065476,1.2583245199670745;3.7482668538853474,3.871653614817813,0.9789838989544486;6.250726309333378,2.9499279952108335,2.0458167500197293;19.278803210629658,6.419059217211331,0.3507678650306102;3.4941419371470674,2.202105313808735,1.355110052215222;17.28236130049939,8.816585209620452,2.4311720247107256;8.671333644868234,17.07150743406474,2.253312479519481;3.8861572889029055,10.246602592068822,2.4314266735051406"
67,drone_6,4.122,15.260,2.877,16.488,"6.683184288703654,17.699103959212035,0.4602261832052541;15.21577253005351,11.074522045419549,0.30406892767535965;1.3366213338497328,5.185588936355771,1.3119481483461524;14.557489970614855,15.662633469679074,1.2318328402115744;3.3364748895498098,5.070252215065476,1.2583245199670745;3.7482668538853474,3.871653614817813,0.9789838989544486;6.250726309333378,2.9499279952108335,2.0458167500197293;19.278803210629658,6.419059217211331,0.3507678650306102;3.4941419371470674,2.202105313808735,1.355110052215222;17.28236130049939,8.816585209620452,2.4311720247107256;8.671333644868234,17.07150743406474,2.253312479519481;3.8861572889029055,10.246602592068822,2.4314266735051406"
67,drone_7,4.690,16.173,2.877,16.488,"6.683184288703654,17.699103959212035,0.4602261832052541;15.21577253005351,11.074522045419549,0.30406892767535965;1.3366213338497328,5.185588936355771,1.3119481483461524;14.557489970614855,15.662633469679074,1.2318328402115744;3.3364748895498098,5.070252215065476,1.2583245199670745;3.7482668538853474,3.871653614817813,0.9789838989544486;6.250726309333378,2.9499279952108335,2.0458167500197293;19.278803210629658,6.419059217211331,0.3507678650306102;3.4941419371470674,2.202105313808735,1.355110052215222;17.28236130049939,8.816585209620452,2.4311720247107256;8.671333644868234,17.07150743406474,2.253312479519481;3.8861572889029055,10.246602592068822,2.4314266735051406"
67,drone_8,7.490,10.882,2.877,16.488,"6.683184288703654,17.699103959212035,0.4602261832052541;15.21577253005351,11.074522045419549,0.30406892767535965;1.3366213338497328,5.185588936355771,1.3119481483461524;14.557489970614855,15.662633469679074,1.2318328402115744;3.3364748895498098,5.070252215065476,1.2583245199670745;3.7482668538853474,3.871653614817813,0.9789838989544486;6.250726309333378,2.9499279952108335,2.0458167500197293;19.278803210629658,6.419059217211331,0.3507678650306102;3.4941419371470674,2.202105313808735,1.355110052215222;17.28236130049939,8.816585209620452,2.4311720247107256;8.671333644868234,17.07150743406474,2.253312479519481;3.8861572889029055,10.246602592068822,2.4314266735051406"
68,drone_0,3.296,15.028,2.877,16.488,"6.683184288703654,17.699103959212035,0.4602261832052541;15.21577253005351,11.074522045419549,0.30406892767535965;1.3366213338497328,5.185588936355771,1.3119481483461524;14.557489970614855,15.662633469679074,1.2318328402115744;3.3364748895498098,5.070252215065476,1.2583245199670745;3.7482668538853474,3.871653614817813,0.9789838989544486;6.250726309333378,2.9499279952108335,2.0458167500197293;19.278803210629658,6.419059217211331,0.3507678650306102;3.4941419371470674,2.202105313808735,1.355110052215222;17.28236130049939,8.816585209620452,2.4311720247107256;8.671333644868234,17.07150743406474,2.253312479519481;3.8861572889029055,10.246602592068822,2.4314266735051406"
68,drone_3,4.797,16.795,2.877,16.488,"6.683184288703654,17.699103959212035,0.4602261832052541;15.21577253005351,11.074522045419549,0.30406892767535965;1.3366213338497328,5.185588936355771,1.3119481483461524;14.557489970614855,15.662633469679074,1.2318328402115744;3.3364748895498098,5.070252215065476,1.2583245199670745;3.7482668538853474,3.871653614817813,0.9789838989544486;6.250726309333378,2.9499279952108335,2.0458167500197293;19.278803210629658,6.419059217211331,0.3507678650306102;3.4941419371470674,2.202105313808735,1.355110052215222;17.28236130049939,8.816585209620452,2.4311720247107256;8.671333644868234,17.07150743406474,2.253312479519481;3.8861572889029055,10.246602592068822,2.4314266735051406"
68,drone_5,6.775,14.406,2.877,16.488,"6.683184288703654,17.699103959212035,0.4602261832052541;15.21577253005351,11.074522045419549,0.30406892767535965;1.3366213338497328,5.185588936355771,1.3119481483461524;14.557489970614855,15.662633469679074,1.2318328402115744;3.3364748895498098,5.070252215065476,1.2583245199670745;3.7482668538853474,3.871653614817813,0.9789838989544486;6.250726309333378,2.9499279952108335,2.0458167500197293;19.278803210629658,6.419059217211331,0.3507678650306102;3.4941419371470674,2.202105313808735,1.355110052215222;17.28236130049939,8.816585209620452,2.4311720247107256;8.671333644868234,17.07150743406474,2.253312479519481;3.8861572889029055,10.246602592068822,2.4314266735051406"
68,drone_6,4.000,15.382,2.877,16.488,"6.683184288703654,17.699103959212035,0.4602261832052541;15.21577253005351,11.074522045419549,0.30406892767535965;1.3366213338497328,5.185588936355771,1.3119481483461524;14.557489970614855,15.662633469679074,1.2318328402115744;3.3364748895498098,5.070252215065476,1.2583245199670745;3.7482668538853474,3.871653614817813,0.9789838989544486;6.250726309333378,2.9499279952108335,2.0458167500197293;19.278803210629658,6.419059217211331,0.3507678650306102;3.4941419371470674,2.202105313808735,1.355110052215222;17.28236130049939,8.816585209620452,2.4311720247107256;8.671333644868234,17.07150743406474,2.253312479519481;3.8861572889029055,10.246602592068822,2.4314266735051406"
68,drone_7,4.566,16.293,2.877,16.488,"6.683184288703654,17.699103959212035,0.4602261832052541;15.21577253005351,11.074522045419549,0.30406892767535965;1.3366213338497328,5.185588936355771,1.3119481483461524;14.557489970614855,15.662633469679074,1.2318328402115744;3.3364748895498098,5.070252215065476,1.2583245199670745;3.7482668538853474,3.871653614817813,0.9789838989544486;6.250726309333378,2.9499279952108335,2.0458167500197293;19.278803210629658,6.419059217211331,0.3507678650306102;3.4941419371470674,2.202105313808735,1.355110052215222;17.28236130049939,8.816585209620452,2.4311720247107256;8.671333644868234,17.07150743406474,2.253312479519481;3.8861572889029055,10.246602592068822,2.4314266735051406"
68,drone_8,7.357,11.031,2.877,16.488,"6.683184288703654,17.699103959212035,0.4602261832052541;15.21577253005351,11.074522045419549,0.30406892767535965;1.3366213338497328,5.185588936355771,1.3119481483461524;14.557489970614855,15.662633469679074,1.2318328402115744;3.3364748895498098,5.070252215065476,1.2583245199670745;3.7482668538853474,3.871653614817813,0.9789838989544486;6.250726309333378,2.9499279952108335,2.0458167500197293;19.278803210629658,6.419059217211331,0.3507678650306102;3.4941419371470674,2.202105313808735,1.355110052215222;17.28236130049939,8.816585209620452,2.4311720247107256;8.671333644868234,17.07150743406474,2.253312479519481;3.8861572889029055,10.246602592068822,2.4314266735051406"
69,drone_0,3.174,15.149,2.877,16.488,"6.683184288703654,17.699103959212035,0.4602261832052541;15.21577253005351,11.074522045419549,0.30406892767535965;1.3366213338497328,5.185588936355771,1.3119481483461524;14.557489970614855,15.662633469679074,1.2318328402115744;3.3364748895498098,5.070252215065476,1.2583245199670745;3.7482668538853474,3.871653614817813,0.9789838989544486;6.250726309333378,2.9499279952108335,2.0458167500197293;19.278803210629658,6.419059217211331,0.3507678650306102;3.4941419371470674,2.202105313808735,1.355110052215222;17.28236130049939,8.816585209620452,2.4311720247107256;8.671333644868234,17.07150743406474,2.253312479519481;3.8861572889029055,10.246602592068822,2.4314266735051406"
69,drone_3,4.652,16.888,2.877,16.488,"6.683184288703654,17.699103959212035,0.4602261832052541;15.21577253005351,11.074522045419549,0.30406892767535965;1.3366213338497328,5.185588936355771,1.3119481483461524;14.557489970614855,15.662633469679074,1.2318328402115744;3.3364748895498098,5.070252215065476,1.2583245199670745;3.7482668538853474,3.871653614817813,0.9789838989544486;6.250726309333378,2.9499279952108335,2.0458167500197293;19.278803210629658,6.419059217211331,0.3507678650306102;3.4941419371470674,2.202105313808735,1.355110052215222;17.28236130049939,8.816585209620452,2.4311720247107256;8.671333644868234,17.07150743406474,2.253312479519481;3.8861572889029055,10.246602592068822,2.4314266735051406"
69,drone_5,6.584,14.464,2.877,16.488,"6.683184288703654,17.699103959212035,0.4602261832052541;15.21577253005351,11.074522045419549,0.30406892767535965;1.3366213338497328,5.185588936355771,1.3119481483461524;14.557489970614855,15.662633469679074,1.2318328402115744;3.3364748895498098,5.070252215065476,1.2583245199670745;3.7482668538853474,3.871653614817813,0.9789838989544486;6.250726309333378,2.9499279952108335,2.0458167500197293;19.278803210629658,6.419059217211331,0.3507678650306102;3.4941419371470674,2.202105313808735,1.355110052215222;17.28236130049939,8.816585209620452,2.4311720247107256;8.671333644868234,17.07150743406474,2.253312479519481;3.8861572889029055,10.246602592068822,2.4314266735051406"
69,drone_6,3.878,15.504,2.877,16.488,"6.683184288703654,17.699103959212035,0.4602261832052541;15.21577253005351,11.074522045419549,0.30406892767535965;1.3366213338497328,5.185588936355771,1.3119481483461524;14.557489970614855,15.662633469679074,1.2318328402115744;3.3364748895498098,5.070252215065476,1.2583245199670745;3.7482668538853474,3.871653614817813,0.9789838989544486;6.250726309333378,2.9499279952108335,2.0458167500197293;19.278803210629658,6.419059217211331,0.3507678650306102;3.4941419371470674,2.202105313808735,1.355110052215222;17.28236130049939,8.816585209620452,2.4311720247107256;8.671333644868234,17.07150743406474,2.253312479519481;3.8861572889029055,10.246602592068822,2.4314266735051406"
69,drone_7,4.396,16.320,2.877,16.488,"6.683184288703654,17.699103959212035,0.4602261832052541;15.21577253005351,11.074522045419549,0.30406892767535965;1.3366213338497328,5.185588936355771,1.3119481483461524;14.557489970614855,15.662633469679074,1.2318328402115744;3.3364748895498098,5.070252215065476,1.2583245199670745;3.7482668538853474,3.871653614817813,0.9789838989544486;6.250726309333378,2.9499279952108335,2.0458167500197293;19.278803210629658,6.419059217211331,0.3507678650306102;3.4941419371470674,2.202105313808735,1.355110052215222;17.28236130049939,8.816585209620452,2.4311720247107256;8.671333644868234,17.07150743406474,2.253312479519481;3.8861572889029055,10.246602592068822,2.4314266735051406"
69,drone_8,7.238,11.192,2.877,16.488,"6.683184288703654,17.699103959212035,0.4602261832052541;15.21577253005351,11.074522045419549,0.30406892767535965;1.3366213338497328,5.185588936355771,1.3119481483461524;14.557489970614855,15.662633469679074,1.2318328402115744;3.3364748895498098,5.070252215065476,1.2583245199670745;3.7482668538853474,3.871653614817813,0.9789838989544486;6.250726309333378,2.9499279952108335,2.0458167500197293;19.278803210629658,6.419059217211331,0.3507678650306102;3.4941419371470674,2.202105313808735,1.355110052215222;17.28236130049939,8.816585209620452,2.4311720247107256;8.671333644868234,17.07150743406474,2.253312479519481;3.8861572889029055,10.246602592068822,2.4314266735051406"
70,drone_0,3.053,15.271,2.877,16.488,"6.683184288703654,17.699103959212035,0.4602261832052541;15.21577253005351,11.074522045419549,0.30406892767535965;1.3366213338497328,5.185588936355771,1.3119481483461524;14.557489970614855,15.662633469679074,1.2318328402115744;3.3364748895498098,5.070252215065476,1.2583245199670745;3.7482668538853474,3.871653614817813,0.9789838989544486;6.250726309333378,2.9499279952108335,2.0458167500197293;19.278803210629658,6.419059217211331,0.3507678650306102;3.4941419371470674,2.202105313808735,1.355110052215222;17.28236130049939,8.816585209620452,2.4311720247107256;8.671333644868234,17.07150743406474,2.253312479519481;3.8861572889029055,10.246602592068822,2.4314266735051406"
70,drone_3,4.490,16.945,2.877,16.488,"6.683184288703654,17.699103959212035,0.4602261832052541;15.21577253005351,11.074522045419549,0.30406892767535965;1.3366213338497328,5.185588936355771,1.3119481483461524;14.557489970614855,15.662633469679074,1.2318328402115744;3.3364748895498098,5.070252215065476,1.2583245199670745;3.7482668538853474,3.871653614817813,0.9789838989544486;6.250726309333378,2.9499279952108335,2.0458167500197293;19.278803210629658,6.419059217211331,0.3507678650306102;3.4941419371470674,2.202105313808735,1.355110052215222;17.28236130049939,8.816585209620452,2.4311720247107256;8.671333644868234,17.07150743406474,2.253312479519481;3.8861572889029055,10.246602592068822,2.4314266735051406"
70,drone_5,6.408,14.559,2.877,16.488,"6.683184288703654,17.699103959212035,0.4602261832052541;15.21577253005351,11.074522045419549,0.30406892767535965;1.3366213338497328,5.185588936355771,1.3119481483461524;14.557489970614855,15.662633469679074,1.2318328402115744;3.3364748895498098,5.070252215065476,1.2583245199670745;3.7482668538853474,3.871653614817813,0.9789838989544486;6.250726309333378,2.9499279952108335,2.0458167500197293;19.278803210629658,6.419059217211331,0.3507678650306102;3.4941419371470674,2.202105313808735,1.355110052215222;17.28236130049939,8.816585209620452,2.4311720247107256;8.671333644868234,17.07150743406474,2.253312479519481;3.8861572889029055,10.246602592068822,2.4314266735051406"
70,drone_6,3.773,15.609,2.877,16.488,"6.683184288703654,17.699103959212035,0.4602261832052541;15.21577253005351,11.074522045419549,0.30406892767535965;1.3366213338497328,5.185588936355771,1.3119481483461524;14.557489970614855,15.662633469679074,1.2318328402115744;3.3364748895498098,5.070252215065476,1.2583245199670745;3.7482668538853474,3.871653614817813,0.9789838989544486;6.250726309333378,2.9499279952108335,2.0458167500197293;19.278803210629658,6.419059217211331,0.3507678650306102;3.4941419371470674,2.202105313808735,1.355110052215222;17.28236130049939,8.816585209620452,2.4311720247107256;8.671333644868234,17.07150743406474,2.253312479519481;3.8861572889029055,10.246602592068822,2.4314266735051406"
70,drone_7,4.255,16.367,2.877,16.488,"6.683184288703654,17.699103959212035,0.4602261832052541;15.21577253005351,11.074522045419549,0.30406892767535965;1.3366213338497328,5.185588936355771,1.3119481483461524;14.557489970614855,15.662633469679074,1.2318328402115744;3.3364748895498098,5.070252215065476,1.2583245199670745;3.7482668538853474,3.871653614817813,0.9789838989544486;6.250726309333378,2.9499279952108335,2.0458167500197293;19.278803210629658,6.419059217211331,0.3507678650306102;3.4941419371470674,2.202105313808735,1.355110052215222;17.28236130049939,8.816585209620452,2.4311720247107256;8.671333644868234,17.07150743406474,2.253312479519481;3.8861572889029055,10.246602592068822,2.4314266735051406"
70,drone_8,7.113,11.348,2.877,16.488,"6.683184288703654,17.699103959212035,0.4602261832052541;15.21577253005351,11.074522045419549,0.30406892767535965;1.3366213338497328,5.185588936355771,1.3119481483461524;14.557489970614855,15.662633469679074,1.2318328402115744;3.3364748895498098,5.070252215065476,1.2583245199670745;3.7482668538853474,3.871653614817813,0.9789838989544486;6.250726309333378,2.9499279952108335,2.0458167500197293;19.278803210629658,6.419059217211331,0.3507678650306102;3.4941419371470674,2.202105313808735,1.355110052215222;17.28236130049939,8.816585209620452,2.4311720247107256;8.671333644868234,17.07150743406474,2.253312479519481;3.8861572889029055,10.246602592068822,2.4314266735051406"
71,drone_0,2.931,15.393,2.877,16.488,"6.683184288703654,17.699103959212035,0.4602261832052541;15.21577253005351,11.074522045419549,0.30406892767535965;1.3366213338497328,5.185588936355771,1.3119481483461524;14.557489970614855,15.662633469679074,1.2318328402115744;3.3364748895498098,5.070252215065476,1.2583245199670745;3.7482668538853474,3.871653614817813,0.9789838989544486;6.250726309333378,2.9499279952108335,2.0458167500197293;19.278803210629658,6.419059217211331,0.3507678650306102;3.4941419371470674,2.202105313808735,1.355110052215222;17.28236130049939,8.816585209620452,2.4311720247107256;8.671333644868234,17.07150743406474,2.253312479519481;3.8861572889029055,10.246602592068822,2.4314266735051406"
71,drone_3,4.322,16.985,2.877,16.488,"6.683184288703654,17.699103959212035,0.4602261832052541;15.21577253005351,11.074522045419549,0.30406892767535965;1.3366213338497328,5.185588936355771,1.3119481483461524;14.557489970614855,15.662633469679074,1.2318328402115744;3.3364748895498098,5.070252215065476,1.2583245199670745;3.7482668538853474,3.871653614817813,0.9789838989544486;6.250726309333378,2.9499279952108335,2.0458167500197293;19.278803210629658,6.419059217211331,0.3507678650306102;3.4941419371470674,2.202105313808735,1.355110052215222;17.28236130049939,8.816585209620452,2.4311720247107256;8.671333644868234,17.07150743406474,2.253312479519481;3.8861572889029055,10.246602592068822,2.4314266735051406"
71,drone_5,6.241,14.669,2.877,16.488,"6.683184288703654,17.699103959212035,0.4602261832052541;15.21577253005351,11.074522045419549,0.30406892767535965;1.3366213338497328,5.185588936355771,1.3119481483461524;14.557489970614855,15.662633469679074,1.2318328402115744;3.3364748895498098,5.070252215065476,1.2583245199670745;3.7482668538853474,3.871653614817813,0.9789838989544486;6.250726309333378,2.9499279952108335,2.0458167500197293;19.278803210629658,6.419059217211331,0.3507678650306102;3.4941419371470674,2.202105313808735,1.355110052215222;17.28236130049939,8.816585209620452,2.4311720247107256;8.671333644868234,17.07150743406474,2.253312479519481;3.8861572889029055,10.246602592068822,2.4314266735051406"
71,drone_6,3.669,15.713,2.877,16.488,"6.683184288703654,17.699103959212035,0.4602261832052541;15.21577253005351,11.074522045419549,0.30406892767535965;1.3366213338497328,5.185588936355771,1.3119481483461524;14.557489970614855,15.662633469679074,1.2318328402115744;3.3364748895498098,5.070252215065476,1.2583245199670745;3.7482668538853474,3.871653614817813,0.9789838989544486;6.250726309333378,2.9499279952108335,2.0458167500197293;19.278803210629658,6.419059217211331,0.3507678650306102;3.4941419371470674,2.202105313808735,1.355110052215222;17.28236130049939,8.816585209620452,2.4311720247107256;8.671333644868234,17.07150743406474,2.253312479519481;3.8861572889029055,10.246602592068822,2.4314266735051406"
71,drone_7,4.112,16.406,2.877,16.488,"6.683184288703654,17.699103959212035,0.4602261832052541;15.21577253005351,11.074522045419549,0.30406892767535965;1.3366213338497328,5.185588936355771,1.3119481483461524;14.557489970614855,15.662633469679074,1.2318328402115744;3.3364748895498098,5.070252215065476,1.2583245199670745;3.7482668538853474,3.871653614817813,0.9789838989544486;6.250726309333378,2.9499279952108335,2.0458167500197293;19.278803210629658,6.419059217211331,0.3507678650306102;3.4941419371470674,2.202105313808735,1.355110052215222;17.28236130049939,8.816585209620452,2.4311720247107256;8.671333644868234,17.07150743406474,2.253312479519481;3.8861572889029055,10.246602592068822,2.4314266735051406"
71,drone_8,6.993,11.507,2.877,16.488,"6.683184288703654,17.699103959212035,0.4602261832052541;15.21577253005351,11.074522045419549,0.30406892767535965;1.3366213338497328,5.185588936355771,1.3119481483461524;14.557489970614855,15.662633469679074,1.2318328402115744;3.3364748895498098,5.070252215065476,1.2583245199670745;3.7482668538853474,3.871653614817813,0.9789838989544486;6.250726309333378,2.9499279952108335,2.0458167500197293;19.278803210629658,6.419059217211331,0.3507678650306102;3.4941419371470674,2.202105313808735,1.355110052215222;17.28236130049939,8.816585209620452,2.4311720247107256;8.671333644868234,17.07150743406474,2.253312479519481;3.8861572889029055,10.246602592068822,2.4314266735051406"
72,drone_0,2.815,15.520,2.877,16.488,"6.683184288703654,17.699103959212035,0.4602261832052541;15.21577253005351,11.074522045419549,0.30406892767535965;1.3366213338497328,5.185588936355771,1.3119481483461524;14.557489970614855,15.662633469679074,1.2318328402115744;3.3364748895498098,5.070252215065476,1.2583245199670745;3.7482668538853474,3.871653614817813,0.9789838989544486;6.250726309333378,2.9499279952108335,2.0458167500197293;19.278803210629658,6.419059217211331,0.3507678650306102;3.4941419371470674,2.202105313808735,1.355110052215222;17.28236130049939,8.816585209620452,2.4311720247107256;8.671333644868234,17.07150743406474,2.253312479519481;3.8861572889029055,10.246602592068822,2.4314266735051406"
72,drone_3,4.152,17.012,2.877,16.488,"6.683184288703654,17.699103959212035,0.4602261832052541;15.21577253005351,11.074522045419549,0.30406892767535965;1.3366213338497328,5.185588936355771,1.3119481483461524;14.557489970614855,15.662633469679074,1.2318328402115744;3.3364748895498098,5.070252215065476,1.2583245199670745;3.7482668538853474,3.871653614817813,0.9789838989544486;6.250726309333378,2.9499279952108335,2.0458167500197293;19.278803210629658,6.419059217211331,0.3507678650306102;3.4941419371470674,2.202105313808735,1.355110052215222;17.28236130049939,8.816585209620452,2.4311720247107256;8.671333644868234,17.07150743406474,2.253312479519481;3.8861572889029055,10.246602592068822,2.4314266735051406"
72,drone_5,6.078,14.784,2.877,16.488,"6.683184288703654,17.699103959212035,0.4602261832052541;15.21577253005351,11.074522045419549,0.30406892767535965;1.3366213338497328,5.185588936355771,1.3119481483461524;14.557489970614855,15.662633469679074,1.2318328402115744;3.3364748895498098,5.070252215065476,1.2583245199670745;3.7482668538853474,3.871653614817813,0.9789838989544486;6.250726309333378,2.9499279952108335,2.0458167500197293;19.278803210629658,6.419059217211331,0.3507678650306102;3.4941419371470674,2.202105313808735,1.355110052215222;17.28236130049939,8.816585209620452,2.4311720247107256;8.671333644868234,17.07150743406474,2.253312479519481;3.8861572889029055,10.246602592068822,2.4314266735051406"
72,drone_6,3.564,15.818,2.877,16.488,"6.683184288703654,17.699103959212035,0.4602261832052541;15.21577253005351,11.074522045419549,0.30406892767535965;1.3366213338497328,5.185588936355771,1.3119481483461524;14.557489970614855,15.662633469679074,1.2318328402115744;3.3364748895498098,5.070252215065476,1.2583245199670745;3.7482668538853474,3.871653614817813,0.9789838989544486;6.250726309333378,2.9499279952108335,2.0458167500197293;19.278803210629658,6.419059217211331,0.3507678650306102;3.4941419371470674,2.202105313808735,1.355110052215222;17.28236130049939,8.816585209620452,2.4311720247107256;8.671333644868234,17.07150743406474,2.253312479519481;3.8861572889029055,10.246602592068822,2.4314266735051406"
72,drone_7,3.970,16.446,2.877,16.488,"6.683184288703654,17.699103959212035,0.4602261832052541;15.21577253005351,11.074522045419549,0.30406892767535965;1.3366213338497328,5.185588936355771,1.3119481483461524;14.557489970614855,15.662633469679074,1.2318328402115744;3.3364748895498098,5.070252215065476,1.2583245199670745;3.7482668538853474,3.871653614817813,0.9789838989544486;6.250726309333378,2.9499279952108335,2.0458167500197293;19.278803210629658,6.419059217211331,0.3507678650306102;3.4941419371470674,2.202105313808735,1.355110052215222;17.28236130049939,8.816585209620452,2.4311720247107256;8.671333644868234,17.07150743406474,2.253312479519481;3.8861572889029055,10.246602592068822,2.4314266735051406"
72,drone_8,6.873,11.668,2.877,16.488,"6.683184288703654,17.699103959212035,0.4602261832052541;15.21577253005351,11.074522045419549,0.30406892767535965;1.3366213338497328,5.185588936355771,1.3119481483461524;14.557489970614855,15.662633469679074,1.2318328402115744;3.3364748895498098,5.070252215065476,1.2583245199670745;3.7482668538853474,3.871653614817813,0.9789838989544486;6.250726309333378,2.9499279952108335,2.0458167500197293;19.278803210629658,6.419059217211331,0.3507678650306102;3.4941419371470674,2.202105313808735,1.355110052215222;17.28236130049939,8.816585209620452,2.4311720247107256;8.671333644868234,17.07150743406474,2.253312479519481;3.8861572889029055,10.246602592068822,2.4314266735051406"
73,drone_0,2.716,15.661,2.877,16.488,"6.683184288703654,17.699103959212035,0.4602261832052541;15.21577253005351,11.074522045419549,0.30406892767535965;1.3366213338497328,5.185588936355771,1.3119481483461524;14.557489970614855,15.662633469679074,1.2318328402115744;3.3364748895498098,5.070252215065476,1.2583245199670745;3.7482668538853474,3.871653614817813,0.9789838989544486;6.250726309333378,2.9499279952108335,2.0458167500197293;19.278803210629658,6.419059217211331,0.3507678650306102;3.4941419371470674,2.202105313808735,1.355110052215222;17.28236130049939,8.816585209620452,2.4311720247107256;8.671333644868234,17.07150743406474,2.253312479519481;3.8861572889029055,10.246602592068822,2.4314266735051406"
73,drone_3,3.982,17.037,2.877,16.488,"6.683184288703654,17.699103959212035,0.4602261832052541;15.21577253005351,11.074522045419549,0.30406892767535965;1.3366213338497328,5.185588936355771,1.3119481483461524;14.557489970614855,15.662633469679074,1.2318328402115744;3.3364748895498098,5.070252215065476,1.2583245199670745;3.7482668538853474,3.871653614817813,0.9789838989544486;6.250726309333378,2.9499279952108335,2.0458167500197293;19.278803210629658,6.419059217211331,0.3507678650306102;3.4941419371470674,2.202105313808735,1.355110052215222;17.28236130049939,8.816585209620452,2.4311720247107256;8.671333644868234,17.07150743406474,2.253312479519481;3.8861572889029055,10.246602592068822,2.4314266735051406"
73,drone_5,5.910,14.894,2.877,16.488,"6.683184288703654,17.699103959212035,0.4602261832052541;15.21577253005351,11.074522045419549,0.30406892767535965;1.3366213338497328,5.185588936355771,1.3119481483461524;14.557489970614855,15.662633469679074,1.2318328402115744;3.3364748895498098,5.070252215065476,1.2583245199670745;3.7482668538853474,3.871653614817813,0.9789838989544486;6.250726309333378,2.9499279952108335,2.0458167500197293;19.278803210629658,6.419059217211331,0.3507678650306102;3.4941419371470674,2.202105313808735,1.355110052215222;17.28236130049939,8.816585209620452,2.4311720247107256;8.671333644868234,17.07150743406474,2.253312479519481;3.8861572889029055,10.246602592068822,2.4314266735051406"
73,drone_6,3.459,15.923,2.877,16.488,"6.683184288703654,17.699103959212035,0.4602261832052541;15.21577253005351,11.074522045419549,0.30406892767535965;1.3366213338497328,5.185588936355771,1.3119481483461524;14.557489970614855,15.662633469679074,1.2318328402115744;3.3364748895498098,5.070252215065476,1.2583245199670745;3.7482668538853474,3.871653614817813,0.9789838989544486;6.250726309333378,2.9499279952108335,2.0458167500197293;19.278803210629658,6.419059217211331,0.3507678650306102;3.4941419371470674,2.202105313808735,1.355110052215222;17.28236130049939,8.816585209620452,2.4311720247107256;8.671333644868234,17.07150743406474,2.253312479519481;3.8861572889029055,10.246602592068822,2.4314266735051406"
73,drone_7,3.822,16.458,2.877,16.488,"6.683184288703654,17.699103959212035,0.4602261832052541;15.21577253005351,11.074522045419549,0.30406892767535965;1.3366213338497328,5.185588936355771,1.3119481483461524;14.557489970614855,15.662633469679074,1.2318328402115744;3.3364748895498098,5.070252215065476,1.2583245199670745;3.7482668538853474,3.871653614817813,0.9789838989544486;6.250726309333378,2.9499279952108335,2.0458167500197293;19.278803210629658,6.419059217211331,0.3507678650306102;3.4941419371470674,2.202105313808735,1.355110052215222;17.28236130049939,8.816585209620452,2.4311720247107256;8.671333644868234,17.07150743406474,2.253312479519481;3.8861572889029055,10.246602592068822,2.4314266735051406"
73,drone_8,6.746,11.822,2.877,16.488,"6.683184288703654,17.699103959212035,0.4602261832052541;15.21577253005351,11.074522045419549,0.30406892767535965;1.3366213338497328,5.185588936355771,1.3119481483461524;14.557489970614855,15.662633469679074,1.2318328402115744;3.3364748895498098,5.070252215065476,1.2583245199670745;3.7482668538853474,3.871653614817813,0.9789838989544486;6.250726309333378,2.9499279952108335,2.0458167500197293;19.278803210629658,6.419059217211331,0.3507678650306102;3.4941419371470674,2.202105313808735,1.355110052215222;17.28236130049939,8.816585209620452,2.4311720247107256;8.671333644868234,17.07150743406474,2.253312479519481;3.8861572889029055,10.246602592068822,2.4314266735051406"
74,drone_3,3.810,17.038,2.877,16.488,"6.683184288703654,17.699103959212035,0.4602261832052541;15.21577253005351,11.074522045419549,0.30406892767535965;1.3366213338497328,5.185588936355771,1.3119481483461524;14.557489970614855,15.662633469679074,1.2318328402115744;3.3364748895498098,5.070252215065476,1.2583245199670745;3.7482668538853474,3.871653614817813,0.9789838989544486;6.250726309333378,2.9499279952108335,2.0458167500197293;19.278803210629658,6.419059217211331,0.3507678650306102;3.4941419371470674,2.202105313808735,1.355110052215222;17.28236130049939,8.816585209620452,2.4311720247107256;8.671333644868234,17.07150743406474,2.253312479519481;3.8861572889029055,10.246602592068822,2.4314266735051406"
74,drone_5,5.752,15.017,2.877,16.488,"6.683184288703654,17.699103959212035,0.4602261832052541;15.21577253005351,11.074522045419549,0.30406892767535965;1.3366213338497328,5.185588936355771,1.3119481483461524;14.557489970614855,15.662633469679074,1.2318328402115744;3.3364748895498098,5.070252215065476,1.2583245199670745;3.7482668538853474,3.871653614817813,0.9789838989544486;6.250726309333378,2.9499279952108335,2.0458167500197293;19.278803210629658,6.419059217211331,0.3507678650306102;3.4941419371470674,2.202105313808735,1.355110052215222;17.28236130049939,8.816585209620452,2.4311720247107256;8.671333644868234,17.07150743406474,2.253312479519481;3.8861572889029055,10.246602592068822,2.4314266735051406"
74,drone_7,3.680,16.501,2.877,16.488,"6.683184288703654,17.699103959212035,0.4602261832052541;15.21577253005351,11.074522045419549,0.30406892767535965;1.3366213338497328,5.185588936355771,1.3119481483461524;14.557489970614855,15.662633469679074,1.2318328402115744;3.3364748895498098,5.070252215065476,1.2583245199670745;3.7482668538853474,3.871653614817813,0.9789838989544486;6.250726309333378,2.9499279952108335,2.0458167500197293;19.278803210629658,6.419059217211331,0.3507678650306102;3.4941419371470674,2.202105313808735,1.355110052215222;17.28236130049939,8.816585209620452,2.4311720247107256;8.671333644868234,17.07150743406474,2.253312479519481;3.8861572889029055,10.246602592068822,2.4314266735051406"
74,drone_8,6.632,11.986,2.877,16.488,"6.683184288703654,17.699103959212035,0.4602261832052541;15.21577253005351,11.074522045419549,0.30406892767535965;1.3366213338497328,5.185588936355771,1.3119481483461524;14.557489970614855,15.662633469679074,1.2318328402115744;3.3364748895498098,5.070252215065476,1.2583245199670745;3.7482668538853474,3.871653614817813,0.9789838989544486;6.250726309333378,2.9499279952108335,2.0458167500197293;19.278803210629658,6.419059217211331,0.3507678650306102;3.4941419371470674,2.202105313808735,1.355110052215222;17.28236130049939,8.816585209620452,2.4311720247107256;8.671333644868234,17.07150743406474,2.253312479519481;3.8861572889029055,10.246602592068822,2.4314266735051406"
75,drone_3,3.638,17.046,2.877,16.488,"6.683184288703654,17.699103959212035,0.4602261832052541;15.21577253005351,11.074522045419549,0.30406892767535965;1.3366213338497328,5.185588936355771,1.3119481483461524;14.557489970614855,15.662633469679074,1.2318328402115744;3.3364748895498098,5.070252215065476,1.2583245199670745;3.7482668538853474,3.871653614817813,0.9789838989544486;6.250726309333378,2.9499279952108335,2.0458167500197293;19.278803210629658,6.419059217211331,0.3507678650306102;3.4941419371470674,2.202105313808735,1.355110052215222;17.28236130049939,8.816585209620452,2.4311720247107256;8.671333644868234,17.07150743406474,2.253312479519481;3.8861572889029055,10.246602592068822,2.4314266735051406"
75,drone_5,5.601,15.148,2.877,16.488,"6.683184288703654,17.699103959212035,0.4602261832052541;15.21577253005351,11.074522045419549,0.30406892767535965;1.3366213338497328,5.185588936355771,1.3119481483461524;14.557489970614855,15.662633469679074,1.2318328402115744;3.3364748895498098,5.070252215065476,1.2583245199670745;3.7482668538853474,3.871653614817813,0.9789838989544486;6.250726309333378,2.9499279952108335,2.0458167500197293;19.278803210629658,6.419059217211331,0.3507678650306102;3.4941419371470674,2.202105313808735,1.355110052215222;17.28236130049939,8.816585209620452,2.4311720247107256;8.671333644868234,17.07150743406474,2.253312479519481;3.8861572889029055,10.246602592068822,2.4314266735051406"
75,drone_8,6.506,12.142,2.877,16.488,"6.683184288703654,17.699103959212035,0.4602261832052541;15.21577253005351,11.074522045419549,0.30406892767535965;1.3366213338497328,5.185588936355771,1.3119481483461524;14.557489970614855,15.662633469679074,1.2318328402115744;3.3364748895498098,5.070252215065476,1.2583245199670745;3.7482668538853474,3.871653614817813,0.9789838989544486;6.250726309333378,2.9499279952108335,2.0458167500197293;19.278803210629658,6.419059217211331,0.3507678650306102;3.4941419371470674,2.202105313808735,1.355110052215222;17.28236130049939,8.816585209620452,2.4311720247107256;8.671333644868234,17.07150743406474,2.253312479519481;3.8861572889029055,10.246602592068822,2.4314266735051406"
76,drone_3,3.438,17.033,2.877,16.488,"6.683184288703654,17.699103959212035,0.4602261832052541;15.21577253005351,11.074522045419549,0.30406892767535965;1.3366213338497328,5.185588936355771,1.3119481483461524;14.557489970614855,15.662633469679074,1.2318328402115744;3.3364748895498098,5.070252215065476,1.2583245199670745;3.7482668538853474,3.871653614817813,0.9789838989544486;6.250726309333378,2.9499279952108335,2.0458167500197293;19.278803210629658,6.419059217211331,0.3507678650306102;3.4941419371470674,2.202105313808735,1.355110052215222;17.28236130049939,8.816585209620452,2.4311720247107256;8.671333644868234,17.07150743406474,2.253312479519481;3.8861572889029055,10.246602592068822,2.4314266735051406"
76,drone_5,5.451,15.280,2.877,16.488,"6.683184288703654,17.699103959212035,0.4602261832052541;15.21577253005351,11.074522045419549,0.30406892767535965;1.3366213338497328,5.185588936355771,1.3119481483461524;14.557489970614855,15.662633469679074,1.2318328402115744;3.3364748895498098,5.070252215065476,1.2583245199670745;3.7482668538853474,3.871653614817813,0.9789838989544486;6.250726309333378,2.9499279952108335,2.0458167500197293;19.278803210629658,6.419059217211331,0.3507678650306102;3.4941419371470674,2.202105313808735,1.355110052215222;17.28236130049939,8.816585209620452,2.4311720247107256;8.671333644868234,17.07150743406474,2.253312479519481;3.8861572889029055,10.246602592068822,2.4314266735051406"
76,drone_8,6.430,12.327,2.877,16.488,"6.683184288703654,17.699103959212035,0.4602261832052541;15.21577253005351,11.074522045419549,0.30406892767535965;1.3366213338497328,5.185588936355771,1.3119481483461524;14.557489970614855,15.662633469679074,1.2318328402115744;3.3364748895498098,5.070252215065476,1.2583245199670745;3.7482668538853474,3.871653614817813,0.9789838989544486;6.250726309333378,2.9499279952108335,2.0458167500197293;19.278803210629658,6.419059217211331,0.3507678650306102;3.4941419371470674,2.202105313808735,1.355110052215222;17.28236130049939,8.816585209620452,2.4311720247107256;8.671333644868234,17.07150743406474,2.253312479519481;3.8861572889029055,10.246602592068822,2.4314266735051406"
77,drone_5,5.291,15.399,2.877,16.488,"6.683184288703654,17.699103959212035,0.4602261832052541;15.21577253005351,11.074522045419549,0.30406892767535965;1.3366213338497328,5.185588936355771,1.3119481483461524;14.557489970614855,15.662633469679074,1.2318328402115744;3.3364748895498098,5.070252215065476,1.2583245199670745;3.7482668538853474,3.871653614817813,0.9789838989544486;6.250726309333378,2.9499279952108335,2.0458167500197293;19.278803210629658,6.419059217211331,0.3507678650306102;3.4941419371470674,2.202105313808735,1.355110052215222;17.28236130049939,8.816585209620452,2.4311720247107256;8.671333644868234,17.07150743406474,2.253312479519481;3.8861572889029055,10.246602592068822,2.4314266735051406"
77,drone_8,6.365,12.516,2.877,16.488,"6.683184288703654,17.699103959212035,0.4602261832052541;15.21577253005351,11.074522045419549,0.30406892767535965;1.3366213338497328,5.185588936355771,1.3119481483461524;14.557489970614855,15.662633469679074,1.2318328402115744;3.3364748895498098,5.070252215065476,1.2583245199670745;3.7482668538853474,3.871653614817813,0.9789838989544486;6.250726309333378,2.9499279952108335,2.0458167500197293;19.278803210629658,6.419059217211331,0.3507678650306102;3.4941419371470674,2.202105313808735,1.355110052215222;17.28236130049939,8.816585209620452,2.4311720247107256;8.671333644868234,17.07150743406474,2.253312479519481;3.8861572889029055,10.246602592068822,2.4314266735051406"
78,drone_5,5.134,15.523,2.877,16.488,"6.683184288703654,17.699103959212035,0.4602261832052541;15.21577253005351,11.074522045419549,0.30406892767535965;1.3366213338497328,5.185588936355771,1.3119481483461524;14.557489970614855,15.662633469679074,1.2318328402115744;3.3364748895498098,5.070252215065476,1.2583245199670745;3.7482668538853474,3.871653614817813,0.9789838989544486;6.250726309333378,2.9499279952108335,2.0458167500197293;19.278803210629658,6.419059217211331,0.3507678650306102;3.4941419371470674,2.202105313808735,1.355110052215222;17.28236130049939,8.816585209620452,2.4311720247107256;8.671333644868234,17.07150743406474,2.253312479519481;3.8861572889029055,10.246602592068822,2.4314266735051406"
78,drone_8,6.294,12.703,2.877,16.488,"6.683184288703654,17.699103959212035,0.4602261832052541;15.21577253005351,11.074522045419549,0.30406892767535965;1.3366213338497328,5.185588936355771,1.3119481483461524;14.557489970614855,15.662633469679074,1.2318328402115744;3.3364748895498098,5.070252215065476,1.2583245199670745;3.7482668538853474,3.871653614817813,0.9789838989544486;6.250726309333378,2.9499279952108335,2.0458167500197293;19.278803210629658,6.419059217211331,0.3507678650306102;3.4941419371470674,2.202105313808735,1.355110052215222;17.28236130049939,8.816585209620452,2.4311720247107256;8.671333644868234,17.07150743406474,2.253312479519481;3.8861572889029055,10.246602592068822,2.4314266735051406"
79,drone_5,4.975,15.645,2.877,16.488,"6.683184288703654,17.699103959212035,0.4602261832052541;15.21577253005351,11.074522045419549,0.30406892767535965;1.3366213338497328,5.185588936355771,1.3119481483461524;14.557489970614855,15.662633469679074,1.2318328402115744;3.3364748895498098,5.070252215065476,1.2583245199670745;3.7482668538853474,3.871653614817813,0.9789838989544486;6.250726309333378,2.9499279952108335,2.0458167500197293;19.278803210629658,6.419059217211331,0.3507678650306102;3.4941419371470674,2.202105313808735,1.355110052215222;17.28236130049939,8.816585209620452,2.4311720247107256;8.671333644868234,17.07150743406474,2.253312479519481;3.8861572889029055,10.246602592068822,2.4314266735051406"
79,drone_8,6.201,12.880,2.877,16.488,"6.683184288703654,17.699103959212035,0.4602261832052541;15.21577253005351,11.074522045419549,0.30406892767535965;1.3366213338497328,5.185588936355771,1.3119481483461524;14.557489970614855,15.662633469679074,1.2318328402115744;3.3364748895498098,5.070252215065476,1.2583245199670745;3.7482668538853474,3.871653614817813,0.9789838989544486;6.250726309333378,2.9499279952108335,2.0458167500197293;19.278803210629658,6.419059217211331,0.3507678650306102;3.4941419371470674,2.202105313808735,1.355110052215222;17.28236130049939,8.816585209620452,2.4311720247107256;8.671333644868234,17.07150743406474,2.253312479519481;3.8861572889029055,10.246602592068822,2.4314266735051406"
80,drone_5,4.815,15.765,2.877,16.488,"6.683184288703654,17.699103959212035,0.4602261832052541;15.21577253005351,11.074522045419549,0.30406892767535965;1.3366213338497328,5.185588936355771,1.3119481483461524;14.557489970614855,15.662633469679074,1.2318328402115744;3.3364748895498098,5.070252215065476,1.2583245199670745;3.7482668538853474,3.871653614817813,0.9789838989544486;6.250726309333378,2.9499279952108335,2.0458167500197293;19.278803210629658,6.419059217211331,0.3507678650306102;3.4941419371470674,2.202105313808735,1.355110052215222;17.28236130049939,8.816585209620452,2.4311720247107256;8.671333644868234,17.07150743406474,2.253312479519481;3.8861572889029055,10.246602592068822,2.4314266735051406"
80,drone_8,6.087,13.044,2.877,16.488,"6.683184288703654,17.699103959212035,0.4602261832052541;15.21577253005351,11.074522045419549,0.30406892767535965;1.3366213338497328,5.185588936355771,1.3119481483461524;14.557489970614855,15.662633469679074,1.2318328402115744;3.3364748895498098,5.070252215065476,1.2583245199670745;3.7482668538853474,3.871653614817813,0.9789838989544486;6.250726309333378,2.9499279952108335,2.0458167500197293;19.278803210629658,6.419059217211331,0.3507678650306102;3.4941419371470674,2.202105313808735,1.355110052215222;17.28236130049939,8.816585209620452,2.4311720247107256;8.671333644868234,17.07150743406474,2.253312479519481;3.8861572889029055,10.246602592068822,2.4314266735051406"
81,drone_5,4.652,15.880,2.877,16.488,"6.683184288703654,17.699103959212035,0.4602261832052541;15.21577253005351,11.074522045419549,0.30406892767535965;1.3366213338497328,5.185588936355771,1.3119481483461524;14.557489970614855,15.662633469679074,1.2318328402115744;3.3364748895498098,5.070252215065476,1.2583245199670745;3.7482668538853474,3.871653614817813,0.9789838989544486;6.250726309333378,2.9499279952108335,2.0458167500197293;19.278803210629658,6.419059217211331,0.3507678650306102;3.4941419371470674,2.202105313808735,1.355110052215222;17.28236130049939,8.816585209620452,2.4311720247107256;8.671333644868234,17.07150743406474,2.253312479519481;3.8861572889029055,10.246602592068822,2.4314266735051406"
81,drone_8,5.961,13.200,2.877,16.488,"6.683184288703654,17.699103959212035,0.4602261832052541;15.21577253005351,11.074522045419549,0.30406892767535965;1.3366213338497328,5.185588936355771,1.3119481483461524;14.557489970614855,15.662633469679074,1.2318328402115744;3.3364748895498098,5.070252215065476,1.2583245199670745;3.7482668538853474,3.871653614817813,0.9789838989544486;6.250726309333378,2.9499279952108335,2.0458167500197293;19.278803210629658,6.419059217211331,0.3507678650306102;3.4941419371470674,2.202105313808735,1.355110052215222;17.28236130049939,8.816585209620452,2.4311720247107256;8.671333644868234,17.07150743406474,2.253312479519481;3.8861572889029055,10.246602592068822,2.4314266735051406"
82,drone_5,4.485,15.991,2.877,16.488,"6.683184288703654,17.699103959212035,0.4602261832052541;15.21577253005351,11.074522045419549,0.30406892767535965;1.3366213338497328,5.185588936355771,1.3119481483461524;14.557489970614855,15.662633469679074,1.2318328402115744;3.3364748895498098,5.070252215065476,1.2583245199670745;3.7482668538853474,3.871653614817813,0.9789838989544486;6.250726309333378,2.9499279952108335,2.0458167500197293;19.278803210629658,6.419059217211331,0.3507678650306102;3.4941419371470674,2.202105313808735,1.355110052215222;17.28236130049939,8.816585209620452,2.4311720247107256;8.671333644868234,17.07150743406474,2.253312479519481;3.8861572889029055,10.246602592068822,2.4314266735051406"
82,drone_8,5.829,13.350,2.877,16.488,"6.683184288703654,17.699103959212035,0.4602261832052541;15.21577253005351,11.074522045419549,0.30406892767535965;1.3366213338497328,5.185588936355771,1.3119481483461524;14.557489970614855,15.662633469679074,1.2318328402115744;3.3364748895498098,5.070252215065476,1.2583245199670745;3.7482668538853474,3.871653614817813,0.9789838989544486;6.250726309333378,2.9499279952108335,2.0458167500197293;19.278803210629658,6.419059217211331,0.3507678650306102;3.4941419371470674,2.202105313808735,1.355110052215222;17.28236130049939,8.816585209620452,2.4311720247107256;8.671333644868234,17.07150743406474,2.253312479519481;3.8861572889029055,10.246602592068822,2.4314266735051406"
83,drone_5,4.317,16.099,2.877,16.488,"6.683184288703654,17.699103959212035,0.4602261832052541;15.21577253005351,11.074522045419549,0.30406892767535965;1.3366213338497328,5.185588936355771,1.3119481483461524;14.557489970614855,15.662633469679074,1.2318328402115744;3.3364748895498098,5.070252215065476,1.2583245199670745;3.7482668538853474,3.871653614817813,0.9789838989544486;6.250726309333378,2.9499279952108335,2.0458167500197293;19.278803210629658,6.419059217211331,0.3507678650306102;3.4941419371470674,2.202105313808735,1.355110052215222;17.28236130049939,8.816585209620452,2.4311720247107256;8.671333644868234,17.07150743406474,2.253312479519481;3.8861572889029055,10.246602592068822,2.4314266735051406"
83,drone_8,5.692,13.496,2.877,16.488,"6.683184288703654,17.699103959212035,0.4602261832052541;15.21577253005351,11.074522045419549,0.30406892767535965;1.3366213338497328,5.185588936355771,1.3119481483461524;14.557489970614855,15.662633469679074,1.2318328402115744;3.3364748895498098,5.070252215065476,1.2583245199670745;3.7482668538853474,3.871653614817813,0.9789838989544486;6.250726309333378,2.9499279952108335,2.0458167500197293;19.278803210629658,6.419059217211331,0.3507678650306102;3.4941419371470674,2.202105313808735,1.355110052215222;17.28236130049939,8.816585209620452,2.4311720247107256;8.671333644868234,17.07150743406474,2.253312479519481;3.8861572889029055,10.246602592068822,2.4314266735051406"
84,drone_5,4.143,16.198,2.877,16.488,"6.683184288703654,17.699103959212035,0.4602261832052541;15.21577253005351,11.074522045419549,0.30406892767535965;1.3366213338497328,5.185588936355771,1.3119481483461524;14.557489970614855,15.662633469679074,1.2318328402115744;3.3364748895498098,5.070252215065476,1.2583245199670745;3.7482668538853474,3.871653614817813,0.9789838989544486;6.250726309333378,2.9499279952108335,2.0458167500197293;19.278803210629658,6.419059217211331,0.3507678650306102;3.4941419371470674,2.202105313808735,1.355110052215222;17.28236130049939,8.816585209620452,2.4311720247107256;8.671333644868234,17.07150743406474,2.253312479519481;3.8861572889029055,10.246602592068822,2.4314266735051406"
84,drone_8,5.554,13.640,2.877,16.488,"6.683184288703654,17.699103959212035,0.4602261832052541;15.21577253005351,11.074522045419549,0.30406892767535965;1.3366213338497328,5.185588936355771,1.3119481483461524;14.557489970614855,15.662633469679074,1.2318328402115744;3.3364748895498098,5.070252215065476,1.2583245199670745;3.7482668538853474,3.871653614817813,0.9789838989544486;6.250726309333378,2.9499279952108335,2.0458167500197293;19.278803210629658,6.419059217211331,0.3507678650306102;3.4941419371470674,2.202105313808735,1.355110052215222;17.28236130049939,8.816585209620452,2.4311720247107256;8.671333644868234,17.07150743406474,2.253312479519481;3.8861572889029055,10.246602592068822,2.4314266735051406"
85,drone_5,3.960,16.279,2.877,16.488,"6.683184288703654,17.699103959212035,0.4602261832052541;15.21577253005351,11.074522045419549,0.30406892767535965;1.3366213338497328,5.185588936355771,1.3119481483461524;14.557489970614855,15.662633469679074,1.2318328402115744;3.3364748895498098,5.070252215065476,1.2583245199670745;3.7482668538853474,3.871653614817813,0.9789838989544486;6.250726309333378,2.9499279952108335,2.0458167500197293;19.278803210629658,6.419059217211331,0.3507678650306102;3.4941419371470674,2.202105313808735,1.355110052215222;17.28236130049939,8.816585209620452,2.4311720247107256;8.671333644868234,17.07150743406474,2.253312479519481;3.8861572889029055,10.246602592068822,2.4314266735051406"
85,drone_8,5.414,13.784,2.877,16.488,"6.683184288703654,17.699103959212035,0.4602261832052541;15.21577253005351,11.074522045419549,0.30406892767535965;1.3366213338497328,5.185588936355771,1.3119481483461524;14.557489970614855,15.662633469679074,1.2318328402115744;3.3364748895498098,5.070252215065476,1.2583245199670745;3.7482668538853474,3.871653614817813,0.9789838989544486;6.250726309333378,2.9499279952108335,2.0458167500197293;19.278803210629658,6.419059217211331,0.3507678650306102;3.4941419371470674,2.202105313808735,1.355110052215222;17.28236130049939,8.816585209620452,2.4311720247107256;8.671333644868234,17.07150743406474,2.253312479519481;3.8861572889029055,10.246602592068822,2.4314266735051406"
86,drone_5,3.776,16.358,2.877,16.488,"6.683184288703654,17.699103959212035,0.4602261832052541;15.21577253005351,11.074522045419549,0.30406892767535965;1.3366213338497328,5.185588936355771,1.3119481483461524;14.557489970614855,15.662633469679074,1.2318328402115744;3.3364748895498098,5.070252215065476,1.2583245199670745;3.7482668538853474,3.871653614817813,0.9789838989544486;6.250726309333378,2.9499279952108335,2.0458167500197293;19.278803210629658,6.419059217211331,0.3507678650306102;3.4941419371470674,2.202105313808735,1.355110052215222;17.28236130049939,8.816585209620452,2.4311720247107256;8.671333644868234,17.07150743406474,2.253312479519481;3.8861572889029055,10.246602592068822,2.4314266735051406"
86,drone_8,5.274,13.926,2.877,16.488,"6.683184288703654,17.699103959212035,0.4602261832052541;15.21577253005351,11.074522045419549,0.30406892767535965;1.3366213338497328,5.185588936355771,1.3119481483461524;14.557489970614855,15.662633469679074,1.2318328402115744;3.3364748895498098,5.070252215065476,1.2583245199670745;3.7482668538853474,3.871653614817813,0.9789838989544486;6.250726309333378,2.9499279952108335,2.0458167500197293;19.278803210629658,6.419059217211331,0.3507678650306102;3.4941419371470674,2.202105313808735,1.355110052215222;17.28236130049939,8.816585209620452,2.4311720247107256;8.671333644868234,17.07150743406474,2.253312479519481;3.8861572889029055,10.246602592068822,2.4314266735051406"
87,drone_8,5.133,14.068,2.877,16.488,"6.683184288703654,17.699103959212035,0.4602261832052541;15.21577253005351,11.074522045419549,0.30406892767535965;1.3366213338497328,5.185588936355771,1.3119481483461524;14.557489970614855,15.662633469679074,1.2318328402115744;3.3364748895498098,5.070252215065476,1.2583245199670745;3.7482668538853474,3.871653614817813,0.9789838989544486;6.250726309333378,2.9499279952108335,2.0458167500197293;19.278803210629658,6.419059217211331,0.3507678650306102;3.4941419371470674,2.202105313808735,1.355110052215222;17.28236130049939,8.816585209620452,2.4311720247107256;8.671333644868234,17.07150743406474,2.253312479519481;3.8861572889029055,10.246602592068822,2.4314266735051406"
88,drone_8,4.992,14.210,2.877,16.488,"6.683184288703654,17.699103959212035,0.4602261832052541;15.21577253005351,11.074522045419549,0.30406892767535965;1.3366213338497328,5.185588936355771,1.3119481483461524;14.557489970614855,15.662633469679074,1.2318328402115744;3.3364748895498098,5.070252215065476,1.2583245199670745;3.7482668538853474,3.871653614817813,0.9789838989544486;6.250726309333378,2.9499279952108335,2.0458167500197293;19.278803210629658,6.419059217211331,0.3507678650306102;3.4941419371470674,2.202105313808735,1.355110052215222;17.28236130049939,8.816585209620452,2.4311720247107256;8.671333644868234,17.07150743406474,2.253312479519481;3.8861572889029055,10.246602592068822,2.4314266735051406"
89,drone_8,4.851,14.351,2.877,16.488,"6.683184288703654,17.699103959212035,0.4602261832052541;15.21577253005351,11.074522045419549,0.30406892767535965;1.3366213338497328,5.185588936355771,1.3119481483461524;14.557489970614855,15.662633469679074,1.2318328402115744;3.3364748895498098,5.070252215065476,1.2583245199670745;3.7482668538853474,3.871653614817813,0.9789838989544486;6.250726309333378,2.9499279952108335,2.0458167500197293;19.278803210629658,6.419059217211331,0.3507678650306102;3.4941419371470674,2.202105313808735,1.355110052215222;17.28236130049939,8.816585209620452,2.4311720247107256;8.671333644868234,17.07150743406474,2.253312479519481;3.8861572889029055,10.246602592068822,2.4314266735051406"
90,drone_8,4.710,14.493,2.877,16.488,"6.683184288703654,17.699103959212035,0.4602261832052541;15.21577253005351,11.074522045419549,0.30406892767535965;1.3366213338497328,5.185588936355771,1.3119481483461524;14.557489970614855,15.662633469679074,1.2318328402115744;3.3364748895498098,5.070252215065476,1.2583245199670745;3.7482668538853474,3.871653614817813,0.9789838989544486;6.250726309333378,2.9499279952108335,2.0458167500197293;19.278803210629658,6.419059217211331,0.3507678650306102;3.4941419371470674,2.202105313808735,1.355110052215222;17.28236130049939,8.816585209620452,2.4311720247107256;8.671333644868234,17.07150743406474,2.253312479519481;3.8861572889029055,10.246602592068822,2.4314266735051406"
91,drone_8,4.568,14.635,2.877,16.488,"6.683184288703654,17.699103959212035,0.4602261832052541;15.21577253005351,11.074522045419549,0.30406892767535965;1.3366213338497328,5.185588936355771,1.3119481483461524;14.557489970614855,15.662633469679074,1.2318328402115744;3.3364748895498098,5.070252215065476,1.2583245199670745;3.7482668538853474,3.871653614817813,0.9789838989544486;6.250726309333378,2.9499279952108335,2.0458167500197293;19.278803210629658,6.419059217211331,0.3507678650306102;3.4941419371470674,2.202105313808735,1.355110052215222;17.28236130049939,8.816585209620452,2.4311720247107256;8.671333644868234,17.07150743406474,2.253312479519481;3.8861572889029055,10.246602592068822,2.4314266735051406"
92,drone_8,4.427,14.776,2.877,16.488,"6.683184288703654,17.699103959212035,0.4602261832052541;15.21577253005351,11.074522045419549,0.30406892767535965;1.3366213338497328,5.185588936355771,1.3119481483461524;14.557489970614855,15.662633469679074,1.2318328402115744;3.3364748895498098,5.070252215065476,1.2583245199670745;3.7482668538853474,3.871653614817813,0.9789838989544486;6.250726309333378,2.9499279952108335,2.0458167500197293;19.278803210629658,6.419059217211331,0.3507678650306102;3.4941419371470674,2.202105313808735,1.355110052215222;17.28236130049939,8.816585209620452,2.4311720247107256;8.671333644868234,17.07150743406474,2.253312479519481;3.8861572889029055,10.246602592068822,2.4314266735051406"
93,drone_8,4.285,14.917,2.877,16.488,"6.683184288703654,17.699103959212035,0.4602261832052541;15.21577253005351,11.074522045419549,0.30406892767535965;1.3366213338497328,5.185588936355771,1.3119481483461524;14.557489970614855,15.662633469679074,1.2318328402115744;3.3364748895498098,5.070252215065476,1.2583245199670745;3.7482668538853474,3.871653614817813,0.9789838989544486;6.250726309333378,2.9499279952108335,2.0458167500197293;19.278803210629658,6.419059217211331,0.3507678650306102;3.4941419371470674,2.202105313808735,1.355110052215222;17.28236130049939,8.816585209620452,2.4311720247107256;8.671333644868234,17.07150743406474,2.253312479519481;3.8861572889029055,10.246602592068822,2.4314266735051406"
94,drone_8,4.144,15.059,2.877,16.488,"6.683184288703654,17.699103959212035,0.4602261832052541;15.21577253005351,11.074522045419549,0.30406892767535965;1.3366213338497328,5.185588936355771,1.3119481483461524;14.557489970614855,15.662633469679074,1.2318328402115744;3.3364748895498098,5.070252215065476,1.2583245199670745;3.7482668538853474,3.871653614817813,0.9789838989544486;6.250726309333378,2.9499279952108335,2.0458167500197293;19.278803210629658,6.419059217211331,0.3507678650306102;3.4941419371470674,2.202105313808735,1.355110052215222;17.28236130049939,8.816585209620452,2.4311720247107256;8.671333644868234,17.07150743406474,2.253312479519481;3.8861572889029055,10.246602592068822,2.4314266735051406"
95,drone_8,4.003,15.200,2.877,16.488,"6.683184288703654,17.699103959212035,0.4602261832052541;15.21577253005351,11.074522045419549,0.30406892767535965;1.3366213338497328,5.185588936355771,1.3119481483461524;14.557489970614855,15.662633469679074,1.2318328402115744;3.3364748895498098,5.070252215065476,1.2583245199670745;3.7482668538853474,3.871653614817813,0.9789838989544486;6.250726309333378,2.9499279952108335,2.0458167500197293;19.278803210629658,6.419059217211331,0.3507678650306102;3.4941419371470674,2.202105313808735,1.355110052215222;17.28236130049939,8.816585209620452,2.4311720247107256;8.671333644868234,17.07150743406474,2.253312479519481;3.8861572889029055,10.246602592068822,2.4314266735051406"
96,drone_8,3.861,15.342,2.877,16.488,"6.683184288703654,17.699103959212035,0.4602261832052541;15.21577253005351,11.074522045419549,0.30406892767535965;1.3366213338497328,5.185588936355771,1.3119481483461524;14.557489970614855,15.662633469679074,1.2318328402115744;3.3364748895498098,5.070252215065476,1.2583245199670745;3.7482668538853474,3.871653614817813,0.9789838989544486;6.250726309333378,2.9499279952108335,2.0458167500197293;19.278803210629658,6.419059217211331,0.3507678650306102;3.4941419371470674,2.202105313808735,1.355110052215222;17.28236130049939,8.816585209620452,2.4311720247107256;8.671333644868234,17.07150743406474,2.253312479519481;3.8861572889029055,10.246602592068822,2.4314266735051406"
97,drone_8,3.720,15.483,2.877,16.488,"6.683184288703654,17.699103959212035,0.4602261832052541;15.21577253005351,11.074522045419549,0.30406892767535965;1.3366213338497328,5.185588936355771,1.3119481483461524;14.557489970614855,15.662633469679074,1.2318328402115744;3.3364748895498098,5.070252215065476,1.2583245199670745;3.7482668538853474,3.871653614817813,0.9789838989544486;6.250726309333378,2.9499279952108335,2.0458167500197293;19.278803210629658,6.419059217211331,0.3507678650306102;3.4941419371470674,2.202105313808735,1.355110052215222;17.28236130049939,8.816585209620452,2.4311720247107256;8.671333644868234,17.07150743406474,2.253312479519481;3.8861572889029055,10.246602592068822,2.4314266735051406"
98,drone_8,3.578,15.625,2.877,16.488,"6.683184288703654,17.699103959212035,0.4602261832052541;15.21577253005351,11.074522045419549,0.30406892767535965;1.3366213338497328,5.185588936355771,1.3119481483461524;14.557489970614855,15.662633469679074,1.2318328402115744;3.3364748895498098,5.070252215065476,1.2583245199670745;3.7482668538853474,3.871653614817813,0.9789838989544486;6.250726309333378,2.9499279952108335,2.0458167500197293;19.278803210629658,6.419059217211331,0.3507678650306102;3.4941419371470674,2.202105313808735,1.355110052215222;17.28236130049939,8.816585209620452,2.4311720247107256;8.671333644868234,17.07150743406474,2.253312479519481;3.8861572889029055,10.246602592068822,2.4314266735051406"
99,drone_8,3.437,15.766,2.877,16.488,"6.683184288703654,17.699103959212035,0.4602261832052541;15.21577253005351,11.074522045419549,0.30406892767535965;1.3366213338497328,5.185588936355771,1.3119481483461524;14.557489970614855,15.662633469679074,1.2318328402115744;3.3364748895498098,5.070252215065476,1.2583245199670745;3.7482668538853474,3.871653614817813,0.9789838989544486;6.250726309333378,2.9499279952108335,2.0458167500197293;19.278803210629658,6.419059217211331,0.3507678650306102;3.4941419371470674,2.202105313808735,1.355110052215222;17.28236130049939,8.816585209620452,2.4311720247107256;8.671333644868234,17.07150743406474,2.253312479519481;3.8861572889029055,10.246602592068822,2.4314266735051406"
