Step,Agent,X,Y,Goal_X,Goal_Y,Obstacles
0,drone_0,3.9090,9.4067,17.0000,17.0000,"11.294,19.317,0.853;19.345,3.146,1.273;16.496,7.884,0.381;1.339,18.247,0.980;6.751,3.208,0.290;1.597,18.936,0.411;5.831,17.363,0.235;10.558,12.892,0.463;5.832,1.461,0.332;10.097,12.441,2.241;0.777,19.005,1.302;15.005,8.135,1.610;13.972,15.962,0.453;11.698,18.458,0.926;16.503,5.622,0.344;10.412,18.974,0.493;19.686,11.361,0.474;18.400,7.706,0.375;13.032,7.521,0.823;18.860,0.691,1.239;10.229,1.031,1.331;10.965,11.910,2.376;10.187,18.001,1.100;8.320,8.335,0.725;11.194,17.132,0.296;17.570,0.380,0.262;10.399,4.179,0.808;18.600,2.136,0.370;15.873,19.527,0.287;18.372,4.933,1.770;14.507,4.573,0.426;13.090,6.513,1.993;7.437,10.328,0.944;8.346,15.182,0.325;2.481,13.674,0.390;0.269,6.395,0.235;6.357,9.930,0.404;16.643,7.083,1.124;7.464,18.965,1.236;6.533,17.776,0.225;11.776,19.080,0.938;9.348,7.331,0.277;8.373,10.131,0.203;12.341,15.070,0.205;11.069,5.690,0.236;11.921,14.232,1.839;13.491,19.307,0.479;10.401,6.449,1.053;1.988,12.112,1.019;17.758,9.628,0.434;13.858,14.631,0.279;9.914,16.198,0.221;19.368,19.621,0.491;11.996,12.184,2.012;6.835,13.504,0.345;8.038,18.017,0.316;17.186,9.308,1.723;14.891,13.471,0.975;15.582,10.066,1.198;16.489,2.128,0.872;15.792,10.217,2.240;19.731,9.674,0.358;7.591,0.862,0.435;17.276,6.566,1.318;1.818,13.113,0.653;9.172,9.405,2.202"
0,drone_1,2.8713,1.8672,17.0000,17.0000,"11.294,19.317,0.853;19.345,3.146,1.273;16.496,7.884,0.381;1.339,18.247,0.980;6.751,3.208,0.290;1.597,18.936,0.411;5.831,17.363,0.235;10.558,12.892,0.463;5.832,1.461,0.332;10.097,12.441,2.241;0.777,19.005,1.302;15.005,8.135,1.610;13.972,15.962,0.453;11.698,18.458,0.926;16.503,5.622,0.344;10.412,18.974,0.493;19.686,11.361,0.474;18.400,7.706,0.375;13.032,7.521,0.823;18.860,0.691,1.239;10.229,1.031,1.331;10.965,11.910,2.376;10.187,18.001,1.100;8.320,8.335,0.725;11.194,17.132,0.296;17.570,0.380,0.262;10.399,4.179,0.808;18.600,2.136,0.370;15.873,19.527,0.287;18.372,4.933,1.770;14.507,4.573,0.426;13.090,6.513,1.993;7.437,10.328,0.944;8.346,15.182,0.325;2.481,13.674,0.390;0.269,6.395,0.235;6.357,9.930,0.404;16.643,7.083,1.124;7.464,18.965,1.236;6.533,17.776,0.225;11.776,19.080,0.938;9.348,7.331,0.277;8.373,10.131,0.203;12.341,15.070,0.205;11.069,5.690,0.236;11.921,14.232,1.839;13.491,19.307,0.479;10.401,6.449,1.053;1.988,12.112,1.019;17.758,9.628,0.434;13.858,14.631,0.279;9.914,16.198,0.221;19.368,19.621,0.491;11.996,12.184,2.012;6.835,13.504,0.345;8.038,18.017,0.316;17.186,9.308,1.723;14.891,13.471,0.975;15.582,10.066,1.198;16.489,2.128,0.872;15.792,10.217,2.240;19.731,9.674,0.358;7.591,0.862,0.435;17.276,6.566,1.318;1.818,13.113,0.653;9.172,9.405,2.202"
0,drone_2,7.6897,5.0630,17.0000,17.0000,"11.294,19.317,0.853;19.345,3.146,1.273;16.496,7.884,0.381;1.339,18.247,0.980;6.751,3.208,0.290;1.597,18.936,0.411;5.831,17.363,0.235;10.558,12.892,0.463;5.832,1.461,0.332;10.097,12.441,2.241;0.777,19.005,1.302;15.005,8.135,1.610;13.972,15.962,0.453;11.698,18.458,0.926;16.503,5.622,0.344;10.412,18.974,0.493;19.686,11.361,0.474;18.400,7.706,0.375;13.032,7.521,0.823;18.860,0.691,1.239;10.229,1.031,1.331;10.965,11.910,2.376;10.187,18.001,1.100;8.320,8.335,0.725;11.194,17.132,0.296;17.570,0.380,0.262;10.399,4.179,0.808;18.600,2.136,0.370;15.873,19.527,0.287;18.372,4.933,1.770;14.507,4.573,0.426;13.090,6.513,1.993;7.437,10.328,0.944;8.346,15.182,0.325;2.481,13.674,0.390;0.269,6.395,0.235;6.357,9.930,0.404;16.643,7.083,1.124;7.464,18.965,1.236;6.533,17.776,0.225;11.776,19.080,0.938;9.348,7.331,0.277;8.373,10.131,0.203;12.341,15.070,0.205;11.069,5.690,0.236;11.921,14.232,1.839;13.491,19.307,0.479;10.401,6.449,1.053;1.988,12.112,1.019;17.758,9.628,0.434;13.858,14.631,0.279;9.914,16.198,0.221;19.368,19.621,0.491;11.996,12.184,2.012;6.835,13.504,0.345;8.038,18.017,0.316;17.186,9.308,1.723;14.891,13.471,0.975;15.582,10.066,1.198;16.489,2.128,0.872;15.792,10.217,2.240;19.731,9.674,0.358;7.591,0.862,0.435;17.276,6.566,1.318;1.818,13.113,0.653;9.172,9.405,2.202"
0,drone_3,6.0600,15.3779,17.0000,17.0000,"11.294,19.317,0.853;19.345,3.146,1.273;16.496,7.884,0.381;1.339,18.247,0.980;6.751,3.208,0.290;1.597,18.936,0.411;5.831,17.363,0.235;10.558,12.892,0.463;5.832,1.461,0.332;10.097,12.441,2.241;0.777,19.005,1.302;15.005,8.135,1.610;13.972,15.962,0.453;11.698,18.458,0.926;16.503,5.622,0.344;10.412,18.974,0.493;19.686,11.361,0.474;18.400,7.706,0.375;13.032,7.521,0.823;18.860,0.691,1.239;10.229,1.031,1.331;10.965,11.910,2.376;10.187,18.001,1.100;8.320,8.335,0.725;11.194,17.132,0.296;17.570,0.380,0.262;10.399,4.179,0.808;18.600,2.136,0.370;15.873,19.527,0.287;18.372,4.933,1.770;14.507,4.573,0.426;13.090,6.513,1.993;7.437,10.328,0.944;8.346,15.182,0.325;2.481,13.674,0.390;0.269,6.395,0.235;6.357,9.930,0.404;16.643,7.083,1.124;7.464,18.965,1.236;6.533,17.776,0.225;11.776,19.080,0.938;9.348,7.331,0.277;8.373,10.131,0.203;12.341,15.070,0.205;11.069,5.690,0.236;11.921,14.232,1.839;13.491,19.307,0.479;10.401,6.449,1.053;1.988,12.112,1.019;17.758,9.628,0.434;13.858,14.631,0.279;9.914,16.198,0.221;19.368,19.621,0.491;11.996,12.184,2.012;6.835,13.504,0.345;8.038,18.017,0.316;17.186,9.308,1.723;14.891,13.471,0.975;15.582,10.066,1.198;16.489,2.128,0.872;15.792,10.217,2.240;19.731,9.674,0.358;7.591,0.862,0.435;17.276,6.566,1.318;1.818,13.113,0.653;9.172,9.405,2.202"
0,drone_4,5.3779,7.0807,17.0000,17.0000,"11.294,19.317,0.853;19.345,3.146,1.273;16.496,7.884,0.381;1.339,18.247,0.980;6.751,3.208,0.290;1.597,18.936,0.411;5.831,17.363,0.235;10.558,12.892,0.463;5.832,1.461,0.332;10.097,12.441,2.241;0.777,19.005,1.302;15.005,8.135,1.610;13.972,15.962,0.453;11.698,18.458,0.926;16.503,5.622,0.344;10.412,18.974,0.493;19.686,11.361,0.474;18.400,7.706,0.375;13.032,7.521,0.823;18.860,0.691,1.239;10.229,1.031,1.331;10.965,11.910,2.376;10.187,18.001,1.100;8.320,8.335,0.725;11.194,17.132,0.296;17.570,0.380,0.262;10.399,4.179,0.808;18.600,2.136,0.370;15.873,19.527,0.287;18.372,4.933,1.770;14.507,4.573,0.426;13.090,6.513,1.993;7.437,10.328,0.944;8.346,15.182,0.325;2.481,13.674,0.390;0.269,6.395,0.235;6.357,9.930,0.404;16.643,7.083,1.124;7.464,18.965,1.236;6.533,17.776,0.225;11.776,19.080,0.938;9.348,7.331,0.277;8.373,10.131,0.203;12.341,15.070,0.205;11.069,5.690,0.236;11.921,14.232,1.839;13.491,19.307,0.479;10.401,6.449,1.053;1.988,12.112,1.019;17.758,9.628,0.434;13.858,14.631,0.279;9.914,16.198,0.221;19.368,19.621,0.491;11.996,12.184,2.012;6.835,13.504,0.345;8.038,18.017,0.316;17.186,9.308,1.723;14.891,13.471,0.975;15.582,10.066,1.198;16.489,2.128,0.872;15.792,10.217,2.240;19.731,9.674,0.358;7.591,0.862,0.435;17.276,6.566,1.318;1.818,13.113,0.653;9.172,9.405,2.202"
0,drone_5,2.3276,5.7147,17.0000,17.0000,"11.294,19.317,0.853;19.345,3.146,1.273;16.496,7.884,0.381;1.339,18.247,0.980;6.751,3.208,0.290;1.597,18.936,0.411;5.831,17.363,0.235;10.558,12.892,0.463;5.832,1.461,0.332;10.097,12.441,2.241;0.777,19.005,1.302;15.005,8.135,1.610;13.972,15.962,0.453;11.698,18.458,0.926;16.503,5.622,0.344;10.412,18.974,0.493;19.686,11.361,0.474;18.400,7.706,0.375;13.032,7.521,0.823;18.860,0.691,1.239;10.229,1.031,1.331;10.965,11.910,2.376;10.187,18.001,1.100;8.320,8.335,0.725;11.194,17.132,0.296;17.570,0.380,0.262;10.399,4.179,0.808;18.600,2.136,0.370;15.873,19.527,0.287;18.372,4.933,1.770;14.507,4.573,0.426;13.090,6.513,1.993;7.437,10.328,0.944;8.346,15.182,0.325;2.481,13.674,0.390;0.269,6.395,0.235;6.357,9.930,0.404;16.643,7.083,1.124;7.464,18.965,1.236;6.533,17.776,0.225;11.776,19.080,0.938;9.348,7.331,0.277;8.373,10.131,0.203;12.341,15.070,0.205;11.069,5.690,0.236;11.921,14.232,1.839;13.491,19.307,0.479;10.401,6.449,1.053;1.988,12.112,1.019;17.758,9.628,0.434;13.858,14.631,0.279;9.914,16.198,0.221;19.368,19.621,0.491;11.996,12.184,2.012;6.835,13.504,0.345;8.038,18.017,0.316;17.186,9.308,1.723;14.891,13.471,0.975;15.582,10.066,1.198;16.489,2.128,0.872;15.792,10.217,2.240;19.731,9.674,0.358;7.591,0.862,0.435;17.276,6.566,1.318;1.818,13.113,0.653;9.172,9.405,2.202"
0,drone_6,4.6440,11.8284,17.0000,17.0000,"11.294,19.317,0.853;19.345,3.146,1.273;16.496,7.884,0.381;1.339,18.247,0.980;6.751,3.208,0.290;1.597,18.936,0.411;5.831,17.363,0.235;10.558,12.892,0.463;5.832,1.461,0.332;10.097,12.441,2.241;0.777,19.005,1.302;15.005,8.135,1.610;13.972,15.962,0.453;11.698,18.458,0.926;16.503,5.622,0.344;10.412,18.974,0.493;19.686,11.361,0.474;18.400,7.706,0.375;13.032,7.521,0.823;18.860,0.691,1.239;10.229,1.031,1.331;10.965,11.910,2.376;10.187,18.001,1.100;8.320,8.335,0.725;11.194,17.132,0.296;17.570,0.380,0.262;10.399,4.179,0.808;18.600,2.136,0.370;15.873,19.527,0.287;18.372,4.933,1.770;14.507,4.573,0.426;13.090,6.513,1.993;7.437,10.328,0.944;8.346,15.182,0.325;2.481,13.674,0.390;0.269,6.395,0.235;6.357,9.930,0.404;16.643,7.083,1.124;7.464,18.965,1.236;6.533,17.776,0.225;11.776,19.080,0.938;9.348,7.331,0.277;8.373,10.131,0.203;12.341,15.070,0.205;11.069,5.690,0.236;11.921,14.232,1.839;13.491,19.307,0.479;10.401,6.449,1.053;1.988,12.112,1.019;17.758,9.628,0.434;13.858,14.631,0.279;9.914,16.198,0.221;19.368,19.621,0.491;11.996,12.184,2.012;6.835,13.504,0.345;8.038,18.017,0.316;17.186,9.308,1.723;14.891,13.471,0.975;15.582,10.066,1.198;16.489,2.128,0.872;15.792,10.217,2.240;19.731,9.674,0.358;7.591,0.862,0.435;17.276,6.566,1.318;1.818,13.113,0.653;9.172,9.405,2.202"
0,drone_7,3.7096,15.8566,17.0000,17.0000,"11.294,19.317,0.853;19.345,3.146,1.273;16.496,7.884,0.381;1.339,18.247,0.980;6.751,3.208,0.290;1.597,18.936,0.411;5.831,17.363,0.235;10.558,12.892,0.463;5.832,1.461,0.332;10.097,12.441,2.241;0.777,19.005,1.302;15.005,8.135,1.610;13.972,15.962,0.453;11.698,18.458,0.926;16.503,5.622,0.344;10.412,18.974,0.493;19.686,11.361,0.474;18.400,7.706,0.375;13.032,7.521,0.823;18.860,0.691,1.239;10.229,1.031,1.331;10.965,11.910,2.376;10.187,18.001,1.100;8.320,8.335,0.725;11.194,17.132,0.296;17.570,0.380,0.262;10.399,4.179,0.808;18.600,2.136,0.370;15.873,19.527,0.287;18.372,4.933,1.770;14.507,4.573,0.426;13.090,6.513,1.993;7.437,10.328,0.944;8.346,15.182,0.325;2.481,13.674,0.390;0.269,6.395,0.235;6.357,9.930,0.404;16.643,7.083,1.124;7.464,18.965,1.236;6.533,17.776,0.225;11.776,19.080,0.938;9.348,7.331,0.277;8.373,10.131,0.203;12.341,15.070,0.205;11.069,5.690,0.236;11.921,14.232,1.839;13.491,19.307,0.479;10.401,6.449,1.053;1.988,12.112,1.019;17.758,9.628,0.434;13.858,14.631,0.279;9.914,16.198,0.221;19.368,19.621,0.491;11.996,12.184,2.012;6.835,13.504,0.345;8.038,18.017,0.316;17.186,9.308,1.723;14.891,13.471,0.975;15.582,10.066,1.198;16.489,2.128,0.872;15.792,10.217,2.240;19.731,9.674,0.358;7.591,0.862,0.435;17.276,6.566,1.318;1.818,13.113,0.653;9.172,9.405,2.202"
0,drone_8,13.9098,2.4279,17.0000,17.0000,"11.294,19.317,0.853;19.345,3.146,1.273;16.496,7.884,0.381;1.339,18.247,0.980;6.751,3.208,0.290;1.597,18.936,0.411;5.831,17.363,0.235;10.558,12.892,0.463;5.832,1.461,0.332;10.097,12.441,2.241;0.777,19.005,1.302;15.005,8.135,1.610;13.972,15.962,0.453;11.698,18.458,0.926;16.503,5.622,0.344;10.412,18.974,0.493;19.686,11.361,0.474;18.400,7.706,0.375;13.032,7.521,0.823;18.860,0.691,1.239;10.229,1.031,1.331;10.965,11.910,2.376;10.187,18.001,1.100;8.320,8.335,0.725;11.194,17.132,0.296;17.570,0.380,0.262;10.399,4.179,0.808;18.600,2.136,0.370;15.873,19.527,0.287;18.372,4.933,1.770;14.507,4.573,0.426;13.090,6.513,1.993;7.437,10.328,0.944;8.346,15.182,0.325;2.481,13.674,0.390;0.269,6.395,0.235;6.357,9.930,0.404;16.643,7.083,1.124;7.464,18.965,1.236;6.533,17.776,0.225;11.776,19.080,0.938;9.348,7.331,0.277;8.373,10.131,0.203;12.341,15.070,0.205;11.069,5.690,0.236;11.921,14.232,1.839;13.491,19.307,0.479;10.401,6.449,1.053;1.988,12.112,1.019;17.758,9.628,0.434;13.858,14.631,0.279;9.914,16.198,0.221;19.368,19.621,0.491;11.996,12.184,2.012;6.835,13.504,0.345;8.038,18.017,0.316;17.186,9.308,1.723;14.891,13.471,0.975;15.582,10.066,1.198;16.489,2.128,0.872;15.792,10.217,2.240;19.731,9.674,0.358;7.591,0.862,0.435;17.276,6.566,1.318;1.818,13.113,0.653;9.172,9.405,2.202"
0,drone_9,4.4721,18.7407,17.0000,17.0000,"11.294,19.317,0.853;19.345,3.146,1.273;16.496,7.884,0.381;1.339,18.247,0.980;6.751,3.208,0.290;1.597,18.936,0.411;5.831,17.363,0.235;10.558,12.892,0.463;5.832,1.461,0.332;10.097,12.441,2.241;0.777,19.005,1.302;15.005,8.135,1.610;13.972,15.962,0.453;11.698,18.458,0.926;16.503,5.622,0.344;10.412,18.974,0.493;19.686,11.361,0.474;18.400,7.706,0.375;13.032,7.521,0.823;18.860,0.691,1.239;10.229,1.031,1.331;10.965,11.910,2.376;10.187,18.001,1.100;8.320,8.335,0.725;11.194,17.132,0.296;17.570,0.380,0.262;10.399,4.179,0.808;18.600,2.136,0.370;15.873,19.527,0.287;18.372,4.933,1.770;14.507,4.573,0.426;13.090,6.513,1.993;7.437,10.328,0.944;8.346,15.182,0.325;2.481,13.674,0.390;0.269,6.395,0.235;6.357,9.930,0.404;16.643,7.083,1.124;7.464,18.965,1.236;6.533,17.776,0.225;11.776,19.080,0.938;9.348,7.331,0.277;8.373,10.131,0.203;12.341,15.070,0.205;11.069,5.690,0.236;11.921,14.232,1.839;13.491,19.307,0.479;10.401,6.449,1.053;1.988,12.112,1.019;17.758,9.628,0.434;13.858,14.631,0.279;9.914,16.198,0.221;19.368,19.621,0.491;11.996,12.184,2.012;6.835,13.504,0.345;8.038,18.017,0.316;17.186,9.308,1.723;14.891,13.471,0.975;15.582,10.066,1.198;16.489,2.128,0.872;15.792,10.217,2.240;19.731,9.674,0.358;7.591,0.862,0.435;17.276,6.566,1.318;1.818,13.113,0.653;9.172,9.405,2.202"
1,drone_0,3.9601,9.4238,17.0000,17.0000,"11.294,19.317,0.853;19.345,3.146,1.273;16.496,7.884,0.381;1.339,18.247,0.980;6.751,3.208,0.290;1.597,18.936,0.411;5.831,17.363,0.235;10.558,12.892,0.463;5.832,1.461,0.332;10.097,12.441,2.241;0.777,19.005,1.302;15.005,8.135,1.610;13.972,15.962,0.453;11.698,18.458,0.926;16.503,5.622,0.344;10.412,18.974,0.493;19.686,11.361,0.474;18.400,7.706,0.375;13.032,7.521,0.823;18.860,0.691,1.239;10.229,1.031,1.331;10.965,11.910,2.376;10.187,18.001,1.100;8.320,8.335,0.725;11.194,17.132,0.296;17.570,0.380,0.262;10.399,4.179,0.808;18.600,2.136,0.370;15.873,19.527,0.287;18.372,4.933,1.770;14.507,4.573,0.426;13.090,6.513,1.993;7.437,10.328,0.944;8.346,15.182,0.325;2.481,13.674,0.390;0.269,6.395,0.235;6.357,9.930,0.404;16.643,7.083,1.124;7.464,18.965,1.236;6.533,17.776,0.225;11.776,19.080,0.938;9.348,7.331,0.277;8.373,10.131,0.203;12.341,15.070,0.205;11.069,5.690,0.236;11.921,14.232,1.839;13.491,19.307,0.479;10.401,6.449,1.053;1.988,12.112,1.019;17.758,9.628,0.434;13.858,14.631,0.279;9.914,16.198,0.221;19.368,19.621,0.491;11.996,12.184,2.012;6.835,13.504,0.345;8.038,18.017,0.316;17.186,9.308,1.723;14.891,13.471,0.975;15.582,10.066,1.198;16.489,2.128,0.872;15.792,10.217,2.240;19.731,9.674,0.358;7.591,0.862,0.435;17.276,6.566,1.318;1.818,13.113,0.653;9.172,9.405,2.202"
1,drone_1,2.8813,1.9672,17.0000,17.0000,"11.294,19.317,0.853;19.345,3.146,1.273;16.496,7.884,0.381;1.339,18.247,0.980;6.751,3.208,0.290;1.597,18.936,0.411;5.831,17.363,0.235;10.558,12.892,0.463;5.832,1.461,0.332;10.097,12.441,2.241;0.777,19.005,1.302;15.005,8.135,1.610;13.972,15.962,0.453;11.698,18.458,0.926;16.503,5.622,0.344;10.412,18.974,0.493;19.686,11.361,0.474;18.400,7.706,0.375;13.032,7.521,0.823;18.860,0.691,1.239;10.229,1.031,1.331;10.965,11.910,2.376;10.187,18.001,1.100;8.320,8.335,0.725;11.194,17.132,0.296;17.570,0.380,0.262;10.399,4.179,0.808;18.600,2.136,0.370;15.873,19.527,0.287;18.372,4.933,1.770;14.507,4.573,0.426;13.090,6.513,1.993;7.437,10.328,0.944;8.346,15.182,0.325;2.481,13.674,0.390;0.269,6.395,0.235;6.357,9.930,0.404;16.643,7.083,1.124;7.464,18.965,1.236;6.533,17.776,0.225;11.776,19.080,0.938;9.348,7.331,0.277;8.373,10.131,0.203;12.341,15.070,0.205;11.069,5.690,0.236;11.921,14.232,1.839;13.491,19.307,0.479;10.401,6.449,1.053;1.988,12.112,1.019;17.758,9.628,0.434;13.858,14.631,0.279;9.914,16.198,0.221;19.368,19.621,0.491;11.996,12.184,2.012;6.835,13.504,0.345;8.038,18.017,0.316;17.186,9.308,1.723;14.891,13.471,0.975;15.582,10.066,1.198;16.489,2.128,0.872;15.792,10.217,2.240;19.731,9.674,0.358;7.591,0.862,0.435;17.276,6.566,1.318;1.818,13.113,0.653;9.172,9.405,2.202"
1,drone_2,7.7117,5.1630,17.0000,17.0000,"11.294,19.317,0.853;19.345,3.146,1.273;16.496,7.884,0.381;1.339,18.247,0.980;6.751,3.208,0.290;1.597,18.936,0.411;5.831,17.363,0.235;10.558,12.892,0.463;5.832,1.461,0.332;10.097,12.441,2.241;0.777,19.005,1.302;15.005,8.135,1.610;13.972,15.962,0.453;11.698,18.458,0.926;16.503,5.622,0.344;10.412,18.974,0.493;19.686,11.361,0.474;18.400,7.706,0.375;13.032,7.521,0.823;18.860,0.691,1.239;10.229,1.031,1.331;10.965,11.910,2.376;10.187,18.001,1.100;8.320,8.335,0.725;11.194,17.132,0.296;17.570,0.380,0.262;10.399,4.179,0.808;18.600,2.136,0.370;15.873,19.527,0.287;18.372,4.933,1.770;14.507,4.573,0.426;13.090,6.513,1.993;7.437,10.328,0.944;8.346,15.182,0.325;2.481,13.674,0.390;0.269,6.395,0.235;6.357,9.930,0.404;16.643,7.083,1.124;7.464,18.965,1.236;6.533,17.776,0.225;11.776,19.080,0.938;9.348,7.331,0.277;8.373,10.131,0.203;12.341,15.070,0.205;11.069,5.690,0.236;11.921,14.232,1.839;13.491,19.307,0.479;10.401,6.449,1.053;1.988,12.112,1.019;17.758,9.628,0.434;13.858,14.631,0.279;9.914,16.198,0.221;19.368,19.621,0.491;11.996,12.184,2.012;6.835,13.504,0.345;8.038,18.017,0.316;17.186,9.308,1.723;14.891,13.471,0.975;15.582,10.066,1.198;16.489,2.128,0.872;15.792,10.217,2.240;19.731,9.674,0.358;7.591,0.862,0.435;17.276,6.566,1.318;1.818,13.113,0.653;9.172,9.405,2.202"
1,drone_3,6.1600,15.4779,17.0000,17.0000,"11.294,19.317,0.853;19.345,3.146,1.273;16.496,7.884,0.381;1.339,18.247,0.980;6.751,3.208,0.290;1.597,18.936,0.411;5.831,17.363,0.235;10.558,12.892,0.463;5.832,1.461,0.332;10.097,12.441,2.241;0.777,19.005,1.302;15.005,8.135,1.610;13.972,15.962,0.453;11.698,18.458,0.926;16.503,5.622,0.344;10.412,18.974,0.493;19.686,11.361,0.474;18.400,7.706,0.375;13.032,7.521,0.823;18.860,0.691,1.239;10.229,1.031,1.331;10.965,11.910,2.376;10.187,18.001,1.100;8.320,8.335,0.725;11.194,17.132,0.296;17.570,0.380,0.262;10.399,4.179,0.808;18.600,2.136,0.370;15.873,19.527,0.287;18.372,4.933,1.770;14.507,4.573,0.426;13.090,6.513,1.993;7.437,10.328,0.944;8.346,15.182,0.325;2.481,13.674,0.390;0.269,6.395,0.235;6.357,9.930,0.404;16.643,7.083,1.124;7.464,18.965,1.236;6.533,17.776,0.225;11.776,19.080,0.938;9.348,7.331,0.277;8.373,10.131,0.203;12.341,15.070,0.205;11.069,5.690,0.236;11.921,14.232,1.839;13.491,19.307,0.479;10.401,6.449,1.053;1.988,12.112,1.019;17.758,9.628,0.434;13.858,14.631,0.279;9.914,16.198,0.221;19.368,19.621,0.491;11.996,12.184,2.012;6.835,13.504,0.345;8.038,18.017,0.316;17.186,9.308,1.723;14.891,13.471,0.975;15.582,10.066,1.198;16.489,2.128,0.872;15.792,10.217,2.240;19.731,9.674,0.358;7.591,0.862,0.435;17.276,6.566,1.318;1.818,13.113,0.653;9.172,9.405,2.202"
1,drone_4,5.4224,7.1122,17.0000,17.0000,"11.294,19.317,0.853;19.345,3.146,1.273;16.496,7.884,0.381;1.339,18.247,0.980;6.751,3.208,0.290;1.597,18.936,0.411;5.831,17.363,0.235;10.558,12.892,0.463;5.832,1.461,0.332;10.097,12.441,2.241;0.777,19.005,1.302;15.005,8.135,1.610;13.972,15.962,0.453;11.698,18.458,0.926;16.503,5.622,0.344;10.412,18.974,0.493;19.686,11.361,0.474;18.400,7.706,0.375;13.032,7.521,0.823;18.860,0.691,1.239;10.229,1.031,1.331;10.965,11.910,2.376;10.187,18.001,1.100;8.320,8.335,0.725;11.194,17.132,0.296;17.570,0.380,0.262;10.399,4.179,0.808;18.600,2.136,0.370;15.873,19.527,0.287;18.372,4.933,1.770;14.507,4.573,0.426;13.090,6.513,1.993;7.437,10.328,0.944;8.346,15.182,0.325;2.481,13.674,0.390;0.269,6.395,0.235;6.357,9.930,0.404;16.643,7.083,1.124;7.464,18.965,1.236;6.533,17.776,0.225;11.776,19.080,0.938;9.348,7.331,0.277;8.373,10.131,0.203;12.341,15.070,0.205;11.069,5.690,0.236;11.921,14.232,1.839;13.491,19.307,0.479;10.401,6.449,1.053;1.988,12.112,1.019;17.758,9.628,0.434;13.858,14.631,0.279;9.914,16.198,0.221;19.368,19.621,0.491;11.996,12.184,2.012;6.835,13.504,0.345;8.038,18.017,0.316;17.186,9.308,1.723;14.891,13.471,0.975;15.582,10.066,1.198;16.489,2.128,0.872;15.792,10.217,2.240;19.731,9.674,0.358;7.591,0.862,0.435;17.276,6.566,1.318;1.818,13.113,0.653;9.172,9.405,2.202"
1,drone_5,2.4276,5.6996,17.0000,17.0000,"11.294,19.317,0.853;19.345,3.146,1.273;16.496,7.884,0.381;1.339,18.247,0.980;6.751,3.208,0.290;1.597,18.936,0.411;5.831,17.363,0.235;10.558,12.892,0.463;5.832,1.461,0.332;10.097,12.441,2.241;0.777,19.005,1.302;15.005,8.135,1.610;13.972,15.962,0.453;11.698,18.458,0.926;16.503,5.622,0.344;10.412,18.974,0.493;19.686,11.361,0.474;18.400,7.706,0.375;13.032,7.521,0.823;18.860,0.691,1.239;10.229,1.031,1.331;10.965,11.910,2.376;10.187,18.001,1.100;8.320,8.335,0.725;11.194,17.132,0.296;17.570,0.380,0.262;10.399,4.179,0.808;18.600,2.136,0.370;15.873,19.527,0.287;18.372,4.933,1.770;14.507,4.573,0.426;13.090,6.513,1.993;7.437,10.328,0.944;8.346,15.182,0.325;2.481,13.674,0.390;0.269,6.395,0.235;6.357,9.930,0.404;16.643,7.083,1.124;7.464,18.965,1.236;6.533,17.776,0.225;11.776,19.080,0.938;9.348,7.331,0.277;8.373,10.131,0.203;12.341,15.070,0.205;11.069,5.690,0.236;11.921,14.232,1.839;13.491,19.307,0.479;10.401,6.449,1.053;1.988,12.112,1.019;17.758,9.628,0.434;13.858,14.631,0.279;9.914,16.198,0.221;19.368,19.621,0.491;11.996,12.184,2.012;6.835,13.504,0.345;8.038,18.017,0.316;17.186,9.308,1.723;14.891,13.471,0.975;15.582,10.066,1.198;16.489,2.128,0.872;15.792,10.217,2.240;19.731,9.674,0.358;7.591,0.862,0.435;17.276,6.566,1.318;1.818,13.113,0.653;9.172,9.405,2.202"
1,drone_6,4.7293,11.9284,17.0000,17.0000,"11.294,19.317,0.853;19.345,3.146,1.273;16.496,7.884,0.381;1.339,18.247,0.980;6.751,3.208,0.290;1.597,18.936,0.411;5.831,17.363,0.235;10.558,12.892,0.463;5.832,1.461,0.332;10.097,12.441,2.241;0.777,19.005,1.302;15.005,8.135,1.610;13.972,15.962,0.453;11.698,18.458,0.926;16.503,5.622,0.344;10.412,18.974,0.493;19.686,11.361,0.474;18.400,7.706,0.375;13.032,7.521,0.823;18.860,0.691,1.239;10.229,1.031,1.331;10.965,11.910,2.376;10.187,18.001,1.100;8.320,8.335,0.725;11.194,17.132,0.296;17.570,0.380,0.262;10.399,4.179,0.808;18.600,2.136,0.370;15.873,19.527,0.287;18.372,4.933,1.770;14.507,4.573,0.426;13.090,6.513,1.993;7.437,10.328,0.944;8.346,15.182,0.325;2.481,13.674,0.390;0.269,6.395,0.235;6.357,9.930,0.404;16.643,7.083,1.124;7.464,18.965,1.236;6.533,17.776,0.225;11.776,19.080,0.938;9.348,7.331,0.277;8.373,10.131,0.203;12.341,15.070,0.205;11.069,5.690,0.236;11.921,14.232,1.839;13.491,19.307,0.479;10.401,6.449,1.053;1.988,12.112,1.019;17.758,9.628,0.434;13.858,14.631,0.279;9.914,16.198,0.221;19.368,19.621,0.491;11.996,12.184,2.012;6.835,13.504,0.345;8.038,18.017,0.316;17.186,9.308,1.723;14.891,13.471,0.975;15.582,10.066,1.198;16.489,2.128,0.872;15.792,10.217,2.240;19.731,9.674,0.358;7.591,0.862,0.435;17.276,6.566,1.318;1.818,13.113,0.653;9.172,9.405,2.202"
1,drone_7,3.7788,15.9079,17.0000,17.0000,"11.294,19.317,0.853;19.345,3.146,1.273;16.496,7.884,0.381;1.339,18.247,0.980;6.751,3.208,0.290;1.597,18.936,0.411;5.831,17.363,0.235;10.558,12.892,0.463;5.832,1.461,0.332;10.097,12.441,2.241;0.777,19.005,1.302;15.005,8.135,1.610;13.972,15.962,0.453;11.698,18.458,0.926;16.503,5.622,0.344;10.412,18.974,0.493;19.686,11.361,0.474;18.400,7.706,0.375;13.032,7.521,0.823;18.860,0.691,1.239;10.229,1.031,1.331;10.965,11.910,2.376;10.187,18.001,1.100;8.320,8.335,0.725;11.194,17.132,0.296;17.570,0.380,0.262;10.399,4.179,0.808;18.600,2.136,0.370;15.873,19.527,0.287;18.372,4.933,1.770;14.507,4.573,0.426;13.090,6.513,1.993;7.437,10.328,0.944;8.346,15.182,0.325;2.481,13.674,0.390;0.269,6.395,0.235;6.357,9.930,0.404;16.643,7.083,1.124;7.464,18.965,1.236;6.533,17.776,0.225;11.776,19.080,0.938;9.348,7.331,0.277;8.373,10.131,0.203;12.341,15.070,0.205;11.069,5.690,0.236;11.921,14.232,1.839;13.491,19.307,0.479;10.401,6.449,1.053;1.988,12.112,1.019;17.758,9.628,0.434;13.858,14.631,0.279;9.914,16.198,0.221;19.368,19.621,0.491;11.996,12.184,2.012;6.835,13.504,0.345;8.038,18.017,0.316;17.186,9.308,1.723;14.891,13.471,0.975;15.582,10.066,1.198;16.489,2.128,0.872;15.792,10.217,2.240;19.731,9.674,0.358;7.591,0.862,0.435;17.276,6.566,1.318;1.818,13.113,0.653;9.172,9.405,2.202"
1,drone_8,13.9848,2.5279,17.0000,17.0000,"11.294,19.317,0.853;19.345,3.146,1.273;16.496,7.884,0.381;1.339,18.247,0.980;6.751,3.208,0.290;1.597,18.936,0.411;5.831,17.363,0.235;10.558,12.892,0.463;5.832,1.461,0.332;10.097,12.441,2.241;0.777,19.005,1.302;15.005,8.135,1.610;13.972,15.962,0.453;11.698,18.458,0.926;16.503,5.622,0.344;10.412,18.974,0.493;19.686,11.361,0.474;18.400,7.706,0.375;13.032,7.521,0.823;18.860,0.691,1.239;10.229,1.031,1.331;10.965,11.910,2.376;10.187,18.001,1.100;8.320,8.335,0.725;11.194,17.132,0.296;17.570,0.380,0.262;10.399,4.179,0.808;18.600,2.136,0.370;15.873,19.527,0.287;18.372,4.933,1.770;14.507,4.573,0.426;13.090,6.513,1.993;7.437,10.328,0.944;8.346,15.182,0.325;2.481,13.674,0.390;0.269,6.395,0.235;6.357,9.930,0.404;16.643,7.083,1.124;7.464,18.965,1.236;6.533,17.776,0.225;11.776,19.080,0.938;9.348,7.331,0.277;8.373,10.131,0.203;12.341,15.070,0.205;11.069,5.690,0.236;11.921,14.232,1.839;13.491,19.307,0.479;10.401,6.449,1.053;1.988,12.112,1.019;17.758,9.628,0.434;13.858,14.631,0.279;9.914,16.198,0.221;19.368,19.621,0.491;11.996,12.184,2.012;6.835,13.504,0.345;8.038,18.017,0.316;17.186,9.308,1.723;14.891,13.471,0.975;15.582,10.066,1.198;16.489,2.128,0.872;15.792,10.217,2.240;19.731,9.674,0.358;7.591,0.862,0.435;17.276,6.566,1.318;1.818,13.113,0.653;9.172,9.405,2.202"
1,drone_9,4.5721,18.7518,17.0000,17.0000,"11.294,19.317,0.853;19.345,3.146,1.273;16.496,7.884,0.381;1.339,18.247,0.980;6.751,3.208,0.290;1.597,18.936,0.411;5.831,17.363,0.235;10.558,12.892,0.463;5.832,1.461,0.332;10.097,12.441,2.241;0.777,19.005,1.302;15.005,8.135,1.610;13.972,15.962,0.453;11.698,18.458,0.926;16.503,5.622,0.344;10.412,18.974,0.493;19.686,11.361,0.474;18.400,7.706,0.375;13.032,7.521,0.823;18.860,0.691,1.239;10.229,1.031,1.331;10.965,11.910,2.376;10.187,18.001,1.100;8.320,8.335,0.725;11.194,17.132,0.296;17.570,0.380,0.262;10.399,4.179,0.808;18.600,2.136,0.370;15.873,19.527,0.287;18.372,4.933,1.770;14.507,4.573,0.426;13.090,6.513,1.993;7.437,10.328,0.944;8.346,15.182,0.325;2.481,13.674,0.390;0.269,6.395,0.235;6.357,9.930,0.404;16.643,7.083,1.124;7.464,18.965,1.236;6.533,17.776,0.225;11.776,19.080,0.938;9.348,7.331,0.277;8.373,10.131,0.203;12.341,15.070,0.205;11.069,5.690,0.236;11.921,14.232,1.839;13.491,19.307,0.479;10.401,6.449,1.053;1.988,12.112,1.019;17.758,9.628,0.434;13.858,14.631,0.279;9.914,16.198,0.221;19.368,19.621,0.491;11.996,12.184,2.012;6.835,13.504,0.345;8.038,18.017,0.316;17.186,9.308,1.723;14.891,13.471,0.975;15.582,10.066,1.198;16.489,2.128,0.872;15.792,10.217,2.240;19.731,9.674,0.358;7.591,0.862,0.435;17.276,6.566,1.318;1.818,13.113,0.653;9.172,9.405,2.202"
2,drone_0,4.0860,9.4492,17.0000,17.0000,"11.294,19.317,0.853;19.345,3.146,1.273;16.496,7.884,0.381;1.339,18.247,0.980;6.751,3.208,0.290;1.597,18.936,0.411;5.831,17.363,0.235;10.558,12.892,0.463;5.832,1.461,0.332;10.097,12.441,2.241;0.777,19.005,1.302;15.005,8.135,1.610;13.972,15.962,0.453;11.698,18.458,0.926;16.503,5.622,0.344;10.412,18.974,0.493;19.686,11.361,0.474;18.400,7.706,0.375;13.032,7.521,0.823;18.860,0.691,1.239;10.229,1.031,1.331;10.965,11.910,2.376;10.187,18.001,1.100;8.320,8.335,0.725;11.194,17.132,0.296;17.570,0.380,0.262;10.399,4.179,0.808;18.600,2.136,0.370;15.873,19.527,0.287;18.372,4.933,1.770;14.507,4.573,0.426;13.090,6.513,1.993;7.437,10.328,0.944;8.346,15.182,0.325;2.481,13.674,0.390;0.269,6.395,0.235;6.357,9.930,0.404;16.643,7.083,1.124;7.464,18.965,1.236;6.533,17.776,0.225;11.776,19.080,0.938;9.348,7.331,0.277;8.373,10.131,0.203;12.341,15.070,0.205;11.069,5.690,0.236;11.921,14.232,1.839;13.491,19.307,0.479;10.401,6.449,1.053;1.988,12.112,1.019;17.758,9.628,0.434;13.858,14.631,0.279;9.914,16.198,0.221;19.368,19.621,0.491;11.996,12.184,2.012;6.835,13.504,0.345;8.038,18.017,0.316;17.186,9.308,1.723;14.891,13.471,0.975;15.582,10.066,1.198;16.489,2.128,0.872;15.792,10.217,2.240;19.731,9.674,0.358;7.591,0.862,0.435;17.276,6.566,1.318;1.818,13.113,0.653;9.172,9.405,2.202"
2,drone_1,2.8644,2.1600,17.0000,17.0000,"11.294,19.317,0.853;19.345,3.146,1.273;16.496,7.884,0.381;1.339,18.247,0.980;6.751,3.208,0.290;1.597,18.936,0.411;5.831,17.363,0.235;10.558,12.892,0.463;5.832,1.461,0.332;10.097,12.441,2.241;0.777,19.005,1.302;15.005,8.135,1.610;13.972,15.962,0.453;11.698,18.458,0.926;16.503,5.622,0.344;10.412,18.974,0.493;19.686,11.361,0.474;18.400,7.706,0.375;13.032,7.521,0.823;18.860,0.691,1.239;10.229,1.031,1.331;10.965,11.910,2.376;10.187,18.001,1.100;8.320,8.335,0.725;11.194,17.132,0.296;17.570,0.380,0.262;10.399,4.179,0.808;18.600,2.136,0.370;15.873,19.527,0.287;18.372,4.933,1.770;14.507,4.573,0.426;13.090,6.513,1.993;7.437,10.328,0.944;8.346,15.182,0.325;2.481,13.674,0.390;0.269,6.395,0.235;6.357,9.930,0.404;16.643,7.083,1.124;7.464,18.965,1.236;6.533,17.776,0.225;11.776,19.080,0.938;9.348,7.331,0.277;8.373,10.131,0.203;12.341,15.070,0.205;11.069,5.690,0.236;11.921,14.232,1.839;13.491,19.307,0.479;10.401,6.449,1.053;1.988,12.112,1.019;17.758,9.628,0.434;13.858,14.631,0.279;9.914,16.198,0.221;19.368,19.621,0.491;11.996,12.184,2.012;6.835,13.504,0.345;8.038,18.017,0.316;17.186,9.308,1.723;14.891,13.471,0.975;15.582,10.066,1.198;16.489,2.128,0.872;15.792,10.217,2.240;19.731,9.674,0.358;7.591,0.862,0.435;17.276,6.566,1.318;1.818,13.113,0.653;9.172,9.405,2.202"
2,drone_2,7.7719,5.3461,17.0000,17.0000,"11.294,19.317,0.853;19.345,3.146,1.273;16.496,7.884,0.381;1.339,18.247,0.980;6.751,3.208,0.290;1.597,18.936,0.411;5.831,17.363,0.235;10.558,12.892,0.463;5.832,1.461,0.332;10.097,12.441,2.241;0.777,19.005,1.302;15.005,8.135,1.610;13.972,15.962,0.453;11.698,18.458,0.926;16.503,5.622,0.344;10.412,18.974,0.493;19.686,11.361,0.474;18.400,7.706,0.375;13.032,7.521,0.823;18.860,0.691,1.239;10.229,1.031,1.331;10.965,11.910,2.376;10.187,18.001,1.100;8.320,8.335,0.725;11.194,17.132,0.296;17.570,0.380,0.262;10.399,4.179,0.808;18.600,2.136,0.370;15.873,19.527,0.287;18.372,4.933,1.770;14.507,4.573,0.426;13.090,6.513,1.993;7.437,10.328,0.944;8.346,15.182,0.325;2.481,13.674,0.390;0.269,6.395,0.235;6.357,9.930,0.404;16.643,7.083,1.124;7.464,18.965,1.236;6.533,17.776,0.225;11.776,19.080,0.938;9.348,7.331,0.277;8.373,10.131,0.203;12.341,15.070,0.205;11.069,5.690,0.236;11.921,14.232,1.839;13.491,19.307,0.479;10.401,6.449,1.053;1.988,12.112,1.019;17.758,9.628,0.434;13.858,14.631,0.279;9.914,16.198,0.221;19.368,19.621,0.491;11.996,12.184,2.012;6.835,13.504,0.345;8.038,18.017,0.316;17.186,9.308,1.723;14.891,13.471,0.975;15.582,10.066,1.198;16.489,2.128,0.872;15.792,10.217,2.240;19.731,9.674,0.358;7.591,0.862,0.435;17.276,6.566,1.318;1.818,13.113,0.653;9.172,9.405,2.202"
2,drone_3,6.3038,15.6169,17.0000,17.0000,"11.294,19.317,0.853;19.345,3.146,1.273;16.496,7.884,0.381;1.339,18.247,0.980;6.751,3.208,0.290;1.597,18.936,0.411;5.831,17.363,0.235;10.558,12.892,0.463;5.832,1.461,0.332;10.097,12.441,2.241;0.777,19.005,1.302;15.005,8.135,1.610;13.972,15.962,0.453;11.698,18.458,0.926;16.503,5.622,0.344;10.412,18.974,0.493;19.686,11.361,0.474;18.400,7.706,0.375;13.032,7.521,0.823;18.860,0.691,1.239;10.229,1.031,1.331;10.965,11.910,2.376;10.187,18.001,1.100;8.320,8.335,0.725;11.194,17.132,0.296;17.570,0.380,0.262;10.399,4.179,0.808;18.600,2.136,0.370;15.873,19.527,0.287;18.372,4.933,1.770;14.507,4.573,0.426;13.090,6.513,1.993;7.437,10.328,0.944;8.346,15.182,0.325;2.481,13.674,0.390;0.269,6.395,0.235;6.357,9.930,0.404;16.643,7.083,1.124;7.464,18.965,1.236;6.533,17.776,0.225;11.776,19.080,0.938;9.348,7.331,0.277;8.373,10.131,0.203;12.341,15.070,0.205;11.069,5.690,0.236;11.921,14.232,1.839;13.491,19.307,0.479;10.401,6.449,1.053;1.988,12.112,1.019;17.758,9.628,0.434;13.858,14.631,0.279;9.914,16.198,0.221;19.368,19.621,0.491;11.996,12.184,2.012;6.835,13.504,0.345;8.038,18.017,0.316;17.186,9.308,1.723;14.891,13.471,0.975;15.582,10.066,1.198;16.489,2.128,0.872;15.792,10.217,2.240;19.731,9.674,0.358;7.591,0.862,0.435;17.276,6.566,1.318;1.818,13.113,0.653;9.172,9.405,2.202"
2,drone_4,5.5668,7.1201,17.0000,17.0000,"11.294,19.317,0.853;19.345,3.146,1.273;16.496,7.884,0.381;1.339,18.247,0.980;6.751,3.208,0.290;1.597,18.936,0.411;5.831,17.363,0.235;10.558,12.892,0.463;5.832,1.461,0.332;10.097,12.441,2.241;0.777,19.005,1.302;15.005,8.135,1.610;13.972,15.962,0.453;11.698,18.458,0.926;16.503,5.622,0.344;10.412,18.974,0.493;19.686,11.361,0.474;18.400,7.706,0.375;13.032,7.521,0.823;18.860,0.691,1.239;10.229,1.031,1.331;10.965,11.910,2.376;10.187,18.001,1.100;8.320,8.335,0.725;11.194,17.132,0.296;17.570,0.380,0.262;10.399,4.179,0.808;18.600,2.136,0.370;15.873,19.527,0.287;18.372,4.933,1.770;14.507,4.573,0.426;13.090,6.513,1.993;7.437,10.328,0.944;8.346,15.182,0.325;2.481,13.674,0.390;0.269,6.395,0.235;6.357,9.930,0.404;16.643,7.083,1.124;7.464,18.965,1.236;6.533,17.776,0.225;11.776,19.080,0.938;9.348,7.331,0.277;8.373,10.131,0.203;12.341,15.070,0.205;11.069,5.690,0.236;11.921,14.232,1.839;13.491,19.307,0.479;10.401,6.449,1.053;1.988,12.112,1.019;17.758,9.628,0.434;13.858,14.631,0.279;9.914,16.198,0.221;19.368,19.621,0.491;11.996,12.184,2.012;6.835,13.504,0.345;8.038,18.017,0.316;17.186,9.308,1.723;14.891,13.471,0.975;15.582,10.066,1.198;16.489,2.128,0.872;15.792,10.217,2.240;19.731,9.674,0.358;7.591,0.862,0.435;17.276,6.566,1.318;1.818,13.113,0.653;9.172,9.405,2.202"
2,drone_5,2.6247,5.6655,17.0000,17.0000,"11.294,19.317,0.853;19.345,3.146,1.273;16.496,7.884,0.381;1.339,18.247,0.980;6.751,3.208,0.290;1.597,18.936,0.411;5.831,17.363,0.235;10.558,12.892,0.463;5.832,1.461,0.332;10.097,12.441,2.241;0.777,19.005,1.302;15.005,8.135,1.610;13.972,15.962,0.453;11.698,18.458,0.926;16.503,5.622,0.344;10.412,18.974,0.493;19.686,11.361,0.474;18.400,7.706,0.375;13.032,7.521,0.823;18.860,0.691,1.239;10.229,1.031,1.331;10.965,11.910,2.376;10.187,18.001,1.100;8.320,8.335,0.725;11.194,17.132,0.296;17.570,0.380,0.262;10.399,4.179,0.808;18.600,2.136,0.370;15.873,19.527,0.287;18.372,4.933,1.770;14.507,4.573,0.426;13.090,6.513,1.993;7.437,10.328,0.944;8.346,15.182,0.325;2.481,13.674,0.390;0.269,6.395,0.235;6.357,9.930,0.404;16.643,7.083,1.124;7.464,18.965,1.236;6.533,17.776,0.225;11.776,19.080,0.938;9.348,7.331,0.277;8.373,10.131,0.203;12.341,15.070,0.205;11.069,5.690,0.236;11.921,14.232,1.839;13.491,19.307,0.479;10.401,6.449,1.053;1.988,12.112,1.019;17.758,9.628,0.434;13.858,14.631,0.279;9.914,16.198,0.221;19.368,19.621,0.491;11.996,12.184,2.012;6.835,13.504,0.345;8.038,18.017,0.316;17.186,9.308,1.723;14.891,13.471,0.975;15.582,10.066,1.198;16.489,2.128,0.872;15.792,10.217,2.240;19.731,9.674,0.358;7.591,0.862,0.435;17.276,6.566,1.318;1.818,13.113,0.653;9.172,9.405,2.202"
2,drone_6,4.8501,12.0879,17.0000,17.0000,"11.294,19.317,0.853;19.345,3.146,1.273;16.496,7.884,0.381;1.339,18.247,0.980;6.751,3.208,0.290;1.597,18.936,0.411;5.831,17.363,0.235;10.558,12.892,0.463;5.832,1.461,0.332;10.097,12.441,2.241;0.777,19.005,1.302;15.005,8.135,1.610;13.972,15.962,0.453;11.698,18.458,0.926;16.503,5.622,0.344;10.412,18.974,0.493;19.686,11.361,0.474;18.400,7.706,0.375;13.032,7.521,0.823;18.860,0.691,1.239;10.229,1.031,1.331;10.965,11.910,2.376;10.187,18.001,1.100;8.320,8.335,0.725;11.194,17.132,0.296;17.570,0.380,0.262;10.399,4.179,0.808;18.600,2.136,0.370;15.873,19.527,0.287;18.372,4.933,1.770;14.507,4.573,0.426;13.090,6.513,1.993;7.437,10.328,0.944;8.346,15.182,0.325;2.481,13.674,0.390;0.269,6.395,0.235;6.357,9.930,0.404;16.643,7.083,1.124;7.464,18.965,1.236;6.533,17.776,0.225;11.776,19.080,0.938;9.348,7.331,0.277;8.373,10.131,0.203;12.341,15.070,0.205;11.069,5.690,0.236;11.921,14.232,1.839;13.491,19.307,0.479;10.401,6.449,1.053;1.988,12.112,1.019;17.758,9.628,0.434;13.858,14.631,0.279;9.914,16.198,0.221;19.368,19.621,0.491;11.996,12.184,2.012;6.835,13.504,0.345;8.038,18.017,0.316;17.186,9.308,1.723;14.891,13.471,0.975;15.582,10.066,1.198;16.489,2.128,0.872;15.792,10.217,2.240;19.731,9.674,0.358;7.591,0.862,0.435;17.276,6.566,1.318;1.818,13.113,0.653;9.172,9.405,2.202"
2,drone_7,3.9158,15.9958,17.0000,17.0000,"11.294,19.317,0.853;19.345,3.146,1.273;16.496,7.884,0.381;1.339,18.247,0.980;6.751,3.208,0.290;1.597,18.936,0.411;5.831,17.363,0.235;10.558,12.892,0.463;5.832,1.461,0.332;10.097,12.441,2.241;0.777,19.005,1.302;15.005,8.135,1.610;13.972,15.962,0.453;11.698,18.458,0.926;16.503,5.622,0.344;10.412,18.974,0.493;19.686,11.361,0.474;18.400,7.706,0.375;13.032,7.521,0.823;18.860,0.691,1.239;10.229,1.031,1.331;10.965,11.910,2.376;10.187,18.001,1.100;8.320,8.335,0.725;11.194,17.132,0.296;17.570,0.380,0.262;10.399,4.179,0.808;18.600,2.136,0.370;15.873,19.527,0.287;18.372,4.933,1.770;14.507,4.573,0.426;13.090,6.513,1.993;7.437,10.328,0.944;8.346,15.182,0.325;2.481,13.674,0.390;0.269,6.395,0.235;6.357,9.930,0.404;16.643,7.083,1.124;7.464,18.965,1.236;6.533,17.776,0.225;11.776,19.080,0.938;9.348,7.331,0.277;8.373,10.131,0.203;12.341,15.070,0.205;11.069,5.690,0.236;11.921,14.232,1.839;13.491,19.307,0.479;10.401,6.449,1.053;1.988,12.112,1.019;17.758,9.628,0.434;13.858,14.631,0.279;9.914,16.198,0.221;19.368,19.621,0.491;11.996,12.184,2.012;6.835,13.504,0.345;8.038,18.017,0.316;17.186,9.308,1.723;14.891,13.471,0.975;15.582,10.066,1.198;16.489,2.128,0.872;15.792,10.217,2.240;19.731,9.674,0.358;7.591,0.862,0.435;17.276,6.566,1.318;1.818,13.113,0.653;9.172,9.405,2.202"
2,drone_8,14.1377,2.6568,17.0000,17.0000,"11.294,19.317,0.853;19.345,3.146,1.273;16.496,7.884,0.381;1.339,18.247,0.980;6.751,3.208,0.290;1.597,18.936,0.411;5.831,17.363,0.235;10.558,12.892,0.463;5.832,1.461,0.332;10.097,12.441,2.241;0.777,19.005,1.302;15.005,8.135,1.610;13.972,15.962,0.453;11.698,18.458,0.926;16.503,5.622,0.344;10.412,18.974,0.493;19.686,11.361,0.474;18.400,7.706,0.375;13.032,7.521,0.823;18.860,0.691,1.239;10.229,1.031,1.331;10.965,11.910,2.376;10.187,18.001,1.100;8.320,8.335,0.725;11.194,17.132,0.296;17.570,0.380,0.262;10.399,4.179,0.808;18.600,2.136,0.370;15.873,19.527,0.287;18.372,4.933,1.770;14.507,4.573,0.426;13.090,6.513,1.993;7.437,10.328,0.944;8.346,15.182,0.325;2.481,13.674,0.390;0.269,6.395,0.235;6.357,9.930,0.404;16.643,7.083,1.124;7.464,18.965,1.236;6.533,17.776,0.225;11.776,19.080,0.938;9.348,7.331,0.277;8.373,10.131,0.203;12.341,15.070,0.205;11.069,5.690,0.236;11.921,14.232,1.839;13.491,19.307,0.479;10.401,6.449,1.053;1.988,12.112,1.019;17.758,9.628,0.434;13.858,14.631,0.279;9.914,16.198,0.221;19.368,19.621,0.491;11.996,12.184,2.012;6.835,13.504,0.345;8.038,18.017,0.316;17.186,9.308,1.723;14.891,13.471,0.975;15.582,10.066,1.198;16.489,2.128,0.872;15.792,10.217,2.240;19.731,9.674,0.358;7.591,0.862,0.435;17.276,6.566,1.318;1.818,13.113,0.653;9.172,9.405,2.202"
2,drone_9,4.7718,18.7637,17.0000,17.0000,"11.294,19.317,0.853;19.345,3.146,1.273;16.496,7.884,0.381;1.339,18.247,0.980;6.751,3.208,0.290;1.597,18.936,0.411;5.831,17.363,0.235;10.558,12.892,0.463;5.832,1.461,0.332;10.097,12.441,2.241;0.777,19.005,1.302;15.005,8.135,1.610;13.972,15.962,0.453;11.698,18.458,0.926;16.503,5.622,0.344;10.412,18.974,0.493;19.686,11.361,0.474;18.400,7.706,0.375;13.032,7.521,0.823;18.860,0.691,1.239;10.229,1.031,1.331;10.965,11.910,2.376;10.187,18.001,1.100;8.320,8.335,0.725;11.194,17.132,0.296;17.570,0.380,0.262;10.399,4.179,0.808;18.600,2.136,0.370;15.873,19.527,0.287;18.372,4.933,1.770;14.507,4.573,0.426;13.090,6.513,1.993;7.437,10.328,0.944;8.346,15.182,0.325;2.481,13.674,0.390;0.269,6.395,0.235;6.357,9.930,0.404;16.643,7.083,1.124;7.464,18.965,1.236;6.533,17.776,0.225;11.776,19.080,0.938;9.348,7.331,0.277;8.373,10.131,0.203;12.341,15.070,0.205;11.069,5.690,0.236;11.921,14.232,1.839;13.491,19.307,0.479;10.401,6.449,1.053;1.988,12.112,1.019;17.758,9.628,0.434;13.858,14.631,0.279;9.914,16.198,0.221;19.368,19.621,0.491;11.996,12.184,2.012;6.835,13.504,0.345;8.038,18.017,0.316;17.186,9.308,1.723;14.891,13.471,0.975;15.582,10.066,1.198;16.489,2.128,0.872;15.792,10.217,2.240;19.731,9.674,0.358;7.591,0.862,0.435;17.276,6.566,1.318;1.818,13.113,0.653;9.172,9.405,2.202"
3,drone_0,4.2660,9.5068,17.0000,17.0000,"11.294,19.317,0.853;19.345,3.146,1.273;16.496,7.884,0.381;1.339,18.247,0.980;6.751,3.208,0.290;1.597,18.936,0.411;5.831,17.363,0.235;10.558,12.892,0.463;5.832,1.461,0.332;10.097,12.441,2.241;0.777,19.005,1.302;15.005,8.135,1.610;13.972,15.962,0.453;11.698,18.458,0.926;16.503,5.622,0.344;10.412,18.974,0.493;19.686,11.361,0.474;18.400,7.706,0.375;13.032,7.521,0.823;18.860,0.691,1.239;10.229,1.031,1.331;10.965,11.910,2.376;10.187,18.001,1.100;8.320,8.335,0.725;11.194,17.132,0.296;17.570,0.380,0.262;10.399,4.179,0.808;18.600,2.136,0.370;15.873,19.527,0.287;18.372,4.933,1.770;14.507,4.573,0.426;13.090,6.513,1.993;7.437,10.328,0.944;8.346,15.182,0.325;2.481,13.674,0.390;0.269,6.395,0.235;6.357,9.930,0.404;16.643,7.083,1.124;7.464,18.965,1.236;6.533,17.776,0.225;11.776,19.080,0.938;9.348,7.331,0.277;8.373,10.131,0.203;12.341,15.070,0.205;11.069,5.690,0.236;11.921,14.232,1.839;13.491,19.307,0.479;10.401,6.449,1.053;1.988,12.112,1.019;17.758,9.628,0.434;13.858,14.631,0.279;9.914,16.198,0.221;19.368,19.621,0.491;11.996,12.184,2.012;6.835,13.504,0.345;8.038,18.017,0.316;17.186,9.308,1.723;14.891,13.471,0.975;15.582,10.066,1.198;16.489,2.128,0.872;15.792,10.217,2.240;19.731,9.674,0.358;7.591,0.862,0.435;17.276,6.566,1.318;1.818,13.113,0.653;9.172,9.405,2.202"
3,drone_1,2.8171,2.3543,17.0000,17.0000,"11.294,19.317,0.853;19.345,3.146,1.273;16.496,7.884,0.381;1.339,18.247,0.980;6.751,3.208,0.290;1.597,18.936,0.411;5.831,17.363,0.235;10.558,12.892,0.463;5.832,1.461,0.332;10.097,12.441,2.241;0.777,19.005,1.302;15.005,8.135,1.610;13.972,15.962,0.453;11.698,18.458,0.926;16.503,5.622,0.344;10.412,18.974,0.493;19.686,11.361,0.474;18.400,7.706,0.375;13.032,7.521,0.823;18.860,0.691,1.239;10.229,1.031,1.331;10.965,11.910,2.376;10.187,18.001,1.100;8.320,8.335,0.725;11.194,17.132,0.296;17.570,0.380,0.262;10.399,4.179,0.808;18.600,2.136,0.370;15.873,19.527,0.287;18.372,4.933,1.770;14.507,4.573,0.426;13.090,6.513,1.993;7.437,10.328,0.944;8.346,15.182,0.325;2.481,13.674,0.390;0.269,6.395,0.235;6.357,9.930,0.404;16.643,7.083,1.124;7.464,18.965,1.236;6.533,17.776,0.225;11.776,19.080,0.938;9.348,7.331,0.277;8.373,10.131,0.203;12.341,15.070,0.205;11.069,5.690,0.236;11.921,14.232,1.839;13.491,19.307,0.479;10.401,6.449,1.053;1.988,12.112,1.019;17.758,9.628,0.434;13.858,14.631,0.279;9.914,16.198,0.221;19.368,19.621,0.491;11.996,12.184,2.012;6.835,13.504,0.345;8.038,18.017,0.316;17.186,9.308,1.723;14.891,13.471,0.975;15.582,10.066,1.198;16.489,2.128,0.872;15.792,10.217,2.240;19.731,9.674,0.358;7.591,0.862,0.435;17.276,6.566,1.318;1.818,13.113,0.653;9.172,9.405,2.202"
3,drone_2,7.8422,5.5201,17.0000,17.0000,"11.294,19.317,0.853;19.345,3.146,1.273;16.496,7.884,0.381;1.339,18.247,0.980;6.751,3.208,0.290;1.597,18.936,0.411;5.831,17.363,0.235;10.558,12.892,0.463;5.832,1.461,0.332;10.097,12.441,2.241;0.777,19.005,1.302;15.005,8.135,1.610;13.972,15.962,0.453;11.698,18.458,0.926;16.503,5.622,0.344;10.412,18.974,0.493;19.686,11.361,0.474;18.400,7.706,0.375;13.032,7.521,0.823;18.860,0.691,1.239;10.229,1.031,1.331;10.965,11.910,2.376;10.187,18.001,1.100;8.320,8.335,0.725;11.194,17.132,0.296;17.570,0.380,0.262;10.399,4.179,0.808;18.600,2.136,0.370;15.873,19.527,0.287;18.372,4.933,1.770;14.507,4.573,0.426;13.090,6.513,1.993;7.437,10.328,0.944;8.346,15.182,0.325;2.481,13.674,0.390;0.269,6.395,0.235;6.357,9.930,0.404;16.643,7.083,1.124;7.464,18.965,1.236;6.533,17.776,0.225;11.776,19.080,0.938;9.348,7.331,0.277;8.373,10.131,0.203;12.341,15.070,0.205;11.069,5.690,0.236;11.921,14.232,1.839;13.491,19.307,0.479;10.401,6.449,1.053;1.988,12.112,1.019;17.758,9.628,0.434;13.858,14.631,0.279;9.914,16.198,0.221;19.368,19.621,0.491;11.996,12.184,2.012;6.835,13.504,0.345;8.038,18.017,0.316;17.186,9.308,1.723;14.891,13.471,0.975;15.582,10.066,1.198;16.489,2.128,0.872;15.792,10.217,2.240;19.731,9.674,0.358;7.591,0.862,0.435;17.276,6.566,1.318;1.818,13.113,0.653;9.172,9.405,2.202"
3,drone_3,6.4490,15.7545,17.0000,17.0000,"11.294,19.317,0.853;19.345,3.146,1.273;16.496,7.884,0.381;1.339,18.247,0.980;6.751,3.208,0.290;1.597,18.936,0.411;5.831,17.363,0.235;10.558,12.892,0.463;5.832,1.461,0.332;10.097,12.441,2.241;0.777,19.005,1.302;15.005,8.135,1.610;13.972,15.962,0.453;11.698,18.458,0.926;16.503,5.622,0.344;10.412,18.974,0.493;19.686,11.361,0.474;18.400,7.706,0.375;13.032,7.521,0.823;18.860,0.691,1.239;10.229,1.031,1.331;10.965,11.910,2.376;10.187,18.001,1.100;8.320,8.335,0.725;11.194,17.132,0.296;17.570,0.380,0.262;10.399,4.179,0.808;18.600,2.136,0.370;15.873,19.527,0.287;18.372,4.933,1.770;14.507,4.573,0.426;13.090,6.513,1.993;7.437,10.328,0.944;8.346,15.182,0.325;2.481,13.674,0.390;0.269,6.395,0.235;6.357,9.930,0.404;16.643,7.083,1.124;7.464,18.965,1.236;6.533,17.776,0.225;11.776,19.080,0.938;9.348,7.331,0.277;8.373,10.131,0.203;12.341,15.070,0.205;11.069,5.690,0.236;11.921,14.232,1.839;13.491,19.307,0.479;10.401,6.449,1.053;1.988,12.112,1.019;17.758,9.628,0.434;13.858,14.631,0.279;9.914,16.198,0.221;19.368,19.621,0.491;11.996,12.184,2.012;6.835,13.504,0.345;8.038,18.017,0.316;17.186,9.308,1.723;14.891,13.471,0.975;15.582,10.066,1.198;16.489,2.128,0.872;15.792,10.217,2.240;19.731,9.674,0.358;7.591,0.862,0.435;17.276,6.566,1.318;1.818,13.113,0.653;9.172,9.405,2.202"
3,drone_4,5.7664,7.1076,17.0000,17.0000,"11.294,19.317,0.853;19.345,3.146,1.273;16.496,7.884,0.381;1.339,18.247,0.980;6.751,3.208,0.290;1.597,18.936,0.411;5.831,17.363,0.235;10.558,12.892,0.463;5.832,1.461,0.332;10.097,12.441,2.241;0.777,19.005,1.302;15.005,8.135,1.610;13.972,15.962,0.453;11.698,18.458,0.926;16.503,5.622,0.344;10.412,18.974,0.493;19.686,11.361,0.474;18.400,7.706,0.375;13.032,7.521,0.823;18.860,0.691,1.239;10.229,1.031,1.331;10.965,11.910,2.376;10.187,18.001,1.100;8.320,8.335,0.725;11.194,17.132,0.296;17.570,0.380,0.262;10.399,4.179,0.808;18.600,2.136,0.370;15.873,19.527,0.287;18.372,4.933,1.770;14.507,4.573,0.426;13.090,6.513,1.993;7.437,10.328,0.944;8.346,15.182,0.325;2.481,13.674,0.390;0.269,6.395,0.235;6.357,9.930,0.404;16.643,7.083,1.124;7.464,18.965,1.236;6.533,17.776,0.225;11.776,19.080,0.938;9.348,7.331,0.277;8.373,10.131,0.203;12.341,15.070,0.205;11.069,5.690,0.236;11.921,14.232,1.839;13.491,19.307,0.479;10.401,6.449,1.053;1.988,12.112,1.019;17.758,9.628,0.434;13.858,14.631,0.279;9.914,16.198,0.221;19.368,19.621,0.491;11.996,12.184,2.012;6.835,13.504,0.345;8.038,18.017,0.316;17.186,9.308,1.723;14.891,13.471,0.975;15.582,10.066,1.198;16.489,2.128,0.872;15.792,10.217,2.240;19.731,9.674,0.358;7.591,0.862,0.435;17.276,6.566,1.318;1.818,13.113,0.653;9.172,9.405,2.202"
3,drone_5,2.8232,5.6412,17.0000,17.0000,"11.294,19.317,0.853;19.345,3.146,1.273;16.496,7.884,0.381;1.339,18.247,0.980;6.751,3.208,0.290;1.597,18.936,0.411;5.831,17.363,0.235;10.558,12.892,0.463;5.832,1.461,0.332;10.097,12.441,2.241;0.777,19.005,1.302;15.005,8.135,1.610;13.972,15.962,0.453;11.698,18.458,0.926;16.503,5.622,0.344;10.412,18.974,0.493;19.686,11.361,0.474;18.400,7.706,0.375;13.032,7.521,0.823;18.860,0.691,1.239;10.229,1.031,1.331;10.965,11.910,2.376;10.187,18.001,1.100;8.320,8.335,0.725;11.194,17.132,0.296;17.570,0.380,0.262;10.399,4.179,0.808;18.600,2.136,0.370;15.873,19.527,0.287;18.372,4.933,1.770;14.507,4.573,0.426;13.090,6.513,1.993;7.437,10.328,0.944;8.346,15.182,0.325;2.481,13.674,0.390;0.269,6.395,0.235;6.357,9.930,0.404;16.643,7.083,1.124;7.464,18.965,1.236;6.533,17.776,0.225;11.776,19.080,0.938;9.348,7.331,0.277;8.373,10.131,0.203;12.341,15.070,0.205;11.069,5.690,0.236;11.921,14.232,1.839;13.491,19.307,0.479;10.401,6.449,1.053;1.988,12.112,1.019;17.758,9.628,0.434;13.858,14.631,0.279;9.914,16.198,0.221;19.368,19.621,0.491;11.996,12.184,2.012;6.835,13.504,0.345;8.038,18.017,0.316;17.186,9.308,1.723;14.891,13.471,0.975;15.582,10.066,1.198;16.489,2.128,0.872;15.792,10.217,2.240;19.731,9.674,0.358;7.591,0.862,0.435;17.276,6.566,1.318;1.818,13.113,0.653;9.172,9.405,2.202"
3,drone_6,4.9832,12.2371,17.0000,17.0000,"11.294,19.317,0.853;19.345,3.146,1.273;16.496,7.884,0.381;1.339,18.247,0.980;6.751,3.208,0.290;1.597,18.936,0.411;5.831,17.363,0.235;10.558,12.892,0.463;5.832,1.461,0.332;10.097,12.441,2.241;0.777,19.005,1.302;15.005,8.135,1.610;13.972,15.962,0.453;11.698,18.458,0.926;16.503,5.622,0.344;10.412,18.974,0.493;19.686,11.361,0.474;18.400,7.706,0.375;13.032,7.521,0.823;18.860,0.691,1.239;10.229,1.031,1.331;10.965,11.910,2.376;10.187,18.001,1.100;8.320,8.335,0.725;11.194,17.132,0.296;17.570,0.380,0.262;10.399,4.179,0.808;18.600,2.136,0.370;15.873,19.527,0.287;18.372,4.933,1.770;14.507,4.573,0.426;13.090,6.513,1.993;7.437,10.328,0.944;8.346,15.182,0.325;2.481,13.674,0.390;0.269,6.395,0.235;6.357,9.930,0.404;16.643,7.083,1.124;7.464,18.965,1.236;6.533,17.776,0.225;11.776,19.080,0.938;9.348,7.331,0.277;8.373,10.131,0.203;12.341,15.070,0.205;11.069,5.690,0.236;11.921,14.232,1.839;13.491,19.307,0.479;10.401,6.449,1.053;1.988,12.112,1.019;17.758,9.628,0.434;13.858,14.631,0.279;9.914,16.198,0.221;19.368,19.621,0.491;11.996,12.184,2.012;6.835,13.504,0.345;8.038,18.017,0.316;17.186,9.308,1.723;14.891,13.471,0.975;15.582,10.066,1.198;16.489,2.128,0.872;15.792,10.217,2.240;19.731,9.674,0.358;7.591,0.862,0.435;17.276,6.566,1.318;1.818,13.113,0.653;9.172,9.405,2.202"
3,drone_7,4.0801,16.1099,17.0000,17.0000,"11.294,19.317,0.853;19.345,3.146,1.273;16.496,7.884,0.381;1.339,18.247,0.980;6.751,3.208,0.290;1.597,18.936,0.411;5.831,17.363,0.235;10.558,12.892,0.463;5.832,1.461,0.332;10.097,12.441,2.241;0.777,19.005,1.302;15.005,8.135,1.610;13.972,15.962,0.453;11.698,18.458,0.926;16.503,5.622,0.344;10.412,18.974,0.493;19.686,11.361,0.474;18.400,7.706,0.375;13.032,7.521,0.823;18.860,0.691,1.239;10.229,1.031,1.331;10.965,11.910,2.376;10.187,18.001,1.100;8.320,8.335,0.725;11.194,17.132,0.296;17.570,0.380,0.262;10.399,4.179,0.808;18.600,2.136,0.370;15.873,19.527,0.287;18.372,4.933,1.770;14.507,4.573,0.426;13.090,6.513,1.993;7.437,10.328,0.944;8.346,15.182,0.325;2.481,13.674,0.390;0.269,6.395,0.235;6.357,9.930,0.404;16.643,7.083,1.124;7.464,18.965,1.236;6.533,17.776,0.225;11.776,19.080,0.938;9.348,7.331,0.277;8.373,10.131,0.203;12.341,15.070,0.205;11.069,5.690,0.236;11.921,14.232,1.839;13.491,19.307,0.479;10.401,6.449,1.053;1.988,12.112,1.019;17.758,9.628,0.434;13.858,14.631,0.279;9.914,16.198,0.221;19.368,19.621,0.491;11.996,12.184,2.012;6.835,13.504,0.345;8.038,18.017,0.316;17.186,9.308,1.723;14.891,13.471,0.975;15.582,10.066,1.198;16.489,2.128,0.872;15.792,10.217,2.240;19.731,9.674,0.358;7.591,0.862,0.435;17.276,6.566,1.318;1.818,13.113,0.653;9.172,9.405,2.202"
3,drone_8,14.2957,2.7794,17.0000,17.0000,"11.294,19.317,0.853;19.345,3.146,1.273;16.496,7.884,0.381;1.339,18.247,0.980;6.751,3.208,0.290;1.597,18.936,0.411;5.831,17.363,0.235;10.558,12.892,0.463;5.832,1.461,0.332;10.097,12.441,2.241;0.777,19.005,1.302;15.005,8.135,1.610;13.972,15.962,0.453;11.698,18.458,0.926;16.503,5.622,0.344;10.412,18.974,0.493;19.686,11.361,0.474;18.400,7.706,0.375;13.032,7.521,0.823;18.860,0.691,1.239;10.229,1.031,1.331;10.965,11.910,2.376;10.187,18.001,1.100;8.320,8.335,0.725;11.194,17.132,0.296;17.570,0.380,0.262;10.399,4.179,0.808;18.600,2.136,0.370;15.873,19.527,0.287;18.372,4.933,1.770;14.507,4.573,0.426;13.090,6.513,1.993;7.437,10.328,0.944;8.346,15.182,0.325;2.481,13.674,0.390;0.269,6.395,0.235;6.357,9.930,0.404;16.643,7.083,1.124;7.464,18.965,1.236;6.533,17.776,0.225;11.776,19.080,0.938;9.348,7.331,0.277;8.373,10.131,0.203;12.341,15.070,0.205;11.069,5.690,0.236;11.921,14.232,1.839;13.491,19.307,0.479;10.401,6.449,1.053;1.988,12.112,1.019;17.758,9.628,0.434;13.858,14.631,0.279;9.914,16.198,0.221;19.368,19.621,0.491;11.996,12.184,2.012;6.835,13.504,0.345;8.038,18.017,0.316;17.186,9.308,1.723;14.891,13.471,0.975;15.582,10.066,1.198;16.489,2.128,0.872;15.792,10.217,2.240;19.731,9.674,0.358;7.591,0.862,0.435;17.276,6.566,1.318;1.818,13.113,0.653;9.172,9.405,2.202"
3,drone_9,4.9717,18.7692,17.0000,17.0000,"11.294,19.317,0.853;19.345,3.146,1.273;16.496,7.884,0.381;1.339,18.247,0.980;6.751,3.208,0.290;1.597,18.936,0.411;5.831,17.363,0.235;10.558,12.892,0.463;5.832,1.461,0.332;10.097,12.441,2.241;0.777,19.005,1.302;15.005,8.135,1.610;13.972,15.962,0.453;11.698,18.458,0.926;16.503,5.622,0.344;10.412,18.974,0.493;19.686,11.361,0.474;18.400,7.706,0.375;13.032,7.521,0.823;18.860,0.691,1.239;10.229,1.031,1.331;10.965,11.910,2.376;10.187,18.001,1.100;8.320,8.335,0.725;11.194,17.132,0.296;17.570,0.380,0.262;10.399,4.179,0.808;18.600,2.136,0.370;15.873,19.527,0.287;18.372,4.933,1.770;14.507,4.573,0.426;13.090,6.513,1.993;7.437,10.328,0.944;8.346,15.182,0.325;2.481,13.674,0.390;0.269,6.395,0.235;6.357,9.930,0.404;16.643,7.083,1.124;7.464,18.965,1.236;6.533,17.776,0.225;11.776,19.080,0.938;9.348,7.331,0.277;8.373,10.131,0.203;12.341,15.070,0.205;11.069,5.690,0.236;11.921,14.232,1.839;13.491,19.307,0.479;10.401,6.449,1.053;1.988,12.112,1.019;17.758,9.628,0.434;13.858,14.631,0.279;9.914,16.198,0.221;19.368,19.621,0.491;11.996,12.184,2.012;6.835,13.504,0.345;8.038,18.017,0.316;17.186,9.308,1.723;14.891,13.471,0.975;15.582,10.066,1.198;16.489,2.128,0.872;15.792,10.217,2.240;19.731,9.674,0.358;7.591,0.862,0.435;17.276,6.566,1.318;1.818,13.113,0.653;9.172,9.405,2.202"
4,drone_0,4.4589,9.5593,17.0000,17.0000,"11.294,19.317,0.853;19.345,3.146,1.273;16.496,7.884,0.381;1.339,18.247,0.980;6.751,3.208,0.290;1.597,18.936,0.411;5.831,17.363,0.235;10.558,12.892,0.463;5.832,1.461,0.332;10.097,12.441,2.241;0.777,19.005,1.302;15.005,8.135,1.610;13.972,15.962,0.453;11.698,18.458,0.926;16.503,5.622,0.344;10.412,18.974,0.493;19.686,11.361,0.474;18.400,7.706,0.375;13.032,7.521,0.823;18.860,0.691,1.239;10.229,1.031,1.331;10.965,11.910,2.376;10.187,18.001,1.100;8.320,8.335,0.725;11.194,17.132,0.296;17.570,0.380,0.262;10.399,4.179,0.808;18.600,2.136,0.370;15.873,19.527,0.287;18.372,4.933,1.770;14.507,4.573,0.426;13.090,6.513,1.993;7.437,10.328,0.944;8.346,15.182,0.325;2.481,13.674,0.390;0.269,6.395,0.235;6.357,9.930,0.404;16.643,7.083,1.124;7.464,18.965,1.236;6.533,17.776,0.225;11.776,19.080,0.938;9.348,7.331,0.277;8.373,10.131,0.203;12.341,15.070,0.205;11.069,5.690,0.236;11.921,14.232,1.839;13.491,19.307,0.479;10.401,6.449,1.053;1.988,12.112,1.019;17.758,9.628,0.434;13.858,14.631,0.279;9.914,16.198,0.221;19.368,19.621,0.491;11.996,12.184,2.012;6.835,13.504,0.345;8.038,18.017,0.316;17.186,9.308,1.723;14.891,13.471,0.975;15.582,10.066,1.198;16.489,2.128,0.872;15.792,10.217,2.240;19.731,9.674,0.358;7.591,0.862,0.435;17.276,6.566,1.318;1.818,13.113,0.653;9.172,9.405,2.202"
4,drone_1,2.7469,2.5416,17.0000,17.0000,"11.294,19.317,0.853;19.345,3.146,1.273;16.496,7.884,0.381;1.339,18.247,0.980;6.751,3.208,0.290;1.597,18.936,0.411;5.831,17.363,0.235;10.558,12.892,0.463;5.832,1.461,0.332;10.097,12.441,2.241;0.777,19.005,1.302;15.005,8.135,1.610;13.972,15.962,0.453;11.698,18.458,0.926;16.503,5.622,0.344;10.412,18.974,0.493;19.686,11.361,0.474;18.400,7.706,0.375;13.032,7.521,0.823;18.860,0.691,1.239;10.229,1.031,1.331;10.965,11.910,2.376;10.187,18.001,1.100;8.320,8.335,0.725;11.194,17.132,0.296;17.570,0.380,0.262;10.399,4.179,0.808;18.600,2.136,0.370;15.873,19.527,0.287;18.372,4.933,1.770;14.507,4.573,0.426;13.090,6.513,1.993;7.437,10.328,0.944;8.346,15.182,0.325;2.481,13.674,0.390;0.269,6.395,0.235;6.357,9.930,0.404;16.643,7.083,1.124;7.464,18.965,1.236;6.533,17.776,0.225;11.776,19.080,0.938;9.348,7.331,0.277;8.373,10.131,0.203;12.341,15.070,0.205;11.069,5.690,0.236;11.921,14.232,1.839;13.491,19.307,0.479;10.401,6.449,1.053;1.988,12.112,1.019;17.758,9.628,0.434;13.858,14.631,0.279;9.914,16.198,0.221;19.368,19.621,0.491;11.996,12.184,2.012;6.835,13.504,0.345;8.038,18.017,0.316;17.186,9.308,1.723;14.891,13.471,0.975;15.582,10.066,1.198;16.489,2.128,0.872;15.792,10.217,2.240;19.731,9.674,0.358;7.591,0.862,0.435;17.276,6.566,1.318;1.818,13.113,0.653;9.172,9.405,2.202"
4,drone_2,7.9286,5.6926,17.0000,17.0000,"11.294,19.317,0.853;19.345,3.146,1.273;16.496,7.884,0.381;1.339,18.247,0.980;6.751,3.208,0.290;1.597,18.936,0.411;5.831,17.363,0.235;10.558,12.892,0.463;5.832,1.461,0.332;10.097,12.441,2.241;0.777,19.005,1.302;15.005,8.135,1.610;13.972,15.962,0.453;11.698,18.458,0.926;16.503,5.622,0.344;10.412,18.974,0.493;19.686,11.361,0.474;18.400,7.706,0.375;13.032,7.521,0.823;18.860,0.691,1.239;10.229,1.031,1.331;10.965,11.910,2.376;10.187,18.001,1.100;8.320,8.335,0.725;11.194,17.132,0.296;17.570,0.380,0.262;10.399,4.179,0.808;18.600,2.136,0.370;15.873,19.527,0.287;18.372,4.933,1.770;14.507,4.573,0.426;13.090,6.513,1.993;7.437,10.328,0.944;8.346,15.182,0.325;2.481,13.674,0.390;0.269,6.395,0.235;6.357,9.930,0.404;16.643,7.083,1.124;7.464,18.965,1.236;6.533,17.776,0.225;11.776,19.080,0.938;9.348,7.331,0.277;8.373,10.131,0.203;12.341,15.070,0.205;11.069,5.690,0.236;11.921,14.232,1.839;13.491,19.307,0.479;10.401,6.449,1.053;1.988,12.112,1.019;17.758,9.628,0.434;13.858,14.631,0.279;9.914,16.198,0.221;19.368,19.621,0.491;11.996,12.184,2.012;6.835,13.504,0.345;8.038,18.017,0.316;17.186,9.308,1.723;14.891,13.471,0.975;15.582,10.066,1.198;16.489,2.128,0.872;15.792,10.217,2.240;19.731,9.674,0.358;7.591,0.862,0.435;17.276,6.566,1.318;1.818,13.113,0.653;9.172,9.405,2.202"
4,drone_3,6.6064,15.8779,17.0000,17.0000,"11.294,19.317,0.853;19.345,3.146,1.273;16.496,7.884,0.381;1.339,18.247,0.980;6.751,3.208,0.290;1.597,18.936,0.411;5.831,17.363,0.235;10.558,12.892,0.463;5.832,1.461,0.332;10.097,12.441,2.241;0.777,19.005,1.302;15.005,8.135,1.610;13.972,15.962,0.453;11.698,18.458,0.926;16.503,5.622,0.344;10.412,18.974,0.493;19.686,11.361,0.474;18.400,7.706,0.375;13.032,7.521,0.823;18.860,0.691,1.239;10.229,1.031,1.331;10.965,11.910,2.376;10.187,18.001,1.100;8.320,8.335,0.725;11.194,17.132,0.296;17.570,0.380,0.262;10.399,4.179,0.808;18.600,2.136,0.370;15.873,19.527,0.287;18.372,4.933,1.770;14.507,4.573,0.426;13.090,6.513,1.993;7.437,10.328,0.944;8.346,15.182,0.325;2.481,13.674,0.390;0.269,6.395,0.235;6.357,9.930,0.404;16.643,7.083,1.124;7.464,18.965,1.236;6.533,17.776,0.225;11.776,19.080,0.938;9.348,7.331,0.277;8.373,10.131,0.203;12.341,15.070,0.205;11.069,5.690,0.236;11.921,14.232,1.839;13.491,19.307,0.479;10.401,6.449,1.053;1.988,12.112,1.019;17.758,9.628,0.434;13.858,14.631,0.279;9.914,16.198,0.221;19.368,19.621,0.491;11.996,12.184,2.012;6.835,13.504,0.345;8.038,18.017,0.316;17.186,9.308,1.723;14.891,13.471,0.975;15.582,10.066,1.198;16.489,2.128,0.872;15.792,10.217,2.240;19.731,9.674,0.358;7.591,0.862,0.435;17.276,6.566,1.318;1.818,13.113,0.653;9.172,9.405,2.202"
4,drone_4,5.9659,7.0925,17.0000,17.0000,"11.294,19.317,0.853;19.345,3.146,1.273;16.496,7.884,0.381;1.339,18.247,0.980;6.751,3.208,0.290;1.597,18.936,0.411;5.831,17.363,0.235;10.558,12.892,0.463;5.832,1.461,0.332;10.097,12.441,2.241;0.777,19.005,1.302;15.005,8.135,1.610;13.972,15.962,0.453;11.698,18.458,0.926;16.503,5.622,0.344;10.412,18.974,0.493;19.686,11.361,0.474;18.400,7.706,0.375;13.032,7.521,0.823;18.860,0.691,1.239;10.229,1.031,1.331;10.965,11.910,2.376;10.187,18.001,1.100;8.320,8.335,0.725;11.194,17.132,0.296;17.570,0.380,0.262;10.399,4.179,0.808;18.600,2.136,0.370;15.873,19.527,0.287;18.372,4.933,1.770;14.507,4.573,0.426;13.090,6.513,1.993;7.437,10.328,0.944;8.346,15.182,0.325;2.481,13.674,0.390;0.269,6.395,0.235;6.357,9.930,0.404;16.643,7.083,1.124;7.464,18.965,1.236;6.533,17.776,0.225;11.776,19.080,0.938;9.348,7.331,0.277;8.373,10.131,0.203;12.341,15.070,0.205;11.069,5.690,0.236;11.921,14.232,1.839;13.491,19.307,0.479;10.401,6.449,1.053;1.988,12.112,1.019;17.758,9.628,0.434;13.858,14.631,0.279;9.914,16.198,0.221;19.368,19.621,0.491;11.996,12.184,2.012;6.835,13.504,0.345;8.038,18.017,0.316;17.186,9.308,1.723;14.891,13.471,0.975;15.582,10.066,1.198;16.489,2.128,0.872;15.792,10.217,2.240;19.731,9.674,0.358;7.591,0.862,0.435;17.276,6.566,1.318;1.818,13.113,0.653;9.172,9.405,2.202"
4,drone_5,3.0220,5.6197,17.0000,17.0000,"11.294,19.317,0.853;19.345,3.146,1.273;16.496,7.884,0.381;1.339,18.247,0.980;6.751,3.208,0.290;1.597,18.936,0.411;5.831,17.363,0.235;10.558,12.892,0.463;5.832,1.461,0.332;10.097,12.441,2.241;0.777,19.005,1.302;15.005,8.135,1.610;13.972,15.962,0.453;11.698,18.458,0.926;16.503,5.622,0.344;10.412,18.974,0.493;19.686,11.361,0.474;18.400,7.706,0.375;13.032,7.521,0.823;18.860,0.691,1.239;10.229,1.031,1.331;10.965,11.910,2.376;10.187,18.001,1.100;8.320,8.335,0.725;11.194,17.132,0.296;17.570,0.380,0.262;10.399,4.179,0.808;18.600,2.136,0.370;15.873,19.527,0.287;18.372,4.933,1.770;14.507,4.573,0.426;13.090,6.513,1.993;7.437,10.328,0.944;8.346,15.182,0.325;2.481,13.674,0.390;0.269,6.395,0.235;6.357,9.930,0.404;16.643,7.083,1.124;7.464,18.965,1.236;6.533,17.776,0.225;11.776,19.080,0.938;9.348,7.331,0.277;8.373,10.131,0.203;12.341,15.070,0.205;11.069,5.690,0.236;11.921,14.232,1.839;13.491,19.307,0.479;10.401,6.449,1.053;1.988,12.112,1.019;17.758,9.628,0.434;13.858,14.631,0.279;9.914,16.198,0.221;19.368,19.621,0.491;11.996,12.184,2.012;6.835,13.504,0.345;8.038,18.017,0.316;17.186,9.308,1.723;14.891,13.471,0.975;15.582,10.066,1.198;16.489,2.128,0.872;15.792,10.217,2.240;19.731,9.674,0.358;7.591,0.862,0.435;17.276,6.566,1.318;1.818,13.113,0.653;9.172,9.405,2.202"
4,drone_6,5.1298,12.3731,17.0000,17.0000,"11.294,19.317,0.853;19.345,3.146,1.273;16.496,7.884,0.381;1.339,18.247,0.980;6.751,3.208,0.290;1.597,18.936,0.411;5.831,17.363,0.235;10.558,12.892,0.463;5.832,1.461,0.332;10.097,12.441,2.241;0.777,19.005,1.302;15.005,8.135,1.610;13.972,15.962,0.453;11.698,18.458,0.926;16.503,5.622,0.344;10.412,18.974,0.493;19.686,11.361,0.474;18.400,7.706,0.375;13.032,7.521,0.823;18.860,0.691,1.239;10.229,1.031,1.331;10.965,11.910,2.376;10.187,18.001,1.100;8.320,8.335,0.725;11.194,17.132,0.296;17.570,0.380,0.262;10.399,4.179,0.808;18.600,2.136,0.370;15.873,19.527,0.287;18.372,4.933,1.770;14.507,4.573,0.426;13.090,6.513,1.993;7.437,10.328,0.944;8.346,15.182,0.325;2.481,13.674,0.390;0.269,6.395,0.235;6.357,9.930,0.404;16.643,7.083,1.124;7.464,18.965,1.236;6.533,17.776,0.225;11.776,19.080,0.938;9.348,7.331,0.277;8.373,10.131,0.203;12.341,15.070,0.205;11.069,5.690,0.236;11.921,14.232,1.839;13.491,19.307,0.479;10.401,6.449,1.053;1.988,12.112,1.019;17.758,9.628,0.434;13.858,14.631,0.279;9.914,16.198,0.221;19.368,19.621,0.491;11.996,12.184,2.012;6.835,13.504,0.345;8.038,18.017,0.316;17.186,9.308,1.723;14.891,13.471,0.975;15.582,10.066,1.198;16.489,2.128,0.872;15.792,10.217,2.240;19.731,9.674,0.358;7.591,0.862,0.435;17.276,6.566,1.318;1.818,13.113,0.653;9.172,9.405,2.202"
4,drone_7,4.2377,16.2331,17.0000,17.0000,"11.294,19.317,0.853;19.345,3.146,1.273;16.496,7.884,0.381;1.339,18.247,0.980;6.751,3.208,0.290;1.597,18.936,0.411;5.831,17.363,0.235;10.558,12.892,0.463;5.832,1.461,0.332;10.097,12.441,2.241;0.777,19.005,1.302;15.005,8.135,1.610;13.972,15.962,0.453;11.698,18.458,0.926;16.503,5.622,0.344;10.412,18.974,0.493;19.686,11.361,0.474;18.400,7.706,0.375;13.032,7.521,0.823;18.860,0.691,1.239;10.229,1.031,1.331;10.965,11.910,2.376;10.187,18.001,1.100;8.320,8.335,0.725;11.194,17.132,0.296;17.570,0.380,0.262;10.399,4.179,0.808;18.600,2.136,0.370;15.873,19.527,0.287;18.372,4.933,1.770;14.507,4.573,0.426;13.090,6.513,1.993;7.437,10.328,0.944;8.346,15.182,0.325;2.481,13.674,0.390;0.269,6.395,0.235;6.357,9.930,0.404;16.643,7.083,1.124;7.464,18.965,1.236;6.533,17.776,0.225;11.776,19.080,0.938;9.348,7.331,0.277;8.373,10.131,0.203;12.341,15.070,0.205;11.069,5.690,0.236;11.921,14.232,1.839;13.491,19.307,0.479;10.401,6.449,1.053;1.988,12.112,1.019;17.758,9.628,0.434;13.858,14.631,0.279;9.914,16.198,0.221;19.368,19.621,0.491;11.996,12.184,2.012;6.835,13.504,0.345;8.038,18.017,0.316;17.186,9.308,1.723;14.891,13.471,0.975;15.582,10.066,1.198;16.489,2.128,0.872;15.792,10.217,2.240;19.731,9.674,0.358;7.591,0.862,0.435;17.276,6.566,1.318;1.818,13.113,0.653;9.172,9.405,2.202"
4,drone_8,14.4586,2.8955,17.0000,17.0000,"11.294,19.317,0.853;19.345,3.146,1.273;16.496,7.884,0.381;1.339,18.247,0.980;6.751,3.208,0.290;1.597,18.936,0.411;5.831,17.363,0.235;10.558,12.892,0.463;5.832,1.461,0.332;10.097,12.441,2.241;0.777,19.005,1.302;15.005,8.135,1.610;13.972,15.962,0.453;11.698,18.458,0.926;16.503,5.622,0.344;10.412,18.974,0.493;19.686,11.361,0.474;18.400,7.706,0.375;13.032,7.521,0.823;18.860,0.691,1.239;10.229,1.031,1.331;10.965,11.910,2.376;10.187,18.001,1.100;8.320,8.335,0.725;11.194,17.132,0.296;17.570,0.380,0.262;10.399,4.179,0.808;18.600,2.136,0.370;15.873,19.527,0.287;18.372,4.933,1.770;14.507,4.573,0.426;13.090,6.513,1.993;7.437,10.328,0.944;8.346,15.182,0.325;2.481,13.674,0.390;0.269,6.395,0.235;6.357,9.930,0.404;16.643,7.083,1.124;7.464,18.965,1.236;6.533,17.776,0.225;11.776,19.080,0.938;9.348,7.331,0.277;8.373,10.131,0.203;12.341,15.070,0.205;11.069,5.690,0.236;11.921,14.232,1.839;13.491,19.307,0.479;10.401,6.449,1.053;1.988,12.112,1.019;17.758,9.628,0.434;13.858,14.631,0.279;9.914,16.198,0.221;19.368,19.621,0.491;11.996,12.184,2.012;6.835,13.504,0.345;8.038,18.017,0.316;17.186,9.308,1.723;14.891,13.471,0.975;15.582,10.066,1.198;16.489,2.128,0.872;15.792,10.217,2.240;19.731,9.674,0.358;7.591,0.862,0.435;17.276,6.566,1.318;1.818,13.113,0.653;9.172,9.405,2.202"
4,drone_9,5.1712,18.7835,17.0000,17.0000,"11.294,19.317,0.853;19.345,3.146,1.273;16.496,7.884,0.381;1.339,18.247,0.980;6.751,3.208,0.290;1.597,18.936,0.411;5.831,17.363,0.235;10.558,12.892,0.463;5.832,1.461,0.332;10.097,12.441,2.241;0.777,19.005,1.302;15.005,8.135,1.610;13.972,15.962,0.453;11.698,18.458,0.926;16.503,5.622,0.344;10.412,18.974,0.493;19.686,11.361,0.474;18.400,7.706,0.375;13.032,7.521,0.823;18.860,0.691,1.239;10.229,1.031,1.331;10.965,11.910,2.376;10.187,18.001,1.100;8.320,8.335,0.725;11.194,17.132,0.296;17.570,0.380,0.262;10.399,4.179,0.808;18.600,2.136,0.370;15.873,19.527,0.287;18.372,4.933,1.770;14.507,4.573,0.426;13.090,6.513,1.993;7.437,10.328,0.944;8.346,15.182,0.325;2.481,13.674,0.390;0.269,6.395,0.235;6.357,9.930,0.404;16.643,7.083,1.124;7.464,18.965,1.236;6.533,17.776,0.225;11.776,19.080,0.938;9.348,7.331,0.277;8.373,10.131,0.203;12.341,15.070,0.205;11.069,5.690,0.236;11.921,14.232,1.839;13.491,19.307,0.479;10.401,6.449,1.053;1.988,12.112,1.019;17.758,9.628,0.434;13.858,14.631,0.279;9.914,16.198,0.221;19.368,19.621,0.491;11.996,12.184,2.012;6.835,13.504,0.345;8.038,18.017,0.316;17.186,9.308,1.723;14.891,13.471,0.975;15.582,10.066,1.198;16.489,2.128,0.872;15.792,10.217,2.240;19.731,9.674,0.358;7.591,0.862,0.435;17.276,6.566,1.318;1.818,13.113,0.653;9.172,9.405,2.202"
5,drone_0,4.6533,9.6062,17.0000,17.0000,"11.294,19.317,0.853;19.345,3.146,1.273;16.496,7.884,0.381;1.339,18.247,0.980;6.751,3.208,0.290;1.597,18.936,0.411;5.831,17.363,0.235;10.558,12.892,0.463;5.832,1.461,0.332;10.097,12.441,2.241;0.777,19.005,1.302;15.005,8.135,1.610;13.972,15.962,0.453;11.698,18.458,0.926;16.503,5.622,0.344;10.412,18.974,0.493;19.686,11.361,0.474;18.400,7.706,0.375;13.032,7.521,0.823;18.860,0.691,1.239;10.229,1.031,1.331;10.965,11.910,2.376;10.187,18.001,1.100;8.320,8.335,0.725;11.194,17.132,0.296;17.570,0.380,0.262;10.399,4.179,0.808;18.600,2.136,0.370;15.873,19.527,0.287;18.372,4.933,1.770;14.507,4.573,0.426;13.090,6.513,1.993;7.437,10.328,0.944;8.346,15.182,0.325;2.481,13.674,0.390;0.269,6.395,0.235;6.357,9.930,0.404;16.643,7.083,1.124;7.464,18.965,1.236;6.533,17.776,0.225;11.776,19.080,0.938;9.348,7.331,0.277;8.373,10.131,0.203;12.341,15.070,0.205;11.069,5.690,0.236;11.921,14.232,1.839;13.491,19.307,0.479;10.401,6.449,1.053;1.988,12.112,1.019;17.758,9.628,0.434;13.858,14.631,0.279;9.914,16.198,0.221;19.368,19.621,0.491;11.996,12.184,2.012;6.835,13.504,0.345;8.038,18.017,0.316;17.186,9.308,1.723;14.891,13.471,0.975;15.582,10.066,1.198;16.489,2.128,0.872;15.792,10.217,2.240;19.731,9.674,0.358;7.591,0.862,0.435;17.276,6.566,1.318;1.818,13.113,0.653;9.172,9.405,2.202"
5,drone_1,2.6655,2.7243,17.0000,17.0000,"11.294,19.317,0.853;19.345,3.146,1.273;16.496,7.884,0.381;1.339,18.247,0.980;6.751,3.208,0.290;1.597,18.936,0.411;5.831,17.363,0.235;10.558,12.892,0.463;5.832,1.461,0.332;10.097,12.441,2.241;0.777,19.005,1.302;15.005,8.135,1.610;13.972,15.962,0.453;11.698,18.458,0.926;16.503,5.622,0.344;10.412,18.974,0.493;19.686,11.361,0.474;18.400,7.706,0.375;13.032,7.521,0.823;18.860,0.691,1.239;10.229,1.031,1.331;10.965,11.910,2.376;10.187,18.001,1.100;8.320,8.335,0.725;11.194,17.132,0.296;17.570,0.380,0.262;10.399,4.179,0.808;18.600,2.136,0.370;15.873,19.527,0.287;18.372,4.933,1.770;14.507,4.573,0.426;13.090,6.513,1.993;7.437,10.328,0.944;8.346,15.182,0.325;2.481,13.674,0.390;0.269,6.395,0.235;6.357,9.930,0.404;16.643,7.083,1.124;7.464,18.965,1.236;6.533,17.776,0.225;11.776,19.080,0.938;9.348,7.331,0.277;8.373,10.131,0.203;12.341,15.070,0.205;11.069,5.690,0.236;11.921,14.232,1.839;13.491,19.307,0.479;10.401,6.449,1.053;1.988,12.112,1.019;17.758,9.628,0.434;13.858,14.631,0.279;9.914,16.198,0.221;19.368,19.621,0.491;11.996,12.184,2.012;6.835,13.504,0.345;8.038,18.017,0.316;17.186,9.308,1.723;14.891,13.471,0.975;15.582,10.066,1.198;16.489,2.128,0.872;15.792,10.217,2.240;19.731,9.674,0.358;7.591,0.862,0.435;17.276,6.566,1.318;1.818,13.113,0.653;9.172,9.405,2.202"
5,drone_2,8.0401,5.8587,17.0000,17.0000,"11.294,19.317,0.853;19.345,3.146,1.273;16.496,7.884,0.381;1.339,18.247,0.980;6.751,3.208,0.290;1.597,18.936,0.411;5.831,17.363,0.235;10.558,12.892,0.463;5.832,1.461,0.332;10.097,12.441,2.241;0.777,19.005,1.302;15.005,8.135,1.610;13.972,15.962,0.453;11.698,18.458,0.926;16.503,5.622,0.344;10.412,18.974,0.493;19.686,11.361,0.474;18.400,7.706,0.375;13.032,7.521,0.823;18.860,0.691,1.239;10.229,1.031,1.331;10.965,11.910,2.376;10.187,18.001,1.100;8.320,8.335,0.725;11.194,17.132,0.296;17.570,0.380,0.262;10.399,4.179,0.808;18.600,2.136,0.370;15.873,19.527,0.287;18.372,4.933,1.770;14.507,4.573,0.426;13.090,6.513,1.993;7.437,10.328,0.944;8.346,15.182,0.325;2.481,13.674,0.390;0.269,6.395,0.235;6.357,9.930,0.404;16.643,7.083,1.124;7.464,18.965,1.236;6.533,17.776,0.225;11.776,19.080,0.938;9.348,7.331,0.277;8.373,10.131,0.203;12.341,15.070,0.205;11.069,5.690,0.236;11.921,14.232,1.839;13.491,19.307,0.479;10.401,6.449,1.053;1.988,12.112,1.019;17.758,9.628,0.434;13.858,14.631,0.279;9.914,16.198,0.221;19.368,19.621,0.491;11.996,12.184,2.012;6.835,13.504,0.345;8.038,18.017,0.316;17.186,9.308,1.723;14.891,13.471,0.975;15.582,10.066,1.198;16.489,2.128,0.872;15.792,10.217,2.240;19.731,9.674,0.358;7.591,0.862,0.435;17.276,6.566,1.318;1.818,13.113,0.653;9.172,9.405,2.202"
5,drone_3,6.7727,15.9890,17.0000,17.0000,"11.294,19.317,0.853;19.345,3.146,1.273;16.496,7.884,0.381;1.339,18.247,0.980;6.751,3.208,0.290;1.597,18.936,0.411;5.831,17.363,0.235;10.558,12.892,0.463;5.832,1.461,0.332;10.097,12.441,2.241;0.777,19.005,1.302;15.005,8.135,1.610;13.972,15.962,0.453;11.698,18.458,0.926;16.503,5.622,0.344;10.412,18.974,0.493;19.686,11.361,0.474;18.400,7.706,0.375;13.032,7.521,0.823;18.860,0.691,1.239;10.229,1.031,1.331;10.965,11.910,2.376;10.187,18.001,1.100;8.320,8.335,0.725;11.194,17.132,0.296;17.570,0.380,0.262;10.399,4.179,0.808;18.600,2.136,0.370;15.873,19.527,0.287;18.372,4.933,1.770;14.507,4.573,0.426;13.090,6.513,1.993;7.437,10.328,0.944;8.346,15.182,0.325;2.481,13.674,0.390;0.269,6.395,0.235;6.357,9.930,0.404;16.643,7.083,1.124;7.464,18.965,1.236;6.533,17.776,0.225;11.776,19.080,0.938;9.348,7.331,0.277;8.373,10.131,0.203;12.341,15.070,0.205;11.069,5.690,0.236;11.921,14.232,1.839;13.491,19.307,0.479;10.401,6.449,1.053;1.988,12.112,1.019;17.758,9.628,0.434;13.858,14.631,0.279;9.914,16.198,0.221;19.368,19.621,0.491;11.996,12.184,2.012;6.835,13.504,0.345;8.038,18.017,0.316;17.186,9.308,1.723;14.891,13.471,0.975;15.582,10.066,1.198;16.489,2.128,0.872;15.792,10.217,2.240;19.731,9.674,0.358;7.591,0.862,0.435;17.276,6.566,1.318;1.818,13.113,0.653;9.172,9.405,2.202"
5,drone_4,6.1654,7.0794,17.0000,17.0000,"11.294,19.317,0.853;19.345,3.146,1.273;16.496,7.884,0.381;1.339,18.247,0.980;6.751,3.208,0.290;1.597,18.936,0.411;5.831,17.363,0.235;10.558,12.892,0.463;5.832,1.461,0.332;10.097,12.441,2.241;0.777,19.005,1.302;15.005,8.135,1.610;13.972,15.962,0.453;11.698,18.458,0.926;16.503,5.622,0.344;10.412,18.974,0.493;19.686,11.361,0.474;18.400,7.706,0.375;13.032,7.521,0.823;18.860,0.691,1.239;10.229,1.031,1.331;10.965,11.910,2.376;10.187,18.001,1.100;8.320,8.335,0.725;11.194,17.132,0.296;17.570,0.380,0.262;10.399,4.179,0.808;18.600,2.136,0.370;15.873,19.527,0.287;18.372,4.933,1.770;14.507,4.573,0.426;13.090,6.513,1.993;7.437,10.328,0.944;8.346,15.182,0.325;2.481,13.674,0.390;0.269,6.395,0.235;6.357,9.930,0.404;16.643,7.083,1.124;7.464,18.965,1.236;6.533,17.776,0.225;11.776,19.080,0.938;9.348,7.331,0.277;8.373,10.131,0.203;12.341,15.070,0.205;11.069,5.690,0.236;11.921,14.232,1.839;13.491,19.307,0.479;10.401,6.449,1.053;1.988,12.112,1.019;17.758,9.628,0.434;13.858,14.631,0.279;9.914,16.198,0.221;19.368,19.621,0.491;11.996,12.184,2.012;6.835,13.504,0.345;8.038,18.017,0.316;17.186,9.308,1.723;14.891,13.471,0.975;15.582,10.066,1.198;16.489,2.128,0.872;15.792,10.217,2.240;19.731,9.674,0.358;7.591,0.862,0.435;17.276,6.566,1.318;1.818,13.113,0.653;9.172,9.405,2.202"
5,drone_5,3.2209,5.5990,17.0000,17.0000,"11.294,19.317,0.853;19.345,3.146,1.273;16.496,7.884,0.381;1.339,18.247,0.980;6.751,3.208,0.290;1.597,18.936,0.411;5.831,17.363,0.235;10.558,12.892,0.463;5.832,1.461,0.332;10.097,12.441,2.241;0.777,19.005,1.302;15.005,8.135,1.610;13.972,15.962,0.453;11.698,18.458,0.926;16.503,5.622,0.344;10.412,18.974,0.493;19.686,11.361,0.474;18.400,7.706,0.375;13.032,7.521,0.823;18.860,0.691,1.239;10.229,1.031,1.331;10.965,11.910,2.376;10.187,18.001,1.100;8.320,8.335,0.725;11.194,17.132,0.296;17.570,0.380,0.262;10.399,4.179,0.808;18.600,2.136,0.370;15.873,19.527,0.287;18.372,4.933,1.770;14.507,4.573,0.426;13.090,6.513,1.993;7.437,10.328,0.944;8.346,15.182,0.325;2.481,13.674,0.390;0.269,6.395,0.235;6.357,9.930,0.404;16.643,7.083,1.124;7.464,18.965,1.236;6.533,17.776,0.225;11.776,19.080,0.938;9.348,7.331,0.277;8.373,10.131,0.203;12.341,15.070,0.205;11.069,5.690,0.236;11.921,14.232,1.839;13.491,19.307,0.479;10.401,6.449,1.053;1.988,12.112,1.019;17.758,9.628,0.434;13.858,14.631,0.279;9.914,16.198,0.221;19.368,19.621,0.491;11.996,12.184,2.012;6.835,13.504,0.345;8.038,18.017,0.316;17.186,9.308,1.723;14.891,13.471,0.975;15.582,10.066,1.198;16.489,2.128,0.872;15.792,10.217,2.240;19.731,9.674,0.358;7.591,0.862,0.435;17.276,6.566,1.318;1.818,13.113,0.653;9.172,9.405,2.202"
5,drone_6,5.2819,12.5030,17.0000,17.0000,"11.294,19.317,0.853;19.345,3.146,1.273;16.496,7.884,0.381;1.339,18.247,0.980;6.751,3.208,0.290;1.597,18.936,0.411;5.831,17.363,0.235;10.558,12.892,0.463;5.832,1.461,0.332;10.097,12.441,2.241;0.777,19.005,1.302;15.005,8.135,1.610;13.972,15.962,0.453;11.698,18.458,0.926;16.503,5.622,0.344;10.412,18.974,0.493;19.686,11.361,0.474;18.400,7.706,0.375;13.032,7.521,0.823;18.860,0.691,1.239;10.229,1.031,1.331;10.965,11.910,2.376;10.187,18.001,1.100;8.320,8.335,0.725;11.194,17.132,0.296;17.570,0.380,0.262;10.399,4.179,0.808;18.600,2.136,0.370;15.873,19.527,0.287;18.372,4.933,1.770;14.507,4.573,0.426;13.090,6.513,1.993;7.437,10.328,0.944;8.346,15.182,0.325;2.481,13.674,0.390;0.269,6.395,0.235;6.357,9.930,0.404;16.643,7.083,1.124;7.464,18.965,1.236;6.533,17.776,0.225;11.776,19.080,0.938;9.348,7.331,0.277;8.373,10.131,0.203;12.341,15.070,0.205;11.069,5.690,0.236;11.921,14.232,1.839;13.491,19.307,0.479;10.401,6.449,1.053;1.988,12.112,1.019;17.758,9.628,0.434;13.858,14.631,0.279;9.914,16.198,0.221;19.368,19.621,0.491;11.996,12.184,2.012;6.835,13.504,0.345;8.038,18.017,0.316;17.186,9.308,1.723;14.891,13.471,0.975;15.582,10.066,1.198;16.489,2.128,0.872;15.792,10.217,2.240;19.731,9.674,0.358;7.591,0.862,0.435;17.276,6.566,1.318;1.818,13.113,0.653;9.172,9.405,2.202"
5,drone_7,4.3901,16.3626,17.0000,17.0000,"11.294,19.317,0.853;19.345,3.146,1.273;16.496,7.884,0.381;1.339,18.247,0.980;6.751,3.208,0.290;1.597,18.936,0.411;5.831,17.363,0.235;10.558,12.892,0.463;5.832,1.461,0.332;10.097,12.441,2.241;0.777,19.005,1.302;15.005,8.135,1.610;13.972,15.962,0.453;11.698,18.458,0.926;16.503,5.622,0.344;10.412,18.974,0.493;19.686,11.361,0.474;18.400,7.706,0.375;13.032,7.521,0.823;18.860,0.691,1.239;10.229,1.031,1.331;10.965,11.910,2.376;10.187,18.001,1.100;8.320,8.335,0.725;11.194,17.132,0.296;17.570,0.380,0.262;10.399,4.179,0.808;18.600,2.136,0.370;15.873,19.527,0.287;18.372,4.933,1.770;14.507,4.573,0.426;13.090,6.513,1.993;7.437,10.328,0.944;8.346,15.182,0.325;2.481,13.674,0.390;0.269,6.395,0.235;6.357,9.930,0.404;16.643,7.083,1.124;7.464,18.965,1.236;6.533,17.776,0.225;11.776,19.080,0.938;9.348,7.331,0.277;8.373,10.131,0.203;12.341,15.070,0.205;11.069,5.690,0.236;11.921,14.232,1.839;13.491,19.307,0.479;10.401,6.449,1.053;1.988,12.112,1.019;17.758,9.628,0.434;13.858,14.631,0.279;9.914,16.198,0.221;19.368,19.621,0.491;11.996,12.184,2.012;6.835,13.504,0.345;8.038,18.017,0.316;17.186,9.308,1.723;14.891,13.471,0.975;15.582,10.066,1.198;16.489,2.128,0.872;15.792,10.217,2.240;19.731,9.674,0.358;7.591,0.862,0.435;17.276,6.566,1.318;1.818,13.113,0.653;9.172,9.405,2.202"
5,drone_8,14.6190,3.0149,17.0000,17.0000,"11.294,19.317,0.853;19.345,3.146,1.273;16.496,7.884,0.381;1.339,18.247,0.980;6.751,3.208,0.290;1.597,18.936,0.411;5.831,17.363,0.235;10.558,12.892,0.463;5.832,1.461,0.332;10.097,12.441,2.241;0.777,19.005,1.302;15.005,8.135,1.610;13.972,15.962,0.453;11.698,18.458,0.926;16.503,5.622,0.344;10.412,18.974,0.493;19.686,11.361,0.474;18.400,7.706,0.375;13.032,7.521,0.823;18.860,0.691,1.239;10.229,1.031,1.331;10.965,11.910,2.376;10.187,18.001,1.100;8.320,8.335,0.725;11.194,17.132,0.296;17.570,0.380,0.262;10.399,4.179,0.808;18.600,2.136,0.370;15.873,19.527,0.287;18.372,4.933,1.770;14.507,4.573,0.426;13.090,6.513,1.993;7.437,10.328,0.944;8.346,15.182,0.325;2.481,13.674,0.390;0.269,6.395,0.235;6.357,9.930,0.404;16.643,7.083,1.124;7.464,18.965,1.236;6.533,17.776,0.225;11.776,19.080,0.938;9.348,7.331,0.277;8.373,10.131,0.203;12.341,15.070,0.205;11.069,5.690,0.236;11.921,14.232,1.839;13.491,19.307,0.479;10.401,6.449,1.053;1.988,12.112,1.019;17.758,9.628,0.434;13.858,14.631,0.279;9.914,16.198,0.221;19.368,19.621,0.491;11.996,12.184,2.012;6.835,13.504,0.345;8.038,18.017,0.316;17.186,9.308,1.723;14.891,13.471,0.975;15.582,10.066,1.198;16.489,2.128,0.872;15.792,10.217,2.240;19.731,9.674,0.358;7.591,0.862,0.435;17.276,6.566,1.318;1.818,13.113,0.653;9.172,9.405,2.202"
5,drone_9,5.3706,18.7990,17.0000,17.0000,"11.294,19.317,0.853;19.345,3.146,1.273;16.496,7.884,0.381;1.339,18.247,0.980;6.751,3.208,0.290;1.597,18.936,0.411;5.831,17.363,0.235;10.558,12.892,0.463;5.832,1.461,0.332;10.097,12.441,2.241;0.777,19.005,1.302;15.005,8.135,1.610;13.972,15.962,0.453;11.698,18.458,0.926;16.503,5.622,0.344;10.412,18.974,0.493;19.686,11.361,0.474;18.400,7.706,0.375;13.032,7.521,0.823;18.860,0.691,1.239;10.229,1.031,1.331;10.965,11.910,2.376;10.187,18.001,1.100;8.320,8.335,0.725;11.194,17.132,0.296;17.570,0.380,0.262;10.399,4.179,0.808;18.600,2.136,0.370;15.873,19.527,0.287;18.372,4.933,1.770;14.507,4.573,0.426;13.090,6.513,1.993;7.437,10.328,0.944;8.346,15.182,0.325;2.481,13.674,0.390;0.269,6.395,0.235;6.357,9.930,0.404;16.643,7.083,1.124;7.464,18.965,1.236;6.533,17.776,0.225;11.776,19.080,0.938;9.348,7.331,0.277;8.373,10.131,0.203;12.341,15.070,0.205;11.069,5.690,0.236;11.921,14.232,1.839;13.491,19.307,0.479;10.401,6.449,1.053;1.988,12.112,1.019;17.758,9.628,0.434;13.858,14.631,0.279;9.914,16.198,0.221;19.368,19.621,0.491;11.996,12.184,2.012;6.835,13.504,0.345;8.038,18.017,0.316;17.186,9.308,1.723;14.891,13.471,0.975;15.582,10.066,1.198;16.489,2.128,0.872;15.792,10.217,2.240;19.731,9.674,0.358;7.591,0.862,0.435;17.276,6.566,1.318;1.818,13.113,0.653;9.172,9.405,2.202"
6,drone_0,4.8483,9.6510,17.0000,17.0000,"11.294,19.317,0.853;19.345,3.146,1.273;16.496,7.884,0.381;1.339,18.247,0.980;6.751,3.208,0.290;1.597,18.936,0.411;5.831,17.363,0.235;10.558,12.892,0.463;5.832,1.461,0.332;10.097,12.441,2.241;0.777,19.005,1.302;15.005,8.135,1.610;13.972,15.962,0.453;11.698,18.458,0.926;16.503,5.622,0.344;10.412,18.974,0.493;19.686,11.361,0.474;18.400,7.706,0.375;13.032,7.521,0.823;18.860,0.691,1.239;10.229,1.031,1.331;10.965,11.910,2.376;10.187,18.001,1.100;8.320,8.335,0.725;11.194,17.132,0.296;17.570,0.380,0.262;10.399,4.179,0.808;18.600,2.136,0.370;15.873,19.527,0.287;18.372,4.933,1.770;14.507,4.573,0.426;13.090,6.513,1.993;7.437,10.328,0.944;8.346,15.182,0.325;2.481,13.674,0.390;0.269,6.395,0.235;6.357,9.930,0.404;16.643,7.083,1.124;7.464,18.965,1.236;6.533,17.776,0.225;11.776,19.080,0.938;9.348,7.331,0.277;8.373,10.131,0.203;12.341,15.070,0.205;11.069,5.690,0.236;11.921,14.232,1.839;13.491,19.307,0.479;10.401,6.449,1.053;1.988,12.112,1.019;17.758,9.628,0.434;13.858,14.631,0.279;9.914,16.198,0.221;19.368,19.621,0.491;11.996,12.184,2.012;6.835,13.504,0.345;8.038,18.017,0.316;17.186,9.308,1.723;14.891,13.471,0.975;15.582,10.066,1.198;16.489,2.128,0.872;15.792,10.217,2.240;19.731,9.674,0.358;7.591,0.862,0.435;17.276,6.566,1.318;1.818,13.113,0.653;9.172,9.405,2.202"
6,drone_1,2.5826,2.9063,17.0000,17.0000,"11.294,19.317,0.853;19.345,3.146,1.273;16.496,7.884,0.381;1.339,18.247,0.980;6.751,3.208,0.290;1.597,18.936,0.411;5.831,17.363,0.235;10.558,12.892,0.463;5.832,1.461,0.332;10.097,12.441,2.241;0.777,19.005,1.302;15.005,8.135,1.610;13.972,15.962,0.453;11.698,18.458,0.926;16.503,5.622,0.344;10.412,18.974,0.493;19.686,11.361,0.474;18.400,7.706,0.375;13.032,7.521,0.823;18.860,0.691,1.239;10.229,1.031,1.331;10.965,11.910,2.376;10.187,18.001,1.100;8.320,8.335,0.725;11.194,17.132,0.296;17.570,0.380,0.262;10.399,4.179,0.808;18.600,2.136,0.370;15.873,19.527,0.287;18.372,4.933,1.770;14.507,4.573,0.426;13.090,6.513,1.993;7.437,10.328,0.944;8.346,15.182,0.325;2.481,13.674,0.390;0.269,6.395,0.235;6.357,9.930,0.404;16.643,7.083,1.124;7.464,18.965,1.236;6.533,17.776,0.225;11.776,19.080,0.938;9.348,7.331,0.277;8.373,10.131,0.203;12.341,15.070,0.205;11.069,5.690,0.236;11.921,14.232,1.839;13.491,19.307,0.479;10.401,6.449,1.053;1.988,12.112,1.019;17.758,9.628,0.434;13.858,14.631,0.279;9.914,16.198,0.221;19.368,19.621,0.491;11.996,12.184,2.012;6.835,13.504,0.345;8.038,18.017,0.316;17.186,9.308,1.723;14.891,13.471,0.975;15.582,10.066,1.198;16.489,2.128,0.872;15.792,10.217,2.240;19.731,9.674,0.358;7.591,0.862,0.435;17.276,6.566,1.318;1.818,13.113,0.653;9.172,9.405,2.202"
6,drone_2,8.1801,6.0016,17.0000,17.0000,"11.294,19.317,0.853;19.345,3.146,1.273;16.496,7.884,0.381;1.339,18.247,0.980;6.751,3.208,0.290;1.597,18.936,0.411;5.831,17.363,0.235;10.558,12.892,0.463;5.832,1.461,0.332;10.097,12.441,2.241;0.777,19.005,1.302;15.005,8.135,1.610;13.972,15.962,0.453;11.698,18.458,0.926;16.503,5.622,0.344;10.412,18.974,0.493;19.686,11.361,0.474;18.400,7.706,0.375;13.032,7.521,0.823;18.860,0.691,1.239;10.229,1.031,1.331;10.965,11.910,2.376;10.187,18.001,1.100;8.320,8.335,0.725;11.194,17.132,0.296;17.570,0.380,0.262;10.399,4.179,0.808;18.600,2.136,0.370;15.873,19.527,0.287;18.372,4.933,1.770;14.507,4.573,0.426;13.090,6.513,1.993;7.437,10.328,0.944;8.346,15.182,0.325;2.481,13.674,0.390;0.269,6.395,0.235;6.357,9.930,0.404;16.643,7.083,1.124;7.464,18.965,1.236;6.533,17.776,0.225;11.776,19.080,0.938;9.348,7.331,0.277;8.373,10.131,0.203;12.341,15.070,0.205;11.069,5.690,0.236;11.921,14.232,1.839;13.491,19.307,0.479;10.401,6.449,1.053;1.988,12.112,1.019;17.758,9.628,0.434;13.858,14.631,0.279;9.914,16.198,0.221;19.368,19.621,0.491;11.996,12.184,2.012;6.835,13.504,0.345;8.038,18.017,0.316;17.186,9.308,1.723;14.891,13.471,0.975;15.582,10.066,1.198;16.489,2.128,0.872;15.792,10.217,2.240;19.731,9.674,0.358;7.591,0.862,0.435;17.276,6.566,1.318;1.818,13.113,0.653;9.172,9.405,2.202"
6,drone_3,6.9441,16.0921,17.0000,17.0000,"11.294,19.317,0.853;19.345,3.146,1.273;16.496,7.884,0.381;1.339,18.247,0.980;6.751,3.208,0.290;1.597,18.936,0.411;5.831,17.363,0.235;10.558,12.892,0.463;5.832,1.461,0.332;10.097,12.441,2.241;0.777,19.005,1.302;15.005,8.135,1.610;13.972,15.962,0.453;11.698,18.458,0.926;16.503,5.622,0.344;10.412,18.974,0.493;19.686,11.361,0.474;18.400,7.706,0.375;13.032,7.521,0.823;18.860,0.691,1.239;10.229,1.031,1.331;10.965,11.910,2.376;10.187,18.001,1.100;8.320,8.335,0.725;11.194,17.132,0.296;17.570,0.380,0.262;10.399,4.179,0.808;18.600,2.136,0.370;15.873,19.527,0.287;18.372,4.933,1.770;14.507,4.573,0.426;13.090,6.513,1.993;7.437,10.328,0.944;8.346,15.182,0.325;2.481,13.674,0.390;0.269,6.395,0.235;6.357,9.930,0.404;16.643,7.083,1.124;7.464,18.965,1.236;6.533,17.776,0.225;11.776,19.080,0.938;9.348,7.331,0.277;8.373,10.131,0.203;12.341,15.070,0.205;11.069,5.690,0.236;11.921,14.232,1.839;13.491,19.307,0.479;10.401,6.449,1.053;1.988,12.112,1.019;17.758,9.628,0.434;13.858,14.631,0.279;9.914,16.198,0.221;19.368,19.621,0.491;11.996,12.184,2.012;6.835,13.504,0.345;8.038,18.017,0.316;17.186,9.308,1.723;14.891,13.471,0.975;15.582,10.066,1.198;16.489,2.128,0.872;15.792,10.217,2.240;19.731,9.674,0.358;7.591,0.862,0.435;17.276,6.566,1.318;1.818,13.113,0.653;9.172,9.405,2.202"
6,drone_4,6.3653,7.0718,17.0000,17.0000,"11.294,19.317,0.853;19.345,3.146,1.273;16.496,7.884,0.381;1.339,18.247,0.980;6.751,3.208,0.290;1.597,18.936,0.411;5.831,17.363,0.235;10.558,12.892,0.463;5.832,1.461,0.332;10.097,12.441,2.241;0.777,19.005,1.302;15.005,8.135,1.610;13.972,15.962,0.453;11.698,18.458,0.926;16.503,5.622,0.344;10.412,18.974,0.493;19.686,11.361,0.474;18.400,7.706,0.375;13.032,7.521,0.823;18.860,0.691,1.239;10.229,1.031,1.331;10.965,11.910,2.376;10.187,18.001,1.100;8.320,8.335,0.725;11.194,17.132,0.296;17.570,0.380,0.262;10.399,4.179,0.808;18.600,2.136,0.370;15.873,19.527,0.287;18.372,4.933,1.770;14.507,4.573,0.426;13.090,6.513,1.993;7.437,10.328,0.944;8.346,15.182,0.325;2.481,13.674,0.390;0.269,6.395,0.235;6.357,9.930,0.404;16.643,7.083,1.124;7.464,18.965,1.236;6.533,17.776,0.225;11.776,19.080,0.938;9.348,7.331,0.277;8.373,10.131,0.203;12.341,15.070,0.205;11.069,5.690,0.236;11.921,14.232,1.839;13.491,19.307,0.479;10.401,6.449,1.053;1.988,12.112,1.019;17.758,9.628,0.434;13.858,14.631,0.279;9.914,16.198,0.221;19.368,19.621,0.491;11.996,12.184,2.012;6.835,13.504,0.345;8.038,18.017,0.316;17.186,9.308,1.723;14.891,13.471,0.975;15.582,10.066,1.198;16.489,2.128,0.872;15.792,10.217,2.240;19.731,9.674,0.358;7.591,0.862,0.435;17.276,6.566,1.318;1.818,13.113,0.653;9.172,9.405,2.202"
6,drone_5,3.4201,5.5807,17.0000,17.0000,"11.294,19.317,0.853;19.345,3.146,1.273;16.496,7.884,0.381;1.339,18.247,0.980;6.751,3.208,0.290;1.597,18.936,0.411;5.831,17.363,0.235;10.558,12.892,0.463;5.832,1.461,0.332;10.097,12.441,2.241;0.777,19.005,1.302;15.005,8.135,1.610;13.972,15.962,0.453;11.698,18.458,0.926;16.503,5.622,0.344;10.412,18.974,0.493;19.686,11.361,0.474;18.400,7.706,0.375;13.032,7.521,0.823;18.860,0.691,1.239;10.229,1.031,1.331;10.965,11.910,2.376;10.187,18.001,1.100;8.320,8.335,0.725;11.194,17.132,0.296;17.570,0.380,0.262;10.399,4.179,0.808;18.600,2.136,0.370;15.873,19.527,0.287;18.372,4.933,1.770;14.507,4.573,0.426;13.090,6.513,1.993;7.437,10.328,0.944;8.346,15.182,0.325;2.481,13.674,0.390;0.269,6.395,0.235;6.357,9.930,0.404;16.643,7.083,1.124;7.464,18.965,1.236;6.533,17.776,0.225;11.776,19.080,0.938;9.348,7.331,0.277;8.373,10.131,0.203;12.341,15.070,0.205;11.069,5.690,0.236;11.921,14.232,1.839;13.491,19.307,0.479;10.401,6.449,1.053;1.988,12.112,1.019;17.758,9.628,0.434;13.858,14.631,0.279;9.914,16.198,0.221;19.368,19.621,0.491;11.996,12.184,2.012;6.835,13.504,0.345;8.038,18.017,0.316;17.186,9.308,1.723;14.891,13.471,0.975;15.582,10.066,1.198;16.489,2.128,0.872;15.792,10.217,2.240;19.731,9.674,0.358;7.591,0.862,0.435;17.276,6.566,1.318;1.818,13.113,0.653;9.172,9.405,2.202"
6,drone_6,5.4295,12.6379,17.0000,17.0000,"11.294,19.317,0.853;19.345,3.146,1.273;16.496,7.884,0.381;1.339,18.247,0.980;6.751,3.208,0.290;1.597,18.936,0.411;5.831,17.363,0.235;10.558,12.892,0.463;5.832,1.461,0.332;10.097,12.441,2.241;0.777,19.005,1.302;15.005,8.135,1.610;13.972,15.962,0.453;11.698,18.458,0.926;16.503,5.622,0.344;10.412,18.974,0.493;19.686,11.361,0.474;18.400,7.706,0.375;13.032,7.521,0.823;18.860,0.691,1.239;10.229,1.031,1.331;10.965,11.910,2.376;10.187,18.001,1.100;8.320,8.335,0.725;11.194,17.132,0.296;17.570,0.380,0.262;10.399,4.179,0.808;18.600,2.136,0.370;15.873,19.527,0.287;18.372,4.933,1.770;14.507,4.573,0.426;13.090,6.513,1.993;7.437,10.328,0.944;8.346,15.182,0.325;2.481,13.674,0.390;0.269,6.395,0.235;6.357,9.930,0.404;16.643,7.083,1.124;7.464,18.965,1.236;6.533,17.776,0.225;11.776,19.080,0.938;9.348,7.331,0.277;8.373,10.131,0.203;12.341,15.070,0.205;11.069,5.690,0.236;11.921,14.232,1.839;13.491,19.307,0.479;10.401,6.449,1.053;1.988,12.112,1.019;17.758,9.628,0.434;13.858,14.631,0.279;9.914,16.198,0.221;19.368,19.621,0.491;11.996,12.184,2.012;6.835,13.504,0.345;8.038,18.017,0.316;17.186,9.308,1.723;14.891,13.471,0.975;15.582,10.066,1.198;16.489,2.128,0.872;15.792,10.217,2.240;19.731,9.674,0.358;7.591,0.862,0.435;17.276,6.566,1.318;1.818,13.113,0.653;9.172,9.405,2.202"
6,drone_7,4.5397,16.4953,17.0000,17.0000,"11.294,19.317,0.853;19.345,3.146,1.273;16.496,7.884,0.381;1.339,18.247,0.980;6.751,3.208,0.290;1.597,18.936,0.411;5.831,17.363,0.235;10.558,12.892,0.463;5.832,1.461,0.332;10.097,12.441,2.241;0.777,19.005,1.302;15.005,8.135,1.610;13.972,15.962,0.453;11.698,18.458,0.926;16.503,5.622,0.344;10.412,18.974,0.493;19.686,11.361,0.474;18.400,7.706,0.375;13.032,7.521,0.823;18.860,0.691,1.239;10.229,1.031,1.331;10.965,11.910,2.376;10.187,18.001,1.100;8.320,8.335,0.725;11.194,17.132,0.296;17.570,0.380,0.262;10.399,4.179,0.808;18.600,2.136,0.370;15.873,19.527,0.287;18.372,4.933,1.770;14.507,4.573,0.426;13.090,6.513,1.993;7.437,10.328,0.944;8.346,15.182,0.325;2.481,13.674,0.390;0.269,6.395,0.235;6.357,9.930,0.404;16.643,7.083,1.124;7.464,18.965,1.236;6.533,17.776,0.225;11.776,19.080,0.938;9.348,7.331,0.277;8.373,10.131,0.203;12.341,15.070,0.205;11.069,5.690,0.236;11.921,14.232,1.839;13.491,19.307,0.479;10.401,6.449,1.053;1.988,12.112,1.019;17.758,9.628,0.434;13.858,14.631,0.279;9.914,16.198,0.221;19.368,19.621,0.491;11.996,12.184,2.012;6.835,13.504,0.345;8.038,18.017,0.316;17.186,9.308,1.723;14.891,13.471,0.975;15.582,10.066,1.198;16.489,2.128,0.872;15.792,10.217,2.240;19.731,9.674,0.358;7.591,0.862,0.435;17.276,6.566,1.318;1.818,13.113,0.653;9.172,9.405,2.202"
6,drone_8,14.7759,3.1390,17.0000,17.0000,"11.294,19.317,0.853;19.345,3.146,1.273;16.496,7.884,0.381;1.339,18.247,0.980;6.751,3.208,0.290;1.597,18.936,0.411;5.831,17.363,0.235;10.558,12.892,0.463;5.832,1.461,0.332;10.097,12.441,2.241;0.777,19.005,1.302;15.005,8.135,1.610;13.972,15.962,0.453;11.698,18.458,0.926;16.503,5.622,0.344;10.412,18.974,0.493;19.686,11.361,0.474;18.400,7.706,0.375;13.032,7.521,0.823;18.860,0.691,1.239;10.229,1.031,1.331;10.965,11.910,2.376;10.187,18.001,1.100;8.320,8.335,0.725;11.194,17.132,0.296;17.570,0.380,0.262;10.399,4.179,0.808;18.600,2.136,0.370;15.873,19.527,0.287;18.372,4.933,1.770;14.507,4.573,0.426;13.090,6.513,1.993;7.437,10.328,0.944;8.346,15.182,0.325;2.481,13.674,0.390;0.269,6.395,0.235;6.357,9.930,0.404;16.643,7.083,1.124;7.464,18.965,1.236;6.533,17.776,0.225;11.776,19.080,0.938;9.348,7.331,0.277;8.373,10.131,0.203;12.341,15.070,0.205;11.069,5.690,0.236;11.921,14.232,1.839;13.491,19.307,0.479;10.401,6.449,1.053;1.988,12.112,1.019;17.758,9.628,0.434;13.858,14.631,0.279;9.914,16.198,0.221;19.368,19.621,0.491;11.996,12.184,2.012;6.835,13.504,0.345;8.038,18.017,0.316;17.186,9.308,1.723;14.891,13.471,0.975;15.582,10.066,1.198;16.489,2.128,0.872;15.792,10.217,2.240;19.731,9.674,0.358;7.591,0.862,0.435;17.276,6.566,1.318;1.818,13.113,0.653;9.172,9.405,2.202"
6,drone_9,5.5695,18.8201,17.0000,17.0000,"11.294,19.317,0.853;19.345,3.146,1.273;16.496,7.884,0.381;1.339,18.247,0.980;6.751,3.208,0.290;1.597,18.936,0.411;5.831,17.363,0.235;10.558,12.892,0.463;5.832,1.461,0.332;10.097,12.441,2.241;0.777,19.005,1.302;15.005,8.135,1.610;13.972,15.962,0.453;11.698,18.458,0.926;16.503,5.622,0.344;10.412,18.974,0.493;19.686,11.361,0.474;18.400,7.706,0.375;13.032,7.521,0.823;18.860,0.691,1.239;10.229,1.031,1.331;10.965,11.910,2.376;10.187,18.001,1.100;8.320,8.335,0.725;11.194,17.132,0.296;17.570,0.380,0.262;10.399,4.179,0.808;18.600,2.136,0.370;15.873,19.527,0.287;18.372,4.933,1.770;14.507,4.573,0.426;13.090,6.513,1.993;7.437,10.328,0.944;8.346,15.182,0.325;2.481,13.674,0.390;0.269,6.395,0.235;6.357,9.930,0.404;16.643,7.083,1.124;7.464,18.965,1.236;6.533,17.776,0.225;11.776,19.080,0.938;9.348,7.331,0.277;8.373,10.131,0.203;12.341,15.070,0.205;11.069,5.690,0.236;11.921,14.232,1.839;13.491,19.307,0.479;10.401,6.449,1.053;1.988,12.112,1.019;17.758,9.628,0.434;13.858,14.631,0.279;9.914,16.198,0.221;19.368,19.621,0.491;11.996,12.184,2.012;6.835,13.504,0.345;8.038,18.017,0.316;17.186,9.308,1.723;14.891,13.471,0.975;15.582,10.066,1.198;16.489,2.128,0.872;15.792,10.217,2.240;19.731,9.674,0.358;7.591,0.862,0.435;17.276,6.566,1.318;1.818,13.113,0.653;9.172,9.405,2.202"
7,drone_0,5.0311,9.7025,17.0000,17.0000,"11.294,19.317,0.853;19.345,3.146,1.273;16.496,7.884,0.381;1.339,18.247,0.980;6.751,3.208,0.290;1.597,18.936,0.411;5.831,17.363,0.235;10.558,12.892,0.463;5.832,1.461,0.332;10.097,12.441,2.241;0.777,19.005,1.302;15.005,8.135,1.610;13.972,15.962,0.453;11.698,18.458,0.926;16.503,5.622,0.344;10.412,18.974,0.493;19.686,11.361,0.474;18.400,7.706,0.375;13.032,7.521,0.823;18.860,0.691,1.239;10.229,1.031,1.331;10.965,11.910,2.376;10.187,18.001,1.100;8.320,8.335,0.725;11.194,17.132,0.296;17.570,0.380,0.262;10.399,4.179,0.808;18.600,2.136,0.370;15.873,19.527,0.287;18.372,4.933,1.770;14.507,4.573,0.426;13.090,6.513,1.993;7.437,10.328,0.944;8.346,15.182,0.325;2.481,13.674,0.390;0.269,6.395,0.235;6.357,9.930,0.404;16.643,7.083,1.124;7.464,18.965,1.236;6.533,17.776,0.225;11.776,19.080,0.938;9.348,7.331,0.277;8.373,10.131,0.203;12.341,15.070,0.205;11.069,5.690,0.236;11.921,14.232,1.839;13.491,19.307,0.479;10.401,6.449,1.053;1.988,12.112,1.019;17.758,9.628,0.434;13.858,14.631,0.279;9.914,16.198,0.221;19.368,19.621,0.491;11.996,12.184,2.012;6.835,13.504,0.345;8.038,18.017,0.316;17.186,9.308,1.723;14.891,13.471,0.975;15.582,10.066,1.198;16.489,2.128,0.872;15.792,10.217,2.240;19.731,9.674,0.358;7.591,0.862,0.435;17.276,6.566,1.318;1.818,13.113,0.653;9.172,9.405,2.202"
7,drone_1,2.5139,3.0942,17.0000,17.0000,"11.294,19.317,0.853;19.345,3.146,1.273;16.496,7.884,0.381;1.339,18.247,0.980;6.751,3.208,0.290;1.597,18.936,0.411;5.831,17.363,0.235;10.558,12.892,0.463;5.832,1.461,0.332;10.097,12.441,2.241;0.777,19.005,1.302;15.005,8.135,1.610;13.972,15.962,0.453;11.698,18.458,0.926;16.503,5.622,0.344;10.412,18.974,0.493;19.686,11.361,0.474;18.400,7.706,0.375;13.032,7.521,0.823;18.860,0.691,1.239;10.229,1.031,1.331;10.965,11.910,2.376;10.187,18.001,1.100;8.320,8.335,0.725;11.194,17.132,0.296;17.570,0.380,0.262;10.399,4.179,0.808;18.600,2.136,0.370;15.873,19.527,0.287;18.372,4.933,1.770;14.507,4.573,0.426;13.090,6.513,1.993;7.437,10.328,0.944;8.346,15.182,0.325;2.481,13.674,0.390;0.269,6.395,0.235;6.357,9.930,0.404;16.643,7.083,1.124;7.464,18.965,1.236;6.533,17.776,0.225;11.776,19.080,0.938;9.348,7.331,0.277;8.373,10.131,0.203;12.341,15.070,0.205;11.069,5.690,0.236;11.921,14.232,1.839;13.491,19.307,0.479;10.401,6.449,1.053;1.988,12.112,1.019;17.758,9.628,0.434;13.858,14.631,0.279;9.914,16.198,0.221;19.368,19.621,0.491;11.996,12.184,2.012;6.835,13.504,0.345;8.038,18.017,0.316;17.186,9.308,1.723;14.891,13.471,0.975;15.582,10.066,1.198;16.489,2.128,0.872;15.792,10.217,2.240;19.731,9.674,0.358;7.591,0.862,0.435;17.276,6.566,1.318;1.818,13.113,0.653;9.172,9.405,2.202"
7,drone_2,8.3452,6.1144,17.0000,17.0000,"11.294,19.317,0.853;19.345,3.146,1.273;16.496,7.884,0.381;1.339,18.247,0.980;6.751,3.208,0.290;1.597,18.936,0.411;5.831,17.363,0.235;10.558,12.892,0.463;5.832,1.461,0.332;10.097,12.441,2.241;0.777,19.005,1.302;15.005,8.135,1.610;13.972,15.962,0.453;11.698,18.458,0.926;16.503,5.622,0.344;10.412,18.974,0.493;19.686,11.361,0.474;18.400,7.706,0.375;13.032,7.521,0.823;18.860,0.691,1.239;10.229,1.031,1.331;10.965,11.910,2.376;10.187,18.001,1.100;8.320,8.335,0.725;11.194,17.132,0.296;17.570,0.380,0.262;10.399,4.179,0.808;18.600,2.136,0.370;15.873,19.527,0.287;18.372,4.933,1.770;14.507,4.573,0.426;13.090,6.513,1.993;7.437,10.328,0.944;8.346,15.182,0.325;2.481,13.674,0.390;0.269,6.395,0.235;6.357,9.930,0.404;16.643,7.083,1.124;7.464,18.965,1.236;6.533,17.776,0.225;11.776,19.080,0.938;9.348,7.331,0.277;8.373,10.131,0.203;12.341,15.070,0.205;11.069,5.690,0.236;11.921,14.232,1.839;13.491,19.307,0.479;10.401,6.449,1.053;1.988,12.112,1.019;17.758,9.628,0.434;13.858,14.631,0.279;9.914,16.198,0.221;19.368,19.621,0.491;11.996,12.184,2.012;6.835,13.504,0.345;8.038,18.017,0.316;17.186,9.308,1.723;14.891,13.471,0.975;15.582,10.066,1.198;16.489,2.128,0.872;15.792,10.217,2.240;19.731,9.674,0.358;7.591,0.862,0.435;17.276,6.566,1.318;1.818,13.113,0.653;9.172,9.405,2.202"
7,drone_3,7.1092,16.2050,17.0000,17.0000,"11.294,19.317,0.853;19.345,3.146,1.273;16.496,7.884,0.381;1.339,18.247,0.980;6.751,3.208,0.290;1.597,18.936,0.411;5.831,17.363,0.235;10.558,12.892,0.463;5.832,1.461,0.332;10.097,12.441,2.241;0.777,19.005,1.302;15.005,8.135,1.610;13.972,15.962,0.453;11.698,18.458,0.926;16.503,5.622,0.344;10.412,18.974,0.493;19.686,11.361,0.474;18.400,7.706,0.375;13.032,7.521,0.823;18.860,0.691,1.239;10.229,1.031,1.331;10.965,11.910,2.376;10.187,18.001,1.100;8.320,8.335,0.725;11.194,17.132,0.296;17.570,0.380,0.262;10.399,4.179,0.808;18.600,2.136,0.370;15.873,19.527,0.287;18.372,4.933,1.770;14.507,4.573,0.426;13.090,6.513,1.993;7.437,10.328,0.944;8.346,15.182,0.325;2.481,13.674,0.390;0.269,6.395,0.235;6.357,9.930,0.404;16.643,7.083,1.124;7.464,18.965,1.236;6.533,17.776,0.225;11.776,19.080,0.938;9.348,7.331,0.277;8.373,10.131,0.203;12.341,15.070,0.205;11.069,5.690,0.236;11.921,14.232,1.839;13.491,19.307,0.479;10.401,6.449,1.053;1.988,12.112,1.019;17.758,9.628,0.434;13.858,14.631,0.279;9.914,16.198,0.221;19.368,19.621,0.491;11.996,12.184,2.012;6.835,13.504,0.345;8.038,18.017,0.316;17.186,9.308,1.723;14.891,13.471,0.975;15.582,10.066,1.198;16.489,2.128,0.872;15.792,10.217,2.240;19.731,9.674,0.358;7.591,0.862,0.435;17.276,6.566,1.318;1.818,13.113,0.653;9.172,9.405,2.202"
7,drone_4,6.5622,7.0366,17.0000,17.0000,"11.294,19.317,0.853;19.345,3.146,1.273;16.496,7.884,0.381;1.339,18.247,0.980;6.751,3.208,0.290;1.597,18.936,0.411;5.831,17.363,0.235;10.558,12.892,0.463;5.832,1.461,0.332;10.097,12.441,2.241;0.777,19.005,1.302;15.005,8.135,1.610;13.972,15.962,0.453;11.698,18.458,0.926;16.503,5.622,0.344;10.412,18.974,0.493;19.686,11.361,0.474;18.400,7.706,0.375;13.032,7.521,0.823;18.860,0.691,1.239;10.229,1.031,1.331;10.965,11.910,2.376;10.187,18.001,1.100;8.320,8.335,0.725;11.194,17.132,0.296;17.570,0.380,0.262;10.399,4.179,0.808;18.600,2.136,0.370;15.873,19.527,0.287;18.372,4.933,1.770;14.507,4.573,0.426;13.090,6.513,1.993;7.437,10.328,0.944;8.346,15.182,0.325;2.481,13.674,0.390;0.269,6.395,0.235;6.357,9.930,0.404;16.643,7.083,1.124;7.464,18.965,1.236;6.533,17.776,0.225;11.776,19.080,0.938;9.348,7.331,0.277;8.373,10.131,0.203;12.341,15.070,0.205;11.069,5.690,0.236;11.921,14.232,1.839;13.491,19.307,0.479;10.401,6.449,1.053;1.988,12.112,1.019;17.758,9.628,0.434;13.858,14.631,0.279;9.914,16.198,0.221;19.368,19.621,0.491;11.996,12.184,2.012;6.835,13.504,0.345;8.038,18.017,0.316;17.186,9.308,1.723;14.891,13.471,0.975;15.582,10.066,1.198;16.489,2.128,0.872;15.792,10.217,2.240;19.731,9.674,0.358;7.591,0.862,0.435;17.276,6.566,1.318;1.818,13.113,0.653;9.172,9.405,2.202"
7,drone_5,3.6194,5.5634,17.0000,17.0000,"11.294,19.317,0.853;19.345,3.146,1.273;16.496,7.884,0.381;1.339,18.247,0.980;6.751,3.208,0.290;1.597,18.936,0.411;5.831,17.363,0.235;10.558,12.892,0.463;5.832,1.461,0.332;10.097,12.441,2.241;0.777,19.005,1.302;15.005,8.135,1.610;13.972,15.962,0.453;11.698,18.458,0.926;16.503,5.622,0.344;10.412,18.974,0.493;19.686,11.361,0.474;18.400,7.706,0.375;13.032,7.521,0.823;18.860,0.691,1.239;10.229,1.031,1.331;10.965,11.910,2.376;10.187,18.001,1.100;8.320,8.335,0.725;11.194,17.132,0.296;17.570,0.380,0.262;10.399,4.179,0.808;18.600,2.136,0.370;15.873,19.527,0.287;18.372,4.933,1.770;14.507,4.573,0.426;13.090,6.513,1.993;7.437,10.328,0.944;8.346,15.182,0.325;2.481,13.674,0.390;0.269,6.395,0.235;6.357,9.930,0.404;16.643,7.083,1.124;7.464,18.965,1.236;6.533,17.776,0.225;11.776,19.080,0.938;9.348,7.331,0.277;8.373,10.131,0.203;12.341,15.070,0.205;11.069,5.690,0.236;11.921,14.232,1.839;13.491,19.307,0.479;10.401,6.449,1.053;1.988,12.112,1.019;17.758,9.628,0.434;13.858,14.631,0.279;9.914,16.198,0.221;19.368,19.621,0.491;11.996,12.184,2.012;6.835,13.504,0.345;8.038,18.017,0.316;17.186,9.308,1.723;14.891,13.471,0.975;15.582,10.066,1.198;16.489,2.128,0.872;15.792,10.217,2.240;19.731,9.674,0.358;7.591,0.862,0.435;17.276,6.566,1.318;1.818,13.113,0.653;9.172,9.405,2.202"
7,drone_6,5.5692,12.7811,17.0000,17.0000,"11.294,19.317,0.853;19.345,3.146,1.273;16.496,7.884,0.381;1.339,18.247,0.980;6.751,3.208,0.290;1.597,18.936,0.411;5.831,17.363,0.235;10.558,12.892,0.463;5.832,1.461,0.332;10.097,12.441,2.241;0.777,19.005,1.302;15.005,8.135,1.610;13.972,15.962,0.453;11.698,18.458,0.926;16.503,5.622,0.344;10.412,18.974,0.493;19.686,11.361,0.474;18.400,7.706,0.375;13.032,7.521,0.823;18.860,0.691,1.239;10.229,1.031,1.331;10.965,11.910,2.376;10.187,18.001,1.100;8.320,8.335,0.725;11.194,17.132,0.296;17.570,0.380,0.262;10.399,4.179,0.808;18.600,2.136,0.370;15.873,19.527,0.287;18.372,4.933,1.770;14.507,4.573,0.426;13.090,6.513,1.993;7.437,10.328,0.944;8.346,15.182,0.325;2.481,13.674,0.390;0.269,6.395,0.235;6.357,9.930,0.404;16.643,7.083,1.124;7.464,18.965,1.236;6.533,17.776,0.225;11.776,19.080,0.938;9.348,7.331,0.277;8.373,10.131,0.203;12.341,15.070,0.205;11.069,5.690,0.236;11.921,14.232,1.839;13.491,19.307,0.479;10.401,6.449,1.053;1.988,12.112,1.019;17.758,9.628,0.434;13.858,14.631,0.279;9.914,16.198,0.221;19.368,19.621,0.491;11.996,12.184,2.012;6.835,13.504,0.345;8.038,18.017,0.316;17.186,9.308,1.723;14.891,13.471,0.975;15.582,10.066,1.198;16.489,2.128,0.872;15.792,10.217,2.240;19.731,9.674,0.358;7.591,0.862,0.435;17.276,6.566,1.318;1.818,13.113,0.653;9.172,9.405,2.202"
7,drone_7,4.6864,16.6312,17.0000,17.0000,"11.294,19.317,0.853;19.345,3.146,1.273;16.496,7.884,0.381;1.339,18.247,0.980;6.751,3.208,0.290;1.597,18.936,0.411;5.831,17.363,0.235;10.558,12.892,0.463;5.832,1.461,0.332;10.097,12.441,2.241;0.777,19.005,1.302;15.005,8.135,1.610;13.972,15.962,0.453;11.698,18.458,0.926;16.503,5.622,0.344;10.412,18.974,0.493;19.686,11.361,0.474;18.400,7.706,0.375;13.032,7.521,0.823;18.860,0.691,1.239;10.229,1.031,1.331;10.965,11.910,2.376;10.187,18.001,1.100;8.320,8.335,0.725;11.194,17.132,0.296;17.570,0.380,0.262;10.399,4.179,0.808;18.600,2.136,0.370;15.873,19.527,0.287;18.372,4.933,1.770;14.507,4.573,0.426;13.090,6.513,1.993;7.437,10.328,0.944;8.346,15.182,0.325;2.481,13.674,0.390;0.269,6.395,0.235;6.357,9.930,0.404;16.643,7.083,1.124;7.464,18.965,1.236;6.533,17.776,0.225;11.776,19.080,0.938;9.348,7.331,0.277;8.373,10.131,0.203;12.341,15.070,0.205;11.069,5.690,0.236;11.921,14.232,1.839;13.491,19.307,0.479;10.401,6.449,1.053;1.988,12.112,1.019;17.758,9.628,0.434;13.858,14.631,0.279;9.914,16.198,0.221;19.368,19.621,0.491;11.996,12.184,2.012;6.835,13.504,0.345;8.038,18.017,0.316;17.186,9.308,1.723;14.891,13.471,0.975;15.582,10.066,1.198;16.489,2.128,0.872;15.792,10.217,2.240;19.731,9.674,0.358;7.591,0.862,0.435;17.276,6.566,1.318;1.818,13.113,0.653;9.172,9.405,2.202"
7,drone_8,14.9135,3.2841,17.0000,17.0000,"11.294,19.317,0.853;19.345,3.146,1.273;16.496,7.884,0.381;1.339,18.247,0.980;6.751,3.208,0.290;1.597,18.936,0.411;5.831,17.363,0.235;10.558,12.892,0.463;5.832,1.461,0.332;10.097,12.441,2.241;0.777,19.005,1.302;15.005,8.135,1.610;13.972,15.962,0.453;11.698,18.458,0.926;16.503,5.622,0.344;10.412,18.974,0.493;19.686,11.361,0.474;18.400,7.706,0.375;13.032,7.521,0.823;18.860,0.691,1.239;10.229,1.031,1.331;10.965,11.910,2.376;10.187,18.001,1.100;8.320,8.335,0.725;11.194,17.132,0.296;17.570,0.380,0.262;10.399,4.179,0.808;18.600,2.136,0.370;15.873,19.527,0.287;18.372,4.933,1.770;14.507,4.573,0.426;13.090,6.513,1.993;7.437,10.328,0.944;8.346,15.182,0.325;2.481,13.674,0.390;0.269,6.395,0.235;6.357,9.930,0.404;16.643,7.083,1.124;7.464,18.965,1.236;6.533,17.776,0.225;11.776,19.080,0.938;9.348,7.331,0.277;8.373,10.131,0.203;12.341,15.070,0.205;11.069,5.690,0.236;11.921,14.232,1.839;13.491,19.307,0.479;10.401,6.449,1.053;1.988,12.112,1.019;17.758,9.628,0.434;13.858,14.631,0.279;9.914,16.198,0.221;19.368,19.621,0.491;11.996,12.184,2.012;6.835,13.504,0.345;8.038,18.017,0.316;17.186,9.308,1.723;14.891,13.471,0.975;15.582,10.066,1.198;16.489,2.128,0.872;15.792,10.217,2.240;19.731,9.674,0.358;7.591,0.862,0.435;17.276,6.566,1.318;1.818,13.113,0.653;9.172,9.405,2.202"
7,drone_9,5.7679,18.7950,17.0000,17.0000,"11.294,19.317,0.853;19.345,3.146,1.273;16.496,7.884,0.381;1.339,18.247,0.980;6.751,3.208,0.290;1.597,18.936,0.411;5.831,17.363,0.235;10.558,12.892,0.463;5.832,1.461,0.332;10.097,12.441,2.241;0.777,19.005,1.302;15.005,8.135,1.610;13.972,15.962,0.453;11.698,18.458,0.926;16.503,5.622,0.344;10.412,18.974,0.493;19.686,11.361,0.474;18.400,7.706,0.375;13.032,7.521,0.823;18.860,0.691,1.239;10.229,1.031,1.331;10.965,11.910,2.376;10.187,18.001,1.100;8.320,8.335,0.725;11.194,17.132,0.296;17.570,0.380,0.262;10.399,4.179,0.808;18.600,2.136,0.370;15.873,19.527,0.287;18.372,4.933,1.770;14.507,4.573,0.426;13.090,6.513,1.993;7.437,10.328,0.944;8.346,15.182,0.325;2.481,13.674,0.390;0.269,6.395,0.235;6.357,9.930,0.404;16.643,7.083,1.124;7.464,18.965,1.236;6.533,17.776,0.225;11.776,19.080,0.938;9.348,7.331,0.277;8.373,10.131,0.203;12.341,15.070,0.205;11.069,5.690,0.236;11.921,14.232,1.839;13.491,19.307,0.479;10.401,6.449,1.053;1.988,12.112,1.019;17.758,9.628,0.434;13.858,14.631,0.279;9.914,16.198,0.221;19.368,19.621,0.491;11.996,12.184,2.012;6.835,13.504,0.345;8.038,18.017,0.316;17.186,9.308,1.723;14.891,13.471,0.975;15.582,10.066,1.198;16.489,2.128,0.872;15.792,10.217,2.240;19.731,9.674,0.358;7.591,0.862,0.435;17.276,6.566,1.318;1.818,13.113,0.653;9.172,9.405,2.202"
8,drone_0,5.1859,9.7600,17.0000,17.0000,"11.294,19.317,0.853;19.345,3.146,1.273;16.496,7.884,0.381;1.339,18.247,0.980;6.751,3.208,0.290;1.597,18.936,0.411;5.831,17.363,0.235;10.558,12.892,0.463;5.832,1.461,0.332;10.097,12.441,2.241;0.777,19.005,1.302;15.005,8.135,1.610;13.972,15.962,0.453;11.698,18.458,0.926;16.503,5.622,0.344;10.412,18.974,0.493;19.686,11.361,0.474;18.400,7.706,0.375;13.032,7.521,0.823;18.860,0.691,1.239;10.229,1.031,1.331;10.965,11.910,2.376;10.187,18.001,1.100;8.320,8.335,0.725;11.194,17.132,0.296;17.570,0.380,0.262;10.399,4.179,0.808;18.600,2.136,0.370;15.873,19.527,0.287;18.372,4.933,1.770;14.507,4.573,0.426;13.090,6.513,1.993;7.437,10.328,0.944;8.346,15.182,0.325;2.481,13.674,0.390;0.269,6.395,0.235;6.357,9.930,0.404;16.643,7.083,1.124;7.464,18.965,1.236;6.533,17.776,0.225;11.776,19.080,0.938;9.348,7.331,0.277;8.373,10.131,0.203;12.341,15.070,0.205;11.069,5.690,0.236;11.921,14.232,1.839;13.491,19.307,0.479;10.401,6.449,1.053;1.988,12.112,1.019;17.758,9.628,0.434;13.858,14.631,0.279;9.914,16.198,0.221;19.368,19.621,0.491;11.996,12.184,2.012;6.835,13.504,0.345;8.038,18.017,0.316;17.186,9.308,1.723;14.891,13.471,0.975;15.582,10.066,1.198;16.489,2.128,0.872;15.792,10.217,2.240;19.731,9.674,0.358;7.591,0.862,0.435;17.276,6.566,1.318;1.818,13.113,0.653;9.172,9.405,2.202"
8,drone_1,2.4500,3.2837,17.0000,17.0000,"11.294,19.317,0.853;19.345,3.146,1.273;16.496,7.884,0.381;1.339,18.247,0.980;6.751,3.208,0.290;1.597,18.936,0.411;5.831,17.363,0.235;10.558,12.892,0.463;5.832,1.461,0.332;10.097,12.441,2.241;0.777,19.005,1.302;15.005,8.135,1.610;13.972,15.962,0.453;11.698,18.458,0.926;16.503,5.622,0.344;10.412,18.974,0.493;19.686,11.361,0.474;18.400,7.706,0.375;13.032,7.521,0.823;18.860,0.691,1.239;10.229,1.031,1.331;10.965,11.910,2.376;10.187,18.001,1.100;8.320,8.335,0.725;11.194,17.132,0.296;17.570,0.380,0.262;10.399,4.179,0.808;18.600,2.136,0.370;15.873,19.527,0.287;18.372,4.933,1.770;14.507,4.573,0.426;13.090,6.513,1.993;7.437,10.328,0.944;8.346,15.182,0.325;2.481,13.674,0.390;0.269,6.395,0.235;6.357,9.930,0.404;16.643,7.083,1.124;7.464,18.965,1.236;6.533,17.776,0.225;11.776,19.080,0.938;9.348,7.331,0.277;8.373,10.131,0.203;12.341,15.070,0.205;11.069,5.690,0.236;11.921,14.232,1.839;13.491,19.307,0.479;10.401,6.449,1.053;1.988,12.112,1.019;17.758,9.628,0.434;13.858,14.631,0.279;9.914,16.198,0.221;19.368,19.621,0.491;11.996,12.184,2.012;6.835,13.504,0.345;8.038,18.017,0.316;17.186,9.308,1.723;14.891,13.471,0.975;15.582,10.066,1.198;16.489,2.128,0.872;15.792,10.217,2.240;19.731,9.674,0.358;7.591,0.862,0.435;17.276,6.566,1.318;1.818,13.113,0.653;9.172,9.405,2.202"
8,drone_2,8.5074,6.2314,17.0000,17.0000,"11.294,19.317,0.853;19.345,3.146,1.273;16.496,7.884,0.381;1.339,18.247,0.980;6.751,3.208,0.290;1.597,18.936,0.411;5.831,17.363,0.235;10.558,12.892,0.463;5.832,1.461,0.332;10.097,12.441,2.241;0.777,19.005,1.302;15.005,8.135,1.610;13.972,15.962,0.453;11.698,18.458,0.926;16.503,5.622,0.344;10.412,18.974,0.493;19.686,11.361,0.474;18.400,7.706,0.375;13.032,7.521,0.823;18.860,0.691,1.239;10.229,1.031,1.331;10.965,11.910,2.376;10.187,18.001,1.100;8.320,8.335,0.725;11.194,17.132,0.296;17.570,0.380,0.262;10.399,4.179,0.808;18.600,2.136,0.370;15.873,19.527,0.287;18.372,4.933,1.770;14.507,4.573,0.426;13.090,6.513,1.993;7.437,10.328,0.944;8.346,15.182,0.325;2.481,13.674,0.390;0.269,6.395,0.235;6.357,9.930,0.404;16.643,7.083,1.124;7.464,18.965,1.236;6.533,17.776,0.225;11.776,19.080,0.938;9.348,7.331,0.277;8.373,10.131,0.203;12.341,15.070,0.205;11.069,5.690,0.236;11.921,14.232,1.839;13.491,19.307,0.479;10.401,6.449,1.053;1.988,12.112,1.019;17.758,9.628,0.434;13.858,14.631,0.279;9.914,16.198,0.221;19.368,19.621,0.491;11.996,12.184,2.012;6.835,13.504,0.345;8.038,18.017,0.316;17.186,9.308,1.723;14.891,13.471,0.975;15.582,10.066,1.198;16.489,2.128,0.872;15.792,10.217,2.240;19.731,9.674,0.358;7.591,0.862,0.435;17.276,6.566,1.318;1.818,13.113,0.653;9.172,9.405,2.202"
8,drone_3,7.2810,16.3074,17.0000,17.0000,"11.294,19.317,0.853;19.345,3.146,1.273;16.496,7.884,0.381;1.339,18.247,0.980;6.751,3.208,0.290;1.597,18.936,0.411;5.831,17.363,0.235;10.558,12.892,0.463;5.832,1.461,0.332;10.097,12.441,2.241;0.777,19.005,1.302;15.005,8.135,1.610;13.972,15.962,0.453;11.698,18.458,0.926;16.503,5.622,0.344;10.412,18.974,0.493;19.686,11.361,0.474;18.400,7.706,0.375;13.032,7.521,0.823;18.860,0.691,1.239;10.229,1.031,1.331;10.965,11.910,2.376;10.187,18.001,1.100;8.320,8.335,0.725;11.194,17.132,0.296;17.570,0.380,0.262;10.399,4.179,0.808;18.600,2.136,0.370;15.873,19.527,0.287;18.372,4.933,1.770;14.507,4.573,0.426;13.090,6.513,1.993;7.437,10.328,0.944;8.346,15.182,0.325;2.481,13.674,0.390;0.269,6.395,0.235;6.357,9.930,0.404;16.643,7.083,1.124;7.464,18.965,1.236;6.533,17.776,0.225;11.776,19.080,0.938;9.348,7.331,0.277;8.373,10.131,0.203;12.341,15.070,0.205;11.069,5.690,0.236;11.921,14.232,1.839;13.491,19.307,0.479;10.401,6.449,1.053;1.988,12.112,1.019;17.758,9.628,0.434;13.858,14.631,0.279;9.914,16.198,0.221;19.368,19.621,0.491;11.996,12.184,2.012;6.835,13.504,0.345;8.038,18.017,0.316;17.186,9.308,1.723;14.891,13.471,0.975;15.582,10.066,1.198;16.489,2.128,0.872;15.792,10.217,2.240;19.731,9.674,0.358;7.591,0.862,0.435;17.276,6.566,1.318;1.818,13.113,0.653;9.172,9.405,2.202"
8,drone_4,6.7560,6.9873,17.0000,17.0000,"11.294,19.317,0.853;19.345,3.146,1.273;16.496,7.884,0.381;1.339,18.247,0.980;6.751,3.208,0.290;1.597,18.936,0.411;5.831,17.363,0.235;10.558,12.892,0.463;5.832,1.461,0.332;10.097,12.441,2.241;0.777,19.005,1.302;15.005,8.135,1.610;13.972,15.962,0.453;11.698,18.458,0.926;16.503,5.622,0.344;10.412,18.974,0.493;19.686,11.361,0.474;18.400,7.706,0.375;13.032,7.521,0.823;18.860,0.691,1.239;10.229,1.031,1.331;10.965,11.910,2.376;10.187,18.001,1.100;8.320,8.335,0.725;11.194,17.132,0.296;17.570,0.380,0.262;10.399,4.179,0.808;18.600,2.136,0.370;15.873,19.527,0.287;18.372,4.933,1.770;14.507,4.573,0.426;13.090,6.513,1.993;7.437,10.328,0.944;8.346,15.182,0.325;2.481,13.674,0.390;0.269,6.395,0.235;6.357,9.930,0.404;16.643,7.083,1.124;7.464,18.965,1.236;6.533,17.776,0.225;11.776,19.080,0.938;9.348,7.331,0.277;8.373,10.131,0.203;12.341,15.070,0.205;11.069,5.690,0.236;11.921,14.232,1.839;13.491,19.307,0.479;10.401,6.449,1.053;1.988,12.112,1.019;17.758,9.628,0.434;13.858,14.631,0.279;9.914,16.198,0.221;19.368,19.621,0.491;11.996,12.184,2.012;6.835,13.504,0.345;8.038,18.017,0.316;17.186,9.308,1.723;14.891,13.471,0.975;15.582,10.066,1.198;16.489,2.128,0.872;15.792,10.217,2.240;19.731,9.674,0.358;7.591,0.862,0.435;17.276,6.566,1.318;1.818,13.113,0.653;9.172,9.405,2.202"
8,drone_5,3.8186,5.5459,17.0000,17.0000,"11.294,19.317,0.853;19.345,3.146,1.273;16.496,7.884,0.381;1.339,18.247,0.980;6.751,3.208,0.290;1.597,18.936,0.411;5.831,17.363,0.235;10.558,12.892,0.463;5.832,1.461,0.332;10.097,12.441,2.241;0.777,19.005,1.302;15.005,8.135,1.610;13.972,15.962,0.453;11.698,18.458,0.926;16.503,5.622,0.344;10.412,18.974,0.493;19.686,11.361,0.474;18.400,7.706,0.375;13.032,7.521,0.823;18.860,0.691,1.239;10.229,1.031,1.331;10.965,11.910,2.376;10.187,18.001,1.100;8.320,8.335,0.725;11.194,17.132,0.296;17.570,0.380,0.262;10.399,4.179,0.808;18.600,2.136,0.370;15.873,19.527,0.287;18.372,4.933,1.770;14.507,4.573,0.426;13.090,6.513,1.993;7.437,10.328,0.944;8.346,15.182,0.325;2.481,13.674,0.390;0.269,6.395,0.235;6.357,9.930,0.404;16.643,7.083,1.124;7.464,18.965,1.236;6.533,17.776,0.225;11.776,19.080,0.938;9.348,7.331,0.277;8.373,10.131,0.203;12.341,15.070,0.205;11.069,5.690,0.236;11.921,14.232,1.839;13.491,19.307,0.479;10.401,6.449,1.053;1.988,12.112,1.019;17.758,9.628,0.434;13.858,14.631,0.279;9.914,16.198,0.221;19.368,19.621,0.491;11.996,12.184,2.012;6.835,13.504,0.345;8.038,18.017,0.316;17.186,9.308,1.723;14.891,13.471,0.975;15.582,10.066,1.198;16.489,2.128,0.872;15.792,10.217,2.240;19.731,9.674,0.358;7.591,0.862,0.435;17.276,6.566,1.318;1.818,13.113,0.653;9.172,9.405,2.202"
8,drone_6,5.7016,12.9310,17.0000,17.0000,"11.294,19.317,0.853;19.345,3.146,1.273;16.496,7.884,0.381;1.339,18.247,0.980;6.751,3.208,0.290;1.597,18.936,0.411;5.831,17.363,0.235;10.558,12.892,0.463;5.832,1.461,0.332;10.097,12.441,2.241;0.777,19.005,1.302;15.005,8.135,1.610;13.972,15.962,0.453;11.698,18.458,0.926;16.503,5.622,0.344;10.412,18.974,0.493;19.686,11.361,0.474;18.400,7.706,0.375;13.032,7.521,0.823;18.860,0.691,1.239;10.229,1.031,1.331;10.965,11.910,2.376;10.187,18.001,1.100;8.320,8.335,0.725;11.194,17.132,0.296;17.570,0.380,0.262;10.399,4.179,0.808;18.600,2.136,0.370;15.873,19.527,0.287;18.372,4.933,1.770;14.507,4.573,0.426;13.090,6.513,1.993;7.437,10.328,0.944;8.346,15.182,0.325;2.481,13.674,0.390;0.269,6.395,0.235;6.357,9.930,0.404;16.643,7.083,1.124;7.464,18.965,1.236;6.533,17.776,0.225;11.776,19.080,0.938;9.348,7.331,0.277;8.373,10.131,0.203;12.341,15.070,0.205;11.069,5.690,0.236;11.921,14.232,1.839;13.491,19.307,0.479;10.401,6.449,1.053;1.988,12.112,1.019;17.758,9.628,0.434;13.858,14.631,0.279;9.914,16.198,0.221;19.368,19.621,0.491;11.996,12.184,2.012;6.835,13.504,0.345;8.038,18.017,0.316;17.186,9.308,1.723;14.891,13.471,0.975;15.582,10.066,1.198;16.489,2.128,0.872;15.792,10.217,2.240;19.731,9.674,0.358;7.591,0.862,0.435;17.276,6.566,1.318;1.818,13.113,0.653;9.172,9.405,2.202"
8,drone_7,4.8348,16.7653,17.0000,17.0000,"11.294,19.317,0.853;19.345,3.146,1.273;16.496,7.884,0.381;1.339,18.247,0.980;6.751,3.208,0.290;1.597,18.936,0.411;5.831,17.363,0.235;10.558,12.892,0.463;5.832,1.461,0.332;10.097,12.441,2.241;0.777,19.005,1.302;15.005,8.135,1.610;13.972,15.962,0.453;11.698,18.458,0.926;16.503,5.622,0.344;10.412,18.974,0.493;19.686,11.361,0.474;18.400,7.706,0.375;13.032,7.521,0.823;18.860,0.691,1.239;10.229,1.031,1.331;10.965,11.910,2.376;10.187,18.001,1.100;8.320,8.335,0.725;11.194,17.132,0.296;17.570,0.380,0.262;10.399,4.179,0.808;18.600,2.136,0.370;15.873,19.527,0.287;18.372,4.933,1.770;14.507,4.573,0.426;13.090,6.513,1.993;7.437,10.328,0.944;8.346,15.182,0.325;2.481,13.674,0.390;0.269,6.395,0.235;6.357,9.930,0.404;16.643,7.083,1.124;7.464,18.965,1.236;6.533,17.776,0.225;11.776,19.080,0.938;9.348,7.331,0.277;8.373,10.131,0.203;12.341,15.070,0.205;11.069,5.690,0.236;11.921,14.232,1.839;13.491,19.307,0.479;10.401,6.449,1.053;1.988,12.112,1.019;17.758,9.628,0.434;13.858,14.631,0.279;9.914,16.198,0.221;19.368,19.621,0.491;11.996,12.184,2.012;6.835,13.504,0.345;8.038,18.017,0.316;17.186,9.308,1.723;14.891,13.471,0.975;15.582,10.066,1.198;16.489,2.128,0.872;15.792,10.217,2.240;19.731,9.674,0.358;7.591,0.862,0.435;17.276,6.566,1.318;1.818,13.113,0.653;9.172,9.405,2.202"
8,drone_8,15.0425,3.4369,17.0000,17.0000,"11.294,19.317,0.853;19.345,3.146,1.273;16.496,7.884,0.381;1.339,18.247,0.980;6.751,3.208,0.290;1.597,18.936,0.411;5.831,17.363,0.235;10.558,12.892,0.463;5.832,1.461,0.332;10.097,12.441,2.241;0.777,19.005,1.302;15.005,8.135,1.610;13.972,15.962,0.453;11.698,18.458,0.926;16.503,5.622,0.344;10.412,18.974,0.493;19.686,11.361,0.474;18.400,7.706,0.375;13.032,7.521,0.823;18.860,0.691,1.239;10.229,1.031,1.331;10.965,11.910,2.376;10.187,18.001,1.100;8.320,8.335,0.725;11.194,17.132,0.296;17.570,0.380,0.262;10.399,4.179,0.808;18.600,2.136,0.370;15.873,19.527,0.287;18.372,4.933,1.770;14.507,4.573,0.426;13.090,6.513,1.993;7.437,10.328,0.944;8.346,15.182,0.325;2.481,13.674,0.390;0.269,6.395,0.235;6.357,9.930,0.404;16.643,7.083,1.124;7.464,18.965,1.236;6.533,17.776,0.225;11.776,19.080,0.938;9.348,7.331,0.277;8.373,10.131,0.203;12.341,15.070,0.205;11.069,5.690,0.236;11.921,14.232,1.839;13.491,19.307,0.479;10.401,6.449,1.053;1.988,12.112,1.019;17.758,9.628,0.434;13.858,14.631,0.279;9.914,16.198,0.221;19.368,19.621,0.491;11.996,12.184,2.012;6.835,13.504,0.345;8.038,18.017,0.316;17.186,9.308,1.723;14.891,13.471,0.975;15.582,10.066,1.198;16.489,2.128,0.872;15.792,10.217,2.240;19.731,9.674,0.358;7.591,0.862,0.435;17.276,6.566,1.318;1.818,13.113,0.653;9.172,9.405,2.202"
8,drone_9,5.9677,18.7861,17.0000,17.0000,"11.294,19.317,0.853;19.345,3.146,1.273;16.496,7.884,0.381;1.339,18.247,0.980;6.751,3.208,0.290;1.597,18.936,0.411;5.831,17.363,0.235;10.558,12.892,0.463;5.832,1.461,0.332;10.097,12.441,2.241;0.777,19.005,1.302;15.005,8.135,1.610;13.972,15.962,0.453;11.698,18.458,0.926;16.503,5.622,0.344;10.412,18.974,0.493;19.686,11.361,0.474;18.400,7.706,0.375;13.032,7.521,0.823;18.860,0.691,1.239;10.229,1.031,1.331;10.965,11.910,2.376;10.187,18.001,1.100;8.320,8.335,0.725;11.194,17.132,0.296;17.570,0.380,0.262;10.399,4.179,0.808;18.600,2.136,0.370;15.873,19.527,0.287;18.372,4.933,1.770;14.507,4.573,0.426;13.090,6.513,1.993;7.437,10.328,0.944;8.346,15.182,0.325;2.481,13.674,0.390;0.269,6.395,0.235;6.357,9.930,0.404;16.643,7.083,1.124;7.464,18.965,1.236;6.533,17.776,0.225;11.776,19.080,0.938;9.348,7.331,0.277;8.373,10.131,0.203;12.341,15.070,0.205;11.069,5.690,0.236;11.921,14.232,1.839;13.491,19.307,0.479;10.401,6.449,1.053;1.988,12.112,1.019;17.758,9.628,0.434;13.858,14.631,0.279;9.914,16.198,0.221;19.368,19.621,0.491;11.996,12.184,2.012;6.835,13.504,0.345;8.038,18.017,0.316;17.186,9.308,1.723;14.891,13.471,0.975;15.582,10.066,1.198;16.489,2.128,0.872;15.792,10.217,2.240;19.731,9.674,0.358;7.591,0.862,0.435;17.276,6.566,1.318;1.818,13.113,0.653;9.172,9.405,2.202"
9,drone_0,5.3132,9.8315,17.0000,17.0000,"11.294,19.317,0.853;19.345,3.146,1.273;16.496,7.884,0.381;1.339,18.247,0.980;6.751,3.208,0.290;1.597,18.936,0.411;5.831,17.363,0.235;10.558,12.892,0.463;5.832,1.461,0.332;10.097,12.441,2.241;0.777,19.005,1.302;15.005,8.135,1.610;13.972,15.962,0.453;11.698,18.458,0.926;16.503,5.622,0.344;10.412,18.974,0.493;19.686,11.361,0.474;18.400,7.706,0.375;13.032,7.521,0.823;18.860,0.691,1.239;10.229,1.031,1.331;10.965,11.910,2.376;10.187,18.001,1.100;8.320,8.335,0.725;11.194,17.132,0.296;17.570,0.380,0.262;10.399,4.179,0.808;18.600,2.136,0.370;15.873,19.527,0.287;18.372,4.933,1.770;14.507,4.573,0.426;13.090,6.513,1.993;7.437,10.328,0.944;8.346,15.182,0.325;2.481,13.674,0.390;0.269,6.395,0.235;6.357,9.930,0.404;16.643,7.083,1.124;7.464,18.965,1.236;6.533,17.776,0.225;11.776,19.080,0.938;9.348,7.331,0.277;8.373,10.131,0.203;12.341,15.070,0.205;11.069,5.690,0.236;11.921,14.232,1.839;13.491,19.307,0.479;10.401,6.449,1.053;1.988,12.112,1.019;17.758,9.628,0.434;13.858,14.631,0.279;9.914,16.198,0.221;19.368,19.621,0.491;11.996,12.184,2.012;6.835,13.504,0.345;8.038,18.017,0.316;17.186,9.308,1.723;14.891,13.471,0.975;15.582,10.066,1.198;16.489,2.128,0.872;15.792,10.217,2.240;19.731,9.674,0.358;7.591,0.862,0.435;17.276,6.566,1.318;1.818,13.113,0.653;9.172,9.405,2.202"
9,drone_1,2.3890,3.4741,17.0000,17.0000,"11.294,19.317,0.853;19.345,3.146,1.273;16.496,7.884,0.381;1.339,18.247,0.980;6.751,3.208,0.290;1.597,18.936,0.411;5.831,17.363,0.235;10.558,12.892,0.463;5.832,1.461,0.332;10.097,12.441,2.241;0.777,19.005,1.302;15.005,8.135,1.610;13.972,15.962,0.453;11.698,18.458,0.926;16.503,5.622,0.344;10.412,18.974,0.493;19.686,11.361,0.474;18.400,7.706,0.375;13.032,7.521,0.823;18.860,0.691,1.239;10.229,1.031,1.331;10.965,11.910,2.376;10.187,18.001,1.100;8.320,8.335,0.725;11.194,17.132,0.296;17.570,0.380,0.262;10.399,4.179,0.808;18.600,2.136,0.370;15.873,19.527,0.287;18.372,4.933,1.770;14.507,4.573,0.426;13.090,6.513,1.993;7.437,10.328,0.944;8.346,15.182,0.325;2.481,13.674,0.390;0.269,6.395,0.235;6.357,9.930,0.404;16.643,7.083,1.124;7.464,18.965,1.236;6.533,17.776,0.225;11.776,19.080,0.938;9.348,7.331,0.277;8.373,10.131,0.203;12.341,15.070,0.205;11.069,5.690,0.236;11.921,14.232,1.839;13.491,19.307,0.479;10.401,6.449,1.053;1.988,12.112,1.019;17.758,9.628,0.434;13.858,14.631,0.279;9.914,16.198,0.221;19.368,19.621,0.491;11.996,12.184,2.012;6.835,13.504,0.345;8.038,18.017,0.316;17.186,9.308,1.723;14.891,13.471,0.975;15.582,10.066,1.198;16.489,2.128,0.872;15.792,10.217,2.240;19.731,9.674,0.358;7.591,0.862,0.435;17.276,6.566,1.318;1.818,13.113,0.653;9.172,9.405,2.202"
9,drone_2,8.6767,6.3379,17.0000,17.0000,"11.294,19.317,0.853;19.345,3.146,1.273;16.496,7.884,0.381;1.339,18.247,0.980;6.751,3.208,0.290;1.597,18.936,0.411;5.831,17.363,0.235;10.558,12.892,0.463;5.832,1.461,0.332;10.097,12.441,2.241;0.777,19.005,1.302;15.005,8.135,1.610;13.972,15.962,0.453;11.698,18.458,0.926;16.503,5.622,0.344;10.412,18.974,0.493;19.686,11.361,0.474;18.400,7.706,0.375;13.032,7.521,0.823;18.860,0.691,1.239;10.229,1.031,1.331;10.965,11.910,2.376;10.187,18.001,1.100;8.320,8.335,0.725;11.194,17.132,0.296;17.570,0.380,0.262;10.399,4.179,0.808;18.600,2.136,0.370;15.873,19.527,0.287;18.372,4.933,1.770;14.507,4.573,0.426;13.090,6.513,1.993;7.437,10.328,0.944;8.346,15.182,0.325;2.481,13.674,0.390;0.269,6.395,0.235;6.357,9.930,0.404;16.643,7.083,1.124;7.464,18.965,1.236;6.533,17.776,0.225;11.776,19.080,0.938;9.348,7.331,0.277;8.373,10.131,0.203;12.341,15.070,0.205;11.069,5.690,0.236;11.921,14.232,1.839;13.491,19.307,0.479;10.401,6.449,1.053;1.988,12.112,1.019;17.758,9.628,0.434;13.858,14.631,0.279;9.914,16.198,0.221;19.368,19.621,0.491;11.996,12.184,2.012;6.835,13.504,0.345;8.038,18.017,0.316;17.186,9.308,1.723;14.891,13.471,0.975;15.582,10.066,1.198;16.489,2.128,0.872;15.792,10.217,2.240;19.731,9.674,0.358;7.591,0.862,0.435;17.276,6.566,1.318;1.818,13.113,0.653;9.172,9.405,2.202"
9,drone_3,7.4560,16.4041,17.0000,17.0000,"11.294,19.317,0.853;19.345,3.146,1.273;16.496,7.884,0.381;1.339,18.247,0.980;6.751,3.208,0.290;1.597,18.936,0.411;5.831,17.363,0.235;10.558,12.892,0.463;5.832,1.461,0.332;10.097,12.441,2.241;0.777,19.005,1.302;15.005,8.135,1.610;13.972,15.962,0.453;11.698,18.458,0.926;16.503,5.622,0.344;10.412,18.974,0.493;19.686,11.361,0.474;18.400,7.706,0.375;13.032,7.521,0.823;18.860,0.691,1.239;10.229,1.031,1.331;10.965,11.910,2.376;10.187,18.001,1.100;8.320,8.335,0.725;11.194,17.132,0.296;17.570,0.380,0.262;10.399,4.179,0.808;18.600,2.136,0.370;15.873,19.527,0.287;18.372,4.933,1.770;14.507,4.573,0.426;13.090,6.513,1.993;7.437,10.328,0.944;8.346,15.182,0.325;2.481,13.674,0.390;0.269,6.395,0.235;6.357,9.930,0.404;16.643,7.083,1.124;7.464,18.965,1.236;6.533,17.776,0.225;11.776,19.080,0.938;9.348,7.331,0.277;8.373,10.131,0.203;12.341,15.070,0.205;11.069,5.690,0.236;11.921,14.232,1.839;13.491,19.307,0.479;10.401,6.449,1.053;1.988,12.112,1.019;17.758,9.628,0.434;13.858,14.631,0.279;9.914,16.198,0.221;19.368,19.621,0.491;11.996,12.184,2.012;6.835,13.504,0.345;8.038,18.017,0.316;17.186,9.308,1.723;14.891,13.471,0.975;15.582,10.066,1.198;16.489,2.128,0.872;15.792,10.217,2.240;19.731,9.674,0.358;7.591,0.862,0.435;17.276,6.566,1.318;1.818,13.113,0.653;9.172,9.405,2.202"
9,drone_4,6.9499,6.9384,17.0000,17.0000,"11.294,19.317,0.853;19.345,3.146,1.273;16.496,7.884,0.381;1.339,18.247,0.980;6.751,3.208,0.290;1.597,18.936,0.411;5.831,17.363,0.235;10.558,12.892,0.463;5.832,1.461,0.332;10.097,12.441,2.241;0.777,19.005,1.302;15.005,8.135,1.610;13.972,15.962,0.453;11.698,18.458,0.926;16.503,5.622,0.344;10.412,18.974,0.493;19.686,11.361,0.474;18.400,7.706,0.375;13.032,7.521,0.823;18.860,0.691,1.239;10.229,1.031,1.331;10.965,11.910,2.376;10.187,18.001,1.100;8.320,8.335,0.725;11.194,17.132,0.296;17.570,0.380,0.262;10.399,4.179,0.808;18.600,2.136,0.370;15.873,19.527,0.287;18.372,4.933,1.770;14.507,4.573,0.426;13.090,6.513,1.993;7.437,10.328,0.944;8.346,15.182,0.325;2.481,13.674,0.390;0.269,6.395,0.235;6.357,9.930,0.404;16.643,7.083,1.124;7.464,18.965,1.236;6.533,17.776,0.225;11.776,19.080,0.938;9.348,7.331,0.277;8.373,10.131,0.203;12.341,15.070,0.205;11.069,5.690,0.236;11.921,14.232,1.839;13.491,19.307,0.479;10.401,6.449,1.053;1.988,12.112,1.019;17.758,9.628,0.434;13.858,14.631,0.279;9.914,16.198,0.221;19.368,19.621,0.491;11.996,12.184,2.012;6.835,13.504,0.345;8.038,18.017,0.316;17.186,9.308,1.723;14.891,13.471,0.975;15.582,10.066,1.198;16.489,2.128,0.872;15.792,10.217,2.240;19.731,9.674,0.358;7.591,0.862,0.435;17.276,6.566,1.318;1.818,13.113,0.653;9.172,9.405,2.202"
9,drone_5,4.0181,5.5318,17.0000,17.0000,"11.294,19.317,0.853;19.345,3.146,1.273;16.496,7.884,0.381;1.339,18.247,0.980;6.751,3.208,0.290;1.597,18.936,0.411;5.831,17.363,0.235;10.558,12.892,0.463;5.832,1.461,0.332;10.097,12.441,2.241;0.777,19.005,1.302;15.005,8.135,1.610;13.972,15.962,0.453;11.698,18.458,0.926;16.503,5.622,0.344;10.412,18.974,0.493;19.686,11.361,0.474;18.400,7.706,0.375;13.032,7.521,0.823;18.860,0.691,1.239;10.229,1.031,1.331;10.965,11.910,2.376;10.187,18.001,1.100;8.320,8.335,0.725;11.194,17.132,0.296;17.570,0.380,0.262;10.399,4.179,0.808;18.600,2.136,0.370;15.873,19.527,0.287;18.372,4.933,1.770;14.507,4.573,0.426;13.090,6.513,1.993;7.437,10.328,0.944;8.346,15.182,0.325;2.481,13.674,0.390;0.269,6.395,0.235;6.357,9.930,0.404;16.643,7.083,1.124;7.464,18.965,1.236;6.533,17.776,0.225;11.776,19.080,0.938;9.348,7.331,0.277;8.373,10.131,0.203;12.341,15.070,0.205;11.069,5.690,0.236;11.921,14.232,1.839;13.491,19.307,0.479;10.401,6.449,1.053;1.988,12.112,1.019;17.758,9.628,0.434;13.858,14.631,0.279;9.914,16.198,0.221;19.368,19.621,0.491;11.996,12.184,2.012;6.835,13.504,0.345;8.038,18.017,0.316;17.186,9.308,1.723;14.891,13.471,0.975;15.582,10.066,1.198;16.489,2.128,0.872;15.792,10.217,2.240;19.731,9.674,0.358;7.591,0.862,0.435;17.276,6.566,1.318;1.818,13.113,0.653;9.172,9.405,2.202"
9,drone_6,5.8282,13.0858,17.0000,17.0000,"11.294,19.317,0.853;19.345,3.146,1.273;16.496,7.884,0.381;1.339,18.247,0.980;6.751,3.208,0.290;1.597,18.936,0.411;5.831,17.363,0.235;10.558,12.892,0.463;5.832,1.461,0.332;10.097,12.441,2.241;0.777,19.005,1.302;15.005,8.135,1.610;13.972,15.962,0.453;11.698,18.458,0.926;16.503,5.622,0.344;10.412,18.974,0.493;19.686,11.361,0.474;18.400,7.706,0.375;13.032,7.521,0.823;18.860,0.691,1.239;10.229,1.031,1.331;10.965,11.910,2.376;10.187,18.001,1.100;8.320,8.335,0.725;11.194,17.132,0.296;17.570,0.380,0.262;10.399,4.179,0.808;18.600,2.136,0.370;15.873,19.527,0.287;18.372,4.933,1.770;14.507,4.573,0.426;13.090,6.513,1.993;7.437,10.328,0.944;8.346,15.182,0.325;2.481,13.674,0.390;0.269,6.395,0.235;6.357,9.930,0.404;16.643,7.083,1.124;7.464,18.965,1.236;6.533,17.776,0.225;11.776,19.080,0.938;9.348,7.331,0.277;8.373,10.131,0.203;12.341,15.070,0.205;11.069,5.690,0.236;11.921,14.232,1.839;13.491,19.307,0.479;10.401,6.449,1.053;1.988,12.112,1.019;17.758,9.628,0.434;13.858,14.631,0.279;9.914,16.198,0.221;19.368,19.621,0.491;11.996,12.184,2.012;6.835,13.504,0.345;8.038,18.017,0.316;17.186,9.308,1.723;14.891,13.471,0.975;15.582,10.066,1.198;16.489,2.128,0.872;15.792,10.217,2.240;19.731,9.674,0.358;7.591,0.862,0.435;17.276,6.566,1.318;1.818,13.113,0.653;9.172,9.405,2.202"
9,drone_7,4.9845,16.8979,17.0000,17.0000,"11.294,19.317,0.853;19.345,3.146,1.273;16.496,7.884,0.381;1.339,18.247,0.980;6.751,3.208,0.290;1.597,18.936,0.411;5.831,17.363,0.235;10.558,12.892,0.463;5.832,1.461,0.332;10.097,12.441,2.241;0.777,19.005,1.302;15.005,8.135,1.610;13.972,15.962,0.453;11.698,18.458,0.926;16.503,5.622,0.344;10.412,18.974,0.493;19.686,11.361,0.474;18.400,7.706,0.375;13.032,7.521,0.823;18.860,0.691,1.239;10.229,1.031,1.331;10.965,11.910,2.376;10.187,18.001,1.100;8.320,8.335,0.725;11.194,17.132,0.296;17.570,0.380,0.262;10.399,4.179,0.808;18.600,2.136,0.370;15.873,19.527,0.287;18.372,4.933,1.770;14.507,4.573,0.426;13.090,6.513,1.993;7.437,10.328,0.944;8.346,15.182,0.325;2.481,13.674,0.390;0.269,6.395,0.235;6.357,9.930,0.404;16.643,7.083,1.124;7.464,18.965,1.236;6.533,17.776,0.225;11.776,19.080,0.938;9.348,7.331,0.277;8.373,10.131,0.203;12.341,15.070,0.205;11.069,5.690,0.236;11.921,14.232,1.839;13.491,19.307,0.479;10.401,6.449,1.053;1.988,12.112,1.019;17.758,9.628,0.434;13.858,14.631,0.279;9.914,16.198,0.221;19.368,19.621,0.491;11.996,12.184,2.012;6.835,13.504,0.345;8.038,18.017,0.316;17.186,9.308,1.723;14.891,13.471,0.975;15.582,10.066,1.198;16.489,2.128,0.872;15.792,10.217,2.240;19.731,9.674,0.358;7.591,0.862,0.435;17.276,6.566,1.318;1.818,13.113,0.653;9.172,9.405,2.202"
9,drone_8,15.1731,3.5884,17.0000,17.0000,"11.294,19.317,0.853;19.345,3.146,1.273;16.496,7.884,0.381;1.339,18.247,0.980;6.751,3.208,0.290;1.597,18.936,0.411;5.831,17.363,0.235;10.558,12.892,0.463;5.832,1.461,0.332;10.097,12.441,2.241;0.777,19.005,1.302;15.005,8.135,1.610;13.972,15.962,0.453;11.698,18.458,0.926;16.503,5.622,0.344;10.412,18.974,0.493;19.686,11.361,0.474;18.400,7.706,0.375;13.032,7.521,0.823;18.860,0.691,1.239;10.229,1.031,1.331;10.965,11.910,2.376;10.187,18.001,1.100;8.320,8.335,0.725;11.194,17.132,0.296;17.570,0.380,0.262;10.399,4.179,0.808;18.600,2.136,0.370;15.873,19.527,0.287;18.372,4.933,1.770;14.507,4.573,0.426;13.090,6.513,1.993;7.437,10.328,0.944;8.346,15.182,0.325;2.481,13.674,0.390;0.269,6.395,0.235;6.357,9.930,0.404;16.643,7.083,1.124;7.464,18.965,1.236;6.533,17.776,0.225;11.776,19.080,0.938;9.348,7.331,0.277;8.373,10.131,0.203;12.341,15.070,0.205;11.069,5.690,0.236;11.921,14.232,1.839;13.491,19.307,0.479;10.401,6.449,1.053;1.988,12.112,1.019;17.758,9.628,0.434;13.858,14.631,0.279;9.914,16.198,0.221;19.368,19.621,0.491;11.996,12.184,2.012;6.835,13.504,0.345;8.038,18.017,0.316;17.186,9.308,1.723;14.891,13.471,0.975;15.582,10.066,1.198;16.489,2.128,0.872;15.792,10.217,2.240;19.731,9.674,0.358;7.591,0.862,0.435;17.276,6.566,1.318;1.818,13.113,0.653;9.172,9.405,2.202"
9,drone_9,-100.0000,-100.0000,17.0000,17.0000,"11.294,19.317,0.853;19.345,3.146,1.273;16.496,7.884,0.381;1.339,18.247,0.980;6.751,3.208,0.290;1.597,18.936,0.411;5.831,17.363,0.235;10.558,12.892,0.463;5.832,1.461,0.332;10.097,12.441,2.241;0.777,19.005,1.302;15.005,8.135,1.610;13.972,15.962,0.453;11.698,18.458,0.926;16.503,5.622,0.344;10.412,18.974,0.493;19.686,11.361,0.474;18.400,7.706,0.375;13.032,7.521,0.823;18.860,0.691,1.239;10.229,1.031,1.331;10.965,11.910,2.376;10.187,18.001,1.100;8.320,8.335,0.725;11.194,17.132,0.296;17.570,0.380,0.262;10.399,4.179,0.808;18.600,2.136,0.370;15.873,19.527,0.287;18.372,4.933,1.770;14.507,4.573,0.426;13.090,6.513,1.993;7.437,10.328,0.944;8.346,15.182,0.325;2.481,13.674,0.390;0.269,6.395,0.235;6.357,9.930,0.404;16.643,7.083,1.124;7.464,18.965,1.236;6.533,17.776,0.225;11.776,19.080,0.938;9.348,7.331,0.277;8.373,10.131,0.203;12.341,15.070,0.205;11.069,5.690,0.236;11.921,14.232,1.839;13.491,19.307,0.479;10.401,6.449,1.053;1.988,12.112,1.019;17.758,9.628,0.434;13.858,14.631,0.279;9.914,16.198,0.221;19.368,19.621,0.491;11.996,12.184,2.012;6.835,13.504,0.345;8.038,18.017,0.316;17.186,9.308,1.723;14.891,13.471,0.975;15.582,10.066,1.198;16.489,2.128,0.872;15.792,10.217,2.240;19.731,9.674,0.358;7.591,0.862,0.435;17.276,6.566,1.318;1.818,13.113,0.653;9.172,9.405,2.202"
10,drone_0,5.4140,9.9135,17.0000,17.0000,"11.294,19.317,0.853;19.345,3.146,1.273;16.496,7.884,0.381;1.339,18.247,0.980;6.751,3.208,0.290;1.597,18.936,0.411;5.831,17.363,0.235;10.558,12.892,0.463;5.832,1.461,0.332;10.097,12.441,2.241;0.777,19.005,1.302;15.005,8.135,1.610;13.972,15.962,0.453;11.698,18.458,0.926;16.503,5.622,0.344;10.412,18.974,0.493;19.686,11.361,0.474;18.400,7.706,0.375;13.032,7.521,0.823;18.860,0.691,1.239;10.229,1.031,1.331;10.965,11.910,2.376;10.187,18.001,1.100;8.320,8.335,0.725;11.194,17.132,0.296;17.570,0.380,0.262;10.399,4.179,0.808;18.600,2.136,0.370;15.873,19.527,0.287;18.372,4.933,1.770;14.507,4.573,0.426;13.090,6.513,1.993;7.437,10.328,0.944;8.346,15.182,0.325;2.481,13.674,0.390;0.269,6.395,0.235;6.357,9.930,0.404;16.643,7.083,1.124;7.464,18.965,1.236;6.533,17.776,0.225;11.776,19.080,0.938;9.348,7.331,0.277;8.373,10.131,0.203;12.341,15.070,0.205;11.069,5.690,0.236;11.921,14.232,1.839;13.491,19.307,0.479;10.401,6.449,1.053;1.988,12.112,1.019;17.758,9.628,0.434;13.858,14.631,0.279;9.914,16.198,0.221;19.368,19.621,0.491;11.996,12.184,2.012;6.835,13.504,0.345;8.038,18.017,0.316;17.186,9.308,1.723;14.891,13.471,0.975;15.582,10.066,1.198;16.489,2.128,0.872;15.792,10.217,2.240;19.731,9.674,0.358;7.591,0.862,0.435;17.276,6.566,1.318;1.818,13.113,0.653;9.172,9.405,2.202"
10,drone_1,2.3356,3.6669,17.0000,17.0000,"11.294,19.317,0.853;19.345,3.146,1.273;16.496,7.884,0.381;1.339,18.247,0.980;6.751,3.208,0.290;1.597,18.936,0.411;5.831,17.363,0.235;10.558,12.892,0.463;5.832,1.461,0.332;10.097,12.441,2.241;0.777,19.005,1.302;15.005,8.135,1.610;13.972,15.962,0.453;11.698,18.458,0.926;16.503,5.622,0.344;10.412,18.974,0.493;19.686,11.361,0.474;18.400,7.706,0.375;13.032,7.521,0.823;18.860,0.691,1.239;10.229,1.031,1.331;10.965,11.910,2.376;10.187,18.001,1.100;8.320,8.335,0.725;11.194,17.132,0.296;17.570,0.380,0.262;10.399,4.179,0.808;18.600,2.136,0.370;15.873,19.527,0.287;18.372,4.933,1.770;14.507,4.573,0.426;13.090,6.513,1.993;7.437,10.328,0.944;8.346,15.182,0.325;2.481,13.674,0.390;0.269,6.395,0.235;6.357,9.930,0.404;16.643,7.083,1.124;7.464,18.965,1.236;6.533,17.776,0.225;11.776,19.080,0.938;9.348,7.331,0.277;8.373,10.131,0.203;12.341,15.070,0.205;11.069,5.690,0.236;11.921,14.232,1.839;13.491,19.307,0.479;10.401,6.449,1.053;1.988,12.112,1.019;17.758,9.628,0.434;13.858,14.631,0.279;9.914,16.198,0.221;19.368,19.621,0.491;11.996,12.184,2.012;6.835,13.504,0.345;8.038,18.017,0.316;17.186,9.308,1.723;14.891,13.471,0.975;15.582,10.066,1.198;16.489,2.128,0.872;15.792,10.217,2.240;19.731,9.674,0.358;7.591,0.862,0.435;17.276,6.566,1.318;1.818,13.113,0.653;9.172,9.405,2.202"
10,drone_2,8.8384,6.4556,17.0000,17.0000,"11.294,19.317,0.853;19.345,3.146,1.273;16.496,7.884,0.381;1.339,18.247,0.980;6.751,3.208,0.290;1.597,18.936,0.411;5.831,17.363,0.235;10.558,12.892,0.463;5.832,1.461,0.332;10.097,12.441,2.241;0.777,19.005,1.302;15.005,8.135,1.610;13.972,15.962,0.453;11.698,18.458,0.926;16.503,5.622,0.344;10.412,18.974,0.493;19.686,11.361,0.474;18.400,7.706,0.375;13.032,7.521,0.823;18.860,0.691,1.239;10.229,1.031,1.331;10.965,11.910,2.376;10.187,18.001,1.100;8.320,8.335,0.725;11.194,17.132,0.296;17.570,0.380,0.262;10.399,4.179,0.808;18.600,2.136,0.370;15.873,19.527,0.287;18.372,4.933,1.770;14.507,4.573,0.426;13.090,6.513,1.993;7.437,10.328,0.944;8.346,15.182,0.325;2.481,13.674,0.390;0.269,6.395,0.235;6.357,9.930,0.404;16.643,7.083,1.124;7.464,18.965,1.236;6.533,17.776,0.225;11.776,19.080,0.938;9.348,7.331,0.277;8.373,10.131,0.203;12.341,15.070,0.205;11.069,5.690,0.236;11.921,14.232,1.839;13.491,19.307,0.479;10.401,6.449,1.053;1.988,12.112,1.019;17.758,9.628,0.434;13.858,14.631,0.279;9.914,16.198,0.221;19.368,19.621,0.491;11.996,12.184,2.012;6.835,13.504,0.345;8.038,18.017,0.316;17.186,9.308,1.723;14.891,13.471,0.975;15.582,10.066,1.198;16.489,2.128,0.872;15.792,10.217,2.240;19.731,9.674,0.358;7.591,0.862,0.435;17.276,6.566,1.318;1.818,13.113,0.653;9.172,9.405,2.202"
10,drone_3,7.6356,16.4922,17.0000,17.0000,"11.294,19.317,0.853;19.345,3.146,1.273;16.496,7.884,0.381;1.339,18.247,0.980;6.751,3.208,0.290;1.597,18.936,0.411;5.831,17.363,0.235;10.558,12.892,0.463;5.832,1.461,0.332;10.097,12.441,2.241;0.777,19.005,1.302;15.005,8.135,1.610;13.972,15.962,0.453;11.698,18.458,0.926;16.503,5.622,0.344;10.412,18.974,0.493;19.686,11.361,0.474;18.400,7.706,0.375;13.032,7.521,0.823;18.860,0.691,1.239;10.229,1.031,1.331;10.965,11.910,2.376;10.187,18.001,1.100;8.320,8.335,0.725;11.194,17.132,0.296;17.570,0.380,0.262;10.399,4.179,0.808;18.600,2.136,0.370;15.873,19.527,0.287;18.372,4.933,1.770;14.507,4.573,0.426;13.090,6.513,1.993;7.437,10.328,0.944;8.346,15.182,0.325;2.481,13.674,0.390;0.269,6.395,0.235;6.357,9.930,0.404;16.643,7.083,1.124;7.464,18.965,1.236;6.533,17.776,0.225;11.776,19.080,0.938;9.348,7.331,0.277;8.373,10.131,0.203;12.341,15.070,0.205;11.069,5.690,0.236;11.921,14.232,1.839;13.491,19.307,0.479;10.401,6.449,1.053;1.988,12.112,1.019;17.758,9.628,0.434;13.858,14.631,0.279;9.914,16.198,0.221;19.368,19.621,0.491;11.996,12.184,2.012;6.835,13.504,0.345;8.038,18.017,0.316;17.186,9.308,1.723;14.891,13.471,0.975;15.582,10.066,1.198;16.489,2.128,0.872;15.792,10.217,2.240;19.731,9.674,0.358;7.591,0.862,0.435;17.276,6.566,1.318;1.818,13.113,0.653;9.172,9.405,2.202"
10,drone_4,7.1444,6.8915,17.0000,17.0000,"11.294,19.317,0.853;19.345,3.146,1.273;16.496,7.884,0.381;1.339,18.247,0.980;6.751,3.208,0.290;1.597,18.936,0.411;5.831,17.363,0.235;10.558,12.892,0.463;5.832,1.461,0.332;10.097,12.441,2.241;0.777,19.005,1.302;15.005,8.135,1.610;13.972,15.962,0.453;11.698,18.458,0.926;16.503,5.622,0.344;10.412,18.974,0.493;19.686,11.361,0.474;18.400,7.706,0.375;13.032,7.521,0.823;18.860,0.691,1.239;10.229,1.031,1.331;10.965,11.910,2.376;10.187,18.001,1.100;8.320,8.335,0.725;11.194,17.132,0.296;17.570,0.380,0.262;10.399,4.179,0.808;18.600,2.136,0.370;15.873,19.527,0.287;18.372,4.933,1.770;14.507,4.573,0.426;13.090,6.513,1.993;7.437,10.328,0.944;8.346,15.182,0.325;2.481,13.674,0.390;0.269,6.395,0.235;6.357,9.930,0.404;16.643,7.083,1.124;7.464,18.965,1.236;6.533,17.776,0.225;11.776,19.080,0.938;9.348,7.331,0.277;8.373,10.131,0.203;12.341,15.070,0.205;11.069,5.690,0.236;11.921,14.232,1.839;13.491,19.307,0.479;10.401,6.449,1.053;1.988,12.112,1.019;17.758,9.628,0.434;13.858,14.631,0.279;9.914,16.198,0.221;19.368,19.621,0.491;11.996,12.184,2.012;6.835,13.504,0.345;8.038,18.017,0.316;17.186,9.308,1.723;14.891,13.471,0.975;15.582,10.066,1.198;16.489,2.128,0.872;15.792,10.217,2.240;19.731,9.674,0.358;7.591,0.862,0.435;17.276,6.566,1.318;1.818,13.113,0.653;9.172,9.405,2.202"
10,drone_5,4.2177,5.5201,17.0000,17.0000,"11.294,19.317,0.853;19.345,3.146,1.273;16.496,7.884,0.381;1.339,18.247,0.980;6.751,3.208,0.290;1.597,18.936,0.411;5.831,17.363,0.235;10.558,12.892,0.463;5.832,1.461,0.332;10.097,12.441,2.241;0.777,19.005,1.302;15.005,8.135,1.610;13.972,15.962,0.453;11.698,18.458,0.926;16.503,5.622,0.344;10.412,18.974,0.493;19.686,11.361,0.474;18.400,7.706,0.375;13.032,7.521,0.823;18.860,0.691,1.239;10.229,1.031,1.331;10.965,11.910,2.376;10.187,18.001,1.100;8.320,8.335,0.725;11.194,17.132,0.296;17.570,0.380,0.262;10.399,4.179,0.808;18.600,2.136,0.370;15.873,19.527,0.287;18.372,4.933,1.770;14.507,4.573,0.426;13.090,6.513,1.993;7.437,10.328,0.944;8.346,15.182,0.325;2.481,13.674,0.390;0.269,6.395,0.235;6.357,9.930,0.404;16.643,7.083,1.124;7.464,18.965,1.236;6.533,17.776,0.225;11.776,19.080,0.938;9.348,7.331,0.277;8.373,10.131,0.203;12.341,15.070,0.205;11.069,5.690,0.236;11.921,14.232,1.839;13.491,19.307,0.479;10.401,6.449,1.053;1.988,12.112,1.019;17.758,9.628,0.434;13.858,14.631,0.279;9.914,16.198,0.221;19.368,19.621,0.491;11.996,12.184,2.012;6.835,13.504,0.345;8.038,18.017,0.316;17.186,9.308,1.723;14.891,13.471,0.975;15.582,10.066,1.198;16.489,2.128,0.872;15.792,10.217,2.240;19.731,9.674,0.358;7.591,0.862,0.435;17.276,6.566,1.318;1.818,13.113,0.653;9.172,9.405,2.202"
10,drone_6,5.9534,13.2418,17.0000,17.0000,"11.294,19.317,0.853;19.345,3.146,1.273;16.496,7.884,0.381;1.339,18.247,0.980;6.751,3.208,0.290;1.597,18.936,0.411;5.831,17.363,0.235;10.558,12.892,0.463;5.832,1.461,0.332;10.097,12.441,2.241;0.777,19.005,1.302;15.005,8.135,1.610;13.972,15.962,0.453;11.698,18.458,0.926;16.503,5.622,0.344;10.412,18.974,0.493;19.686,11.361,0.474;18.400,7.706,0.375;13.032,7.521,0.823;18.860,0.691,1.239;10.229,1.031,1.331;10.965,11.910,2.376;10.187,18.001,1.100;8.320,8.335,0.725;11.194,17.132,0.296;17.570,0.380,0.262;10.399,4.179,0.808;18.600,2.136,0.370;15.873,19.527,0.287;18.372,4.933,1.770;14.507,4.573,0.426;13.090,6.513,1.993;7.437,10.328,0.944;8.346,15.182,0.325;2.481,13.674,0.390;0.269,6.395,0.235;6.357,9.930,0.404;16.643,7.083,1.124;7.464,18.965,1.236;6.533,17.776,0.225;11.776,19.080,0.938;9.348,7.331,0.277;8.373,10.131,0.203;12.341,15.070,0.205;11.069,5.690,0.236;11.921,14.232,1.839;13.491,19.307,0.479;10.401,6.449,1.053;1.988,12.112,1.019;17.758,9.628,0.434;13.858,14.631,0.279;9.914,16.198,0.221;19.368,19.621,0.491;11.996,12.184,2.012;6.835,13.504,0.345;8.038,18.017,0.316;17.186,9.308,1.723;14.891,13.471,0.975;15.582,10.066,1.198;16.489,2.128,0.872;15.792,10.217,2.240;19.731,9.674,0.358;7.591,0.862,0.435;17.276,6.566,1.318;1.818,13.113,0.653;9.172,9.405,2.202"
10,drone_7,5.1257,17.0396,17.0000,17.0000,"11.294,19.317,0.853;19.345,3.146,1.273;16.496,7.884,0.381;1.339,18.247,0.980;6.751,3.208,0.290;1.597,18.936,0.411;5.831,17.363,0.235;10.558,12.892,0.463;5.832,1.461,0.332;10.097,12.441,2.241;0.777,19.005,1.302;15.005,8.135,1.610;13.972,15.962,0.453;11.698,18.458,0.926;16.503,5.622,0.344;10.412,18.974,0.493;19.686,11.361,0.474;18.400,7.706,0.375;13.032,7.521,0.823;18.860,0.691,1.239;10.229,1.031,1.331;10.965,11.910,2.376;10.187,18.001,1.100;8.320,8.335,0.725;11.194,17.132,0.296;17.570,0.380,0.262;10.399,4.179,0.808;18.600,2.136,0.370;15.873,19.527,0.287;18.372,4.933,1.770;14.507,4.573,0.426;13.090,6.513,1.993;7.437,10.328,0.944;8.346,15.182,0.325;2.481,13.674,0.390;0.269,6.395,0.235;6.357,9.930,0.404;16.643,7.083,1.124;7.464,18.965,1.236;6.533,17.776,0.225;11.776,19.080,0.938;9.348,7.331,0.277;8.373,10.131,0.203;12.341,15.070,0.205;11.069,5.690,0.236;11.921,14.232,1.839;13.491,19.307,0.479;10.401,6.449,1.053;1.988,12.112,1.019;17.758,9.628,0.434;13.858,14.631,0.279;9.914,16.198,0.221;19.368,19.621,0.491;11.996,12.184,2.012;6.835,13.504,0.345;8.038,18.017,0.316;17.186,9.308,1.723;14.891,13.471,0.975;15.582,10.066,1.198;16.489,2.128,0.872;15.792,10.217,2.240;19.731,9.674,0.358;7.591,0.862,0.435;17.276,6.566,1.318;1.818,13.113,0.653;9.172,9.405,2.202"
10,drone_8,15.3098,3.7344,17.0000,17.0000,"11.294,19.317,0.853;19.345,3.146,1.273;16.496,7.884,0.381;1.339,18.247,0.980;6.751,3.208,0.290;1.597,18.936,0.411;5.831,17.363,0.235;10.558,12.892,0.463;5.832,1.461,0.332;10.097,12.441,2.241;0.777,19.005,1.302;15.005,8.135,1.610;13.972,15.962,0.453;11.698,18.458,0.926;16.503,5.622,0.344;10.412,18.974,0.493;19.686,11.361,0.474;18.400,7.706,0.375;13.032,7.521,0.823;18.860,0.691,1.239;10.229,1.031,1.331;10.965,11.910,2.376;10.187,18.001,1.100;8.320,8.335,0.725;11.194,17.132,0.296;17.570,0.380,0.262;10.399,4.179,0.808;18.600,2.136,0.370;15.873,19.527,0.287;18.372,4.933,1.770;14.507,4.573,0.426;13.090,6.513,1.993;7.437,10.328,0.944;8.346,15.182,0.325;2.481,13.674,0.390;0.269,6.395,0.235;6.357,9.930,0.404;16.643,7.083,1.124;7.464,18.965,1.236;6.533,17.776,0.225;11.776,19.080,0.938;9.348,7.331,0.277;8.373,10.131,0.203;12.341,15.070,0.205;11.069,5.690,0.236;11.921,14.232,1.839;13.491,19.307,0.479;10.401,6.449,1.053;1.988,12.112,1.019;17.758,9.628,0.434;13.858,14.631,0.279;9.914,16.198,0.221;19.368,19.621,0.491;11.996,12.184,2.012;6.835,13.504,0.345;8.038,18.017,0.316;17.186,9.308,1.723;14.891,13.471,0.975;15.582,10.066,1.198;16.489,2.128,0.872;15.792,10.217,2.240;19.731,9.674,0.358;7.591,0.862,0.435;17.276,6.566,1.318;1.818,13.113,0.653;9.172,9.405,2.202"
11,drone_0,5.5341,10.0494,17.0000,17.0000,"11.294,19.317,0.853;19.345,3.146,1.273;16.496,7.884,0.381;1.339,18.247,0.980;6.751,3.208,0.290;1.597,18.936,0.411;5.831,17.363,0.235;10.558,12.892,0.463;5.832,1.461,0.332;10.097,12.441,2.241;0.777,19.005,1.302;15.005,8.135,1.610;13.972,15.962,0.453;11.698,18.458,0.926;16.503,5.622,0.344;10.412,18.974,0.493;19.686,11.361,0.474;18.400,7.706,0.375;13.032,7.521,0.823;18.860,0.691,1.239;10.229,1.031,1.331;10.965,11.910,2.376;10.187,18.001,1.100;8.320,8.335,0.725;11.194,17.132,0.296;17.570,0.380,0.262;10.399,4.179,0.808;18.600,2.136,0.370;15.873,19.527,0.287;18.372,4.933,1.770;14.507,4.573,0.426;13.090,6.513,1.993;7.437,10.328,0.944;8.346,15.182,0.325;2.481,13.674,0.390;0.269,6.395,0.235;6.357,9.930,0.404;16.643,7.083,1.124;7.464,18.965,1.236;6.533,17.776,0.225;11.776,19.080,0.938;9.348,7.331,0.277;8.373,10.131,0.203;12.341,15.070,0.205;11.069,5.690,0.236;11.921,14.232,1.839;13.491,19.307,0.479;10.401,6.449,1.053;1.988,12.112,1.019;17.758,9.628,0.434;13.858,14.631,0.279;9.914,16.198,0.221;19.368,19.621,0.491;11.996,12.184,2.012;6.835,13.504,0.345;8.038,18.017,0.316;17.186,9.308,1.723;14.891,13.471,0.975;15.582,10.066,1.198;16.489,2.128,0.872;15.792,10.217,2.240;19.731,9.674,0.358;7.591,0.862,0.435;17.276,6.566,1.318;1.818,13.113,0.653;9.172,9.405,2.202"
11,drone_1,2.2937,3.8624,17.0000,17.0000,"11.294,19.317,0.853;19.345,3.146,1.273;16.496,7.884,0.381;1.339,18.247,0.980;6.751,3.208,0.290;1.597,18.936,0.411;5.831,17.363,0.235;10.558,12.892,0.463;5.832,1.461,0.332;10.097,12.441,2.241;0.777,19.005,1.302;15.005,8.135,1.610;13.972,15.962,0.453;11.698,18.458,0.926;16.503,5.622,0.344;10.412,18.974,0.493;19.686,11.361,0.474;18.400,7.706,0.375;13.032,7.521,0.823;18.860,0.691,1.239;10.229,1.031,1.331;10.965,11.910,2.376;10.187,18.001,1.100;8.320,8.335,0.725;11.194,17.132,0.296;17.570,0.380,0.262;10.399,4.179,0.808;18.600,2.136,0.370;15.873,19.527,0.287;18.372,4.933,1.770;14.507,4.573,0.426;13.090,6.513,1.993;7.437,10.328,0.944;8.346,15.182,0.325;2.481,13.674,0.390;0.269,6.395,0.235;6.357,9.930,0.404;16.643,7.083,1.124;7.464,18.965,1.236;6.533,17.776,0.225;11.776,19.080,0.938;9.348,7.331,0.277;8.373,10.131,0.203;12.341,15.070,0.205;11.069,5.690,0.236;11.921,14.232,1.839;13.491,19.307,0.479;10.401,6.449,1.053;1.988,12.112,1.019;17.758,9.628,0.434;13.858,14.631,0.279;9.914,16.198,0.221;19.368,19.621,0.491;11.996,12.184,2.012;6.835,13.504,0.345;8.038,18.017,0.316;17.186,9.308,1.723;14.891,13.471,0.975;15.582,10.066,1.198;16.489,2.128,0.872;15.792,10.217,2.240;19.731,9.674,0.358;7.591,0.862,0.435;17.276,6.566,1.318;1.818,13.113,0.653;9.172,9.405,2.202"
11,drone_2,8.9921,6.5835,17.0000,17.0000,"11.294,19.317,0.853;19.345,3.146,1.273;16.496,7.884,0.381;1.339,18.247,0.980;6.751,3.208,0.290;1.597,18.936,0.411;5.831,17.363,0.235;10.558,12.892,0.463;5.832,1.461,0.332;10.097,12.441,2.241;0.777,19.005,1.302;15.005,8.135,1.610;13.972,15.962,0.453;11.698,18.458,0.926;16.503,5.622,0.344;10.412,18.974,0.493;19.686,11.361,0.474;18.400,7.706,0.375;13.032,7.521,0.823;18.860,0.691,1.239;10.229,1.031,1.331;10.965,11.910,2.376;10.187,18.001,1.100;8.320,8.335,0.725;11.194,17.132,0.296;17.570,0.380,0.262;10.399,4.179,0.808;18.600,2.136,0.370;15.873,19.527,0.287;18.372,4.933,1.770;14.507,4.573,0.426;13.090,6.513,1.993;7.437,10.328,0.944;8.346,15.182,0.325;2.481,13.674,0.390;0.269,6.395,0.235;6.357,9.930,0.404;16.643,7.083,1.124;7.464,18.965,1.236;6.533,17.776,0.225;11.776,19.080,0.938;9.348,7.331,0.277;8.373,10.131,0.203;12.341,15.070,0.205;11.069,5.690,0.236;11.921,14.232,1.839;13.491,19.307,0.479;10.401,6.449,1.053;1.988,12.112,1.019;17.758,9.628,0.434;13.858,14.631,0.279;9.914,16.198,0.221;19.368,19.621,0.491;11.996,12.184,2.012;6.835,13.504,0.345;8.038,18.017,0.316;17.186,9.308,1.723;14.891,13.471,0.975;15.582,10.066,1.198;16.489,2.128,0.872;15.792,10.217,2.240;19.731,9.674,0.358;7.591,0.862,0.435;17.276,6.566,1.318;1.818,13.113,0.653;9.172,9.405,2.202"
11,drone_3,7.8016,16.6038,17.0000,17.0000,"11.294,19.317,0.853;19.345,3.146,1.273;16.496,7.884,0.381;1.339,18.247,0.980;6.751,3.208,0.290;1.597,18.936,0.411;5.831,17.363,0.235;10.558,12.892,0.463;5.832,1.461,0.332;10.097,12.441,2.241;0.777,19.005,1.302;15.005,8.135,1.610;13.972,15.962,0.453;11.698,18.458,0.926;16.503,5.622,0.344;10.412,18.974,0.493;19.686,11.361,0.474;18.400,7.706,0.375;13.032,7.521,0.823;18.860,0.691,1.239;10.229,1.031,1.331;10.965,11.910,2.376;10.187,18.001,1.100;8.320,8.335,0.725;11.194,17.132,0.296;17.570,0.380,0.262;10.399,4.179,0.808;18.600,2.136,0.370;15.873,19.527,0.287;18.372,4.933,1.770;14.507,4.573,0.426;13.090,6.513,1.993;7.437,10.328,0.944;8.346,15.182,0.325;2.481,13.674,0.390;0.269,6.395,0.235;6.357,9.930,0.404;16.643,7.083,1.124;7.464,18.965,1.236;6.533,17.776,0.225;11.776,19.080,0.938;9.348,7.331,0.277;8.373,10.131,0.203;12.341,15.070,0.205;11.069,5.690,0.236;11.921,14.232,1.839;13.491,19.307,0.479;10.401,6.449,1.053;1.988,12.112,1.019;17.758,9.628,0.434;13.858,14.631,0.279;9.914,16.198,0.221;19.368,19.621,0.491;11.996,12.184,2.012;6.835,13.504,0.345;8.038,18.017,0.316;17.186,9.308,1.723;14.891,13.471,0.975;15.582,10.066,1.198;16.489,2.128,0.872;15.792,10.217,2.240;19.731,9.674,0.358;7.591,0.862,0.435;17.276,6.566,1.318;1.818,13.113,0.653;9.172,9.405,2.202"
11,drone_4,7.3404,6.8517,17.0000,17.0000,"11.294,19.317,0.853;19.345,3.146,1.273;16.496,7.884,0.381;1.339,18.247,0.980;6.751,3.208,0.290;1.597,18.936,0.411;5.831,17.363,0.235;10.558,12.892,0.463;5.832,1.461,0.332;10.097,12.441,2.241;0.777,19.005,1.302;15.005,8.135,1.610;13.972,15.962,0.453;11.698,18.458,0.926;16.503,5.622,0.344;10.412,18.974,0.493;19.686,11.361,0.474;18.400,7.706,0.375;13.032,7.521,0.823;18.860,0.691,1.239;10.229,1.031,1.331;10.965,11.910,2.376;10.187,18.001,1.100;8.320,8.335,0.725;11.194,17.132,0.296;17.570,0.380,0.262;10.399,4.179,0.808;18.600,2.136,0.370;15.873,19.527,0.287;18.372,4.933,1.770;14.507,4.573,0.426;13.090,6.513,1.993;7.437,10.328,0.944;8.346,15.182,0.325;2.481,13.674,0.390;0.269,6.395,0.235;6.357,9.930,0.404;16.643,7.083,1.124;7.464,18.965,1.236;6.533,17.776,0.225;11.776,19.080,0.938;9.348,7.331,0.277;8.373,10.131,0.203;12.341,15.070,0.205;11.069,5.690,0.236;11.921,14.232,1.839;13.491,19.307,0.479;10.401,6.449,1.053;1.988,12.112,1.019;17.758,9.628,0.434;13.858,14.631,0.279;9.914,16.198,0.221;19.368,19.621,0.491;11.996,12.184,2.012;6.835,13.504,0.345;8.038,18.017,0.316;17.186,9.308,1.723;14.891,13.471,0.975;15.582,10.066,1.198;16.489,2.128,0.872;15.792,10.217,2.240;19.731,9.674,0.358;7.591,0.862,0.435;17.276,6.566,1.318;1.818,13.113,0.653;9.172,9.405,2.202"
11,drone_5,4.4177,5.5219,17.0000,17.0000,"11.294,19.317,0.853;19.345,3.146,1.273;16.496,7.884,0.381;1.339,18.247,0.980;6.751,3.208,0.290;1.597,18.936,0.411;5.831,17.363,0.235;10.558,12.892,0.463;5.832,1.461,0.332;10.097,12.441,2.241;0.777,19.005,1.302;15.005,8.135,1.610;13.972,15.962,0.453;11.698,18.458,0.926;16.503,5.622,0.344;10.412,18.974,0.493;19.686,11.361,0.474;18.400,7.706,0.375;13.032,7.521,0.823;18.860,0.691,1.239;10.229,1.031,1.331;10.965,11.910,2.376;10.187,18.001,1.100;8.320,8.335,0.725;11.194,17.132,0.296;17.570,0.380,0.262;10.399,4.179,0.808;18.600,2.136,0.370;15.873,19.527,0.287;18.372,4.933,1.770;14.507,4.573,0.426;13.090,6.513,1.993;7.437,10.328,0.944;8.346,15.182,0.325;2.481,13.674,0.390;0.269,6.395,0.235;6.357,9.930,0.404;16.643,7.083,1.124;7.464,18.965,1.236;6.533,17.776,0.225;11.776,19.080,0.938;9.348,7.331,0.277;8.373,10.131,0.203;12.341,15.070,0.205;11.069,5.690,0.236;11.921,14.232,1.839;13.491,19.307,0.479;10.401,6.449,1.053;1.988,12.112,1.019;17.758,9.628,0.434;13.858,14.631,0.279;9.914,16.198,0.221;19.368,19.621,0.491;11.996,12.184,2.012;6.835,13.504,0.345;8.038,18.017,0.316;17.186,9.308,1.723;14.891,13.471,0.975;15.582,10.066,1.198;16.489,2.128,0.872;15.792,10.217,2.240;19.731,9.674,0.358;7.591,0.862,0.435;17.276,6.566,1.318;1.818,13.113,0.653;9.172,9.405,2.202"
11,drone_6,6.0415,13.4213,17.0000,17.0000,"11.294,19.317,0.853;19.345,3.146,1.273;16.496,7.884,0.381;1.339,18.247,0.980;6.751,3.208,0.290;1.597,18.936,0.411;5.831,17.363,0.235;10.558,12.892,0.463;5.832,1.461,0.332;10.097,12.441,2.241;0.777,19.005,1.302;15.005,8.135,1.610;13.972,15.962,0.453;11.698,18.458,0.926;16.503,5.622,0.344;10.412,18.974,0.493;19.686,11.361,0.474;18.400,7.706,0.375;13.032,7.521,0.823;18.860,0.691,1.239;10.229,1.031,1.331;10.965,11.910,2.376;10.187,18.001,1.100;8.320,8.335,0.725;11.194,17.132,0.296;17.570,0.380,0.262;10.399,4.179,0.808;18.600,2.136,0.370;15.873,19.527,0.287;18.372,4.933,1.770;14.507,4.573,0.426;13.090,6.513,1.993;7.437,10.328,0.944;8.346,15.182,0.325;2.481,13.674,0.390;0.269,6.395,0.235;6.357,9.930,0.404;16.643,7.083,1.124;7.464,18.965,1.236;6.533,17.776,0.225;11.776,19.080,0.938;9.348,7.331,0.277;8.373,10.131,0.203;12.341,15.070,0.205;11.069,5.690,0.236;11.921,14.232,1.839;13.491,19.307,0.479;10.401,6.449,1.053;1.988,12.112,1.019;17.758,9.628,0.434;13.858,14.631,0.279;9.914,16.198,0.221;19.368,19.621,0.491;11.996,12.184,2.012;6.835,13.504,0.345;8.038,18.017,0.316;17.186,9.308,1.723;14.891,13.471,0.975;15.582,10.066,1.198;16.489,2.128,0.872;15.792,10.217,2.240;19.731,9.674,0.358;7.591,0.862,0.435;17.276,6.566,1.318;1.818,13.113,0.653;9.172,9.405,2.202"
11,drone_7,5.2552,17.1704,17.0000,17.0000,"11.294,19.317,0.853;19.345,3.146,1.273;16.496,7.884,0.381;1.339,18.247,0.980;6.751,3.208,0.290;1.597,18.936,0.411;5.831,17.363,0.235;10.558,12.892,0.463;5.832,1.461,0.332;10.097,12.441,2.241;0.777,19.005,1.302;15.005,8.135,1.610;13.972,15.962,0.453;11.698,18.458,0.926;16.503,5.622,0.344;10.412,18.974,0.493;19.686,11.361,0.474;18.400,7.706,0.375;13.032,7.521,0.823;18.860,0.691,1.239;10.229,1.031,1.331;10.965,11.910,2.376;10.187,18.001,1.100;8.320,8.335,0.725;11.194,17.132,0.296;17.570,0.380,0.262;10.399,4.179,0.808;18.600,2.136,0.370;15.873,19.527,0.287;18.372,4.933,1.770;14.507,4.573,0.426;13.090,6.513,1.993;7.437,10.328,0.944;8.346,15.182,0.325;2.481,13.674,0.390;0.269,6.395,0.235;6.357,9.930,0.404;16.643,7.083,1.124;7.464,18.965,1.236;6.533,17.776,0.225;11.776,19.080,0.938;9.348,7.331,0.277;8.373,10.131,0.203;12.341,15.070,0.205;11.069,5.690,0.236;11.921,14.232,1.839;13.491,19.307,0.479;10.401,6.449,1.053;1.988,12.112,1.019;17.758,9.628,0.434;13.858,14.631,0.279;9.914,16.198,0.221;19.368,19.621,0.491;11.996,12.184,2.012;6.835,13.504,0.345;8.038,18.017,0.316;17.186,9.308,1.723;14.891,13.471,0.975;15.582,10.066,1.198;16.489,2.128,0.872;15.792,10.217,2.240;19.731,9.674,0.358;7.591,0.862,0.435;17.276,6.566,1.318;1.818,13.113,0.653;9.172,9.405,2.202"
11,drone_8,15.4470,3.8799,17.0000,17.0000,"11.294,19.317,0.853;19.345,3.146,1.273;16.496,7.884,0.381;1.339,18.247,0.980;6.751,3.208,0.290;1.597,18.936,0.411;5.831,17.363,0.235;10.558,12.892,0.463;5.832,1.461,0.332;10.097,12.441,2.241;0.777,19.005,1.302;15.005,8.135,1.610;13.972,15.962,0.453;11.698,18.458,0.926;16.503,5.622,0.344;10.412,18.974,0.493;19.686,11.361,0.474;18.400,7.706,0.375;13.032,7.521,0.823;18.860,0.691,1.239;10.229,1.031,1.331;10.965,11.910,2.376;10.187,18.001,1.100;8.320,8.335,0.725;11.194,17.132,0.296;17.570,0.380,0.262;10.399,4.179,0.808;18.600,2.136,0.370;15.873,19.527,0.287;18.372,4.933,1.770;14.507,4.573,0.426;13.090,6.513,1.993;7.437,10.328,0.944;8.346,15.182,0.325;2.481,13.674,0.390;0.269,6.395,0.235;6.357,9.930,0.404;16.643,7.083,1.124;7.464,18.965,1.236;6.533,17.776,0.225;11.776,19.080,0.938;9.348,7.331,0.277;8.373,10.131,0.203;12.341,15.070,0.205;11.069,5.690,0.236;11.921,14.232,1.839;13.491,19.307,0.479;10.401,6.449,1.053;1.988,12.112,1.019;17.758,9.628,0.434;13.858,14.631,0.279;9.914,16.198,0.221;19.368,19.621,0.491;11.996,12.184,2.012;6.835,13.504,0.345;8.038,18.017,0.316;17.186,9.308,1.723;14.891,13.471,0.975;15.582,10.066,1.198;16.489,2.128,0.872;15.792,10.217,2.240;19.731,9.674,0.358;7.591,0.862,0.435;17.276,6.566,1.318;1.818,13.113,0.653;9.172,9.405,2.202"
12,drone_0,5.6260,10.2271,17.0000,17.0000,"11.294,19.317,0.853;19.345,3.146,1.273;16.496,7.884,0.381;1.339,18.247,0.980;6.751,3.208,0.290;1.597,18.936,0.411;5.831,17.363,0.235;10.558,12.892,0.463;5.832,1.461,0.332;10.097,12.441,2.241;0.777,19.005,1.302;15.005,8.135,1.610;13.972,15.962,0.453;11.698,18.458,0.926;16.503,5.622,0.344;10.412,18.974,0.493;19.686,11.361,0.474;18.400,7.706,0.375;13.032,7.521,0.823;18.860,0.691,1.239;10.229,1.031,1.331;10.965,11.910,2.376;10.187,18.001,1.100;8.320,8.335,0.725;11.194,17.132,0.296;17.570,0.380,0.262;10.399,4.179,0.808;18.600,2.136,0.370;15.873,19.527,0.287;18.372,4.933,1.770;14.507,4.573,0.426;13.090,6.513,1.993;7.437,10.328,0.944;8.346,15.182,0.325;2.481,13.674,0.390;0.269,6.395,0.235;6.357,9.930,0.404;16.643,7.083,1.124;7.464,18.965,1.236;6.533,17.776,0.225;11.776,19.080,0.938;9.348,7.331,0.277;8.373,10.131,0.203;12.341,15.070,0.205;11.069,5.690,0.236;11.921,14.232,1.839;13.491,19.307,0.479;10.401,6.449,1.053;1.988,12.112,1.019;17.758,9.628,0.434;13.858,14.631,0.279;9.914,16.198,0.221;19.368,19.621,0.491;11.996,12.184,2.012;6.835,13.504,0.345;8.038,18.017,0.316;17.186,9.308,1.723;14.891,13.471,0.975;15.582,10.066,1.198;16.489,2.128,0.872;15.792,10.217,2.240;19.731,9.674,0.358;7.591,0.862,0.435;17.276,6.566,1.318;1.818,13.113,0.653;9.172,9.405,2.202"
12,drone_1,2.2627,4.0600,17.0000,17.0000,"11.294,19.317,0.853;19.345,3.146,1.273;16.496,7.884,0.381;1.339,18.247,0.980;6.751,3.208,0.290;1.597,18.936,0.411;5.831,17.363,0.235;10.558,12.892,0.463;5.832,1.461,0.332;10.097,12.441,2.241;0.777,19.005,1.302;15.005,8.135,1.610;13.972,15.962,0.453;11.698,18.458,0.926;16.503,5.622,0.344;10.412,18.974,0.493;19.686,11.361,0.474;18.400,7.706,0.375;13.032,7.521,0.823;18.860,0.691,1.239;10.229,1.031,1.331;10.965,11.910,2.376;10.187,18.001,1.100;8.320,8.335,0.725;11.194,17.132,0.296;17.570,0.380,0.262;10.399,4.179,0.808;18.600,2.136,0.370;15.873,19.527,0.287;18.372,4.933,1.770;14.507,4.573,0.426;13.090,6.513,1.993;7.437,10.328,0.944;8.346,15.182,0.325;2.481,13.674,0.390;0.269,6.395,0.235;6.357,9.930,0.404;16.643,7.083,1.124;7.464,18.965,1.236;6.533,17.776,0.225;11.776,19.080,0.938;9.348,7.331,0.277;8.373,10.131,0.203;12.341,15.070,0.205;11.069,5.690,0.236;11.921,14.232,1.839;13.491,19.307,0.479;10.401,6.449,1.053;1.988,12.112,1.019;17.758,9.628,0.434;13.858,14.631,0.279;9.914,16.198,0.221;19.368,19.621,0.491;11.996,12.184,2.012;6.835,13.504,0.345;8.038,18.017,0.316;17.186,9.308,1.723;14.891,13.471,0.975;15.582,10.066,1.198;16.489,2.128,0.872;15.792,10.217,2.240;19.731,9.674,0.358;7.591,0.862,0.435;17.276,6.566,1.318;1.818,13.113,0.653;9.172,9.405,2.202"
12,drone_2,9.1422,6.7157,17.0000,17.0000,"11.294,19.317,0.853;19.345,3.146,1.273;16.496,7.884,0.381;1.339,18.247,0.980;6.751,3.208,0.290;1.597,18.936,0.411;5.831,17.363,0.235;10.558,12.892,0.463;5.832,1.461,0.332;10.097,12.441,2.241;0.777,19.005,1.302;15.005,8.135,1.610;13.972,15.962,0.453;11.698,18.458,0.926;16.503,5.622,0.344;10.412,18.974,0.493;19.686,11.361,0.474;18.400,7.706,0.375;13.032,7.521,0.823;18.860,0.691,1.239;10.229,1.031,1.331;10.965,11.910,2.376;10.187,18.001,1.100;8.320,8.335,0.725;11.194,17.132,0.296;17.570,0.380,0.262;10.399,4.179,0.808;18.600,2.136,0.370;15.873,19.527,0.287;18.372,4.933,1.770;14.507,4.573,0.426;13.090,6.513,1.993;7.437,10.328,0.944;8.346,15.182,0.325;2.481,13.674,0.390;0.269,6.395,0.235;6.357,9.930,0.404;16.643,7.083,1.124;7.464,18.965,1.236;6.533,17.776,0.225;11.776,19.080,0.938;9.348,7.331,0.277;8.373,10.131,0.203;12.341,15.070,0.205;11.069,5.690,0.236;11.921,14.232,1.839;13.491,19.307,0.479;10.401,6.449,1.053;1.988,12.112,1.019;17.758,9.628,0.434;13.858,14.631,0.279;9.914,16.198,0.221;19.368,19.621,0.491;11.996,12.184,2.012;6.835,13.504,0.345;8.038,18.017,0.316;17.186,9.308,1.723;14.891,13.471,0.975;15.582,10.066,1.198;16.489,2.128,0.872;15.792,10.217,2.240;19.731,9.674,0.358;7.591,0.862,0.435;17.276,6.566,1.318;1.818,13.113,0.653;9.172,9.405,2.202"
12,drone_3,7.9948,16.6554,17.0000,17.0000,"11.294,19.317,0.853;19.345,3.146,1.273;16.496,7.884,0.381;1.339,18.247,0.980;6.751,3.208,0.290;1.597,18.936,0.411;5.831,17.363,0.235;10.558,12.892,0.463;5.832,1.461,0.332;10.097,12.441,2.241;0.777,19.005,1.302;15.005,8.135,1.610;13.972,15.962,0.453;11.698,18.458,0.926;16.503,5.622,0.344;10.412,18.974,0.493;19.686,11.361,0.474;18.400,7.706,0.375;13.032,7.521,0.823;18.860,0.691,1.239;10.229,1.031,1.331;10.965,11.910,2.376;10.187,18.001,1.100;8.320,8.335,0.725;11.194,17.132,0.296;17.570,0.380,0.262;10.399,4.179,0.808;18.600,2.136,0.370;15.873,19.527,0.287;18.372,4.933,1.770;14.507,4.573,0.426;13.090,6.513,1.993;7.437,10.328,0.944;8.346,15.182,0.325;2.481,13.674,0.390;0.269,6.395,0.235;6.357,9.930,0.404;16.643,7.083,1.124;7.464,18.965,1.236;6.533,17.776,0.225;11.776,19.080,0.938;9.348,7.331,0.277;8.373,10.131,0.203;12.341,15.070,0.205;11.069,5.690,0.236;11.921,14.232,1.839;13.491,19.307,0.479;10.401,6.449,1.053;1.988,12.112,1.019;17.758,9.628,0.434;13.858,14.631,0.279;9.914,16.198,0.221;19.368,19.621,0.491;11.996,12.184,2.012;6.835,13.504,0.345;8.038,18.017,0.316;17.186,9.308,1.723;14.891,13.471,0.975;15.582,10.066,1.198;16.489,2.128,0.872;15.792,10.217,2.240;19.731,9.674,0.358;7.591,0.862,0.435;17.276,6.566,1.318;1.818,13.113,0.653;9.172,9.405,2.202"
12,drone_4,7.5387,6.8262,17.0000,17.0000,"11.294,19.317,0.853;19.345,3.146,1.273;16.496,7.884,0.381;1.339,18.247,0.980;6.751,3.208,0.290;1.597,18.936,0.411;5.831,17.363,0.235;10.558,12.892,0.463;5.832,1.461,0.332;10.097,12.441,2.241;0.777,19.005,1.302;15.005,8.135,1.610;13.972,15.962,0.453;11.698,18.458,0.926;16.503,5.622,0.344;10.412,18.974,0.493;19.686,11.361,0.474;18.400,7.706,0.375;13.032,7.521,0.823;18.860,0.691,1.239;10.229,1.031,1.331;10.965,11.910,2.376;10.187,18.001,1.100;8.320,8.335,0.725;11.194,17.132,0.296;17.570,0.380,0.262;10.399,4.179,0.808;18.600,2.136,0.370;15.873,19.527,0.287;18.372,4.933,1.770;14.507,4.573,0.426;13.090,6.513,1.993;7.437,10.328,0.944;8.346,15.182,0.325;2.481,13.674,0.390;0.269,6.395,0.235;6.357,9.930,0.404;16.643,7.083,1.124;7.464,18.965,1.236;6.533,17.776,0.225;11.776,19.080,0.938;9.348,7.331,0.277;8.373,10.131,0.203;12.341,15.070,0.205;11.069,5.690,0.236;11.921,14.232,1.839;13.491,19.307,0.479;10.401,6.449,1.053;1.988,12.112,1.019;17.758,9.628,0.434;13.858,14.631,0.279;9.914,16.198,0.221;19.368,19.621,0.491;11.996,12.184,2.012;6.835,13.504,0.345;8.038,18.017,0.316;17.186,9.308,1.723;14.891,13.471,0.975;15.582,10.066,1.198;16.489,2.128,0.872;15.792,10.217,2.240;19.731,9.674,0.358;7.591,0.862,0.435;17.276,6.566,1.318;1.818,13.113,0.653;9.172,9.405,2.202"
12,drone_5,4.6173,5.5352,17.0000,17.0000,"11.294,19.317,0.853;19.345,3.146,1.273;16.496,7.884,0.381;1.339,18.247,0.980;6.751,3.208,0.290;1.597,18.936,0.411;5.831,17.363,0.235;10.558,12.892,0.463;5.832,1.461,0.332;10.097,12.441,2.241;0.777,19.005,1.302;15.005,8.135,1.610;13.972,15.962,0.453;11.698,18.458,0.926;16.503,5.622,0.344;10.412,18.974,0.493;19.686,11.361,0.474;18.400,7.706,0.375;13.032,7.521,0.823;18.860,0.691,1.239;10.229,1.031,1.331;10.965,11.910,2.376;10.187,18.001,1.100;8.320,8.335,0.725;11.194,17.132,0.296;17.570,0.380,0.262;10.399,4.179,0.808;18.600,2.136,0.370;15.873,19.527,0.287;18.372,4.933,1.770;14.507,4.573,0.426;13.090,6.513,1.993;7.437,10.328,0.944;8.346,15.182,0.325;2.481,13.674,0.390;0.269,6.395,0.235;6.357,9.930,0.404;16.643,7.083,1.124;7.464,18.965,1.236;6.533,17.776,0.225;11.776,19.080,0.938;9.348,7.331,0.277;8.373,10.131,0.203;12.341,15.070,0.205;11.069,5.690,0.236;11.921,14.232,1.839;13.491,19.307,0.479;10.401,6.449,1.053;1.988,12.112,1.019;17.758,9.628,0.434;13.858,14.631,0.279;9.914,16.198,0.221;19.368,19.621,0.491;11.996,12.184,2.012;6.835,13.504,0.345;8.038,18.017,0.316;17.186,9.308,1.723;14.891,13.471,0.975;15.582,10.066,1.198;16.489,2.128,0.872;15.792,10.217,2.240;19.731,9.674,0.358;7.591,0.862,0.435;17.276,6.566,1.318;1.818,13.113,0.653;9.172,9.405,2.202"
12,drone_6,6.1209,13.6049,17.0000,17.0000,"11.294,19.317,0.853;19.345,3.146,1.273;16.496,7.884,0.381;1.339,18.247,0.980;6.751,3.208,0.290;1.597,18.936,0.411;5.831,17.363,0.235;10.558,12.892,0.463;5.832,1.461,0.332;10.097,12.441,2.241;0.777,19.005,1.302;15.005,8.135,1.610;13.972,15.962,0.453;11.698,18.458,0.926;16.503,5.622,0.344;10.412,18.974,0.493;19.686,11.361,0.474;18.400,7.706,0.375;13.032,7.521,0.823;18.860,0.691,1.239;10.229,1.031,1.331;10.965,11.910,2.376;10.187,18.001,1.100;8.320,8.335,0.725;11.194,17.132,0.296;17.570,0.380,0.262;10.399,4.179,0.808;18.600,2.136,0.370;15.873,19.527,0.287;18.372,4.933,1.770;14.507,4.573,0.426;13.090,6.513,1.993;7.437,10.328,0.944;8.346,15.182,0.325;2.481,13.674,0.390;0.269,6.395,0.235;6.357,9.930,0.404;16.643,7.083,1.124;7.464,18.965,1.236;6.533,17.776,0.225;11.776,19.080,0.938;9.348,7.331,0.277;8.373,10.131,0.203;12.341,15.070,0.205;11.069,5.690,0.236;11.921,14.232,1.839;13.491,19.307,0.479;10.401,6.449,1.053;1.988,12.112,1.019;17.758,9.628,0.434;13.858,14.631,0.279;9.914,16.198,0.221;19.368,19.621,0.491;11.996,12.184,2.012;6.835,13.504,0.345;8.038,18.017,0.316;17.186,9.308,1.723;14.891,13.471,0.975;15.582,10.066,1.198;16.489,2.128,0.872;15.792,10.217,2.240;19.731,9.674,0.358;7.591,0.862,0.435;17.276,6.566,1.318;1.818,13.113,0.653;9.172,9.405,2.202"
12,drone_7,5.4096,17.2976,17.0000,17.0000,"11.294,19.317,0.853;19.345,3.146,1.273;16.496,7.884,0.381;1.339,18.247,0.980;6.751,3.208,0.290;1.597,18.936,0.411;5.831,17.363,0.235;10.558,12.892,0.463;5.832,1.461,0.332;10.097,12.441,2.241;0.777,19.005,1.302;15.005,8.135,1.610;13.972,15.962,0.453;11.698,18.458,0.926;16.503,5.622,0.344;10.412,18.974,0.493;19.686,11.361,0.474;18.400,7.706,0.375;13.032,7.521,0.823;18.860,0.691,1.239;10.229,1.031,1.331;10.965,11.910,2.376;10.187,18.001,1.100;8.320,8.335,0.725;11.194,17.132,0.296;17.570,0.380,0.262;10.399,4.179,0.808;18.600,2.136,0.370;15.873,19.527,0.287;18.372,4.933,1.770;14.507,4.573,0.426;13.090,6.513,1.993;7.437,10.328,0.944;8.346,15.182,0.325;2.481,13.674,0.390;0.269,6.395,0.235;6.357,9.930,0.404;16.643,7.083,1.124;7.464,18.965,1.236;6.533,17.776,0.225;11.776,19.080,0.938;9.348,7.331,0.277;8.373,10.131,0.203;12.341,15.070,0.205;11.069,5.690,0.236;11.921,14.232,1.839;13.491,19.307,0.479;10.401,6.449,1.053;1.988,12.112,1.019;17.758,9.628,0.434;13.858,14.631,0.279;9.914,16.198,0.221;19.368,19.621,0.491;11.996,12.184,2.012;6.835,13.504,0.345;8.038,18.017,0.316;17.186,9.308,1.723;14.891,13.471,0.975;15.582,10.066,1.198;16.489,2.128,0.872;15.792,10.217,2.240;19.731,9.674,0.358;7.591,0.862,0.435;17.276,6.566,1.318;1.818,13.113,0.653;9.172,9.405,2.202"
12,drone_8,15.5827,4.0268,17.0000,17.0000,"11.294,19.317,0.853;19.345,3.146,1.273;16.496,7.884,0.381;1.339,18.247,0.980;6.751,3.208,0.290;1.597,18.936,0.411;5.831,17.363,0.235;10.558,12.892,0.463;5.832,1.461,0.332;10.097,12.441,2.241;0.777,19.005,1.302;15.005,8.135,1.610;13.972,15.962,0.453;11.698,18.458,0.926;16.503,5.622,0.344;10.412,18.974,0.493;19.686,11.361,0.474;18.400,7.706,0.375;13.032,7.521,0.823;18.860,0.691,1.239;10.229,1.031,1.331;10.965,11.910,2.376;10.187,18.001,1.100;8.320,8.335,0.725;11.194,17.132,0.296;17.570,0.380,0.262;10.399,4.179,0.808;18.600,2.136,0.370;15.873,19.527,0.287;18.372,4.933,1.770;14.507,4.573,0.426;13.090,6.513,1.993;7.437,10.328,0.944;8.346,15.182,0.325;2.481,13.674,0.390;0.269,6.395,0.235;6.357,9.930,0.404;16.643,7.083,1.124;7.464,18.965,1.236;6.533,17.776,0.225;11.776,19.080,0.938;9.348,7.331,0.277;8.373,10.131,0.203;12.341,15.070,0.205;11.069,5.690,0.236;11.921,14.232,1.839;13.491,19.307,0.479;10.401,6.449,1.053;1.988,12.112,1.019;17.758,9.628,0.434;13.858,14.631,0.279;9.914,16.198,0.221;19.368,19.621,0.491;11.996,12.184,2.012;6.835,13.504,0.345;8.038,18.017,0.316;17.186,9.308,1.723;14.891,13.471,0.975;15.582,10.066,1.198;16.489,2.128,0.872;15.792,10.217,2.240;19.731,9.674,0.358;7.591,0.862,0.435;17.276,6.566,1.318;1.818,13.113,0.653;9.172,9.405,2.202"
13,drone_0,5.7274,10.3995,17.0000,17.0000,"11.294,19.317,0.853;19.345,3.146,1.273;16.496,7.884,0.381;1.339,18.247,0.980;6.751,3.208,0.290;1.597,18.936,0.411;5.831,17.363,0.235;10.558,12.892,0.463;5.832,1.461,0.332;10.097,12.441,2.241;0.777,19.005,1.302;15.005,8.135,1.610;13.972,15.962,0.453;11.698,18.458,0.926;16.503,5.622,0.344;10.412,18.974,0.493;19.686,11.361,0.474;18.400,7.706,0.375;13.032,7.521,0.823;18.860,0.691,1.239;10.229,1.031,1.331;10.965,11.910,2.376;10.187,18.001,1.100;8.320,8.335,0.725;11.194,17.132,0.296;17.570,0.380,0.262;10.399,4.179,0.808;18.600,2.136,0.370;15.873,19.527,0.287;18.372,4.933,1.770;14.507,4.573,0.426;13.090,6.513,1.993;7.437,10.328,0.944;8.346,15.182,0.325;2.481,13.674,0.390;0.269,6.395,0.235;6.357,9.930,0.404;16.643,7.083,1.124;7.464,18.965,1.236;6.533,17.776,0.225;11.776,19.080,0.938;9.348,7.331,0.277;8.373,10.131,0.203;12.341,15.070,0.205;11.069,5.690,0.236;11.921,14.232,1.839;13.491,19.307,0.479;10.401,6.449,1.053;1.988,12.112,1.019;17.758,9.628,0.434;13.858,14.631,0.279;9.914,16.198,0.221;19.368,19.621,0.491;11.996,12.184,2.012;6.835,13.504,0.345;8.038,18.017,0.316;17.186,9.308,1.723;14.891,13.471,0.975;15.582,10.066,1.198;16.489,2.128,0.872;15.792,10.217,2.240;19.731,9.674,0.358;7.591,0.862,0.435;17.276,6.566,1.318;1.818,13.113,0.653;9.172,9.405,2.202"
13,drone_1,2.2378,4.2585,17.0000,17.0000,"11.294,19.317,0.853;19.345,3.146,1.273;16.496,7.884,0.381;1.339,18.247,0.980;6.751,3.208,0.290;1.597,18.936,0.411;5.831,17.363,0.235;10.558,12.892,0.463;5.832,1.461,0.332;10.097,12.441,2.241;0.777,19.005,1.302;15.005,8.135,1.610;13.972,15.962,0.453;11.698,18.458,0.926;16.503,5.622,0.344;10.412,18.974,0.493;19.686,11.361,0.474;18.400,7.706,0.375;13.032,7.521,0.823;18.860,0.691,1.239;10.229,1.031,1.331;10.965,11.910,2.376;10.187,18.001,1.100;8.320,8.335,0.725;11.194,17.132,0.296;17.570,0.380,0.262;10.399,4.179,0.808;18.600,2.136,0.370;15.873,19.527,0.287;18.372,4.933,1.770;14.507,4.573,0.426;13.090,6.513,1.993;7.437,10.328,0.944;8.346,15.182,0.325;2.481,13.674,0.390;0.269,6.395,0.235;6.357,9.930,0.404;16.643,7.083,1.124;7.464,18.965,1.236;6.533,17.776,0.225;11.776,19.080,0.938;9.348,7.331,0.277;8.373,10.131,0.203;12.341,15.070,0.205;11.069,5.690,0.236;11.921,14.232,1.839;13.491,19.307,0.479;10.401,6.449,1.053;1.988,12.112,1.019;17.758,9.628,0.434;13.858,14.631,0.279;9.914,16.198,0.221;19.368,19.621,0.491;11.996,12.184,2.012;6.835,13.504,0.345;8.038,18.017,0.316;17.186,9.308,1.723;14.891,13.471,0.975;15.582,10.066,1.198;16.489,2.128,0.872;15.792,10.217,2.240;19.731,9.674,0.358;7.591,0.862,0.435;17.276,6.566,1.318;1.818,13.113,0.653;9.172,9.405,2.202"
13,drone_2,-100.0000,-100.0000,17.0000,17.0000,"11.294,19.317,0.853;19.345,3.146,1.273;16.496,7.884,0.381;1.339,18.247,0.980;6.751,3.208,0.290;1.597,18.936,0.411;5.831,17.363,0.235;10.558,12.892,0.463;5.832,1.461,0.332;10.097,12.441,2.241;0.777,19.005,1.302;15.005,8.135,1.610;13.972,15.962,0.453;11.698,18.458,0.926;16.503,5.622,0.344;10.412,18.974,0.493;19.686,11.361,0.474;18.400,7.706,0.375;13.032,7.521,0.823;18.860,0.691,1.239;10.229,1.031,1.331;10.965,11.910,2.376;10.187,18.001,1.100;8.320,8.335,0.725;11.194,17.132,0.296;17.570,0.380,0.262;10.399,4.179,0.808;18.600,2.136,0.370;15.873,19.527,0.287;18.372,4.933,1.770;14.507,4.573,0.426;13.090,6.513,1.993;7.437,10.328,0.944;8.346,15.182,0.325;2.481,13.674,0.390;0.269,6.395,0.235;6.357,9.930,0.404;16.643,7.083,1.124;7.464,18.965,1.236;6.533,17.776,0.225;11.776,19.080,0.938;9.348,7.331,0.277;8.373,10.131,0.203;12.341,15.070,0.205;11.069,5.690,0.236;11.921,14.232,1.839;13.491,19.307,0.479;10.401,6.449,1.053;1.988,12.112,1.019;17.758,9.628,0.434;13.858,14.631,0.279;9.914,16.198,0.221;19.368,19.621,0.491;11.996,12.184,2.012;6.835,13.504,0.345;8.038,18.017,0.316;17.186,9.308,1.723;14.891,13.471,0.975;15.582,10.066,1.198;16.489,2.128,0.872;15.792,10.217,2.240;19.731,9.674,0.358;7.591,0.862,0.435;17.276,6.566,1.318;1.818,13.113,0.653;9.172,9.405,2.202"
13,drone_3,8.1845,16.7187,17.0000,17.0000,"11.294,19.317,0.853;19.345,3.146,1.273;16.496,7.884,0.381;1.339,18.247,0.980;6.751,3.208,0.290;1.597,18.936,0.411;5.831,17.363,0.235;10.558,12.892,0.463;5.832,1.461,0.332;10.097,12.441,2.241;0.777,19.005,1.302;15.005,8.135,1.610;13.972,15.962,0.453;11.698,18.458,0.926;16.503,5.622,0.344;10.412,18.974,0.493;19.686,11.361,0.474;18.400,7.706,0.375;13.032,7.521,0.823;18.860,0.691,1.239;10.229,1.031,1.331;10.965,11.910,2.376;10.187,18.001,1.100;8.320,8.335,0.725;11.194,17.132,0.296;17.570,0.380,0.262;10.399,4.179,0.808;18.600,2.136,0.370;15.873,19.527,0.287;18.372,4.933,1.770;14.507,4.573,0.426;13.090,6.513,1.993;7.437,10.328,0.944;8.346,15.182,0.325;2.481,13.674,0.390;0.269,6.395,0.235;6.357,9.930,0.404;16.643,7.083,1.124;7.464,18.965,1.236;6.533,17.776,0.225;11.776,19.080,0.938;9.348,7.331,0.277;8.373,10.131,0.203;12.341,15.070,0.205;11.069,5.690,0.236;11.921,14.232,1.839;13.491,19.307,0.479;10.401,6.449,1.053;1.988,12.112,1.019;17.758,9.628,0.434;13.858,14.631,0.279;9.914,16.198,0.221;19.368,19.621,0.491;11.996,12.184,2.012;6.835,13.504,0.345;8.038,18.017,0.316;17.186,9.308,1.723;14.891,13.471,0.975;15.582,10.066,1.198;16.489,2.128,0.872;15.792,10.217,2.240;19.731,9.674,0.358;7.591,0.862,0.435;17.276,6.566,1.318;1.818,13.113,0.653;9.172,9.405,2.202"
13,drone_4,7.7381,6.8423,17.0000,17.0000,"11.294,19.317,0.853;19.345,3.146,1.273;16.496,7.884,0.381;1.339,18.247,0.980;6.751,3.208,0.290;1.597,18.936,0.411;5.831,17.363,0.235;10.558,12.892,0.463;5.832,1.461,0.332;10.097,12.441,2.241;0.777,19.005,1.302;15.005,8.135,1.610;13.972,15.962,0.453;11.698,18.458,0.926;16.503,5.622,0.344;10.412,18.974,0.493;19.686,11.361,0.474;18.400,7.706,0.375;13.032,7.521,0.823;18.860,0.691,1.239;10.229,1.031,1.331;10.965,11.910,2.376;10.187,18.001,1.100;8.320,8.335,0.725;11.194,17.132,0.296;17.570,0.380,0.262;10.399,4.179,0.808;18.600,2.136,0.370;15.873,19.527,0.287;18.372,4.933,1.770;14.507,4.573,0.426;13.090,6.513,1.993;7.437,10.328,0.944;8.346,15.182,0.325;2.481,13.674,0.390;0.269,6.395,0.235;6.357,9.930,0.404;16.643,7.083,1.124;7.464,18.965,1.236;6.533,17.776,0.225;11.776,19.080,0.938;9.348,7.331,0.277;8.373,10.131,0.203;12.341,15.070,0.205;11.069,5.690,0.236;11.921,14.232,1.839;13.491,19.307,0.479;10.401,6.449,1.053;1.988,12.112,1.019;17.758,9.628,0.434;13.858,14.631,0.279;9.914,16.198,0.221;19.368,19.621,0.491;11.996,12.184,2.012;6.835,13.504,0.345;8.038,18.017,0.316;17.186,9.308,1.723;14.891,13.471,0.975;15.582,10.066,1.198;16.489,2.128,0.872;15.792,10.217,2.240;19.731,9.674,0.358;7.591,0.862,0.435;17.276,6.566,1.318;1.818,13.113,0.653;9.172,9.405,2.202"
13,drone_5,4.8163,5.5549,17.0000,17.0000,"11.294,19.317,0.853;19.345,3.146,1.273;16.496,7.884,0.381;1.339,18.247,0.980;6.751,3.208,0.290;1.597,18.936,0.411;5.831,17.363,0.235;10.558,12.892,0.463;5.832,1.461,0.332;10.097,12.441,2.241;0.777,19.005,1.302;15.005,8.135,1.610;13.972,15.962,0.453;11.698,18.458,0.926;16.503,5.622,0.344;10.412,18.974,0.493;19.686,11.361,0.474;18.400,7.706,0.375;13.032,7.521,0.823;18.860,0.691,1.239;10.229,1.031,1.331;10.965,11.910,2.376;10.187,18.001,1.100;8.320,8.335,0.725;11.194,17.132,0.296;17.570,0.380,0.262;10.399,4.179,0.808;18.600,2.136,0.370;15.873,19.527,0.287;18.372,4.933,1.770;14.507,4.573,0.426;13.090,6.513,1.993;7.437,10.328,0.944;8.346,15.182,0.325;2.481,13.674,0.390;0.269,6.395,0.235;6.357,9.930,0.404;16.643,7.083,1.124;7.464,18.965,1.236;6.533,17.776,0.225;11.776,19.080,0.938;9.348,7.331,0.277;8.373,10.131,0.203;12.341,15.070,0.205;11.069,5.690,0.236;11.921,14.232,1.839;13.491,19.307,0.479;10.401,6.449,1.053;1.988,12.112,1.019;17.758,9.628,0.434;13.858,14.631,0.279;9.914,16.198,0.221;19.368,19.621,0.491;11.996,12.184,2.012;6.835,13.504,0.345;8.038,18.017,0.316;17.186,9.308,1.723;14.891,13.471,0.975;15.582,10.066,1.198;16.489,2.128,0.872;15.792,10.217,2.240;19.731,9.674,0.358;7.591,0.862,0.435;17.276,6.566,1.318;1.818,13.113,0.653;9.172,9.405,2.202"
13,drone_6,6.1980,13.7894,17.0000,17.0000,"11.294,19.317,0.853;19.345,3.146,1.273;16.496,7.884,0.381;1.339,18.247,0.980;6.751,3.208,0.290;1.597,18.936,0.411;5.831,17.363,0.235;10.558,12.892,0.463;5.832,1.461,0.332;10.097,12.441,2.241;0.777,19.005,1.302;15.005,8.135,1.610;13.972,15.962,0.453;11.698,18.458,0.926;16.503,5.622,0.344;10.412,18.974,0.493;19.686,11.361,0.474;18.400,7.706,0.375;13.032,7.521,0.823;18.860,0.691,1.239;10.229,1.031,1.331;10.965,11.910,2.376;10.187,18.001,1.100;8.320,8.335,0.725;11.194,17.132,0.296;17.570,0.380,0.262;10.399,4.179,0.808;18.600,2.136,0.370;15.873,19.527,0.287;18.372,4.933,1.770;14.507,4.573,0.426;13.090,6.513,1.993;7.437,10.328,0.944;8.346,15.182,0.325;2.481,13.674,0.390;0.269,6.395,0.235;6.357,9.930,0.404;16.643,7.083,1.124;7.464,18.965,1.236;6.533,17.776,0.225;11.776,19.080,0.938;9.348,7.331,0.277;8.373,10.131,0.203;12.341,15.070,0.205;11.069,5.690,0.236;11.921,14.232,1.839;13.491,19.307,0.479;10.401,6.449,1.053;1.988,12.112,1.019;17.758,9.628,0.434;13.858,14.631,0.279;9.914,16.198,0.221;19.368,19.621,0.491;11.996,12.184,2.012;6.835,13.504,0.345;8.038,18.017,0.316;17.186,9.308,1.723;14.891,13.471,0.975;15.582,10.066,1.198;16.489,2.128,0.872;15.792,10.217,2.240;19.731,9.674,0.358;7.591,0.862,0.435;17.276,6.566,1.318;1.818,13.113,0.653;9.172,9.405,2.202"
13,drone_7,-100.0000,-100.0000,17.0000,17.0000,"11.294,19.317,0.853;19.345,3.146,1.273;16.496,7.884,0.381;1.339,18.247,0.980;6.751,3.208,0.290;1.597,18.936,0.411;5.831,17.363,0.235;10.558,12.892,0.463;5.832,1.461,0.332;10.097,12.441,2.241;0.777,19.005,1.302;15.005,8.135,1.610;13.972,15.962,0.453;11.698,18.458,0.926;16.503,5.622,0.344;10.412,18.974,0.493;19.686,11.361,0.474;18.400,7.706,0.375;13.032,7.521,0.823;18.860,0.691,1.239;10.229,1.031,1.331;10.965,11.910,2.376;10.187,18.001,1.100;8.320,8.335,0.725;11.194,17.132,0.296;17.570,0.380,0.262;10.399,4.179,0.808;18.600,2.136,0.370;15.873,19.527,0.287;18.372,4.933,1.770;14.507,4.573,0.426;13.090,6.513,1.993;7.437,10.328,0.944;8.346,15.182,0.325;2.481,13.674,0.390;0.269,6.395,0.235;6.357,9.930,0.404;16.643,7.083,1.124;7.464,18.965,1.236;6.533,17.776,0.225;11.776,19.080,0.938;9.348,7.331,0.277;8.373,10.131,0.203;12.341,15.070,0.205;11.069,5.690,0.236;11.921,14.232,1.839;13.491,19.307,0.479;10.401,6.449,1.053;1.988,12.112,1.019;17.758,9.628,0.434;13.858,14.631,0.279;9.914,16.198,0.221;19.368,19.621,0.491;11.996,12.184,2.012;6.835,13.504,0.345;8.038,18.017,0.316;17.186,9.308,1.723;14.891,13.471,0.975;15.582,10.066,1.198;16.489,2.128,0.872;15.792,10.217,2.240;19.731,9.674,0.358;7.591,0.862,0.435;17.276,6.566,1.318;1.818,13.113,0.653;9.172,9.405,2.202"
13,drone_8,15.7134,4.1782,17.0000,17.0000,"11.294,19.317,0.853;19.345,3.146,1.273;16.496,7.884,0.381;1.339,18.247,0.980;6.751,3.208,0.290;1.597,18.936,0.411;5.831,17.363,0.235;10.558,12.892,0.463;5.832,1.461,0.332;10.097,12.441,2.241;0.777,19.005,1.302;15.005,8.135,1.610;13.972,15.962,0.453;11.698,18.458,0.926;16.503,5.622,0.344;10.412,18.974,0.493;19.686,11.361,0.474;18.400,7.706,0.375;13.032,7.521,0.823;18.860,0.691,1.239;10.229,1.031,1.331;10.965,11.910,2.376;10.187,18.001,1.100;8.320,8.335,0.725;11.194,17.132,0.296;17.570,0.380,0.262;10.399,4.179,0.808;18.600,2.136,0.370;15.873,19.527,0.287;18.372,4.933,1.770;14.507,4.573,0.426;13.090,6.513,1.993;7.437,10.328,0.944;8.346,15.182,0.325;2.481,13.674,0.390;0.269,6.395,0.235;6.357,9.930,0.404;16.643,7.083,1.124;7.464,18.965,1.236;6.533,17.776,0.225;11.776,19.080,0.938;9.348,7.331,0.277;8.373,10.131,0.203;12.341,15.070,0.205;11.069,5.690,0.236;11.921,14.232,1.839;13.491,19.307,0.479;10.401,6.449,1.053;1.988,12.112,1.019;17.758,9.628,0.434;13.858,14.631,0.279;9.914,16.198,0.221;19.368,19.621,0.491;11.996,12.184,2.012;6.835,13.504,0.345;8.038,18.017,0.316;17.186,9.308,1.723;14.891,13.471,0.975;15.582,10.066,1.198;16.489,2.128,0.872;15.792,10.217,2.240;19.731,9.674,0.358;7.591,0.862,0.435;17.276,6.566,1.318;1.818,13.113,0.653;9.172,9.405,2.202"
14,drone_0,5.8505,10.5571,17.0000,17.0000,"11.294,19.317,0.853;19.345,3.146,1.273;16.496,7.884,0.381;1.339,18.247,0.980;6.751,3.208,0.290;1.597,18.936,0.411;5.831,17.363,0.235;10.558,12.892,0.463;5.832,1.461,0.332;10.097,12.441,2.241;0.777,19.005,1.302;15.005,8.135,1.610;13.972,15.962,0.453;11.698,18.458,0.926;16.503,5.622,0.344;10.412,18.974,0.493;19.686,11.361,0.474;18.400,7.706,0.375;13.032,7.521,0.823;18.860,0.691,1.239;10.229,1.031,1.331;10.965,11.910,2.376;10.187,18.001,1.100;8.320,8.335,0.725;11.194,17.132,0.296;17.570,0.380,0.262;10.399,4.179,0.808;18.600,2.136,0.370;15.873,19.527,0.287;18.372,4.933,1.770;14.507,4.573,0.426;13.090,6.513,1.993;7.437,10.328,0.944;8.346,15.182,0.325;2.481,13.674,0.390;0.269,6.395,0.235;6.357,9.930,0.404;16.643,7.083,1.124;7.464,18.965,1.236;6.533,17.776,0.225;11.776,19.080,0.938;9.348,7.331,0.277;8.373,10.131,0.203;12.341,15.070,0.205;11.069,5.690,0.236;11.921,14.232,1.839;13.491,19.307,0.479;10.401,6.449,1.053;1.988,12.112,1.019;17.758,9.628,0.434;13.858,14.631,0.279;9.914,16.198,0.221;19.368,19.621,0.491;11.996,12.184,2.012;6.835,13.504,0.345;8.038,18.017,0.316;17.186,9.308,1.723;14.891,13.471,0.975;15.582,10.066,1.198;16.489,2.128,0.872;15.792,10.217,2.240;19.731,9.674,0.358;7.591,0.862,0.435;17.276,6.566,1.318;1.818,13.113,0.653;9.172,9.405,2.202"
14,drone_1,2.2370,4.4585,17.0000,17.0000,"11.294,19.317,0.853;19.345,3.146,1.273;16.496,7.884,0.381;1.339,18.247,0.980;6.751,3.208,0.290;1.597,18.936,0.411;5.831,17.363,0.235;10.558,12.892,0.463;5.832,1.461,0.332;10.097,12.441,2.241;0.777,19.005,1.302;15.005,8.135,1.610;13.972,15.962,0.453;11.698,18.458,0.926;16.503,5.622,0.344;10.412,18.974,0.493;19.686,11.361,0.474;18.400,7.706,0.375;13.032,7.521,0.823;18.860,0.691,1.239;10.229,1.031,1.331;10.965,11.910,2.376;10.187,18.001,1.100;8.320,8.335,0.725;11.194,17.132,0.296;17.570,0.380,0.262;10.399,4.179,0.808;18.600,2.136,0.370;15.873,19.527,0.287;18.372,4.933,1.770;14.507,4.573,0.426;13.090,6.513,1.993;7.437,10.328,0.944;8.346,15.182,0.325;2.481,13.674,0.390;0.269,6.395,0.235;6.357,9.930,0.404;16.643,7.083,1.124;7.464,18.965,1.236;6.533,17.776,0.225;11.776,19.080,0.938;9.348,7.331,0.277;8.373,10.131,0.203;12.341,15.070,0.205;11.069,5.690,0.236;11.921,14.232,1.839;13.491,19.307,0.479;10.401,6.449,1.053;1.988,12.112,1.019;17.758,9.628,0.434;13.858,14.631,0.279;9.914,16.198,0.221;19.368,19.621,0.491;11.996,12.184,2.012;6.835,13.504,0.345;8.038,18.017,0.316;17.186,9.308,1.723;14.891,13.471,0.975;15.582,10.066,1.198;16.489,2.128,0.872;15.792,10.217,2.240;19.731,9.674,0.358;7.591,0.862,0.435;17.276,6.566,1.318;1.818,13.113,0.653;9.172,9.405,2.202"
14,drone_3,8.3722,16.7876,17.0000,17.0000,"11.294,19.317,0.853;19.345,3.146,1.273;16.496,7.884,0.381;1.339,18.247,0.980;6.751,3.208,0.290;1.597,18.936,0.411;5.831,17.363,0.235;10.558,12.892,0.463;5.832,1.461,0.332;10.097,12.441,2.241;0.777,19.005,1.302;15.005,8.135,1.610;13.972,15.962,0.453;11.698,18.458,0.926;16.503,5.622,0.344;10.412,18.974,0.493;19.686,11.361,0.474;18.400,7.706,0.375;13.032,7.521,0.823;18.860,0.691,1.239;10.229,1.031,1.331;10.965,11.910,2.376;10.187,18.001,1.100;8.320,8.335,0.725;11.194,17.132,0.296;17.570,0.380,0.262;10.399,4.179,0.808;18.600,2.136,0.370;15.873,19.527,0.287;18.372,4.933,1.770;14.507,4.573,0.426;13.090,6.513,1.993;7.437,10.328,0.944;8.346,15.182,0.325;2.481,13.674,0.390;0.269,6.395,0.235;6.357,9.930,0.404;16.643,7.083,1.124;7.464,18.965,1.236;6.533,17.776,0.225;11.776,19.080,0.938;9.348,7.331,0.277;8.373,10.131,0.203;12.341,15.070,0.205;11.069,5.690,0.236;11.921,14.232,1.839;13.491,19.307,0.479;10.401,6.449,1.053;1.988,12.112,1.019;17.758,9.628,0.434;13.858,14.631,0.279;9.914,16.198,0.221;19.368,19.621,0.491;11.996,12.184,2.012;6.835,13.504,0.345;8.038,18.017,0.316;17.186,9.308,1.723;14.891,13.471,0.975;15.582,10.066,1.198;16.489,2.128,0.872;15.792,10.217,2.240;19.731,9.674,0.358;7.591,0.862,0.435;17.276,6.566,1.318;1.818,13.113,0.653;9.172,9.405,2.202"
14,drone_4,7.9326,6.8889,17.0000,17.0000,"11.294,19.317,0.853;19.345,3.146,1.273;16.496,7.884,0.381;1.339,18.247,0.980;6.751,3.208,0.290;1.597,18.936,0.411;5.831,17.363,0.235;10.558,12.892,0.463;5.832,1.461,0.332;10.097,12.441,2.241;0.777,19.005,1.302;15.005,8.135,1.610;13.972,15.962,0.453;11.698,18.458,0.926;16.503,5.622,0.344;10.412,18.974,0.493;19.686,11.361,0.474;18.400,7.706,0.375;13.032,7.521,0.823;18.860,0.691,1.239;10.229,1.031,1.331;10.965,11.910,2.376;10.187,18.001,1.100;8.320,8.335,0.725;11.194,17.132,0.296;17.570,0.380,0.262;10.399,4.179,0.808;18.600,2.136,0.370;15.873,19.527,0.287;18.372,4.933,1.770;14.507,4.573,0.426;13.090,6.513,1.993;7.437,10.328,0.944;8.346,15.182,0.325;2.481,13.674,0.390;0.269,6.395,0.235;6.357,9.930,0.404;16.643,7.083,1.124;7.464,18.965,1.236;6.533,17.776,0.225;11.776,19.080,0.938;9.348,7.331,0.277;8.373,10.131,0.203;12.341,15.070,0.205;11.069,5.690,0.236;11.921,14.232,1.839;13.491,19.307,0.479;10.401,6.449,1.053;1.988,12.112,1.019;17.758,9.628,0.434;13.858,14.631,0.279;9.914,16.198,0.221;19.368,19.621,0.491;11.996,12.184,2.012;6.835,13.504,0.345;8.038,18.017,0.316;17.186,9.308,1.723;14.891,13.471,0.975;15.582,10.066,1.198;16.489,2.128,0.872;15.792,10.217,2.240;19.731,9.674,0.358;7.591,0.862,0.435;17.276,6.566,1.318;1.818,13.113,0.653;9.172,9.405,2.202"
14,drone_5,5.0137,5.5870,17.0000,17.0000,"11.294,19.317,0.853;19.345,3.146,1.273;16.496,7.884,0.381;1.339,18.247,0.980;6.751,3.208,0.290;1.597,18.936,0.411;5.831,17.363,0.235;10.558,12.892,0.463;5.832,1.461,0.332;10.097,12.441,2.241;0.777,19.005,1.302;15.005,8.135,1.610;13.972,15.962,0.453;11.698,18.458,0.926;16.503,5.622,0.344;10.412,18.974,0.493;19.686,11.361,0.474;18.400,7.706,0.375;13.032,7.521,0.823;18.860,0.691,1.239;10.229,1.031,1.331;10.965,11.910,2.376;10.187,18.001,1.100;8.320,8.335,0.725;11.194,17.132,0.296;17.570,0.380,0.262;10.399,4.179,0.808;18.600,2.136,0.370;15.873,19.527,0.287;18.372,4.933,1.770;14.507,4.573,0.426;13.090,6.513,1.993;7.437,10.328,0.944;8.346,15.182,0.325;2.481,13.674,0.390;0.269,6.395,0.235;6.357,9.930,0.404;16.643,7.083,1.124;7.464,18.965,1.236;6.533,17.776,0.225;11.776,19.080,0.938;9.348,7.331,0.277;8.373,10.131,0.203;12.341,15.070,0.205;11.069,5.690,0.236;11.921,14.232,1.839;13.491,19.307,0.479;10.401,6.449,1.053;1.988,12.112,1.019;17.758,9.628,0.434;13.858,14.631,0.279;9.914,16.198,0.221;19.368,19.621,0.491;11.996,12.184,2.012;6.835,13.504,0.345;8.038,18.017,0.316;17.186,9.308,1.723;14.891,13.471,0.975;15.582,10.066,1.198;16.489,2.128,0.872;15.792,10.217,2.240;19.731,9.674,0.358;7.591,0.862,0.435;17.276,6.566,1.318;1.818,13.113,0.653;9.172,9.405,2.202"
14,drone_6,6.2738,13.9745,17.0000,17.0000,"11.294,19.317,0.853;19.345,3.146,1.273;16.496,7.884,0.381;1.339,18.247,0.980;6.751,3.208,0.290;1.597,18.936,0.411;5.831,17.363,0.235;10.558,12.892,0.463;5.832,1.461,0.332;10.097,12.441,2.241;0.777,19.005,1.302;15.005,8.135,1.610;13.972,15.962,0.453;11.698,18.458,0.926;16.503,5.622,0.344;10.412,18.974,0.493;19.686,11.361,0.474;18.400,7.706,0.375;13.032,7.521,0.823;18.860,0.691,1.239;10.229,1.031,1.331;10.965,11.910,2.376;10.187,18.001,1.100;8.320,8.335,0.725;11.194,17.132,0.296;17.570,0.380,0.262;10.399,4.179,0.808;18.600,2.136,0.370;15.873,19.527,0.287;18.372,4.933,1.770;14.507,4.573,0.426;13.090,6.513,1.993;7.437,10.328,0.944;8.346,15.182,0.325;2.481,13.674,0.390;0.269,6.395,0.235;6.357,9.930,0.404;16.643,7.083,1.124;7.464,18.965,1.236;6.533,17.776,0.225;11.776,19.080,0.938;9.348,7.331,0.277;8.373,10.131,0.203;12.341,15.070,0.205;11.069,5.690,0.236;11.921,14.232,1.839;13.491,19.307,0.479;10.401,6.449,1.053;1.988,12.112,1.019;17.758,9.628,0.434;13.858,14.631,0.279;9.914,16.198,0.221;19.368,19.621,0.491;11.996,12.184,2.012;6.835,13.504,0.345;8.038,18.017,0.316;17.186,9.308,1.723;14.891,13.471,0.975;15.582,10.066,1.198;16.489,2.128,0.872;15.792,10.217,2.240;19.731,9.674,0.358;7.591,0.862,0.435;17.276,6.566,1.318;1.818,13.113,0.653;9.172,9.405,2.202"
14,drone_8,15.8426,4.3309,17.0000,17.0000,"11.294,19.317,0.853;19.345,3.146,1.273;16.496,7.884,0.381;1.339,18.247,0.980;6.751,3.208,0.290;1.597,18.936,0.411;5.831,17.363,0.235;10.558,12.892,0.463;5.832,1.461,0.332;10.097,12.441,2.241;0.777,19.005,1.302;15.005,8.135,1.610;13.972,15.962,0.453;11.698,18.458,0.926;16.503,5.622,0.344;10.412,18.974,0.493;19.686,11.361,0.474;18.400,7.706,0.375;13.032,7.521,0.823;18.860,0.691,1.239;10.229,1.031,1.331;10.965,11.910,2.376;10.187,18.001,1.100;8.320,8.335,0.725;11.194,17.132,0.296;17.570,0.380,0.262;10.399,4.179,0.808;18.600,2.136,0.370;15.873,19.527,0.287;18.372,4.933,1.770;14.507,4.573,0.426;13.090,6.513,1.993;7.437,10.328,0.944;8.346,15.182,0.325;2.481,13.674,0.390;0.269,6.395,0.235;6.357,9.930,0.404;16.643,7.083,1.124;7.464,18.965,1.236;6.533,17.776,0.225;11.776,19.080,0.938;9.348,7.331,0.277;8.373,10.131,0.203;12.341,15.070,0.205;11.069,5.690,0.236;11.921,14.232,1.839;13.491,19.307,0.479;10.401,6.449,1.053;1.988,12.112,1.019;17.758,9.628,0.434;13.858,14.631,0.279;9.914,16.198,0.221;19.368,19.621,0.491;11.996,12.184,2.012;6.835,13.504,0.345;8.038,18.017,0.316;17.186,9.308,1.723;14.891,13.471,0.975;15.582,10.066,1.198;16.489,2.128,0.872;15.792,10.217,2.240;19.731,9.674,0.358;7.591,0.862,0.435;17.276,6.566,1.318;1.818,13.113,0.653;9.172,9.405,2.202"
15,drone_0,5.9203,10.7445,17.0000,17.0000,"11.294,19.317,0.853;19.345,3.146,1.273;16.496,7.884,0.381;1.339,18.247,0.980;6.751,3.208,0.290;1.597,18.936,0.411;5.831,17.363,0.235;10.558,12.892,0.463;5.832,1.461,0.332;10.097,12.441,2.241;0.777,19.005,1.302;15.005,8.135,1.610;13.972,15.962,0.453;11.698,18.458,0.926;16.503,5.622,0.344;10.412,18.974,0.493;19.686,11.361,0.474;18.400,7.706,0.375;13.032,7.521,0.823;18.860,0.691,1.239;10.229,1.031,1.331;10.965,11.910,2.376;10.187,18.001,1.100;8.320,8.335,0.725;11.194,17.132,0.296;17.570,0.380,0.262;10.399,4.179,0.808;18.600,2.136,0.370;15.873,19.527,0.287;18.372,4.933,1.770;14.507,4.573,0.426;13.090,6.513,1.993;7.437,10.328,0.944;8.346,15.182,0.325;2.481,13.674,0.390;0.269,6.395,0.235;6.357,9.930,0.404;16.643,7.083,1.124;7.464,18.965,1.236;6.533,17.776,0.225;11.776,19.080,0.938;9.348,7.331,0.277;8.373,10.131,0.203;12.341,15.070,0.205;11.069,5.690,0.236;11.921,14.232,1.839;13.491,19.307,0.479;10.401,6.449,1.053;1.988,12.112,1.019;17.758,9.628,0.434;13.858,14.631,0.279;9.914,16.198,0.221;19.368,19.621,0.491;11.996,12.184,2.012;6.835,13.504,0.345;8.038,18.017,0.316;17.186,9.308,1.723;14.891,13.471,0.975;15.582,10.066,1.198;16.489,2.128,0.872;15.792,10.217,2.240;19.731,9.674,0.358;7.591,0.862,0.435;17.276,6.566,1.318;1.818,13.113,0.653;9.172,9.405,2.202"
15,drone_1,2.2439,4.6583,17.0000,17.0000,"11.294,19.317,0.853;19.345,3.146,1.273;16.496,7.884,0.381;1.339,18.247,0.980;6.751,3.208,0.290;1.597,18.936,0.411;5.831,17.363,0.235;10.558,12.892,0.463;5.832,1.461,0.332;10.097,12.441,2.241;0.777,19.005,1.302;15.005,8.135,1.610;13.972,15.962,0.453;11.698,18.458,0.926;16.503,5.622,0.344;10.412,18.974,0.493;19.686,11.361,0.474;18.400,7.706,0.375;13.032,7.521,0.823;18.860,0.691,1.239;10.229,1.031,1.331;10.965,11.910,2.376;10.187,18.001,1.100;8.320,8.335,0.725;11.194,17.132,0.296;17.570,0.380,0.262;10.399,4.179,0.808;18.600,2.136,0.370;15.873,19.527,0.287;18.372,4.933,1.770;14.507,4.573,0.426;13.090,6.513,1.993;7.437,10.328,0.944;8.346,15.182,0.325;2.481,13.674,0.390;0.269,6.395,0.235;6.357,9.930,0.404;16.643,7.083,1.124;7.464,18.965,1.236;6.533,17.776,0.225;11.776,19.080,0.938;9.348,7.331,0.277;8.373,10.131,0.203;12.341,15.070,0.205;11.069,5.690,0.236;11.921,14.232,1.839;13.491,19.307,0.479;10.401,6.449,1.053;1.988,12.112,1.019;17.758,9.628,0.434;13.858,14.631,0.279;9.914,16.198,0.221;19.368,19.621,0.491;11.996,12.184,2.012;6.835,13.504,0.345;8.038,18.017,0.316;17.186,9.308,1.723;14.891,13.471,0.975;15.582,10.066,1.198;16.489,2.128,0.872;15.792,10.217,2.240;19.731,9.674,0.358;7.591,0.862,0.435;17.276,6.566,1.318;1.818,13.113,0.653;9.172,9.405,2.202"
15,drone_3,8.5712,16.8083,17.0000,17.0000,"11.294,19.317,0.853;19.345,3.146,1.273;16.496,7.884,0.381;1.339,18.247,0.980;6.751,3.208,0.290;1.597,18.936,0.411;5.831,17.363,0.235;10.558,12.892,0.463;5.832,1.461,0.332;10.097,12.441,2.241;0.777,19.005,1.302;15.005,8.135,1.610;13.972,15.962,0.453;11.698,18.458,0.926;16.503,5.622,0.344;10.412,18.974,0.493;19.686,11.361,0.474;18.400,7.706,0.375;13.032,7.521,0.823;18.860,0.691,1.239;10.229,1.031,1.331;10.965,11.910,2.376;10.187,18.001,1.100;8.320,8.335,0.725;11.194,17.132,0.296;17.570,0.380,0.262;10.399,4.179,0.808;18.600,2.136,0.370;15.873,19.527,0.287;18.372,4.933,1.770;14.507,4.573,0.426;13.090,6.513,1.993;7.437,10.328,0.944;8.346,15.182,0.325;2.481,13.674,0.390;0.269,6.395,0.235;6.357,9.930,0.404;16.643,7.083,1.124;7.464,18.965,1.236;6.533,17.776,0.225;11.776,19.080,0.938;9.348,7.331,0.277;8.373,10.131,0.203;12.341,15.070,0.205;11.069,5.690,0.236;11.921,14.232,1.839;13.491,19.307,0.479;10.401,6.449,1.053;1.988,12.112,1.019;17.758,9.628,0.434;13.858,14.631,0.279;9.914,16.198,0.221;19.368,19.621,0.491;11.996,12.184,2.012;6.835,13.504,0.345;8.038,18.017,0.316;17.186,9.308,1.723;14.891,13.471,0.975;15.582,10.066,1.198;16.489,2.128,0.872;15.792,10.217,2.240;19.731,9.674,0.358;7.591,0.862,0.435;17.276,6.566,1.318;1.818,13.113,0.653;9.172,9.405,2.202"
15,drone_4,8.1266,6.9375,17.0000,17.0000,"11.294,19.317,0.853;19.345,3.146,1.273;16.496,7.884,0.381;1.339,18.247,0.980;6.751,3.208,0.290;1.597,18.936,0.411;5.831,17.363,0.235;10.558,12.892,0.463;5.832,1.461,0.332;10.097,12.441,2.241;0.777,19.005,1.302;15.005,8.135,1.610;13.972,15.962,0.453;11.698,18.458,0.926;16.503,5.622,0.344;10.412,18.974,0.493;19.686,11.361,0.474;18.400,7.706,0.375;13.032,7.521,0.823;18.860,0.691,1.239;10.229,1.031,1.331;10.965,11.910,2.376;10.187,18.001,1.100;8.320,8.335,0.725;11.194,17.132,0.296;17.570,0.380,0.262;10.399,4.179,0.808;18.600,2.136,0.370;15.873,19.527,0.287;18.372,4.933,1.770;14.507,4.573,0.426;13.090,6.513,1.993;7.437,10.328,0.944;8.346,15.182,0.325;2.481,13.674,0.390;0.269,6.395,0.235;6.357,9.930,0.404;16.643,7.083,1.124;7.464,18.965,1.236;6.533,17.776,0.225;11.776,19.080,0.938;9.348,7.331,0.277;8.373,10.131,0.203;12.341,15.070,0.205;11.069,5.690,0.236;11.921,14.232,1.839;13.491,19.307,0.479;10.401,6.449,1.053;1.988,12.112,1.019;17.758,9.628,0.434;13.858,14.631,0.279;9.914,16.198,0.221;19.368,19.621,0.491;11.996,12.184,2.012;6.835,13.504,0.345;8.038,18.017,0.316;17.186,9.308,1.723;14.891,13.471,0.975;15.582,10.066,1.198;16.489,2.128,0.872;15.792,10.217,2.240;19.731,9.674,0.358;7.591,0.862,0.435;17.276,6.566,1.318;1.818,13.113,0.653;9.172,9.405,2.202"
15,drone_5,5.1946,5.6723,17.0000,17.0000,"11.294,19.317,0.853;19.345,3.146,1.273;16.496,7.884,0.381;1.339,18.247,0.980;6.751,3.208,0.290;1.597,18.936,0.411;5.831,17.363,0.235;10.558,12.892,0.463;5.832,1.461,0.332;10.097,12.441,2.241;0.777,19.005,1.302;15.005,8.135,1.610;13.972,15.962,0.453;11.698,18.458,0.926;16.503,5.622,0.344;10.412,18.974,0.493;19.686,11.361,0.474;18.400,7.706,0.375;13.032,7.521,0.823;18.860,0.691,1.239;10.229,1.031,1.331;10.965,11.910,2.376;10.187,18.001,1.100;8.320,8.335,0.725;11.194,17.132,0.296;17.570,0.380,0.262;10.399,4.179,0.808;18.600,2.136,0.370;15.873,19.527,0.287;18.372,4.933,1.770;14.507,4.573,0.426;13.090,6.513,1.993;7.437,10.328,0.944;8.346,15.182,0.325;2.481,13.674,0.390;0.269,6.395,0.235;6.357,9.930,0.404;16.643,7.083,1.124;7.464,18.965,1.236;6.533,17.776,0.225;11.776,19.080,0.938;9.348,7.331,0.277;8.373,10.131,0.203;12.341,15.070,0.205;11.069,5.690,0.236;11.921,14.232,1.839;13.491,19.307,0.479;10.401,6.449,1.053;1.988,12.112,1.019;17.758,9.628,0.434;13.858,14.631,0.279;9.914,16.198,0.221;19.368,19.621,0.491;11.996,12.184,2.012;6.835,13.504,0.345;8.038,18.017,0.316;17.186,9.308,1.723;14.891,13.471,0.975;15.582,10.066,1.198;16.489,2.128,0.872;15.792,10.217,2.240;19.731,9.674,0.358;7.591,0.862,0.435;17.276,6.566,1.318;1.818,13.113,0.653;9.172,9.405,2.202"
15,drone_6,6.3536,14.1579,17.0000,17.0000,"11.294,19.317,0.853;19.345,3.146,1.273;16.496,7.884,0.381;1.339,18.247,0.980;6.751,3.208,0.290;1.597,18.936,0.411;5.831,17.363,0.235;10.558,12.892,0.463;5.832,1.461,0.332;10.097,12.441,2.241;0.777,19.005,1.302;15.005,8.135,1.610;13.972,15.962,0.453;11.698,18.458,0.926;16.503,5.622,0.344;10.412,18.974,0.493;19.686,11.361,0.474;18.400,7.706,0.375;13.032,7.521,0.823;18.860,0.691,1.239;10.229,1.031,1.331;10.965,11.910,2.376;10.187,18.001,1.100;8.320,8.335,0.725;11.194,17.132,0.296;17.570,0.380,0.262;10.399,4.179,0.808;18.600,2.136,0.370;15.873,19.527,0.287;18.372,4.933,1.770;14.507,4.573,0.426;13.090,6.513,1.993;7.437,10.328,0.944;8.346,15.182,0.325;2.481,13.674,0.390;0.269,6.395,0.235;6.357,9.930,0.404;16.643,7.083,1.124;7.464,18.965,1.236;6.533,17.776,0.225;11.776,19.080,0.938;9.348,7.331,0.277;8.373,10.131,0.203;12.341,15.070,0.205;11.069,5.690,0.236;11.921,14.232,1.839;13.491,19.307,0.479;10.401,6.449,1.053;1.988,12.112,1.019;17.758,9.628,0.434;13.858,14.631,0.279;9.914,16.198,0.221;19.368,19.621,0.491;11.996,12.184,2.012;6.835,13.504,0.345;8.038,18.017,0.316;17.186,9.308,1.723;14.891,13.471,0.975;15.582,10.066,1.198;16.489,2.128,0.872;15.792,10.217,2.240;19.731,9.674,0.358;7.591,0.862,0.435;17.276,6.566,1.318;1.818,13.113,0.653;9.172,9.405,2.202"
15,drone_8,15.9663,4.4881,17.0000,17.0000,"11.294,19.317,0.853;19.345,3.146,1.273;16.496,7.884,0.381;1.339,18.247,0.980;6.751,3.208,0.290;1.597,18.936,0.411;5.831,17.363,0.235;10.558,12.892,0.463;5.832,1.461,0.332;10.097,12.441,2.241;0.777,19.005,1.302;15.005,8.135,1.610;13.972,15.962,0.453;11.698,18.458,0.926;16.503,5.622,0.344;10.412,18.974,0.493;19.686,11.361,0.474;18.400,7.706,0.375;13.032,7.521,0.823;18.860,0.691,1.239;10.229,1.031,1.331;10.965,11.910,2.376;10.187,18.001,1.100;8.320,8.335,0.725;11.194,17.132,0.296;17.570,0.380,0.262;10.399,4.179,0.808;18.600,2.136,0.370;15.873,19.527,0.287;18.372,4.933,1.770;14.507,4.573,0.426;13.090,6.513,1.993;7.437,10.328,0.944;8.346,15.182,0.325;2.481,13.674,0.390;0.269,6.395,0.235;6.357,9.930,0.404;16.643,7.083,1.124;7.464,18.965,1.236;6.533,17.776,0.225;11.776,19.080,0.938;9.348,7.331,0.277;8.373,10.131,0.203;12.341,15.070,0.205;11.069,5.690,0.236;11.921,14.232,1.839;13.491,19.307,0.479;10.401,6.449,1.053;1.988,12.112,1.019;17.758,9.628,0.434;13.858,14.631,0.279;9.914,16.198,0.221;19.368,19.621,0.491;11.996,12.184,2.012;6.835,13.504,0.345;8.038,18.017,0.316;17.186,9.308,1.723;14.891,13.471,0.975;15.582,10.066,1.198;16.489,2.128,0.872;15.792,10.217,2.240;19.731,9.674,0.358;7.591,0.862,0.435;17.276,6.566,1.318;1.818,13.113,0.653;9.172,9.405,2.202"
16,drone_0,5.9506,10.9422,17.0000,17.0000,"11.294,19.317,0.853;19.345,3.146,1.273;16.496,7.884,0.381;1.339,18.247,0.980;6.751,3.208,0.290;1.597,18.936,0.411;5.831,17.363,0.235;10.558,12.892,0.463;5.832,1.461,0.332;10.097,12.441,2.241;0.777,19.005,1.302;15.005,8.135,1.610;13.972,15.962,0.453;11.698,18.458,0.926;16.503,5.622,0.344;10.412,18.974,0.493;19.686,11.361,0.474;18.400,7.706,0.375;13.032,7.521,0.823;18.860,0.691,1.239;10.229,1.031,1.331;10.965,11.910,2.376;10.187,18.001,1.100;8.320,8.335,0.725;11.194,17.132,0.296;17.570,0.380,0.262;10.399,4.179,0.808;18.600,2.136,0.370;15.873,19.527,0.287;18.372,4.933,1.770;14.507,4.573,0.426;13.090,6.513,1.993;7.437,10.328,0.944;8.346,15.182,0.325;2.481,13.674,0.390;0.269,6.395,0.235;6.357,9.930,0.404;16.643,7.083,1.124;7.464,18.965,1.236;6.533,17.776,0.225;11.776,19.080,0.938;9.348,7.331,0.277;8.373,10.131,0.203;12.341,15.070,0.205;11.069,5.690,0.236;11.921,14.232,1.839;13.491,19.307,0.479;10.401,6.449,1.053;1.988,12.112,1.019;17.758,9.628,0.434;13.858,14.631,0.279;9.914,16.198,0.221;19.368,19.621,0.491;11.996,12.184,2.012;6.835,13.504,0.345;8.038,18.017,0.316;17.186,9.308,1.723;14.891,13.471,0.975;15.582,10.066,1.198;16.489,2.128,0.872;15.792,10.217,2.240;19.731,9.674,0.358;7.591,0.862,0.435;17.276,6.566,1.318;1.818,13.113,0.653;9.172,9.405,2.202"
16,drone_1,2.2684,4.8568,17.0000,17.0000,"11.294,19.317,0.853;19.345,3.146,1.273;16.496,7.884,0.381;1.339,18.247,0.980;6.751,3.208,0.290;1.597,18.936,0.411;5.831,17.363,0.235;10.558,12.892,0.463;5.832,1.461,0.332;10.097,12.441,2.241;0.777,19.005,1.302;15.005,8.135,1.610;13.972,15.962,0.453;11.698,18.458,0.926;16.503,5.622,0.344;10.412,18.974,0.493;19.686,11.361,0.474;18.400,7.706,0.375;13.032,7.521,0.823;18.860,0.691,1.239;10.229,1.031,1.331;10.965,11.910,2.376;10.187,18.001,1.100;8.320,8.335,0.725;11.194,17.132,0.296;17.570,0.380,0.262;10.399,4.179,0.808;18.600,2.136,0.370;15.873,19.527,0.287;18.372,4.933,1.770;14.507,4.573,0.426;13.090,6.513,1.993;7.437,10.328,0.944;8.346,15.182,0.325;2.481,13.674,0.390;0.269,6.395,0.235;6.357,9.930,0.404;16.643,7.083,1.124;7.464,18.965,1.236;6.533,17.776,0.225;11.776,19.080,0.938;9.348,7.331,0.277;8.373,10.131,0.203;12.341,15.070,0.205;11.069,5.690,0.236;11.921,14.232,1.839;13.491,19.307,0.479;10.401,6.449,1.053;1.988,12.112,1.019;17.758,9.628,0.434;13.858,14.631,0.279;9.914,16.198,0.221;19.368,19.621,0.491;11.996,12.184,2.012;6.835,13.504,0.345;8.038,18.017,0.316;17.186,9.308,1.723;14.891,13.471,0.975;15.582,10.066,1.198;16.489,2.128,0.872;15.792,10.217,2.240;19.731,9.674,0.358;7.591,0.862,0.435;17.276,6.566,1.318;1.818,13.113,0.653;9.172,9.405,2.202"
16,drone_3,8.7710,16.8174,17.0000,17.0000,"11.294,19.317,0.853;19.345,3.146,1.273;16.496,7.884,0.381;1.339,18.247,0.980;6.751,3.208,0.290;1.597,18.936,0.411;5.831,17.363,0.235;10.558,12.892,0.463;5.832,1.461,0.332;10.097,12.441,2.241;0.777,19.005,1.302;15.005,8.135,1.610;13.972,15.962,0.453;11.698,18.458,0.926;16.503,5.622,0.344;10.412,18.974,0.493;19.686,11.361,0.474;18.400,7.706,0.375;13.032,7.521,0.823;18.860,0.691,1.239;10.229,1.031,1.331;10.965,11.910,2.376;10.187,18.001,1.100;8.320,8.335,0.725;11.194,17.132,0.296;17.570,0.380,0.262;10.399,4.179,0.808;18.600,2.136,0.370;15.873,19.527,0.287;18.372,4.933,1.770;14.507,4.573,0.426;13.090,6.513,1.993;7.437,10.328,0.944;8.346,15.182,0.325;2.481,13.674,0.390;0.269,6.395,0.235;6.357,9.930,0.404;16.643,7.083,1.124;7.464,18.965,1.236;6.533,17.776,0.225;11.776,19.080,0.938;9.348,7.331,0.277;8.373,10.131,0.203;12.341,15.070,0.205;11.069,5.690,0.236;11.921,14.232,1.839;13.491,19.307,0.479;10.401,6.449,1.053;1.988,12.112,1.019;17.758,9.628,0.434;13.858,14.631,0.279;9.914,16.198,0.221;19.368,19.621,0.491;11.996,12.184,2.012;6.835,13.504,0.345;8.038,18.017,0.316;17.186,9.308,1.723;14.891,13.471,0.975;15.582,10.066,1.198;16.489,2.128,0.872;15.792,10.217,2.240;19.731,9.674,0.358;7.591,0.862,0.435;17.276,6.566,1.318;1.818,13.113,0.653;9.172,9.405,2.202"
16,drone_4,8.3225,6.9778,17.0000,17.0000,"11.294,19.317,0.853;19.345,3.146,1.273;16.496,7.884,0.381;1.339,18.247,0.980;6.751,3.208,0.290;1.597,18.936,0.411;5.831,17.363,0.235;10.558,12.892,0.463;5.832,1.461,0.332;10.097,12.441,2.241;0.777,19.005,1.302;15.005,8.135,1.610;13.972,15.962,0.453;11.698,18.458,0.926;16.503,5.622,0.344;10.412,18.974,0.493;19.686,11.361,0.474;18.400,7.706,0.375;13.032,7.521,0.823;18.860,0.691,1.239;10.229,1.031,1.331;10.965,11.910,2.376;10.187,18.001,1.100;8.320,8.335,0.725;11.194,17.132,0.296;17.570,0.380,0.262;10.399,4.179,0.808;18.600,2.136,0.370;15.873,19.527,0.287;18.372,4.933,1.770;14.507,4.573,0.426;13.090,6.513,1.993;7.437,10.328,0.944;8.346,15.182,0.325;2.481,13.674,0.390;0.269,6.395,0.235;6.357,9.930,0.404;16.643,7.083,1.124;7.464,18.965,1.236;6.533,17.776,0.225;11.776,19.080,0.938;9.348,7.331,0.277;8.373,10.131,0.203;12.341,15.070,0.205;11.069,5.690,0.236;11.921,14.232,1.839;13.491,19.307,0.479;10.401,6.449,1.053;1.988,12.112,1.019;17.758,9.628,0.434;13.858,14.631,0.279;9.914,16.198,0.221;19.368,19.621,0.491;11.996,12.184,2.012;6.835,13.504,0.345;8.038,18.017,0.316;17.186,9.308,1.723;14.891,13.471,0.975;15.582,10.066,1.198;16.489,2.128,0.872;15.792,10.217,2.240;19.731,9.674,0.358;7.591,0.862,0.435;17.276,6.566,1.318;1.818,13.113,0.653;9.172,9.405,2.202"
16,drone_5,5.3669,5.7738,17.0000,17.0000,"11.294,19.317,0.853;19.345,3.146,1.273;16.496,7.884,0.381;1.339,18.247,0.980;6.751,3.208,0.290;1.597,18.936,0.411;5.831,17.363,0.235;10.558,12.892,0.463;5.832,1.461,0.332;10.097,12.441,2.241;0.777,19.005,1.302;15.005,8.135,1.610;13.972,15.962,0.453;11.698,18.458,0.926;16.503,5.622,0.344;10.412,18.974,0.493;19.686,11.361,0.474;18.400,7.706,0.375;13.032,7.521,0.823;18.860,0.691,1.239;10.229,1.031,1.331;10.965,11.910,2.376;10.187,18.001,1.100;8.320,8.335,0.725;11.194,17.132,0.296;17.570,0.380,0.262;10.399,4.179,0.808;18.600,2.136,0.370;15.873,19.527,0.287;18.372,4.933,1.770;14.507,4.573,0.426;13.090,6.513,1.993;7.437,10.328,0.944;8.346,15.182,0.325;2.481,13.674,0.390;0.269,6.395,0.235;6.357,9.930,0.404;16.643,7.083,1.124;7.464,18.965,1.236;6.533,17.776,0.225;11.776,19.080,0.938;9.348,7.331,0.277;8.373,10.131,0.203;12.341,15.070,0.205;11.069,5.690,0.236;11.921,14.232,1.839;13.491,19.307,0.479;10.401,6.449,1.053;1.988,12.112,1.019;17.758,9.628,0.434;13.858,14.631,0.279;9.914,16.198,0.221;19.368,19.621,0.491;11.996,12.184,2.012;6.835,13.504,0.345;8.038,18.017,0.316;17.186,9.308,1.723;14.891,13.471,0.975;15.582,10.066,1.198;16.489,2.128,0.872;15.792,10.217,2.240;19.731,9.674,0.358;7.591,0.862,0.435;17.276,6.566,1.318;1.818,13.113,0.653;9.172,9.405,2.202"
16,drone_6,6.4404,14.3381,17.0000,17.0000,"11.294,19.317,0.853;19.345,3.146,1.273;16.496,7.884,0.381;1.339,18.247,0.980;6.751,3.208,0.290;1.597,18.936,0.411;5.831,17.363,0.235;10.558,12.892,0.463;5.832,1.461,0.332;10.097,12.441,2.241;0.777,19.005,1.302;15.005,8.135,1.610;13.972,15.962,0.453;11.698,18.458,0.926;16.503,5.622,0.344;10.412,18.974,0.493;19.686,11.361,0.474;18.400,7.706,0.375;13.032,7.521,0.823;18.860,0.691,1.239;10.229,1.031,1.331;10.965,11.910,2.376;10.187,18.001,1.100;8.320,8.335,0.725;11.194,17.132,0.296;17.570,0.380,0.262;10.399,4.179,0.808;18.600,2.136,0.370;15.873,19.527,0.287;18.372,4.933,1.770;14.507,4.573,0.426;13.090,6.513,1.993;7.437,10.328,0.944;8.346,15.182,0.325;2.481,13.674,0.390;0.269,6.395,0.235;6.357,9.930,0.404;16.643,7.083,1.124;7.464,18.965,1.236;6.533,17.776,0.225;11.776,19.080,0.938;9.348,7.331,0.277;8.373,10.131,0.203;12.341,15.070,0.205;11.069,5.690,0.236;11.921,14.232,1.839;13.491,19.307,0.479;10.401,6.449,1.053;1.988,12.112,1.019;17.758,9.628,0.434;13.858,14.631,0.279;9.914,16.198,0.221;19.368,19.621,0.491;11.996,12.184,2.012;6.835,13.504,0.345;8.038,18.017,0.316;17.186,9.308,1.723;14.891,13.471,0.975;15.582,10.066,1.198;16.489,2.128,0.872;15.792,10.217,2.240;19.731,9.674,0.358;7.591,0.862,0.435;17.276,6.566,1.318;1.818,13.113,0.653;9.172,9.405,2.202"
16,drone_8,16.0869,4.6476,17.0000,17.0000,"11.294,19.317,0.853;19.345,3.146,1.273;16.496,7.884,0.381;1.339,18.247,0.980;6.751,3.208,0.290;1.597,18.936,0.411;5.831,17.363,0.235;10.558,12.892,0.463;5.832,1.461,0.332;10.097,12.441,2.241;0.777,19.005,1.302;15.005,8.135,1.610;13.972,15.962,0.453;11.698,18.458,0.926;16.503,5.622,0.344;10.412,18.974,0.493;19.686,11.361,0.474;18.400,7.706,0.375;13.032,7.521,0.823;18.860,0.691,1.239;10.229,1.031,1.331;10.965,11.910,2.376;10.187,18.001,1.100;8.320,8.335,0.725;11.194,17.132,0.296;17.570,0.380,0.262;10.399,4.179,0.808;18.600,2.136,0.370;15.873,19.527,0.287;18.372,4.933,1.770;14.507,4.573,0.426;13.090,6.513,1.993;7.437,10.328,0.944;8.346,15.182,0.325;2.481,13.674,0.390;0.269,6.395,0.235;6.357,9.930,0.404;16.643,7.083,1.124;7.464,18.965,1.236;6.533,17.776,0.225;11.776,19.080,0.938;9.348,7.331,0.277;8.373,10.131,0.203;12.341,15.070,0.205;11.069,5.690,0.236;11.921,14.232,1.839;13.491,19.307,0.479;10.401,6.449,1.053;1.988,12.112,1.019;17.758,9.628,0.434;13.858,14.631,0.279;9.914,16.198,0.221;19.368,19.621,0.491;11.996,12.184,2.012;6.835,13.504,0.345;8.038,18.017,0.316;17.186,9.308,1.723;14.891,13.471,0.975;15.582,10.066,1.198;16.489,2.128,0.872;15.792,10.217,2.240;19.731,9.674,0.358;7.591,0.862,0.435;17.276,6.566,1.318;1.818,13.113,0.653;9.172,9.405,2.202"
17,drone_0,5.9591,11.1420,17.0000,17.0000,"11.294,19.317,0.853;19.345,3.146,1.273;16.496,7.884,0.381;1.339,18.247,0.980;6.751,3.208,0.290;1.597,18.936,0.411;5.831,17.363,0.235;10.558,12.892,0.463;5.832,1.461,0.332;10.097,12.441,2.241;0.777,19.005,1.302;15.005,8.135,1.610;13.972,15.962,0.453;11.698,18.458,0.926;16.503,5.622,0.344;10.412,18.974,0.493;19.686,11.361,0.474;18.400,7.706,0.375;13.032,7.521,0.823;18.860,0.691,1.239;10.229,1.031,1.331;10.965,11.910,2.376;10.187,18.001,1.100;8.320,8.335,0.725;11.194,17.132,0.296;17.570,0.380,0.262;10.399,4.179,0.808;18.600,2.136,0.370;15.873,19.527,0.287;18.372,4.933,1.770;14.507,4.573,0.426;13.090,6.513,1.993;7.437,10.328,0.944;8.346,15.182,0.325;2.481,13.674,0.390;0.269,6.395,0.235;6.357,9.930,0.404;16.643,7.083,1.124;7.464,18.965,1.236;6.533,17.776,0.225;11.776,19.080,0.938;9.348,7.331,0.277;8.373,10.131,0.203;12.341,15.070,0.205;11.069,5.690,0.236;11.921,14.232,1.839;13.491,19.307,0.479;10.401,6.449,1.053;1.988,12.112,1.019;17.758,9.628,0.434;13.858,14.631,0.279;9.914,16.198,0.221;19.368,19.621,0.491;11.996,12.184,2.012;6.835,13.504,0.345;8.038,18.017,0.316;17.186,9.308,1.723;14.891,13.471,0.975;15.582,10.066,1.198;16.489,2.128,0.872;15.792,10.217,2.240;19.731,9.674,0.358;7.591,0.862,0.435;17.276,6.566,1.318;1.818,13.113,0.653;9.172,9.405,2.202"
17,drone_1,2.3112,5.0522,17.0000,17.0000,"11.294,19.317,0.853;19.345,3.146,1.273;16.496,7.884,0.381;1.339,18.247,0.980;6.751,3.208,0.290;1.597,18.936,0.411;5.831,17.363,0.235;10.558,12.892,0.463;5.832,1.461,0.332;10.097,12.441,2.241;0.777,19.005,1.302;15.005,8.135,1.610;13.972,15.962,0.453;11.698,18.458,0.926;16.503,5.622,0.344;10.412,18.974,0.493;19.686,11.361,0.474;18.400,7.706,0.375;13.032,7.521,0.823;18.860,0.691,1.239;10.229,1.031,1.331;10.965,11.910,2.376;10.187,18.001,1.100;8.320,8.335,0.725;11.194,17.132,0.296;17.570,0.380,0.262;10.399,4.179,0.808;18.600,2.136,0.370;15.873,19.527,0.287;18.372,4.933,1.770;14.507,4.573,0.426;13.090,6.513,1.993;7.437,10.328,0.944;8.346,15.182,0.325;2.481,13.674,0.390;0.269,6.395,0.235;6.357,9.930,0.404;16.643,7.083,1.124;7.464,18.965,1.236;6.533,17.776,0.225;11.776,19.080,0.938;9.348,7.331,0.277;8.373,10.131,0.203;12.341,15.070,0.205;11.069,5.690,0.236;11.921,14.232,1.839;13.491,19.307,0.479;10.401,6.449,1.053;1.988,12.112,1.019;17.758,9.628,0.434;13.858,14.631,0.279;9.914,16.198,0.221;19.368,19.621,0.491;11.996,12.184,2.012;6.835,13.504,0.345;8.038,18.017,0.316;17.186,9.308,1.723;14.891,13.471,0.975;15.582,10.066,1.198;16.489,2.128,0.872;15.792,10.217,2.240;19.731,9.674,0.358;7.591,0.862,0.435;17.276,6.566,1.318;1.818,13.113,0.653;9.172,9.405,2.202"
17,drone_3,8.9709,16.8240,17.0000,17.0000,"11.294,19.317,0.853;19.345,3.146,1.273;16.496,7.884,0.381;1.339,18.247,0.980;6.751,3.208,0.290;1.597,18.936,0.411;5.831,17.363,0.235;10.558,12.892,0.463;5.832,1.461,0.332;10.097,12.441,2.241;0.777,19.005,1.302;15.005,8.135,1.610;13.972,15.962,0.453;11.698,18.458,0.926;16.503,5.622,0.344;10.412,18.974,0.493;19.686,11.361,0.474;18.400,7.706,0.375;13.032,7.521,0.823;18.860,0.691,1.239;10.229,1.031,1.331;10.965,11.910,2.376;10.187,18.001,1.100;8.320,8.335,0.725;11.194,17.132,0.296;17.570,0.380,0.262;10.399,4.179,0.808;18.600,2.136,0.370;15.873,19.527,0.287;18.372,4.933,1.770;14.507,4.573,0.426;13.090,6.513,1.993;7.437,10.328,0.944;8.346,15.182,0.325;2.481,13.674,0.390;0.269,6.395,0.235;6.357,9.930,0.404;16.643,7.083,1.124;7.464,18.965,1.236;6.533,17.776,0.225;11.776,19.080,0.938;9.348,7.331,0.277;8.373,10.131,0.203;12.341,15.070,0.205;11.069,5.690,0.236;11.921,14.232,1.839;13.491,19.307,0.479;10.401,6.449,1.053;1.988,12.112,1.019;17.758,9.628,0.434;13.858,14.631,0.279;9.914,16.198,0.221;19.368,19.621,0.491;11.996,12.184,2.012;6.835,13.504,0.345;8.038,18.017,0.316;17.186,9.308,1.723;14.891,13.471,0.975;15.582,10.066,1.198;16.489,2.128,0.872;15.792,10.217,2.240;19.731,9.674,0.358;7.591,0.862,0.435;17.276,6.566,1.318;1.818,13.113,0.653;9.172,9.405,2.202"
17,drone_4,8.5193,7.0131,17.0000,17.0000,"11.294,19.317,0.853;19.345,3.146,1.273;16.496,7.884,0.381;1.339,18.247,0.980;6.751,3.208,0.290;1.597,18.936,0.411;5.831,17.363,0.235;10.558,12.892,0.463;5.832,1.461,0.332;10.097,12.441,2.241;0.777,19.005,1.302;15.005,8.135,1.610;13.972,15.962,0.453;11.698,18.458,0.926;16.503,5.622,0.344;10.412,18.974,0.493;19.686,11.361,0.474;18.400,7.706,0.375;13.032,7.521,0.823;18.860,0.691,1.239;10.229,1.031,1.331;10.965,11.910,2.376;10.187,18.001,1.100;8.320,8.335,0.725;11.194,17.132,0.296;17.570,0.380,0.262;10.399,4.179,0.808;18.600,2.136,0.370;15.873,19.527,0.287;18.372,4.933,1.770;14.507,4.573,0.426;13.090,6.513,1.993;7.437,10.328,0.944;8.346,15.182,0.325;2.481,13.674,0.390;0.269,6.395,0.235;6.357,9.930,0.404;16.643,7.083,1.124;7.464,18.965,1.236;6.533,17.776,0.225;11.776,19.080,0.938;9.348,7.331,0.277;8.373,10.131,0.203;12.341,15.070,0.205;11.069,5.690,0.236;11.921,14.232,1.839;13.491,19.307,0.479;10.401,6.449,1.053;1.988,12.112,1.019;17.758,9.628,0.434;13.858,14.631,0.279;9.914,16.198,0.221;19.368,19.621,0.491;11.996,12.184,2.012;6.835,13.504,0.345;8.038,18.017,0.316;17.186,9.308,1.723;14.891,13.471,0.975;15.582,10.066,1.198;16.489,2.128,0.872;15.792,10.217,2.240;19.731,9.674,0.358;7.591,0.862,0.435;17.276,6.566,1.318;1.818,13.113,0.653;9.172,9.405,2.202"
17,drone_5,5.5366,5.8797,17.0000,17.0000,"11.294,19.317,0.853;19.345,3.146,1.273;16.496,7.884,0.381;1.339,18.247,0.980;6.751,3.208,0.290;1.597,18.936,0.411;5.831,17.363,0.235;10.558,12.892,0.463;5.832,1.461,0.332;10.097,12.441,2.241;0.777,19.005,1.302;15.005,8.135,1.610;13.972,15.962,0.453;11.698,18.458,0.926;16.503,5.622,0.344;10.412,18.974,0.493;19.686,11.361,0.474;18.400,7.706,0.375;13.032,7.521,0.823;18.860,0.691,1.239;10.229,1.031,1.331;10.965,11.910,2.376;10.187,18.001,1.100;8.320,8.335,0.725;11.194,17.132,0.296;17.570,0.380,0.262;10.399,4.179,0.808;18.600,2.136,0.370;15.873,19.527,0.287;18.372,4.933,1.770;14.507,4.573,0.426;13.090,6.513,1.993;7.437,10.328,0.944;8.346,15.182,0.325;2.481,13.674,0.390;0.269,6.395,0.235;6.357,9.930,0.404;16.643,7.083,1.124;7.464,18.965,1.236;6.533,17.776,0.225;11.776,19.080,0.938;9.348,7.331,0.277;8.373,10.131,0.203;12.341,15.070,0.205;11.069,5.690,0.236;11.921,14.232,1.839;13.491,19.307,0.479;10.401,6.449,1.053;1.988,12.112,1.019;17.758,9.628,0.434;13.858,14.631,0.279;9.914,16.198,0.221;19.368,19.621,0.491;11.996,12.184,2.012;6.835,13.504,0.345;8.038,18.017,0.316;17.186,9.308,1.723;14.891,13.471,0.975;15.582,10.066,1.198;16.489,2.128,0.872;15.792,10.217,2.240;19.731,9.674,0.358;7.591,0.862,0.435;17.276,6.566,1.318;1.818,13.113,0.653;9.172,9.405,2.202"
17,drone_6,6.5303,14.5167,17.0000,17.0000,"11.294,19.317,0.853;19.345,3.146,1.273;16.496,7.884,0.381;1.339,18.247,0.980;6.751,3.208,0.290;1.597,18.936,0.411;5.831,17.363,0.235;10.558,12.892,0.463;5.832,1.461,0.332;10.097,12.441,2.241;0.777,19.005,1.302;15.005,8.135,1.610;13.972,15.962,0.453;11.698,18.458,0.926;16.503,5.622,0.344;10.412,18.974,0.493;19.686,11.361,0.474;18.400,7.706,0.375;13.032,7.521,0.823;18.860,0.691,1.239;10.229,1.031,1.331;10.965,11.910,2.376;10.187,18.001,1.100;8.320,8.335,0.725;11.194,17.132,0.296;17.570,0.380,0.262;10.399,4.179,0.808;18.600,2.136,0.370;15.873,19.527,0.287;18.372,4.933,1.770;14.507,4.573,0.426;13.090,6.513,1.993;7.437,10.328,0.944;8.346,15.182,0.325;2.481,13.674,0.390;0.269,6.395,0.235;6.357,9.930,0.404;16.643,7.083,1.124;7.464,18.965,1.236;6.533,17.776,0.225;11.776,19.080,0.938;9.348,7.331,0.277;8.373,10.131,0.203;12.341,15.070,0.205;11.069,5.690,0.236;11.921,14.232,1.839;13.491,19.307,0.479;10.401,6.449,1.053;1.988,12.112,1.019;17.758,9.628,0.434;13.858,14.631,0.279;9.914,16.198,0.221;19.368,19.621,0.491;11.996,12.184,2.012;6.835,13.504,0.345;8.038,18.017,0.316;17.186,9.308,1.723;14.891,13.471,0.975;15.582,10.066,1.198;16.489,2.128,0.872;15.792,10.217,2.240;19.731,9.674,0.358;7.591,0.862,0.435;17.276,6.566,1.318;1.818,13.113,0.653;9.172,9.405,2.202"
17,drone_8,16.2030,4.8104,17.0000,17.0000,"11.294,19.317,0.853;19.345,3.146,1.273;16.496,7.884,0.381;1.339,18.247,0.980;6.751,3.208,0.290;1.597,18.936,0.411;5.831,17.363,0.235;10.558,12.892,0.463;5.832,1.461,0.332;10.097,12.441,2.241;0.777,19.005,1.302;15.005,8.135,1.610;13.972,15.962,0.453;11.698,18.458,0.926;16.503,5.622,0.344;10.412,18.974,0.493;19.686,11.361,0.474;18.400,7.706,0.375;13.032,7.521,0.823;18.860,0.691,1.239;10.229,1.031,1.331;10.965,11.910,2.376;10.187,18.001,1.100;8.320,8.335,0.725;11.194,17.132,0.296;17.570,0.380,0.262;10.399,4.179,0.808;18.600,2.136,0.370;15.873,19.527,0.287;18.372,4.933,1.770;14.507,4.573,0.426;13.090,6.513,1.993;7.437,10.328,0.944;8.346,15.182,0.325;2.481,13.674,0.390;0.269,6.395,0.235;6.357,9.930,0.404;16.643,7.083,1.124;7.464,18.965,1.236;6.533,17.776,0.225;11.776,19.080,0.938;9.348,7.331,0.277;8.373,10.131,0.203;12.341,15.070,0.205;11.069,5.690,0.236;11.921,14.232,1.839;13.491,19.307,0.479;10.401,6.449,1.053;1.988,12.112,1.019;17.758,9.628,0.434;13.858,14.631,0.279;9.914,16.198,0.221;19.368,19.621,0.491;11.996,12.184,2.012;6.835,13.504,0.345;8.038,18.017,0.316;17.186,9.308,1.723;14.891,13.471,0.975;15.582,10.066,1.198;16.489,2.128,0.872;15.792,10.217,2.240;19.731,9.674,0.358;7.591,0.862,0.435;17.276,6.566,1.318;1.818,13.113,0.653;9.172,9.405,2.202"
18,drone_0,5.9497,11.3418,17.0000,17.0000,"11.294,19.317,0.853;19.345,3.146,1.273;16.496,7.884,0.381;1.339,18.247,0.980;6.751,3.208,0.290;1.597,18.936,0.411;5.831,17.363,0.235;10.558,12.892,0.463;5.832,1.461,0.332;10.097,12.441,2.241;0.777,19.005,1.302;15.005,8.135,1.610;13.972,15.962,0.453;11.698,18.458,0.926;16.503,5.622,0.344;10.412,18.974,0.493;19.686,11.361,0.474;18.400,7.706,0.375;13.032,7.521,0.823;18.860,0.691,1.239;10.229,1.031,1.331;10.965,11.910,2.376;10.187,18.001,1.100;8.320,8.335,0.725;11.194,17.132,0.296;17.570,0.380,0.262;10.399,4.179,0.808;18.600,2.136,0.370;15.873,19.527,0.287;18.372,4.933,1.770;14.507,4.573,0.426;13.090,6.513,1.993;7.437,10.328,0.944;8.346,15.182,0.325;2.481,13.674,0.390;0.269,6.395,0.235;6.357,9.930,0.404;16.643,7.083,1.124;7.464,18.965,1.236;6.533,17.776,0.225;11.776,19.080,0.938;9.348,7.331,0.277;8.373,10.131,0.203;12.341,15.070,0.205;11.069,5.690,0.236;11.921,14.232,1.839;13.491,19.307,0.479;10.401,6.449,1.053;1.988,12.112,1.019;17.758,9.628,0.434;13.858,14.631,0.279;9.914,16.198,0.221;19.368,19.621,0.491;11.996,12.184,2.012;6.835,13.504,0.345;8.038,18.017,0.316;17.186,9.308,1.723;14.891,13.471,0.975;15.582,10.066,1.198;16.489,2.128,0.872;15.792,10.217,2.240;19.731,9.674,0.358;7.591,0.862,0.435;17.276,6.566,1.318;1.818,13.113,0.653;9.172,9.405,2.202"
18,drone_1,2.3719,5.2428,17.0000,17.0000,"11.294,19.317,0.853;19.345,3.146,1.273;16.496,7.884,0.381;1.339,18.247,0.980;6.751,3.208,0.290;1.597,18.936,0.411;5.831,17.363,0.235;10.558,12.892,0.463;5.832,1.461,0.332;10.097,12.441,2.241;0.777,19.005,1.302;15.005,8.135,1.610;13.972,15.962,0.453;11.698,18.458,0.926;16.503,5.622,0.344;10.412,18.974,0.493;19.686,11.361,0.474;18.400,7.706,0.375;13.032,7.521,0.823;18.860,0.691,1.239;10.229,1.031,1.331;10.965,11.910,2.376;10.187,18.001,1.100;8.320,8.335,0.725;11.194,17.132,0.296;17.570,0.380,0.262;10.399,4.179,0.808;18.600,2.136,0.370;15.873,19.527,0.287;18.372,4.933,1.770;14.507,4.573,0.426;13.090,6.513,1.993;7.437,10.328,0.944;8.346,15.182,0.325;2.481,13.674,0.390;0.269,6.395,0.235;6.357,9.930,0.404;16.643,7.083,1.124;7.464,18.965,1.236;6.533,17.776,0.225;11.776,19.080,0.938;9.348,7.331,0.277;8.373,10.131,0.203;12.341,15.070,0.205;11.069,5.690,0.236;11.921,14.232,1.839;13.491,19.307,0.479;10.401,6.449,1.053;1.988,12.112,1.019;17.758,9.628,0.434;13.858,14.631,0.279;9.914,16.198,0.221;19.368,19.621,0.491;11.996,12.184,2.012;6.835,13.504,0.345;8.038,18.017,0.316;17.186,9.308,1.723;14.891,13.471,0.975;15.582,10.066,1.198;16.489,2.128,0.872;15.792,10.217,2.240;19.731,9.674,0.358;7.591,0.862,0.435;17.276,6.566,1.318;1.818,13.113,0.653;9.172,9.405,2.202"
18,drone_3,9.1707,16.8321,17.0000,17.0000,"11.294,19.317,0.853;19.345,3.146,1.273;16.496,7.884,0.381;1.339,18.247,0.980;6.751,3.208,0.290;1.597,18.936,0.411;5.831,17.363,0.235;10.558,12.892,0.463;5.832,1.461,0.332;10.097,12.441,2.241;0.777,19.005,1.302;15.005,8.135,1.610;13.972,15.962,0.453;11.698,18.458,0.926;16.503,5.622,0.344;10.412,18.974,0.493;19.686,11.361,0.474;18.400,7.706,0.375;13.032,7.521,0.823;18.860,0.691,1.239;10.229,1.031,1.331;10.965,11.910,2.376;10.187,18.001,1.100;8.320,8.335,0.725;11.194,17.132,0.296;17.570,0.380,0.262;10.399,4.179,0.808;18.600,2.136,0.370;15.873,19.527,0.287;18.372,4.933,1.770;14.507,4.573,0.426;13.090,6.513,1.993;7.437,10.328,0.944;8.346,15.182,0.325;2.481,13.674,0.390;0.269,6.395,0.235;6.357,9.930,0.404;16.643,7.083,1.124;7.464,18.965,1.236;6.533,17.776,0.225;11.776,19.080,0.938;9.348,7.331,0.277;8.373,10.131,0.203;12.341,15.070,0.205;11.069,5.690,0.236;11.921,14.232,1.839;13.491,19.307,0.479;10.401,6.449,1.053;1.988,12.112,1.019;17.758,9.628,0.434;13.858,14.631,0.279;9.914,16.198,0.221;19.368,19.621,0.491;11.996,12.184,2.012;6.835,13.504,0.345;8.038,18.017,0.316;17.186,9.308,1.723;14.891,13.471,0.975;15.582,10.066,1.198;16.489,2.128,0.872;15.792,10.217,2.240;19.731,9.674,0.358;7.591,0.862,0.435;17.276,6.566,1.318;1.818,13.113,0.653;9.172,9.405,2.202"
18,drone_4,8.7184,7.0326,17.0000,17.0000,"11.294,19.317,0.853;19.345,3.146,1.273;16.496,7.884,0.381;1.339,18.247,0.980;6.751,3.208,0.290;1.597,18.936,0.411;5.831,17.363,0.235;10.558,12.892,0.463;5.832,1.461,0.332;10.097,12.441,2.241;0.777,19.005,1.302;15.005,8.135,1.610;13.972,15.962,0.453;11.698,18.458,0.926;16.503,5.622,0.344;10.412,18.974,0.493;19.686,11.361,0.474;18.400,7.706,0.375;13.032,7.521,0.823;18.860,0.691,1.239;10.229,1.031,1.331;10.965,11.910,2.376;10.187,18.001,1.100;8.320,8.335,0.725;11.194,17.132,0.296;17.570,0.380,0.262;10.399,4.179,0.808;18.600,2.136,0.370;15.873,19.527,0.287;18.372,4.933,1.770;14.507,4.573,0.426;13.090,6.513,1.993;7.437,10.328,0.944;8.346,15.182,0.325;2.481,13.674,0.390;0.269,6.395,0.235;6.357,9.930,0.404;16.643,7.083,1.124;7.464,18.965,1.236;6.533,17.776,0.225;11.776,19.080,0.938;9.348,7.331,0.277;8.373,10.131,0.203;12.341,15.070,0.205;11.069,5.690,0.236;11.921,14.232,1.839;13.491,19.307,0.479;10.401,6.449,1.053;1.988,12.112,1.019;17.758,9.628,0.434;13.858,14.631,0.279;9.914,16.198,0.221;19.368,19.621,0.491;11.996,12.184,2.012;6.835,13.504,0.345;8.038,18.017,0.316;17.186,9.308,1.723;14.891,13.471,0.975;15.582,10.066,1.198;16.489,2.128,0.872;15.792,10.217,2.240;19.731,9.674,0.358;7.591,0.862,0.435;17.276,6.566,1.318;1.818,13.113,0.653;9.172,9.405,2.202"
18,drone_5,5.7106,5.9783,17.0000,17.0000,"11.294,19.317,0.853;19.345,3.146,1.273;16.496,7.884,0.381;1.339,18.247,0.980;6.751,3.208,0.290;1.597,18.936,0.411;5.831,17.363,0.235;10.558,12.892,0.463;5.832,1.461,0.332;10.097,12.441,2.241;0.777,19.005,1.302;15.005,8.135,1.610;13.972,15.962,0.453;11.698,18.458,0.926;16.503,5.622,0.344;10.412,18.974,0.493;19.686,11.361,0.474;18.400,7.706,0.375;13.032,7.521,0.823;18.860,0.691,1.239;10.229,1.031,1.331;10.965,11.910,2.376;10.187,18.001,1.100;8.320,8.335,0.725;11.194,17.132,0.296;17.570,0.380,0.262;10.399,4.179,0.808;18.600,2.136,0.370;15.873,19.527,0.287;18.372,4.933,1.770;14.507,4.573,0.426;13.090,6.513,1.993;7.437,10.328,0.944;8.346,15.182,0.325;2.481,13.674,0.390;0.269,6.395,0.235;6.357,9.930,0.404;16.643,7.083,1.124;7.464,18.965,1.236;6.533,17.776,0.225;11.776,19.080,0.938;9.348,7.331,0.277;8.373,10.131,0.203;12.341,15.070,0.205;11.069,5.690,0.236;11.921,14.232,1.839;13.491,19.307,0.479;10.401,6.449,1.053;1.988,12.112,1.019;17.758,9.628,0.434;13.858,14.631,0.279;9.914,16.198,0.221;19.368,19.621,0.491;11.996,12.184,2.012;6.835,13.504,0.345;8.038,18.017,0.316;17.186,9.308,1.723;14.891,13.471,0.975;15.582,10.066,1.198;16.489,2.128,0.872;15.792,10.217,2.240;19.731,9.674,0.358;7.591,0.862,0.435;17.276,6.566,1.318;1.818,13.113,0.653;9.172,9.405,2.202"
18,drone_6,6.6282,14.6873,17.0000,17.0000,"11.294,19.317,0.853;19.345,3.146,1.273;16.496,7.884,0.381;1.339,18.247,0.980;6.751,3.208,0.290;1.597,18.936,0.411;5.831,17.363,0.235;10.558,12.892,0.463;5.832,1.461,0.332;10.097,12.441,2.241;0.777,19.005,1.302;15.005,8.135,1.610;13.972,15.962,0.453;11.698,18.458,0.926;16.503,5.622,0.344;10.412,18.974,0.493;19.686,11.361,0.474;18.400,7.706,0.375;13.032,7.521,0.823;18.860,0.691,1.239;10.229,1.031,1.331;10.965,11.910,2.376;10.187,18.001,1.100;8.320,8.335,0.725;11.194,17.132,0.296;17.570,0.380,0.262;10.399,4.179,0.808;18.600,2.136,0.370;15.873,19.527,0.287;18.372,4.933,1.770;14.507,4.573,0.426;13.090,6.513,1.993;7.437,10.328,0.944;8.346,15.182,0.325;2.481,13.674,0.390;0.269,6.395,0.235;6.357,9.930,0.404;16.643,7.083,1.124;7.464,18.965,1.236;6.533,17.776,0.225;11.776,19.080,0.938;9.348,7.331,0.277;8.373,10.131,0.203;12.341,15.070,0.205;11.069,5.690,0.236;11.921,14.232,1.839;13.491,19.307,0.479;10.401,6.449,1.053;1.988,12.112,1.019;17.758,9.628,0.434;13.858,14.631,0.279;9.914,16.198,0.221;19.368,19.621,0.491;11.996,12.184,2.012;6.835,13.504,0.345;8.038,18.017,0.316;17.186,9.308,1.723;14.891,13.471,0.975;15.582,10.066,1.198;16.489,2.128,0.872;15.792,10.217,2.240;19.731,9.674,0.358;7.591,0.862,0.435;17.276,6.566,1.318;1.818,13.113,0.653;9.172,9.405,2.202"
18,drone_8,16.3234,4.9702,17.0000,17.0000,"11.294,19.317,0.853;19.345,3.146,1.273;16.496,7.884,0.381;1.339,18.247,0.980;6.751,3.208,0.290;1.597,18.936,0.411;5.831,17.363,0.235;10.558,12.892,0.463;5.832,1.461,0.332;10.097,12.441,2.241;0.777,19.005,1.302;15.005,8.135,1.610;13.972,15.962,0.453;11.698,18.458,0.926;16.503,5.622,0.344;10.412,18.974,0.493;19.686,11.361,0.474;18.400,7.706,0.375;13.032,7.521,0.823;18.860,0.691,1.239;10.229,1.031,1.331;10.965,11.910,2.376;10.187,18.001,1.100;8.320,8.335,0.725;11.194,17.132,0.296;17.570,0.380,0.262;10.399,4.179,0.808;18.600,2.136,0.370;15.873,19.527,0.287;18.372,4.933,1.770;14.507,4.573,0.426;13.090,6.513,1.993;7.437,10.328,0.944;8.346,15.182,0.325;2.481,13.674,0.390;0.269,6.395,0.235;6.357,9.930,0.404;16.643,7.083,1.124;7.464,18.965,1.236;6.533,17.776,0.225;11.776,19.080,0.938;9.348,7.331,0.277;8.373,10.131,0.203;12.341,15.070,0.205;11.069,5.690,0.236;11.921,14.232,1.839;13.491,19.307,0.479;10.401,6.449,1.053;1.988,12.112,1.019;17.758,9.628,0.434;13.858,14.631,0.279;9.914,16.198,0.221;19.368,19.621,0.491;11.996,12.184,2.012;6.835,13.504,0.345;8.038,18.017,0.316;17.186,9.308,1.723;14.891,13.471,0.975;15.582,10.066,1.198;16.489,2.128,0.872;15.792,10.217,2.240;19.731,9.674,0.358;7.591,0.862,0.435;17.276,6.566,1.318;1.818,13.113,0.653;9.172,9.405,2.202"
19,drone_0,5.9259,11.5404,17.0000,17.0000,"11.294,19.317,0.853;19.345,3.146,1.273;16.496,7.884,0.381;1.339,18.247,0.980;6.751,3.208,0.290;1.597,18.936,0.411;5.831,17.363,0.235;10.558,12.892,0.463;5.832,1.461,0.332;10.097,12.441,2.241;0.777,19.005,1.302;15.005,8.135,1.610;13.972,15.962,0.453;11.698,18.458,0.926;16.503,5.622,0.344;10.412,18.974,0.493;19.686,11.361,0.474;18.400,7.706,0.375;13.032,7.521,0.823;18.860,0.691,1.239;10.229,1.031,1.331;10.965,11.910,2.376;10.187,18.001,1.100;8.320,8.335,0.725;11.194,17.132,0.296;17.570,0.380,0.262;10.399,4.179,0.808;18.600,2.136,0.370;15.873,19.527,0.287;18.372,4.933,1.770;14.507,4.573,0.426;13.090,6.513,1.993;7.437,10.328,0.944;8.346,15.182,0.325;2.481,13.674,0.390;0.269,6.395,0.235;6.357,9.930,0.404;16.643,7.083,1.124;7.464,18.965,1.236;6.533,17.776,0.225;11.776,19.080,0.938;9.348,7.331,0.277;8.373,10.131,0.203;12.341,15.070,0.205;11.069,5.690,0.236;11.921,14.232,1.839;13.491,19.307,0.479;10.401,6.449,1.053;1.988,12.112,1.019;17.758,9.628,0.434;13.858,14.631,0.279;9.914,16.198,0.221;19.368,19.621,0.491;11.996,12.184,2.012;6.835,13.504,0.345;8.038,18.017,0.316;17.186,9.308,1.723;14.891,13.471,0.975;15.582,10.066,1.198;16.489,2.128,0.872;15.792,10.217,2.240;19.731,9.674,0.358;7.591,0.862,0.435;17.276,6.566,1.318;1.818,13.113,0.653;9.172,9.405,2.202"
19,drone_1,2.4463,5.4205,17.0000,17.0000,"11.294,19.317,0.853;19.345,3.146,1.273;16.496,7.884,0.381;1.339,18.247,0.980;6.751,3.208,0.290;1.597,18.936,0.411;5.831,17.363,0.235;10.558,12.892,0.463;5.832,1.461,0.332;10.097,12.441,2.241;0.777,19.005,1.302;15.005,8.135,1.610;13.972,15.962,0.453;11.698,18.458,0.926;16.503,5.622,0.344;10.412,18.974,0.493;19.686,11.361,0.474;18.400,7.706,0.375;13.032,7.521,0.823;18.860,0.691,1.239;10.229,1.031,1.331;10.965,11.910,2.376;10.187,18.001,1.100;8.320,8.335,0.725;11.194,17.132,0.296;17.570,0.380,0.262;10.399,4.179,0.808;18.600,2.136,0.370;15.873,19.527,0.287;18.372,4.933,1.770;14.507,4.573,0.426;13.090,6.513,1.993;7.437,10.328,0.944;8.346,15.182,0.325;2.481,13.674,0.390;0.269,6.395,0.235;6.357,9.930,0.404;16.643,7.083,1.124;7.464,18.965,1.236;6.533,17.776,0.225;11.776,19.080,0.938;9.348,7.331,0.277;8.373,10.131,0.203;12.341,15.070,0.205;11.069,5.690,0.236;11.921,14.232,1.839;13.491,19.307,0.479;10.401,6.449,1.053;1.988,12.112,1.019;17.758,9.628,0.434;13.858,14.631,0.279;9.914,16.198,0.221;19.368,19.621,0.491;11.996,12.184,2.012;6.835,13.504,0.345;8.038,18.017,0.316;17.186,9.308,1.723;14.891,13.471,0.975;15.582,10.066,1.198;16.489,2.128,0.872;15.792,10.217,2.240;19.731,9.674,0.358;7.591,0.862,0.435;17.276,6.566,1.318;1.818,13.113,0.653;9.172,9.405,2.202"
19,drone_3,9.3696,16.8525,17.0000,17.0000,"11.294,19.317,0.853;19.345,3.146,1.273;16.496,7.884,0.381;1.339,18.247,0.980;6.751,3.208,0.290;1.597,18.936,0.411;5.831,17.363,0.235;10.558,12.892,0.463;5.832,1.461,0.332;10.097,12.441,2.241;0.777,19.005,1.302;15.005,8.135,1.610;13.972,15.962,0.453;11.698,18.458,0.926;16.503,5.622,0.344;10.412,18.974,0.493;19.686,11.361,0.474;18.400,7.706,0.375;13.032,7.521,0.823;18.860,0.691,1.239;10.229,1.031,1.331;10.965,11.910,2.376;10.187,18.001,1.100;8.320,8.335,0.725;11.194,17.132,0.296;17.570,0.380,0.262;10.399,4.179,0.808;18.600,2.136,0.370;15.873,19.527,0.287;18.372,4.933,1.770;14.507,4.573,0.426;13.090,6.513,1.993;7.437,10.328,0.944;8.346,15.182,0.325;2.481,13.674,0.390;0.269,6.395,0.235;6.357,9.930,0.404;16.643,7.083,1.124;7.464,18.965,1.236;6.533,17.776,0.225;11.776,19.080,0.938;9.348,7.331,0.277;8.373,10.131,0.203;12.341,15.070,0.205;11.069,5.690,0.236;11.921,14.232,1.839;13.491,19.307,0.479;10.401,6.449,1.053;1.988,12.112,1.019;17.758,9.628,0.434;13.858,14.631,0.279;9.914,16.198,0.221;19.368,19.621,0.491;11.996,12.184,2.012;6.835,13.504,0.345;8.038,18.017,0.316;17.186,9.308,1.723;14.891,13.471,0.975;15.582,10.066,1.198;16.489,2.128,0.872;15.792,10.217,2.240;19.731,9.674,0.358;7.591,0.862,0.435;17.276,6.566,1.318;1.818,13.113,0.653;9.172,9.405,2.202"
19,drone_4,8.9183,7.0392,17.0000,17.0000,"11.294,19.317,0.853;19.345,3.146,1.273;16.496,7.884,0.381;1.339,18.247,0.980;6.751,3.208,0.290;1.597,18.936,0.411;5.831,17.363,0.235;10.558,12.892,0.463;5.832,1.461,0.332;10.097,12.441,2.241;0.777,19.005,1.302;15.005,8.135,1.610;13.972,15.962,0.453;11.698,18.458,0.926;16.503,5.622,0.344;10.412,18.974,0.493;19.686,11.361,0.474;18.400,7.706,0.375;13.032,7.521,0.823;18.860,0.691,1.239;10.229,1.031,1.331;10.965,11.910,2.376;10.187,18.001,1.100;8.320,8.335,0.725;11.194,17.132,0.296;17.570,0.380,0.262;10.399,4.179,0.808;18.600,2.136,0.370;15.873,19.527,0.287;18.372,4.933,1.770;14.507,4.573,0.426;13.090,6.513,1.993;7.437,10.328,0.944;8.346,15.182,0.325;2.481,13.674,0.390;0.269,6.395,0.235;6.357,9.930,0.404;16.643,7.083,1.124;7.464,18.965,1.236;6.533,17.776,0.225;11.776,19.080,0.938;9.348,7.331,0.277;8.373,10.131,0.203;12.341,15.070,0.205;11.069,5.690,0.236;11.921,14.232,1.839;13.491,19.307,0.479;10.401,6.449,1.053;1.988,12.112,1.019;17.758,9.628,0.434;13.858,14.631,0.279;9.914,16.198,0.221;19.368,19.621,0.491;11.996,12.184,2.012;6.835,13.504,0.345;8.038,18.017,0.316;17.186,9.308,1.723;14.891,13.471,0.975;15.582,10.066,1.198;16.489,2.128,0.872;15.792,10.217,2.240;19.731,9.674,0.358;7.591,0.862,0.435;17.276,6.566,1.318;1.818,13.113,0.653;9.172,9.405,2.202"
19,drone_5,5.8881,6.0705,17.0000,17.0000,"11.294,19.317,0.853;19.345,3.146,1.273;16.496,7.884,0.381;1.339,18.247,0.980;6.751,3.208,0.290;1.597,18.936,0.411;5.831,17.363,0.235;10.558,12.892,0.463;5.832,1.461,0.332;10.097,12.441,2.241;0.777,19.005,1.302;15.005,8.135,1.610;13.972,15.962,0.453;11.698,18.458,0.926;16.503,5.622,0.344;10.412,18.974,0.493;19.686,11.361,0.474;18.400,7.706,0.375;13.032,7.521,0.823;18.860,0.691,1.239;10.229,1.031,1.331;10.965,11.910,2.376;10.187,18.001,1.100;8.320,8.335,0.725;11.194,17.132,0.296;17.570,0.380,0.262;10.399,4.179,0.808;18.600,2.136,0.370;15.873,19.527,0.287;18.372,4.933,1.770;14.507,4.573,0.426;13.090,6.513,1.993;7.437,10.328,0.944;8.346,15.182,0.325;2.481,13.674,0.390;0.269,6.395,0.235;6.357,9.930,0.404;16.643,7.083,1.124;7.464,18.965,1.236;6.533,17.776,0.225;11.776,19.080,0.938;9.348,7.331,0.277;8.373,10.131,0.203;12.341,15.070,0.205;11.069,5.690,0.236;11.921,14.232,1.839;13.491,19.307,0.479;10.401,6.449,1.053;1.988,12.112,1.019;17.758,9.628,0.434;13.858,14.631,0.279;9.914,16.198,0.221;19.368,19.621,0.491;11.996,12.184,2.012;6.835,13.504,0.345;8.038,18.017,0.316;17.186,9.308,1.723;14.891,13.471,0.975;15.582,10.066,1.198;16.489,2.128,0.872;15.792,10.217,2.240;19.731,9.674,0.358;7.591,0.862,0.435;17.276,6.566,1.318;1.818,13.113,0.653;9.172,9.405,2.202"
19,drone_6,6.7372,14.8550,17.0000,17.0000,"11.294,19.317,0.853;19.345,3.146,1.273;16.496,7.884,0.381;1.339,18.247,0.980;6.751,3.208,0.290;1.597,18.936,0.411;5.831,17.363,0.235;10.558,12.892,0.463;5.832,1.461,0.332;10.097,12.441,2.241;0.777,19.005,1.302;15.005,8.135,1.610;13.972,15.962,0.453;11.698,18.458,0.926;16.503,5.622,0.344;10.412,18.974,0.493;19.686,11.361,0.474;18.400,7.706,0.375;13.032,7.521,0.823;18.860,0.691,1.239;10.229,1.031,1.331;10.965,11.910,2.376;10.187,18.001,1.100;8.320,8.335,0.725;11.194,17.132,0.296;17.570,0.380,0.262;10.399,4.179,0.808;18.600,2.136,0.370;15.873,19.527,0.287;18.372,4.933,1.770;14.507,4.573,0.426;13.090,6.513,1.993;7.437,10.328,0.944;8.346,15.182,0.325;2.481,13.674,0.390;0.269,6.395,0.235;6.357,9.930,0.404;16.643,7.083,1.124;7.464,18.965,1.236;6.533,17.776,0.225;11.776,19.080,0.938;9.348,7.331,0.277;8.373,10.131,0.203;12.341,15.070,0.205;11.069,5.690,0.236;11.921,14.232,1.839;13.491,19.307,0.479;10.401,6.449,1.053;1.988,12.112,1.019;17.758,9.628,0.434;13.858,14.631,0.279;9.914,16.198,0.221;19.368,19.621,0.491;11.996,12.184,2.012;6.835,13.504,0.345;8.038,18.017,0.316;17.186,9.308,1.723;14.891,13.471,0.975;15.582,10.066,1.198;16.489,2.128,0.872;15.792,10.217,2.240;19.731,9.674,0.358;7.591,0.862,0.435;17.276,6.566,1.318;1.818,13.113,0.653;9.172,9.405,2.202"
19,drone_8,16.4440,5.1297,17.0000,17.0000,"11.294,19.317,0.853;19.345,3.146,1.273;16.496,7.884,0.381;1.339,18.247,0.980;6.751,3.208,0.290;1.597,18.936,0.411;5.831,17.363,0.235;10.558,12.892,0.463;5.832,1.461,0.332;10.097,12.441,2.241;0.777,19.005,1.302;15.005,8.135,1.610;13.972,15.962,0.453;11.698,18.458,0.926;16.503,5.622,0.344;10.412,18.974,0.493;19.686,11.361,0.474;18.400,7.706,0.375;13.032,7.521,0.823;18.860,0.691,1.239;10.229,1.031,1.331;10.965,11.910,2.376;10.187,18.001,1.100;8.320,8.335,0.725;11.194,17.132,0.296;17.570,0.380,0.262;10.399,4.179,0.808;18.600,2.136,0.370;15.873,19.527,0.287;18.372,4.933,1.770;14.507,4.573,0.426;13.090,6.513,1.993;7.437,10.328,0.944;8.346,15.182,0.325;2.481,13.674,0.390;0.269,6.395,0.235;6.357,9.930,0.404;16.643,7.083,1.124;7.464,18.965,1.236;6.533,17.776,0.225;11.776,19.080,0.938;9.348,7.331,0.277;8.373,10.131,0.203;12.341,15.070,0.205;11.069,5.690,0.236;11.921,14.232,1.839;13.491,19.307,0.479;10.401,6.449,1.053;1.988,12.112,1.019;17.758,9.628,0.434;13.858,14.631,0.279;9.914,16.198,0.221;19.368,19.621,0.491;11.996,12.184,2.012;6.835,13.504,0.345;8.038,18.017,0.316;17.186,9.308,1.723;14.891,13.471,0.975;15.582,10.066,1.198;16.489,2.128,0.872;15.792,10.217,2.240;19.731,9.674,0.358;7.591,0.862,0.435;17.276,6.566,1.318;1.818,13.113,0.653;9.172,9.405,2.202"
20,drone_0,5.8902,11.7372,17.0000,17.0000,"11.294,19.317,0.853;19.345,3.146,1.273;16.496,7.884,0.381;1.339,18.247,0.980;6.751,3.208,0.290;1.597,18.936,0.411;5.831,17.363,0.235;10.558,12.892,0.463;5.832,1.461,0.332;10.097,12.441,2.241;0.777,19.005,1.302;15.005,8.135,1.610;13.972,15.962,0.453;11.698,18.458,0.926;16.503,5.622,0.344;10.412,18.974,0.493;19.686,11.361,0.474;18.400,7.706,0.375;13.032,7.521,0.823;18.860,0.691,1.239;10.229,1.031,1.331;10.965,11.910,2.376;10.187,18.001,1.100;8.320,8.335,0.725;11.194,17.132,0.296;17.570,0.380,0.262;10.399,4.179,0.808;18.600,2.136,0.370;15.873,19.527,0.287;18.372,4.933,1.770;14.507,4.573,0.426;13.090,6.513,1.993;7.437,10.328,0.944;8.346,15.182,0.325;2.481,13.674,0.390;0.269,6.395,0.235;6.357,9.930,0.404;16.643,7.083,1.124;7.464,18.965,1.236;6.533,17.776,0.225;11.776,19.080,0.938;9.348,7.331,0.277;8.373,10.131,0.203;12.341,15.070,0.205;11.069,5.690,0.236;11.921,14.232,1.839;13.491,19.307,0.479;10.401,6.449,1.053;1.988,12.112,1.019;17.758,9.628,0.434;13.858,14.631,0.279;9.914,16.198,0.221;19.368,19.621,0.491;11.996,12.184,2.012;6.835,13.504,0.345;8.038,18.017,0.316;17.186,9.308,1.723;14.891,13.471,0.975;15.582,10.066,1.198;16.489,2.128,0.872;15.792,10.217,2.240;19.731,9.674,0.358;7.591,0.862,0.435;17.276,6.566,1.318;1.818,13.113,0.653;9.172,9.405,2.202"
20,drone_1,2.5344,5.5844,17.0000,17.0000,"11.294,19.317,0.853;19.345,3.146,1.273;16.496,7.884,0.381;1.339,18.247,0.980;6.751,3.208,0.290;1.597,18.936,0.411;5.831,17.363,0.235;10.558,12.892,0.463;5.832,1.461,0.332;10.097,12.441,2.241;0.777,19.005,1.302;15.005,8.135,1.610;13.972,15.962,0.453;11.698,18.458,0.926;16.503,5.622,0.344;10.412,18.974,0.493;19.686,11.361,0.474;18.400,7.706,0.375;13.032,7.521,0.823;18.860,0.691,1.239;10.229,1.031,1.331;10.965,11.910,2.376;10.187,18.001,1.100;8.320,8.335,0.725;11.194,17.132,0.296;17.570,0.380,0.262;10.399,4.179,0.808;18.600,2.136,0.370;15.873,19.527,0.287;18.372,4.933,1.770;14.507,4.573,0.426;13.090,6.513,1.993;7.437,10.328,0.944;8.346,15.182,0.325;2.481,13.674,0.390;0.269,6.395,0.235;6.357,9.930,0.404;16.643,7.083,1.124;7.464,18.965,1.236;6.533,17.776,0.225;11.776,19.080,0.938;9.348,7.331,0.277;8.373,10.131,0.203;12.341,15.070,0.205;11.069,5.690,0.236;11.921,14.232,1.839;13.491,19.307,0.479;10.401,6.449,1.053;1.988,12.112,1.019;17.758,9.628,0.434;13.858,14.631,0.279;9.914,16.198,0.221;19.368,19.621,0.491;11.996,12.184,2.012;6.835,13.504,0.345;8.038,18.017,0.316;17.186,9.308,1.723;14.891,13.471,0.975;15.582,10.066,1.198;16.489,2.128,0.872;15.792,10.217,2.240;19.731,9.674,0.358;7.591,0.862,0.435;17.276,6.566,1.318;1.818,13.113,0.653;9.172,9.405,2.202"
20,drone_3,9.5679,16.8787,17.0000,17.0000,"11.294,19.317,0.853;19.345,3.146,1.273;16.496,7.884,0.381;1.339,18.247,0.980;6.751,3.208,0.290;1.597,18.936,0.411;5.831,17.363,0.235;10.558,12.892,0.463;5.832,1.461,0.332;10.097,12.441,2.241;0.777,19.005,1.302;15.005,8.135,1.610;13.972,15.962,0.453;11.698,18.458,0.926;16.503,5.622,0.344;10.412,18.974,0.493;19.686,11.361,0.474;18.400,7.706,0.375;13.032,7.521,0.823;18.860,0.691,1.239;10.229,1.031,1.331;10.965,11.910,2.376;10.187,18.001,1.100;8.320,8.335,0.725;11.194,17.132,0.296;17.570,0.380,0.262;10.399,4.179,0.808;18.600,2.136,0.370;15.873,19.527,0.287;18.372,4.933,1.770;14.507,4.573,0.426;13.090,6.513,1.993;7.437,10.328,0.944;8.346,15.182,0.325;2.481,13.674,0.390;0.269,6.395,0.235;6.357,9.930,0.404;16.643,7.083,1.124;7.464,18.965,1.236;6.533,17.776,0.225;11.776,19.080,0.938;9.348,7.331,0.277;8.373,10.131,0.203;12.341,15.070,0.205;11.069,5.690,0.236;11.921,14.232,1.839;13.491,19.307,0.479;10.401,6.449,1.053;1.988,12.112,1.019;17.758,9.628,0.434;13.858,14.631,0.279;9.914,16.198,0.221;19.368,19.621,0.491;11.996,12.184,2.012;6.835,13.504,0.345;8.038,18.017,0.316;17.186,9.308,1.723;14.891,13.471,0.975;15.582,10.066,1.198;16.489,2.128,0.872;15.792,10.217,2.240;19.731,9.674,0.358;7.591,0.862,0.435;17.276,6.566,1.318;1.818,13.113,0.653;9.172,9.405,2.202"
20,drone_4,-100.0000,-100.0000,17.0000,17.0000,"11.294,19.317,0.853;19.345,3.146,1.273;16.496,7.884,0.381;1.339,18.247,0.980;6.751,3.208,0.290;1.597,18.936,0.411;5.831,17.363,0.235;10.558,12.892,0.463;5.832,1.461,0.332;10.097,12.441,2.241;0.777,19.005,1.302;15.005,8.135,1.610;13.972,15.962,0.453;11.698,18.458,0.926;16.503,5.622,0.344;10.412,18.974,0.493;19.686,11.361,0.474;18.400,7.706,0.375;13.032,7.521,0.823;18.860,0.691,1.239;10.229,1.031,1.331;10.965,11.910,2.376;10.187,18.001,1.100;8.320,8.335,0.725;11.194,17.132,0.296;17.570,0.380,0.262;10.399,4.179,0.808;18.600,2.136,0.370;15.873,19.527,0.287;18.372,4.933,1.770;14.507,4.573,0.426;13.090,6.513,1.993;7.437,10.328,0.944;8.346,15.182,0.325;2.481,13.674,0.390;0.269,6.395,0.235;6.357,9.930,0.404;16.643,7.083,1.124;7.464,18.965,1.236;6.533,17.776,0.225;11.776,19.080,0.938;9.348,7.331,0.277;8.373,10.131,0.203;12.341,15.070,0.205;11.069,5.690,0.236;11.921,14.232,1.839;13.491,19.307,0.479;10.401,6.449,1.053;1.988,12.112,1.019;17.758,9.628,0.434;13.858,14.631,0.279;9.914,16.198,0.221;19.368,19.621,0.491;11.996,12.184,2.012;6.835,13.504,0.345;8.038,18.017,0.316;17.186,9.308,1.723;14.891,13.471,0.975;15.582,10.066,1.198;16.489,2.128,0.872;15.792,10.217,2.240;19.731,9.674,0.358;7.591,0.862,0.435;17.276,6.566,1.318;1.818,13.113,0.653;9.172,9.405,2.202"
20,drone_5,6.0678,6.1584,17.0000,17.0000,"11.294,19.317,0.853;19.345,3.146,1.273;16.496,7.884,0.381;1.339,18.247,0.980;6.751,3.208,0.290;1.597,18.936,0.411;5.831,17.363,0.235;10.558,12.892,0.463;5.832,1.461,0.332;10.097,12.441,2.241;0.777,19.005,1.302;15.005,8.135,1.610;13.972,15.962,0.453;11.698,18.458,0.926;16.503,5.622,0.344;10.412,18.974,0.493;19.686,11.361,0.474;18.400,7.706,0.375;13.032,7.521,0.823;18.860,0.691,1.239;10.229,1.031,1.331;10.965,11.910,2.376;10.187,18.001,1.100;8.320,8.335,0.725;11.194,17.132,0.296;17.570,0.380,0.262;10.399,4.179,0.808;18.600,2.136,0.370;15.873,19.527,0.287;18.372,4.933,1.770;14.507,4.573,0.426;13.090,6.513,1.993;7.437,10.328,0.944;8.346,15.182,0.325;2.481,13.674,0.390;0.269,6.395,0.235;6.357,9.930,0.404;16.643,7.083,1.124;7.464,18.965,1.236;6.533,17.776,0.225;11.776,19.080,0.938;9.348,7.331,0.277;8.373,10.131,0.203;12.341,15.070,0.205;11.069,5.690,0.236;11.921,14.232,1.839;13.491,19.307,0.479;10.401,6.449,1.053;1.988,12.112,1.019;17.758,9.628,0.434;13.858,14.631,0.279;9.914,16.198,0.221;19.368,19.621,0.491;11.996,12.184,2.012;6.835,13.504,0.345;8.038,18.017,0.316;17.186,9.308,1.723;14.891,13.471,0.975;15.582,10.066,1.198;16.489,2.128,0.872;15.792,10.217,2.240;19.731,9.674,0.358;7.591,0.862,0.435;17.276,6.566,1.318;1.818,13.113,0.653;9.172,9.405,2.202"
20,drone_6,6.8480,15.0215,17.0000,17.0000,"11.294,19.317,0.853;19.345,3.146,1.273;16.496,7.884,0.381;1.339,18.247,0.980;6.751,3.208,0.290;1.597,18.936,0.411;5.831,17.363,0.235;10.558,12.892,0.463;5.832,1.461,0.332;10.097,12.441,2.241;0.777,19.005,1.302;15.005,8.135,1.610;13.972,15.962,0.453;11.698,18.458,0.926;16.503,5.622,0.344;10.412,18.974,0.493;19.686,11.361,0.474;18.400,7.706,0.375;13.032,7.521,0.823;18.860,0.691,1.239;10.229,1.031,1.331;10.965,11.910,2.376;10.187,18.001,1.100;8.320,8.335,0.725;11.194,17.132,0.296;17.570,0.380,0.262;10.399,4.179,0.808;18.600,2.136,0.370;15.873,19.527,0.287;18.372,4.933,1.770;14.507,4.573,0.426;13.090,6.513,1.993;7.437,10.328,0.944;8.346,15.182,0.325;2.481,13.674,0.390;0.269,6.395,0.235;6.357,9.930,0.404;16.643,7.083,1.124;7.464,18.965,1.236;6.533,17.776,0.225;11.776,19.080,0.938;9.348,7.331,0.277;8.373,10.131,0.203;12.341,15.070,0.205;11.069,5.690,0.236;11.921,14.232,1.839;13.491,19.307,0.479;10.401,6.449,1.053;1.988,12.112,1.019;17.758,9.628,0.434;13.858,14.631,0.279;9.914,16.198,0.221;19.368,19.621,0.491;11.996,12.184,2.012;6.835,13.504,0.345;8.038,18.017,0.316;17.186,9.308,1.723;14.891,13.471,0.975;15.582,10.066,1.198;16.489,2.128,0.872;15.792,10.217,2.240;19.731,9.674,0.358;7.591,0.862,0.435;17.276,6.566,1.318;1.818,13.113,0.653;9.172,9.405,2.202"
20,drone_8,-100.0000,-100.0000,17.0000,17.0000,"11.294,19.317,0.853;19.345,3.146,1.273;16.496,7.884,0.381;1.339,18.247,0.980;6.751,3.208,0.290;1.597,18.936,0.411;5.831,17.363,0.235;10.558,12.892,0.463;5.832,1.461,0.332;10.097,12.441,2.241;0.777,19.005,1.302;15.005,8.135,1.610;13.972,15.962,0.453;11.698,18.458,0.926;16.503,5.622,0.344;10.412,18.974,0.493;19.686,11.361,0.474;18.400,7.706,0.375;13.032,7.521,0.823;18.860,0.691,1.239;10.229,1.031,1.331;10.965,11.910,2.376;10.187,18.001,1.100;8.320,8.335,0.725;11.194,17.132,0.296;17.570,0.380,0.262;10.399,4.179,0.808;18.600,2.136,0.370;15.873,19.527,0.287;18.372,4.933,1.770;14.507,4.573,0.426;13.090,6.513,1.993;7.437,10.328,0.944;8.346,15.182,0.325;2.481,13.674,0.390;0.269,6.395,0.235;6.357,9.930,0.404;16.643,7.083,1.124;7.464,18.965,1.236;6.533,17.776,0.225;11.776,19.080,0.938;9.348,7.331,0.277;8.373,10.131,0.203;12.341,15.070,0.205;11.069,5.690,0.236;11.921,14.232,1.839;13.491,19.307,0.479;10.401,6.449,1.053;1.988,12.112,1.019;17.758,9.628,0.434;13.858,14.631,0.279;9.914,16.198,0.221;19.368,19.621,0.491;11.996,12.184,2.012;6.835,13.504,0.345;8.038,18.017,0.316;17.186,9.308,1.723;14.891,13.471,0.975;15.582,10.066,1.198;16.489,2.128,0.872;15.792,10.217,2.240;19.731,9.674,0.358;7.591,0.862,0.435;17.276,6.566,1.318;1.818,13.113,0.653;9.172,9.405,2.202"
21,drone_0,5.8369,11.9299,17.0000,17.0000,"11.294,19.317,0.853;19.345,3.146,1.273;16.496,7.884,0.381;1.339,18.247,0.980;6.751,3.208,0.290;1.597,18.936,0.411;5.831,17.363,0.235;10.558,12.892,0.463;5.832,1.461,0.332;10.097,12.441,2.241;0.777,19.005,1.302;15.005,8.135,1.610;13.972,15.962,0.453;11.698,18.458,0.926;16.503,5.622,0.344;10.412,18.974,0.493;19.686,11.361,0.474;18.400,7.706,0.375;13.032,7.521,0.823;18.860,0.691,1.239;10.229,1.031,1.331;10.965,11.910,2.376;10.187,18.001,1.100;8.320,8.335,0.725;11.194,17.132,0.296;17.570,0.380,0.262;10.399,4.179,0.808;18.600,2.136,0.370;15.873,19.527,0.287;18.372,4.933,1.770;14.507,4.573,0.426;13.090,6.513,1.993;7.437,10.328,0.944;8.346,15.182,0.325;2.481,13.674,0.390;0.269,6.395,0.235;6.357,9.930,0.404;16.643,7.083,1.124;7.464,18.965,1.236;6.533,17.776,0.225;11.776,19.080,0.938;9.348,7.331,0.277;8.373,10.131,0.203;12.341,15.070,0.205;11.069,5.690,0.236;11.921,14.232,1.839;13.491,19.307,0.479;10.401,6.449,1.053;1.988,12.112,1.019;17.758,9.628,0.434;13.858,14.631,0.279;9.914,16.198,0.221;19.368,19.621,0.491;11.996,12.184,2.012;6.835,13.504,0.345;8.038,18.017,0.316;17.186,9.308,1.723;14.891,13.471,0.975;15.582,10.066,1.198;16.489,2.128,0.872;15.792,10.217,2.240;19.731,9.674,0.358;7.591,0.862,0.435;17.276,6.566,1.318;1.818,13.113,0.653;9.172,9.405,2.202"
21,drone_1,2.6509,5.7368,17.0000,17.0000,"11.294,19.317,0.853;19.345,3.146,1.273;16.496,7.884,0.381;1.339,18.247,0.980;6.751,3.208,0.290;1.597,18.936,0.411;5.831,17.363,0.235;10.558,12.892,0.463;5.832,1.461,0.332;10.097,12.441,2.241;0.777,19.005,1.302;15.005,8.135,1.610;13.972,15.962,0.453;11.698,18.458,0.926;16.503,5.622,0.344;10.412,18.974,0.493;19.686,11.361,0.474;18.400,7.706,0.375;13.032,7.521,0.823;18.860,0.691,1.239;10.229,1.031,1.331;10.965,11.910,2.376;10.187,18.001,1.100;8.320,8.335,0.725;11.194,17.132,0.296;17.570,0.380,0.262;10.399,4.179,0.808;18.600,2.136,0.370;15.873,19.527,0.287;18.372,4.933,1.770;14.507,4.573,0.426;13.090,6.513,1.993;7.437,10.328,0.944;8.346,15.182,0.325;2.481,13.674,0.390;0.269,6.395,0.235;6.357,9.930,0.404;16.643,7.083,1.124;7.464,18.965,1.236;6.533,17.776,0.225;11.776,19.080,0.938;9.348,7.331,0.277;8.373,10.131,0.203;12.341,15.070,0.205;11.069,5.690,0.236;11.921,14.232,1.839;13.491,19.307,0.479;10.401,6.449,1.053;1.988,12.112,1.019;17.758,9.628,0.434;13.858,14.631,0.279;9.914,16.198,0.221;19.368,19.621,0.491;11.996,12.184,2.012;6.835,13.504,0.345;8.038,18.017,0.316;17.186,9.308,1.723;14.891,13.471,0.975;15.582,10.066,1.198;16.489,2.128,0.872;15.792,10.217,2.240;19.731,9.674,0.358;7.591,0.862,0.435;17.276,6.566,1.318;1.818,13.113,0.653;9.172,9.405,2.202"
21,drone_3,-100.0000,-100.0000,17.0000,17.0000,"11.294,19.317,0.853;19.345,3.146,1.273;16.496,7.884,0.381;1.339,18.247,0.980;6.751,3.208,0.290;1.597,18.936,0.411;5.831,17.363,0.235;10.558,12.892,0.463;5.832,1.461,0.332;10.097,12.441,2.241;0.777,19.005,1.302;15.005,8.135,1.610;13.972,15.962,0.453;11.698,18.458,0.926;16.503,5.622,0.344;10.412,18.974,0.493;19.686,11.361,0.474;18.400,7.706,0.375;13.032,7.521,0.823;18.860,0.691,1.239;10.229,1.031,1.331;10.965,11.910,2.376;10.187,18.001,1.100;8.320,8.335,0.725;11.194,17.132,0.296;17.570,0.380,0.262;10.399,4.179,0.808;18.600,2.136,0.370;15.873,19.527,0.287;18.372,4.933,1.770;14.507,4.573,0.426;13.090,6.513,1.993;7.437,10.328,0.944;8.346,15.182,0.325;2.481,13.674,0.390;0.269,6.395,0.235;6.357,9.930,0.404;16.643,7.083,1.124;7.464,18.965,1.236;6.533,17.776,0.225;11.776,19.080,0.938;9.348,7.331,0.277;8.373,10.131,0.203;12.341,15.070,0.205;11.069,5.690,0.236;11.921,14.232,1.839;13.491,19.307,0.479;10.401,6.449,1.053;1.988,12.112,1.019;17.758,9.628,0.434;13.858,14.631,0.279;9.914,16.198,0.221;19.368,19.621,0.491;11.996,12.184,2.012;6.835,13.504,0.345;8.038,18.017,0.316;17.186,9.308,1.723;14.891,13.471,0.975;15.582,10.066,1.198;16.489,2.128,0.872;15.792,10.217,2.240;19.731,9.674,0.358;7.591,0.862,0.435;17.276,6.566,1.318;1.818,13.113,0.653;9.172,9.405,2.202"
21,drone_5,6.2398,6.2603,17.0000,17.0000,"11.294,19.317,0.853;19.345,3.146,1.273;16.496,7.884,0.381;1.339,18.247,0.980;6.751,3.208,0.290;1.597,18.936,0.411;5.831,17.363,0.235;10.558,12.892,0.463;5.832,1.461,0.332;10.097,12.441,2.241;0.777,19.005,1.302;15.005,8.135,1.610;13.972,15.962,0.453;11.698,18.458,0.926;16.503,5.622,0.344;10.412,18.974,0.493;19.686,11.361,0.474;18.400,7.706,0.375;13.032,7.521,0.823;18.860,0.691,1.239;10.229,1.031,1.331;10.965,11.910,2.376;10.187,18.001,1.100;8.320,8.335,0.725;11.194,17.132,0.296;17.570,0.380,0.262;10.399,4.179,0.808;18.600,2.136,0.370;15.873,19.527,0.287;18.372,4.933,1.770;14.507,4.573,0.426;13.090,6.513,1.993;7.437,10.328,0.944;8.346,15.182,0.325;2.481,13.674,0.390;0.269,6.395,0.235;6.357,9.930,0.404;16.643,7.083,1.124;7.464,18.965,1.236;6.533,17.776,0.225;11.776,19.080,0.938;9.348,7.331,0.277;8.373,10.131,0.203;12.341,15.070,0.205;11.069,5.690,0.236;11.921,14.232,1.839;13.491,19.307,0.479;10.401,6.449,1.053;1.988,12.112,1.019;17.758,9.628,0.434;13.858,14.631,0.279;9.914,16.198,0.221;19.368,19.621,0.491;11.996,12.184,2.012;6.835,13.504,0.345;8.038,18.017,0.316;17.186,9.308,1.723;14.891,13.471,0.975;15.582,10.066,1.198;16.489,2.128,0.872;15.792,10.217,2.240;19.731,9.674,0.358;7.591,0.862,0.435;17.276,6.566,1.318;1.818,13.113,0.653;9.172,9.405,2.202"
21,drone_6,6.9593,15.1876,17.0000,17.0000,"11.294,19.317,0.853;19.345,3.146,1.273;16.496,7.884,0.381;1.339,18.247,0.980;6.751,3.208,0.290;1.597,18.936,0.411;5.831,17.363,0.235;10.558,12.892,0.463;5.832,1.461,0.332;10.097,12.441,2.241;0.777,19.005,1.302;15.005,8.135,1.610;13.972,15.962,0.453;11.698,18.458,0.926;16.503,5.622,0.344;10.412,18.974,0.493;19.686,11.361,0.474;18.400,7.706,0.375;13.032,7.521,0.823;18.860,0.691,1.239;10.229,1.031,1.331;10.965,11.910,2.376;10.187,18.001,1.100;8.320,8.335,0.725;11.194,17.132,0.296;17.570,0.380,0.262;10.399,4.179,0.808;18.600,2.136,0.370;15.873,19.527,0.287;18.372,4.933,1.770;14.507,4.573,0.426;13.090,6.513,1.993;7.437,10.328,0.944;8.346,15.182,0.325;2.481,13.674,0.390;0.269,6.395,0.235;6.357,9.930,0.404;16.643,7.083,1.124;7.464,18.965,1.236;6.533,17.776,0.225;11.776,19.080,0.938;9.348,7.331,0.277;8.373,10.131,0.203;12.341,15.070,0.205;11.069,5.690,0.236;11.921,14.232,1.839;13.491,19.307,0.479;10.401,6.449,1.053;1.988,12.112,1.019;17.758,9.628,0.434;13.858,14.631,0.279;9.914,16.198,0.221;19.368,19.621,0.491;11.996,12.184,2.012;6.835,13.504,0.345;8.038,18.017,0.316;17.186,9.308,1.723;14.891,13.471,0.975;15.582,10.066,1.198;16.489,2.128,0.872;15.792,10.217,2.240;19.731,9.674,0.358;7.591,0.862,0.435;17.276,6.566,1.318;1.818,13.113,0.653;9.172,9.405,2.202"
22,drone_0,5.8686,12.0933,17.0000,17.0000,"11.294,19.317,0.853;19.345,3.146,1.273;16.496,7.884,0.381;1.339,18.247,0.980;6.751,3.208,0.290;1.597,18.936,0.411;5.831,17.363,0.235;10.558,12.892,0.463;5.832,1.461,0.332;10.097,12.441,2.241;0.777,19.005,1.302;15.005,8.135,1.610;13.972,15.962,0.453;11.698,18.458,0.926;16.503,5.622,0.344;10.412,18.974,0.493;19.686,11.361,0.474;18.400,7.706,0.375;13.032,7.521,0.823;18.860,0.691,1.239;10.229,1.031,1.331;10.965,11.910,2.376;10.187,18.001,1.100;8.320,8.335,0.725;11.194,17.132,0.296;17.570,0.380,0.262;10.399,4.179,0.808;18.600,2.136,0.370;15.873,19.527,0.287;18.372,4.933,1.770;14.507,4.573,0.426;13.090,6.513,1.993;7.437,10.328,0.944;8.346,15.182,0.325;2.481,13.674,0.390;0.269,6.395,0.235;6.357,9.930,0.404;16.643,7.083,1.124;7.464,18.965,1.236;6.533,17.776,0.225;11.776,19.080,0.938;9.348,7.331,0.277;8.373,10.131,0.203;12.341,15.070,0.205;11.069,5.690,0.236;11.921,14.232,1.839;13.491,19.307,0.479;10.401,6.449,1.053;1.988,12.112,1.019;17.758,9.628,0.434;13.858,14.631,0.279;9.914,16.198,0.221;19.368,19.621,0.491;11.996,12.184,2.012;6.835,13.504,0.345;8.038,18.017,0.316;17.186,9.308,1.723;14.891,13.471,0.975;15.582,10.066,1.198;16.489,2.128,0.872;15.792,10.217,2.240;19.731,9.674,0.358;7.591,0.862,0.435;17.276,6.566,1.318;1.818,13.113,0.653;9.172,9.405,2.202"
22,drone_1,2.7727,5.8955,17.0000,17.0000,"11.294,19.317,0.853;19.345,3.146,1.273;16.496,7.884,0.381;1.339,18.247,0.980;6.751,3.208,0.290;1.597,18.936,0.411;5.831,17.363,0.235;10.558,12.892,0.463;5.832,1.461,0.332;10.097,12.441,2.241;0.777,19.005,1.302;15.005,8.135,1.610;13.972,15.962,0.453;11.698,18.458,0.926;16.503,5.622,0.344;10.412,18.974,0.493;19.686,11.361,0.474;18.400,7.706,0.375;13.032,7.521,0.823;18.860,0.691,1.239;10.229,1.031,1.331;10.965,11.910,2.376;10.187,18.001,1.100;8.320,8.335,0.725;11.194,17.132,0.296;17.570,0.380,0.262;10.399,4.179,0.808;18.600,2.136,0.370;15.873,19.527,0.287;18.372,4.933,1.770;14.507,4.573,0.426;13.090,6.513,1.993;7.437,10.328,0.944;8.346,15.182,0.325;2.481,13.674,0.390;0.269,6.395,0.235;6.357,9.930,0.404;16.643,7.083,1.124;7.464,18.965,1.236;6.533,17.776,0.225;11.776,19.080,0.938;9.348,7.331,0.277;8.373,10.131,0.203;12.341,15.070,0.205;11.069,5.690,0.236;11.921,14.232,1.839;13.491,19.307,0.479;10.401,6.449,1.053;1.988,12.112,1.019;17.758,9.628,0.434;13.858,14.631,0.279;9.914,16.198,0.221;19.368,19.621,0.491;11.996,12.184,2.012;6.835,13.504,0.345;8.038,18.017,0.316;17.186,9.308,1.723;14.891,13.471,0.975;15.582,10.066,1.198;16.489,2.128,0.872;15.792,10.217,2.240;19.731,9.674,0.358;7.591,0.862,0.435;17.276,6.566,1.318;1.818,13.113,0.653;9.172,9.405,2.202"
22,drone_5,6.4078,6.3689,17.0000,17.0000,"11.294,19.317,0.853;19.345,3.146,1.273;16.496,7.884,0.381;1.339,18.247,0.980;6.751,3.208,0.290;1.597,18.936,0.411;5.831,17.363,0.235;10.558,12.892,0.463;5.832,1.461,0.332;10.097,12.441,2.241;0.777,19.005,1.302;15.005,8.135,1.610;13.972,15.962,0.453;11.698,18.458,0.926;16.503,5.622,0.344;10.412,18.974,0.493;19.686,11.361,0.474;18.400,7.706,0.375;13.032,7.521,0.823;18.860,0.691,1.239;10.229,1.031,1.331;10.965,11.910,2.376;10.187,18.001,1.100;8.320,8.335,0.725;11.194,17.132,0.296;17.570,0.380,0.262;10.399,4.179,0.808;18.600,2.136,0.370;15.873,19.527,0.287;18.372,4.933,1.770;14.507,4.573,0.426;13.090,6.513,1.993;7.437,10.328,0.944;8.346,15.182,0.325;2.481,13.674,0.390;0.269,6.395,0.235;6.357,9.930,0.404;16.643,7.083,1.124;7.464,18.965,1.236;6.533,17.776,0.225;11.776,19.080,0.938;9.348,7.331,0.277;8.373,10.131,0.203;12.341,15.070,0.205;11.069,5.690,0.236;11.921,14.232,1.839;13.491,19.307,0.479;10.401,6.449,1.053;1.988,12.112,1.019;17.758,9.628,0.434;13.858,14.631,0.279;9.914,16.198,0.221;19.368,19.621,0.491;11.996,12.184,2.012;6.835,13.504,0.345;8.038,18.017,0.316;17.186,9.308,1.723;14.891,13.471,0.975;15.582,10.066,1.198;16.489,2.128,0.872;15.792,10.217,2.240;19.731,9.674,0.358;7.591,0.862,0.435;17.276,6.566,1.318;1.818,13.113,0.653;9.172,9.405,2.202"
22,drone_6,7.0478,15.3482,17.0000,17.0000,"11.294,19.317,0.853;19.345,3.146,1.273;16.496,7.884,0.381;1.339,18.247,0.980;6.751,3.208,0.290;1.597,18.936,0.411;5.831,17.363,0.235;10.558,12.892,0.463;5.832,1.461,0.332;10.097,12.441,2.241;0.777,19.005,1.302;15.005,8.135,1.610;13.972,15.962,0.453;11.698,18.458,0.926;16.503,5.622,0.344;10.412,18.974,0.493;19.686,11.361,0.474;18.400,7.706,0.375;13.032,7.521,0.823;18.860,0.691,1.239;10.229,1.031,1.331;10.965,11.910,2.376;10.187,18.001,1.100;8.320,8.335,0.725;11.194,17.132,0.296;17.570,0.380,0.262;10.399,4.179,0.808;18.600,2.136,0.370;15.873,19.527,0.287;18.372,4.933,1.770;14.507,4.573,0.426;13.090,6.513,1.993;7.437,10.328,0.944;8.346,15.182,0.325;2.481,13.674,0.390;0.269,6.395,0.235;6.357,9.930,0.404;16.643,7.083,1.124;7.464,18.965,1.236;6.533,17.776,0.225;11.776,19.080,0.938;9.348,7.331,0.277;8.373,10.131,0.203;12.341,15.070,0.205;11.069,5.690,0.236;11.921,14.232,1.839;13.491,19.307,0.479;10.401,6.449,1.053;1.988,12.112,1.019;17.758,9.628,0.434;13.858,14.631,0.279;9.914,16.198,0.221;19.368,19.621,0.491;11.996,12.184,2.012;6.835,13.504,0.345;8.038,18.017,0.316;17.186,9.308,1.723;14.891,13.471,0.975;15.582,10.066,1.198;16.489,2.128,0.872;15.792,10.217,2.240;19.731,9.674,0.358;7.591,0.862,0.435;17.276,6.566,1.318;1.818,13.113,0.653;9.172,9.405,2.202"
23,drone_0,5.9570,12.2340,17.0000,17.0000,"11.294,19.317,0.853;19.345,3.146,1.273;16.496,7.884,0.381;1.339,18.247,0.980;6.751,3.208,0.290;1.597,18.936,0.411;5.831,17.363,0.235;10.558,12.892,0.463;5.832,1.461,0.332;10.097,12.441,2.241;0.777,19.005,1.302;15.005,8.135,1.610;13.972,15.962,0.453;11.698,18.458,0.926;16.503,5.622,0.344;10.412,18.974,0.493;19.686,11.361,0.474;18.400,7.706,0.375;13.032,7.521,0.823;18.860,0.691,1.239;10.229,1.031,1.331;10.965,11.910,2.376;10.187,18.001,1.100;8.320,8.335,0.725;11.194,17.132,0.296;17.570,0.380,0.262;10.399,4.179,0.808;18.600,2.136,0.370;15.873,19.527,0.287;18.372,4.933,1.770;14.507,4.573,0.426;13.090,6.513,1.993;7.437,10.328,0.944;8.346,15.182,0.325;2.481,13.674,0.390;0.269,6.395,0.235;6.357,9.930,0.404;16.643,7.083,1.124;7.464,18.965,1.236;6.533,17.776,0.225;11.776,19.080,0.938;9.348,7.331,0.277;8.373,10.131,0.203;12.341,15.070,0.205;11.069,5.690,0.236;11.921,14.232,1.839;13.491,19.307,0.479;10.401,6.449,1.053;1.988,12.112,1.019;17.758,9.628,0.434;13.858,14.631,0.279;9.914,16.198,0.221;19.368,19.621,0.491;11.996,12.184,2.012;6.835,13.504,0.345;8.038,18.017,0.316;17.186,9.308,1.723;14.891,13.471,0.975;15.582,10.066,1.198;16.489,2.128,0.872;15.792,10.217,2.240;19.731,9.674,0.358;7.591,0.862,0.435;17.276,6.566,1.318;1.818,13.113,0.653;9.172,9.405,2.202"
23,drone_1,2.8929,6.0554,17.0000,17.0000,"11.294,19.317,0.853;19.345,3.146,1.273;16.496,7.884,0.381;1.339,18.247,0.980;6.751,3.208,0.290;1.597,18.936,0.411;5.831,17.363,0.235;10.558,12.892,0.463;5.832,1.461,0.332;10.097,12.441,2.241;0.777,19.005,1.302;15.005,8.135,1.610;13.972,15.962,0.453;11.698,18.458,0.926;16.503,5.622,0.344;10.412,18.974,0.493;19.686,11.361,0.474;18.400,7.706,0.375;13.032,7.521,0.823;18.860,0.691,1.239;10.229,1.031,1.331;10.965,11.910,2.376;10.187,18.001,1.100;8.320,8.335,0.725;11.194,17.132,0.296;17.570,0.380,0.262;10.399,4.179,0.808;18.600,2.136,0.370;15.873,19.527,0.287;18.372,4.933,1.770;14.507,4.573,0.426;13.090,6.513,1.993;7.437,10.328,0.944;8.346,15.182,0.325;2.481,13.674,0.390;0.269,6.395,0.235;6.357,9.930,0.404;16.643,7.083,1.124;7.464,18.965,1.236;6.533,17.776,0.225;11.776,19.080,0.938;9.348,7.331,0.277;8.373,10.131,0.203;12.341,15.070,0.205;11.069,5.690,0.236;11.921,14.232,1.839;13.491,19.307,0.479;10.401,6.449,1.053;1.988,12.112,1.019;17.758,9.628,0.434;13.858,14.631,0.279;9.914,16.198,0.221;19.368,19.621,0.491;11.996,12.184,2.012;6.835,13.504,0.345;8.038,18.017,0.316;17.186,9.308,1.723;14.891,13.471,0.975;15.582,10.066,1.198;16.489,2.128,0.872;15.792,10.217,2.240;19.731,9.674,0.358;7.591,0.862,0.435;17.276,6.566,1.318;1.818,13.113,0.653;9.172,9.405,2.202"
23,drone_5,6.5743,6.4796,17.0000,17.0000,"11.294,19.317,0.853;19.345,3.146,1.273;16.496,7.884,0.381;1.339,18.247,0.980;6.751,3.208,0.290;1.597,18.936,0.411;5.831,17.363,0.235;10.558,12.892,0.463;5.832,1.461,0.332;10.097,12.441,2.241;0.777,19.005,1.302;15.005,8.135,1.610;13.972,15.962,0.453;11.698,18.458,0.926;16.503,5.622,0.344;10.412,18.974,0.493;19.686,11.361,0.474;18.400,7.706,0.375;13.032,7.521,0.823;18.860,0.691,1.239;10.229,1.031,1.331;10.965,11.910,2.376;10.187,18.001,1.100;8.320,8.335,0.725;11.194,17.132,0.296;17.570,0.380,0.262;10.399,4.179,0.808;18.600,2.136,0.370;15.873,19.527,0.287;18.372,4.933,1.770;14.507,4.573,0.426;13.090,6.513,1.993;7.437,10.328,0.944;8.346,15.182,0.325;2.481,13.674,0.390;0.269,6.395,0.235;6.357,9.930,0.404;16.643,7.083,1.124;7.464,18.965,1.236;6.533,17.776,0.225;11.776,19.080,0.938;9.348,7.331,0.277;8.373,10.131,0.203;12.341,15.070,0.205;11.069,5.690,0.236;11.921,14.232,1.839;13.491,19.307,0.479;10.401,6.449,1.053;1.988,12.112,1.019;17.758,9.628,0.434;13.858,14.631,0.279;9.914,16.198,0.221;19.368,19.621,0.491;11.996,12.184,2.012;6.835,13.504,0.345;8.038,18.017,0.316;17.186,9.308,1.723;14.891,13.471,0.975;15.582,10.066,1.198;16.489,2.128,0.872;15.792,10.217,2.240;19.731,9.674,0.358;7.591,0.862,0.435;17.276,6.566,1.318;1.818,13.113,0.653;9.172,9.405,2.202"
23,drone_6,7.2003,15.4236,17.0000,17.0000,"11.294,19.317,0.853;19.345,3.146,1.273;16.496,7.884,0.381;1.339,18.247,0.980;6.751,3.208,0.290;1.597,18.936,0.411;5.831,17.363,0.235;10.558,12.892,0.463;5.832,1.461,0.332;10.097,12.441,2.241;0.777,19.005,1.302;15.005,8.135,1.610;13.972,15.962,0.453;11.698,18.458,0.926;16.503,5.622,0.344;10.412,18.974,0.493;19.686,11.361,0.474;18.400,7.706,0.375;13.032,7.521,0.823;18.860,0.691,1.239;10.229,1.031,1.331;10.965,11.910,2.376;10.187,18.001,1.100;8.320,8.335,0.725;11.194,17.132,0.296;17.570,0.380,0.262;10.399,4.179,0.808;18.600,2.136,0.370;15.873,19.527,0.287;18.372,4.933,1.770;14.507,4.573,0.426;13.090,6.513,1.993;7.437,10.328,0.944;8.346,15.182,0.325;2.481,13.674,0.390;0.269,6.395,0.235;6.357,9.930,0.404;16.643,7.083,1.124;7.464,18.965,1.236;6.533,17.776,0.225;11.776,19.080,0.938;9.348,7.331,0.277;8.373,10.131,0.203;12.341,15.070,0.205;11.069,5.690,0.236;11.921,14.232,1.839;13.491,19.307,0.479;10.401,6.449,1.053;1.988,12.112,1.019;17.758,9.628,0.434;13.858,14.631,0.279;9.914,16.198,0.221;19.368,19.621,0.491;11.996,12.184,2.012;6.835,13.504,0.345;8.038,18.017,0.316;17.186,9.308,1.723;14.891,13.471,0.975;15.582,10.066,1.198;16.489,2.128,0.872;15.792,10.217,2.240;19.731,9.674,0.358;7.591,0.862,0.435;17.276,6.566,1.318;1.818,13.113,0.653;9.172,9.405,2.202"
24,drone_0,6.1038,12.3660,17.0000,17.0000,"11.294,19.317,0.853;19.345,3.146,1.273;16.496,7.884,0.381;1.339,18.247,0.980;6.751,3.208,0.290;1.597,18.936,0.411;5.831,17.363,0.235;10.558,12.892,0.463;5.832,1.461,0.332;10.097,12.441,2.241;0.777,19.005,1.302;15.005,8.135,1.610;13.972,15.962,0.453;11.698,18.458,0.926;16.503,5.622,0.344;10.412,18.974,0.493;19.686,11.361,0.474;18.400,7.706,0.375;13.032,7.521,0.823;18.860,0.691,1.239;10.229,1.031,1.331;10.965,11.910,2.376;10.187,18.001,1.100;8.320,8.335,0.725;11.194,17.132,0.296;17.570,0.380,0.262;10.399,4.179,0.808;18.600,2.136,0.370;15.873,19.527,0.287;18.372,4.933,1.770;14.507,4.573,0.426;13.090,6.513,1.993;7.437,10.328,0.944;8.346,15.182,0.325;2.481,13.674,0.390;0.269,6.395,0.235;6.357,9.930,0.404;16.643,7.083,1.124;7.464,18.965,1.236;6.533,17.776,0.225;11.776,19.080,0.938;9.348,7.331,0.277;8.373,10.131,0.203;12.341,15.070,0.205;11.069,5.690,0.236;11.921,14.232,1.839;13.491,19.307,0.479;10.401,6.449,1.053;1.988,12.112,1.019;17.758,9.628,0.434;13.858,14.631,0.279;9.914,16.198,0.221;19.368,19.621,0.491;11.996,12.184,2.012;6.835,13.504,0.345;8.038,18.017,0.316;17.186,9.308,1.723;14.891,13.471,0.975;15.582,10.066,1.198;16.489,2.128,0.872;15.792,10.217,2.240;19.731,9.674,0.358;7.591,0.862,0.435;17.276,6.566,1.318;1.818,13.113,0.653;9.172,9.405,2.202"
24,drone_1,3.0128,6.2154,17.0000,17.0000,"11.294,19.317,0.853;19.345,3.146,1.273;16.496,7.884,0.381;1.339,18.247,0.980;6.751,3.208,0.290;1.597,18.936,0.411;5.831,17.363,0.235;10.558,12.892,0.463;5.832,1.461,0.332;10.097,12.441,2.241;0.777,19.005,1.302;15.005,8.135,1.610;13.972,15.962,0.453;11.698,18.458,0.926;16.503,5.622,0.344;10.412,18.974,0.493;19.686,11.361,0.474;18.400,7.706,0.375;13.032,7.521,0.823;18.860,0.691,1.239;10.229,1.031,1.331;10.965,11.910,2.376;10.187,18.001,1.100;8.320,8.335,0.725;11.194,17.132,0.296;17.570,0.380,0.262;10.399,4.179,0.808;18.600,2.136,0.370;15.873,19.527,0.287;18.372,4.933,1.770;14.507,4.573,0.426;13.090,6.513,1.993;7.437,10.328,0.944;8.346,15.182,0.325;2.481,13.674,0.390;0.269,6.395,0.235;6.357,9.930,0.404;16.643,7.083,1.124;7.464,18.965,1.236;6.533,17.776,0.225;11.776,19.080,0.938;9.348,7.331,0.277;8.373,10.131,0.203;12.341,15.070,0.205;11.069,5.690,0.236;11.921,14.232,1.839;13.491,19.307,0.479;10.401,6.449,1.053;1.988,12.112,1.019;17.758,9.628,0.434;13.858,14.631,0.279;9.914,16.198,0.221;19.368,19.621,0.491;11.996,12.184,2.012;6.835,13.504,0.345;8.038,18.017,0.316;17.186,9.308,1.723;14.891,13.471,0.975;15.582,10.066,1.198;16.489,2.128,0.872;15.792,10.217,2.240;19.731,9.674,0.358;7.591,0.862,0.435;17.276,6.566,1.318;1.818,13.113,0.653;9.172,9.405,2.202"
24,drone_5,6.7408,6.5905,17.0000,17.0000,"11.294,19.317,0.853;19.345,3.146,1.273;16.496,7.884,0.381;1.339,18.247,0.980;6.751,3.208,0.290;1.597,18.936,0.411;5.831,17.363,0.235;10.558,12.892,0.463;5.832,1.461,0.332;10.097,12.441,2.241;0.777,19.005,1.302;15.005,8.135,1.610;13.972,15.962,0.453;11.698,18.458,0.926;16.503,5.622,0.344;10.412,18.974,0.493;19.686,11.361,0.474;18.400,7.706,0.375;13.032,7.521,0.823;18.860,0.691,1.239;10.229,1.031,1.331;10.965,11.910,2.376;10.187,18.001,1.100;8.320,8.335,0.725;11.194,17.132,0.296;17.570,0.380,0.262;10.399,4.179,0.808;18.600,2.136,0.370;15.873,19.527,0.287;18.372,4.933,1.770;14.507,4.573,0.426;13.090,6.513,1.993;7.437,10.328,0.944;8.346,15.182,0.325;2.481,13.674,0.390;0.269,6.395,0.235;6.357,9.930,0.404;16.643,7.083,1.124;7.464,18.965,1.236;6.533,17.776,0.225;11.776,19.080,0.938;9.348,7.331,0.277;8.373,10.131,0.203;12.341,15.070,0.205;11.069,5.690,0.236;11.921,14.232,1.839;13.491,19.307,0.479;10.401,6.449,1.053;1.988,12.112,1.019;17.758,9.628,0.434;13.858,14.631,0.279;9.914,16.198,0.221;19.368,19.621,0.491;11.996,12.184,2.012;6.835,13.504,0.345;8.038,18.017,0.316;17.186,9.308,1.723;14.891,13.471,0.975;15.582,10.066,1.198;16.489,2.128,0.872;15.792,10.217,2.240;19.731,9.674,0.358;7.591,0.862,0.435;17.276,6.566,1.318;1.818,13.113,0.653;9.172,9.405,2.202"
24,drone_6,7.3899,15.4872,17.0000,17.0000,"11.294,19.317,0.853;19.345,3.146,1.273;16.496,7.884,0.381;1.339,18.247,0.980;6.751,3.208,0.290;1.597,18.936,0.411;5.831,17.363,0.235;10.558,12.892,0.463;5.832,1.461,0.332;10.097,12.441,2.241;0.777,19.005,1.302;15.005,8.135,1.610;13.972,15.962,0.453;11.698,18.458,0.926;16.503,5.622,0.344;10.412,18.974,0.493;19.686,11.361,0.474;18.400,7.706,0.375;13.032,7.521,0.823;18.860,0.691,1.239;10.229,1.031,1.331;10.965,11.910,2.376;10.187,18.001,1.100;8.320,8.335,0.725;11.194,17.132,0.296;17.570,0.380,0.262;10.399,4.179,0.808;18.600,2.136,0.370;15.873,19.527,0.287;18.372,4.933,1.770;14.507,4.573,0.426;13.090,6.513,1.993;7.437,10.328,0.944;8.346,15.182,0.325;2.481,13.674,0.390;0.269,6.395,0.235;6.357,9.930,0.404;16.643,7.083,1.124;7.464,18.965,1.236;6.533,17.776,0.225;11.776,19.080,0.938;9.348,7.331,0.277;8.373,10.131,0.203;12.341,15.070,0.205;11.069,5.690,0.236;11.921,14.232,1.839;13.491,19.307,0.479;10.401,6.449,1.053;1.988,12.112,1.019;17.758,9.628,0.434;13.858,14.631,0.279;9.914,16.198,0.221;19.368,19.621,0.491;11.996,12.184,2.012;6.835,13.504,0.345;8.038,18.017,0.316;17.186,9.308,1.723;14.891,13.471,0.975;15.582,10.066,1.198;16.489,2.128,0.872;15.792,10.217,2.240;19.731,9.674,0.358;7.591,0.862,0.435;17.276,6.566,1.318;1.818,13.113,0.653;9.172,9.405,2.202"
25,drone_0,6.2669,12.4818,17.0000,17.0000,"11.294,19.317,0.853;19.345,3.146,1.273;16.496,7.884,0.381;1.339,18.247,0.980;6.751,3.208,0.290;1.597,18.936,0.411;5.831,17.363,0.235;10.558,12.892,0.463;5.832,1.461,0.332;10.097,12.441,2.241;0.777,19.005,1.302;15.005,8.135,1.610;13.972,15.962,0.453;11.698,18.458,0.926;16.503,5.622,0.344;10.412,18.974,0.493;19.686,11.361,0.474;18.400,7.706,0.375;13.032,7.521,0.823;18.860,0.691,1.239;10.229,1.031,1.331;10.965,11.910,2.376;10.187,18.001,1.100;8.320,8.335,0.725;11.194,17.132,0.296;17.570,0.380,0.262;10.399,4.179,0.808;18.600,2.136,0.370;15.873,19.527,0.287;18.372,4.933,1.770;14.507,4.573,0.426;13.090,6.513,1.993;7.437,10.328,0.944;8.346,15.182,0.325;2.481,13.674,0.390;0.269,6.395,0.235;6.357,9.930,0.404;16.643,7.083,1.124;7.464,18.965,1.236;6.533,17.776,0.225;11.776,19.080,0.938;9.348,7.331,0.277;8.373,10.131,0.203;12.341,15.070,0.205;11.069,5.690,0.236;11.921,14.232,1.839;13.491,19.307,0.479;10.401,6.449,1.053;1.988,12.112,1.019;17.758,9.628,0.434;13.858,14.631,0.279;9.914,16.198,0.221;19.368,19.621,0.491;11.996,12.184,2.012;6.835,13.504,0.345;8.038,18.017,0.316;17.186,9.308,1.723;14.891,13.471,0.975;15.582,10.066,1.198;16.489,2.128,0.872;15.792,10.217,2.240;19.731,9.674,0.358;7.591,0.862,0.435;17.276,6.566,1.318;1.818,13.113,0.653;9.172,9.405,2.202"
25,drone_1,3.1357,6.3732,17.0000,17.0000,"11.294,19.317,0.853;19.345,3.146,1.273;16.496,7.884,0.381;1.339,18.247,0.980;6.751,3.208,0.290;1.597,18.936,0.411;5.831,17.363,0.235;10.558,12.892,0.463;5.832,1.461,0.332;10.097,12.441,2.241;0.777,19.005,1.302;15.005,8.135,1.610;13.972,15.962,0.453;11.698,18.458,0.926;16.503,5.622,0.344;10.412,18.974,0.493;19.686,11.361,0.474;18.400,7.706,0.375;13.032,7.521,0.823;18.860,0.691,1.239;10.229,1.031,1.331;10.965,11.910,2.376;10.187,18.001,1.100;8.320,8.335,0.725;11.194,17.132,0.296;17.570,0.380,0.262;10.399,4.179,0.808;18.600,2.136,0.370;15.873,19.527,0.287;18.372,4.933,1.770;14.507,4.573,0.426;13.090,6.513,1.993;7.437,10.328,0.944;8.346,15.182,0.325;2.481,13.674,0.390;0.269,6.395,0.235;6.357,9.930,0.404;16.643,7.083,1.124;7.464,18.965,1.236;6.533,17.776,0.225;11.776,19.080,0.938;9.348,7.331,0.277;8.373,10.131,0.203;12.341,15.070,0.205;11.069,5.690,0.236;11.921,14.232,1.839;13.491,19.307,0.479;10.401,6.449,1.053;1.988,12.112,1.019;17.758,9.628,0.434;13.858,14.631,0.279;9.914,16.198,0.221;19.368,19.621,0.491;11.996,12.184,2.012;6.835,13.504,0.345;8.038,18.017,0.316;17.186,9.308,1.723;14.891,13.471,0.975;15.582,10.066,1.198;16.489,2.128,0.872;15.792,10.217,2.240;19.731,9.674,0.358;7.591,0.862,0.435;17.276,6.566,1.318;1.818,13.113,0.653;9.172,9.405,2.202"
25,drone_5,6.9076,6.7008,17.0000,17.0000,"11.294,19.317,0.853;19.345,3.146,1.273;16.496,7.884,0.381;1.339,18.247,0.980;6.751,3.208,0.290;1.597,18.936,0.411;5.831,17.363,0.235;10.558,12.892,0.463;5.832,1.461,0.332;10.097,12.441,2.241;0.777,19.005,1.302;15.005,8.135,1.610;13.972,15.962,0.453;11.698,18.458,0.926;16.503,5.622,0.344;10.412,18.974,0.493;19.686,11.361,0.474;18.400,7.706,0.375;13.032,7.521,0.823;18.860,0.691,1.239;10.229,1.031,1.331;10.965,11.910,2.376;10.187,18.001,1.100;8.320,8.335,0.725;11.194,17.132,0.296;17.570,0.380,0.262;10.399,4.179,0.808;18.600,2.136,0.370;15.873,19.527,0.287;18.372,4.933,1.770;14.507,4.573,0.426;13.090,6.513,1.993;7.437,10.328,0.944;8.346,15.182,0.325;2.481,13.674,0.390;0.269,6.395,0.235;6.357,9.930,0.404;16.643,7.083,1.124;7.464,18.965,1.236;6.533,17.776,0.225;11.776,19.080,0.938;9.348,7.331,0.277;8.373,10.131,0.203;12.341,15.070,0.205;11.069,5.690,0.236;11.921,14.232,1.839;13.491,19.307,0.479;10.401,6.449,1.053;1.988,12.112,1.019;17.758,9.628,0.434;13.858,14.631,0.279;9.914,16.198,0.221;19.368,19.621,0.491;11.996,12.184,2.012;6.835,13.504,0.345;8.038,18.017,0.316;17.186,9.308,1.723;14.891,13.471,0.975;15.582,10.066,1.198;16.489,2.128,0.872;15.792,10.217,2.240;19.731,9.674,0.358;7.591,0.862,0.435;17.276,6.566,1.318;1.818,13.113,0.653;9.172,9.405,2.202"
25,drone_6,7.5813,15.5451,17.0000,17.0000,"11.294,19.317,0.853;19.345,3.146,1.273;16.496,7.884,0.381;1.339,18.247,0.980;6.751,3.208,0.290;1.597,18.936,0.411;5.831,17.363,0.235;10.558,12.892,0.463;5.832,1.461,0.332;10.097,12.441,2.241;0.777,19.005,1.302;15.005,8.135,1.610;13.972,15.962,0.453;11.698,18.458,0.926;16.503,5.622,0.344;10.412,18.974,0.493;19.686,11.361,0.474;18.400,7.706,0.375;13.032,7.521,0.823;18.860,0.691,1.239;10.229,1.031,1.331;10.965,11.910,2.376;10.187,18.001,1.100;8.320,8.335,0.725;11.194,17.132,0.296;17.570,0.380,0.262;10.399,4.179,0.808;18.600,2.136,0.370;15.873,19.527,0.287;18.372,4.933,1.770;14.507,4.573,0.426;13.090,6.513,1.993;7.437,10.328,0.944;8.346,15.182,0.325;2.481,13.674,0.390;0.269,6.395,0.235;6.357,9.930,0.404;16.643,7.083,1.124;7.464,18.965,1.236;6.533,17.776,0.225;11.776,19.080,0.938;9.348,7.331,0.277;8.373,10.131,0.203;12.341,15.070,0.205;11.069,5.690,0.236;11.921,14.232,1.839;13.491,19.307,0.479;10.401,6.449,1.053;1.988,12.112,1.019;17.758,9.628,0.434;13.858,14.631,0.279;9.914,16.198,0.221;19.368,19.621,0.491;11.996,12.184,2.012;6.835,13.504,0.345;8.038,18.017,0.316;17.186,9.308,1.723;14.891,13.471,0.975;15.582,10.066,1.198;16.489,2.128,0.872;15.792,10.217,2.240;19.731,9.674,0.358;7.591,0.862,0.435;17.276,6.566,1.318;1.818,13.113,0.653;9.172,9.405,2.202"
26,drone_0,6.4355,12.5893,17.0000,17.0000,"11.294,19.317,0.853;19.345,3.146,1.273;16.496,7.884,0.381;1.339,18.247,0.980;6.751,3.208,0.290;1.597,18.936,0.411;5.831,17.363,0.235;10.558,12.892,0.463;5.832,1.461,0.332;10.097,12.441,2.241;0.777,19.005,1.302;15.005,8.135,1.610;13.972,15.962,0.453;11.698,18.458,0.926;16.503,5.622,0.344;10.412,18.974,0.493;19.686,11.361,0.474;18.400,7.706,0.375;13.032,7.521,0.823;18.860,0.691,1.239;10.229,1.031,1.331;10.965,11.910,2.376;10.187,18.001,1.100;8.320,8.335,0.725;11.194,17.132,0.296;17.570,0.380,0.262;10.399,4.179,0.808;18.600,2.136,0.370;15.873,19.527,0.287;18.372,4.933,1.770;14.507,4.573,0.426;13.090,6.513,1.993;7.437,10.328,0.944;8.346,15.182,0.325;2.481,13.674,0.390;0.269,6.395,0.235;6.357,9.930,0.404;16.643,7.083,1.124;7.464,18.965,1.236;6.533,17.776,0.225;11.776,19.080,0.938;9.348,7.331,0.277;8.373,10.131,0.203;12.341,15.070,0.205;11.069,5.690,0.236;11.921,14.232,1.839;13.491,19.307,0.479;10.401,6.449,1.053;1.988,12.112,1.019;17.758,9.628,0.434;13.858,14.631,0.279;9.914,16.198,0.221;19.368,19.621,0.491;11.996,12.184,2.012;6.835,13.504,0.345;8.038,18.017,0.316;17.186,9.308,1.723;14.891,13.471,0.975;15.582,10.066,1.198;16.489,2.128,0.872;15.792,10.217,2.240;19.731,9.674,0.358;7.591,0.862,0.435;17.276,6.566,1.318;1.818,13.113,0.653;9.172,9.405,2.202"
26,drone_1,3.2555,6.5333,17.0000,17.0000,"11.294,19.317,0.853;19.345,3.146,1.273;16.496,7.884,0.381;1.339,18.247,0.980;6.751,3.208,0.290;1.597,18.936,0.411;5.831,17.363,0.235;10.558,12.892,0.463;5.832,1.461,0.332;10.097,12.441,2.241;0.777,19.005,1.302;15.005,8.135,1.610;13.972,15.962,0.453;11.698,18.458,0.926;16.503,5.622,0.344;10.412,18.974,0.493;19.686,11.361,0.474;18.400,7.706,0.375;13.032,7.521,0.823;18.860,0.691,1.239;10.229,1.031,1.331;10.965,11.910,2.376;10.187,18.001,1.100;8.320,8.335,0.725;11.194,17.132,0.296;17.570,0.380,0.262;10.399,4.179,0.808;18.600,2.136,0.370;15.873,19.527,0.287;18.372,4.933,1.770;14.507,4.573,0.426;13.090,6.513,1.993;7.437,10.328,0.944;8.346,15.182,0.325;2.481,13.674,0.390;0.269,6.395,0.235;6.357,9.930,0.404;16.643,7.083,1.124;7.464,18.965,1.236;6.533,17.776,0.225;11.776,19.080,0.938;9.348,7.331,0.277;8.373,10.131,0.203;12.341,15.070,0.205;11.069,5.690,0.236;11.921,14.232,1.839;13.491,19.307,0.479;10.401,6.449,1.053;1.988,12.112,1.019;17.758,9.628,0.434;13.858,14.631,0.279;9.914,16.198,0.221;19.368,19.621,0.491;11.996,12.184,2.012;6.835,13.504,0.345;8.038,18.017,0.316;17.186,9.308,1.723;14.891,13.471,0.975;15.582,10.066,1.198;16.489,2.128,0.872;15.792,10.217,2.240;19.731,9.674,0.358;7.591,0.862,0.435;17.276,6.566,1.318;1.818,13.113,0.653;9.172,9.405,2.202"
26,drone_5,7.0735,6.8126,17.0000,17.0000,"11.294,19.317,0.853;19.345,3.146,1.273;16.496,7.884,0.381;1.339,18.247,0.980;6.751,3.208,0.290;1.597,18.936,0.411;5.831,17.363,0.235;10.558,12.892,0.463;5.832,1.461,0.332;10.097,12.441,2.241;0.777,19.005,1.302;15.005,8.135,1.610;13.972,15.962,0.453;11.698,18.458,0.926;16.503,5.622,0.344;10.412,18.974,0.493;19.686,11.361,0.474;18.400,7.706,0.375;13.032,7.521,0.823;18.860,0.691,1.239;10.229,1.031,1.331;10.965,11.910,2.376;10.187,18.001,1.100;8.320,8.335,0.725;11.194,17.132,0.296;17.570,0.380,0.262;10.399,4.179,0.808;18.600,2.136,0.370;15.873,19.527,0.287;18.372,4.933,1.770;14.507,4.573,0.426;13.090,6.513,1.993;7.437,10.328,0.944;8.346,15.182,0.325;2.481,13.674,0.390;0.269,6.395,0.235;6.357,9.930,0.404;16.643,7.083,1.124;7.464,18.965,1.236;6.533,17.776,0.225;11.776,19.080,0.938;9.348,7.331,0.277;8.373,10.131,0.203;12.341,15.070,0.205;11.069,5.690,0.236;11.921,14.232,1.839;13.491,19.307,0.479;10.401,6.449,1.053;1.988,12.112,1.019;17.758,9.628,0.434;13.858,14.631,0.279;9.914,16.198,0.221;19.368,19.621,0.491;11.996,12.184,2.012;6.835,13.504,0.345;8.038,18.017,0.316;17.186,9.308,1.723;14.891,13.471,0.975;15.582,10.066,1.198;16.489,2.128,0.872;15.792,10.217,2.240;19.731,9.674,0.358;7.591,0.862,0.435;17.276,6.566,1.318;1.818,13.113,0.653;9.172,9.405,2.202"
26,drone_6,7.7725,15.6037,17.0000,17.0000,"11.294,19.317,0.853;19.345,3.146,1.273;16.496,7.884,0.381;1.339,18.247,0.980;6.751,3.208,0.290;1.597,18.936,0.411;5.831,17.363,0.235;10.558,12.892,0.463;5.832,1.461,0.332;10.097,12.441,2.241;0.777,19.005,1.302;15.005,8.135,1.610;13.972,15.962,0.453;11.698,18.458,0.926;16.503,5.622,0.344;10.412,18.974,0.493;19.686,11.361,0.474;18.400,7.706,0.375;13.032,7.521,0.823;18.860,0.691,1.239;10.229,1.031,1.331;10.965,11.910,2.376;10.187,18.001,1.100;8.320,8.335,0.725;11.194,17.132,0.296;17.570,0.380,0.262;10.399,4.179,0.808;18.600,2.136,0.370;15.873,19.527,0.287;18.372,4.933,1.770;14.507,4.573,0.426;13.090,6.513,1.993;7.437,10.328,0.944;8.346,15.182,0.325;2.481,13.674,0.390;0.269,6.395,0.235;6.357,9.930,0.404;16.643,7.083,1.124;7.464,18.965,1.236;6.533,17.776,0.225;11.776,19.080,0.938;9.348,7.331,0.277;8.373,10.131,0.203;12.341,15.070,0.205;11.069,5.690,0.236;11.921,14.232,1.839;13.491,19.307,0.479;10.401,6.449,1.053;1.988,12.112,1.019;17.758,9.628,0.434;13.858,14.631,0.279;9.914,16.198,0.221;19.368,19.621,0.491;11.996,12.184,2.012;6.835,13.504,0.345;8.038,18.017,0.316;17.186,9.308,1.723;14.891,13.471,0.975;15.582,10.066,1.198;16.489,2.128,0.872;15.792,10.217,2.240;19.731,9.674,0.358;7.591,0.862,0.435;17.276,6.566,1.318;1.818,13.113,0.653;9.172,9.405,2.202"
27,drone_0,6.6090,12.6889,17.0000,17.0000,"11.294,19.317,0.853;19.345,3.146,1.273;16.496,7.884,0.381;1.339,18.247,0.980;6.751,3.208,0.290;1.597,18.936,0.411;5.831,17.363,0.235;10.558,12.892,0.463;5.832,1.461,0.332;10.097,12.441,2.241;0.777,19.005,1.302;15.005,8.135,1.610;13.972,15.962,0.453;11.698,18.458,0.926;16.503,5.622,0.344;10.412,18.974,0.493;19.686,11.361,0.474;18.400,7.706,0.375;13.032,7.521,0.823;18.860,0.691,1.239;10.229,1.031,1.331;10.965,11.910,2.376;10.187,18.001,1.100;8.320,8.335,0.725;11.194,17.132,0.296;17.570,0.380,0.262;10.399,4.179,0.808;18.600,2.136,0.370;15.873,19.527,0.287;18.372,4.933,1.770;14.507,4.573,0.426;13.090,6.513,1.993;7.437,10.328,0.944;8.346,15.182,0.325;2.481,13.674,0.390;0.269,6.395,0.235;6.357,9.930,0.404;16.643,7.083,1.124;7.464,18.965,1.236;6.533,17.776,0.225;11.776,19.080,0.938;9.348,7.331,0.277;8.373,10.131,0.203;12.341,15.070,0.205;11.069,5.690,0.236;11.921,14.232,1.839;13.491,19.307,0.479;10.401,6.449,1.053;1.988,12.112,1.019;17.758,9.628,0.434;13.858,14.631,0.279;9.914,16.198,0.221;19.368,19.621,0.491;11.996,12.184,2.012;6.835,13.504,0.345;8.038,18.017,0.316;17.186,9.308,1.723;14.891,13.471,0.975;15.582,10.066,1.198;16.489,2.128,0.872;15.792,10.217,2.240;19.731,9.674,0.358;7.591,0.862,0.435;17.276,6.566,1.318;1.818,13.113,0.653;9.172,9.405,2.202"
27,drone_1,3.3725,6.6955,17.0000,17.0000,"11.294,19.317,0.853;19.345,3.146,1.273;16.496,7.884,0.381;1.339,18.247,0.980;6.751,3.208,0.290;1.597,18.936,0.411;5.831,17.363,0.235;10.558,12.892,0.463;5.832,1.461,0.332;10.097,12.441,2.241;0.777,19.005,1.302;15.005,8.135,1.610;13.972,15.962,0.453;11.698,18.458,0.926;16.503,5.622,0.344;10.412,18.974,0.493;19.686,11.361,0.474;18.400,7.706,0.375;13.032,7.521,0.823;18.860,0.691,1.239;10.229,1.031,1.331;10.965,11.910,2.376;10.187,18.001,1.100;8.320,8.335,0.725;11.194,17.132,0.296;17.570,0.380,0.262;10.399,4.179,0.808;18.600,2.136,0.370;15.873,19.527,0.287;18.372,4.933,1.770;14.507,4.573,0.426;13.090,6.513,1.993;7.437,10.328,0.944;8.346,15.182,0.325;2.481,13.674,0.390;0.269,6.395,0.235;6.357,9.930,0.404;16.643,7.083,1.124;7.464,18.965,1.236;6.533,17.776,0.225;11.776,19.080,0.938;9.348,7.331,0.277;8.373,10.131,0.203;12.341,15.070,0.205;11.069,5.690,0.236;11.921,14.232,1.839;13.491,19.307,0.479;10.401,6.449,1.053;1.988,12.112,1.019;17.758,9.628,0.434;13.858,14.631,0.279;9.914,16.198,0.221;19.368,19.621,0.491;11.996,12.184,2.012;6.835,13.504,0.345;8.038,18.017,0.316;17.186,9.308,1.723;14.891,13.471,0.975;15.582,10.066,1.198;16.489,2.128,0.872;15.792,10.217,2.240;19.731,9.674,0.358;7.591,0.862,0.435;17.276,6.566,1.318;1.818,13.113,0.653;9.172,9.405,2.202"
27,drone_5,7.2366,6.9283,17.0000,17.0000,"11.294,19.317,0.853;19.345,3.146,1.273;16.496,7.884,0.381;1.339,18.247,0.980;6.751,3.208,0.290;1.597,18.936,0.411;5.831,17.363,0.235;10.558,12.892,0.463;5.832,1.461,0.332;10.097,12.441,2.241;0.777,19.005,1.302;15.005,8.135,1.610;13.972,15.962,0.453;11.698,18.458,0.926;16.503,5.622,0.344;10.412,18.974,0.493;19.686,11.361,0.474;18.400,7.706,0.375;13.032,7.521,0.823;18.860,0.691,1.239;10.229,1.031,1.331;10.965,11.910,2.376;10.187,18.001,1.100;8.320,8.335,0.725;11.194,17.132,0.296;17.570,0.380,0.262;10.399,4.179,0.808;18.600,2.136,0.370;15.873,19.527,0.287;18.372,4.933,1.770;14.507,4.573,0.426;13.090,6.513,1.993;7.437,10.328,0.944;8.346,15.182,0.325;2.481,13.674,0.390;0.269,6.395,0.235;6.357,9.930,0.404;16.643,7.083,1.124;7.464,18.965,1.236;6.533,17.776,0.225;11.776,19.080,0.938;9.348,7.331,0.277;8.373,10.131,0.203;12.341,15.070,0.205;11.069,5.690,0.236;11.921,14.232,1.839;13.491,19.307,0.479;10.401,6.449,1.053;1.988,12.112,1.019;17.758,9.628,0.434;13.858,14.631,0.279;9.914,16.198,0.221;19.368,19.621,0.491;11.996,12.184,2.012;6.835,13.504,0.345;8.038,18.017,0.316;17.186,9.308,1.723;14.891,13.471,0.975;15.582,10.066,1.198;16.489,2.128,0.872;15.792,10.217,2.240;19.731,9.674,0.358;7.591,0.862,0.435;17.276,6.566,1.318;1.818,13.113,0.653;9.172,9.405,2.202"
27,drone_6,7.9701,15.6347,17.0000,17.0000,"11.294,19.317,0.853;19.345,3.146,1.273;16.496,7.884,0.381;1.339,18.247,0.980;6.751,3.208,0.290;1.597,18.936,0.411;5.831,17.363,0.235;10.558,12.892,0.463;5.832,1.461,0.332;10.097,12.441,2.241;0.777,19.005,1.302;15.005,8.135,1.610;13.972,15.962,0.453;11.698,18.458,0.926;16.503,5.622,0.344;10.412,18.974,0.493;19.686,11.361,0.474;18.400,7.706,0.375;13.032,7.521,0.823;18.860,0.691,1.239;10.229,1.031,1.331;10.965,11.910,2.376;10.187,18.001,1.100;8.320,8.335,0.725;11.194,17.132,0.296;17.570,0.380,0.262;10.399,4.179,0.808;18.600,2.136,0.370;15.873,19.527,0.287;18.372,4.933,1.770;14.507,4.573,0.426;13.090,6.513,1.993;7.437,10.328,0.944;8.346,15.182,0.325;2.481,13.674,0.390;0.269,6.395,0.235;6.357,9.930,0.404;16.643,7.083,1.124;7.464,18.965,1.236;6.533,17.776,0.225;11.776,19.080,0.938;9.348,7.331,0.277;8.373,10.131,0.203;12.341,15.070,0.205;11.069,5.690,0.236;11.921,14.232,1.839;13.491,19.307,0.479;10.401,6.449,1.053;1.988,12.112,1.019;17.758,9.628,0.434;13.858,14.631,0.279;9.914,16.198,0.221;19.368,19.621,0.491;11.996,12.184,2.012;6.835,13.504,0.345;8.038,18.017,0.316;17.186,9.308,1.723;14.891,13.471,0.975;15.582,10.066,1.198;16.489,2.128,0.872;15.792,10.217,2.240;19.731,9.674,0.358;7.591,0.862,0.435;17.276,6.566,1.318;1.818,13.113,0.653;9.172,9.405,2.202"
28,drone_0,6.7946,12.7633,17.0000,17.0000,"11.294,19.317,0.853;19.345,3.146,1.273;16.496,7.884,0.381;1.339,18.247,0.980;6.751,3.208,0.290;1.597,18.936,0.411;5.831,17.363,0.235;10.558,12.892,0.463;5.832,1.461,0.332;10.097,12.441,2.241;0.777,19.005,1.302;15.005,8.135,1.610;13.972,15.962,0.453;11.698,18.458,0.926;16.503,5.622,0.344;10.412,18.974,0.493;19.686,11.361,0.474;18.400,7.706,0.375;13.032,7.521,0.823;18.860,0.691,1.239;10.229,1.031,1.331;10.965,11.910,2.376;10.187,18.001,1.100;8.320,8.335,0.725;11.194,17.132,0.296;17.570,0.380,0.262;10.399,4.179,0.808;18.600,2.136,0.370;15.873,19.527,0.287;18.372,4.933,1.770;14.507,4.573,0.426;13.090,6.513,1.993;7.437,10.328,0.944;8.346,15.182,0.325;2.481,13.674,0.390;0.269,6.395,0.235;6.357,9.930,0.404;16.643,7.083,1.124;7.464,18.965,1.236;6.533,17.776,0.225;11.776,19.080,0.938;9.348,7.331,0.277;8.373,10.131,0.203;12.341,15.070,0.205;11.069,5.690,0.236;11.921,14.232,1.839;13.491,19.307,0.479;10.401,6.449,1.053;1.988,12.112,1.019;17.758,9.628,0.434;13.858,14.631,0.279;9.914,16.198,0.221;19.368,19.621,0.491;11.996,12.184,2.012;6.835,13.504,0.345;8.038,18.017,0.316;17.186,9.308,1.723;14.891,13.471,0.975;15.582,10.066,1.198;16.489,2.128,0.872;15.792,10.217,2.240;19.731,9.674,0.358;7.591,0.862,0.435;17.276,6.566,1.318;1.818,13.113,0.653;9.172,9.405,2.202"
28,drone_1,3.4904,6.8571,17.0000,17.0000,"11.294,19.317,0.853;19.345,3.146,1.273;16.496,7.884,0.381;1.339,18.247,0.980;6.751,3.208,0.290;1.597,18.936,0.411;5.831,17.363,0.235;10.558,12.892,0.463;5.832,1.461,0.332;10.097,12.441,2.241;0.777,19.005,1.302;15.005,8.135,1.610;13.972,15.962,0.453;11.698,18.458,0.926;16.503,5.622,0.344;10.412,18.974,0.493;19.686,11.361,0.474;18.400,7.706,0.375;13.032,7.521,0.823;18.860,0.691,1.239;10.229,1.031,1.331;10.965,11.910,2.376;10.187,18.001,1.100;8.320,8.335,0.725;11.194,17.132,0.296;17.570,0.380,0.262;10.399,4.179,0.808;18.600,2.136,0.370;15.873,19.527,0.287;18.372,4.933,1.770;14.507,4.573,0.426;13.090,6.513,1.993;7.437,10.328,0.944;8.346,15.182,0.325;2.481,13.674,0.390;0.269,6.395,0.235;6.357,9.930,0.404;16.643,7.083,1.124;7.464,18.965,1.236;6.533,17.776,0.225;11.776,19.080,0.938;9.348,7.331,0.277;8.373,10.131,0.203;12.341,15.070,0.205;11.069,5.690,0.236;11.921,14.232,1.839;13.491,19.307,0.479;10.401,6.449,1.053;1.988,12.112,1.019;17.758,9.628,0.434;13.858,14.631,0.279;9.914,16.198,0.221;19.368,19.621,0.491;11.996,12.184,2.012;6.835,13.504,0.345;8.038,18.017,0.316;17.186,9.308,1.723;14.891,13.471,0.975;15.582,10.066,1.198;16.489,2.128,0.872;15.792,10.217,2.240;19.731,9.674,0.358;7.591,0.862,0.435;17.276,6.566,1.318;1.818,13.113,0.653;9.172,9.405,2.202"
28,drone_5,7.3990,7.0450,17.0000,17.0000,"11.294,19.317,0.853;19.345,3.146,1.273;16.496,7.884,0.381;1.339,18.247,0.980;6.751,3.208,0.290;1.597,18.936,0.411;5.831,17.363,0.235;10.558,12.892,0.463;5.832,1.461,0.332;10.097,12.441,2.241;0.777,19.005,1.302;15.005,8.135,1.610;13.972,15.962,0.453;11.698,18.458,0.926;16.503,5.622,0.344;10.412,18.974,0.493;19.686,11.361,0.474;18.400,7.706,0.375;13.032,7.521,0.823;18.860,0.691,1.239;10.229,1.031,1.331;10.965,11.910,2.376;10.187,18.001,1.100;8.320,8.335,0.725;11.194,17.132,0.296;17.570,0.380,0.262;10.399,4.179,0.808;18.600,2.136,0.370;15.873,19.527,0.287;18.372,4.933,1.770;14.507,4.573,0.426;13.090,6.513,1.993;7.437,10.328,0.944;8.346,15.182,0.325;2.481,13.674,0.390;0.269,6.395,0.235;6.357,9.930,0.404;16.643,7.083,1.124;7.464,18.965,1.236;6.533,17.776,0.225;11.776,19.080,0.938;9.348,7.331,0.277;8.373,10.131,0.203;12.341,15.070,0.205;11.069,5.690,0.236;11.921,14.232,1.839;13.491,19.307,0.479;10.401,6.449,1.053;1.988,12.112,1.019;17.758,9.628,0.434;13.858,14.631,0.279;9.914,16.198,0.221;19.368,19.621,0.491;11.996,12.184,2.012;6.835,13.504,0.345;8.038,18.017,0.316;17.186,9.308,1.723;14.891,13.471,0.975;15.582,10.066,1.198;16.489,2.128,0.872;15.792,10.217,2.240;19.731,9.674,0.358;7.591,0.862,0.435;17.276,6.566,1.318;1.818,13.113,0.653;9.172,9.405,2.202"
28,drone_6,8.1568,15.7064,17.0000,17.0000,"11.294,19.317,0.853;19.345,3.146,1.273;16.496,7.884,0.381;1.339,18.247,0.980;6.751,3.208,0.290;1.597,18.936,0.411;5.831,17.363,0.235;10.558,12.892,0.463;5.832,1.461,0.332;10.097,12.441,2.241;0.777,19.005,1.302;15.005,8.135,1.610;13.972,15.962,0.453;11.698,18.458,0.926;16.503,5.622,0.344;10.412,18.974,0.493;19.686,11.361,0.474;18.400,7.706,0.375;13.032,7.521,0.823;18.860,0.691,1.239;10.229,1.031,1.331;10.965,11.910,2.376;10.187,18.001,1.100;8.320,8.335,0.725;11.194,17.132,0.296;17.570,0.380,0.262;10.399,4.179,0.808;18.600,2.136,0.370;15.873,19.527,0.287;18.372,4.933,1.770;14.507,4.573,0.426;13.090,6.513,1.993;7.437,10.328,0.944;8.346,15.182,0.325;2.481,13.674,0.390;0.269,6.395,0.235;6.357,9.930,0.404;16.643,7.083,1.124;7.464,18.965,1.236;6.533,17.776,0.225;11.776,19.080,0.938;9.348,7.331,0.277;8.373,10.131,0.203;12.341,15.070,0.205;11.069,5.690,0.236;11.921,14.232,1.839;13.491,19.307,0.479;10.401,6.449,1.053;1.988,12.112,1.019;17.758,9.628,0.434;13.858,14.631,0.279;9.914,16.198,0.221;19.368,19.621,0.491;11.996,12.184,2.012;6.835,13.504,0.345;8.038,18.017,0.316;17.186,9.308,1.723;14.891,13.471,0.975;15.582,10.066,1.198;16.489,2.128,0.872;15.792,10.217,2.240;19.731,9.674,0.358;7.591,0.862,0.435;17.276,6.566,1.318;1.818,13.113,0.653;9.172,9.405,2.202"
29,drone_0,6.9938,12.7454,17.0000,17.0000,"11.294,19.317,0.853;19.345,3.146,1.273;16.496,7.884,0.381;1.339,18.247,0.980;6.751,3.208,0.290;1.597,18.936,0.411;5.831,17.363,0.235;10.558,12.892,0.463;5.832,1.461,0.332;10.097,12.441,2.241;0.777,19.005,1.302;15.005,8.135,1.610;13.972,15.962,0.453;11.698,18.458,0.926;16.503,5.622,0.344;10.412,18.974,0.493;19.686,11.361,0.474;18.400,7.706,0.375;13.032,7.521,0.823;18.860,0.691,1.239;10.229,1.031,1.331;10.965,11.910,2.376;10.187,18.001,1.100;8.320,8.335,0.725;11.194,17.132,0.296;17.570,0.380,0.262;10.399,4.179,0.808;18.600,2.136,0.370;15.873,19.527,0.287;18.372,4.933,1.770;14.507,4.573,0.426;13.090,6.513,1.993;7.437,10.328,0.944;8.346,15.182,0.325;2.481,13.674,0.390;0.269,6.395,0.235;6.357,9.930,0.404;16.643,7.083,1.124;7.464,18.965,1.236;6.533,17.776,0.225;11.776,19.080,0.938;9.348,7.331,0.277;8.373,10.131,0.203;12.341,15.070,0.205;11.069,5.690,0.236;11.921,14.232,1.839;13.491,19.307,0.479;10.401,6.449,1.053;1.988,12.112,1.019;17.758,9.628,0.434;13.858,14.631,0.279;9.914,16.198,0.221;19.368,19.621,0.491;11.996,12.184,2.012;6.835,13.504,0.345;8.038,18.017,0.316;17.186,9.308,1.723;14.891,13.471,0.975;15.582,10.066,1.198;16.489,2.128,0.872;15.792,10.217,2.240;19.731,9.674,0.358;7.591,0.862,0.435;17.276,6.566,1.318;1.818,13.113,0.653;9.172,9.405,2.202"
29,drone_1,3.6099,7.0175,17.0000,17.0000,"11.294,19.317,0.853;19.345,3.146,1.273;16.496,7.884,0.381;1.339,18.247,0.980;6.751,3.208,0.290;1.597,18.936,0.411;5.831,17.363,0.235;10.558,12.892,0.463;5.832,1.461,0.332;10.097,12.441,2.241;0.777,19.005,1.302;15.005,8.135,1.610;13.972,15.962,0.453;11.698,18.458,0.926;16.503,5.622,0.344;10.412,18.974,0.493;19.686,11.361,0.474;18.400,7.706,0.375;13.032,7.521,0.823;18.860,0.691,1.239;10.229,1.031,1.331;10.965,11.910,2.376;10.187,18.001,1.100;8.320,8.335,0.725;11.194,17.132,0.296;17.570,0.380,0.262;10.399,4.179,0.808;18.600,2.136,0.370;15.873,19.527,0.287;18.372,4.933,1.770;14.507,4.573,0.426;13.090,6.513,1.993;7.437,10.328,0.944;8.346,15.182,0.325;2.481,13.674,0.390;0.269,6.395,0.235;6.357,9.930,0.404;16.643,7.083,1.124;7.464,18.965,1.236;6.533,17.776,0.225;11.776,19.080,0.938;9.348,7.331,0.277;8.373,10.131,0.203;12.341,15.070,0.205;11.069,5.690,0.236;11.921,14.232,1.839;13.491,19.307,0.479;10.401,6.449,1.053;1.988,12.112,1.019;17.758,9.628,0.434;13.858,14.631,0.279;9.914,16.198,0.221;19.368,19.621,0.491;11.996,12.184,2.012;6.835,13.504,0.345;8.038,18.017,0.316;17.186,9.308,1.723;14.891,13.471,0.975;15.582,10.066,1.198;16.489,2.128,0.872;15.792,10.217,2.240;19.731,9.674,0.358;7.591,0.862,0.435;17.276,6.566,1.318;1.818,13.113,0.653;9.172,9.405,2.202"
29,drone_5,7.5788,7.1206,17.0000,17.0000,"11.294,19.317,0.853;19.345,3.146,1.273;16.496,7.884,0.381;1.339,18.247,0.980;6.751,3.208,0.290;1.597,18.936,0.411;5.831,17.363,0.235;10.558,12.892,0.463;5.832,1.461,0.332;10.097,12.441,2.241;0.777,19.005,1.302;15.005,8.135,1.610;13.972,15.962,0.453;11.698,18.458,0.926;16.503,5.622,0.344;10.412,18.974,0.493;19.686,11.361,0.474;18.400,7.706,0.375;13.032,7.521,0.823;18.860,0.691,1.239;10.229,1.031,1.331;10.965,11.910,2.376;10.187,18.001,1.100;8.320,8.335,0.725;11.194,17.132,0.296;17.570,0.380,0.262;10.399,4.179,0.808;18.600,2.136,0.370;15.873,19.527,0.287;18.372,4.933,1.770;14.507,4.573,0.426;13.090,6.513,1.993;7.437,10.328,0.944;8.346,15.182,0.325;2.481,13.674,0.390;0.269,6.395,0.235;6.357,9.930,0.404;16.643,7.083,1.124;7.464,18.965,1.236;6.533,17.776,0.225;11.776,19.080,0.938;9.348,7.331,0.277;8.373,10.131,0.203;12.341,15.070,0.205;11.069,5.690,0.236;11.921,14.232,1.839;13.491,19.307,0.479;10.401,6.449,1.053;1.988,12.112,1.019;17.758,9.628,0.434;13.858,14.631,0.279;9.914,16.198,0.221;19.368,19.621,0.491;11.996,12.184,2.012;6.835,13.504,0.345;8.038,18.017,0.316;17.186,9.308,1.723;14.891,13.471,0.975;15.582,10.066,1.198;16.489,2.128,0.872;15.792,10.217,2.240;19.731,9.674,0.358;7.591,0.862,0.435;17.276,6.566,1.318;1.818,13.113,0.653;9.172,9.405,2.202"
29,drone_6,8.3459,15.7716,17.0000,17.0000,"11.294,19.317,0.853;19.345,3.146,1.273;16.496,7.884,0.381;1.339,18.247,0.980;6.751,3.208,0.290;1.597,18.936,0.411;5.831,17.363,0.235;10.558,12.892,0.463;5.832,1.461,0.332;10.097,12.441,2.241;0.777,19.005,1.302;15.005,8.135,1.610;13.972,15.962,0.453;11.698,18.458,0.926;16.503,5.622,0.344;10.412,18.974,0.493;19.686,11.361,0.474;18.400,7.706,0.375;13.032,7.521,0.823;18.860,0.691,1.239;10.229,1.031,1.331;10.965,11.910,2.376;10.187,18.001,1.100;8.320,8.335,0.725;11.194,17.132,0.296;17.570,0.380,0.262;10.399,4.179,0.808;18.600,2.136,0.370;15.873,19.527,0.287;18.372,4.933,1.770;14.507,4.573,0.426;13.090,6.513,1.993;7.437,10.328,0.944;8.346,15.182,0.325;2.481,13.674,0.390;0.269,6.395,0.235;6.357,9.930,0.404;16.643,7.083,1.124;7.464,18.965,1.236;6.533,17.776,0.225;11.776,19.080,0.938;9.348,7.331,0.277;8.373,10.131,0.203;12.341,15.070,0.205;11.069,5.690,0.236;11.921,14.232,1.839;13.491,19.307,0.479;10.401,6.449,1.053;1.988,12.112,1.019;17.758,9.628,0.434;13.858,14.631,0.279;9.914,16.198,0.221;19.368,19.621,0.491;11.996,12.184,2.012;6.835,13.504,0.345;8.038,18.017,0.316;17.186,9.308,1.723;14.891,13.471,0.975;15.582,10.066,1.198;16.489,2.128,0.872;15.792,10.217,2.240;19.731,9.674,0.358;7.591,0.862,0.435;17.276,6.566,1.318;1.818,13.113,0.653;9.172,9.405,2.202"
30,drone_0,7.1937,12.7530,17.0000,17.0000,"11.294,19.317,0.853;19.345,3.146,1.273;16.496,7.884,0.381;1.339,18.247,0.980;6.751,3.208,0.290;1.597,18.936,0.411;5.831,17.363,0.235;10.558,12.892,0.463;5.832,1.461,0.332;10.097,12.441,2.241;0.777,19.005,1.302;15.005,8.135,1.610;13.972,15.962,0.453;11.698,18.458,0.926;16.503,5.622,0.344;10.412,18.974,0.493;19.686,11.361,0.474;18.400,7.706,0.375;13.032,7.521,0.823;18.860,0.691,1.239;10.229,1.031,1.331;10.965,11.910,2.376;10.187,18.001,1.100;8.320,8.335,0.725;11.194,17.132,0.296;17.570,0.380,0.262;10.399,4.179,0.808;18.600,2.136,0.370;15.873,19.527,0.287;18.372,4.933,1.770;14.507,4.573,0.426;13.090,6.513,1.993;7.437,10.328,0.944;8.346,15.182,0.325;2.481,13.674,0.390;0.269,6.395,0.235;6.357,9.930,0.404;16.643,7.083,1.124;7.464,18.965,1.236;6.533,17.776,0.225;11.776,19.080,0.938;9.348,7.331,0.277;8.373,10.131,0.203;12.341,15.070,0.205;11.069,5.690,0.236;11.921,14.232,1.839;13.491,19.307,0.479;10.401,6.449,1.053;1.988,12.112,1.019;17.758,9.628,0.434;13.858,14.631,0.279;9.914,16.198,0.221;19.368,19.621,0.491;11.996,12.184,2.012;6.835,13.504,0.345;8.038,18.017,0.316;17.186,9.308,1.723;14.891,13.471,0.975;15.582,10.066,1.198;16.489,2.128,0.872;15.792,10.217,2.240;19.731,9.674,0.358;7.591,0.862,0.435;17.276,6.566,1.318;1.818,13.113,0.653;9.172,9.405,2.202"
30,drone_1,3.7576,7.1523,17.0000,17.0000,"11.294,19.317,0.853;19.345,3.146,1.273;16.496,7.884,0.381;1.339,18.247,0.980;6.751,3.208,0.290;1.597,18.936,0.411;5.831,17.363,0.235;10.558,12.892,0.463;5.832,1.461,0.332;10.097,12.441,2.241;0.777,19.005,1.302;15.005,8.135,1.610;13.972,15.962,0.453;11.698,18.458,0.926;16.503,5.622,0.344;10.412,18.974,0.493;19.686,11.361,0.474;18.400,7.706,0.375;13.032,7.521,0.823;18.860,0.691,1.239;10.229,1.031,1.331;10.965,11.910,2.376;10.187,18.001,1.100;8.320,8.335,0.725;11.194,17.132,0.296;17.570,0.380,0.262;10.399,4.179,0.808;18.600,2.136,0.370;15.873,19.527,0.287;18.372,4.933,1.770;14.507,4.573,0.426;13.090,6.513,1.993;7.437,10.328,0.944;8.346,15.182,0.325;2.481,13.674,0.390;0.269,6.395,0.235;6.357,9.930,0.404;16.643,7.083,1.124;7.464,18.965,1.236;6.533,17.776,0.225;11.776,19.080,0.938;9.348,7.331,0.277;8.373,10.131,0.203;12.341,15.070,0.205;11.069,5.690,0.236;11.921,14.232,1.839;13.491,19.307,0.479;10.401,6.449,1.053;1.988,12.112,1.019;17.758,9.628,0.434;13.858,14.631,0.279;9.914,16.198,0.221;19.368,19.621,0.491;11.996,12.184,2.012;6.835,13.504,0.345;8.038,18.017,0.316;17.186,9.308,1.723;14.891,13.471,0.975;15.582,10.066,1.198;16.489,2.128,0.872;15.792,10.217,2.240;19.731,9.674,0.358;7.591,0.862,0.435;17.276,6.566,1.318;1.818,13.113,0.653;9.172,9.405,2.202"
30,drone_5,7.7771,7.1468,17.0000,17.0000,"11.294,19.317,0.853;19.345,3.146,1.273;16.496,7.884,0.381;1.339,18.247,0.980;6.751,3.208,0.290;1.597,18.936,0.411;5.831,17.363,0.235;10.558,12.892,0.463;5.832,1.461,0.332;10.097,12.441,2.241;0.777,19.005,1.302;15.005,8.135,1.610;13.972,15.962,0.453;11.698,18.458,0.926;16.503,5.622,0.344;10.412,18.974,0.493;19.686,11.361,0.474;18.400,7.706,0.375;13.032,7.521,0.823;18.860,0.691,1.239;10.229,1.031,1.331;10.965,11.910,2.376;10.187,18.001,1.100;8.320,8.335,0.725;11.194,17.132,0.296;17.570,0.380,0.262;10.399,4.179,0.808;18.600,2.136,0.370;15.873,19.527,0.287;18.372,4.933,1.770;14.507,4.573,0.426;13.090,6.513,1.993;7.437,10.328,0.944;8.346,15.182,0.325;2.481,13.674,0.390;0.269,6.395,0.235;6.357,9.930,0.404;16.643,7.083,1.124;7.464,18.965,1.236;6.533,17.776,0.225;11.776,19.080,0.938;9.348,7.331,0.277;8.373,10.131,0.203;12.341,15.070,0.205;11.069,5.690,0.236;11.921,14.232,1.839;13.491,19.307,0.479;10.401,6.449,1.053;1.988,12.112,1.019;17.758,9.628,0.434;13.858,14.631,0.279;9.914,16.198,0.221;19.368,19.621,0.491;11.996,12.184,2.012;6.835,13.504,0.345;8.038,18.017,0.316;17.186,9.308,1.723;14.891,13.471,0.975;15.582,10.066,1.198;16.489,2.128,0.872;15.792,10.217,2.240;19.731,9.674,0.358;7.591,0.862,0.435;17.276,6.566,1.318;1.818,13.113,0.653;9.172,9.405,2.202"
30,drone_6,8.5458,15.7648,17.0000,17.0000,"11.294,19.317,0.853;19.345,3.146,1.273;16.496,7.884,0.381;1.339,18.247,0.980;6.751,3.208,0.290;1.597,18.936,0.411;5.831,17.363,0.235;10.558,12.892,0.463;5.832,1.461,0.332;10.097,12.441,2.241;0.777,19.005,1.302;15.005,8.135,1.610;13.972,15.962,0.453;11.698,18.458,0.926;16.503,5.622,0.344;10.412,18.974,0.493;19.686,11.361,0.474;18.400,7.706,0.375;13.032,7.521,0.823;18.860,0.691,1.239;10.229,1.031,1.331;10.965,11.910,2.376;10.187,18.001,1.100;8.320,8.335,0.725;11.194,17.132,0.296;17.570,0.380,0.262;10.399,4.179,0.808;18.600,2.136,0.370;15.873,19.527,0.287;18.372,4.933,1.770;14.507,4.573,0.426;13.090,6.513,1.993;7.437,10.328,0.944;8.346,15.182,0.325;2.481,13.674,0.390;0.269,6.395,0.235;6.357,9.930,0.404;16.643,7.083,1.124;7.464,18.965,1.236;6.533,17.776,0.225;11.776,19.080,0.938;9.348,7.331,0.277;8.373,10.131,0.203;12.341,15.070,0.205;11.069,5.690,0.236;11.921,14.232,1.839;13.491,19.307,0.479;10.401,6.449,1.053;1.988,12.112,1.019;17.758,9.628,0.434;13.858,14.631,0.279;9.914,16.198,0.221;19.368,19.621,0.491;11.996,12.184,2.012;6.835,13.504,0.345;8.038,18.017,0.316;17.186,9.308,1.723;14.891,13.471,0.975;15.582,10.066,1.198;16.489,2.128,0.872;15.792,10.217,2.240;19.731,9.674,0.358;7.591,0.862,0.435;17.276,6.566,1.318;1.818,13.113,0.653;9.172,9.405,2.202"
31,drone_0,7.3936,12.7502,17.0000,17.0000,"11.294,19.317,0.853;19.345,3.146,1.273;16.496,7.884,0.381;1.339,18.247,0.980;6.751,3.208,0.290;1.597,18.936,0.411;5.831,17.363,0.235;10.558,12.892,0.463;5.832,1.461,0.332;10.097,12.441,2.241;0.777,19.005,1.302;15.005,8.135,1.610;13.972,15.962,0.453;11.698,18.458,0.926;16.503,5.622,0.344;10.412,18.974,0.493;19.686,11.361,0.474;18.400,7.706,0.375;13.032,7.521,0.823;18.860,0.691,1.239;10.229,1.031,1.331;10.965,11.910,2.376;10.187,18.001,1.100;8.320,8.335,0.725;11.194,17.132,0.296;17.570,0.380,0.262;10.399,4.179,0.808;18.600,2.136,0.370;15.873,19.527,0.287;18.372,4.933,1.770;14.507,4.573,0.426;13.090,6.513,1.993;7.437,10.328,0.944;8.346,15.182,0.325;2.481,13.674,0.390;0.269,6.395,0.235;6.357,9.930,0.404;16.643,7.083,1.124;7.464,18.965,1.236;6.533,17.776,0.225;11.776,19.080,0.938;9.348,7.331,0.277;8.373,10.131,0.203;12.341,15.070,0.205;11.069,5.690,0.236;11.921,14.232,1.839;13.491,19.307,0.479;10.401,6.449,1.053;1.988,12.112,1.019;17.758,9.628,0.434;13.858,14.631,0.279;9.914,16.198,0.221;19.368,19.621,0.491;11.996,12.184,2.012;6.835,13.504,0.345;8.038,18.017,0.316;17.186,9.308,1.723;14.891,13.471,0.975;15.582,10.066,1.198;16.489,2.128,0.872;15.792,10.217,2.240;19.731,9.674,0.358;7.591,0.862,0.435;17.276,6.566,1.318;1.818,13.113,0.653;9.172,9.405,2.202"
31,drone_1,3.9159,7.2745,17.0000,17.0000,"11.294,19.317,0.853;19.345,3.146,1.273;16.496,7.884,0.381;1.339,18.247,0.980;6.751,3.208,0.290;1.597,18.936,0.411;5.831,17.363,0.235;10.558,12.892,0.463;5.832,1.461,0.332;10.097,12.441,2.241;0.777,19.005,1.302;15.005,8.135,1.610;13.972,15.962,0.453;11.698,18.458,0.926;16.503,5.622,0.344;10.412,18.974,0.493;19.686,11.361,0.474;18.400,7.706,0.375;13.032,7.521,0.823;18.860,0.691,1.239;10.229,1.031,1.331;10.965,11.910,2.376;10.187,18.001,1.100;8.320,8.335,0.725;11.194,17.132,0.296;17.570,0.380,0.262;10.399,4.179,0.808;18.600,2.136,0.370;15.873,19.527,0.287;18.372,4.933,1.770;14.507,4.573,0.426;13.090,6.513,1.993;7.437,10.328,0.944;8.346,15.182,0.325;2.481,13.674,0.390;0.269,6.395,0.235;6.357,9.930,0.404;16.643,7.083,1.124;7.464,18.965,1.236;6.533,17.776,0.225;11.776,19.080,0.938;9.348,7.331,0.277;8.373,10.131,0.203;12.341,15.070,0.205;11.069,5.690,0.236;11.921,14.232,1.839;13.491,19.307,0.479;10.401,6.449,1.053;1.988,12.112,1.019;17.758,9.628,0.434;13.858,14.631,0.279;9.914,16.198,0.221;19.368,19.621,0.491;11.996,12.184,2.012;6.835,13.504,0.345;8.038,18.017,0.316;17.186,9.308,1.723;14.891,13.471,0.975;15.582,10.066,1.198;16.489,2.128,0.872;15.792,10.217,2.240;19.731,9.674,0.358;7.591,0.862,0.435;17.276,6.566,1.318;1.818,13.113,0.653;9.172,9.405,2.202"
31,drone_5,7.9717,7.1929,17.0000,17.0000,"11.294,19.317,0.853;19.345,3.146,1.273;16.496,7.884,0.381;1.339,18.247,0.980;6.751,3.208,0.290;1.597,18.936,0.411;5.831,17.363,0.235;10.558,12.892,0.463;5.832,1.461,0.332;10.097,12.441,2.241;0.777,19.005,1.302;15.005,8.135,1.610;13.972,15.962,0.453;11.698,18.458,0.926;16.503,5.622,0.344;10.412,18.974,0.493;19.686,11.361,0.474;18.400,7.706,0.375;13.032,7.521,0.823;18.860,0.691,1.239;10.229,1.031,1.331;10.965,11.910,2.376;10.187,18.001,1.100;8.320,8.335,0.725;11.194,17.132,0.296;17.570,0.380,0.262;10.399,4.179,0.808;18.600,2.136,0.370;15.873,19.527,0.287;18.372,4.933,1.770;14.507,4.573,0.426;13.090,6.513,1.993;7.437,10.328,0.944;8.346,15.182,0.325;2.481,13.674,0.390;0.269,6.395,0.235;6.357,9.930,0.404;16.643,7.083,1.124;7.464,18.965,1.236;6.533,17.776,0.225;11.776,19.080,0.938;9.348,7.331,0.277;8.373,10.131,0.203;12.341,15.070,0.205;11.069,5.690,0.236;11.921,14.232,1.839;13.491,19.307,0.479;10.401,6.449,1.053;1.988,12.112,1.019;17.758,9.628,0.434;13.858,14.631,0.279;9.914,16.198,0.221;19.368,19.621,0.491;11.996,12.184,2.012;6.835,13.504,0.345;8.038,18.017,0.316;17.186,9.308,1.723;14.891,13.471,0.975;15.582,10.066,1.198;16.489,2.128,0.872;15.792,10.217,2.240;19.731,9.674,0.358;7.591,0.862,0.435;17.276,6.566,1.318;1.818,13.113,0.653;9.172,9.405,2.202"
31,drone_6,8.7455,15.7753,17.0000,17.0000,"11.294,19.317,0.853;19.345,3.146,1.273;16.496,7.884,0.381;1.339,18.247,0.980;6.751,3.208,0.290;1.597,18.936,0.411;5.831,17.363,0.235;10.558,12.892,0.463;5.832,1.461,0.332;10.097,12.441,2.241;0.777,19.005,1.302;15.005,8.135,1.610;13.972,15.962,0.453;11.698,18.458,0.926;16.503,5.622,0.344;10.412,18.974,0.493;19.686,11.361,0.474;18.400,7.706,0.375;13.032,7.521,0.823;18.860,0.691,1.239;10.229,1.031,1.331;10.965,11.910,2.376;10.187,18.001,1.100;8.320,8.335,0.725;11.194,17.132,0.296;17.570,0.380,0.262;10.399,4.179,0.808;18.600,2.136,0.370;15.873,19.527,0.287;18.372,4.933,1.770;14.507,4.573,0.426;13.090,6.513,1.993;7.437,10.328,0.944;8.346,15.182,0.325;2.481,13.674,0.390;0.269,6.395,0.235;6.357,9.930,0.404;16.643,7.083,1.124;7.464,18.965,1.236;6.533,17.776,0.225;11.776,19.080,0.938;9.348,7.331,0.277;8.373,10.131,0.203;12.341,15.070,0.205;11.069,5.690,0.236;11.921,14.232,1.839;13.491,19.307,0.479;10.401,6.449,1.053;1.988,12.112,1.019;17.758,9.628,0.434;13.858,14.631,0.279;9.914,16.198,0.221;19.368,19.621,0.491;11.996,12.184,2.012;6.835,13.504,0.345;8.038,18.017,0.316;17.186,9.308,1.723;14.891,13.471,0.975;15.582,10.066,1.198;16.489,2.128,0.872;15.792,10.217,2.240;19.731,9.674,0.358;7.591,0.862,0.435;17.276,6.566,1.318;1.818,13.113,0.653;9.172,9.405,2.202"
32,drone_0,7.5936,12.7519,17.0000,17.0000,"11.294,19.317,0.853;19.345,3.146,1.273;16.496,7.884,0.381;1.339,18.247,0.980;6.751,3.208,0.290;1.597,18.936,0.411;5.831,17.363,0.235;10.558,12.892,0.463;5.832,1.461,0.332;10.097,12.441,2.241;0.777,19.005,1.302;15.005,8.135,1.610;13.972,15.962,0.453;11.698,18.458,0.926;16.503,5.622,0.344;10.412,18.974,0.493;19.686,11.361,0.474;18.400,7.706,0.375;13.032,7.521,0.823;18.860,0.691,1.239;10.229,1.031,1.331;10.965,11.910,2.376;10.187,18.001,1.100;8.320,8.335,0.725;11.194,17.132,0.296;17.570,0.380,0.262;10.399,4.179,0.808;18.600,2.136,0.370;15.873,19.527,0.287;18.372,4.933,1.770;14.507,4.573,0.426;13.090,6.513,1.993;7.437,10.328,0.944;8.346,15.182,0.325;2.481,13.674,0.390;0.269,6.395,0.235;6.357,9.930,0.404;16.643,7.083,1.124;7.464,18.965,1.236;6.533,17.776,0.225;11.776,19.080,0.938;9.348,7.331,0.277;8.373,10.131,0.203;12.341,15.070,0.205;11.069,5.690,0.236;11.921,14.232,1.839;13.491,19.307,0.479;10.401,6.449,1.053;1.988,12.112,1.019;17.758,9.628,0.434;13.858,14.631,0.279;9.914,16.198,0.221;19.368,19.621,0.491;11.996,12.184,2.012;6.835,13.504,0.345;8.038,18.017,0.316;17.186,9.308,1.723;14.891,13.471,0.975;15.582,10.066,1.198;16.489,2.128,0.872;15.792,10.217,2.240;19.731,9.674,0.358;7.591,0.862,0.435;17.276,6.566,1.318;1.818,13.113,0.653;9.172,9.405,2.202"
32,drone_1,4.0798,7.3892,17.0000,17.0000,"11.294,19.317,0.853;19.345,3.146,1.273;16.496,7.884,0.381;1.339,18.247,0.980;6.751,3.208,0.290;1.597,18.936,0.411;5.831,17.363,0.235;10.558,12.892,0.463;5.832,1.461,0.332;10.097,12.441,2.241;0.777,19.005,1.302;15.005,8.135,1.610;13.972,15.962,0.453;11.698,18.458,0.926;16.503,5.622,0.344;10.412,18.974,0.493;19.686,11.361,0.474;18.400,7.706,0.375;13.032,7.521,0.823;18.860,0.691,1.239;10.229,1.031,1.331;10.965,11.910,2.376;10.187,18.001,1.100;8.320,8.335,0.725;11.194,17.132,0.296;17.570,0.380,0.262;10.399,4.179,0.808;18.600,2.136,0.370;15.873,19.527,0.287;18.372,4.933,1.770;14.507,4.573,0.426;13.090,6.513,1.993;7.437,10.328,0.944;8.346,15.182,0.325;2.481,13.674,0.390;0.269,6.395,0.235;6.357,9.930,0.404;16.643,7.083,1.124;7.464,18.965,1.236;6.533,17.776,0.225;11.776,19.080,0.938;9.348,7.331,0.277;8.373,10.131,0.203;12.341,15.070,0.205;11.069,5.690,0.236;11.921,14.232,1.839;13.491,19.307,0.479;10.401,6.449,1.053;1.988,12.112,1.019;17.758,9.628,0.434;13.858,14.631,0.279;9.914,16.198,0.221;19.368,19.621,0.491;11.996,12.184,2.012;6.835,13.504,0.345;8.038,18.017,0.316;17.186,9.308,1.723;14.891,13.471,0.975;15.582,10.066,1.198;16.489,2.128,0.872;15.792,10.217,2.240;19.731,9.674,0.358;7.591,0.862,0.435;17.276,6.566,1.318;1.818,13.113,0.653;9.172,9.405,2.202"
32,drone_5,8.1649,7.2445,17.0000,17.0000,"11.294,19.317,0.853;19.345,3.146,1.273;16.496,7.884,0.381;1.339,18.247,0.980;6.751,3.208,0.290;1.597,18.936,0.411;5.831,17.363,0.235;10.558,12.892,0.463;5.832,1.461,0.332;10.097,12.441,2.241;0.777,19.005,1.302;15.005,8.135,1.610;13.972,15.962,0.453;11.698,18.458,0.926;16.503,5.622,0.344;10.412,18.974,0.493;19.686,11.361,0.474;18.400,7.706,0.375;13.032,7.521,0.823;18.860,0.691,1.239;10.229,1.031,1.331;10.965,11.910,2.376;10.187,18.001,1.100;8.320,8.335,0.725;11.194,17.132,0.296;17.570,0.380,0.262;10.399,4.179,0.808;18.600,2.136,0.370;15.873,19.527,0.287;18.372,4.933,1.770;14.507,4.573,0.426;13.090,6.513,1.993;7.437,10.328,0.944;8.346,15.182,0.325;2.481,13.674,0.390;0.269,6.395,0.235;6.357,9.930,0.404;16.643,7.083,1.124;7.464,18.965,1.236;6.533,17.776,0.225;11.776,19.080,0.938;9.348,7.331,0.277;8.373,10.131,0.203;12.341,15.070,0.205;11.069,5.690,0.236;11.921,14.232,1.839;13.491,19.307,0.479;10.401,6.449,1.053;1.988,12.112,1.019;17.758,9.628,0.434;13.858,14.631,0.279;9.914,16.198,0.221;19.368,19.621,0.491;11.996,12.184,2.012;6.835,13.504,0.345;8.038,18.017,0.316;17.186,9.308,1.723;14.891,13.471,0.975;15.582,10.066,1.198;16.489,2.128,0.872;15.792,10.217,2.240;19.731,9.674,0.358;7.591,0.862,0.435;17.276,6.566,1.318;1.818,13.113,0.653;9.172,9.405,2.202"
32,drone_6,8.9453,15.7836,17.0000,17.0000,"11.294,19.317,0.853;19.345,3.146,1.273;16.496,7.884,0.381;1.339,18.247,0.980;6.751,3.208,0.290;1.597,18.936,0.411;5.831,17.363,0.235;10.558,12.892,0.463;5.832,1.461,0.332;10.097,12.441,2.241;0.777,19.005,1.302;15.005,8.135,1.610;13.972,15.962,0.453;11.698,18.458,0.926;16.503,5.622,0.344;10.412,18.974,0.493;19.686,11.361,0.474;18.400,7.706,0.375;13.032,7.521,0.823;18.860,0.691,1.239;10.229,1.031,1.331;10.965,11.910,2.376;10.187,18.001,1.100;8.320,8.335,0.725;11.194,17.132,0.296;17.570,0.380,0.262;10.399,4.179,0.808;18.600,2.136,0.370;15.873,19.527,0.287;18.372,4.933,1.770;14.507,4.573,0.426;13.090,6.513,1.993;7.437,10.328,0.944;8.346,15.182,0.325;2.481,13.674,0.390;0.269,6.395,0.235;6.357,9.930,0.404;16.643,7.083,1.124;7.464,18.965,1.236;6.533,17.776,0.225;11.776,19.080,0.938;9.348,7.331,0.277;8.373,10.131,0.203;12.341,15.070,0.205;11.069,5.690,0.236;11.921,14.232,1.839;13.491,19.307,0.479;10.401,6.449,1.053;1.988,12.112,1.019;17.758,9.628,0.434;13.858,14.631,0.279;9.914,16.198,0.221;19.368,19.621,0.491;11.996,12.184,2.012;6.835,13.504,0.345;8.038,18.017,0.316;17.186,9.308,1.723;14.891,13.471,0.975;15.582,10.066,1.198;16.489,2.128,0.872;15.792,10.217,2.240;19.731,9.674,0.358;7.591,0.862,0.435;17.276,6.566,1.318;1.818,13.113,0.653;9.172,9.405,2.202"
33,drone_0,-100.0000,-100.0000,17.0000,17.0000,"11.294,19.317,0.853;19.345,3.146,1.273;16.496,7.884,0.381;1.339,18.247,0.980;6.751,3.208,0.290;1.597,18.936,0.411;5.831,17.363,0.235;10.558,12.892,0.463;5.832,1.461,0.332;10.097,12.441,2.241;0.777,19.005,1.302;15.005,8.135,1.610;13.972,15.962,0.453;11.698,18.458,0.926;16.503,5.622,0.344;10.412,18.974,0.493;19.686,11.361,0.474;18.400,7.706,0.375;13.032,7.521,0.823;18.860,0.691,1.239;10.229,1.031,1.331;10.965,11.910,2.376;10.187,18.001,1.100;8.320,8.335,0.725;11.194,17.132,0.296;17.570,0.380,0.262;10.399,4.179,0.808;18.600,2.136,0.370;15.873,19.527,0.287;18.372,4.933,1.770;14.507,4.573,0.426;13.090,6.513,1.993;7.437,10.328,0.944;8.346,15.182,0.325;2.481,13.674,0.390;0.269,6.395,0.235;6.357,9.930,0.404;16.643,7.083,1.124;7.464,18.965,1.236;6.533,17.776,0.225;11.776,19.080,0.938;9.348,7.331,0.277;8.373,10.131,0.203;12.341,15.070,0.205;11.069,5.690,0.236;11.921,14.232,1.839;13.491,19.307,0.479;10.401,6.449,1.053;1.988,12.112,1.019;17.758,9.628,0.434;13.858,14.631,0.279;9.914,16.198,0.221;19.368,19.621,0.491;11.996,12.184,2.012;6.835,13.504,0.345;8.038,18.017,0.316;17.186,9.308,1.723;14.891,13.471,0.975;15.582,10.066,1.198;16.489,2.128,0.872;15.792,10.217,2.240;19.731,9.674,0.358;7.591,0.862,0.435;17.276,6.566,1.318;1.818,13.113,0.653;9.172,9.405,2.202"
33,drone_1,4.2454,7.5014,17.0000,17.0000,"11.294,19.317,0.853;19.345,3.146,1.273;16.496,7.884,0.381;1.339,18.247,0.980;6.751,3.208,0.290;1.597,18.936,0.411;5.831,17.363,0.235;10.558,12.892,0.463;5.832,1.461,0.332;10.097,12.441,2.241;0.777,19.005,1.302;15.005,8.135,1.610;13.972,15.962,0.453;11.698,18.458,0.926;16.503,5.622,0.344;10.412,18.974,0.493;19.686,11.361,0.474;18.400,7.706,0.375;13.032,7.521,0.823;18.860,0.691,1.239;10.229,1.031,1.331;10.965,11.910,2.376;10.187,18.001,1.100;8.320,8.335,0.725;11.194,17.132,0.296;17.570,0.380,0.262;10.399,4.179,0.808;18.600,2.136,0.370;15.873,19.527,0.287;18.372,4.933,1.770;14.507,4.573,0.426;13.090,6.513,1.993;7.437,10.328,0.944;8.346,15.182,0.325;2.481,13.674,0.390;0.269,6.395,0.235;6.357,9.930,0.404;16.643,7.083,1.124;7.464,18.965,1.236;6.533,17.776,0.225;11.776,19.080,0.938;9.348,7.331,0.277;8.373,10.131,0.203;12.341,15.070,0.205;11.069,5.690,0.236;11.921,14.232,1.839;13.491,19.307,0.479;10.401,6.449,1.053;1.988,12.112,1.019;17.758,9.628,0.434;13.858,14.631,0.279;9.914,16.198,0.221;19.368,19.621,0.491;11.996,12.184,2.012;6.835,13.504,0.345;8.038,18.017,0.316;17.186,9.308,1.723;14.891,13.471,0.975;15.582,10.066,1.198;16.489,2.128,0.872;15.792,10.217,2.240;19.731,9.674,0.358;7.591,0.862,0.435;17.276,6.566,1.318;1.818,13.113,0.653;9.172,9.405,2.202"
33,drone_5,-100.0000,-100.0000,17.0000,17.0000,"11.294,19.317,0.853;19.345,3.146,1.273;16.496,7.884,0.381;1.339,18.247,0.980;6.751,3.208,0.290;1.597,18.936,0.411;5.831,17.363,0.235;10.558,12.892,0.463;5.832,1.461,0.332;10.097,12.441,2.241;0.777,19.005,1.302;15.005,8.135,1.610;13.972,15.962,0.453;11.698,18.458,0.926;16.503,5.622,0.344;10.412,18.974,0.493;19.686,11.361,0.474;18.400,7.706,0.375;13.032,7.521,0.823;18.860,0.691,1.239;10.229,1.031,1.331;10.965,11.910,2.376;10.187,18.001,1.100;8.320,8.335,0.725;11.194,17.132,0.296;17.570,0.380,0.262;10.399,4.179,0.808;18.600,2.136,0.370;15.873,19.527,0.287;18.372,4.933,1.770;14.507,4.573,0.426;13.090,6.513,1.993;7.437,10.328,0.944;8.346,15.182,0.325;2.481,13.674,0.390;0.269,6.395,0.235;6.357,9.930,0.404;16.643,7.083,1.124;7.464,18.965,1.236;6.533,17.776,0.225;11.776,19.080,0.938;9.348,7.331,0.277;8.373,10.131,0.203;12.341,15.070,0.205;11.069,5.690,0.236;11.921,14.232,1.839;13.491,19.307,0.479;10.401,6.449,1.053;1.988,12.112,1.019;17.758,9.628,0.434;13.858,14.631,0.279;9.914,16.198,0.221;19.368,19.621,0.491;11.996,12.184,2.012;6.835,13.504,0.345;8.038,18.017,0.316;17.186,9.308,1.723;14.891,13.471,0.975;15.582,10.066,1.198;16.489,2.128,0.872;15.792,10.217,2.240;19.731,9.674,0.358;7.591,0.862,0.435;17.276,6.566,1.318;1.818,13.113,0.653;9.172,9.405,2.202"
33,drone_6,9.1452,15.7782,17.0000,17.0000,"11.294,19.317,0.853;19.345,3.146,1.273;16.496,7.884,0.381;1.339,18.247,0.980;6.751,3.208,0.290;1.597,18.936,0.411;5.831,17.363,0.235;10.558,12.892,0.463;5.832,1.461,0.332;10.097,12.441,2.241;0.777,19.005,1.302;15.005,8.135,1.610;13.972,15.962,0.453;11.698,18.458,0.926;16.503,5.622,0.344;10.412,18.974,0.493;19.686,11.361,0.474;18.400,7.706,0.375;13.032,7.521,0.823;18.860,0.691,1.239;10.229,1.031,1.331;10.965,11.910,2.376;10.187,18.001,1.100;8.320,8.335,0.725;11.194,17.132,0.296;17.570,0.380,0.262;10.399,4.179,0.808;18.600,2.136,0.370;15.873,19.527,0.287;18.372,4.933,1.770;14.507,4.573,0.426;13.090,6.513,1.993;7.437,10.328,0.944;8.346,15.182,0.325;2.481,13.674,0.390;0.269,6.395,0.235;6.357,9.930,0.404;16.643,7.083,1.124;7.464,18.965,1.236;6.533,17.776,0.225;11.776,19.080,0.938;9.348,7.331,0.277;8.373,10.131,0.203;12.341,15.070,0.205;11.069,5.690,0.236;11.921,14.232,1.839;13.491,19.307,0.479;10.401,6.449,1.053;1.988,12.112,1.019;17.758,9.628,0.434;13.858,14.631,0.279;9.914,16.198,0.221;19.368,19.621,0.491;11.996,12.184,2.012;6.835,13.504,0.345;8.038,18.017,0.316;17.186,9.308,1.723;14.891,13.471,0.975;15.582,10.066,1.198;16.489,2.128,0.872;15.792,10.217,2.240;19.731,9.674,0.358;7.591,0.862,0.435;17.276,6.566,1.318;1.818,13.113,0.653;9.172,9.405,2.202"
34,drone_1,4.4139,7.6090,17.0000,17.0000,"11.294,19.317,0.853;19.345,3.146,1.273;16.496,7.884,0.381;1.339,18.247,0.980;6.751,3.208,0.290;1.597,18.936,0.411;5.831,17.363,0.235;10.558,12.892,0.463;5.832,1.461,0.332;10.097,12.441,2.241;0.777,19.005,1.302;15.005,8.135,1.610;13.972,15.962,0.453;11.698,18.458,0.926;16.503,5.622,0.344;10.412,18.974,0.493;19.686,11.361,0.474;18.400,7.706,0.375;13.032,7.521,0.823;18.860,0.691,1.239;10.229,1.031,1.331;10.965,11.910,2.376;10.187,18.001,1.100;8.320,8.335,0.725;11.194,17.132,0.296;17.570,0.380,0.262;10.399,4.179,0.808;18.600,2.136,0.370;15.873,19.527,0.287;18.372,4.933,1.770;14.507,4.573,0.426;13.090,6.513,1.993;7.437,10.328,0.944;8.346,15.182,0.325;2.481,13.674,0.390;0.269,6.395,0.235;6.357,9.930,0.404;16.643,7.083,1.124;7.464,18.965,1.236;6.533,17.776,0.225;11.776,19.080,0.938;9.348,7.331,0.277;8.373,10.131,0.203;12.341,15.070,0.205;11.069,5.690,0.236;11.921,14.232,1.839;13.491,19.307,0.479;10.401,6.449,1.053;1.988,12.112,1.019;17.758,9.628,0.434;13.858,14.631,0.279;9.914,16.198,0.221;19.368,19.621,0.491;11.996,12.184,2.012;6.835,13.504,0.345;8.038,18.017,0.316;17.186,9.308,1.723;14.891,13.471,0.975;15.582,10.066,1.198;16.489,2.128,0.872;15.792,10.217,2.240;19.731,9.674,0.358;7.591,0.862,0.435;17.276,6.566,1.318;1.818,13.113,0.653;9.172,9.405,2.202"
34,drone_6,9.3449,15.7899,17.0000,17.0000,"11.294,19.317,0.853;19.345,3.146,1.273;16.496,7.884,0.381;1.339,18.247,0.980;6.751,3.208,0.290;1.597,18.936,0.411;5.831,17.363,0.235;10.558,12.892,0.463;5.832,1.461,0.332;10.097,12.441,2.241;0.777,19.005,1.302;15.005,8.135,1.610;13.972,15.962,0.453;11.698,18.458,0.926;16.503,5.622,0.344;10.412,18.974,0.493;19.686,11.361,0.474;18.400,7.706,0.375;13.032,7.521,0.823;18.860,0.691,1.239;10.229,1.031,1.331;10.965,11.910,2.376;10.187,18.001,1.100;8.320,8.335,0.725;11.194,17.132,0.296;17.570,0.380,0.262;10.399,4.179,0.808;18.600,2.136,0.370;15.873,19.527,0.287;18.372,4.933,1.770;14.507,4.573,0.426;13.090,6.513,1.993;7.437,10.328,0.944;8.346,15.182,0.325;2.481,13.674,0.390;0.269,6.395,0.235;6.357,9.930,0.404;16.643,7.083,1.124;7.464,18.965,1.236;6.533,17.776,0.225;11.776,19.080,0.938;9.348,7.331,0.277;8.373,10.131,0.203;12.341,15.070,0.205;11.069,5.690,0.236;11.921,14.232,1.839;13.491,19.307,0.479;10.401,6.449,1.053;1.988,12.112,1.019;17.758,9.628,0.434;13.858,14.631,0.279;9.914,16.198,0.221;19.368,19.621,0.491;11.996,12.184,2.012;6.835,13.504,0.345;8.038,18.017,0.316;17.186,9.308,1.723;14.891,13.471,0.975;15.582,10.066,1.198;16.489,2.128,0.872;15.792,10.217,2.240;19.731,9.674,0.358;7.591,0.862,0.435;17.276,6.566,1.318;1.818,13.113,0.653;9.172,9.405,2.202"
35,drone_1,4.5802,7.7202,17.0000,17.0000,"11.294,19.317,0.853;19.345,3.146,1.273;16.496,7.884,0.381;1.339,18.247,0.980;6.751,3.208,0.290;1.597,18.936,0.411;5.831,17.363,0.235;10.558,12.892,0.463;5.832,1.461,0.332;10.097,12.441,2.241;0.777,19.005,1.302;15.005,8.135,1.610;13.972,15.962,0.453;11.698,18.458,0.926;16.503,5.622,0.344;10.412,18.974,0.493;19.686,11.361,0.474;18.400,7.706,0.375;13.032,7.521,0.823;18.860,0.691,1.239;10.229,1.031,1.331;10.965,11.910,2.376;10.187,18.001,1.100;8.320,8.335,0.725;11.194,17.132,0.296;17.570,0.380,0.262;10.399,4.179,0.808;18.600,2.136,0.370;15.873,19.527,0.287;18.372,4.933,1.770;14.507,4.573,0.426;13.090,6.513,1.993;7.437,10.328,0.944;8.346,15.182,0.325;2.481,13.674,0.390;0.269,6.395,0.235;6.357,9.930,0.404;16.643,7.083,1.124;7.464,18.965,1.236;6.533,17.776,0.225;11.776,19.080,0.938;9.348,7.331,0.277;8.373,10.131,0.203;12.341,15.070,0.205;11.069,5.690,0.236;11.921,14.232,1.839;13.491,19.307,0.479;10.401,6.449,1.053;1.988,12.112,1.019;17.758,9.628,0.434;13.858,14.631,0.279;9.914,16.198,0.221;19.368,19.621,0.491;11.996,12.184,2.012;6.835,13.504,0.345;8.038,18.017,0.316;17.186,9.308,1.723;14.891,13.471,0.975;15.582,10.066,1.198;16.489,2.128,0.872;15.792,10.217,2.240;19.731,9.674,0.358;7.591,0.862,0.435;17.276,6.566,1.318;1.818,13.113,0.653;9.172,9.405,2.202"
35,drone_6,9.5348,15.8527,17.0000,17.0000,"11.294,19.317,0.853;19.345,3.146,1.273;16.496,7.884,0.381;1.339,18.247,0.980;6.751,3.208,0.290;1.597,18.936,0.411;5.831,17.363,0.235;10.558,12.892,0.463;5.832,1.461,0.332;10.097,12.441,2.241;0.777,19.005,1.302;15.005,8.135,1.610;13.972,15.962,0.453;11.698,18.458,0.926;16.503,5.622,0.344;10.412,18.974,0.493;19.686,11.361,0.474;18.400,7.706,0.375;13.032,7.521,0.823;18.860,0.691,1.239;10.229,1.031,1.331;10.965,11.910,2.376;10.187,18.001,1.100;8.320,8.335,0.725;11.194,17.132,0.296;17.570,0.380,0.262;10.399,4.179,0.808;18.600,2.136,0.370;15.873,19.527,0.287;18.372,4.933,1.770;14.507,4.573,0.426;13.090,6.513,1.993;7.437,10.328,0.944;8.346,15.182,0.325;2.481,13.674,0.390;0.269,6.395,0.235;6.357,9.930,0.404;16.643,7.083,1.124;7.464,18.965,1.236;6.533,17.776,0.225;11.776,19.080,0.938;9.348,7.331,0.277;8.373,10.131,0.203;12.341,15.070,0.205;11.069,5.690,0.236;11.921,14.232,1.839;13.491,19.307,0.479;10.401,6.449,1.053;1.988,12.112,1.019;17.758,9.628,0.434;13.858,14.631,0.279;9.914,16.198,0.221;19.368,19.621,0.491;11.996,12.184,2.012;6.835,13.504,0.345;8.038,18.017,0.316;17.186,9.308,1.723;14.891,13.471,0.975;15.582,10.066,1.198;16.489,2.128,0.872;15.792,10.217,2.240;19.731,9.674,0.358;7.591,0.862,0.435;17.276,6.566,1.318;1.818,13.113,0.653;9.172,9.405,2.202"
36,drone_1,4.7435,7.8356,17.0000,17.0000,"11.294,19.317,0.853;19.345,3.146,1.273;16.496,7.884,0.381;1.339,18.247,0.980;6.751,3.208,0.290;1.597,18.936,0.411;5.831,17.363,0.235;10.558,12.892,0.463;5.832,1.461,0.332;10.097,12.441,2.241;0.777,19.005,1.302;15.005,8.135,1.610;13.972,15.962,0.453;11.698,18.458,0.926;16.503,5.622,0.344;10.412,18.974,0.493;19.686,11.361,0.474;18.400,7.706,0.375;13.032,7.521,0.823;18.860,0.691,1.239;10.229,1.031,1.331;10.965,11.910,2.376;10.187,18.001,1.100;8.320,8.335,0.725;11.194,17.132,0.296;17.570,0.380,0.262;10.399,4.179,0.808;18.600,2.136,0.370;15.873,19.527,0.287;18.372,4.933,1.770;14.507,4.573,0.426;13.090,6.513,1.993;7.437,10.328,0.944;8.346,15.182,0.325;2.481,13.674,0.390;0.269,6.395,0.235;6.357,9.930,0.404;16.643,7.083,1.124;7.464,18.965,1.236;6.533,17.776,0.225;11.776,19.080,0.938;9.348,7.331,0.277;8.373,10.131,0.203;12.341,15.070,0.205;11.069,5.690,0.236;11.921,14.232,1.839;13.491,19.307,0.479;10.401,6.449,1.053;1.988,12.112,1.019;17.758,9.628,0.434;13.858,14.631,0.279;9.914,16.198,0.221;19.368,19.621,0.491;11.996,12.184,2.012;6.835,13.504,0.345;8.038,18.017,0.316;17.186,9.308,1.723;14.891,13.471,0.975;15.582,10.066,1.198;16.489,2.128,0.872;15.792,10.217,2.240;19.731,9.674,0.358;7.591,0.862,0.435;17.276,6.566,1.318;1.818,13.113,0.653;9.172,9.405,2.202"
36,drone_6,9.7341,15.8691,17.0000,17.0000,"11.294,19.317,0.853;19.345,3.146,1.273;16.496,7.884,0.381;1.339,18.247,0.980;6.751,3.208,0.290;1.597,18.936,0.411;5.831,17.363,0.235;10.558,12.892,0.463;5.832,1.461,0.332;10.097,12.441,2.241;0.777,19.005,1.302;15.005,8.135,1.610;13.972,15.962,0.453;11.698,18.458,0.926;16.503,5.622,0.344;10.412,18.974,0.493;19.686,11.361,0.474;18.400,7.706,0.375;13.032,7.521,0.823;18.860,0.691,1.239;10.229,1.031,1.331;10.965,11.910,2.376;10.187,18.001,1.100;8.320,8.335,0.725;11.194,17.132,0.296;17.570,0.380,0.262;10.399,4.179,0.808;18.600,2.136,0.370;15.873,19.527,0.287;18.372,4.933,1.770;14.507,4.573,0.426;13.090,6.513,1.993;7.437,10.328,0.944;8.346,15.182,0.325;2.481,13.674,0.390;0.269,6.395,0.235;6.357,9.930,0.404;16.643,7.083,1.124;7.464,18.965,1.236;6.533,17.776,0.225;11.776,19.080,0.938;9.348,7.331,0.277;8.373,10.131,0.203;12.341,15.070,0.205;11.069,5.690,0.236;11.921,14.232,1.839;13.491,19.307,0.479;10.401,6.449,1.053;1.988,12.112,1.019;17.758,9.628,0.434;13.858,14.631,0.279;9.914,16.198,0.221;19.368,19.621,0.491;11.996,12.184,2.012;6.835,13.504,0.345;8.038,18.017,0.316;17.186,9.308,1.723;14.891,13.471,0.975;15.582,10.066,1.198;16.489,2.128,0.872;15.792,10.217,2.240;19.731,9.674,0.358;7.591,0.862,0.435;17.276,6.566,1.318;1.818,13.113,0.653;9.172,9.405,2.202"
37,drone_1,4.9055,7.9529,17.0000,17.0000,"11.294,19.317,0.853;19.345,3.146,1.273;16.496,7.884,0.381;1.339,18.247,0.980;6.751,3.208,0.290;1.597,18.936,0.411;5.831,17.363,0.235;10.558,12.892,0.463;5.832,1.461,0.332;10.097,12.441,2.241;0.777,19.005,1.302;15.005,8.135,1.610;13.972,15.962,0.453;11.698,18.458,0.926;16.503,5.622,0.344;10.412,18.974,0.493;19.686,11.361,0.474;18.400,7.706,0.375;13.032,7.521,0.823;18.860,0.691,1.239;10.229,1.031,1.331;10.965,11.910,2.376;10.187,18.001,1.100;8.320,8.335,0.725;11.194,17.132,0.296;17.570,0.380,0.262;10.399,4.179,0.808;18.600,2.136,0.370;15.873,19.527,0.287;18.372,4.933,1.770;14.507,4.573,0.426;13.090,6.513,1.993;7.437,10.328,0.944;8.346,15.182,0.325;2.481,13.674,0.390;0.269,6.395,0.235;6.357,9.930,0.404;16.643,7.083,1.124;7.464,18.965,1.236;6.533,17.776,0.225;11.776,19.080,0.938;9.348,7.331,0.277;8.373,10.131,0.203;12.341,15.070,0.205;11.069,5.690,0.236;11.921,14.232,1.839;13.491,19.307,0.479;10.401,6.449,1.053;1.988,12.112,1.019;17.758,9.628,0.434;13.858,14.631,0.279;9.914,16.198,0.221;19.368,19.621,0.491;11.996,12.184,2.012;6.835,13.504,0.345;8.038,18.017,0.316;17.186,9.308,1.723;14.891,13.471,0.975;15.582,10.066,1.198;16.489,2.128,0.872;15.792,10.217,2.240;19.731,9.674,0.358;7.591,0.862,0.435;17.276,6.566,1.318;1.818,13.113,0.653;9.172,9.405,2.202"
37,drone_6,-100.0000,-100.0000,17.0000,17.0000,"11.294,19.317,0.853;19.345,3.146,1.273;16.496,7.884,0.381;1.339,18.247,0.980;6.751,3.208,0.290;1.597,18.936,0.411;5.831,17.363,0.235;10.558,12.892,0.463;5.832,1.461,0.332;10.097,12.441,2.241;0.777,19.005,1.302;15.005,8.135,1.610;13.972,15.962,0.453;11.698,18.458,0.926;16.503,5.622,0.344;10.412,18.974,0.493;19.686,11.361,0.474;18.400,7.706,0.375;13.032,7.521,0.823;18.860,0.691,1.239;10.229,1.031,1.331;10.965,11.910,2.376;10.187,18.001,1.100;8.320,8.335,0.725;11.194,17.132,0.296;17.570,0.380,0.262;10.399,4.179,0.808;18.600,2.136,0.370;15.873,19.527,0.287;18.372,4.933,1.770;14.507,4.573,0.426;13.090,6.513,1.993;7.437,10.328,0.944;8.346,15.182,0.325;2.481,13.674,0.390;0.269,6.395,0.235;6.357,9.930,0.404;16.643,7.083,1.124;7.464,18.965,1.236;6.533,17.776,0.225;11.776,19.080,0.938;9.348,7.331,0.277;8.373,10.131,0.203;12.341,15.070,0.205;11.069,5.690,0.236;11.921,14.232,1.839;13.491,19.307,0.479;10.401,6.449,1.053;1.988,12.112,1.019;17.758,9.628,0.434;13.858,14.631,0.279;9.914,16.198,0.221;19.368,19.621,0.491;11.996,12.184,2.012;6.835,13.504,0.345;8.038,18.017,0.316;17.186,9.308,1.723;14.891,13.471,0.975;15.582,10.066,1.198;16.489,2.128,0.872;15.792,10.217,2.240;19.731,9.674,0.358;7.591,0.862,0.435;17.276,6.566,1.318;1.818,13.113,0.653;9.172,9.405,2.202"
38,drone_1,5.0660,8.0722,17.0000,17.0000,"11.294,19.317,0.853;19.345,3.146,1.273;16.496,7.884,0.381;1.339,18.247,0.980;6.751,3.208,0.290;1.597,18.936,0.411;5.831,17.363,0.235;10.558,12.892,0.463;5.832,1.461,0.332;10.097,12.441,2.241;0.777,19.005,1.302;15.005,8.135,1.610;13.972,15.962,0.453;11.698,18.458,0.926;16.503,5.622,0.344;10.412,18.974,0.493;19.686,11.361,0.474;18.400,7.706,0.375;13.032,7.521,0.823;18.860,0.691,1.239;10.229,1.031,1.331;10.965,11.910,2.376;10.187,18.001,1.100;8.320,8.335,0.725;11.194,17.132,0.296;17.570,0.380,0.262;10.399,4.179,0.808;18.600,2.136,0.370;15.873,19.527,0.287;18.372,4.933,1.770;14.507,4.573,0.426;13.090,6.513,1.993;7.437,10.328,0.944;8.346,15.182,0.325;2.481,13.674,0.390;0.269,6.395,0.235;6.357,9.930,0.404;16.643,7.083,1.124;7.464,18.965,1.236;6.533,17.776,0.225;11.776,19.080,0.938;9.348,7.331,0.277;8.373,10.131,0.203;12.341,15.070,0.205;11.069,5.690,0.236;11.921,14.232,1.839;13.491,19.307,0.479;10.401,6.449,1.053;1.988,12.112,1.019;17.758,9.628,0.434;13.858,14.631,0.279;9.914,16.198,0.221;19.368,19.621,0.491;11.996,12.184,2.012;6.835,13.504,0.345;8.038,18.017,0.316;17.186,9.308,1.723;14.891,13.471,0.975;15.582,10.066,1.198;16.489,2.128,0.872;15.792,10.217,2.240;19.731,9.674,0.358;7.591,0.862,0.435;17.276,6.566,1.318;1.818,13.113,0.653;9.172,9.405,2.202"
39,drone_1,5.2043,8.2167,17.0000,17.0000,"11.294,19.317,0.853;19.345,3.146,1.273;16.496,7.884,0.381;1.339,18.247,0.980;6.751,3.208,0.290;1.597,18.936,0.411;5.831,17.363,0.235;10.558,12.892,0.463;5.832,1.461,0.332;10.097,12.441,2.241;0.777,19.005,1.302;15.005,8.135,1.610;13.972,15.962,0.453;11.698,18.458,0.926;16.503,5.622,0.344;10.412,18.974,0.493;19.686,11.361,0.474;18.400,7.706,0.375;13.032,7.521,0.823;18.860,0.691,1.239;10.229,1.031,1.331;10.965,11.910,2.376;10.187,18.001,1.100;8.320,8.335,0.725;11.194,17.132,0.296;17.570,0.380,0.262;10.399,4.179,0.808;18.600,2.136,0.370;15.873,19.527,0.287;18.372,4.933,1.770;14.507,4.573,0.426;13.090,6.513,1.993;7.437,10.328,0.944;8.346,15.182,0.325;2.481,13.674,0.390;0.269,6.395,0.235;6.357,9.930,0.404;16.643,7.083,1.124;7.464,18.965,1.236;6.533,17.776,0.225;11.776,19.080,0.938;9.348,7.331,0.277;8.373,10.131,0.203;12.341,15.070,0.205;11.069,5.690,0.236;11.921,14.232,1.839;13.491,19.307,0.479;10.401,6.449,1.053;1.988,12.112,1.019;17.758,9.628,0.434;13.858,14.631,0.279;9.914,16.198,0.221;19.368,19.621,0.491;11.996,12.184,2.012;6.835,13.504,0.345;8.038,18.017,0.316;17.186,9.308,1.723;14.891,13.471,0.975;15.582,10.066,1.198;16.489,2.128,0.872;15.792,10.217,2.240;19.731,9.674,0.358;7.591,0.862,0.435;17.276,6.566,1.318;1.818,13.113,0.653;9.172,9.405,2.202"
40,drone_1,5.3257,8.3757,17.0000,17.0000,"11.294,19.317,0.853;19.345,3.146,1.273;16.496,7.884,0.381;1.339,18.247,0.980;6.751,3.208,0.290;1.597,18.936,0.411;5.831,17.363,0.235;10.558,12.892,0.463;5.832,1.461,0.332;10.097,12.441,2.241;0.777,19.005,1.302;15.005,8.135,1.610;13.972,15.962,0.453;11.698,18.458,0.926;16.503,5.622,0.344;10.412,18.974,0.493;19.686,11.361,0.474;18.400,7.706,0.375;13.032,7.521,0.823;18.860,0.691,1.239;10.229,1.031,1.331;10.965,11.910,2.376;10.187,18.001,1.100;8.320,8.335,0.725;11.194,17.132,0.296;17.570,0.380,0.262;10.399,4.179,0.808;18.600,2.136,0.370;15.873,19.527,0.287;18.372,4.933,1.770;14.507,4.573,0.426;13.090,6.513,1.993;7.437,10.328,0.944;8.346,15.182,0.325;2.481,13.674,0.390;0.269,6.395,0.235;6.357,9.930,0.404;16.643,7.083,1.124;7.464,18.965,1.236;6.533,17.776,0.225;11.776,19.080,0.938;9.348,7.331,0.277;8.373,10.131,0.203;12.341,15.070,0.205;11.069,5.690,0.236;11.921,14.232,1.839;13.491,19.307,0.479;10.401,6.449,1.053;1.988,12.112,1.019;17.758,9.628,0.434;13.858,14.631,0.279;9.914,16.198,0.221;19.368,19.621,0.491;11.996,12.184,2.012;6.835,13.504,0.345;8.038,18.017,0.316;17.186,9.308,1.723;14.891,13.471,0.975;15.582,10.066,1.198;16.489,2.128,0.872;15.792,10.217,2.240;19.731,9.674,0.358;7.591,0.862,0.435;17.276,6.566,1.318;1.818,13.113,0.653;9.172,9.405,2.202"
41,drone_1,5.4372,8.5417,17.0000,17.0000,"11.294,19.317,0.853;19.345,3.146,1.273;16.496,7.884,0.381;1.339,18.247,0.980;6.751,3.208,0.290;1.597,18.936,0.411;5.831,17.363,0.235;10.558,12.892,0.463;5.832,1.461,0.332;10.097,12.441,2.241;0.777,19.005,1.302;15.005,8.135,1.610;13.972,15.962,0.453;11.698,18.458,0.926;16.503,5.622,0.344;10.412,18.974,0.493;19.686,11.361,0.474;18.400,7.706,0.375;13.032,7.521,0.823;18.860,0.691,1.239;10.229,1.031,1.331;10.965,11.910,2.376;10.187,18.001,1.100;8.320,8.335,0.725;11.194,17.132,0.296;17.570,0.380,0.262;10.399,4.179,0.808;18.600,2.136,0.370;15.873,19.527,0.287;18.372,4.933,1.770;14.507,4.573,0.426;13.090,6.513,1.993;7.437,10.328,0.944;8.346,15.182,0.325;2.481,13.674,0.390;0.269,6.395,0.235;6.357,9.930,0.404;16.643,7.083,1.124;7.464,18.965,1.236;6.533,17.776,0.225;11.776,19.080,0.938;9.348,7.331,0.277;8.373,10.131,0.203;12.341,15.070,0.205;11.069,5.690,0.236;11.921,14.232,1.839;13.491,19.307,0.479;10.401,6.449,1.053;1.988,12.112,1.019;17.758,9.628,0.434;13.858,14.631,0.279;9.914,16.198,0.221;19.368,19.621,0.491;11.996,12.184,2.012;6.835,13.504,0.345;8.038,18.017,0.316;17.186,9.308,1.723;14.891,13.471,0.975;15.582,10.066,1.198;16.489,2.128,0.872;15.792,10.217,2.240;19.731,9.674,0.358;7.591,0.862,0.435;17.276,6.566,1.318;1.818,13.113,0.653;9.172,9.405,2.202"
42,drone_1,5.5411,8.7126,17.0000,17.0000,"11.294,19.317,0.853;19.345,3.146,1.273;16.496,7.884,0.381;1.339,18.247,0.980;6.751,3.208,0.290;1.597,18.936,0.411;5.831,17.363,0.235;10.558,12.892,0.463;5.832,1.461,0.332;10.097,12.441,2.241;0.777,19.005,1.302;15.005,8.135,1.610;13.972,15.962,0.453;11.698,18.458,0.926;16.503,5.622,0.344;10.412,18.974,0.493;19.686,11.361,0.474;18.400,7.706,0.375;13.032,7.521,0.823;18.860,0.691,1.239;10.229,1.031,1.331;10.965,11.910,2.376;10.187,18.001,1.100;8.320,8.335,0.725;11.194,17.132,0.296;17.570,0.380,0.262;10.399,4.179,0.808;18.600,2.136,0.370;15.873,19.527,0.287;18.372,4.933,1.770;14.507,4.573,0.426;13.090,6.513,1.993;7.437,10.328,0.944;8.346,15.182,0.325;2.481,13.674,0.390;0.269,6.395,0.235;6.357,9.930,0.404;16.643,7.083,1.124;7.464,18.965,1.236;6.533,17.776,0.225;11.776,19.080,0.938;9.348,7.331,0.277;8.373,10.131,0.203;12.341,15.070,0.205;11.069,5.690,0.236;11.921,14.232,1.839;13.491,19.307,0.479;10.401,6.449,1.053;1.988,12.112,1.019;17.758,9.628,0.434;13.858,14.631,0.279;9.914,16.198,0.221;19.368,19.621,0.491;11.996,12.184,2.012;6.835,13.504,0.345;8.038,18.017,0.316;17.186,9.308,1.723;14.891,13.471,0.975;15.582,10.066,1.198;16.489,2.128,0.872;15.792,10.217,2.240;19.731,9.674,0.358;7.591,0.862,0.435;17.276,6.566,1.318;1.818,13.113,0.653;9.172,9.405,2.202"
43,drone_1,5.6388,8.8871,17.0000,17.0000,"11.294,19.317,0.853;19.345,3.146,1.273;16.496,7.884,0.381;1.339,18.247,0.980;6.751,3.208,0.290;1.597,18.936,0.411;5.831,17.363,0.235;10.558,12.892,0.463;5.832,1.461,0.332;10.097,12.441,2.241;0.777,19.005,1.302;15.005,8.135,1.610;13.972,15.962,0.453;11.698,18.458,0.926;16.503,5.622,0.344;10.412,18.974,0.493;19.686,11.361,0.474;18.400,7.706,0.375;13.032,7.521,0.823;18.860,0.691,1.239;10.229,1.031,1.331;10.965,11.910,2.376;10.187,18.001,1.100;8.320,8.335,0.725;11.194,17.132,0.296;17.570,0.380,0.262;10.399,4.179,0.808;18.600,2.136,0.370;15.873,19.527,0.287;18.372,4.933,1.770;14.507,4.573,0.426;13.090,6.513,1.993;7.437,10.328,0.944;8.346,15.182,0.325;2.481,13.674,0.390;0.269,6.395,0.235;6.357,9.930,0.404;16.643,7.083,1.124;7.464,18.965,1.236;6.533,17.776,0.225;11.776,19.080,0.938;9.348,7.331,0.277;8.373,10.131,0.203;12.341,15.070,0.205;11.069,5.690,0.236;11.921,14.232,1.839;13.491,19.307,0.479;10.401,6.449,1.053;1.988,12.112,1.019;17.758,9.628,0.434;13.858,14.631,0.279;9.914,16.198,0.221;19.368,19.621,0.491;11.996,12.184,2.012;6.835,13.504,0.345;8.038,18.017,0.316;17.186,9.308,1.723;14.891,13.471,0.975;15.582,10.066,1.198;16.489,2.128,0.872;15.792,10.217,2.240;19.731,9.674,0.358;7.591,0.862,0.435;17.276,6.566,1.318;1.818,13.113,0.653;9.172,9.405,2.202"
44,drone_1,5.7339,9.0630,17.0000,17.0000,"11.294,19.317,0.853;19.345,3.146,1.273;16.496,7.884,0.381;1.339,18.247,0.980;6.751,3.208,0.290;1.597,18.936,0.411;5.831,17.363,0.235;10.558,12.892,0.463;5.832,1.461,0.332;10.097,12.441,2.241;0.777,19.005,1.302;15.005,8.135,1.610;13.972,15.962,0.453;11.698,18.458,0.926;16.503,5.622,0.344;10.412,18.974,0.493;19.686,11.361,0.474;18.400,7.706,0.375;13.032,7.521,0.823;18.860,0.691,1.239;10.229,1.031,1.331;10.965,11.910,2.376;10.187,18.001,1.100;8.320,8.335,0.725;11.194,17.132,0.296;17.570,0.380,0.262;10.399,4.179,0.808;18.600,2.136,0.370;15.873,19.527,0.287;18.372,4.933,1.770;14.507,4.573,0.426;13.090,6.513,1.993;7.437,10.328,0.944;8.346,15.182,0.325;2.481,13.674,0.390;0.269,6.395,0.235;6.357,9.930,0.404;16.643,7.083,1.124;7.464,18.965,1.236;6.533,17.776,0.225;11.776,19.080,0.938;9.348,7.331,0.277;8.373,10.131,0.203;12.341,15.070,0.205;11.069,5.690,0.236;11.921,14.232,1.839;13.491,19.307,0.479;10.401,6.449,1.053;1.988,12.112,1.019;17.758,9.628,0.434;13.858,14.631,0.279;9.914,16.198,0.221;19.368,19.621,0.491;11.996,12.184,2.012;6.835,13.504,0.345;8.038,18.017,0.316;17.186,9.308,1.723;14.891,13.471,0.975;15.582,10.066,1.198;16.489,2.128,0.872;15.792,10.217,2.240;19.731,9.674,0.358;7.591,0.862,0.435;17.276,6.566,1.318;1.818,13.113,0.653;9.172,9.405,2.202"
45,drone_1,5.8253,9.2409,17.0000,17.0000,"11.294,19.317,0.853;19.345,3.146,1.273;16.496,7.884,0.381;1.339,18.247,0.980;6.751,3.208,0.290;1.597,18.936,0.411;5.831,17.363,0.235;10.558,12.892,0.463;5.832,1.461,0.332;10.097,12.441,2.241;0.777,19.005,1.302;15.005,8.135,1.610;13.972,15.962,0.453;11.698,18.458,0.926;16.503,5.622,0.344;10.412,18.974,0.493;19.686,11.361,0.474;18.400,7.706,0.375;13.032,7.521,0.823;18.860,0.691,1.239;10.229,1.031,1.331;10.965,11.910,2.376;10.187,18.001,1.100;8.320,8.335,0.725;11.194,17.132,0.296;17.570,0.380,0.262;10.399,4.179,0.808;18.600,2.136,0.370;15.873,19.527,0.287;18.372,4.933,1.770;14.507,4.573,0.426;13.090,6.513,1.993;7.437,10.328,0.944;8.346,15.182,0.325;2.481,13.674,0.390;0.269,6.395,0.235;6.357,9.930,0.404;16.643,7.083,1.124;7.464,18.965,1.236;6.533,17.776,0.225;11.776,19.080,0.938;9.348,7.331,0.277;8.373,10.131,0.203;12.341,15.070,0.205;11.069,5.690,0.236;11.921,14.232,1.839;13.491,19.307,0.479;10.401,6.449,1.053;1.988,12.112,1.019;17.758,9.628,0.434;13.858,14.631,0.279;9.914,16.198,0.221;19.368,19.621,0.491;11.996,12.184,2.012;6.835,13.504,0.345;8.038,18.017,0.316;17.186,9.308,1.723;14.891,13.471,0.975;15.582,10.066,1.198;16.489,2.128,0.872;15.792,10.217,2.240;19.731,9.674,0.358;7.591,0.862,0.435;17.276,6.566,1.318;1.818,13.113,0.653;9.172,9.405,2.202"
46,drone_1,5.8962,9.4279,17.0000,17.0000,"11.294,19.317,0.853;19.345,3.146,1.273;16.496,7.884,0.381;1.339,18.247,0.980;6.751,3.208,0.290;1.597,18.936,0.411;5.831,17.363,0.235;10.558,12.892,0.463;5.832,1.461,0.332;10.097,12.441,2.241;0.777,19.005,1.302;15.005,8.135,1.610;13.972,15.962,0.453;11.698,18.458,0.926;16.503,5.622,0.344;10.412,18.974,0.493;19.686,11.361,0.474;18.400,7.706,0.375;13.032,7.521,0.823;18.860,0.691,1.239;10.229,1.031,1.331;10.965,11.910,2.376;10.187,18.001,1.100;8.320,8.335,0.725;11.194,17.132,0.296;17.570,0.380,0.262;10.399,4.179,0.808;18.600,2.136,0.370;15.873,19.527,0.287;18.372,4.933,1.770;14.507,4.573,0.426;13.090,6.513,1.993;7.437,10.328,0.944;8.346,15.182,0.325;2.481,13.674,0.390;0.269,6.395,0.235;6.357,9.930,0.404;16.643,7.083,1.124;7.464,18.965,1.236;6.533,17.776,0.225;11.776,19.080,0.938;9.348,7.331,0.277;8.373,10.131,0.203;12.341,15.070,0.205;11.069,5.690,0.236;11.921,14.232,1.839;13.491,19.307,0.479;10.401,6.449,1.053;1.988,12.112,1.019;17.758,9.628,0.434;13.858,14.631,0.279;9.914,16.198,0.221;19.368,19.621,0.491;11.996,12.184,2.012;6.835,13.504,0.345;8.038,18.017,0.316;17.186,9.308,1.723;14.891,13.471,0.975;15.582,10.066,1.198;16.489,2.128,0.872;15.792,10.217,2.240;19.731,9.674,0.358;7.591,0.862,0.435;17.276,6.566,1.318;1.818,13.113,0.653;9.172,9.405,2.202"
